[2026-04-06T22:13:36.252-07:00] Buck UI: https://www.internalfb.com/buck2/dff2a2ab-f5ee-4a16-8882-575b3648eea4
[2026-04-06T22:13:43.306-07:00] Waiting on fbcode//libfb/py:BUCK -- evaluating build file, and 79 other actions
[2026-04-06T22:13:50.314-07:00] Waiting on fbsource//third-party/rocm_composable_kernel:BUCK -- evaluating build file, and 72 other actions
[2026-04-06T22:13:57.406-07:00] Waiting on fbcode//configerator/structs/admarket/common:BUCK -- evaluating build file
[2026-04-06T22:14:04.407-07:00] Waiting on fbcode//buiksat_trm:upi_trm_train (cfg:opt-linux-x86_64-fbcode-platform010-clang19-no-san-opt-by-default#ca4a815cd8c16f5f) -- running analysis [evaluate_rule]
[2026-04-06T22:14:11.506-07:00] Waiting on buck2 daemon dff2a2ab-f5ee-4a16-8882-575b3648eea4...
[2026-04-06T22:14:11.506-07:00] Network: Up:   0B             Down:   0B           
[2026-04-06T22:14:11.506-07:00] Resource usage: RSS: 45GiB CPU: 2664%
[2026-04-06T22:14:11.506-07:00] IO: none
[2026-04-06T22:14:18.507-07:00] Waiting on buck2 daemon dff2a2ab-f5ee-4a16-8882-575b3648eea4...
[2026-04-06T22:14:18.507-07:00] Network: Up:   0B             Down:   0B           
[2026-04-06T22:14:18.507-07:00] Resource usage: RSS: 45GiB CPU: 7880%
[2026-04-06T22:14:18.507-07:00] IO: none
[2026-04-06T22:14:25.508-07:00] Waiting on buck2 daemon dff2a2ab-f5ee-4a16-8882-575b3648eea4...
[2026-04-06T22:14:25.508-07:00] Network: Up:   0B             Down:   0B           
[2026-04-06T22:14:25.508-07:00] Resource usage: RSS: 45GiB CPU: 8509%
[2026-04-06T22:14:25.508-07:00] IO: none
[2026-04-06T22:14:31.356-07:00] Network: Up: 0B  Down: 0B
[2026-04-06T22:14:32.607-07:00] Waiting on buck2 daemon dff2a2ab-f5ee-4a16-8882-575b3648eea4...
[2026-04-06T22:14:32.607-07:00] Network: Up:   0B             Down:   0B           
[2026-04-06T22:14:32.607-07:00] Resource usage: RSS: 44GiB CPU: 171%
[2026-04-06T22:14:32.607-07:00] IO: none
BUILD SUCCEEDED - starting your binary
[DATASET] dataset_paths=['buiksat_trm/data/sudoku-4x4-easy_6to8empties']
[DATASET] resolved_dataset_name=sudoku-4x4-easy_6to8empties
[DATASET] num_samples=32
[INFO] Using feasibility-aware Sudoku checker for 4x4
       score = filled - 2.0*violations - 5.0*zeroCand
       Max score: 16 (all filled, no violations)
[INFO] Training for 20000 steps (gamma=0.990, K=1, inner_unroll_n=2)
[INFO] Terminal rewards: solve=1.000, fail=-16.000
[INFO] Using TRM backbone (hidden=64, H=2, L=2)
[DEBUG] Policy head STOP bias: 0.00 (should be 0.0 for uniform init)
[INFO] Puzzle embeddings DISABLED (set --puzzle-emb-ndim > 0 to enable)
============================================================
TRAINER SELECTION
============================================================
INFO:2026-04-06 22:14:41 3602736:3602736 CuptiCallbackApi.cpp:69] Callback: domain = 3, cbid = 1
INFO:2026-04-06 22:14:41 3602736:3602736 CuptiActivityProfiler.cpp:93] CUDA versions. CUPTI: 22; Runtime: 12040; Driver: 12040
INFO:2026-04-06 22:14:41 3602736:3610702 FBConfig.cpp:330] Perfetto builder enabled: 1
INFO:2026-04-06 22:14:41 3602736:3610702 DynoConfigLoader.cpp:61] Setting communication fabric enabled = 0
INFO:2026-04-06 22:14:41 3602736:3610702 DynoConfigLoader.cpp:61] Setting communication fabric enabled = 0
TritonTraceHandler: disabled because /logs does not exist
===========[FB_TRITON]=========== Triton Version: 3.5.0+fb
[TRAINER] UPI-TRM (K=1, inner_n=2)
[TRAINER] CLI --baseline: None, YAML algorithm: None
============================================================

============================================================
UPI-TRM THEORY ALIGNMENT CHECK
============================================================
⚠ Configuration has theory gaps:
  • enable_contraction=False disables spectral normalization (Assumption 4.2). L_z < 1 contraction not enforced.
  • exact_baseline_summation=False: Using approximate baseline. This gives O(ε_A/(1-γ)) bound instead of O(α·ε_A) from Theorem 5.9. For discrete action spaces (Sudoku), enable for tighter bounds.
  • theory_exact_mixture=False: Using parameter-space interpolation for CPI, which is NOT equivalent to policy-space mixture. The CPI improvement guarantee does not strictly apply. Set theory_exact_mixture=True for theory-exact behavior (but slower due to evaluating two networks).

Theory status:
  Forward-invariant projection: ✓
  Contraction enforced (L_z < 1): ✗
  Exact baseline (Thm 5.9): ✗
  Distillation (not in theory): ✓ disabled

Is theory-exact: False
============================================================

UPI-TRM theoretical dials:
  L_z target (rl_cfg.target_Lz): 0.9
  L_V target (rl_cfg.target_Lv): 1.0
  Inner unroll n (rl_cfg.inner_unroll_n): 2
  K-step horizon K (rl_cfg.K): 1
  Mixture alpha (rl_cfg.mixture_alpha): 0.1
  Latent ball radius (rl_cfg.latent_ball_radius): 10.0
  Episodic latent: False
  Exact K-step targets: False
  Exact baseline summation: False

[INFO] STOP action mode: disabled
[INFO] Forward-invariant projection enabled (R=10.0)
[WandB] Disabled by default (enable with: --wandb)
[DEBUG] train_step 0: starting episode collection
[DEBUG] Action mask: 28 valid actions out of 97 total
[DEBUG] Latent mode: persistent
[DEBUG] Episode 0, Step 0: calling _mixed_policy_dist
[DEBUG] Step 0 probs: STOP=0.000000, edits=1.000000
[DEBUG] Top 5 action probs: torch.return_types.topk(
values=tensor([0.0448, 0.0440, 0.0416, 0.0402, 0.0398], device='cuda:0'),
indices=tensor([94,  4, 16, 35, 88], device='cuda:0'))
[DEBUG] Episode 0, Step 0 complete: action=95, reward=-6.0300, done=False
[DEBUG] Episode 0, Step 1: calling _mixed_policy_dist
[DEBUG] Episode 0, Step 1 complete: action=86, reward=-0.0300, done=False
[DEBUG] Episode 0, Step 2: calling _mixed_policy_dist
[DEBUG] Episode 0, Step 2 complete: action=5, reward=0.9600, done=False
[DEBUG] Episode 0, Step 3: calling _mixed_policy_dist
[DEBUG] Episode 0, Step 3 complete: action=15, reward=-3.0100, done=False
[DEBUG] Episode 0, Step 4: calling _mixed_policy_dist
[DEBUG] Episode 0, Step 4 complete: action=11, reward=-4.9600, done=False
[DEBUG] Episode 0 finished: 16 steps, done=True, reason=budget
[DEBUG] Episode 1, Step 0: calling _mixed_policy_dist
[DEBUG] Episode 1, Step 0 complete: action=94, reward=0.9100, done=False
[DEBUG] Episode 1, Step 1: calling _mixed_policy_dist
[DEBUG] Episode 1, Step 1 complete: action=82, reward=-6.0300, done=False
[DEBUG] Episode 1, Step 2: calling _mixed_policy_dist
[DEBUG] Episode 1, Step 2 complete: action=47, reward=-7.9500, done=False
[DEBUG] Episode 1, Step 3: calling _mixed_policy_dist
[DEBUG] Episode 1, Step 3 complete: action=27, reward=2.0300, done=False
[DEBUG] Episode 1, Step 4: calling _mixed_policy_dist
[DEBUG] Episode 1, Step 4 complete: action=62, reward=-4.9200, done=False
[DEBUG] Episode 1 finished: 16 steps, done=True, reason=budget
[DEBUG] Episode 2, Step 0: calling _mixed_policy_dist
[DEBUG] Episode 2, Step 0 complete: action=32, reward=0.9000, done=False
[DEBUG] Episode 2, Step 1: calling _mixed_policy_dist
[DEBUG] Episode 2, Step 1 complete: action=33, reward=-2.0800, done=False
[DEBUG] Episode 2, Step 2: calling _mixed_policy_dist
[DEBUG] Episode 2, Step 2 complete: action=9, reward=-3.0500, done=False
[DEBUG] Episode 2, Step 3: calling _mixed_policy_dist
[DEBUG] Episode 2, Step 3 complete: action=11, reward=-3.0200, done=False
[DEBUG] Episode 2, Step 4: calling _mixed_policy_dist
[DEBUG] Episode 2, Step 4 complete: action=88, reward=-7.9400, done=False
[DEBUG] Episode 2 finished: 16 steps, done=True, reason=budget
[DEBUG] Episode 3, Step 0: calling _mixed_policy_dist
[DEBUG] Episode 3, Step 0 complete: action=2, reward=-5.0400, done=False
[DEBUG] Episode 3, Step 1: calling _mixed_policy_dist
[DEBUG] Episode 3, Step 1 complete: action=68, reward=-4.9900, done=False
[DEBUG] Episode 3, Step 2: calling _mixed_policy_dist
[DEBUG] Episode 3, Step 2 complete: action=71, reward=0.0100, done=False
[DEBUG] Episode 3, Step 3: calling _mixed_policy_dist
[DEBUG] Episode 3, Step 3 complete: action=26, reward=-4.9400, done=False
[DEBUG] Episode 3, Step 4: calling _mixed_policy_dist
[DEBUG] Episode 3, Step 4 complete: action=76, reward=-0.9300, done=False
[DEBUG] Episode 3 finished: 16 steps, done=True, reason=budget
[DEBUG] train_step 0: episodes collected, starting value_update
[DEBUG] train_step 0: value_update done, starting policy_update
[DEBUG] train_step 0: policy_update done
[DEBUG] train_step 1: starting episode collection
[DEBUG] Episode 4, Step 0: calling _mixed_policy_dist
[DEBUG] Episode 4, Step 0 complete: action=11, reward=0.8900, done=False
[DEBUG] Episode 4, Step 1: calling _mixed_policy_dist
[DEBUG] Episode 4, Step 1 complete: action=5, reward=-5.0600, done=False
[DEBUG] Episode 4, Step 2: calling _mixed_policy_dist
[DEBUG] Episode 4, Step 2 complete: action=93, reward=0.9300, done=False
[DEBUG] Episode 4, Step 3: calling _mixed_policy_dist
[DEBUG] Episode 4, Step 3 complete: action=63, reward=-5.0200, done=False
[DEBUG] Episode 4, Step 4: calling _mixed_policy_dist
[DEBUG] Episode 4, Step 4 complete: action=41, reward=-2.9900, done=False
[DEBUG] Episode 4 finished: 16 steps, done=True, reason=budget
[DEBUG] train_step 1: episodes collected, starting value_update
[DEBUG] train_step 1: value_update done, starting policy_update
[DEBUG] train_step 1: policy_update done
[DEBUG] train_step 2: starting episode collection
[DEBUG] train_step 2: episodes collected, starting value_update
[DEBUG] train_step 2: value_update done, starting policy_update
[DEBUG] train_step 2: policy_update done
[DEBUG] train_step 3: starting episode collection
[DEBUG] train_step 3: episodes collected, starting value_update
[DEBUG] train_step 3: value_update done, starting policy_update
[DEBUG] train_step 3: policy_update done
[DEBUG] train_step 4: starting episode collection
[DEBUG] train_step 4: episodes collected, starting value_update
[DEBUG] train_step 4: value_update done, starting policy_update
[DEBUG] train_step 4: policy_update done
[step 00050] value_loss=9.656518 policy_loss=-0.225203
[step 00050] VALUE_DEBUG: target(mean=-0.95 std=3.09 min=-6.03 max=9.69) V(s)(mean=-1.49 std=0.24) reward(mean=-0.688 std=3.068) clip=50.0
[DEBUG] train_step 50: starting episode collection
[DEBUG] train_step 50: episodes collected, starting value_update
[DEBUG] train_step 50: value_update done, starting policy_update
[DEBUG] train_step 50: policy_update done
[step 00100] value_loss=22.885513 policy_loss=0.456109
[step 00100] VALUE_DEBUG: target(mean=-2.34 std=4.77 min=-15.95 max=6.04) V(s)(mean=-2.65 std=0.35) reward(mean=-1.332 std=4.836) clip=50.0
[step 00100] eval_success_rate=0.000 eval_mean_score=5.280 eval_policy_mode=greedy [solved=0/50, score_range=-5.00-12.00/16.0, initial=9.00]
[step 00100] PROGRESS: filled=10.28 violations=1.20 zero_cand=0.52
[step 00100] DEBUG: ep_len=16.0 ep_ret=-30.443 stop_prob=0.000 score_chg=-14.9450
[DEBUG] train_step 100: starting episode collection
[DEBUG] train_step 100: episodes collected, starting value_update
[DEBUG] train_step 100: value_update done, starting policy_update
[DEBUG] train_step 100: policy_update done
[step 00150] value_loss=32.461529 policy_loss=-0.332822
[step 00150] VALUE_DEBUG: target(mean=-3.07 std=5.52 min=-20.92 max=6.83) V(s)(mean=-3.93 std=0.46) reward(mean=-1.191 std=5.793) clip=50.0
[DEBUG] train_step 150: starting episode collection
[DEBUG] train_step 150: episodes collected, starting value_update
[DEBUG] train_step 150: value_update done, starting policy_update
[DEBUG] train_step 150: policy_update done
[step 00200] value_loss=28.553957 policy_loss=-0.396349
[step 00200] VALUE_DEBUG: target(mean=-5.97 std=5.27 min=-17.88 max=6.16) V(s)(mean=-4.29 std=0.57) reward(mean=-3.357 std=5.580) clip=50.0
[step 00200] eval_success_rate=0.000 eval_mean_score=7.700 eval_policy_mode=greedy [solved=0/50, score_range=0.00-11.00/16.0, initial=9.00]
[step 00200] PROGRESS: filled=10.04 violations=0.62 zero_cand=0.22
[step 00200] DEBUG: ep_len=16.0 ep_ret=-30.615 stop_prob=0.000 score_chg=-15.0825
[DEBUG] train_step 200: starting episode collection
[DEBUG] train_step 200: episodes collected, starting value_update
[DEBUG] train_step 200: value_update done, starting policy_update
[DEBUG] train_step 200: policy_update done
[step 00250] value_loss=20.937986 policy_loss=-0.982373
[step 00250] VALUE_DEBUG: target(mean=-3.57 std=4.16 min=-11.97 max=6.27) V(s)(mean=-5.54 std=0.71) reward(mean=-0.153 std=4.400) clip=50.0
[DEBUG] train_step 250: starting episode collection
[DEBUG] train_step 250: episodes collected, starting value_update
[DEBUG] train_step 250: value_update done, starting policy_update
[DEBUG] train_step 250: policy_update done
[step 00300] value_loss=29.012499 policy_loss=-0.315703
[step 00300] VALUE_DEBUG: target(mean=-7.44 std=4.79 min=-21.86 max=1.78) V(s)(mean=-5.07 std=0.86) reward(mean=-3.380 std=5.977) clip=50.0
[step 00300] eval_success_rate=0.000 eval_mean_score=8.480 eval_policy_mode=greedy [solved=0/50, score_range=0.00-12.00/16.0, initial=9.00]
[step 00300] PROGRESS: filled=10.06 violations=0.44 zero_cand=0.14
[step 00300] DEBUG: ep_len=16.0 ep_ret=-29.313 stop_prob=0.000 score_chg=-13.6075
[DEBUG] train_step 300: starting episode collection
[DEBUG] train_step 300: episodes collected, starting value_update
[DEBUG] train_step 300: value_update done, starting policy_update
[DEBUG] train_step 300: policy_update done
[step 00350] value_loss=20.263742 policy_loss=-0.157088
[step 00350] VALUE_DEBUG: target(mean=-6.38 std=4.71 min=-19.94 max=1.51) V(s)(mean=-6.62 std=0.68) reward(mean=-1.599 std=5.883) clip=50.0
[DEBUG] train_step 350: starting episode collection
[DEBUG] train_step 350: episodes collected, starting value_update
[DEBUG] train_step 350: value_update done, starting policy_update
[DEBUG] train_step 350: policy_update done
[step 00400] value_loss=15.167870 policy_loss=-0.377595
[step 00400] VALUE_DEBUG: target(mean=-7.48 std=3.98 min=-16.94 max=0.71) V(s)(mean=-7.56 std=0.90) reward(mean=-2.044 std=4.831) clip=50.0
[step 00400] eval_success_rate=0.000 eval_mean_score=9.000 eval_policy_mode=greedy [solved=0/50, score_range=2.00-11.00/16.0, initial=9.00]
[step 00400] PROGRESS: filled=10.00 violations=0.30 zero_cand=0.08
[step 00400] DEBUG: ep_len=16.0 ep_ret=-27.404 stop_prob=0.000 score_chg=-11.4200
[DEBUG] train_step 400: starting episode collection
[DEBUG] train_step 400: episodes collected, starting value_update
[DEBUG] train_step 400: value_update done, starting policy_update
[DEBUG] train_step 400: policy_update done
[step 00450] value_loss=13.893308 policy_loss=0.153533
[step 00450] VALUE_DEBUG: target(mean=-7.10 std=3.81 min=-14.14 max=2.03) V(s)(mean=-6.84 std=1.24) reward(mean=-0.653 std=3.817) clip=50.0
[DEBUG] train_step 450: starting episode collection
[DEBUG] train_step 450: episodes collected, starting value_update
[DEBUG] train_step 450: value_update done, starting policy_update
[DEBUG] train_step 450: policy_update done
[step 00500] value_loss=12.873365 policy_loss=-0.584631
[step 00500] VALUE_DEBUG: target(mean=-8.00 std=3.59 min=-16.68 max=-0.51) V(s)(mean=-8.98 std=1.16) reward(mean=-0.702 std=3.381) clip=50.0
[step 00500] eval_success_rate=0.000 eval_mean_score=9.660 eval_policy_mode=greedy [solved=0/50, score_range=4.00-11.00/16.0, initial=9.00]
[step 00500] PROGRESS: filled=10.04 violations=0.04 zero_cand=0.06
[step 00500] DEBUG: ep_len=15.9 ep_ret=-23.319 stop_prob=0.000 score_chg=-6.9550
[DEBUG] train_step 500: starting episode collection
[DEBUG] train_step 500: episodes collected, starting value_update
[DEBUG] train_step 500: value_update done, starting policy_update
[DEBUG] train_step 500: policy_update done
[step 00550] value_loss=28.025452 policy_loss=0.529260
[step 00550] VALUE_DEBUG: target(mean=-9.80 std=5.29 min=-20.00 max=0.09) V(s)(mean=-9.86 std=1.43) reward(mean=-3.030 std=7.028) clip=50.0
[DEBUG] train_step 550: starting episode collection
[DEBUG] train_step 550: episodes collected, starting value_update
[DEBUG] train_step 550: value_update done, starting policy_update
[DEBUG] train_step 550: policy_update done
[step 00600] value_loss=25.006851 policy_loss=-0.062946
[step 00600] VALUE_DEBUG: target(mean=-9.75 std=5.05 min=-21.93 max=2.42) V(s)(mean=-8.72 std=1.57) reward(mean=-2.835 std=6.313) clip=50.0
[step 00600] eval_success_rate=0.000 eval_mean_score=9.860 eval_policy_mode=greedy [solved=0/50, score_range=5.00-12.00/16.0, initial=9.00]
[step 00600] PROGRESS: filled=10.16 violations=0.00 zero_cand=0.06
[step 00600] DEBUG: ep_len=16.0 ep_ret=-21.515 stop_prob=0.000 score_chg=-4.6825
[DEBUG] train_step 600: starting episode collection
[DEBUG] train_step 600: episodes collected, starting value_update
[DEBUG] train_step 600: value_update done, starting policy_update
[DEBUG] train_step 600: policy_update done
[step 00650] value_loss=18.026684 policy_loss=1.100648
[step 00650] VALUE_DEBUG: target(mean=-10.57 std=4.36 min=-20.45 max=-3.79) V(s)(mean=-10.14 std=1.25) reward(mean=-2.605 std=5.792) clip=50.0
[DEBUG] train_step 650: starting episode collection
[DEBUG] train_step 650: episodes collected, starting value_update
[DEBUG] train_step 650: value_update done, starting policy_update
[DEBUG] train_step 650: policy_update done
[step 00700] value_loss=13.715141 policy_loss=0.097881
[step 00700] VALUE_DEBUG: target(mean=-9.84 std=3.75 min=-16.46 max=-1.64) V(s)(mean=-10.37 std=1.54) reward(mean=-2.014 std=5.801) clip=50.0
[step 00700] eval_success_rate=0.000 eval_mean_score=10.000 eval_policy_mode=greedy [solved=0/50, score_range=9.00-11.00/16.0, initial=9.00]
[step 00700] PROGRESS: filled=10.00 violations=0.00 zero_cand=0.00
[step 00700] DEBUG: ep_len=16.0 ep_ret=-20.651 stop_prob=0.000 score_chg=-3.5600
[DEBUG] train_step 700: starting episode collection
[DEBUG] train_step 700: episodes collected, starting value_update
[DEBUG] train_step 700: value_update done, starting policy_update
[DEBUG] train_step 700: policy_update done
[step 00750] value_loss=13.019028 policy_loss=0.806736
[step 00750] VALUE_DEBUG: target(mean=-10.45 std=3.48 min=-18.88 max=-4.53) V(s)(mean=-11.17 std=1.50) reward(mean=-1.075 std=4.367) clip=50.0
[DEBUG] train_step 750: starting episode collection
[DEBUG] train_step 750: episodes collected, starting value_update
[DEBUG] train_step 750: value_update done, starting policy_update
[DEBUG] train_step 750: policy_update done
[step 00800] value_loss=11.349066 policy_loss=0.303904
[step 00800] VALUE_DEBUG: target(mean=-9.71 std=3.77 min=-18.84 max=-2.89) V(s)(mean=-10.53 std=1.28) reward(mean=-0.368 std=4.464) clip=50.0
[step 00800] eval_success_rate=0.000 eval_mean_score=10.020 eval_policy_mode=greedy [solved=0/50, score_range=9.00-11.00/16.0, initial=9.00]
[step 00800] PROGRESS: filled=10.02 violations=0.00 zero_cand=0.00
[step 00800] DEBUG: ep_len=16.0 ep_ret=-19.443 stop_prob=0.000 score_chg=-2.3650
[DEBUG] train_step 800: starting episode collection
[DEBUG] train_step 800: episodes collected, starting value_update
[DEBUG] train_step 800: value_update done, starting policy_update
[DEBUG] train_step 800: policy_update done
[step 00850] value_loss=7.540923 policy_loss=0.296880
[step 00850] VALUE_DEBUG: target(mean=-11.04 std=2.79 min=-17.84 max=-6.34) V(s)(mean=-11.57 std=1.36) reward(mean=-1.368 std=4.651) clip=50.0
[DEBUG] train_step 850: starting episode collection
[DEBUG] train_step 850: episodes collected, starting value_update
[DEBUG] train_step 850: value_update done, starting policy_update
[DEBUG] train_step 850: policy_update done
[step 00900] value_loss=9.965244 policy_loss=1.047730
[step 00900] VALUE_DEBUG: target(mean=-10.55 std=3.37 min=-20.81 max=-3.73) V(s)(mean=-11.39 std=1.18) reward(mean=-0.908 std=4.595) clip=50.0
[step 00900] eval_success_rate=0.000 eval_mean_score=10.180 eval_policy_mode=greedy [solved=0/50, score_range=9.00-13.00/16.0, initial=9.00]
[step 00900] PROGRESS: filled=10.18 violations=0.00 zero_cand=0.00
[step 00900] DEBUG: ep_len=15.9 ep_ret=-18.316 stop_prob=0.000 score_chg=-1.2750
[DEBUG] train_step 900: starting episode collection
[DEBUG] train_step 900: episodes collected, starting value_update
[DEBUG] train_step 900: value_update done, starting policy_update
[DEBUG] train_step 900: policy_update done
[step 00950] value_loss=14.608840 policy_loss=1.290040
[step 00950] VALUE_DEBUG: target(mean=-13.10 std=4.10 min=-21.72 max=-0.27) V(s)(mean=-12.75 std=1.07) reward(mean=-3.431 std=5.879) clip=50.0
[DEBUG] train_step 950: starting episode collection
[DEBUG] train_step 950: episodes collected, starting value_update
[DEBUG] train_step 950: value_update done, starting policy_update
[DEBUG] train_step 950: policy_update done
[step 01000] value_loss=5.505611 policy_loss=0.393640
[step 01000] VALUE_DEBUG: target(mean=-12.28 std=2.49 min=-18.57 max=-8.21) V(s)(mean=-12.38 std=1.22) reward(mean=-1.876 std=4.742) clip=50.0
[step 01000] eval_success_rate=0.000 eval_mean_score=10.080 eval_policy_mode=greedy [solved=0/50, score_range=9.00-12.00/16.0, initial=9.00]
[step 01000] PROGRESS: filled=10.08 violations=0.00 zero_cand=0.00
[step 01000] DEBUG: ep_len=15.9 ep_ret=-18.682 stop_prob=0.000 score_chg=-1.6625
[Checkpoint] Saved to buiksat_trm/checkpoints/m1_nomask_persistent_nc_seed3/rl_checkpoint_step_1000.pt
[DEBUG] train_step 1000: starting episode collection
[DEBUG] train_step 1000: episodes collected, starting value_update
[DEBUG] train_step 1000: value_update done, starting policy_update
[DEBUG] train_step 1000: policy_update done
[step 01050] value_loss=6.460772 policy_loss=2.002649
[step 01050] VALUE_DEBUG: target(mean=-11.82 std=2.92 min=-19.59 max=-5.09) V(s)(mean=-12.08 std=1.24) reward(mean=-0.329 std=3.807) clip=50.0
[DEBUG] train_step 1050: starting episode collection
[DEBUG] train_step 1050: episodes collected, starting value_update
[DEBUG] train_step 1050: value_update done, starting policy_update
[DEBUG] train_step 1050: policy_update done
[step 01100] value_loss=12.703615 policy_loss=1.515318
[step 01100] VALUE_DEBUG: target(mean=-12.70 std=3.74 min=-20.32 max=-1.11) V(s)(mean=-12.47 std=1.21) reward(mean=-1.614 std=5.305) clip=50.0
[step 01100] eval_success_rate=0.000 eval_mean_score=10.080 eval_policy_mode=greedy [solved=0/50, score_range=9.00-12.00/16.0, initial=9.00]
[step 01100] PROGRESS: filled=10.08 violations=0.00 zero_cand=0.00
[step 01100] DEBUG: ep_len=15.9 ep_ret=-18.420 stop_prob=0.000 score_chg=-1.3825
[DEBUG] train_step 1100: starting episode collection
[DEBUG] train_step 1100: episodes collected, starting value_update
[DEBUG] train_step 1100: value_update done, starting policy_update
[DEBUG] train_step 1100: policy_update done
[step 01150] value_loss=9.240111 policy_loss=0.019772
[step 01150] VALUE_DEBUG: target(mean=-12.51 std=3.15 min=-19.14 max=-5.49) V(s)(mean=-11.80 std=1.12) reward(mean=-1.368 std=4.619) clip=50.0
[DEBUG] train_step 1150: starting episode collection
[DEBUG] train_step 1150: episodes collected, starting value_update
[DEBUG] train_step 1150: value_update done, starting policy_update
[DEBUG] train_step 1150: policy_update done
[step 01200] value_loss=16.158775 policy_loss=0.572011
[step 01200] VALUE_DEBUG: target(mean=-13.26 std=4.01 min=-22.96 max=-0.48) V(s)(mean=-13.63 std=1.17) reward(mean=-2.620 std=7.246) clip=50.0
[step 01200] eval_success_rate=0.000 eval_mean_score=10.060 eval_policy_mode=greedy [solved=0/50, score_range=9.00-12.00/16.0, initial=9.00]
[step 01200] PROGRESS: filled=10.06 violations=0.00 zero_cand=0.00
[step 01200] DEBUG: ep_len=16.0 ep_ret=-18.452 stop_prob=0.000 score_chg=-1.2475
[DEBUG] train_step 1200: starting episode collection
[DEBUG] train_step 1200: episodes collected, starting value_update
[DEBUG] train_step 1200: value_update done, starting policy_update
[DEBUG] train_step 1200: policy_update done
[step 01250] value_loss=12.193101 policy_loss=0.735588
[step 01250] VALUE_DEBUG: target(mean=-14.24 std=3.67 min=-22.05 max=-6.15) V(s)(mean=-13.21 std=1.39) reward(mean=-1.812 std=4.625) clip=50.0
[DEBUG] train_step 1250: starting episode collection
[DEBUG] train_step 1250: episodes collected, starting value_update
[DEBUG] train_step 1250: value_update done, starting policy_update
[DEBUG] train_step 1250: policy_update done
[step 01300] value_loss=10.045055 policy_loss=0.623770
[step 01300] VALUE_DEBUG: target(mean=-12.76 std=3.07 min=-20.85 max=-4.75) V(s)(mean=-13.45 std=1.18) reward(mean=-0.546 std=4.886) clip=50.0
[step 01300] eval_success_rate=0.000 eval_mean_score=10.200 eval_policy_mode=greedy [solved=0/50, score_range=9.00-12.00/16.0, initial=9.00]
[step 01300] PROGRESS: filled=10.20 violations=0.00 zero_cand=0.00
[step 01300] DEBUG: ep_len=16.0 ep_ret=-17.779 stop_prob=0.000 score_chg=-0.4850
[DEBUG] train_step 1300: starting episode collection
[DEBUG] train_step 1300: episodes collected, starting value_update
[DEBUG] train_step 1300: value_update done, starting policy_update
[DEBUG] train_step 1300: policy_update done
[step 01350] value_loss=7.677819 policy_loss=0.612214
[step 01350] VALUE_DEBUG: target(mean=-14.40 std=2.69 min=-21.22 max=-10.41) V(s)(mean=-13.49 std=0.88) reward(mean=-1.611 std=3.557) clip=50.0
[DEBUG] train_step 1350: starting episode collection
[DEBUG] train_step 1350: episodes collected, starting value_update
[DEBUG] train_step 1350: value_update done, starting policy_update
[DEBUG] train_step 1350: policy_update done
[step 01400] value_loss=10.668214 policy_loss=1.081801
[step 01400] VALUE_DEBUG: target(mean=-13.90 std=3.41 min=-21.22 max=-7.12) V(s)(mean=-13.70 std=1.08) reward(mean=-1.011 std=4.260) clip=50.0
[step 01400] eval_success_rate=0.000 eval_mean_score=10.220 eval_policy_mode=greedy [solved=0/50, score_range=9.00-12.00/16.0, initial=9.00]
[step 01400] PROGRESS: filled=10.22 violations=0.00 zero_cand=0.00
[step 01400] DEBUG: ep_len=15.9 ep_ret=-17.570 stop_prob=0.000 score_chg=-0.2575
[DEBUG] train_step 1400: starting episode collection
[DEBUG] train_step 1400: episodes collected, starting value_update
[DEBUG] train_step 1400: value_update done, starting policy_update
[DEBUG] train_step 1400: policy_update done
[step 01450] value_loss=4.544451 policy_loss=0.831871
[step 01450] VALUE_DEBUG: target(mean=-14.27 std=2.37 min=-20.64 max=-10.09) V(s)(mean=-14.88 std=1.25) reward(mean=-2.768 std=5.360) clip=50.0
[DEBUG] train_step 1450: starting episode collection
[DEBUG] train_step 1450: episodes collected, starting value_update
[DEBUG] train_step 1450: value_update done, starting policy_update
[DEBUG] train_step 1450: policy_update done
[step 01500] value_loss=15.843143 policy_loss=0.090770
[step 01500] VALUE_DEBUG: target(mean=-13.23 std=3.92 min=-22.84 max=-3.02) V(s)(mean=-14.48 std=1.21) reward(mean=0.522 std=3.783) clip=50.0
[step 01500] eval_success_rate=0.000 eval_mean_score=10.180 eval_policy_mode=greedy [solved=0/50, score_range=9.00-13.00/16.0, initial=9.00]
[step 01500] PROGRESS: filled=10.18 violations=0.00 zero_cand=0.00
[step 01500] DEBUG: ep_len=15.9 ep_ret=-17.005 stop_prob=0.000 score_chg=0.0600
[DEBUG] train_step 1500: starting episode collection
[DEBUG] train_step 1500: episodes collected, starting value_update
[DEBUG] train_step 1500: value_update done, starting policy_update
[DEBUG] train_step 1500: policy_update done
[step 01550] value_loss=11.756588 policy_loss=1.233229
[step 01550] VALUE_DEBUG: target(mean=-13.38 std=3.67 min=-21.19 max=-2.15) V(s)(mean=-14.31 std=1.20) reward(mean=-2.255 std=6.994) clip=50.0
[DEBUG] train_step 1550: starting episode collection
[DEBUG] train_step 1550: episodes collected, starting value_update
[DEBUG] train_step 1550: value_update done, starting policy_update
[DEBUG] train_step 1550: policy_update done
[step 01600] value_loss=5.336759 policy_loss=1.018761
[step 01600] VALUE_DEBUG: target(mean=-14.62 std=2.14 min=-20.20 max=-11.20) V(s)(mean=-15.17 std=1.09) reward(mean=-1.332 std=3.917) clip=50.0
[step 01600] eval_success_rate=0.000 eval_mean_score=10.120 eval_policy_mode=greedy [solved=0/50, score_range=9.00-12.00/16.0, initial=9.00]
[step 01600] PROGRESS: filled=10.12 violations=0.00 zero_cand=0.00
[step 01600] DEBUG: ep_len=15.9 ep_ret=-16.809 stop_prob=0.000 score_chg=0.0950
[DEBUG] train_step 1600: starting episode collection
[DEBUG] train_step 1600: episodes collected, starting value_update
[DEBUG] train_step 1600: value_update done, starting policy_update
[DEBUG] train_step 1600: policy_update done
[step 01650] value_loss=7.217283 policy_loss=-0.412721
[step 01650] VALUE_DEBUG: target(mean=-14.17 std=2.82 min=-20.54 max=-5.45) V(s)(mean=-14.25 std=1.29) reward(mean=-0.512 std=3.853) clip=50.0
[DEBUG] train_step 1650: starting episode collection
[DEBUG] train_step 1650: episodes collected, starting value_update
[DEBUG] train_step 1650: value_update done, starting policy_update
[DEBUG] train_step 1650: policy_update done
[step 01700] value_loss=3.950323 policy_loss=0.826266
[step 01700] VALUE_DEBUG: target(mean=-14.32 std=2.13 min=-21.26 max=-10.12) V(s)(mean=-14.18 std=1.11) reward(mean=-1.595 std=4.424) clip=50.0
[step 01700] eval_success_rate=0.000 eval_mean_score=10.320 eval_policy_mode=greedy [solved=0/50, score_range=9.00-12.00/16.0, initial=9.00]
[step 01700] PROGRESS: filled=10.32 violations=0.00 zero_cand=0.00
[step 01700] DEBUG: ep_len=15.9 ep_ret=-16.678 stop_prob=0.000 score_chg=0.3200
[DEBUG] train_step 1700: starting episode collection
[DEBUG] train_step 1700: episodes collected, starting value_update
[DEBUG] train_step 1700: value_update done, starting policy_update
[DEBUG] train_step 1700: policy_update done
[step 01750] value_loss=7.214048 policy_loss=0.218957
[step 01750] VALUE_DEBUG: target(mean=-14.73 std=2.78 min=-23.27 max=-6.94) V(s)(mean=-15.59 std=0.95) reward(mean=-1.565 std=5.209) clip=50.0
[DEBUG] train_step 1750: starting episode collection
[DEBUG] train_step 1750: episodes collected, starting value_update
[DEBUG] train_step 1750: value_update done, starting policy_update
[DEBUG] train_step 1750: policy_update done
[step 01800] value_loss=3.290403 policy_loss=1.051483
[step 01800] VALUE_DEBUG: target(mean=-14.63 std=1.83 min=-20.92 max=-8.88) V(s)(mean=-15.37 std=0.77) reward(mean=-0.363 std=3.285) clip=50.0
[step 01800] eval_success_rate=0.000 eval_mean_score=10.420 eval_policy_mode=greedy [solved=0/50, score_range=9.00-13.00/16.0, initial=9.00]
[step 01800] PROGRESS: filled=10.42 violations=0.00 zero_cand=0.00
[step 01800] DEBUG: ep_len=15.9 ep_ret=-16.513 stop_prob=0.000 score_chg=0.5400
[DEBUG] train_step 1800: starting episode collection
[DEBUG] train_step 1800: episodes collected, starting value_update
[DEBUG] train_step 1800: value_update done, starting policy_update
[DEBUG] train_step 1800: policy_update done
[step 01850] value_loss=2.340003 policy_loss=0.511834
[step 01850] VALUE_DEBUG: target(mean=-14.43 std=1.90 min=-17.50 max=-7.44) V(s)(mean=-14.69 std=1.09) reward(mean=-0.247 std=3.203) clip=50.0
[DEBUG] train_step 1850: starting episode collection
[DEBUG] train_step 1850: episodes collected, starting value_update
[DEBUG] train_step 1850: value_update done, starting policy_update
[DEBUG] train_step 1850: policy_update done
[step 01900] value_loss=10.647898 policy_loss=0.018970
[step 01900] VALUE_DEBUG: target(mean=-14.53 std=3.35 min=-26.44 max=-5.69) V(s)(mean=-14.70 std=1.07) reward(mean=-1.898 std=6.132) clip=50.0
[step 01900] eval_success_rate=0.000 eval_mean_score=10.200 eval_policy_mode=greedy [solved=0/50, score_range=9.00-12.00/16.0, initial=9.00]
[step 01900] PROGRESS: filled=10.20 violations=0.00 zero_cand=0.00
[step 01900] DEBUG: ep_len=16.0 ep_ret=-17.742 stop_prob=0.000 score_chg=-0.4600
[DEBUG] train_step 1900: starting episode collection
[DEBUG] train_step 1900: episodes collected, starting value_update
[DEBUG] train_step 1900: value_update done, starting policy_update
[DEBUG] train_step 1900: policy_update done
[step 01950] value_loss=3.724049 policy_loss=0.110245
[step 01950] VALUE_DEBUG: target(mean=-14.89 std=2.08 min=-20.52 max=-10.19) V(s)(mean=-14.70 std=1.13) reward(mean=-1.086 std=4.351) clip=50.0
[DEBUG] train_step 1950: starting episode collection
[DEBUG] train_step 1950: episodes collected, starting value_update
[DEBUG] train_step 1950: value_update done, starting policy_update
[DEBUG] train_step 1950: policy_update done
[step 02000] value_loss=5.629089 policy_loss=0.294283
[step 02000] VALUE_DEBUG: target(mean=-14.91 std=2.62 min=-25.12 max=-9.18) V(s)(mean=-14.40 std=1.04) reward(mean=-0.499 std=3.625) clip=50.0
[step 02000] eval_success_rate=0.000 eval_mean_score=10.460 eval_policy_mode=greedy [solved=0/50, score_range=9.00-13.00/16.0, initial=9.00]
[step 02000] PROGRESS: filled=10.46 violations=0.00 zero_cand=0.00
[step 02000] DEBUG: ep_len=15.9 ep_ret=-17.047 stop_prob=0.000 score_chg=0.1925
[Checkpoint] Saved to buiksat_trm/checkpoints/m1_nomask_persistent_nc_seed3/rl_checkpoint_step_2000.pt
[DEBUG] train_step 2000: starting episode collection
[DEBUG] train_step 2000: episodes collected, starting value_update
[DEBUG] train_step 2000: value_update done, starting policy_update
[DEBUG] train_step 2000: policy_update done
[step 02050] value_loss=3.080377 policy_loss=0.024664
[step 02050] VALUE_DEBUG: target(mean=-15.16 std=2.09 min=-21.99 max=-12.38) V(s)(mean=-14.85 std=1.17) reward(mean=-1.303 std=4.821) clip=50.0
[DEBUG] train_step 2050: starting episode collection
[DEBUG] train_step 2050: episodes collected, starting value_update
[DEBUG] train_step 2050: value_update done, starting policy_update
[DEBUG] train_step 2050: policy_update done
[step 02100] value_loss=13.370586 policy_loss=0.878321
[step 02100] VALUE_DEBUG: target(mean=-14.67 std=3.84 min=-24.68 max=1.84) V(s)(mean=-14.62 std=0.92) reward(mean=-1.278 std=4.493) clip=50.0
[step 02100] eval_success_rate=0.000 eval_mean_score=10.320 eval_policy_mode=greedy [solved=0/50, score_range=9.00-12.00/16.0, initial=9.00]
[step 02100] PROGRESS: filled=10.32 violations=0.00 zero_cand=0.00
[step 02100] DEBUG: ep_len=15.9 ep_ret=-16.043 stop_prob=0.000 score_chg=1.0900
[DEBUG] train_step 2100: starting episode collection
[DEBUG] train_step 2100: episodes collected, starting value_update
[DEBUG] train_step 2100: value_update done, starting policy_update
[DEBUG] train_step 2100: policy_update done
[step 02150] value_loss=3.104319 policy_loss=-0.329691
[step 02150] VALUE_DEBUG: target(mean=-14.79 std=1.94 min=-20.13 max=-9.12) V(s)(mean=-15.48 std=1.07) reward(mean=-1.346 std=4.973) clip=50.0
[DEBUG] train_step 2150: starting episode collection
[DEBUG] train_step 2150: episodes collected, starting value_update
[DEBUG] train_step 2150: value_update done, starting policy_update
[DEBUG] train_step 2150: policy_update done
[step 02200] value_loss=5.627110 policy_loss=0.275642
[step 02200] VALUE_DEBUG: target(mean=-15.58 std=2.30 min=-22.85 max=-12.66) V(s)(mean=-14.52 std=0.94) reward(mean=-1.790 std=4.320) clip=50.0
[step 02200] eval_success_rate=0.000 eval_mean_score=10.620 eval_policy_mode=greedy [solved=0/50, score_range=9.00-13.00/16.0, initial=9.00]
[step 02200] PROGRESS: filled=10.62 violations=0.00 zero_cand=0.00
[step 02200] DEBUG: ep_len=15.8 ep_ret=-16.016 stop_prob=0.000 score_chg=0.7025
[DEBUG] train_step 2200: starting episode collection
[DEBUG] train_step 2200: episodes collected, starting value_update
[DEBUG] train_step 2200: value_update done, starting policy_update
[DEBUG] train_step 2200: policy_update done
[step 02250] value_loss=4.814048 policy_loss=0.548983
[step 02250] VALUE_DEBUG: target(mean=-15.31 std=2.36 min=-22.06 max=-9.31) V(s)(mean=-15.16 std=1.00) reward(mean=-0.875 std=3.531) clip=50.0
[DEBUG] train_step 2250: starting episode collection
[DEBUG] train_step 2250: episodes collected, starting value_update
[DEBUG] train_step 2250: value_update done, starting policy_update
[DEBUG] train_step 2250: policy_update done
[step 02300] value_loss=5.451094 policy_loss=1.447186
[step 02300] VALUE_DEBUG: target(mean=-14.22 std=2.74 min=-21.32 max=-6.63) V(s)(mean=-14.43 std=1.45) reward(mean=-0.443 std=4.541) clip=50.0
[step 02300] eval_success_rate=0.000 eval_mean_score=10.600 eval_policy_mode=greedy [solved=0/50, score_range=9.00-13.00/16.0, initial=9.00]
[step 02300] PROGRESS: filled=10.60 violations=0.00 zero_cand=0.00
[step 02300] DEBUG: ep_len=15.9 ep_ret=-16.722 stop_prob=0.000 score_chg=0.3375
[DEBUG] train_step 2300: starting episode collection
[DEBUG] train_step 2300: episodes collected, starting value_update
[DEBUG] train_step 2300: value_update done, starting policy_update
[DEBUG] train_step 2300: policy_update done
[step 02350] value_loss=3.924454 policy_loss=0.755696
[step 02350] VALUE_DEBUG: target(mean=-14.53 std=2.09 min=-19.01 max=-9.54) V(s)(mean=-14.61 std=1.24) reward(mean=0.002 std=3.598) clip=50.0
[DEBUG] train_step 2350: starting episode collection
[DEBUG] train_step 2350: episodes collected, starting value_update
[DEBUG] train_step 2350: value_update done, starting policy_update
[DEBUG] train_step 2350: policy_update done
[step 02400] value_loss=1.577464 policy_loss=-0.451424
[step 02400] VALUE_DEBUG: target(mean=-15.03 std=1.54 min=-18.32 max=-12.13) V(s)(mean=-15.05 std=1.37) reward(mean=-0.660 std=2.981) clip=50.0
[step 02400] eval_success_rate=0.000 eval_mean_score=10.620 eval_policy_mode=greedy [solved=0/50, score_range=9.00-12.00/16.0, initial=9.00]
[step 02400] PROGRESS: filled=10.62 violations=0.00 zero_cand=0.00
[step 02400] DEBUG: ep_len=15.9 ep_ret=-15.946 stop_prob=0.000 score_chg=0.9900
[DEBUG] train_step 2400: starting episode collection
[DEBUG] train_step 2400: episodes collected, starting value_update
[DEBUG] train_step 2400: value_update done, starting policy_update
[DEBUG] train_step 2400: policy_update done
[step 02450] value_loss=6.757882 policy_loss=-0.231147
[step 02450] VALUE_DEBUG: target(mean=-15.32 std=2.76 min=-22.02 max=-8.38) V(s)(mean=-14.95 std=1.05) reward(mean=-0.340 std=2.595) clip=50.0
[DEBUG] train_step 2450: starting episode collection
[DEBUG] train_step 2450: episodes collected, starting value_update
[DEBUG] train_step 2450: value_update done, starting policy_update
[DEBUG] train_step 2450: policy_update done
[step 02500] value_loss=1.596458 policy_loss=0.617469
[step 02500] VALUE_DEBUG: target(mean=-14.47 std=1.63 min=-16.13 max=-8.18) V(s)(mean=-14.34 std=1.26) reward(mean=-3.120 std=6.860) clip=50.0
[step 02500] eval_success_rate=0.000 eval_mean_score=10.800 eval_policy_mode=greedy [solved=0/50, score_range=9.00-13.00/16.0, initial=9.00]
[step 02500] PROGRESS: filled=10.80 violations=0.00 zero_cand=0.00
[step 02500] DEBUG: ep_len=15.9 ep_ret=-15.529 stop_prob=0.000 score_chg=1.5250
[DEBUG] train_step 2500: starting episode collection
[DEBUG] train_step 2500: episodes collected, starting value_update
[DEBUG] train_step 2500: value_update done, starting policy_update
[DEBUG] train_step 2500: policy_update done
[step 02550] value_loss=9.376285 policy_loss=0.598942
[step 02550] VALUE_DEBUG: target(mean=-14.64 std=3.03 min=-21.10 max=-4.10) V(s)(mean=-15.17 std=1.23) reward(mean=-0.201 std=3.431) clip=50.0
[DEBUG] train_step 2550: starting episode collection
[DEBUG] train_step 2550: episodes collected, starting value_update
[DEBUG] train_step 2550: value_update done, starting policy_update
[DEBUG] train_step 2550: policy_update done
[step 02600] value_loss=6.026043 policy_loss=0.044979
[step 02600] VALUE_DEBUG: target(mean=-15.66 std=2.38 min=-25.58 max=-12.89) V(s)(mean=-15.00 std=1.18) reward(mean=-1.122 std=3.556) clip=50.0
[step 02600] eval_success_rate=0.000 eval_mean_score=10.960 eval_policy_mode=greedy [solved=0/50, score_range=9.00-15.00/16.0, initial=9.00]
[step 02600] PROGRESS: filled=10.96 violations=0.00 zero_cand=0.00
[step 02600] DEBUG: ep_len=15.8 ep_ret=-15.385 stop_prob=0.000 score_chg=1.4300
[DEBUG] train_step 2600: starting episode collection
[DEBUG] train_step 2600: episodes collected, starting value_update
[DEBUG] train_step 2600: value_update done, starting policy_update
[DEBUG] train_step 2600: policy_update done
[step 02650] value_loss=4.171965 policy_loss=0.606284
[step 02650] VALUE_DEBUG: target(mean=-15.38 std=1.85 min=-20.51 max=-11.59) V(s)(mean=-14.84 std=1.06) reward(mean=-1.042 std=3.182) clip=50.0
[DEBUG] train_step 2650: starting episode collection
[DEBUG] train_step 2650: episodes collected, starting value_update
[DEBUG] train_step 2650: value_update done, starting policy_update
[DEBUG] train_step 2650: policy_update done
[step 02700] value_loss=10.110024 policy_loss=-0.087539
[step 02700] VALUE_DEBUG: target(mean=-15.12 std=3.60 min=-21.75 max=1.84) V(s)(mean=-15.70 std=1.04) reward(mean=-0.973 std=3.242) clip=50.0
[step 02700] eval_success_rate=0.000 eval_mean_score=10.820 eval_policy_mode=greedy [solved=0/50, score_range=9.00-13.00/16.0, initial=9.00]
[step 02700] PROGRESS: filled=10.82 violations=0.00 zero_cand=0.00
[step 02700] DEBUG: ep_len=15.8 ep_ret=-15.622 stop_prob=0.000 score_chg=1.3850
[DEBUG] train_step 2700: starting episode collection
[DEBUG] train_step 2700: episodes collected, starting value_update
[DEBUG] train_step 2700: value_update done, starting policy_update
[DEBUG] train_step 2700: policy_update done
[step 02750] value_loss=2.262387 policy_loss=0.439989
[step 02750] VALUE_DEBUG: target(mean=-14.84 std=1.59 min=-19.13 max=-9.75) V(s)(mean=-14.95 std=0.95) reward(mean=-0.125 std=1.609) clip=50.0
[DEBUG] train_step 2750: starting episode collection
[DEBUG] train_step 2750: episodes collected, starting value_update
[DEBUG] train_step 2750: value_update done, starting policy_update
[DEBUG] train_step 2750: policy_update done
[step 02800] value_loss=6.084448 policy_loss=0.088796
[step 02800] VALUE_DEBUG: target(mean=-14.94 std=2.87 min=-20.61 max=-4.13) V(s)(mean=-14.93 std=1.08) reward(mean=-0.562 std=3.761) clip=50.0
[step 02800] eval_success_rate=0.000 eval_mean_score=10.860 eval_policy_mode=greedy [solved=0/50, score_range=9.00-14.00/16.0, initial=9.00]
[step 02800] PROGRESS: filled=10.86 violations=0.00 zero_cand=0.00
[step 02800] DEBUG: ep_len=15.8 ep_ret=-15.264 stop_prob=0.000 score_chg=1.3525
[DEBUG] train_step 2800: starting episode collection
[DEBUG] train_step 2800: episodes collected, starting value_update
[DEBUG] train_step 2800: value_update done, starting policy_update
[DEBUG] train_step 2800: policy_update done
[step 02850] value_loss=3.663682 policy_loss=0.119482
[step 02850] VALUE_DEBUG: target(mean=-15.09 std=2.25 min=-24.65 max=-11.66) V(s)(mean=-15.56 std=1.11) reward(mean=-0.609 std=3.444) clip=50.0
[DEBUG] train_step 2850: starting episode collection
[DEBUG] train_step 2850: episodes collected, starting value_update
[DEBUG] train_step 2850: value_update done, starting policy_update
[DEBUG] train_step 2850: policy_update done
[step 02900] value_loss=3.403925 policy_loss=0.284787
[step 02900] VALUE_DEBUG: target(mean=-15.01 std=2.31 min=-20.02 max=-6.72) V(s)(mean=-14.72 std=1.21) reward(mean=-1.246 std=5.135) clip=50.0
[step 02900] eval_success_rate=0.000 eval_mean_score=10.760 eval_policy_mode=greedy [solved=0/50, score_range=9.00-13.00/16.0, initial=9.00]
[step 02900] PROGRESS: filled=10.76 violations=0.00 zero_cand=0.00
[step 02900] DEBUG: ep_len=15.8 ep_ret=-15.483 stop_prob=0.000 score_chg=1.5150
[DEBUG] train_step 2900: starting episode collection
[DEBUG] train_step 2900: episodes collected, starting value_update
[DEBUG] train_step 2900: value_update done, starting policy_update
[DEBUG] train_step 2900: policy_update done
[step 02950] value_loss=0.491409 policy_loss=0.123699
[step 02950] VALUE_DEBUG: target(mean=-14.88 std=1.03 min=-16.97 max=-13.09) V(s)(mean=-15.36 std=0.82) reward(mean=-0.779 std=3.715) clip=50.0
[DEBUG] train_step 2950: starting episode collection
[DEBUG] train_step 2950: episodes collected, starting value_update
[DEBUG] train_step 2950: value_update done, starting policy_update
[DEBUG] train_step 2950: policy_update done
[step 03000] value_loss=0.796748 policy_loss=1.254532
[step 03000] VALUE_DEBUG: target(mean=-14.63 std=1.45 min=-16.45 max=-11.18) V(s)(mean=-15.06 std=1.09) reward(mean=-0.667 std=4.062) clip=50.0
[step 03000] eval_success_rate=0.000 eval_mean_score=11.080 eval_policy_mode=greedy [solved=0/50, score_range=9.00-14.00/16.0, initial=9.00]
[step 03000] PROGRESS: filled=11.08 violations=0.00 zero_cand=0.00
[step 03000] DEBUG: ep_len=15.9 ep_ret=-16.002 stop_prob=0.000 score_chg=1.0900
[Checkpoint] Saved to buiksat_trm/checkpoints/m1_nomask_persistent_nc_seed3/rl_checkpoint_step_3000.pt
[DEBUG] train_step 3000: starting episode collection
[DEBUG] train_step 3000: episodes collected, starting value_update
[DEBUG] train_step 3000: value_update done, starting policy_update
[DEBUG] train_step 3000: policy_update done
[step 03050] value_loss=1.737259 policy_loss=0.109723
[step 03050] VALUE_DEBUG: target(mean=-14.88 std=1.68 min=-19.15 max=-10.00) V(s)(mean=-14.46 std=1.26) reward(mean=-0.786 std=4.134) clip=50.0
[DEBUG] train_step 3050: starting episode collection
[DEBUG] train_step 3050: episodes collected, starting value_update
[DEBUG] train_step 3050: value_update done, starting policy_update
[DEBUG] train_step 3050: policy_update done
[step 03100] value_loss=1.708002 policy_loss=0.359490
[step 03100] VALUE_DEBUG: target(mean=-14.66 std=1.54 min=-19.70 max=-11.78) V(s)(mean=-14.51 std=1.10) reward(mean=-0.424 std=3.127) clip=50.0
[step 03100] eval_success_rate=0.000 eval_mean_score=10.880 eval_policy_mode=greedy [solved=0/50, score_range=9.00-13.00/16.0, initial=9.00]
[step 03100] PROGRESS: filled=10.88 violations=0.00 zero_cand=0.00
[step 03100] DEBUG: ep_len=15.8 ep_ret=-14.754 stop_prob=0.000 score_chg=2.0700
[DEBUG] train_step 3100: starting episode collection
[DEBUG] train_step 3100: episodes collected, starting value_update
[DEBUG] train_step 3100: value_update done, starting policy_update
[DEBUG] train_step 3100: policy_update done
[step 03150] value_loss=4.813527 policy_loss=0.402034
[step 03150] VALUE_DEBUG: target(mean=-14.35 std=2.62 min=-23.49 max=-5.43) V(s)(mean=-14.54 std=1.33) reward(mean=-0.225 std=3.668) clip=50.0
[DEBUG] train_step 3150: starting episode collection
[DEBUG] train_step 3150: episodes collected, starting value_update
[DEBUG] train_step 3150: value_update done, starting policy_update
[DEBUG] train_step 3150: policy_update done
[step 03200] value_loss=3.349697 policy_loss=0.198801
[step 03200] VALUE_DEBUG: target(mean=-14.60 std=2.28 min=-22.61 max=-9.59) V(s)(mean=-14.66 std=1.25) reward(mean=-0.698 std=4.209) clip=50.0
[step 03200] eval_success_rate=0.000 eval_mean_score=11.460 eval_policy_mode=greedy [solved=0/50, score_range=9.00-14.00/16.0, initial=9.00]
[step 03200] PROGRESS: filled=11.46 violations=0.00 zero_cand=0.00
[step 03200] DEBUG: ep_len=15.9 ep_ret=-15.677 stop_prob=0.000 score_chg=1.3875
[DEBUG] train_step 3200: starting episode collection
[DEBUG] train_step 3200: episodes collected, starting value_update
[DEBUG] train_step 3200: value_update done, starting policy_update
[DEBUG] train_step 3200: policy_update done
[step 03250] value_loss=2.791925 policy_loss=0.433902
[step 03250] VALUE_DEBUG: target(mean=-14.93 std=2.03 min=-20.57 max=-7.72) V(s)(mean=-15.17 std=1.15) reward(mean=-0.383 std=3.260) clip=50.0
[DEBUG] train_step 3250: starting episode collection
[DEBUG] train_step 3250: episodes collected, starting value_update
[DEBUG] train_step 3250: value_update done, starting policy_update
[DEBUG] train_step 3250: policy_update done
[step 03300] value_loss=11.016992 policy_loss=0.443547
[step 03300] VALUE_DEBUG: target(mean=-15.70 std=3.42 min=-24.57 max=-8.94) V(s)(mean=-15.16 std=1.43) reward(mean=-1.644 std=4.994) clip=50.0
[step 03300] eval_success_rate=0.000 eval_mean_score=11.440 eval_policy_mode=greedy [solved=0/50, score_range=10.00-14.00/16.0, initial=9.00]
[step 03300] PROGRESS: filled=11.44 violations=0.00 zero_cand=0.00
[step 03300] DEBUG: ep_len=15.8 ep_ret=-15.320 stop_prob=0.000 score_chg=1.5950
[DEBUG] train_step 3300: starting episode collection
[DEBUG] train_step 3300: episodes collected, starting value_update
[DEBUG] train_step 3300: value_update done, starting policy_update
[DEBUG] train_step 3300: policy_update done
[step 03350] value_loss=5.025686 policy_loss=0.063695
[step 03350] VALUE_DEBUG: target(mean=-15.35 std=2.22 min=-22.08 max=-10.03) V(s)(mean=-15.12 std=1.35) reward(mean=-1.225 std=4.360) clip=50.0
[DEBUG] train_step 3350: starting episode collection
[DEBUG] train_step 3350: episodes collected, starting value_update
[DEBUG] train_step 3350: value_update done, starting policy_update
[DEBUG] train_step 3350: policy_update done
[step 03400] value_loss=15.706226 policy_loss=-0.300600
[step 03400] VALUE_DEBUG: target(mean=-14.61 std=3.95 min=-25.67 max=-4.14) V(s)(mean=-15.40 std=1.17) reward(mean=-1.261 std=7.179) clip=50.0
[step 03400] eval_success_rate=0.000 eval_mean_score=11.240 eval_policy_mode=greedy [solved=0/50, score_range=9.00-14.00/16.0, initial=9.00]
[step 03400] PROGRESS: filled=11.24 violations=0.00 zero_cand=0.00
[step 03400] DEBUG: ep_len=15.8 ep_ret=-15.158 stop_prob=0.000 score_chg=1.5550
[DEBUG] train_step 3400: starting episode collection
[DEBUG] train_step 3400: episodes collected, starting value_update
[DEBUG] train_step 3400: value_update done, starting policy_update
[DEBUG] train_step 3400: policy_update done
[step 03450] value_loss=8.660571 policy_loss=1.568229
[step 03450] VALUE_DEBUG: target(mean=-14.38 std=2.57 min=-22.24 max=-6.90) V(s)(mean=-15.40 std=1.16) reward(mean=-0.547 std=4.805) clip=50.0
[DEBUG] train_step 3450: starting episode collection
[DEBUG] train_step 3450: episodes collected, starting value_update
[DEBUG] train_step 3450: value_update done, starting policy_update
[DEBUG] train_step 3450: policy_update done
[step 03500] value_loss=3.835630 policy_loss=-0.207848
[step 03500] VALUE_DEBUG: target(mean=-15.51 std=2.45 min=-24.81 max=-8.26) V(s)(mean=-15.52 std=1.45) reward(mean=-1.095 std=4.350) clip=50.0
[step 03500] eval_success_rate=0.000 eval_mean_score=11.580 eval_policy_mode=greedy [solved=0/50, score_range=10.00-15.00/16.0, initial=9.00]
[step 03500] PROGRESS: filled=11.58 violations=0.00 zero_cand=0.00
[step 03500] DEBUG: ep_len=15.7 ep_ret=-15.038 stop_prob=0.000 score_chg=1.6350
[DEBUG] train_step 3500: starting episode collection
[DEBUG] train_step 3500: episodes collected, starting value_update
[DEBUG] train_step 3500: value_update done, starting policy_update
[DEBUG] train_step 3500: policy_update done
[step 03550] value_loss=15.141865 policy_loss=0.015894
[step 03550] VALUE_DEBUG: target(mean=-14.34 std=4.27 min=-23.12 max=1.84) V(s)(mean=-14.79 std=1.34) reward(mean=-2.351 std=6.887) clip=50.0
[DEBUG] train_step 3550: starting episode collection
[DEBUG] train_step 3550: episodes collected, starting value_update
[DEBUG] train_step 3550: value_update done, starting policy_update
[DEBUG] train_step 3550: policy_update done
[step 03600] value_loss=0.710948 policy_loss=0.270097
[step 03600] VALUE_DEBUG: target(mean=-14.52 std=1.27 min=-16.30 max=-10.81) V(s)(mean=-15.27 std=1.30) reward(mean=-0.460 std=2.825) clip=50.0
[step 03600] eval_success_rate=0.000 eval_mean_score=11.420 eval_policy_mode=greedy [solved=0/50, score_range=9.00-14.00/16.0, initial=9.00]
[step 03600] PROGRESS: filled=11.42 violations=0.00 zero_cand=0.00
[step 03600] DEBUG: ep_len=15.7 ep_ret=-14.355 stop_prob=0.000 score_chg=2.2075
[DEBUG] train_step 3600: starting episode collection
[DEBUG] train_step 3600: episodes collected, starting value_update
[DEBUG] train_step 3600: value_update done, starting policy_update
[DEBUG] train_step 3600: policy_update done
[step 03650] value_loss=6.277923 policy_loss=-0.521284
[step 03650] VALUE_DEBUG: target(mean=-15.53 std=2.30 min=-22.36 max=-12.57) V(s)(mean=-14.74 std=1.23) reward(mean=-1.851 std=4.335) clip=50.0
[DEBUG] train_step 3650: starting episode collection
[DEBUG] train_step 3650: episodes collected, starting value_update
[DEBUG] train_step 3650: value_update done, starting policy_update
[DEBUG] train_step 3650: policy_update done
[step 03700] value_loss=5.699566 policy_loss=0.220699
[step 03700] VALUE_DEBUG: target(mean=-14.60 std=2.78 min=-21.12 max=-5.96) V(s)(mean=-14.60 std=1.62) reward(mean=0.148 std=2.555) clip=50.0
[step 03700] eval_success_rate=0.000 eval_mean_score=11.380 eval_policy_mode=greedy [solved=0/50, score_range=9.00-15.00/16.0, initial=9.00]
[step 03700] PROGRESS: filled=11.38 violations=0.00 zero_cand=0.00
[step 03700] DEBUG: ep_len=15.8 ep_ret=-14.693 stop_prob=0.000 score_chg=2.1800
[DEBUG] train_step 3700: starting episode collection
[DEBUG] train_step 3700: episodes collected, starting value_update
[DEBUG] train_step 3700: value_update done, starting policy_update
[DEBUG] train_step 3700: policy_update done
[step 03750] value_loss=3.813204 policy_loss=0.604730
[step 03750] VALUE_DEBUG: target(mean=-15.32 std=1.91 min=-20.79 max=-11.29) V(s)(mean=-14.88 std=1.52) reward(mean=-1.378 std=4.261) clip=50.0
[DEBUG] train_step 3750: starting episode collection
[DEBUG] train_step 3750: episodes collected, starting value_update
[DEBUG] train_step 3750: value_update done, starting policy_update
[DEBUG] train_step 3750: policy_update done
[step 03800] value_loss=7.889085 policy_loss=0.877906
[step 03800] VALUE_DEBUG: target(mean=-14.56 std=3.01 min=-23.27 max=-5.63) V(s)(mean=-14.51 std=1.49) reward(mean=-1.264 std=5.277) clip=50.0
[step 03800] eval_success_rate=0.000 eval_mean_score=11.620 eval_policy_mode=greedy [solved=0/50, score_range=10.00-14.00/16.0, initial=9.00]
[step 03800] PROGRESS: filled=11.62 violations=0.00 zero_cand=0.00
[step 03800] DEBUG: ep_len=15.6 ep_ret=-13.934 stop_prob=0.000 score_chg=2.2400
[DEBUG] train_step 3800: starting episode collection
[DEBUG] train_step 3800: episodes collected, starting value_update
[DEBUG] train_step 3800: value_update done, starting policy_update
[DEBUG] train_step 3800: policy_update done
[step 03850] value_loss=2.327680 policy_loss=0.649818
[step 03850] VALUE_DEBUG: target(mean=-14.86 std=2.01 min=-21.15 max=-10.35) V(s)(mean=-14.63 std=1.27) reward(mean=-1.674 std=4.874) clip=50.0
[DEBUG] train_step 3850: starting episode collection
[DEBUG] train_step 3850: episodes collected, starting value_update
[DEBUG] train_step 3850: value_update done, starting policy_update
[DEBUG] train_step 3850: policy_update done
[step 03900] value_loss=1.491105 policy_loss=0.335073
[step 03900] VALUE_DEBUG: target(mean=-14.24 std=2.11 min=-17.18 max=-7.13) V(s)(mean=-14.54 std=1.51) reward(mean=-1.034 std=4.027) clip=50.0
[step 03900] eval_success_rate=0.000 eval_mean_score=11.340 eval_policy_mode=greedy [solved=0/50, score_range=9.00-15.00/16.0, initial=9.00]
[step 03900] PROGRESS: filled=11.34 violations=0.00 zero_cand=0.00
[step 03900] DEBUG: ep_len=15.7 ep_ret=-14.794 stop_prob=0.000 score_chg=1.8825
[DEBUG] train_step 3900: starting episode collection
[DEBUG] train_step 3900: episodes collected, starting value_update
[DEBUG] train_step 3900: value_update done, starting policy_update
[DEBUG] train_step 3900: policy_update done
[step 03950] value_loss=8.723553 policy_loss=0.256792
[step 03950] VALUE_DEBUG: target(mean=-15.44 std=3.13 min=-28.07 max=-8.98) V(s)(mean=-14.03 std=1.45) reward(mean=-1.595 std=4.567) clip=50.0
[DEBUG] train_step 3950: starting episode collection
[DEBUG] train_step 3950: episodes collected, starting value_update
[DEBUG] train_step 3950: value_update done, starting policy_update
[DEBUG] train_step 3950: policy_update done
[step 04000] value_loss=5.897676 policy_loss=0.803138
[step 04000] VALUE_DEBUG: target(mean=-14.75 std=2.52 min=-20.92 max=-4.71) V(s)(mean=-14.58 std=1.10) reward(mean=-0.414 std=3.652) clip=50.0
[step 04000] eval_success_rate=0.040 eval_mean_score=12.080 eval_policy_mode=greedy [solved=2/50, score_range=10.00-16.00/16.0, initial=9.00]
[step 04000] PROGRESS: filled=12.08 violations=0.00 zero_cand=0.00
[step 04000] DEBUG: ep_len=15.6 ep_ret=-14.174 stop_prob=0.000 score_chg=2.2475
[Checkpoint] Saved to buiksat_trm/checkpoints/m1_nomask_persistent_nc_seed3/rl_checkpoint_step_4000.pt
[DEBUG] train_step 4000: starting episode collection
[DEBUG] train_step 4000: episodes collected, starting value_update
[DEBUG] train_step 4000: value_update done, starting policy_update
[DEBUG] train_step 4000: policy_update done
[step 04050] value_loss=2.805299 policy_loss=0.865540
[step 04050] VALUE_DEBUG: target(mean=-14.54 std=2.02 min=-20.06 max=-10.09) V(s)(mean=-14.27 std=1.33) reward(mean=-0.605 std=3.215) clip=50.0
[DEBUG] train_step 4050: starting episode collection
[DEBUG] train_step 4050: episodes collected, starting value_update
[DEBUG] train_step 4050: value_update done, starting policy_update
[DEBUG] train_step 4050: policy_update done
[step 04100] value_loss=10.611158 policy_loss=-0.379891
[step 04100] VALUE_DEBUG: target(mean=-14.59 std=3.53 min=-21.07 max=-3.59) V(s)(mean=-15.17 std=1.48) reward(mean=-1.537 std=6.755) clip=50.0
[step 04100] eval_success_rate=0.000 eval_mean_score=12.040 eval_policy_mode=greedy [solved=0/50, score_range=9.00-15.00/16.0, initial=9.00]
[step 04100] PROGRESS: filled=12.04 violations=0.00 zero_cand=0.00
[step 04100] DEBUG: ep_len=15.8 ep_ret=-14.996 stop_prob=0.000 score_chg=1.9350
[DEBUG] train_step 4100: starting episode collection
[DEBUG] train_step 4100: episodes collected, starting value_update
[DEBUG] train_step 4100: value_update done, starting policy_update
[DEBUG] train_step 4100: policy_update done
[step 04150] value_loss=8.343506 policy_loss=-0.412710
[step 04150] VALUE_DEBUG: target(mean=-14.28 std=2.82 min=-21.82 max=-4.56) V(s)(mean=-14.69 std=1.72) reward(mean=-0.261 std=3.950) clip=50.0
[DEBUG] train_step 4150: starting episode collection
[DEBUG] train_step 4150: episodes collected, starting value_update
[DEBUG] train_step 4150: value_update done, starting policy_update
[DEBUG] train_step 4150: policy_update done
[step 04200] value_loss=7.189078 policy_loss=0.563757
[step 04200] VALUE_DEBUG: target(mean=-13.82 std=2.91 min=-19.70 max=-6.95) V(s)(mean=-14.21 std=1.50) reward(mean=-0.385 std=4.715) clip=50.0
[step 04200] eval_success_rate=0.000 eval_mean_score=11.580 eval_policy_mode=greedy [solved=0/50, score_range=9.00-14.00/16.0, initial=9.00]
[step 04200] PROGRESS: filled=11.58 violations=0.00 zero_cand=0.00
[step 04200] DEBUG: ep_len=15.6 ep_ret=-13.830 stop_prob=0.000 score_chg=2.3675
[DEBUG] train_step 4200: starting episode collection
[DEBUG] train_step 4200: episodes collected, starting value_update
[DEBUG] train_step 4200: value_update done, starting policy_update
[DEBUG] train_step 4200: policy_update done
[step 04250] value_loss=8.151714 policy_loss=0.882388
[step 04250] VALUE_DEBUG: target(mean=-14.45 std=3.01 min=-23.93 max=-5.74) V(s)(mean=-14.33 std=1.52) reward(mean=-1.228 std=4.972) clip=50.0
[DEBUG] train_step 4250: starting episode collection
[DEBUG] train_step 4250: episodes collected, starting value_update
[DEBUG] train_step 4250: value_update done, starting policy_update
[DEBUG] train_step 4250: policy_update done
[step 04300] value_loss=6.447217 policy_loss=0.129635
[step 04300] VALUE_DEBUG: target(mean=-14.79 std=2.67 min=-22.47 max=-4.81) V(s)(mean=-14.92 std=1.30) reward(mean=-1.517 std=5.261) clip=50.0
[step 04300] eval_success_rate=0.000 eval_mean_score=11.600 eval_policy_mode=greedy [solved=0/50, score_range=9.00-15.00/16.0, initial=9.00]
[step 04300] PROGRESS: filled=11.60 violations=0.00 zero_cand=0.00
[step 04300] DEBUG: ep_len=15.6 ep_ret=-13.971 stop_prob=0.000 score_chg=2.1900
[DEBUG] train_step 4300: starting episode collection
[DEBUG] train_step 4300: episodes collected, starting value_update
[DEBUG] train_step 4300: value_update done, starting policy_update
[DEBUG] train_step 4300: policy_update done
[step 04350] value_loss=6.808226 policy_loss=0.118850
[step 04350] VALUE_DEBUG: target(mean=-14.02 std=3.14 min=-23.23 max=-5.48) V(s)(mean=-13.64 std=1.92) reward(mean=-1.900 std=5.170) clip=50.0
[DEBUG] train_step 4350: starting episode collection
[DEBUG] train_step 4350: episodes collected, starting value_update
[DEBUG] train_step 4350: value_update done, starting policy_update
[DEBUG] train_step 4350: policy_update done
[step 04400] value_loss=5.616821 policy_loss=-0.185217
[step 04400] VALUE_DEBUG: target(mean=-15.21 std=2.73 min=-23.42 max=-9.23) V(s)(mean=-14.53 std=1.22) reward(mean=-0.561 std=2.320) clip=50.0
[step 04400] eval_success_rate=0.000 eval_mean_score=12.240 eval_policy_mode=greedy [solved=0/50, score_range=10.00-15.00/16.0, initial=9.00]
[step 04400] PROGRESS: filled=12.24 violations=0.00 zero_cand=0.00
[step 04400] DEBUG: ep_len=15.6 ep_ret=-13.635 stop_prob=0.000 score_chg=2.8775
[DEBUG] train_step 4400: starting episode collection
[DEBUG] train_step 4400: episodes collected, starting value_update
[DEBUG] train_step 4400: value_update done, starting policy_update
[DEBUG] train_step 4400: policy_update done
[step 04450] value_loss=6.756380 policy_loss=0.543025
[step 04450] VALUE_DEBUG: target(mean=-14.68 std=2.88 min=-20.42 max=-5.44) V(s)(mean=-14.72 std=1.29) reward(mean=-0.066 std=2.772) clip=50.0
[DEBUG] train_step 4450: starting episode collection
[DEBUG] train_step 4450: episodes collected, starting value_update
[DEBUG] train_step 4450: value_update done, starting policy_update
[DEBUG] train_step 4450: policy_update done
[step 04500] value_loss=2.431247 policy_loss=0.617383
[step 04500] VALUE_DEBUG: target(mean=-14.25 std=1.84 min=-17.27 max=-9.15) V(s)(mean=-14.24 std=1.40) reward(mean=-0.600 std=3.541) clip=50.0
[step 04500] eval_success_rate=0.000 eval_mean_score=11.960 eval_policy_mode=greedy [solved=0/50, score_range=9.00-15.00/16.0, initial=9.00]
[step 04500] PROGRESS: filled=11.96 violations=0.00 zero_cand=0.00
[step 04500] DEBUG: ep_len=15.8 ep_ret=-13.984 stop_prob=0.000 score_chg=2.7125
[DEBUG] train_step 4500: starting episode collection
[DEBUG] train_step 4500: episodes collected, starting value_update
[DEBUG] train_step 4500: value_update done, starting policy_update
[DEBUG] train_step 4500: policy_update done
[step 04550] value_loss=15.157223 policy_loss=0.751424
[step 04550] VALUE_DEBUG: target(mean=-13.67 std=4.50 min=-20.05 max=6.84) V(s)(mean=-14.67 std=1.76) reward(mean=-0.330 std=4.638) clip=50.0
[DEBUG] train_step 4550: starting episode collection
[DEBUG] train_step 4550: episodes collected, starting value_update
[DEBUG] train_step 4550: value_update done, starting policy_update
[DEBUG] train_step 4550: policy_update done
[step 04600] value_loss=9.746643 policy_loss=0.774263
[step 04600] VALUE_DEBUG: target(mean=-14.28 std=3.64 min=-19.90 max=1.84) V(s)(mean=-14.64 std=2.10) reward(mean=-1.804 std=5.597) clip=50.0
[step 04600] eval_success_rate=0.040 eval_mean_score=12.560 eval_policy_mode=greedy [solved=2/50, score_range=10.00-16.00/16.0, initial=9.00]
[step 04600] PROGRESS: filled=12.56 violations=0.00 zero_cand=0.00
[step 04600] DEBUG: ep_len=15.6 ep_ret=-13.405 stop_prob=0.000 score_chg=2.7050
[DEBUG] train_step 4600: starting episode collection
[DEBUG] train_step 4600: episodes collected, starting value_update
[DEBUG] train_step 4600: value_update done, starting policy_update
[DEBUG] train_step 4600: policy_update done
[step 04650] value_loss=2.739448 policy_loss=0.288135
[step 04650] VALUE_DEBUG: target(mean=-14.87 std=2.50 min=-22.63 max=-10.23) V(s)(mean=-14.28 std=1.81) reward(mean=-0.520 std=3.189) clip=50.0
[DEBUG] train_step 4650: starting episode collection
[DEBUG] train_step 4650: episodes collected, starting value_update
[DEBUG] train_step 4650: value_update done, starting policy_update
[DEBUG] train_step 4650: policy_update done
[step 04700] value_loss=2.584776 policy_loss=0.672402
[step 04700] VALUE_DEBUG: target(mean=-14.20 std=2.43 min=-20.32 max=-9.62) V(s)(mean=-13.85 std=1.88) reward(mean=-0.767 std=3.576) clip=50.0
[step 04700] eval_success_rate=0.000 eval_mean_score=12.280 eval_policy_mode=greedy [solved=0/50, score_range=10.00-15.00/16.0, initial=9.00]
[step 04700] PROGRESS: filled=12.28 violations=0.00 zero_cand=0.00
[step 04700] DEBUG: ep_len=15.6 ep_ret=-13.823 stop_prob=0.000 score_chg=2.4075
[DEBUG] train_step 4700: starting episode collection
[DEBUG] train_step 4700: episodes collected, starting value_update
[DEBUG] train_step 4700: value_update done, starting policy_update
[DEBUG] train_step 4700: policy_update done
[step 04750] value_loss=3.784426 policy_loss=0.096970
[step 04750] VALUE_DEBUG: target(mean=-13.44 std=2.26 min=-17.38 max=-7.94) V(s)(mean=-13.70 std=1.61) reward(mean=0.140 std=3.521) clip=50.0
[DEBUG] train_step 4750: starting episode collection
[DEBUG] train_step 4750: episodes collected, starting value_update
[DEBUG] train_step 4750: value_update done, starting policy_update
[DEBUG] train_step 4750: policy_update done
[step 04800] value_loss=19.580832 policy_loss=0.037434
[step 04800] VALUE_DEBUG: target(mean=-13.28 std=4.63 min=-20.01 max=1.84) V(s)(mean=-14.74 std=1.52) reward(mean=-0.047 std=3.670) clip=50.0
[step 04800] eval_success_rate=0.080 eval_mean_score=12.620 eval_policy_mode=greedy [solved=4/50, score_range=10.00-16.00/16.0, initial=9.00]
[step 04800] PROGRESS: filled=12.62 violations=0.00 zero_cand=0.00
[step 04800] DEBUG: ep_len=15.6 ep_ret=-13.426 stop_prob=0.000 score_chg=2.7900
[DEBUG] train_step 4800: starting episode collection
[DEBUG] train_step 4800: episodes collected, starting value_update
[DEBUG] train_step 4800: value_update done, starting policy_update
[DEBUG] train_step 4800: policy_update done
[step 04850] value_loss=7.040861 policy_loss=-0.136471
[step 04850] VALUE_DEBUG: target(mean=-14.50 std=3.28 min=-22.07 max=-8.15) V(s)(mean=-14.76 std=1.83) reward(mean=-2.419 std=5.929) clip=50.0
[DEBUG] train_step 4850: starting episode collection
[DEBUG] train_step 4850: episodes collected, starting value_update
[DEBUG] train_step 4850: value_update done, starting policy_update
[DEBUG] train_step 4850: policy_update done
[step 04900] value_loss=7.115597 policy_loss=0.143232
[step 04900] VALUE_DEBUG: target(mean=-14.20 std=2.87 min=-20.44 max=-4.75) V(s)(mean=-14.58 std=1.27) reward(mean=-0.173 std=3.952) clip=50.0
[step 04900] eval_success_rate=0.040 eval_mean_score=12.540 eval_policy_mode=greedy [solved=2/50, score_range=10.00-16.00/16.0, initial=9.00]
[step 04900] PROGRESS: filled=12.54 violations=0.00 zero_cand=0.00
[step 04900] DEBUG: ep_len=15.5 ep_ret=-13.178 stop_prob=0.000 score_chg=2.7775
[DEBUG] train_step 4900: starting episode collection
[DEBUG] train_step 4900: episodes collected, starting value_update
[DEBUG] train_step 4900: value_update done, starting policy_update
[DEBUG] train_step 4900: policy_update done
[step 04950] value_loss=8.218670 policy_loss=-0.580264
[step 04950] VALUE_DEBUG: target(mean=-15.60 std=2.27 min=-21.23 max=-12.02) V(s)(mean=-14.25 std=1.55) reward(mean=-1.827 std=4.655) clip=50.0
[DEBUG] train_step 4950: starting episode collection
[DEBUG] train_step 4950: episodes collected, starting value_update
[DEBUG] train_step 4950: value_update done, starting policy_update
[DEBUG] train_step 4950: policy_update done
[step 05000] value_loss=5.326837 policy_loss=-0.443411
[step 05000] VALUE_DEBUG: target(mean=-14.85 std=3.22 min=-23.01 max=-7.89) V(s)(mean=-14.23 std=2.19) reward(mean=-2.696 std=7.143) clip=50.0
[step 05000] eval_success_rate=0.040 eval_mean_score=12.740 eval_policy_mode=greedy [solved=2/50, score_range=10.00-16.00/16.0, initial=9.00]
[step 05000] PROGRESS: filled=12.74 violations=0.00 zero_cand=0.00
[step 05000] DEBUG: ep_len=15.3 ep_ret=-11.913 stop_prob=0.000 score_chg=3.3425
[Checkpoint] Saved to buiksat_trm/checkpoints/m1_nomask_persistent_nc_seed3/rl_checkpoint_step_5000.pt
[DEBUG] train_step 5000: starting episode collection
[DEBUG] train_step 5000: episodes collected, starting value_update
[DEBUG] train_step 5000: value_update done, starting policy_update
[DEBUG] train_step 5000: policy_update done
[step 05050] value_loss=4.135434 policy_loss=0.604922
[step 05050] VALUE_DEBUG: target(mean=-14.32 std=3.04 min=-23.38 max=-8.85) V(s)(mean=-13.69 std=2.32) reward(mean=-0.858 std=4.141) clip=50.0
[DEBUG] train_step 5050: starting episode collection
[DEBUG] train_step 5050: episodes collected, starting value_update
[DEBUG] train_step 5050: value_update done, starting policy_update
[DEBUG] train_step 5050: policy_update done
[step 05100] value_loss=3.044250 policy_loss=-0.397272
[step 05100] VALUE_DEBUG: target(mean=-14.42 std=2.00 min=-17.69 max=-8.32) V(s)(mean=-15.13 std=1.40) reward(mean=0.222 std=3.316) clip=50.0
[step 05100] eval_success_rate=0.000 eval_mean_score=12.160 eval_policy_mode=greedy [solved=0/50, score_range=10.00-15.00/16.0, initial=9.00]
[step 05100] PROGRESS: filled=12.16 violations=0.00 zero_cand=0.00
[step 05100] DEBUG: ep_len=15.2 ep_ret=-11.953 stop_prob=0.000 score_chg=2.9450
[DEBUG] train_step 5100: starting episode collection
[DEBUG] train_step 5100: episodes collected, starting value_update
[DEBUG] train_step 5100: value_update done, starting policy_update
[DEBUG] train_step 5100: policy_update done
[step 05150] value_loss=9.634937 policy_loss=0.638036
[step 05150] VALUE_DEBUG: target(mean=-15.43 std=3.23 min=-25.16 max=-9.23) V(s)(mean=-15.26 std=1.47) reward(mean=-1.223 std=4.144) clip=50.0
[DEBUG] train_step 5150: starting episode collection
[DEBUG] train_step 5150: episodes collected, starting value_update
[DEBUG] train_step 5150: value_update done, starting policy_update
[DEBUG] train_step 5150: policy_update done
[step 05200] value_loss=19.292976 policy_loss=-0.489183
[step 05200] VALUE_DEBUG: target(mean=-14.01 std=5.03 min=-25.04 max=6.84) V(s)(mean=-13.78 std=1.84) reward(mean=-3.009 std=7.143) clip=50.0
[step 05200] eval_success_rate=0.080 eval_mean_score=12.160 eval_policy_mode=greedy [solved=4/50, score_range=9.00-16.00/16.0, initial=9.00]
[step 05200] PROGRESS: filled=12.16 violations=0.00 zero_cand=0.00
[step 05200] DEBUG: ep_len=15.3 ep_ret=-11.535 stop_prob=0.000 score_chg=3.3375
[DEBUG] train_step 5200: starting episode collection
[DEBUG] train_step 5200: episodes collected, starting value_update
[DEBUG] train_step 5200: value_update done, starting policy_update
[DEBUG] train_step 5200: policy_update done
[step 05250] value_loss=14.593720 policy_loss=-0.646414
[step 05250] VALUE_DEBUG: target(mean=-14.93 std=5.15 min=-24.77 max=6.84) V(s)(mean=-14.35 std=2.16) reward(mean=-1.563 std=4.941) clip=50.0
[DEBUG] train_step 5250: starting episode collection
[DEBUG] train_step 5250: episodes collected, starting value_update
[DEBUG] train_step 5250: value_update done, starting policy_update
[DEBUG] train_step 5250: policy_update done
[step 05300] value_loss=2.847652 policy_loss=0.455631
[step 05300] VALUE_DEBUG: target(mean=-13.94 std=2.26 min=-20.18 max=-9.28) V(s)(mean=-13.85 std=1.88) reward(mean=-0.823 std=4.195) clip=50.0
[step 05300] eval_success_rate=0.080 eval_mean_score=12.480 eval_policy_mode=greedy [solved=4/50, score_range=9.00-16.00/16.0, initial=9.00]
[step 05300] PROGRESS: filled=12.48 violations=0.00 zero_cand=0.00
[step 05300] DEBUG: ep_len=15.2 ep_ret=-12.214 stop_prob=0.000 score_chg=2.8300
[DEBUG] train_step 5300: starting episode collection
[DEBUG] train_step 5300: episodes collected, starting value_update
[DEBUG] train_step 5300: value_update done, starting policy_update
[DEBUG] train_step 5300: policy_update done
[step 05350] value_loss=2.505520 policy_loss=-0.091685
[step 05350] VALUE_DEBUG: target(mean=-14.14 std=2.43 min=-19.43 max=-9.06) V(s)(mean=-13.73 std=2.02) reward(mean=-0.304 std=2.260) clip=50.0
[DEBUG] train_step 5350: starting episode collection
[DEBUG] train_step 5350: episodes collected, starting value_update
[DEBUG] train_step 5350: value_update done, starting policy_update
[DEBUG] train_step 5350: policy_update done
[step 05400] value_loss=9.380892 policy_loss=0.198109
[step 05400] VALUE_DEBUG: target(mean=-13.43 std=3.72 min=-22.04 max=-4.95) V(s)(mean=-13.39 std=1.78) reward(mean=-0.016 std=4.725) clip=50.0
[step 05400] eval_success_rate=0.040 eval_mean_score=12.600 eval_policy_mode=greedy [solved=2/50, score_range=9.00-16.00/16.0, initial=9.00]
[step 05400] PROGRESS: filled=12.60 violations=0.00 zero_cand=0.00
[step 05400] DEBUG: ep_len=15.3 ep_ret=-12.122 stop_prob=0.000 score_chg=2.8625
[DEBUG] train_step 5400: starting episode collection
[DEBUG] train_step 5400: episodes collected, starting value_update
[DEBUG] train_step 5400: value_update done, starting policy_update
[DEBUG] train_step 5400: policy_update done
[step 05450] value_loss=20.429249 policy_loss=-0.405605
[step 05450] VALUE_DEBUG: target(mean=-13.31 std=4.96 min=-22.25 max=1.84) V(s)(mean=-13.88 std=2.26) reward(mean=-0.327 std=4.638) clip=50.0
[DEBUG] train_step 5450: starting episode collection
[DEBUG] train_step 5450: episodes collected, starting value_update
[DEBUG] train_step 5450: value_update done, starting policy_update
[DEBUG] train_step 5450: policy_update done
[step 05500] value_loss=3.800638 policy_loss=0.607510
[step 05500] VALUE_DEBUG: target(mean=-14.67 std=3.10 min=-21.59 max=-6.23) V(s)(mean=-13.97 std=2.16) reward(mean=-0.896 std=3.402) clip=50.0
[step 05500] eval_success_rate=0.040 eval_mean_score=12.480 eval_policy_mode=greedy [solved=2/50, score_range=9.00-16.00/16.0, initial=9.00]
[step 05500] PROGRESS: filled=12.48 violations=0.00 zero_cand=0.00
[step 05500] DEBUG: ep_len=15.1 ep_ret=-10.938 stop_prob=0.000 score_chg=3.3900
[DEBUG] train_step 5500: starting episode collection
[DEBUG] train_step 5500: episodes collected, starting value_update
[DEBUG] train_step 5500: value_update done, starting policy_update
[DEBUG] train_step 5500: policy_update done
[step 05550] value_loss=5.298703 policy_loss=-0.255378
[step 05550] VALUE_DEBUG: target(mean=-15.01 std=2.70 min=-21.57 max=-9.59) V(s)(mean=-14.49 std=1.64) reward(mean=-0.385 std=2.320) clip=50.0
[DEBUG] train_step 5550: starting episode collection
[DEBUG] train_step 5550: episodes collected, starting value_update
[DEBUG] train_step 5550: value_update done, starting policy_update
[DEBUG] train_step 5550: policy_update done
[step 05600] value_loss=13.271513 policy_loss=-0.213422
[step 05600] VALUE_DEBUG: target(mean=-14.58 std=4.05 min=-25.06 max=-4.55) V(s)(mean=-14.14 std=2.07) reward(mean=-2.256 std=6.789) clip=50.0
[step 05600] eval_success_rate=0.080 eval_mean_score=12.920 eval_policy_mode=greedy [solved=4/50, score_range=10.00-16.00/16.0, initial=9.00]
[step 05600] PROGRESS: filled=12.92 violations=0.00 zero_cand=0.00
[step 05600] DEBUG: ep_len=15.1 ep_ret=-11.704 stop_prob=0.000 score_chg=3.2150
[DEBUG] train_step 5600: starting episode collection
[DEBUG] train_step 5600: episodes collected, starting value_update
[DEBUG] train_step 5600: value_update done, starting policy_update
[DEBUG] train_step 5600: policy_update done
[step 05650] value_loss=13.650478 policy_loss=0.427951
[step 05650] VALUE_DEBUG: target(mean=-15.72 std=3.66 min=-26.05 max=-9.56) V(s)(mean=-14.52 std=1.54) reward(mean=-2.701 std=5.457) clip=50.0
[DEBUG] train_step 5650: starting episode collection
[DEBUG] train_step 5650: episodes collected, starting value_update
[DEBUG] train_step 5650: value_update done, starting policy_update
[DEBUG] train_step 5650: policy_update done
[step 05700] value_loss=4.561466 policy_loss=-0.329020
[step 05700] VALUE_DEBUG: target(mean=-13.81 std=2.50 min=-17.31 max=-5.66) V(s)(mean=-13.77 std=2.65) reward(mean=-0.265 std=2.061) clip=50.0
[step 05700] eval_success_rate=0.060 eval_mean_score=12.680 eval_policy_mode=greedy [solved=3/50, score_range=9.00-16.00/16.0, initial=9.00]
[step 05700] PROGRESS: filled=12.68 violations=0.00 zero_cand=0.00
[step 05700] DEBUG: ep_len=15.0 ep_ret=-11.487 stop_prob=0.000 score_chg=3.2450
[DEBUG] train_step 5700: starting episode collection
[DEBUG] train_step 5700: episodes collected, starting value_update
[DEBUG] train_step 5700: value_update done, starting policy_update
[DEBUG] train_step 5700: policy_update done
[step 05750] value_loss=2.230693 policy_loss=0.218545
[step 05750] VALUE_DEBUG: target(mean=-13.87 std=2.48 min=-16.84 max=-5.55) V(s)(mean=-13.83 std=1.90) reward(mean=-0.087 std=3.286) clip=50.0
[DEBUG] train_step 5750: starting episode collection
[DEBUG] train_step 5750: episodes collected, starting value_update
[DEBUG] train_step 5750: value_update done, starting policy_update
[DEBUG] train_step 5750: policy_update done
[step 05800] value_loss=12.767631 policy_loss=0.577808
[step 05800] VALUE_DEBUG: target(mean=-13.55 std=4.68 min=-23.64 max=1.84) V(s)(mean=-13.50 std=2.09) reward(mean=-1.578 std=5.286) clip=50.0
[step 05800] eval_success_rate=0.060 eval_mean_score=12.320 eval_policy_mode=greedy [solved=3/50, score_range=9.00-16.00/16.0, initial=9.00]
[step 05800] PROGRESS: filled=12.32 violations=0.00 zero_cand=0.00
[step 05800] DEBUG: ep_len=14.7 ep_ret=-10.541 stop_prob=0.000 score_chg=3.3550
[DEBUG] train_step 5800: starting episode collection
[DEBUG] train_step 5800: episodes collected, starting value_update
[DEBUG] train_step 5800: value_update done, starting policy_update
[DEBUG] train_step 5800: policy_update done
[step 05850] value_loss=4.316449 policy_loss=-0.326623
[step 05850] VALUE_DEBUG: target(mean=-13.98 std=2.97 min=-18.99 max=-5.37) V(s)(mean=-13.72 std=2.16) reward(mean=-1.248 std=5.228) clip=50.0
[DEBUG] train_step 5850: starting episode collection
[DEBUG] train_step 5850: episodes collected, starting value_update
[DEBUG] train_step 5850: value_update done, starting policy_update
[DEBUG] train_step 5850: policy_update done
[step 05900] value_loss=9.730342 policy_loss=0.582232
[step 05900] VALUE_DEBUG: target(mean=-13.58 std=4.61 min=-20.94 max=6.84) V(s)(mean=-13.63 std=2.45) reward(mean=-0.573 std=3.556) clip=50.0
[step 05900] eval_success_rate=0.100 eval_mean_score=12.920 eval_policy_mode=greedy [solved=5/50, score_range=10.00-16.00/16.0, initial=9.00]
[step 05900] PROGRESS: filled=12.92 violations=0.00 zero_cand=0.00
[step 05900] DEBUG: ep_len=15.1 ep_ret=-11.218 stop_prob=0.000 score_chg=3.4300
[DEBUG] train_step 5900: starting episode collection
[DEBUG] train_step 5900: episodes collected, starting value_update
[DEBUG] train_step 5900: value_update done, starting policy_update
[DEBUG] train_step 5900: policy_update done
[step 05950] value_loss=13.292988 policy_loss=0.741824
[step 05950] VALUE_DEBUG: target(mean=-13.95 std=3.89 min=-23.75 max=1.84) V(s)(mean=-13.65 std=2.08) reward(mean=-1.671 std=4.563) clip=50.0
[DEBUG] train_step 5950: starting episode collection
[DEBUG] train_step 5950: episodes collected, starting value_update
[DEBUG] train_step 5950: value_update done, starting policy_update
[DEBUG] train_step 5950: policy_update done
[step 06000] value_loss=3.034744 policy_loss=0.042514
[step 06000] VALUE_DEBUG: target(mean=-14.17 std=2.97 min=-20.60 max=-5.76) V(s)(mean=-13.36 std=2.49) reward(mean=-0.591 std=3.227) clip=50.0
[step 06000] eval_success_rate=0.040 eval_mean_score=12.660 eval_policy_mode=greedy [solved=2/50, score_range=9.00-16.00/16.0, initial=9.00]
[step 06000] PROGRESS: filled=12.66 violations=0.00 zero_cand=0.00
[step 06000] DEBUG: ep_len=15.0 ep_ret=-11.594 stop_prob=0.000 score_chg=3.2925
[Checkpoint] Saved to buiksat_trm/checkpoints/m1_nomask_persistent_nc_seed3/rl_checkpoint_step_6000.pt
[DEBUG] train_step 6000: starting episode collection
[DEBUG] train_step 6000: episodes collected, starting value_update
[DEBUG] train_step 6000: value_update done, starting policy_update
[DEBUG] train_step 6000: policy_update done
[step 06050] value_loss=8.977921 policy_loss=-0.275137
[step 06050] VALUE_DEBUG: target(mean=-13.97 std=4.35 min=-21.62 max=-0.52) V(s)(mean=-13.49 std=2.99) reward(mean=-1.273 std=4.941) clip=50.0
[DEBUG] train_step 6050: starting episode collection
[DEBUG] train_step 6050: episodes collected, starting value_update
[DEBUG] train_step 6050: value_update done, starting policy_update
[DEBUG] train_step 6050: policy_update done
[step 06100] value_loss=5.254221 policy_loss=0.462769
[step 06100] VALUE_DEBUG: target(mean=-14.17 std=2.68 min=-19.10 max=-7.38) V(s)(mean=-13.80 std=2.39) reward(mean=-1.832 std=5.114) clip=50.0
[step 06100] eval_success_rate=0.180 eval_mean_score=12.880 eval_policy_mode=greedy [solved=9/50, score_range=10.00-16.00/16.0, initial=9.00]
[step 06100] PROGRESS: filled=12.88 violations=0.00 zero_cand=0.00
[step 06100] DEBUG: ep_len=15.2 ep_ret=-11.634 stop_prob=0.000 score_chg=3.5250
[DEBUG] train_step 6100: starting episode collection
[DEBUG] train_step 6100: episodes collected, starting value_update
[DEBUG] train_step 6100: value_update done, starting policy_update
[DEBUG] train_step 6100: policy_update done
[step 06150] value_loss=4.865891 policy_loss=-0.428553
[step 06150] VALUE_DEBUG: target(mean=-13.44 std=3.09 min=-21.52 max=-7.17) V(s)(mean=-13.95 std=2.68) reward(mean=-0.738 std=4.385) clip=50.0
[DEBUG] train_step 6150: starting episode collection
[DEBUG] train_step 6150: episodes collected, starting value_update
[DEBUG] train_step 6150: value_update done, starting policy_update
[DEBUG] train_step 6150: policy_update done
[step 06200] value_loss=6.499083 policy_loss=-0.473897
[step 06200] VALUE_DEBUG: target(mean=-14.18 std=3.03 min=-22.08 max=-4.97) V(s)(mean=-13.37 std=2.11) reward(mean=-3.290 std=6.580) clip=50.0
[step 06200] eval_success_rate=0.100 eval_mean_score=12.660 eval_policy_mode=greedy [solved=5/50, score_range=9.00-16.00/16.0, initial=9.00]
[step 06200] PROGRESS: filled=12.66 violations=0.00 zero_cand=0.00
[step 06200] DEBUG: ep_len=14.8 ep_ret=-10.588 stop_prob=0.000 score_chg=3.7950
[DEBUG] train_step 6200: starting episode collection
[DEBUG] train_step 6200: episodes collected, starting value_update
[DEBUG] train_step 6200: value_update done, starting policy_update
[DEBUG] train_step 6200: policy_update done
[step 06250] value_loss=7.471410 policy_loss=-0.005214
[step 06250] VALUE_DEBUG: target(mean=-13.38 std=4.41 min=-21.56 max=4.50) V(s)(mean=-13.45 std=3.01) reward(mean=0.453 std=2.638) clip=50.0
[DEBUG] train_step 6250: starting episode collection
[DEBUG] train_step 6250: episodes collected, starting value_update
[DEBUG] train_step 6250: value_update done, starting policy_update
[DEBUG] train_step 6250: policy_update done
[step 06300] value_loss=4.853896 policy_loss=-0.355644
[step 06300] VALUE_DEBUG: target(mean=-13.59 std=3.15 min=-21.13 max=-5.21) V(s)(mean=-13.27 std=2.28) reward(mean=-1.545 std=5.207) clip=50.0
[step 06300] eval_success_rate=0.120 eval_mean_score=12.580 eval_policy_mode=greedy [solved=6/50, score_range=10.00-16.00/16.0, initial=9.00]
[step 06300] PROGRESS: filled=12.58 violations=0.00 zero_cand=0.00
[step 06300] DEBUG: ep_len=14.7 ep_ret=-10.681 stop_prob=0.000 score_chg=3.3225
[DEBUG] train_step 6300: starting episode collection
[DEBUG] train_step 6300: episodes collected, starting value_update
[DEBUG] train_step 6300: value_update done, starting policy_update
[DEBUG] train_step 6300: policy_update done
[step 06350] value_loss=7.024733 policy_loss=-0.060066
[step 06350] VALUE_DEBUG: target(mean=-13.31 std=3.77 min=-19.38 max=1.84) V(s)(mean=-13.49 std=2.58) reward(mean=-1.486 std=4.930) clip=50.0
[DEBUG] train_step 6350: starting episode collection
[DEBUG] train_step 6350: episodes collected, starting value_update
[DEBUG] train_step 6350: value_update done, starting policy_update
[DEBUG] train_step 6350: policy_update done
[step 06400] value_loss=9.106194 policy_loss=-0.268483
[step 06400] VALUE_DEBUG: target(mean=-12.55 std=5.33 min=-24.96 max=1.84) V(s)(mean=-12.48 std=3.43) reward(mean=-0.177 std=2.041) clip=50.0
[step 06400] eval_success_rate=0.120 eval_mean_score=13.160 eval_policy_mode=greedy [solved=6/50, score_range=9.00-16.00/16.0, initial=9.00]
[step 06400] PROGRESS: filled=13.16 violations=0.00 zero_cand=0.00
[step 06400] DEBUG: ep_len=14.9 ep_ret=-10.654 stop_prob=0.000 score_chg=3.5400
[DEBUG] train_step 6400: starting episode collection
[DEBUG] train_step 6400: episodes collected, starting value_update
[DEBUG] train_step 6400: value_update done, starting policy_update
[DEBUG] train_step 6400: policy_update done
[step 06450] value_loss=5.582624 policy_loss=0.674850
[step 06450] VALUE_DEBUG: target(mean=-13.49 std=4.30 min=-22.14 max=-2.21) V(s)(mean=-13.50 std=3.20) reward(mean=-0.877 std=3.718) clip=50.0
[DEBUG] train_step 6450: starting episode collection
[DEBUG] train_step 6450: episodes collected, starting value_update
[DEBUG] train_step 6450: value_update done, starting policy_update
[DEBUG] train_step 6450: policy_update done
[step 06500] value_loss=2.752277 policy_loss=0.833586
[step 06500] VALUE_DEBUG: target(mean=-13.03 std=3.90 min=-22.59 max=-2.62) V(s)(mean=-13.80 std=3.38) reward(mean=0.327 std=1.689) clip=50.0
[step 06500] eval_success_rate=0.140 eval_mean_score=13.300 eval_policy_mode=greedy [solved=7/50, score_range=10.00-16.00/16.0, initial=9.00]
[step 06500] PROGRESS: filled=13.30 violations=0.00 zero_cand=0.00
[step 06500] DEBUG: ep_len=14.8 ep_ret=-10.968 stop_prob=0.000 score_chg=3.5175
[DEBUG] train_step 6500: starting episode collection
[DEBUG] train_step 6500: episodes collected, starting value_update
[DEBUG] train_step 6500: value_update done, starting policy_update
[DEBUG] train_step 6500: policy_update done
[step 06550] value_loss=4.992648 policy_loss=-0.389224
[step 06550] VALUE_DEBUG: target(mean=-13.76 std=4.38 min=-26.06 max=-1.20) V(s)(mean=-13.52 std=3.35) reward(mean=-0.338 std=3.567) clip=50.0
[DEBUG] train_step 6550: starting episode collection
[DEBUG] train_step 6550: episodes collected, starting value_update
[DEBUG] train_step 6550: value_update done, starting policy_update
[DEBUG] train_step 6550: policy_update done
[step 06600] value_loss=7.489272 policy_loss=-0.731765
[step 06600] VALUE_DEBUG: target(mean=-12.04 std=4.88 min=-22.41 max=-1.45) V(s)(mean=-13.15 std=4.22) reward(mean=-0.302 std=5.006) clip=50.0
[step 06600] eval_success_rate=0.200 eval_mean_score=12.880 eval_policy_mode=greedy [solved=10/50, score_range=9.00-16.00/16.0, initial=9.00]
[step 06600] PROGRESS: filled=12.88 violations=0.00 zero_cand=0.00
[step 06600] DEBUG: ep_len=15.0 ep_ret=-11.071 stop_prob=0.000 score_chg=3.4200
[DEBUG] train_step 6600: starting episode collection
[DEBUG] train_step 6600: episodes collected, starting value_update
[DEBUG] train_step 6600: value_update done, starting policy_update
[DEBUG] train_step 6600: policy_update done
[step 06650] value_loss=7.900076 policy_loss=0.302684
[step 06650] VALUE_DEBUG: target(mean=-13.93 std=3.72 min=-19.61 max=-2.86) V(s)(mean=-13.09 std=3.83) reward(mean=-1.268 std=4.583) clip=50.0
[DEBUG] train_step 6650: starting episode collection
[DEBUG] train_step 6650: episodes collected, starting value_update
[DEBUG] train_step 6650: value_update done, starting policy_update
[DEBUG] train_step 6650: policy_update done
[step 06700] value_loss=7.576807 policy_loss=0.269769
[step 06700] VALUE_DEBUG: target(mean=-12.37 std=5.01 min=-24.13 max=-2.31) V(s)(mean=-12.60 std=3.78) reward(mean=-0.114 std=4.093) clip=50.0
[step 06700] eval_success_rate=0.220 eval_mean_score=13.080 eval_policy_mode=greedy [solved=11/50, score_range=10.00-16.00/16.0, initial=9.00]
[step 06700] PROGRESS: filled=13.08 violations=0.00 zero_cand=0.00
[step 06700] DEBUG: ep_len=14.5 ep_ret=-10.048 stop_prob=0.000 score_chg=3.5575
[DEBUG] train_step 6700: starting episode collection
[DEBUG] train_step 6700: episodes collected, starting value_update
[DEBUG] train_step 6700: value_update done, starting policy_update
[DEBUG] train_step 6700: policy_update done
[step 06750] value_loss=4.846797 policy_loss=1.261961
[step 06750] VALUE_DEBUG: target(mean=-13.60 std=4.51 min=-22.30 max=-2.66) V(s)(mean=-13.18 std=3.69) reward(mean=-1.300 std=5.161) clip=50.0
[DEBUG] train_step 6750: starting episode collection
[DEBUG] train_step 6750: episodes collected, starting value_update
[DEBUG] train_step 6750: value_update done, starting policy_update
[DEBUG] train_step 6750: policy_update done
[step 06800] value_loss=5.674599 policy_loss=0.151221
[step 06800] VALUE_DEBUG: target(mean=-13.58 std=4.52 min=-22.09 max=-3.99) V(s)(mean=-13.48 std=3.37) reward(mean=-3.298 std=7.341) clip=50.0
[step 06800] eval_success_rate=0.180 eval_mean_score=13.160 eval_policy_mode=greedy [solved=9/50, score_range=9.00-16.00/16.0, initial=9.00]
[step 06800] PROGRESS: filled=13.16 violations=0.00 zero_cand=0.00
[step 06800] DEBUG: ep_len=14.6 ep_ret=-10.008 stop_prob=0.000 score_chg=3.6275
[DEBUG] train_step 6800: starting episode collection
[DEBUG] train_step 6800: episodes collected, starting value_update
[DEBUG] train_step 6800: value_update done, starting policy_update
[DEBUG] train_step 6800: policy_update done
[step 06850] value_loss=6.351747 policy_loss=1.009246
[step 06850] VALUE_DEBUG: target(mean=-12.48 std=6.20 min=-21.58 max=3.22) V(s)(mean=-12.72 std=4.63) reward(mean=-0.420 std=2.886) clip=50.0
[DEBUG] train_step 6850: starting episode collection
[DEBUG] train_step 6850: episodes collected, starting value_update
[DEBUG] train_step 6850: value_update done, starting policy_update
[DEBUG] train_step 6850: policy_update done
[step 06900] value_loss=10.799233 policy_loss=0.326145
[step 06900] VALUE_DEBUG: target(mean=-13.39 std=5.72 min=-26.25 max=1.84) V(s)(mean=-13.21 std=4.09) reward(mean=-1.741 std=5.506) clip=50.0
[step 06900] eval_success_rate=0.160 eval_mean_score=13.000 eval_policy_mode=greedy [solved=8/50, score_range=10.00-16.00/16.0, initial=9.00]
[step 06900] PROGRESS: filled=13.00 violations=0.00 zero_cand=0.00
[step 06900] DEBUG: ep_len=14.6 ep_ret=-9.806 stop_prob=0.000 score_chg=3.7375
[DEBUG] train_step 6900: starting episode collection
[DEBUG] train_step 6900: episodes collected, starting value_update
[DEBUG] train_step 6900: value_update done, starting policy_update
[DEBUG] train_step 6900: policy_update done
[step 06950] value_loss=2.558821 policy_loss=-0.079217
[step 06950] VALUE_DEBUG: target(mean=-13.65 std=3.33 min=-20.55 max=-3.95) V(s)(mean=-14.03 std=3.02) reward(mean=-2.180 std=6.259) clip=50.0
[DEBUG] train_step 6950: starting episode collection
[DEBUG] train_step 6950: episodes collected, starting value_update
[DEBUG] train_step 6950: value_update done, starting policy_update
[DEBUG] train_step 6950: policy_update done
[step 07000] value_loss=19.975456 policy_loss=-0.034015
[step 07000] VALUE_DEBUG: target(mean=-11.77 std=7.05 min=-22.38 max=6.95) V(s)(mean=-12.22 std=4.58) reward(mean=0.109 std=3.082) clip=50.0
[step 07000] eval_success_rate=0.200 eval_mean_score=13.000 eval_policy_mode=greedy [solved=10/50, score_range=9.00-16.00/16.0, initial=9.00]
[step 07000] PROGRESS: filled=13.00 violations=0.00 zero_cand=0.00
[step 07000] DEBUG: ep_len=14.7 ep_ret=-10.318 stop_prob=0.000 score_chg=3.4500
[Checkpoint] Saved to buiksat_trm/checkpoints/m1_nomask_persistent_nc_seed3/rl_checkpoint_step_7000.pt
[DEBUG] train_step 7000: starting episode collection
[DEBUG] train_step 7000: episodes collected, starting value_update
[DEBUG] train_step 7000: value_update done, starting policy_update
[DEBUG] train_step 7000: policy_update done
[step 07050] value_loss=14.464001 policy_loss=0.588624
[step 07050] VALUE_DEBUG: target(mean=-9.28 std=5.99 min=-17.44 max=5.67) V(s)(mean=-10.44 std=4.94) reward(mean=1.031 std=2.305) clip=50.0
[DEBUG] train_step 7050: starting episode collection
[DEBUG] train_step 7050: episodes collected, starting value_update
[DEBUG] train_step 7050: value_update done, starting policy_update
[DEBUG] train_step 7050: policy_update done
[step 07100] value_loss=3.114470 policy_loss=0.461765
[step 07100] VALUE_DEBUG: target(mean=-12.87 std=3.99 min=-22.08 max=-1.37) V(s)(mean=-13.56 std=3.43) reward(mean=-0.211 std=3.324) clip=50.0
[step 07100] eval_success_rate=0.200 eval_mean_score=12.780 eval_policy_mode=greedy [solved=10/50, score_range=9.00-16.00/16.0, initial=9.00]
[step 07100] PROGRESS: filled=12.78 violations=0.00 zero_cand=0.00
[step 07100] DEBUG: ep_len=14.3 ep_ret=-8.733 stop_prob=0.000 score_chg=3.8075
[DEBUG] train_step 7100: starting episode collection
[DEBUG] train_step 7100: episodes collected, starting value_update
[DEBUG] train_step 7100: value_update done, starting policy_update
[DEBUG] train_step 7100: policy_update done
[step 07150] value_loss=9.448625 policy_loss=0.311421
[step 07150] VALUE_DEBUG: target(mean=-11.97 std=6.37 min=-25.43 max=5.20) V(s)(mean=-11.80 std=5.00) reward(mean=-0.645 std=4.750) clip=50.0
[DEBUG] train_step 7150: starting episode collection
[DEBUG] train_step 7150: episodes collected, starting value_update
[DEBUG] train_step 7150: value_update done, starting policy_update
[DEBUG] train_step 7150: policy_update done
[step 07200] value_loss=1.376557 policy_loss=0.262824
[step 07200] VALUE_DEBUG: target(mean=-12.54 std=4.23 min=-17.63 max=-0.69) V(s)(mean=-12.22 std=4.13) reward(mean=-1.365 std=4.801) clip=50.0
[step 07200] eval_success_rate=0.220 eval_mean_score=12.840 eval_policy_mode=greedy [solved=11/50, score_range=9.00-16.00/16.0, initial=9.00]
[step 07200] PROGRESS: filled=12.84 violations=0.00 zero_cand=0.00
[step 07200] DEBUG: ep_len=14.2 ep_ret=-9.035 stop_prob=0.000 score_chg=3.6025
[DEBUG] train_step 7200: starting episode collection
[DEBUG] train_step 7200: episodes collected, starting value_update
[DEBUG] train_step 7200: value_update done, starting policy_update
[DEBUG] train_step 7200: policy_update done
[step 07250] value_loss=2.947956 policy_loss=0.601812
[step 07250] VALUE_DEBUG: target(mean=-13.86 std=3.64 min=-17.70 max=0.74) V(s)(mean=-14.04 std=3.07) reward(mean=-1.458 std=4.973) clip=50.0
[DEBUG] train_step 7250: starting episode collection
[DEBUG] train_step 7250: episodes collected, starting value_update
[DEBUG] train_step 7250: value_update done, starting policy_update
[DEBUG] train_step 7250: policy_update done
[step 07300] value_loss=4.452195 policy_loss=-0.748257
[step 07300] VALUE_DEBUG: target(mean=-13.08 std=4.17 min=-21.15 max=-4.06) V(s)(mean=-12.57 std=3.95) reward(mean=-0.463 std=3.526) clip=50.0
[step 07300] eval_success_rate=0.240 eval_mean_score=12.820 eval_policy_mode=greedy [solved=12/50, score_range=9.00-16.00/16.0, initial=9.00]
[step 07300] PROGRESS: filled=12.82 violations=0.00 zero_cand=0.00
[step 07300] DEBUG: ep_len=14.0 ep_ret=-8.779 stop_prob=0.000 score_chg=3.6900
[DEBUG] train_step 7300: starting episode collection
[DEBUG] train_step 7300: episodes collected, starting value_update
[DEBUG] train_step 7300: value_update done, starting policy_update
[DEBUG] train_step 7300: policy_update done
[step 07350] value_loss=3.538537 policy_loss=1.123160
[step 07350] VALUE_DEBUG: target(mean=-12.91 std=4.95 min=-22.09 max=1.84) V(s)(mean=-12.46 std=4.52) reward(mean=-1.965 std=6.010) clip=50.0
[DEBUG] train_step 7350: starting episode collection
[DEBUG] train_step 7350: episodes collected, starting value_update
[DEBUG] train_step 7350: value_update done, starting policy_update
[DEBUG] train_step 7350: policy_update done
[step 07400] value_loss=2.547773 policy_loss=0.381331
[step 07400] VALUE_DEBUG: target(mean=-13.11 std=4.25 min=-19.03 max=-2.66) V(s)(mean=-12.93 std=4.36) reward(mean=-0.554 std=3.244) clip=50.0
[step 07400] eval_success_rate=0.280 eval_mean_score=13.560 eval_policy_mode=greedy [solved=14/50, score_range=10.00-16.00/16.0, initial=9.00]
[step 07400] PROGRESS: filled=13.56 violations=0.00 zero_cand=0.00
[step 07400] DEBUG: ep_len=13.9 ep_ret=-8.494 stop_prob=0.000 score_chg=3.6175
[DEBUG] train_step 7400: starting episode collection
[DEBUG] train_step 7400: episodes collected, starting value_update
[DEBUG] train_step 7400: value_update done, starting policy_update
[DEBUG] train_step 7400: policy_update done
[step 07450] value_loss=3.539985 policy_loss=0.478307
[step 07450] VALUE_DEBUG: target(mean=-11.09 std=5.80 min=-18.13 max=6.12) V(s)(mean=-10.75 std=5.20) reward(mean=0.390 std=1.468) clip=50.0
[DEBUG] train_step 7450: starting episode collection
[DEBUG] train_step 7450: episodes collected, starting value_update
[DEBUG] train_step 7450: value_update done, starting policy_update
[DEBUG] train_step 7450: policy_update done
[step 07500] value_loss=1.206684 policy_loss=-0.015370
[step 07500] VALUE_DEBUG: target(mean=-13.67 std=3.75 min=-18.82 max=-2.84) V(s)(mean=-13.48 std=3.73) reward(mean=-2.149 std=5.432) clip=50.0
[step 07500] eval_success_rate=0.300 eval_mean_score=13.100 eval_policy_mode=greedy [solved=15/50, score_range=9.00-16.00/16.0, initial=9.00]
[step 07500] PROGRESS: filled=13.10 violations=0.00 zero_cand=0.00
[step 07500] DEBUG: ep_len=14.1 ep_ret=-8.604 stop_prob=0.000 score_chg=3.8000
[DEBUG] train_step 7500: starting episode collection
[DEBUG] train_step 7500: episodes collected, starting value_update
[DEBUG] train_step 7500: value_update done, starting policy_update
[DEBUG] train_step 7500: policy_update done
[step 07550] value_loss=8.086071 policy_loss=0.751743
[step 07550] VALUE_DEBUG: target(mean=-13.02 std=3.93 min=-20.46 max=1.84) V(s)(mean=-13.68 std=2.68) reward(mean=-1.519 std=5.063) clip=50.0
[DEBUG] train_step 7550: starting episode collection
[DEBUG] train_step 7550: episodes collected, starting value_update
[DEBUG] train_step 7550: value_update done, starting policy_update
[DEBUG] train_step 7550: policy_update done
[step 07600] value_loss=5.024245 policy_loss=0.210188
[step 07600] VALUE_DEBUG: target(mean=-12.05 std=5.40 min=-19.16 max=1.41) V(s)(mean=-12.85 std=5.72) reward(mean=0.504 std=2.522) clip=50.0
[step 07600] eval_success_rate=0.300 eval_mean_score=13.420 eval_policy_mode=greedy [solved=15/50, score_range=10.00-16.00/16.0, initial=9.00]
[step 07600] PROGRESS: filled=13.42 violations=0.00 zero_cand=0.00
[step 07600] DEBUG: ep_len=14.1 ep_ret=-8.601 stop_prob=0.000 score_chg=3.7175
[DEBUG] train_step 7600: starting episode collection
[DEBUG] train_step 7600: episodes collected, starting value_update
[DEBUG] train_step 7600: value_update done, starting policy_update
[DEBUG] train_step 7600: policy_update done
[step 07650] value_loss=5.802382 policy_loss=-0.068765
[step 07650] VALUE_DEBUG: target(mean=-11.23 std=5.68 min=-22.26 max=2.24) V(s)(mean=-10.83 std=5.21) reward(mean=-0.398 std=3.770) clip=50.0
[DEBUG] train_step 7650: starting episode collection
[DEBUG] train_step 7650: episodes collected, starting value_update
[DEBUG] train_step 7650: value_update done, starting policy_update
[DEBUG] train_step 7650: policy_update done
[step 07700] value_loss=8.603640 policy_loss=0.492872
[step 07700] VALUE_DEBUG: target(mean=-12.24 std=4.42 min=-21.06 max=2.91) V(s)(mean=-12.08 std=4.15) reward(mean=-0.647 std=5.099) clip=50.0
[step 07700] eval_success_rate=0.240 eval_mean_score=13.180 eval_policy_mode=greedy [solved=12/50, score_range=10.00-16.00/16.0, initial=9.00]
[step 07700] PROGRESS: filled=13.18 violations=0.00 zero_cand=0.00
[step 07700] DEBUG: ep_len=14.0 ep_ret=-8.373 stop_prob=0.000 score_chg=3.7425
[DEBUG] train_step 7700: starting episode collection
[DEBUG] train_step 7700: episodes collected, starting value_update
[DEBUG] train_step 7700: value_update done, starting policy_update
[DEBUG] train_step 7700: policy_update done
[step 07750] value_loss=2.039600 policy_loss=-0.432095
[step 07750] VALUE_DEBUG: target(mean=-11.18 std=5.70 min=-22.29 max=2.89) V(s)(mean=-10.78 std=5.18) reward(mean=-0.805 std=4.153) clip=50.0
[DEBUG] train_step 7750: starting episode collection
[DEBUG] train_step 7750: episodes collected, starting value_update
[DEBUG] train_step 7750: value_update done, starting policy_update
[DEBUG] train_step 7750: policy_update done
[step 07800] value_loss=12.762378 policy_loss=0.014465
[step 07800] VALUE_DEBUG: target(mean=-12.07 std=5.44 min=-21.73 max=1.84) V(s)(mean=-12.72 std=4.72) reward(mean=-0.554 std=4.408) clip=50.0
[step 07800] eval_success_rate=0.260 eval_mean_score=13.180 eval_policy_mode=greedy [solved=13/50, score_range=10.00-16.00/16.0, initial=9.00]
[step 07800] PROGRESS: filled=13.18 violations=0.00 zero_cand=0.00
[step 07800] DEBUG: ep_len=14.3 ep_ret=-9.103 stop_prob=0.000 score_chg=3.4775
[DEBUG] train_step 7800: starting episode collection
[DEBUG] train_step 7800: episodes collected, starting value_update
[DEBUG] train_step 7800: value_update done, starting policy_update
[DEBUG] train_step 7800: policy_update done
[step 07850] value_loss=6.266256 policy_loss=0.767286
[step 07850] VALUE_DEBUG: target(mean=-12.02 std=4.86 min=-21.85 max=2.36) V(s)(mean=-11.91 std=4.04) reward(mean=-0.449 std=3.697) clip=50.0
[DEBUG] train_step 7850: starting episode collection
[DEBUG] train_step 7850: episodes collected, starting value_update
[DEBUG] train_step 7850: value_update done, starting policy_update
[DEBUG] train_step 7850: policy_update done
[step 07900] value_loss=8.812209 policy_loss=-1.158699
[step 07900] VALUE_DEBUG: target(mean=-9.79 std=7.03 min=-20.74 max=6.55) V(s)(mean=-10.22 std=6.39) reward(mean=-0.518 std=3.998) clip=50.0
[step 07900] eval_success_rate=0.280 eval_mean_score=13.360 eval_policy_mode=greedy [solved=14/50, score_range=10.00-16.00/16.0, initial=9.00]
[step 07900] PROGRESS: filled=13.36 violations=0.00 zero_cand=0.00
[step 07900] DEBUG: ep_len=13.8 ep_ret=-7.703 stop_prob=0.000 score_chg=4.0250
[DEBUG] train_step 7900: starting episode collection
[DEBUG] train_step 7900: episodes collected, starting value_update
[DEBUG] train_step 7900: value_update done, starting policy_update
[DEBUG] train_step 7900: policy_update done
[step 07950] value_loss=5.893603 policy_loss=0.376968
[step 07950] VALUE_DEBUG: target(mean=-13.71 std=4.70 min=-21.21 max=2.13) V(s)(mean=-14.15 std=4.32) reward(mean=-1.517 std=4.572) clip=50.0
[DEBUG] train_step 7950: starting episode collection
[DEBUG] train_step 7950: episodes collected, starting value_update
[DEBUG] train_step 7950: value_update done, starting policy_update
[DEBUG] train_step 7950: policy_update done
[step 08000] value_loss=5.929584 policy_loss=0.228281
[step 08000] VALUE_DEBUG: target(mean=-13.33 std=4.61 min=-19.29 max=2.66) V(s)(mean=-13.30 std=4.03) reward(mean=-0.306 std=3.456) clip=50.0
[step 08000] eval_success_rate=0.280 eval_mean_score=13.080 eval_policy_mode=greedy [solved=14/50, score_range=10.00-16.00/16.0, initial=9.00]
[step 08000] PROGRESS: filled=13.08 violations=0.00 zero_cand=0.00
[step 08000] DEBUG: ep_len=13.9 ep_ret=-8.127 stop_prob=0.000 score_chg=3.7925
[Checkpoint] Saved to buiksat_trm/checkpoints/m1_nomask_persistent_nc_seed3/rl_checkpoint_step_8000.pt
[DEBUG] train_step 8000: starting episode collection
[DEBUG] train_step 8000: episodes collected, starting value_update
[DEBUG] train_step 8000: value_update done, starting policy_update
[DEBUG] train_step 8000: policy_update done
[step 08050] value_loss=6.552450 policy_loss=0.025435
[step 08050] VALUE_DEBUG: target(mean=-12.31 std=6.92 min=-22.79 max=3.09) V(s)(mean=-11.34 std=5.82) reward(mean=-1.520 std=4.484) clip=50.0
[DEBUG] train_step 8050: starting episode collection
[DEBUG] train_step 8050: episodes collected, starting value_update
[DEBUG] train_step 8050: value_update done, starting policy_update
[DEBUG] train_step 8050: policy_update done
[step 08100] value_loss=2.873687 policy_loss=0.201833
[step 08100] VALUE_DEBUG: target(mean=-13.66 std=4.36 min=-25.92 max=-1.62) V(s)(mean=-13.47 std=3.84) reward(mean=-1.552 std=4.878) clip=50.0
[step 08100] eval_success_rate=0.280 eval_mean_score=13.100 eval_policy_mode=greedy [solved=14/50, score_range=10.00-16.00/16.0, initial=9.00]
[step 08100] PROGRESS: filled=13.10 violations=0.00 zero_cand=0.00
[step 08100] DEBUG: ep_len=13.7 ep_ret=-7.612 stop_prob=0.000 score_chg=4.0700
[DEBUG] train_step 8100: starting episode collection
[DEBUG] train_step 8100: episodes collected, starting value_update
[DEBUG] train_step 8100: value_update done, starting policy_update
[DEBUG] train_step 8100: policy_update done
[step 08150] value_loss=4.241679 policy_loss=-0.084885
[step 08150] VALUE_DEBUG: target(mean=-10.38 std=6.57 min=-18.04 max=4.74) V(s)(mean=-9.80 std=6.26) reward(mean=-0.775 std=5.086) clip=50.0
[DEBUG] train_step 8150: starting episode collection
[DEBUG] train_step 8150: episodes collected, starting value_update
[DEBUG] train_step 8150: value_update done, starting policy_update
[DEBUG] train_step 8150: policy_update done
[step 08200] value_loss=0.977344 policy_loss=-0.449355
[step 08200] VALUE_DEBUG: target(mean=-9.96 std=6.59 min=-16.13 max=3.84) V(s)(mean=-10.20 std=6.39) reward(mean=0.078 std=3.244) clip=50.0
[step 08200] eval_success_rate=0.380 eval_mean_score=13.520 eval_policy_mode=greedy [solved=19/50, score_range=9.00-16.00/16.0, initial=9.00]
[step 08200] PROGRESS: filled=13.52 violations=0.00 zero_cand=0.00
[step 08200] DEBUG: ep_len=13.4 ep_ret=-7.555 stop_prob=0.000 score_chg=3.7350
[DEBUG] train_step 8200: starting episode collection
[DEBUG] train_step 8200: episodes collected, starting value_update
[DEBUG] train_step 8200: value_update done, starting policy_update
[DEBUG] train_step 8200: policy_update done
[step 08250] value_loss=6.231474 policy_loss=-0.475799
[step 08250] VALUE_DEBUG: target(mean=-10.51 std=6.57 min=-19.22 max=2.89) V(s)(mean=-10.73 std=7.34) reward(mean=-0.208 std=4.014) clip=50.0
[DEBUG] train_step 8250: starting episode collection
[DEBUG] train_step 8250: episodes collected, starting value_update
[DEBUG] train_step 8250: value_update done, starting policy_update
[DEBUG] train_step 8250: policy_update done
[step 08300] value_loss=7.856941 policy_loss=-0.088843
[step 08300] VALUE_DEBUG: target(mean=-9.43 std=6.71 min=-18.06 max=6.79) V(s)(mean=-10.16 std=6.47) reward(mean=1.162 std=2.385) clip=50.0
[step 08300] eval_success_rate=0.260 eval_mean_score=13.060 eval_policy_mode=greedy [solved=13/50, score_range=9.00-16.00/16.0, initial=9.00]
[step 08300] PROGRESS: filled=13.06 violations=0.00 zero_cand=0.00
[step 08300] DEBUG: ep_len=13.9 ep_ret=-8.263 stop_prob=0.000 score_chg=3.6075
[DEBUG] train_step 8300: starting episode collection
[DEBUG] train_step 8300: episodes collected, starting value_update
[DEBUG] train_step 8300: value_update done, starting policy_update
[DEBUG] train_step 8300: policy_update done
[step 08350] value_loss=3.283855 policy_loss=-1.651703
[step 08350] VALUE_DEBUG: target(mean=-13.07 std=3.99 min=-21.03 max=0.31) V(s)(mean=-12.72 std=3.77) reward(mean=-0.305 std=3.877) clip=50.0
[DEBUG] train_step 8350: starting episode collection
[DEBUG] train_step 8350: episodes collected, starting value_update
[DEBUG] train_step 8350: value_update done, starting policy_update
[DEBUG] train_step 8350: policy_update done
[step 08400] value_loss=5.470068 policy_loss=1.726270
[step 08400] VALUE_DEBUG: target(mean=-13.26 std=2.90 min=-17.84 max=-4.63) V(s)(mean=-13.67 std=2.74) reward(mean=-0.078 std=3.652) clip=50.0
[step 08400] eval_success_rate=0.280 eval_mean_score=13.640 eval_policy_mode=greedy [solved=14/50, score_range=9.00-16.00/16.0, initial=9.00]
[step 08400] PROGRESS: filled=13.64 violations=0.00 zero_cand=0.00
[step 08400] DEBUG: ep_len=14.0 ep_ret=-8.460 stop_prob=0.000 score_chg=3.6075
[DEBUG] train_step 8400: starting episode collection
[DEBUG] train_step 8400: episodes collected, starting value_update
[DEBUG] train_step 8400: value_update done, starting policy_update
[DEBUG] train_step 8400: policy_update done
[step 08450] value_loss=8.376116 policy_loss=-0.872064
[step 08450] VALUE_DEBUG: target(mean=-10.99 std=7.26 min=-19.34 max=6.84) V(s)(mean=-10.88 std=6.87) reward(mean=-0.368 std=4.184) clip=50.0
[DEBUG] train_step 8450: starting episode collection
[DEBUG] train_step 8450: episodes collected, starting value_update
[DEBUG] train_step 8450: value_update done, starting policy_update
[DEBUG] train_step 8450: policy_update done
[step 08500] value_loss=3.198167 policy_loss=0.744303
[step 08500] VALUE_DEBUG: target(mean=-11.96 std=5.61 min=-20.75 max=3.14) V(s)(mean=-12.37 std=5.65) reward(mean=-0.963 std=5.174) clip=50.0
[step 08500] eval_success_rate=0.200 eval_mean_score=13.300 eval_policy_mode=greedy [solved=10/50, score_range=9.00-16.00/16.0, initial=9.00]
[step 08500] PROGRESS: filled=13.30 violations=0.00 zero_cand=0.00
[step 08500] DEBUG: ep_len=14.1 ep_ret=-8.322 stop_prob=0.000 score_chg=3.5225
[DEBUG] train_step 8500: starting episode collection
[DEBUG] train_step 8500: episodes collected, starting value_update
[DEBUG] train_step 8500: value_update done, starting policy_update
[DEBUG] train_step 8500: policy_update done
[step 08550] value_loss=5.096340 policy_loss=0.208926
[step 08550] VALUE_DEBUG: target(mean=-11.26 std=5.40 min=-18.90 max=3.78) V(s)(mean=-11.35 std=5.39) reward(mean=-0.296 std=2.635) clip=50.0
[DEBUG] train_step 8550: starting episode collection
[DEBUG] train_step 8550: episodes collected, starting value_update
[DEBUG] train_step 8550: value_update done, starting policy_update
[DEBUG] train_step 8550: policy_update done
[step 08600] value_loss=4.699448 policy_loss=-0.149805
[step 08600] VALUE_DEBUG: target(mean=-12.44 std=6.79 min=-22.66 max=2.86) V(s)(mean=-11.77 std=6.10) reward(mean=-1.484 std=4.271) clip=50.0
[step 08600] eval_success_rate=0.260 eval_mean_score=13.560 eval_policy_mode=greedy [solved=13/50, score_range=10.00-16.00/16.0, initial=9.00]
[step 08600] PROGRESS: filled=13.56 violations=0.00 zero_cand=0.00
[step 08600] DEBUG: ep_len=14.0 ep_ret=-7.540 stop_prob=0.000 score_chg=4.2600
[DEBUG] train_step 8600: starting episode collection
[DEBUG] train_step 8600: episodes collected, starting value_update
[DEBUG] train_step 8600: value_update done, starting policy_update
[DEBUG] train_step 8600: policy_update done
[step 08650] value_loss=3.893251 policy_loss=-0.790071
[step 08650] VALUE_DEBUG: target(mean=-11.04 std=6.33 min=-17.54 max=2.96) V(s)(mean=-10.60 std=6.71) reward(mean=-0.930 std=4.443) clip=50.0
[DEBUG] train_step 8650: starting episode collection
[DEBUG] train_step 8650: episodes collected, starting value_update
[DEBUG] train_step 8650: value_update done, starting policy_update
[DEBUG] train_step 8650: policy_update done
[step 08700] value_loss=7.793373 policy_loss=0.461138
[step 08700] VALUE_DEBUG: target(mean=-8.50 std=8.05 min=-18.21 max=7.91) V(s)(mean=-9.38 std=7.26) reward(mean=0.138 std=3.372) clip=50.0
[step 08700] eval_success_rate=0.260 eval_mean_score=13.680 eval_policy_mode=greedy [solved=13/50, score_range=9.00-16.00/16.0, initial=9.00]
[step 08700] PROGRESS: filled=13.68 violations=0.00 zero_cand=0.00
[step 08700] DEBUG: ep_len=14.1 ep_ret=-8.356 stop_prob=0.000 score_chg=3.8600
[DEBUG] train_step 8700: starting episode collection
[DEBUG] train_step 8700: episodes collected, starting value_update
[DEBUG] train_step 8700: value_update done, starting policy_update
[DEBUG] train_step 8700: policy_update done
[step 08750] value_loss=2.239469 policy_loss=0.179532
[step 08750] VALUE_DEBUG: target(mean=-13.40 std=4.23 min=-19.17 max=3.90) V(s)(mean=-13.18 std=4.13) reward(mean=-0.574 std=3.060) clip=50.0
[DEBUG] train_step 8750: starting episode collection
[DEBUG] train_step 8750: episodes collected, starting value_update
[DEBUG] train_step 8750: value_update done, starting policy_update
[DEBUG] train_step 8750: policy_update done
[step 08800] value_loss=1.974072 policy_loss=0.296784
[step 08800] VALUE_DEBUG: target(mean=-9.97 std=7.24 min=-20.91 max=4.23) V(s)(mean=-9.70 std=6.66) reward(mean=-0.083 std=3.068) clip=50.0
[step 08800] eval_success_rate=0.220 eval_mean_score=13.480 eval_policy_mode=greedy [solved=11/50, score_range=9.00-16.00/16.0, initial=9.00]
[step 08800] PROGRESS: filled=13.48 violations=0.00 zero_cand=0.00
[step 08800] DEBUG: ep_len=13.8 ep_ret=-7.582 stop_prob=0.000 score_chg=4.2300
[DEBUG] train_step 8800: starting episode collection
[DEBUG] train_step 8800: episodes collected, starting value_update
[DEBUG] train_step 8800: value_update done, starting policy_update
[DEBUG] train_step 8800: policy_update done
[step 08850] value_loss=1.325600 policy_loss=0.785795
[step 08850] VALUE_DEBUG: target(mean=-8.40 std=7.90 min=-17.22 max=4.68) V(s)(mean=-8.83 std=7.33) reward(mean=0.515 std=0.829) clip=50.0
[DEBUG] train_step 8850: starting episode collection
[DEBUG] train_step 8850: episodes collected, starting value_update
[DEBUG] train_step 8850: value_update done, starting policy_update
[DEBUG] train_step 8850: policy_update done
[step 08900] value_loss=6.989410 policy_loss=0.856704
[step 08900] VALUE_DEBUG: target(mean=-10.30 std=7.32 min=-21.05 max=3.33) V(s)(mean=-9.27 std=6.87) reward(mean=-0.894 std=3.443) clip=50.0
[step 08900] eval_success_rate=0.300 eval_mean_score=13.400 eval_policy_mode=greedy [solved=15/50, score_range=9.00-16.00/16.0, initial=9.00]
[step 08900] PROGRESS: filled=13.40 violations=0.00 zero_cand=0.00
[step 08900] DEBUG: ep_len=13.8 ep_ret=-7.569 stop_prob=0.000 score_chg=4.2375
[DEBUG] train_step 8900: starting episode collection
[DEBUG] train_step 8900: episodes collected, starting value_update
[DEBUG] train_step 8900: value_update done, starting policy_update
[DEBUG] train_step 8900: policy_update done
[step 08950] value_loss=14.287146 policy_loss=-0.162814
[step 08950] VALUE_DEBUG: target(mean=-11.51 std=7.34 min=-22.53 max=6.84) V(s)(mean=-11.12 std=6.33) reward(mean=-1.078 std=3.928) clip=50.0
[DEBUG] train_step 8950: starting episode collection
[DEBUG] train_step 8950: episodes collected, starting value_update
[DEBUG] train_step 8950: value_update done, starting policy_update
[DEBUG] train_step 8950: policy_update done
[step 09000] value_loss=4.133963 policy_loss=0.574336
[step 09000] VALUE_DEBUG: target(mean=-9.01 std=7.50 min=-23.58 max=3.64) V(s)(mean=-8.53 std=7.06) reward(mean=-0.212 std=3.649) clip=50.0
[step 09000] eval_success_rate=0.260 eval_mean_score=13.340 eval_policy_mode=greedy [solved=13/50, score_range=10.00-16.00/16.0, initial=9.00]
[step 09000] PROGRESS: filled=13.34 violations=0.00 zero_cand=0.00
[step 09000] DEBUG: ep_len=13.8 ep_ret=-8.194 stop_prob=0.000 score_chg=3.7975
[Checkpoint] Saved to buiksat_trm/checkpoints/m1_nomask_persistent_nc_seed3/rl_checkpoint_step_9000.pt
[DEBUG] train_step 9000: starting episode collection
[DEBUG] train_step 9000: episodes collected, starting value_update
[DEBUG] train_step 9000: value_update done, starting policy_update
[DEBUG] train_step 9000: policy_update done
[step 09050] value_loss=5.300945 policy_loss=-0.926543
[step 09050] VALUE_DEBUG: target(mean=-11.57 std=6.45 min=-20.69 max=3.46) V(s)(mean=-10.96 std=6.21) reward(mean=-1.957 std=5.786) clip=50.0
[DEBUG] train_step 9050: starting episode collection
[DEBUG] train_step 9050: episodes collected, starting value_update
[DEBUG] train_step 9050: value_update done, starting policy_update
[DEBUG] train_step 9050: policy_update done
[step 09100] value_loss=8.563588 policy_loss=0.358157
[step 09100] VALUE_DEBUG: target(mean=-8.99 std=8.58 min=-24.22 max=8.92) V(s)(mean=-8.88 std=7.30) reward(mean=0.456 std=3.309) clip=50.0
[step 09100] eval_success_rate=0.300 eval_mean_score=13.520 eval_policy_mode=greedy [solved=15/50, score_range=10.00-16.00/16.0, initial=9.00]
[step 09100] PROGRESS: filled=13.52 violations=0.00 zero_cand=0.00
[step 09100] DEBUG: ep_len=13.5 ep_ret=-7.018 stop_prob=0.000 score_chg=4.0425
[DEBUG] train_step 9100: starting episode collection
[DEBUG] train_step 9100: episodes collected, starting value_update
[DEBUG] train_step 9100: value_update done, starting policy_update
[DEBUG] train_step 9100: policy_update done
[step 09150] value_loss=2.658530 policy_loss=-0.236527
[step 09150] VALUE_DEBUG: target(mean=-9.50 std=7.47 min=-19.33 max=4.86) V(s)(mean=-10.10 std=7.19) reward(mean=0.428 std=1.565) clip=50.0
[DEBUG] train_step 9150: starting episode collection
[DEBUG] train_step 9150: episodes collected, starting value_update
[DEBUG] train_step 9150: value_update done, starting policy_update
[DEBUG] train_step 9150: policy_update done
[step 09200] value_loss=10.037313 policy_loss=0.377074
[step 09200] VALUE_DEBUG: target(mean=-10.97 std=8.18 min=-27.87 max=4.47) V(s)(mean=-10.55 std=7.44) reward(mean=-1.077 std=4.033) clip=50.0
[step 09200] eval_success_rate=0.340 eval_mean_score=13.860 eval_policy_mode=greedy [solved=17/50, score_range=10.00-16.00/16.0, initial=9.00]
[step 09200] PROGRESS: filled=13.86 violations=0.00 zero_cand=0.00
[step 09200] DEBUG: ep_len=13.3 ep_ret=-6.184 stop_prob=0.000 score_chg=4.4725
[DEBUG] train_step 9200: starting episode collection
[DEBUG] train_step 9200: episodes collected, starting value_update
[DEBUG] train_step 9200: value_update done, starting policy_update
[DEBUG] train_step 9200: policy_update done
[step 09250] value_loss=4.498857 policy_loss=-0.363542
[step 09250] VALUE_DEBUG: target(mean=-9.51 std=7.27 min=-17.71 max=4.32) V(s)(mean=-9.96 std=7.19) reward(mean=0.388 std=2.350) clip=50.0
[DEBUG] train_step 9250: starting episode collection
[DEBUG] train_step 9250: episodes collected, starting value_update
[DEBUG] train_step 9250: value_update done, starting policy_update
[DEBUG] train_step 9250: policy_update done
[step 09300] value_loss=5.810957 policy_loss=0.727612
[step 09300] VALUE_DEBUG: target(mean=-10.46 std=8.24 min=-22.03 max=7.57) V(s)(mean=-10.43 std=7.40) reward(mean=-1.182 std=5.870) clip=50.0
[step 09300] eval_success_rate=0.280 eval_mean_score=13.520 eval_policy_mode=greedy [solved=14/50, score_range=10.00-16.00/16.0, initial=9.00]
[step 09300] PROGRESS: filled=13.52 violations=0.00 zero_cand=0.00
[step 09300] DEBUG: ep_len=13.5 ep_ret=-6.681 stop_prob=0.000 score_chg=4.2675
[DEBUG] train_step 9300: starting episode collection
[DEBUG] train_step 9300: episodes collected, starting value_update
[DEBUG] train_step 9300: value_update done, starting policy_update
[DEBUG] train_step 9300: policy_update done
[step 09350] value_loss=6.706794 policy_loss=0.701644
[step 09350] VALUE_DEBUG: target(mean=-12.01 std=5.73 min=-22.12 max=3.05) V(s)(mean=-12.09 std=5.58) reward(mean=0.262 std=2.650) clip=50.0
[DEBUG] train_step 9350: starting episode collection
[DEBUG] train_step 9350: episodes collected, starting value_update
[DEBUG] train_step 9350: value_update done, starting policy_update
[DEBUG] train_step 9350: policy_update done
[step 09400] value_loss=5.898571 policy_loss=-1.338627
[step 09400] VALUE_DEBUG: target(mean=-10.99 std=7.41 min=-19.05 max=5.12) V(s)(mean=-10.92 std=6.89) reward(mean=-1.866 std=5.846) clip=50.0
[step 09400] eval_success_rate=0.280 eval_mean_score=13.580 eval_policy_mode=greedy [solved=14/50, score_range=10.00-16.00/16.0, initial=9.00]
[step 09400] PROGRESS: filled=13.58 violations=0.00 zero_cand=0.00
[step 09400] DEBUG: ep_len=13.4 ep_ret=-6.367 stop_prob=0.000 score_chg=4.2100
[DEBUG] train_step 9400: starting episode collection
[DEBUG] train_step 9400: episodes collected, starting value_update
[DEBUG] train_step 9400: value_update done, starting policy_update
[DEBUG] train_step 9400: policy_update done
[step 09450] value_loss=7.927908 policy_loss=0.029460
[step 09450] VALUE_DEBUG: target(mean=-9.79 std=7.56 min=-21.91 max=4.58) V(s)(mean=-9.94 std=7.20) reward(mean=0.357 std=2.760) clip=50.0
[DEBUG] train_step 9450: starting episode collection
[DEBUG] train_step 9450: episodes collected, starting value_update
[DEBUG] train_step 9450: value_update done, starting policy_update
[DEBUG] train_step 9450: policy_update done
[step 09500] value_loss=5.278761 policy_loss=-0.203127
[step 09500] VALUE_DEBUG: target(mean=-8.82 std=8.41 min=-19.47 max=8.08) V(s)(mean=-9.12 std=7.47) reward(mean=0.045 std=2.713) clip=50.0
[step 09500] eval_success_rate=0.280 eval_mean_score=13.180 eval_policy_mode=greedy [solved=14/50, score_range=10.00-16.00/16.0, initial=9.00]
[step 09500] PROGRESS: filled=13.18 violations=0.00 zero_cand=0.00
[step 09500] DEBUG: ep_len=13.2 ep_ret=-5.500 stop_prob=0.000 score_chg=4.4075
[DEBUG] train_step 9500: starting episode collection
[DEBUG] train_step 9500: episodes collected, starting value_update
[DEBUG] train_step 9500: value_update done, starting policy_update
[DEBUG] train_step 9500: policy_update done
[step 09550] value_loss=5.386042 policy_loss=-0.323000
[step 09550] VALUE_DEBUG: target(mean=-8.20 std=6.96 min=-17.80 max=4.61) V(s)(mean=-9.05 std=7.28) reward(mean=0.817 std=1.964) clip=50.0
[DEBUG] train_step 9550: starting episode collection
[DEBUG] train_step 9550: episodes collected, starting value_update
[DEBUG] train_step 9550: value_update done, starting policy_update
[DEBUG] train_step 9550: policy_update done
[step 09600] value_loss=3.676118 policy_loss=-0.070209
[step 09600] VALUE_DEBUG: target(mean=-9.33 std=7.54 min=-19.01 max=5.24) V(s)(mean=-9.47 std=7.56) reward(mean=-0.294 std=3.573) clip=50.0
[step 09600] eval_success_rate=0.320 eval_mean_score=13.880 eval_policy_mode=greedy [solved=16/50, score_range=9.00-16.00/16.0, initial=9.00]
[step 09600] PROGRESS: filled=13.88 violations=0.00 zero_cand=0.00
[step 09600] DEBUG: ep_len=12.9 ep_ret=-5.288 stop_prob=0.000 score_chg=4.2500
[DEBUG] train_step 9600: starting episode collection
[DEBUG] train_step 9600: episodes collected, starting value_update
[DEBUG] train_step 9600: value_update done, starting policy_update
[DEBUG] train_step 9600: policy_update done
[step 09650] value_loss=5.654127 policy_loss=0.479847
[step 09650] VALUE_DEBUG: target(mean=-9.89 std=7.65 min=-21.10 max=4.09) V(s)(mean=-9.77 std=7.47) reward(mean=-1.212 std=5.415) clip=50.0
[DEBUG] train_step 9650: starting episode collection
[DEBUG] train_step 9650: episodes collected, starting value_update
[DEBUG] train_step 9650: value_update done, starting policy_update
[DEBUG] train_step 9650: policy_update done
[step 09700] value_loss=16.237190 policy_loss=-0.135719
[step 09700] VALUE_DEBUG: target(mean=-10.01 std=8.56 min=-23.43 max=10.64) V(s)(mean=-10.08 std=7.80) reward(mean=-0.931 std=4.720) clip=50.0
[step 09700] eval_success_rate=0.380 eval_mean_score=13.860 eval_policy_mode=greedy [solved=19/50, score_range=9.00-16.00/16.0, initial=9.00]
[step 09700] PROGRESS: filled=13.86 violations=0.00 zero_cand=0.00
[step 09700] DEBUG: ep_len=13.1 ep_ret=-5.880 stop_prob=0.000 score_chg=4.4375
[DEBUG] train_step 9700: starting episode collection
[DEBUG] train_step 9700: episodes collected, starting value_update
[DEBUG] train_step 9700: value_update done, starting policy_update
[DEBUG] train_step 9700: policy_update done
[step 09750] value_loss=9.482019 policy_loss=-0.202413
[step 09750] VALUE_DEBUG: target(mean=-9.85 std=7.04 min=-17.86 max=4.02) V(s)(mean=-9.74 std=7.58) reward(mean=-1.016 std=3.914) clip=50.0
[DEBUG] train_step 9750: starting episode collection
[DEBUG] train_step 9750: episodes collected, starting value_update
[DEBUG] train_step 9750: value_update done, starting policy_update
[DEBUG] train_step 9750: policy_update done
[step 09800] value_loss=4.631432 policy_loss=0.268703
[step 09800] VALUE_DEBUG: target(mean=-6.50 std=8.17 min=-16.14 max=7.70) V(s)(mean=-7.15 std=7.91) reward(mean=-0.410 std=5.333) clip=50.0
[step 09800] eval_success_rate=0.300 eval_mean_score=13.740 eval_policy_mode=greedy [solved=15/50, score_range=10.00-16.00/16.0, initial=9.00]
[step 09800] PROGRESS: filled=13.74 violations=0.00 zero_cand=0.00
[step 09800] DEBUG: ep_len=13.0 ep_ret=-5.650 stop_prob=0.000 score_chg=4.2525
[DEBUG] train_step 9800: starting episode collection
[DEBUG] train_step 9800: episodes collected, starting value_update
[DEBUG] train_step 9800: value_update done, starting policy_update
[DEBUG] train_step 9800: policy_update done
[step 09850] value_loss=13.513243 policy_loss=0.363271
[step 09850] VALUE_DEBUG: target(mean=-10.31 std=8.08 min=-20.39 max=7.25) V(s)(mean=-10.96 std=6.98) reward(mean=-0.393 std=4.665) clip=50.0
[DEBUG] train_step 9850: starting episode collection
[DEBUG] train_step 9850: episodes collected, starting value_update
[DEBUG] train_step 9850: value_update done, starting policy_update
[DEBUG] train_step 9850: policy_update done
[step 09900] value_loss=3.427346 policy_loss=0.162881
[step 09900] VALUE_DEBUG: target(mean=-9.98 std=7.82 min=-19.55 max=6.27) V(s)(mean=-9.31 std=7.82) reward(mean=-0.980 std=4.252) clip=50.0
[step 09900] eval_success_rate=0.320 eval_mean_score=13.640 eval_policy_mode=greedy [solved=16/50, score_range=9.00-16.00/16.0, initial=9.00]
[step 09900] PROGRESS: filled=13.64 violations=0.00 zero_cand=0.00
[step 09900] DEBUG: ep_len=12.6 ep_ret=-4.330 stop_prob=0.000 score_chg=4.9250
[DEBUG] train_step 9900: starting episode collection
[DEBUG] train_step 9900: episodes collected, starting value_update
[DEBUG] train_step 9900: value_update done, starting policy_update
[DEBUG] train_step 9900: policy_update done
[step 09950] value_loss=3.485374 policy_loss=0.320597
[step 09950] VALUE_DEBUG: target(mean=-10.94 std=7.47 min=-21.05 max=5.86) V(s)(mean=-11.14 std=7.16) reward(mean=-0.989 std=4.357) clip=50.0
[DEBUG] train_step 9950: starting episode collection
[DEBUG] train_step 9950: episodes collected, starting value_update
[DEBUG] train_step 9950: value_update done, starting policy_update
[DEBUG] train_step 9950: policy_update done
[step 10000] value_loss=5.345013 policy_loss=-0.326414
[step 10000] VALUE_DEBUG: target(mean=-10.15 std=6.80 min=-17.43 max=6.00) V(s)(mean=-10.74 std=6.74) reward(mean=-0.174 std=3.503) clip=50.0
[step 10000] eval_success_rate=0.400 eval_mean_score=13.800 eval_policy_mode=greedy [solved=20/50, score_range=10.00-16.00/16.0, initial=9.00]
[step 10000] PROGRESS: filled=13.80 violations=0.00 zero_cand=0.00
[step 10000] DEBUG: ep_len=12.9 ep_ret=-5.323 stop_prob=0.000 score_chg=4.6700
[Checkpoint] Saved to buiksat_trm/checkpoints/m1_nomask_persistent_nc_seed3/rl_checkpoint_step_10000.pt
[DEBUG] train_step 10000: starting episode collection
[DEBUG] train_step 10000: episodes collected, starting value_update
[DEBUG] train_step 10000: value_update done, starting policy_update
[DEBUG] train_step 10000: policy_update done
[step 10050] value_loss=19.374546 policy_loss=-0.422304
[step 10050] VALUE_DEBUG: target(mean=-11.25 std=9.11 min=-23.70 max=8.33) V(s)(mean=-10.28 std=7.98) reward(mean=-1.472 std=4.594) clip=50.0
[DEBUG] train_step 10050: starting episode collection
[DEBUG] train_step 10050: episodes collected, starting value_update
[DEBUG] train_step 10050: value_update done, starting policy_update
[DEBUG] train_step 10050: policy_update done
[step 10100] value_loss=1.946422 policy_loss=0.022208
[step 10100] VALUE_DEBUG: target(mean=-11.35 std=6.45 min=-17.79 max=4.67) V(s)(mean=-11.11 std=6.53) reward(mean=-1.011 std=4.435) clip=50.0
[step 10100] eval_success_rate=0.360 eval_mean_score=14.040 eval_policy_mode=greedy [solved=18/50, score_range=9.00-16.00/16.0, initial=9.00]
[step 10100] PROGRESS: filled=14.04 violations=0.00 zero_cand=0.00
[step 10100] DEBUG: ep_len=12.4 ep_ret=-3.693 stop_prob=0.000 score_chg=4.9525
[DEBUG] train_step 10100: starting episode collection
[DEBUG] train_step 10100: episodes collected, starting value_update
[DEBUG] train_step 10100: value_update done, starting policy_update
[DEBUG] train_step 10100: policy_update done
[step 10150] value_loss=6.354992 policy_loss=-0.434551
[step 10150] VALUE_DEBUG: target(mean=-10.85 std=6.26 min=-24.38 max=3.90) V(s)(mean=-10.30 std=6.63) reward(mean=-0.240 std=3.570) clip=50.0
[DEBUG] train_step 10150: starting episode collection
[DEBUG] train_step 10150: episodes collected, starting value_update
[DEBUG] train_step 10150: value_update done, starting policy_update
[DEBUG] train_step 10150: policy_update done
[step 10200] value_loss=11.475817 policy_loss=0.066901
[step 10200] VALUE_DEBUG: target(mean=-9.59 std=8.90 min=-21.41 max=9.65) V(s)(mean=-8.98 std=7.56) reward(mean=-1.429 std=4.603) clip=50.0
[step 10200] eval_success_rate=0.280 eval_mean_score=13.760 eval_policy_mode=greedy [solved=14/50, score_range=10.00-16.00/16.0, initial=9.00]
[step 10200] PROGRESS: filled=13.76 violations=0.00 zero_cand=0.00
[step 10200] DEBUG: ep_len=12.6 ep_ret=-4.302 stop_prob=0.000 score_chg=4.8650
[DEBUG] train_step 10200: starting episode collection
[DEBUG] train_step 10200: episodes collected, starting value_update
[DEBUG] train_step 10200: value_update done, starting policy_update
[DEBUG] train_step 10200: policy_update done
[step 10250] value_loss=12.270872 policy_loss=-0.022007
[step 10250] VALUE_DEBUG: target(mean=-7.86 std=7.34 min=-16.50 max=9.49) V(s)(mean=-8.61 std=6.60) reward(mean=0.602 std=3.600) clip=50.0
[DEBUG] train_step 10250: starting episode collection
[DEBUG] train_step 10250: episodes collected, starting value_update
[DEBUG] train_step 10250: value_update done, starting policy_update
[DEBUG] train_step 10250: policy_update done
[step 10300] value_loss=18.123545 policy_loss=1.007624
[step 10300] VALUE_DEBUG: target(mean=-7.29 std=9.79 min=-23.89 max=6.56) V(s)(mean=-7.01 std=8.61) reward(mean=-0.235 std=3.949) clip=50.0
[step 10300] eval_success_rate=0.300 eval_mean_score=13.680 eval_policy_mode=greedy [solved=15/50, score_range=9.00-16.00/16.0, initial=9.00]
[step 10300] PROGRESS: filled=13.68 violations=0.00 zero_cand=0.00
[step 10300] DEBUG: ep_len=13.5 ep_ret=-6.145 stop_prob=0.000 score_chg=4.7000
[DEBUG] train_step 10300: starting episode collection
[DEBUG] train_step 10300: episodes collected, starting value_update
[DEBUG] train_step 10300: value_update done, starting policy_update
[DEBUG] train_step 10300: policy_update done
[step 10350] value_loss=8.317022 policy_loss=0.478766
[step 10350] VALUE_DEBUG: target(mean=-8.20 std=8.08 min=-17.67 max=5.53) V(s)(mean=-7.79 std=8.19) reward(mean=-0.052 std=3.154) clip=50.0
[DEBUG] train_step 10350: starting episode collection
[DEBUG] train_step 10350: episodes collected, starting value_update
[DEBUG] train_step 10350: value_update done, starting policy_update
[DEBUG] train_step 10350: policy_update done
[step 10400] value_loss=5.438952 policy_loss=0.378034
[step 10400] VALUE_DEBUG: target(mean=-8.51 std=8.27 min=-19.03 max=9.17) V(s)(mean=-9.36 std=7.54) reward(mean=0.508 std=3.640) clip=50.0
[step 10400] eval_success_rate=0.380 eval_mean_score=13.720 eval_policy_mode=greedy [solved=19/50, score_range=9.00-16.00/16.0, initial=9.00]
[step 10400] PROGRESS: filled=13.72 violations=0.00 zero_cand=0.00
[step 10400] DEBUG: ep_len=13.3 ep_ret=-5.840 stop_prob=0.000 score_chg=4.5450
[DEBUG] train_step 10400: starting episode collection
[DEBUG] train_step 10400: episodes collected, starting value_update
[DEBUG] train_step 10400: value_update done, starting policy_update
[DEBUG] train_step 10400: policy_update done
[step 10450] value_loss=19.323198 policy_loss=-1.019039
[step 10450] VALUE_DEBUG: target(mean=-10.96 std=7.31 min=-20.43 max=7.00) V(s)(mean=-9.57 std=7.27) reward(mean=-1.896 std=5.544) clip=50.0
[DEBUG] train_step 10450: starting episode collection
[DEBUG] train_step 10450: episodes collected, starting value_update
[DEBUG] train_step 10450: value_update done, starting policy_update
[DEBUG] train_step 10450: policy_update done
[step 10500] value_loss=6.172659 policy_loss=-0.572218
[step 10500] VALUE_DEBUG: target(mean=-9.17 std=8.31 min=-24.75 max=9.39) V(s)(mean=-8.34 std=7.91) reward(mean=-0.900 std=3.669) clip=50.0
[step 10500] eval_success_rate=0.320 eval_mean_score=13.320 eval_policy_mode=greedy [solved=16/50, score_range=9.00-16.00/16.0, initial=9.00]
[step 10500] PROGRESS: filled=13.32 violations=0.00 zero_cand=0.00
[step 10500] DEBUG: ep_len=13.3 ep_ret=-6.622 stop_prob=0.000 score_chg=4.5350
[DEBUG] train_step 10500: starting episode collection
[DEBUG] train_step 10500: episodes collected, starting value_update
[DEBUG] train_step 10500: value_update done, starting policy_update
[DEBUG] train_step 10500: policy_update done
[step 10550] value_loss=7.167825 policy_loss=-1.504554
[step 10550] VALUE_DEBUG: target(mean=-9.34 std=8.10 min=-24.45 max=5.57) V(s)(mean=-8.84 std=7.59) reward(mean=-0.148 std=3.069) clip=50.0
[DEBUG] train_step 10550: starting episode collection
[DEBUG] train_step 10550: episodes collected, starting value_update
[DEBUG] train_step 10550: value_update done, starting policy_update
[DEBUG] train_step 10550: policy_update done
[step 10600] value_loss=19.138035 policy_loss=0.327747
[step 10600] VALUE_DEBUG: target(mean=-8.91 std=8.81 min=-22.08 max=7.40) V(s)(mean=-8.37 std=8.10) reward(mean=-1.021 std=4.044) clip=50.0
[step 10600] eval_success_rate=0.340 eval_mean_score=13.500 eval_policy_mode=greedy [solved=17/50, score_range=9.00-16.00/16.0, initial=9.00]
[step 10600] PROGRESS: filled=13.50 violations=0.00 zero_cand=0.00
[step 10600] DEBUG: ep_len=13.4 ep_ret=-7.221 stop_prob=0.000 score_chg=4.2300
[DEBUG] train_step 10600: starting episode collection
[DEBUG] train_step 10600: episodes collected, starting value_update
[DEBUG] train_step 10600: value_update done, starting policy_update
[DEBUG] train_step 10600: policy_update done
[step 10650] value_loss=4.047789 policy_loss=-0.617584
[step 10650] VALUE_DEBUG: target(mean=-7.68 std=8.22 min=-18.43 max=6.83) V(s)(mean=-7.64 std=8.21) reward(mean=-0.182 std=3.451) clip=50.0
[DEBUG] train_step 10650: starting episode collection
[DEBUG] train_step 10650: episodes collected, starting value_update
[DEBUG] train_step 10650: value_update done, starting policy_update
[DEBUG] train_step 10650: policy_update done
[step 10700] value_loss=27.441612 policy_loss=1.194586
[step 10700] VALUE_DEBUG: target(mean=-6.37 std=8.83 min=-17.88 max=10.24) V(s)(mean=-7.17 std=8.19) reward(mean=-2.305 std=6.790) clip=50.0
[step 10700] eval_success_rate=0.340 eval_mean_score=13.280 eval_policy_mode=greedy [solved=17/50, score_range=9.00-16.00/16.0, initial=9.00]
[step 10700] PROGRESS: filled=13.28 violations=0.00 zero_cand=0.00
[step 10700] DEBUG: ep_len=13.5 ep_ret=-6.597 stop_prob=0.000 score_chg=4.5400
[DEBUG] train_step 10700: starting episode collection
[DEBUG] train_step 10700: episodes collected, starting value_update
[DEBUG] train_step 10700: value_update done, starting policy_update
[DEBUG] train_step 10700: policy_update done
[step 10750] value_loss=5.103385 policy_loss=-0.344675
[step 10750] VALUE_DEBUG: target(mean=-8.21 std=8.47 min=-22.83 max=5.46) V(s)(mean=-7.93 std=8.27) reward(mean=0.264 std=2.674) clip=50.0
[DEBUG] train_step 10750: starting episode collection
[DEBUG] train_step 10750: episodes collected, starting value_update
[DEBUG] train_step 10750: value_update done, starting policy_update
[DEBUG] train_step 10750: policy_update done
[step 10800] value_loss=18.444534 policy_loss=-0.055482
[step 10800] VALUE_DEBUG: target(mean=-10.91 std=8.85 min=-22.07 max=8.67) V(s)(mean=-10.20 std=8.37) reward(mean=-2.205 std=6.884) clip=50.0
[step 10800] eval_success_rate=0.340 eval_mean_score=13.560 eval_policy_mode=greedy [solved=17/50, score_range=9.00-16.00/16.0, initial=9.00]
[step 10800] PROGRESS: filled=13.56 violations=0.00 zero_cand=0.00
[step 10800] DEBUG: ep_len=13.1 ep_ret=-5.067 stop_prob=0.000 score_chg=4.7075
[DEBUG] train_step 10800: starting episode collection
[DEBUG] train_step 10800: episodes collected, starting value_update
[DEBUG] train_step 10800: value_update done, starting policy_update
[DEBUG] train_step 10800: policy_update done
[step 10850] value_loss=10.492048 policy_loss=0.134513
[step 10850] VALUE_DEBUG: target(mean=-9.60 std=7.50 min=-19.51 max=6.83) V(s)(mean=-9.62 std=7.63) reward(mean=-1.546 std=5.833) clip=50.0
[DEBUG] train_step 10850: starting episode collection
[DEBUG] train_step 10850: episodes collected, starting value_update
[DEBUG] train_step 10850: value_update done, starting policy_update
[DEBUG] train_step 10850: policy_update done
[step 10900] value_loss=3.269892 policy_loss=0.431094
[step 10900] VALUE_DEBUG: target(mean=-7.54 std=8.30 min=-21.10 max=4.89) V(s)(mean=-7.59 std=7.69) reward(mean=-0.649 std=4.730) clip=50.0
[step 10900] eval_success_rate=0.280 eval_mean_score=13.560 eval_policy_mode=greedy [solved=14/50, score_range=10.00-16.00/16.0, initial=9.00]
[step 10900] PROGRESS: filled=13.56 violations=0.00 zero_cand=0.00
[step 10900] DEBUG: ep_len=12.9 ep_ret=-4.948 stop_prob=0.000 score_chg=4.7625
[DEBUG] train_step 10900: starting episode collection
[DEBUG] train_step 10900: episodes collected, starting value_update
[DEBUG] train_step 10900: value_update done, starting policy_update
[DEBUG] train_step 10900: policy_update done
[step 10950] value_loss=12.593066 policy_loss=0.117067
[step 10950] VALUE_DEBUG: target(mean=-6.93 std=8.41 min=-19.32 max=6.84) V(s)(mean=-7.07 std=7.99) reward(mean=-0.407 std=4.365) clip=50.0
[DEBUG] train_step 10950: starting episode collection
[DEBUG] train_step 10950: episodes collected, starting value_update
[DEBUG] train_step 10950: value_update done, starting policy_update
[DEBUG] train_step 10950: policy_update done
[step 11000] value_loss=5.698053 policy_loss=-0.681176
[step 11000] VALUE_DEBUG: target(mean=-5.10 std=8.95 min=-21.28 max=11.22) V(s)(mean=-5.73 std=8.28) reward(mean=0.972 std=2.511) clip=50.0
[step 11000] eval_success_rate=0.160 eval_mean_score=13.100 eval_policy_mode=greedy [solved=8/50, score_range=9.00-16.00/16.0, initial=9.00]
[step 11000] PROGRESS: filled=13.10 violations=0.00 zero_cand=0.00
[step 11000] DEBUG: ep_len=13.9 ep_ret=-7.259 stop_prob=0.000 score_chg=4.6350
[Checkpoint] Saved to buiksat_trm/checkpoints/m1_nomask_persistent_nc_seed3/rl_checkpoint_step_11000.pt
[DEBUG] train_step 11000: starting episode collection
[DEBUG] train_step 11000: episodes collected, starting value_update
[DEBUG] train_step 11000: value_update done, starting policy_update
[DEBUG] train_step 11000: policy_update done
[step 11050] value_loss=13.471104 policy_loss=-0.074555
[step 11050] VALUE_DEBUG: target(mean=-4.80 std=8.92 min=-20.06 max=9.87) V(s)(mean=-3.96 std=8.18) reward(mean=-1.299 std=5.394) clip=50.0
[DEBUG] train_step 11050: starting episode collection
[DEBUG] train_step 11050: episodes collected, starting value_update
[DEBUG] train_step 11050: value_update done, starting policy_update
[DEBUG] train_step 11050: policy_update done
[step 11100] value_loss=2.450664 policy_loss=-0.123995
[step 11100] VALUE_DEBUG: target(mean=-8.97 std=8.31 min=-20.04 max=6.17) V(s)(mean=-8.94 std=7.88) reward(mean=0.015 std=2.185) clip=50.0
[step 11100] eval_success_rate=0.200 eval_mean_score=13.600 eval_policy_mode=greedy [solved=10/50, score_range=9.00-16.00/16.0, initial=9.00]
[step 11100] PROGRESS: filled=13.60 violations=0.00 zero_cand=0.00
[step 11100] DEBUG: ep_len=13.8 ep_ret=-7.357 stop_prob=0.000 score_chg=4.6725
[DEBUG] train_step 11100: starting episode collection
[DEBUG] train_step 11100: episodes collected, starting value_update
[DEBUG] train_step 11100: value_update done, starting policy_update
[DEBUG] train_step 11100: policy_update done
[step 11150] value_loss=8.476440 policy_loss=0.117922
[step 11150] VALUE_DEBUG: target(mean=-7.20 std=8.90 min=-17.77 max=6.37) V(s)(mean=-6.97 std=8.83) reward(mean=-0.152 std=2.917) clip=50.0
[DEBUG] train_step 11150: starting episode collection
[DEBUG] train_step 11150: episodes collected, starting value_update
[DEBUG] train_step 11150: value_update done, starting policy_update
[DEBUG] train_step 11150: policy_update done
[step 11200] value_loss=26.110027 policy_loss=0.202293
[step 11200] VALUE_DEBUG: target(mean=-9.67 std=8.49 min=-26.83 max=6.57) V(s)(mean=-8.91 std=8.15) reward(mean=-1.088 std=5.309) clip=50.0
[step 11200] eval_success_rate=0.240 eval_mean_score=13.760 eval_policy_mode=greedy [solved=12/50, score_range=9.00-16.00/16.0, initial=9.00]
[step 11200] PROGRESS: filled=13.76 violations=0.00 zero_cand=0.00
[step 11200] DEBUG: ep_len=13.8 ep_ret=-6.875 stop_prob=0.000 score_chg=4.8400
[DEBUG] train_step 11200: starting episode collection
[DEBUG] train_step 11200: episodes collected, starting value_update
[DEBUG] train_step 11200: value_update done, starting policy_update
[DEBUG] train_step 11200: policy_update done
[step 11250] value_loss=9.546807 policy_loss=-0.240991
[step 11250] VALUE_DEBUG: target(mean=-9.59 std=7.64 min=-25.70 max=4.36) V(s)(mean=-9.66 std=7.33) reward(mean=-1.384 std=4.704) clip=50.0
[DEBUG] train_step 11250: starting episode collection
[DEBUG] train_step 11250: episodes collected, starting value_update
[DEBUG] train_step 11250: value_update done, starting policy_update
[DEBUG] train_step 11250: policy_update done
[step 11300] value_loss=6.620629 policy_loss=1.340160
[step 11300] VALUE_DEBUG: target(mean=-7.09 std=8.59 min=-18.64 max=7.82) V(s)(mean=-7.70 std=8.13) reward(mean=0.046 std=3.986) clip=50.0
[step 11300] eval_success_rate=0.280 eval_mean_score=14.040 eval_policy_mode=greedy [solved=14/50, score_range=10.00-16.00/16.0, initial=9.00]
[step 11300] PROGRESS: filled=14.04 violations=0.00 zero_cand=0.00
[step 11300] DEBUG: ep_len=13.3 ep_ret=-5.498 stop_prob=0.000 score_chg=5.1600
[DEBUG] train_step 11300: starting episode collection
[DEBUG] train_step 11300: episodes collected, starting value_update
[DEBUG] train_step 11300: value_update done, starting policy_update
[DEBUG] train_step 11300: policy_update done
[step 11350] value_loss=12.939537 policy_loss=-0.525153
[step 11350] VALUE_DEBUG: target(mean=-7.62 std=9.23 min=-17.87 max=7.17) V(s)(mean=-6.91 std=8.73) reward(mean=-0.457 std=4.197) clip=50.0
[DEBUG] train_step 11350: starting episode collection
[DEBUG] train_step 11350: episodes collected, starting value_update
[DEBUG] train_step 11350: value_update done, starting policy_update
[DEBUG] train_step 11350: policy_update done
[step 11400] value_loss=5.920802 policy_loss=0.072514
[step 11400] VALUE_DEBUG: target(mean=-6.81 std=8.79 min=-18.81 max=14.18) V(s)(mean=-7.27 std=7.72) reward(mean=0.507 std=3.643) clip=50.0
[step 11400] eval_success_rate=0.320 eval_mean_score=13.800 eval_policy_mode=greedy [solved=16/50, score_range=9.00-16.00/16.0, initial=9.00]
[step 11400] PROGRESS: filled=13.80 violations=0.00 zero_cand=0.00
[step 11400] DEBUG: ep_len=12.9 ep_ret=-5.780 stop_prob=0.000 score_chg=4.9100
[DEBUG] train_step 11400: starting episode collection
[DEBUG] train_step 11400: episodes collected, starting value_update
[DEBUG] train_step 11400: value_update done, starting policy_update
[DEBUG] train_step 11400: policy_update done
[step 11450] value_loss=5.029750 policy_loss=-0.252717
[step 11450] VALUE_DEBUG: target(mean=-8.92 std=7.43 min=-18.67 max=3.99) V(s)(mean=-9.41 std=7.44) reward(mean=0.137 std=3.638) clip=50.0
[DEBUG] train_step 11450: starting episode collection
[DEBUG] train_step 11450: episodes collected, starting value_update
[DEBUG] train_step 11450: value_update done, starting policy_update
[DEBUG] train_step 11450: policy_update done
[step 11500] value_loss=36.062836 policy_loss=-0.078149
[step 11500] VALUE_DEBUG: target(mean=-8.23 std=9.59 min=-22.09 max=6.91) V(s)(mean=-7.20 std=9.18) reward(mean=-2.733 std=6.871) clip=50.0
[step 11500] eval_success_rate=0.280 eval_mean_score=13.400 eval_policy_mode=greedy [solved=14/50, score_range=10.00-16.00/16.0, initial=9.00]
[step 11500] PROGRESS: filled=13.40 violations=0.00 zero_cand=0.00
[step 11500] DEBUG: ep_len=12.8 ep_ret=-4.611 stop_prob=0.000 score_chg=4.9900
[DEBUG] train_step 11500: starting episode collection
[DEBUG] train_step 11500: episodes collected, starting value_update
[DEBUG] train_step 11500: value_update done, starting policy_update
[DEBUG] train_step 11500: policy_update done
[step 11550] value_loss=3.828513 policy_loss=-0.899726
[step 11550] VALUE_DEBUG: target(mean=-7.44 std=9.25 min=-16.81 max=12.30) V(s)(mean=-7.57 std=8.68) reward(mean=-0.562 std=4.424) clip=50.0
[DEBUG] train_step 11550: starting episode collection
[DEBUG] train_step 11550: episodes collected, starting value_update
[DEBUG] train_step 11550: value_update done, starting policy_update
[DEBUG] train_step 11550: policy_update done
[step 11600] value_loss=3.288865 policy_loss=-0.062194
[step 11600] VALUE_DEBUG: target(mean=-7.08 std=8.65 min=-17.18 max=6.44) V(s)(mean=-6.83 std=8.07) reward(mean=-0.993 std=4.686) clip=50.0
[step 11600] eval_success_rate=0.340 eval_mean_score=14.080 eval_policy_mode=greedy [solved=17/50, score_range=10.00-16.00/16.0, initial=9.00]
[step 11600] PROGRESS: filled=14.08 violations=0.00 zero_cand=0.00
[step 11600] DEBUG: ep_len=12.8 ep_ret=-3.764 stop_prob=0.000 score_chg=5.0975
[DEBUG] train_step 11600: starting episode collection
[DEBUG] train_step 11600: episodes collected, starting value_update
[DEBUG] train_step 11600: value_update done, starting policy_update
[DEBUG] train_step 11600: policy_update done
[step 11650] value_loss=8.651587 policy_loss=0.271645
[step 11650] VALUE_DEBUG: target(mean=-4.57 std=7.57 min=-24.11 max=7.12) V(s)(mean=-4.98 std=6.58) reward(mean=0.034 std=2.202) clip=50.0
[DEBUG] train_step 11650: starting episode collection
[DEBUG] train_step 11650: episodes collected, starting value_update
[DEBUG] train_step 11650: value_update done, starting policy_update
[DEBUG] train_step 11650: policy_update done
[step 11700] value_loss=6.453214 policy_loss=-0.710956
[step 11700] VALUE_DEBUG: target(mean=-6.98 std=9.41 min=-23.30 max=6.75) V(s)(mean=-7.35 std=8.68) reward(mean=-0.182 std=3.678) clip=50.0
[step 11700] eval_success_rate=0.300 eval_mean_score=14.120 eval_policy_mode=greedy [solved=15/50, score_range=9.00-16.00/16.0, initial=9.00]
[step 11700] PROGRESS: filled=14.12 violations=0.00 zero_cand=0.00
[step 11700] DEBUG: ep_len=12.7 ep_ret=-3.100 stop_prob=0.000 score_chg=5.3900
[DEBUG] train_step 11700: starting episode collection
[DEBUG] train_step 11700: episodes collected, starting value_update
[DEBUG] train_step 11700: value_update done, starting policy_update
[DEBUG] train_step 11700: policy_update done
[step 11750] value_loss=2.290911 policy_loss=0.315812
[step 11750] VALUE_DEBUG: target(mean=-7.64 std=8.47 min=-17.51 max=6.21) V(s)(mean=-7.98 std=8.00) reward(mean=0.533 std=2.091) clip=50.0
[DEBUG] train_step 11750: starting episode collection
[DEBUG] train_step 11750: episodes collected, starting value_update
[DEBUG] train_step 11750: value_update done, starting policy_update
[DEBUG] train_step 11750: policy_update done
[step 11800] value_loss=6.314132 policy_loss=0.048527
[step 11800] VALUE_DEBUG: target(mean=-8.10 std=7.87 min=-18.04 max=6.42) V(s)(mean=-7.86 std=8.04) reward(mean=0.103 std=2.691) clip=50.0
[step 11800] eval_success_rate=0.300 eval_mean_score=13.960 eval_policy_mode=greedy [solved=15/50, score_range=9.00-16.00/16.0, initial=9.00]
[step 11800] PROGRESS: filled=13.96 violations=0.00 zero_cand=0.00
[step 11800] DEBUG: ep_len=12.6 ep_ret=-3.573 stop_prob=0.000 score_chg=5.3900
[DEBUG] train_step 11800: starting episode collection
[DEBUG] train_step 11800: episodes collected, starting value_update
[DEBUG] train_step 11800: value_update done, starting policy_update
[DEBUG] train_step 11800: policy_update done
[step 11850] value_loss=6.427167 policy_loss=0.737275
[step 11850] VALUE_DEBUG: target(mean=-6.62 std=8.45 min=-20.86 max=7.00) V(s)(mean=-6.25 std=8.81) reward(mean=-0.297 std=4.164) clip=50.0
[DEBUG] train_step 11850: starting episode collection
[DEBUG] train_step 11850: episodes collected, starting value_update
[DEBUG] train_step 11850: value_update done, starting policy_update
[DEBUG] train_step 11850: policy_update done
[step 11900] value_loss=11.692848 policy_loss=0.293379
[step 11900] VALUE_DEBUG: target(mean=-9.26 std=8.88 min=-27.25 max=4.34) V(s)(mean=-8.26 std=7.50) reward(mean=-0.514 std=3.661) clip=50.0
[step 11900] eval_success_rate=0.300 eval_mean_score=14.180 eval_policy_mode=greedy [solved=15/50, score_range=10.00-16.00/16.0, initial=9.00]
[step 11900] PROGRESS: filled=14.18 violations=0.00 zero_cand=0.00
[step 11900] DEBUG: ep_len=13.0 ep_ret=-4.843 stop_prob=0.000 score_chg=4.9675
[DEBUG] train_step 11900: starting episode collection
[DEBUG] train_step 11900: episodes collected, starting value_update
[DEBUG] train_step 11900: value_update done, starting policy_update
[DEBUG] train_step 11900: policy_update done
[step 11950] value_loss=3.279413 policy_loss=0.317464
[step 11950] VALUE_DEBUG: target(mean=-7.65 std=8.53 min=-21.99 max=5.63) V(s)(mean=-7.65 std=7.96) reward(mean=-0.610 std=5.065) clip=50.0
[DEBUG] train_step 11950: starting episode collection
[DEBUG] train_step 11950: episodes collected, starting value_update
[DEBUG] train_step 11950: value_update done, starting policy_update
[DEBUG] train_step 11950: policy_update done
[step 12000] value_loss=13.004252 policy_loss=0.074722
[step 12000] VALUE_DEBUG: target(mean=-10.50 std=8.07 min=-27.36 max=4.43) V(s)(mean=-10.17 std=7.54) reward(mean=-0.140 std=4.017) clip=50.0
[step 12000] eval_success_rate=0.340 eval_mean_score=14.020 eval_policy_mode=greedy [solved=17/50, score_range=9.00-16.00/16.0, initial=9.00]
[step 12000] PROGRESS: filled=14.02 violations=0.00 zero_cand=0.00
[step 12000] DEBUG: ep_len=12.9 ep_ret=-3.710 stop_prob=0.000 score_chg=5.3125
[Checkpoint] Saved to buiksat_trm/checkpoints/m1_nomask_persistent_nc_seed3/rl_checkpoint_step_12000.pt
[DEBUG] train_step 12000: starting episode collection
[DEBUG] train_step 12000: episodes collected, starting value_update
[DEBUG] train_step 12000: value_update done, starting policy_update
[DEBUG] train_step 12000: policy_update done
[step 12050] value_loss=5.146706 policy_loss=0.137794
[step 12050] VALUE_DEBUG: target(mean=-4.96 std=8.28 min=-19.10 max=12.96) V(s)(mean=-5.26 std=8.08) reward(mean=0.598 std=2.360) clip=50.0
[DEBUG] train_step 12050: starting episode collection
[DEBUG] train_step 12050: episodes collected, starting value_update
[DEBUG] train_step 12050: value_update done, starting policy_update
[DEBUG] train_step 12050: policy_update done
[step 12100] value_loss=14.761659 policy_loss=0.436646
[step 12100] VALUE_DEBUG: target(mean=-7.90 std=8.33 min=-19.24 max=11.55) V(s)(mean=-7.04 std=7.42) reward(mean=-1.964 std=5.847) clip=50.0
[step 12100] eval_success_rate=0.320 eval_mean_score=13.920 eval_policy_mode=greedy [solved=16/50, score_range=9.00-16.00/16.0, initial=9.00]
[step 12100] PROGRESS: filled=13.92 violations=0.00 zero_cand=0.00
[step 12100] DEBUG: ep_len=12.8 ep_ret=-4.157 stop_prob=0.000 score_chg=5.1300
[DEBUG] train_step 12100: starting episode collection
[DEBUG] train_step 12100: episodes collected, starting value_update
[DEBUG] train_step 12100: value_update done, starting policy_update
[DEBUG] train_step 12100: policy_update done
[step 12150] value_loss=8.858715 policy_loss=0.086978
[step 12150] VALUE_DEBUG: target(mean=-5.05 std=9.26 min=-19.65 max=13.49) V(s)(mean=-6.44 std=8.39) reward(mean=0.912 std=2.587) clip=50.0
[DEBUG] train_step 12150: starting episode collection
[DEBUG] train_step 12150: episodes collected, starting value_update
[DEBUG] train_step 12150: value_update done, starting policy_update
[DEBUG] train_step 12150: policy_update done
[step 12200] value_loss=20.607584 policy_loss=-0.129425
[step 12200] VALUE_DEBUG: target(mean=-6.96 std=8.55 min=-18.57 max=7.30) V(s)(mean=-6.32 std=7.95) reward(mean=-0.372 std=5.544) clip=50.0
[step 12200] eval_success_rate=0.380 eval_mean_score=14.220 eval_policy_mode=greedy [solved=19/50, score_range=10.00-16.00/16.0, initial=9.00]
[step 12200] PROGRESS: filled=14.22 violations=0.00 zero_cand=0.00
[step 12200] DEBUG: ep_len=12.9 ep_ret=-4.111 stop_prob=0.000 score_chg=5.1650
[DEBUG] train_step 12200: starting episode collection
[DEBUG] train_step 12200: episodes collected, starting value_update
[DEBUG] train_step 12200: value_update done, starting policy_update
[DEBUG] train_step 12200: policy_update done
[step 12250] value_loss=3.830730 policy_loss=-0.445820
[step 12250] VALUE_DEBUG: target(mean=-9.54 std=8.34 min=-19.38 max=6.31) V(s)(mean=-9.13 std=8.01) reward(mean=-0.587 std=3.456) clip=50.0
[DEBUG] train_step 12250: starting episode collection
[DEBUG] train_step 12250: episodes collected, starting value_update
[DEBUG] train_step 12250: value_update done, starting policy_update
[DEBUG] train_step 12250: policy_update done
[step 12300] value_loss=3.156263 policy_loss=0.082146
[step 12300] VALUE_DEBUG: target(mean=-8.24 std=8.28 min=-21.86 max=4.90) V(s)(mean=-7.99 std=7.93) reward(mean=-1.423 std=4.309) clip=50.0
[step 12300] eval_success_rate=0.360 eval_mean_score=14.400 eval_policy_mode=greedy [solved=18/50, score_range=9.00-16.00/16.0, initial=9.00]
[step 12300] PROGRESS: filled=14.40 violations=0.00 zero_cand=0.00
[step 12300] DEBUG: ep_len=12.7 ep_ret=-3.528 stop_prob=0.000 score_chg=5.5350
[DEBUG] train_step 12300: starting episode collection
[DEBUG] train_step 12300: episodes collected, starting value_update
[DEBUG] train_step 12300: value_update done, starting policy_update
[DEBUG] train_step 12300: policy_update done
[step 12350] value_loss=9.584454 policy_loss=-0.274050
[step 12350] VALUE_DEBUG: target(mean=-8.86 std=9.29 min=-26.60 max=7.77) V(s)(mean=-7.89 std=7.88) reward(mean=-1.675 std=4.124) clip=50.0
[DEBUG] train_step 12350: starting episode collection
[DEBUG] train_step 12350: episodes collected, starting value_update
[DEBUG] train_step 12350: value_update done, starting policy_update
[DEBUG] train_step 12350: policy_update done
[step 12400] value_loss=12.962287 policy_loss=-0.471206
[step 12400] VALUE_DEBUG: target(mean=-9.49 std=8.22 min=-21.41 max=6.30) V(s)(mean=-8.35 std=8.43) reward(mean=-1.558 std=4.402) clip=50.0
[step 12400] eval_success_rate=0.380 eval_mean_score=14.520 eval_policy_mode=greedy [solved=19/50, score_range=9.00-16.00/16.0, initial=9.00]
[step 12400] PROGRESS: filled=14.52 violations=0.00 zero_cand=0.00
[step 12400] DEBUG: ep_len=12.6 ep_ret=-3.606 stop_prob=0.000 score_chg=5.1825
[DEBUG] train_step 12400: starting episode collection
[DEBUG] train_step 12400: episodes collected, starting value_update
[DEBUG] train_step 12400: value_update done, starting policy_update
[DEBUG] train_step 12400: policy_update done
[step 12450] value_loss=20.216064 policy_loss=0.054479
[step 12450] VALUE_DEBUG: target(mean=-8.38 std=8.14 min=-20.29 max=9.95) V(s)(mean=-7.27 std=7.88) reward(mean=-1.425 std=5.736) clip=50.0
[DEBUG] train_step 12450: starting episode collection
[DEBUG] train_step 12450: episodes collected, starting value_update
[DEBUG] train_step 12450: value_update done, starting policy_update
[DEBUG] train_step 12450: policy_update done
[step 12500] value_loss=5.862535 policy_loss=-0.535139
[step 12500] VALUE_DEBUG: target(mean=-6.37 std=7.97 min=-18.53 max=5.75) V(s)(mean=-7.11 std=7.59) reward(mean=0.473 std=0.610) clip=50.0
[step 12500] eval_success_rate=0.380 eval_mean_score=14.360 eval_policy_mode=greedy [solved=19/50, score_range=10.00-16.00/16.0, initial=9.00]
[step 12500] PROGRESS: filled=14.36 violations=0.00 zero_cand=0.00
[step 12500] DEBUG: ep_len=12.6 ep_ret=-3.091 stop_prob=0.000 score_chg=5.5025
[DEBUG] train_step 12500: starting episode collection
[DEBUG] train_step 12500: episodes collected, starting value_update
[DEBUG] train_step 12500: value_update done, starting policy_update
[DEBUG] train_step 12500: policy_update done
[step 12550] value_loss=5.969205 policy_loss=-0.369764
[step 12550] VALUE_DEBUG: target(mean=-8.72 std=8.26 min=-22.28 max=5.74) V(s)(mean=-9.15 std=8.00) reward(mean=0.758 std=2.956) clip=50.0
[DEBUG] train_step 12550: starting episode collection
[DEBUG] train_step 12550: episodes collected, starting value_update
[DEBUG] train_step 12550: value_update done, starting policy_update
[DEBUG] train_step 12550: policy_update done
[step 12600] value_loss=10.379027 policy_loss=-0.123666
[step 12600] VALUE_DEBUG: target(mean=-8.44 std=8.00 min=-20.19 max=5.65) V(s)(mean=-8.47 std=7.82) reward(mean=0.258 std=3.530) clip=50.0
[step 12600] eval_success_rate=0.440 eval_mean_score=14.580 eval_policy_mode=greedy [solved=22/50, score_range=9.00-16.00/16.0, initial=9.00]
[step 12600] PROGRESS: filled=14.58 violations=0.00 zero_cand=0.00
[step 12600] DEBUG: ep_len=12.5 ep_ret=-3.334 stop_prob=0.000 score_chg=5.2350
[DEBUG] train_step 12600: starting episode collection
[DEBUG] train_step 12600: episodes collected, starting value_update
[DEBUG] train_step 12600: value_update done, starting policy_update
[DEBUG] train_step 12600: policy_update done
[step 12650] value_loss=14.044102 policy_loss=0.322302
[step 12650] VALUE_DEBUG: target(mean=-7.20 std=7.41 min=-16.42 max=8.31) V(s)(mean=-6.81 std=6.86) reward(mean=0.217 std=4.587) clip=50.0
[DEBUG] train_step 12650: starting episode collection
[DEBUG] train_step 12650: episodes collected, starting value_update
[DEBUG] train_step 12650: value_update done, starting policy_update
[DEBUG] train_step 12650: policy_update done
[step 12700] value_loss=2.448053 policy_loss=-0.488321
[step 12700] VALUE_DEBUG: target(mean=-8.46 std=7.43 min=-18.25 max=4.51) V(s)(mean=-8.31 std=7.79) reward(mean=-0.682 std=3.295) clip=50.0
[step 12700] eval_success_rate=0.400 eval_mean_score=14.640 eval_policy_mode=greedy [solved=20/50, score_range=10.00-16.00/16.0, initial=9.00]
[step 12700] PROGRESS: filled=14.64 violations=0.00 zero_cand=0.00
[step 12700] DEBUG: ep_len=12.3 ep_ret=-3.360 stop_prob=0.000 score_chg=5.2100
[DEBUG] train_step 12700: starting episode collection
[DEBUG] train_step 12700: episodes collected, starting value_update
[DEBUG] train_step 12700: value_update done, starting policy_update
[DEBUG] train_step 12700: policy_update done
[step 12750] value_loss=4.008292 policy_loss=0.308972
[step 12750] VALUE_DEBUG: target(mean=-9.26 std=7.90 min=-24.02 max=2.82) V(s)(mean=-9.12 std=7.59) reward(mean=-0.468 std=3.342) clip=50.0
[DEBUG] train_step 12750: starting episode collection
[DEBUG] train_step 12750: episodes collected, starting value_update
[DEBUG] train_step 12750: value_update done, starting policy_update
[DEBUG] train_step 12750: policy_update done
[step 12800] value_loss=1.776770 policy_loss=-0.709843
[step 12800] VALUE_DEBUG: target(mean=-6.70 std=9.12 min=-21.89 max=5.39) V(s)(mean=-6.72 std=8.63) reward(mean=-0.153 std=3.408) clip=50.0
[step 12800] eval_success_rate=0.380 eval_mean_score=14.240 eval_policy_mode=greedy [solved=19/50, score_range=10.00-16.00/16.0, initial=9.00]
[step 12800] PROGRESS: filled=14.24 violations=0.00 zero_cand=0.00
[step 12800] DEBUG: ep_len=12.1 ep_ret=-2.228 stop_prob=0.000 score_chg=5.4100
[DEBUG] train_step 12800: starting episode collection
[DEBUG] train_step 12800: episodes collected, starting value_update
[DEBUG] train_step 12800: value_update done, starting policy_update
[DEBUG] train_step 12800: policy_update done
[step 12850] value_loss=10.857536 policy_loss=1.036681
[step 12850] VALUE_DEBUG: target(mean=-7.52 std=8.60 min=-18.13 max=9.00) V(s)(mean=-7.32 std=7.66) reward(mean=0.158 std=4.008) clip=50.0
[DEBUG] train_step 12850: starting episode collection
[DEBUG] train_step 12850: episodes collected, starting value_update
[DEBUG] train_step 12850: value_update done, starting policy_update
[DEBUG] train_step 12850: policy_update done
[step 12900] value_loss=2.635095 policy_loss=-0.936507
[step 12900] VALUE_DEBUG: target(mean=-7.06 std=7.48 min=-17.02 max=4.80) V(s)(mean=-7.51 std=7.64) reward(mean=-0.679 std=5.167) clip=50.0
[step 12900] eval_success_rate=0.420 eval_mean_score=14.320 eval_policy_mode=greedy [solved=21/50, score_range=11.00-16.00/16.0, initial=9.00]
[step 12900] PROGRESS: filled=14.32 violations=0.00 zero_cand=0.00
[step 12900] DEBUG: ep_len=12.4 ep_ret=-3.154 stop_prob=0.000 score_chg=5.4400
[DEBUG] train_step 12900: starting episode collection
[DEBUG] train_step 12900: episodes collected, starting value_update
[DEBUG] train_step 12900: value_update done, starting policy_update
[DEBUG] train_step 12900: policy_update done
[step 12950] value_loss=11.858116 policy_loss=-1.186333
[step 12950] VALUE_DEBUG: target(mean=-6.85 std=8.77 min=-19.91 max=5.12) V(s)(mean=-6.32 std=8.13) reward(mean=-0.373 std=3.920) clip=50.0
[DEBUG] train_step 12950: starting episode collection
[DEBUG] train_step 12950: episodes collected, starting value_update
[DEBUG] train_step 12950: value_update done, starting policy_update
[DEBUG] train_step 12950: policy_update done
[step 13000] value_loss=8.633416 policy_loss=-0.428061
[step 13000] VALUE_DEBUG: target(mean=-4.64 std=8.19 min=-18.08 max=5.91) V(s)(mean=-4.64 std=8.18) reward(mean=-1.429 std=5.421) clip=50.0
[step 13000] eval_success_rate=0.420 eval_mean_score=14.400 eval_policy_mode=greedy [solved=21/50, score_range=10.00-16.00/16.0, initial=9.00]
[step 13000] PROGRESS: filled=14.40 violations=0.00 zero_cand=0.00
[step 13000] DEBUG: ep_len=12.1 ep_ret=-2.793 stop_prob=0.000 score_chg=5.1450
[Checkpoint] Saved to buiksat_trm/checkpoints/m1_nomask_persistent_nc_seed3/rl_checkpoint_step_13000.pt
[DEBUG] train_step 13000: starting episode collection
[DEBUG] train_step 13000: episodes collected, starting value_update
[DEBUG] train_step 13000: value_update done, starting policy_update
[DEBUG] train_step 13000: policy_update done
[step 13050] value_loss=3.146927 policy_loss=-0.359488
[step 13050] VALUE_DEBUG: target(mean=-7.30 std=7.98 min=-22.09 max=5.75) V(s)(mean=-7.14 std=7.44) reward(mean=-0.464 std=3.509) clip=50.0
[DEBUG] train_step 13050: starting episode collection
[DEBUG] train_step 13050: episodes collected, starting value_update
[DEBUG] train_step 13050: value_update done, starting policy_update
[DEBUG] train_step 13050: policy_update done
[step 13100] value_loss=1.016958 policy_loss=0.363799
[step 13100] VALUE_DEBUG: target(mean=-5.66 std=7.88 min=-17.64 max=5.95) V(s)(mean=-5.47 std=7.80) reward(mean=0.514 std=0.877) clip=50.0
[step 13100] eval_success_rate=0.400 eval_mean_score=14.300 eval_policy_mode=greedy [solved=20/50, score_range=10.00-16.00/16.0, initial=9.00]
[step 13100] PROGRESS: filled=14.30 violations=0.00 zero_cand=0.00
[step 13100] DEBUG: ep_len=12.0 ep_ret=-2.236 stop_prob=0.000 score_chg=5.5225
[DEBUG] train_step 13100: starting episode collection
[DEBUG] train_step 13100: episodes collected, starting value_update
[DEBUG] train_step 13100: value_update done, starting policy_update
[DEBUG] train_step 13100: policy_update done
[step 13150] value_loss=2.779545 policy_loss=0.023557
[step 13150] VALUE_DEBUG: target(mean=-5.19 std=8.23 min=-16.94 max=8.59) V(s)(mean=-5.50 std=7.98) reward(mean=0.469 std=3.330) clip=50.0
[DEBUG] train_step 13150: starting episode collection
[DEBUG] train_step 13150: episodes collected, starting value_update
[DEBUG] train_step 13150: value_update done, starting policy_update
[DEBUG] train_step 13150: policy_update done
[step 13200] value_loss=20.563847 policy_loss=-0.001539
[step 13200] VALUE_DEBUG: target(mean=-6.99 std=9.12 min=-25.95 max=9.34) V(s)(mean=-6.14 std=7.85) reward(mean=-1.526 std=6.303) clip=50.0
[step 13200] eval_success_rate=0.460 eval_mean_score=14.520 eval_policy_mode=greedy [solved=23/50, score_range=10.00-16.00/16.0, initial=9.00]
[step 13200] PROGRESS: filled=14.52 violations=0.00 zero_cand=0.00
[step 13200] DEBUG: ep_len=12.2 ep_ret=-2.804 stop_prob=0.000 score_chg=5.1525
[DEBUG] train_step 13200: starting episode collection
[DEBUG] train_step 13200: episodes collected, starting value_update
[DEBUG] train_step 13200: value_update done, starting policy_update
[DEBUG] train_step 13200: policy_update done
[step 13250] value_loss=2.959756 policy_loss=0.030799
[step 13250] VALUE_DEBUG: target(mean=-8.78 std=7.56 min=-18.13 max=3.29) V(s)(mean=-8.27 std=7.42) reward(mean=-0.527 std=3.534) clip=50.0
[DEBUG] train_step 13250: starting episode collection
[DEBUG] train_step 13250: episodes collected, starting value_update
[DEBUG] train_step 13250: value_update done, starting policy_update
[DEBUG] train_step 13250: policy_update done
[step 13300] value_loss=2.918476 policy_loss=-0.925153
[step 13300] VALUE_DEBUG: target(mean=-7.39 std=7.83 min=-17.58 max=5.75) V(s)(mean=-7.41 std=7.50) reward(mean=0.256 std=1.241) clip=50.0
[step 13300] eval_success_rate=0.500 eval_mean_score=14.600 eval_policy_mode=greedy [solved=25/50, score_range=9.00-16.00/16.0, initial=9.00]
[step 13300] PROGRESS: filled=14.60 violations=0.00 zero_cand=0.00
[step 13300] DEBUG: ep_len=12.1 ep_ret=-2.136 stop_prob=0.000 score_chg=5.5975
[DEBUG] train_step 13300: starting episode collection
[DEBUG] train_step 13300: episodes collected, starting value_update
[DEBUG] train_step 13300: value_update done, starting policy_update
[DEBUG] train_step 13300: policy_update done
[step 13350] value_loss=12.585735 policy_loss=-1.106031
[step 13350] VALUE_DEBUG: target(mean=-7.04 std=9.63 min=-21.36 max=13.21) V(s)(mean=-8.39 std=8.40) reward(mean=1.129 std=4.413) clip=50.0
[DEBUG] train_step 13350: starting episode collection
[DEBUG] train_step 13350: episodes collected, starting value_update
[DEBUG] train_step 13350: value_update done, starting policy_update
[DEBUG] train_step 13350: policy_update done
[step 13400] value_loss=8.225447 policy_loss=-0.919019
[step 13400] VALUE_DEBUG: target(mean=-8.70 std=7.29 min=-21.10 max=4.07) V(s)(mean=-7.64 std=7.57) reward(mean=-1.443 std=4.641) clip=50.0
[step 13400] eval_success_rate=0.440 eval_mean_score=14.580 eval_policy_mode=greedy [solved=22/50, score_range=10.00-16.00/16.0, initial=9.00]
[step 13400] PROGRESS: filled=14.58 violations=0.00 zero_cand=0.00
[step 13400] DEBUG: ep_len=12.2 ep_ret=-2.276 stop_prob=0.000 score_chg=5.3375
[DEBUG] train_step 13400: starting episode collection
[DEBUG] train_step 13400: episodes collected, starting value_update
[DEBUG] train_step 13400: value_update done, starting policy_update
[DEBUG] train_step 13400: policy_update done
[step 13450] value_loss=15.177977 policy_loss=0.541499
[step 13450] VALUE_DEBUG: target(mean=-5.22 std=9.00 min=-22.08 max=8.74) V(s)(mean=-4.50 std=8.08) reward(mean=-0.895 std=5.120) clip=50.0
[DEBUG] train_step 13450: starting episode collection
[DEBUG] train_step 13450: episodes collected, starting value_update
[DEBUG] train_step 13450: value_update done, starting policy_update
[DEBUG] train_step 13450: policy_update done
[step 13500] value_loss=9.385420 policy_loss=0.397791
[step 13500] VALUE_DEBUG: target(mean=-7.03 std=8.72 min=-17.25 max=9.49) V(s)(mean=-6.55 std=8.34) reward(mean=-0.523 std=4.335) clip=50.0
[step 13500] eval_success_rate=0.420 eval_mean_score=14.560 eval_policy_mode=greedy [solved=21/50, score_range=10.00-16.00/16.0, initial=9.00]
[step 13500] PROGRESS: filled=14.56 violations=0.00 zero_cand=0.00
[step 13500] DEBUG: ep_len=12.1 ep_ret=-1.626 stop_prob=0.000 score_chg=5.4625
[DEBUG] train_step 13500: starting episode collection
[DEBUG] train_step 13500: episodes collected, starting value_update
[DEBUG] train_step 13500: value_update done, starting policy_update
[DEBUG] train_step 13500: policy_update done
[step 13550] value_loss=7.178858 policy_loss=0.667334
[step 13550] VALUE_DEBUG: target(mean=-5.80 std=7.06 min=-17.39 max=5.83) V(s)(mean=-5.14 std=7.41) reward(mean=-0.932 std=3.854) clip=50.0
[DEBUG] train_step 13550: starting episode collection
[DEBUG] train_step 13550: episodes collected, starting value_update
[DEBUG] train_step 13550: value_update done, starting policy_update
[DEBUG] train_step 13550: policy_update done
[step 13600] value_loss=1.653036 policy_loss=1.596080
[step 13600] VALUE_DEBUG: target(mean=-6.43 std=8.85 min=-18.82 max=5.50) V(s)(mean=-6.33 std=8.47) reward(mean=0.215 std=1.123) clip=50.0
[step 13600] eval_success_rate=0.400 eval_mean_score=14.380 eval_policy_mode=greedy [solved=20/50, score_range=9.00-16.00/16.0, initial=9.00]
[step 13600] PROGRESS: filled=14.38 violations=0.00 zero_cand=0.00
[step 13600] DEBUG: ep_len=12.4 ep_ret=-2.824 stop_prob=0.000 score_chg=5.1175
[DEBUG] train_step 13600: starting episode collection
[DEBUG] train_step 13600: episodes collected, starting value_update
[DEBUG] train_step 13600: value_update done, starting policy_update
[DEBUG] train_step 13600: policy_update done
[step 13650] value_loss=8.813590 policy_loss=0.079158
[step 13650] VALUE_DEBUG: target(mean=-5.60 std=9.17 min=-24.03 max=10.51) V(s)(mean=-5.38 std=8.72) reward(mean=-0.642 std=4.072) clip=50.0
[DEBUG] train_step 13650: starting episode collection
[DEBUG] train_step 13650: episodes collected, starting value_update
[DEBUG] train_step 13650: value_update done, starting policy_update
[DEBUG] train_step 13650: policy_update done
[step 13700] value_loss=3.667339 policy_loss=0.220875
[step 13700] VALUE_DEBUG: target(mean=-8.52 std=8.09 min=-18.72 max=7.37) V(s)(mean=-8.33 std=8.36) reward(mean=-0.361 std=4.713) clip=50.0
[step 13700] eval_success_rate=0.400 eval_mean_score=14.280 eval_policy_mode=greedy [solved=20/50, score_range=9.00-16.00/16.0, initial=9.00]
[step 13700] PROGRESS: filled=14.28 violations=0.00 zero_cand=0.00
[step 13700] DEBUG: ep_len=12.4 ep_ret=-3.383 stop_prob=0.000 score_chg=4.9725
[DEBUG] train_step 13700: starting episode collection
[DEBUG] train_step 13700: episodes collected, starting value_update
[DEBUG] train_step 13700: value_update done, starting policy_update
[DEBUG] train_step 13700: policy_update done
[step 13750] value_loss=3.486511 policy_loss=0.418556
[step 13750] VALUE_DEBUG: target(mean=-5.13 std=8.36 min=-17.36 max=8.19) V(s)(mean=-6.06 std=8.19) reward(mean=1.128 std=1.805) clip=50.0
[DEBUG] train_step 13750: starting episode collection
[DEBUG] train_step 13750: episodes collected, starting value_update
[DEBUG] train_step 13750: value_update done, starting policy_update
[DEBUG] train_step 13750: policy_update done
[step 13800] value_loss=2.771973 policy_loss=-0.599170
[step 13800] VALUE_DEBUG: target(mean=-6.70 std=9.37 min=-22.09 max=6.84) V(s)(mean=-6.32 std=9.10) reward(mean=-0.941 std=5.129) clip=50.0
[step 13800] eval_success_rate=0.360 eval_mean_score=13.900 eval_policy_mode=greedy [solved=18/50, score_range=9.00-16.00/16.0, initial=9.00]
[step 13800] PROGRESS: filled=13.90 violations=0.00 zero_cand=0.00
[step 13800] DEBUG: ep_len=12.6 ep_ret=-3.423 stop_prob=0.000 score_chg=5.0275
[DEBUG] train_step 13800: starting episode collection
[DEBUG] train_step 13800: episodes collected, starting value_update
[DEBUG] train_step 13800: value_update done, starting policy_update
[DEBUG] train_step 13800: policy_update done
[step 13850] value_loss=3.843314 policy_loss=-0.581904
[step 13850] VALUE_DEBUG: target(mean=-5.89 std=8.17 min=-17.57 max=7.16) V(s)(mean=-6.16 std=7.63) reward(mean=0.911 std=1.792) clip=50.0
[DEBUG] train_step 13850: starting episode collection
[DEBUG] train_step 13850: episodes collected, starting value_update
[DEBUG] train_step 13850: value_update done, starting policy_update
[DEBUG] train_step 13850: policy_update done
[step 13900] value_loss=1.356815 policy_loss=0.945373
[step 13900] VALUE_DEBUG: target(mean=-6.94 std=8.87 min=-17.73 max=7.03) V(s)(mean=-6.79 std=8.70) reward(mean=-0.809 std=4.300) clip=50.0
[step 13900] eval_success_rate=0.380 eval_mean_score=14.000 eval_policy_mode=greedy [solved=19/50, score_range=9.00-16.00/16.0, initial=9.00]
[step 13900] PROGRESS: filled=14.00 violations=0.00 zero_cand=0.00
[step 13900] DEBUG: ep_len=12.4 ep_ret=-2.789 stop_prob=0.000 score_chg=5.2650
[DEBUG] train_step 13900: starting episode collection
[DEBUG] train_step 13900: episodes collected, starting value_update
[DEBUG] train_step 13900: value_update done, starting policy_update
[DEBUG] train_step 13900: policy_update done
[step 13950] value_loss=12.623306 policy_loss=-0.055866
[step 13950] VALUE_DEBUG: target(mean=-7.75 std=8.02 min=-17.97 max=6.66) V(s)(mean=-7.34 std=8.58) reward(mean=-0.329 std=5.191) clip=50.0
[DEBUG] train_step 13950: starting episode collection
[DEBUG] train_step 13950: episodes collected, starting value_update
[DEBUG] train_step 13950: value_update done, starting policy_update
[DEBUG] train_step 13950: policy_update done
[step 14000] value_loss=11.420351 policy_loss=-0.084918
[step 14000] VALUE_DEBUG: target(mean=-8.02 std=9.73 min=-22.08 max=8.95) V(s)(mean=-7.33 std=8.42) reward(mean=-1.924 std=6.653) clip=50.0
[step 14000] eval_success_rate=0.440 eval_mean_score=14.120 eval_policy_mode=greedy [solved=22/50, score_range=9.00-16.00/16.0, initial=9.00]
[step 14000] PROGRESS: filled=14.12 violations=0.00 zero_cand=0.00
[step 14000] DEBUG: ep_len=12.3 ep_ret=-3.104 stop_prob=0.000 score_chg=5.0225
[Checkpoint] Saved to buiksat_trm/checkpoints/m1_nomask_persistent_nc_seed3/rl_checkpoint_step_14000.pt
[DEBUG] train_step 14000: starting episode collection
[DEBUG] train_step 14000: episodes collected, starting value_update
[DEBUG] train_step 14000: value_update done, starting policy_update
[DEBUG] train_step 14000: policy_update done
[step 14050] value_loss=4.173457 policy_loss=-0.310583
[step 14050] VALUE_DEBUG: target(mean=-3.72 std=8.17 min=-17.70 max=8.90) V(s)(mean=-4.19 std=7.80) reward(mean=0.907 std=2.624) clip=50.0
[DEBUG] train_step 14050: starting episode collection
[DEBUG] train_step 14050: episodes collected, starting value_update
[DEBUG] train_step 14050: value_update done, starting policy_update
[DEBUG] train_step 14050: policy_update done
[step 14100] value_loss=1.430131 policy_loss=0.508831
[step 14100] VALUE_DEBUG: target(mean=-3.43 std=8.81 min=-21.09 max=8.56) V(s)(mean=-3.76 std=8.56) reward(mean=-0.410 std=4.858) clip=50.0
[step 14100] eval_success_rate=0.480 eval_mean_score=14.200 eval_policy_mode=greedy [solved=24/50, score_range=9.00-16.00/16.0, initial=9.00]
[step 14100] PROGRESS: filled=14.20 violations=0.00 zero_cand=0.00
[step 14100] DEBUG: ep_len=12.2 ep_ret=-2.869 stop_prob=0.000 score_chg=5.0550
[DEBUG] train_step 14100: starting episode collection
[DEBUG] train_step 14100: episodes collected, starting value_update
[DEBUG] train_step 14100: value_update done, starting policy_update
[DEBUG] train_step 14100: policy_update done
[step 14150] value_loss=7.974556 policy_loss=0.309786
[step 14150] VALUE_DEBUG: target(mean=-5.37 std=8.76 min=-17.08 max=12.70) V(s)(mean=-5.46 std=7.91) reward(mean=-0.125 std=4.916) clip=50.0
[DEBUG] train_step 14150: starting episode collection
[DEBUG] train_step 14150: episodes collected, starting value_update
[DEBUG] train_step 14150: value_update done, starting policy_update
[DEBUG] train_step 14150: policy_update done
[step 14200] value_loss=5.310013 policy_loss=-0.215406
[step 14200] VALUE_DEBUG: target(mean=-8.33 std=9.44 min=-21.93 max=6.84) V(s)(mean=-7.71 std=9.11) reward(mean=-1.430 std=4.590) clip=50.0
[step 14200] eval_success_rate=0.540 eval_mean_score=14.400 eval_policy_mode=greedy [solved=27/50, score_range=9.00-16.00/16.0, initial=9.00]
[step 14200] PROGRESS: filled=14.40 violations=0.00 zero_cand=0.00
[step 14200] DEBUG: ep_len=12.2 ep_ret=-2.834 stop_prob=0.000 score_chg=5.1575
[DEBUG] train_step 14200: starting episode collection
[DEBUG] train_step 14200: episodes collected, starting value_update
[DEBUG] train_step 14200: value_update done, starting policy_update
[DEBUG] train_step 14200: policy_update done
[step 14250] value_loss=10.180752 policy_loss=0.054629
[step 14250] VALUE_DEBUG: target(mean=-7.73 std=10.00 min=-25.45 max=8.02) V(s)(mean=-7.74 std=8.89) reward(mean=-0.906 std=4.749) clip=50.0
[DEBUG] train_step 14250: starting episode collection
[DEBUG] train_step 14250: episodes collected, starting value_update
[DEBUG] train_step 14250: value_update done, starting policy_update
[DEBUG] train_step 14250: policy_update done
[step 14300] value_loss=3.129746 policy_loss=-0.287447
[step 14300] VALUE_DEBUG: target(mean=-7.53 std=8.44 min=-17.41 max=6.01) V(s)(mean=-7.98 std=8.31) reward(mean=-0.095 std=3.500) clip=50.0
[step 14300] eval_success_rate=0.580 eval_mean_score=14.500 eval_policy_mode=greedy [solved=29/50, score_range=9.00-16.00/16.0, initial=9.00]
[step 14300] PROGRESS: filled=14.50 violations=0.00 zero_cand=0.00
[step 14300] DEBUG: ep_len=11.9 ep_ret=-2.337 stop_prob=0.000 score_chg=5.3725
[DEBUG] train_step 14300: starting episode collection
[DEBUG] train_step 14300: episodes collected, starting value_update
[DEBUG] train_step 14300: value_update done, starting policy_update
[DEBUG] train_step 14300: policy_update done
[step 14350] value_loss=14.869264 policy_loss=-0.432498
[step 14350] VALUE_DEBUG: target(mean=-7.72 std=10.38 min=-24.03 max=7.14) V(s)(mean=-6.42 std=9.55) reward(mean=-1.073 std=4.988) clip=50.0
[DEBUG] train_step 14350: starting episode collection
[DEBUG] train_step 14350: episodes collected, starting value_update
[DEBUG] train_step 14350: value_update done, starting policy_update
[DEBUG] train_step 14350: policy_update done
[step 14400] value_loss=1.431526 policy_loss=-0.660727
[step 14400] VALUE_DEBUG: target(mean=-7.04 std=8.92 min=-18.03 max=6.12) V(s)(mean=-7.24 std=8.83) reward(mean=0.660 std=1.874) clip=50.0
[step 14400] eval_success_rate=0.520 eval_mean_score=14.280 eval_policy_mode=greedy [solved=26/50, score_range=10.00-16.00/16.0, initial=9.00]
[step 14400] PROGRESS: filled=14.28 violations=0.00 zero_cand=0.00
[step 14400] DEBUG: ep_len=11.9 ep_ret=-2.795 stop_prob=0.000 score_chg=5.0000
[DEBUG] train_step 14400: starting episode collection
[DEBUG] train_step 14400: episodes collected, starting value_update
[DEBUG] train_step 14400: value_update done, starting policy_update
[DEBUG] train_step 14400: policy_update done
[step 14450] value_loss=4.285812 policy_loss=-0.425144
[step 14450] VALUE_DEBUG: target(mean=-9.06 std=9.47 min=-20.35 max=5.18) V(s)(mean=-9.08 std=9.26) reward(mean=-1.615 std=5.427) clip=50.0
[DEBUG] train_step 14450: starting episode collection
[DEBUG] train_step 14450: episodes collected, starting value_update
[DEBUG] train_step 14450: value_update done, starting policy_update
[DEBUG] train_step 14450: policy_update done
[step 14500] value_loss=16.844183 policy_loss=-0.317274
[step 14500] VALUE_DEBUG: target(mean=-6.54 std=9.22 min=-17.71 max=6.17) V(s)(mean=-5.64 std=9.05) reward(mean=-1.153 std=4.846) clip=50.0
[step 14500] eval_success_rate=0.460 eval_mean_score=14.340 eval_policy_mode=greedy [solved=23/50, score_range=10.00-16.00/16.0, initial=9.00]
[step 14500] PROGRESS: filled=14.34 violations=0.00 zero_cand=0.00
[step 14500] DEBUG: ep_len=12.2 ep_ret=-3.382 stop_prob=0.000 score_chg=4.7125
[DEBUG] train_step 14500: starting episode collection
[DEBUG] train_step 14500: episodes collected, starting value_update
[DEBUG] train_step 14500: value_update done, starting policy_update
[DEBUG] train_step 14500: policy_update done
[step 14550] value_loss=3.359004 policy_loss=1.307559
[step 14550] VALUE_DEBUG: target(mean=-7.48 std=8.45 min=-18.71 max=6.98) V(s)(mean=-7.01 std=8.37) reward(mean=-1.149 std=4.322) clip=50.0
[DEBUG] train_step 14550: starting episode collection
[DEBUG] train_step 14550: episodes collected, starting value_update
[DEBUG] train_step 14550: value_update done, starting policy_update
[DEBUG] train_step 14550: policy_update done
[step 14600] value_loss=14.314310 policy_loss=0.107943
[step 14600] VALUE_DEBUG: target(mean=-9.85 std=8.15 min=-18.12 max=6.52) V(s)(mean=-8.72 std=8.39) reward(mean=-0.461 std=3.716) clip=50.0
[step 14600] eval_success_rate=0.420 eval_mean_score=14.260 eval_policy_mode=greedy [solved=21/50, score_range=10.00-16.00/16.0, initial=9.00]
[step 14600] PROGRESS: filled=14.26 violations=0.00 zero_cand=0.00
[step 14600] DEBUG: ep_len=12.2 ep_ret=-2.989 stop_prob=0.000 score_chg=5.2800
[DEBUG] train_step 14600: starting episode collection
[DEBUG] train_step 14600: episodes collected, starting value_update
[DEBUG] train_step 14600: value_update done, starting policy_update
[DEBUG] train_step 14600: policy_update done
[step 14650] value_loss=5.014533 policy_loss=-0.306773
[step 14650] VALUE_DEBUG: target(mean=-4.46 std=9.39 min=-18.68 max=12.50) V(s)(mean=-4.09 std=8.95) reward(mean=-0.526 std=4.173) clip=50.0
[DEBUG] train_step 14650: starting episode collection
[DEBUG] train_step 14650: episodes collected, starting value_update
[DEBUG] train_step 14650: value_update done, starting policy_update
[DEBUG] train_step 14650: policy_update done
[step 14700] value_loss=5.153257 policy_loss=-0.460645
[step 14700] VALUE_DEBUG: target(mean=-7.42 std=8.70 min=-18.76 max=6.38) V(s)(mean=-7.33 std=8.79) reward(mean=-0.962 std=4.763) clip=50.0
[step 14700] eval_success_rate=0.420 eval_mean_score=14.240 eval_policy_mode=greedy [solved=21/50, score_range=10.00-16.00/16.0, initial=9.00]
[step 14700] PROGRESS: filled=14.24 violations=0.00 zero_cand=0.00
[step 14700] DEBUG: ep_len=12.3 ep_ret=-3.337 stop_prob=0.000 score_chg=5.1025
[DEBUG] train_step 14700: starting episode collection
[DEBUG] train_step 14700: episodes collected, starting value_update
[DEBUG] train_step 14700: value_update done, starting policy_update
[DEBUG] train_step 14700: policy_update done
[step 14750] value_loss=4.030998 policy_loss=-0.824209
[step 14750] VALUE_DEBUG: target(mean=-5.46 std=9.56 min=-23.06 max=6.37) V(s)(mean=-5.32 std=9.53) reward(mean=-0.626 std=5.288) clip=50.0
[DEBUG] train_step 14750: starting episode collection
[DEBUG] train_step 14750: episodes collected, starting value_update
[DEBUG] train_step 14750: value_update done, starting policy_update
[DEBUG] train_step 14750: policy_update done
[step 14800] value_loss=6.865261 policy_loss=0.035826
[step 14800] VALUE_DEBUG: target(mean=-9.21 std=9.26 min=-23.37 max=10.93) V(s)(mean=-8.71 std=8.52) reward(mean=-0.422 std=3.070) clip=50.0
[step 14800] eval_success_rate=0.400 eval_mean_score=14.200 eval_policy_mode=greedy [solved=20/50, score_range=10.00-16.00/16.0, initial=9.00]
[step 14800] PROGRESS: filled=14.20 violations=0.00 zero_cand=0.00
[step 14800] DEBUG: ep_len=12.5 ep_ret=-3.888 stop_prob=0.000 score_chg=5.1025
[DEBUG] train_step 14800: starting episode collection
[DEBUG] train_step 14800: episodes collected, starting value_update
[DEBUG] train_step 14800: value_update done, starting policy_update
[DEBUG] train_step 14800: policy_update done
[step 14850] value_loss=4.835611 policy_loss=-0.042249
[step 14850] VALUE_DEBUG: target(mean=-7.18 std=10.00 min=-18.98 max=9.16) V(s)(mean=-7.34 std=9.46) reward(mean=-0.022 std=4.072) clip=50.0
[DEBUG] train_step 14850: starting episode collection
[DEBUG] train_step 14850: episodes collected, starting value_update
[DEBUG] train_step 14850: value_update done, starting policy_update
[DEBUG] train_step 14850: policy_update done
[step 14900] value_loss=6.343174 policy_loss=0.294457
[step 14900] VALUE_DEBUG: target(mean=-7.06 std=8.60 min=-23.08 max=6.54) V(s)(mean=-7.86 std=8.26) reward(mean=0.852 std=2.858) clip=50.0
[step 14900] eval_success_rate=0.440 eval_mean_score=14.260 eval_policy_mode=greedy [solved=22/50, score_range=10.00-16.00/16.0, initial=9.00]
[step 14900] PROGRESS: filled=14.26 violations=0.00 zero_cand=0.00
[step 14900] DEBUG: ep_len=12.5 ep_ret=-3.486 stop_prob=0.000 score_chg=5.0750
[DEBUG] train_step 14900: starting episode collection
[DEBUG] train_step 14900: episodes collected, starting value_update
[DEBUG] train_step 14900: value_update done, starting policy_update
[DEBUG] train_step 14900: policy_update done
[step 14950] value_loss=10.623578 policy_loss=0.213407
[step 14950] VALUE_DEBUG: target(mean=-7.04 std=9.93 min=-22.10 max=14.92) V(s)(mean=-6.85 std=8.92) reward(mean=-1.423 std=6.271) clip=50.0
[DEBUG] train_step 14950: starting episode collection
[DEBUG] train_step 14950: episodes collected, starting value_update
[DEBUG] train_step 14950: value_update done, starting policy_update
[DEBUG] train_step 14950: policy_update done
[step 15000] value_loss=2.479719 policy_loss=0.004562
[step 15000] VALUE_DEBUG: target(mean=-5.94 std=9.82 min=-22.37 max=6.20) V(s)(mean=-5.99 std=9.43) reward(mean=-0.300 std=3.442) clip=50.0
[step 15000] eval_success_rate=0.480 eval_mean_score=14.560 eval_policy_mode=greedy [solved=24/50, score_range=11.00-16.00/16.0, initial=9.00]
[step 15000] PROGRESS: filled=14.56 violations=0.00 zero_cand=0.00
[step 15000] DEBUG: ep_len=12.2 ep_ret=-2.381 stop_prob=0.000 score_chg=5.5600
[Checkpoint] Saved to buiksat_trm/checkpoints/m1_nomask_persistent_nc_seed3/rl_checkpoint_step_15000.pt
[DEBUG] train_step 15000: starting episode collection
[DEBUG] train_step 15000: episodes collected, starting value_update
[DEBUG] train_step 15000: value_update done, starting policy_update
[DEBUG] train_step 15000: policy_update done
[step 15050] value_loss=1.272135 policy_loss=-0.599518
[step 15050] VALUE_DEBUG: target(mean=-5.20 std=9.11 min=-21.04 max=5.03) V(s)(mean=-4.85 std=8.79) reward(mean=-0.720 std=4.691) clip=50.0
[DEBUG] train_step 15050: starting episode collection
[DEBUG] train_step 15050: episodes collected, starting value_update
[DEBUG] train_step 15050: value_update done, starting policy_update
[DEBUG] train_step 15050: policy_update done
[step 15100] value_loss=18.949150 policy_loss=-0.067237
[step 15100] VALUE_DEBUG: target(mean=-5.87 std=9.39 min=-18.14 max=13.87) V(s)(mean=-5.48 std=9.02) reward(mean=-0.675 std=4.698) clip=50.0
[step 15100] eval_success_rate=0.440 eval_mean_score=14.480 eval_policy_mode=greedy [solved=22/50, score_range=11.00-16.00/16.0, initial=9.00]
[step 15100] PROGRESS: filled=14.48 violations=0.00 zero_cand=0.00
[step 15100] DEBUG: ep_len=12.4 ep_ret=-3.081 stop_prob=0.000 score_chg=5.3225
[DEBUG] train_step 15100: starting episode collection
[DEBUG] train_step 15100: episodes collected, starting value_update
[DEBUG] train_step 15100: value_update done, starting policy_update
[DEBUG] train_step 15100: policy_update done
[step 15150] value_loss=0.487267 policy_loss=-0.695755
[step 15150] VALUE_DEBUG: target(mean=-6.69 std=8.99 min=-18.94 max=5.92) V(s)(mean=-6.65 std=9.02) reward(mean=0.993 std=1.691) clip=50.0
[DEBUG] train_step 15150: starting episode collection
[DEBUG] train_step 15150: episodes collected, starting value_update
[DEBUG] train_step 15150: value_update done, starting policy_update
[DEBUG] train_step 15150: policy_update done
[step 15200] value_loss=5.078637 policy_loss=-0.010155
[step 15200] VALUE_DEBUG: target(mean=-7.56 std=9.04 min=-18.03 max=10.32) V(s)(mean=-7.45 std=9.36) reward(mean=-0.931 std=4.152) clip=50.0
[step 15200] eval_success_rate=0.400 eval_mean_score=14.420 eval_policy_mode=greedy [solved=20/50, score_range=10.00-16.00/16.0, initial=9.00]
[step 15200] PROGRESS: filled=14.42 violations=0.00 zero_cand=0.00
[step 15200] DEBUG: ep_len=12.6 ep_ret=-3.498 stop_prob=0.000 score_chg=5.2700
[DEBUG] train_step 15200: starting episode collection
[DEBUG] train_step 15200: episodes collected, starting value_update
[DEBUG] train_step 15200: value_update done, starting policy_update
[DEBUG] train_step 15200: policy_update done
[step 15250] value_loss=11.052113 policy_loss=-0.650176
[step 15250] VALUE_DEBUG: target(mean=-7.62 std=9.07 min=-18.23 max=9.51) V(s)(mean=-7.62 std=8.95) reward(mean=0.382 std=3.457) clip=50.0
[DEBUG] train_step 15250: starting episode collection
[DEBUG] train_step 15250: episodes collected, starting value_update
[DEBUG] train_step 15250: value_update done, starting policy_update
[DEBUG] train_step 15250: policy_update done
[step 15300] value_loss=9.369370 policy_loss=0.340650
[step 15300] VALUE_DEBUG: target(mean=-3.96 std=8.98 min=-19.41 max=6.84) V(s)(mean=-4.32 std=9.02) reward(mean=-0.993 std=5.430) clip=50.0
[step 15300] eval_success_rate=0.420 eval_mean_score=14.500 eval_policy_mode=greedy [solved=21/50, score_range=11.00-16.00/16.0, initial=9.00]
[step 15300] PROGRESS: filled=14.50 violations=0.00 zero_cand=0.00
[step 15300] DEBUG: ep_len=12.6 ep_ret=-3.662 stop_prob=0.000 score_chg=5.0200
[DEBUG] train_step 15300: starting episode collection
[DEBUG] train_step 15300: episodes collected, starting value_update
[DEBUG] train_step 15300: value_update done, starting policy_update
[DEBUG] train_step 15300: policy_update done
[step 15350] value_loss=4.839267 policy_loss=0.915805
[step 15350] VALUE_DEBUG: target(mean=-5.88 std=9.65 min=-19.05 max=10.96) V(s)(mean=-6.44 std=9.23) reward(mean=-0.119 std=4.109) clip=50.0
[DEBUG] train_step 15350: starting episode collection
[DEBUG] train_step 15350: episodes collected, starting value_update
[DEBUG] train_step 15350: value_update done, starting policy_update
[DEBUG] train_step 15350: policy_update done
[step 15400] value_loss=1.985978 policy_loss=-0.067956
[step 15400] VALUE_DEBUG: target(mean=-3.73 std=8.53 min=-17.37 max=5.83) V(s)(mean=-4.00 std=8.29) reward(mean=0.067 std=3.313) clip=50.0
[step 15400] eval_success_rate=0.400 eval_mean_score=14.520 eval_policy_mode=greedy [solved=20/50, score_range=11.00-16.00/16.0, initial=9.00]
[step 15400] PROGRESS: filled=14.52 violations=0.00 zero_cand=0.00
[step 15400] DEBUG: ep_len=12.4 ep_ret=-3.313 stop_prob=0.000 score_chg=5.1400
[DEBUG] train_step 15400: starting episode collection
[DEBUG] train_step 15400: episodes collected, starting value_update
[DEBUG] train_step 15400: value_update done, starting policy_update
[DEBUG] train_step 15400: policy_update done
[step 15450] value_loss=4.311686 policy_loss=-0.096033
[step 15450] VALUE_DEBUG: target(mean=-7.38 std=8.86 min=-21.44 max=6.51) V(s)(mean=-6.73 std=8.84) reward(mean=-1.021 std=3.684) clip=50.0
[DEBUG] train_step 15450: starting episode collection
[DEBUG] train_step 15450: episodes collected, starting value_update
[DEBUG] train_step 15450: value_update done, starting policy_update
[DEBUG] train_step 15450: policy_update done
[step 15500] value_loss=2.573991 policy_loss=0.098582
[step 15500] VALUE_DEBUG: target(mean=-6.57 std=8.07 min=-16.71 max=6.56) V(s)(mean=-6.93 std=8.37) reward(mean=0.583 std=2.071) clip=50.0
[step 15500] eval_success_rate=0.440 eval_mean_score=14.640 eval_policy_mode=greedy [solved=22/50, score_range=11.00-16.00/16.0, initial=9.00]
[step 15500] PROGRESS: filled=14.64 violations=0.00 zero_cand=0.00
[step 15500] DEBUG: ep_len=12.4 ep_ret=-3.323 stop_prob=0.000 score_chg=5.2925
[DEBUG] train_step 15500: starting episode collection
[DEBUG] train_step 15500: episodes collected, starting value_update
[DEBUG] train_step 15500: value_update done, starting policy_update
[DEBUG] train_step 15500: policy_update done
[step 15550] value_loss=5.925799 policy_loss=0.174790
[step 15550] VALUE_DEBUG: target(mean=-5.54 std=9.51 min=-18.36 max=11.10) V(s)(mean=-5.50 std=9.51) reward(mean=-0.338 std=3.979) clip=50.0
[DEBUG] train_step 15550: starting episode collection
[DEBUG] train_step 15550: episodes collected, starting value_update
[DEBUG] train_step 15550: value_update done, starting policy_update
[DEBUG] train_step 15550: policy_update done
[step 15600] value_loss=10.033497 policy_loss=0.554424
[step 15600] VALUE_DEBUG: target(mean=-5.16 std=10.43 min=-23.46 max=15.04) V(s)(mean=-5.12 std=9.42) reward(mean=0.445 std=3.008) clip=50.0
[step 15600] eval_success_rate=0.420 eval_mean_score=14.620 eval_policy_mode=greedy [solved=21/50, score_range=11.00-16.00/16.0, initial=9.00]
[step 15600] PROGRESS: filled=14.62 violations=0.00 zero_cand=0.00
[step 15600] DEBUG: ep_len=12.6 ep_ret=-3.265 stop_prob=0.000 score_chg=5.3100
[DEBUG] train_step 15600: starting episode collection
[DEBUG] train_step 15600: episodes collected, starting value_update
[DEBUG] train_step 15600: value_update done, starting policy_update
[DEBUG] train_step 15600: policy_update done
[step 15650] value_loss=16.021326 policy_loss=-0.342960
[step 15650] VALUE_DEBUG: target(mean=-8.84 std=9.46 min=-19.08 max=9.16) V(s)(mean=-8.13 std=9.14) reward(mean=-1.301 std=5.472) clip=50.0
[DEBUG] train_step 15650: starting episode collection
[DEBUG] train_step 15650: episodes collected, starting value_update
[DEBUG] train_step 15650: value_update done, starting policy_update
[DEBUG] train_step 15650: policy_update done
[step 15700] value_loss=2.029370 policy_loss=-0.304351
[step 15700] VALUE_DEBUG: target(mean=-7.24 std=9.27 min=-17.18 max=8.99) V(s)(mean=-7.34 std=9.05) reward(mean=-0.722 std=4.287) clip=50.0
[step 15700] eval_success_rate=0.420 eval_mean_score=14.580 eval_policy_mode=greedy [solved=21/50, score_range=10.00-16.00/16.0, initial=9.00]
[step 15700] PROGRESS: filled=14.58 violations=0.00 zero_cand=0.00
[step 15700] DEBUG: ep_len=12.5 ep_ret=-3.761 stop_prob=0.000 score_chg=5.0625
[DEBUG] train_step 15700: starting episode collection
[DEBUG] train_step 15700: episodes collected, starting value_update
[DEBUG] train_step 15700: value_update done, starting policy_update
[DEBUG] train_step 15700: policy_update done
[step 15750] value_loss=10.415720 policy_loss=-0.084619
[step 15750] VALUE_DEBUG: target(mean=-8.07 std=9.86 min=-24.60 max=11.85) V(s)(mean=-8.35 std=8.58) reward(mean=0.198 std=3.442) clip=50.0
[DEBUG] train_step 15750: starting episode collection
[DEBUG] train_step 15750: episodes collected, starting value_update
[DEBUG] train_step 15750: value_update done, starting policy_update
[DEBUG] train_step 15750: policy_update done
[step 15800] value_loss=1.218788 policy_loss=-0.794906
[step 15800] VALUE_DEBUG: target(mean=-5.52 std=9.10 min=-18.67 max=7.46) V(s)(mean=-5.90 std=8.90) reward(mean=0.280 std=3.148) clip=50.0
[step 15800] eval_success_rate=0.440 eval_mean_score=14.440 eval_policy_mode=greedy [solved=22/50, score_range=10.00-16.00/16.0, initial=9.00]
[step 15800] PROGRESS: filled=14.44 violations=0.00 zero_cand=0.00
[step 15800] DEBUG: ep_len=12.3 ep_ret=-2.980 stop_prob=0.000 score_chg=5.2950
[DEBUG] train_step 15800: starting episode collection
[DEBUG] train_step 15800: episodes collected, starting value_update
[DEBUG] train_step 15800: value_update done, starting policy_update
[DEBUG] train_step 15800: policy_update done
[step 15850] value_loss=18.475275 policy_loss=0.079854
[step 15850] VALUE_DEBUG: target(mean=-8.21 std=9.06 min=-22.46 max=6.75) V(s)(mean=-7.73 std=8.79) reward(mean=-0.580 std=4.833) clip=50.0
[DEBUG] train_step 15850: starting episode collection
[DEBUG] train_step 15850: episodes collected, starting value_update
[DEBUG] train_step 15850: value_update done, starting policy_update
[DEBUG] train_step 15850: policy_update done
[step 15900] value_loss=0.192321 policy_loss=0.021299
[step 15900] VALUE_DEBUG: target(mean=-8.58 std=8.89 min=-17.73 max=5.27) V(s)(mean=-8.54 std=8.86) reward(mean=-0.000 std=1.900) clip=50.0
[step 15900] eval_success_rate=0.380 eval_mean_score=14.260 eval_policy_mode=greedy [solved=19/50, score_range=9.00-16.00/16.0, initial=9.00]
[step 15900] PROGRESS: filled=14.26 violations=0.00 zero_cand=0.00
[step 15900] DEBUG: ep_len=12.3 ep_ret=-2.407 stop_prob=0.000 score_chg=5.4425
[DEBUG] train_step 15900: starting episode collection
[DEBUG] train_step 15900: episodes collected, starting value_update
[DEBUG] train_step 15900: value_update done, starting policy_update
[DEBUG] train_step 15900: policy_update done
[step 15950] value_loss=9.049345 policy_loss=0.141850
[step 15950] VALUE_DEBUG: target(mean=-6.06 std=9.41 min=-18.82 max=5.86) V(s)(mean=-5.72 std=9.56) reward(mean=-0.776 std=4.318) clip=50.0
[DEBUG] train_step 15950: starting episode collection
[DEBUG] train_step 15950: episodes collected, starting value_update
[DEBUG] train_step 15950: value_update done, starting policy_update
[DEBUG] train_step 15950: policy_update done
[step 16000] value_loss=3.962188 policy_loss=0.089918
[step 16000] VALUE_DEBUG: target(mean=-6.39 std=9.52 min=-22.61 max=7.12) V(s)(mean=-6.02 std=8.88) reward(mean=-0.207 std=2.605) clip=50.0
[step 16000] eval_success_rate=0.460 eval_mean_score=14.460 eval_policy_mode=greedy [solved=23/50, score_range=9.00-16.00/16.0, initial=9.00]
[step 16000] PROGRESS: filled=14.46 violations=0.00 zero_cand=0.00
[step 16000] DEBUG: ep_len=12.2 ep_ret=-2.379 stop_prob=0.000 score_chg=5.3600
[Checkpoint] Saved to buiksat_trm/checkpoints/m1_nomask_persistent_nc_seed3/rl_checkpoint_step_16000.pt
[DEBUG] train_step 16000: starting episode collection
[DEBUG] train_step 16000: episodes collected, starting value_update
[DEBUG] train_step 16000: value_update done, starting policy_update
[DEBUG] train_step 16000: policy_update done
[step 16050] value_loss=5.499065 policy_loss=-0.755714
[step 16050] VALUE_DEBUG: target(mean=-6.66 std=8.97 min=-17.80 max=10.40) V(s)(mean=-7.54 std=8.21) reward(mean=1.251 std=2.392) clip=50.0
[DEBUG] train_step 16050: starting episode collection
[DEBUG] train_step 16050: episodes collected, starting value_update
[DEBUG] train_step 16050: value_update done, starting policy_update
[DEBUG] train_step 16050: policy_update done
[step 16100] value_loss=2.998134 policy_loss=0.296207
[step 16100] VALUE_DEBUG: target(mean=-8.26 std=9.50 min=-18.78 max=9.25) V(s)(mean=-8.72 std=8.64) reward(mean=-0.116 std=4.036) clip=50.0
[step 16100] eval_success_rate=0.420 eval_mean_score=14.600 eval_policy_mode=greedy [solved=21/50, score_range=9.00-16.00/16.0, initial=9.00]
[step 16100] PROGRESS: filled=14.60 violations=0.00 zero_cand=0.00
[step 16100] DEBUG: ep_len=12.3 ep_ret=-2.444 stop_prob=0.000 score_chg=5.5550
[DEBUG] train_step 16100: starting episode collection
[DEBUG] train_step 16100: episodes collected, starting value_update
[DEBUG] train_step 16100: value_update done, starting policy_update
[DEBUG] train_step 16100: policy_update done
[step 16150] value_loss=2.168177 policy_loss=0.238462
[step 16150] VALUE_DEBUG: target(mean=-5.27 std=9.40 min=-18.73 max=11.60) V(s)(mean=-5.63 std=9.09) reward(mean=-0.373 std=4.409) clip=50.0
[DEBUG] train_step 16150: starting episode collection
[DEBUG] train_step 16150: episodes collected, starting value_update
[DEBUG] train_step 16150: value_update done, starting policy_update
[DEBUG] train_step 16150: policy_update done
[step 16200] value_loss=1.362457 policy_loss=-0.193034
[step 16200] VALUE_DEBUG: target(mean=-7.42 std=9.15 min=-18.69 max=5.84) V(s)(mean=-7.56 std=9.01) reward(mean=0.362 std=3.411) clip=50.0
[step 16200] eval_success_rate=0.440 eval_mean_score=14.540 eval_policy_mode=greedy [solved=22/50, score_range=10.00-16.00/16.0, initial=9.00]
[step 16200] PROGRESS: filled=14.54 violations=0.00 zero_cand=0.00
[step 16200] DEBUG: ep_len=12.6 ep_ret=-3.477 stop_prob=0.000 score_chg=5.3375
[DEBUG] train_step 16200: starting episode collection
[DEBUG] train_step 16200: episodes collected, starting value_update
[DEBUG] train_step 16200: value_update done, starting policy_update
[DEBUG] train_step 16200: policy_update done
[step 16250] value_loss=2.661434 policy_loss=0.602479
[step 16250] VALUE_DEBUG: target(mean=-8.64 std=8.77 min=-18.62 max=6.88) V(s)(mean=-8.83 std=8.24) reward(mean=0.810 std=1.558) clip=50.0
[DEBUG] train_step 16250: starting episode collection
[DEBUG] train_step 16250: episodes collected, starting value_update
[DEBUG] train_step 16250: value_update done, starting policy_update
[DEBUG] train_step 16250: policy_update done
[step 16300] value_loss=1.855654 policy_loss=-0.895783
[step 16300] VALUE_DEBUG: target(mean=-3.99 std=9.13 min=-16.83 max=7.12) V(s)(mean=-4.86 std=8.90) reward(mean=0.593 std=3.727) clip=50.0
[step 16300] eval_success_rate=0.400 eval_mean_score=14.360 eval_policy_mode=greedy [solved=20/50, score_range=9.00-16.00/16.0, initial=9.00]
[step 16300] PROGRESS: filled=14.36 violations=0.00 zero_cand=0.00
[step 16300] DEBUG: ep_len=12.3 ep_ret=-2.546 stop_prob=0.000 score_chg=5.5675
[DEBUG] train_step 16300: starting episode collection
[DEBUG] train_step 16300: episodes collected, starting value_update
[DEBUG] train_step 16300: value_update done, starting policy_update
[DEBUG] train_step 16300: policy_update done
[step 16350] value_loss=10.402715 policy_loss=0.477084
[step 16350] VALUE_DEBUG: target(mean=-7.11 std=9.48 min=-19.36 max=5.66) V(s)(mean=-6.40 std=9.20) reward(mean=-1.496 std=5.042) clip=50.0
[DEBUG] train_step 16350: starting episode collection
[DEBUG] train_step 16350: episodes collected, starting value_update
[DEBUG] train_step 16350: value_update done, starting policy_update
[DEBUG] train_step 16350: policy_update done
[step 16400] value_loss=3.848599 policy_loss=0.535461
[step 16400] VALUE_DEBUG: target(mean=-6.47 std=10.14 min=-24.05 max=5.72) V(s)(mean=-6.28 std=9.39) reward(mean=-1.207 std=6.602) clip=50.0
[step 16400] eval_success_rate=0.380 eval_mean_score=14.380 eval_policy_mode=greedy [solved=19/50, score_range=10.00-16.00/16.0, initial=9.00]
[step 16400] PROGRESS: filled=14.38 violations=0.00 zero_cand=0.00
[step 16400] DEBUG: ep_len=12.4 ep_ret=-3.551 stop_prob=0.000 score_chg=5.0475
[DEBUG] train_step 16400: starting episode collection
[DEBUG] train_step 16400: episodes collected, starting value_update
[DEBUG] train_step 16400: value_update done, starting policy_update
[DEBUG] train_step 16400: policy_update done
[step 16450] value_loss=1.523245 policy_loss=0.245348
[step 16450] VALUE_DEBUG: target(mean=-4.20 std=8.98 min=-18.52 max=6.96) V(s)(mean=-4.12 std=9.02) reward(mean=0.127 std=1.813) clip=50.0
[DEBUG] train_step 16450: starting episode collection
[DEBUG] train_step 16450: episodes collected, starting value_update
[DEBUG] train_step 16450: value_update done, starting policy_update
[DEBUG] train_step 16450: policy_update done
[step 16500] value_loss=4.195311 policy_loss=0.227621
[step 16500] VALUE_DEBUG: target(mean=-9.24 std=8.90 min=-18.54 max=6.68) V(s)(mean=-9.38 std=9.11) reward(mean=-0.297 std=3.573) clip=50.0
[step 16500] eval_success_rate=0.420 eval_mean_score=14.360 eval_policy_mode=greedy [solved=21/50, score_range=11.00-16.00/16.0, initial=9.00]
[step 16500] PROGRESS: filled=14.36 violations=0.00 zero_cand=0.00
[step 16500] DEBUG: ep_len=12.8 ep_ret=-4.202 stop_prob=0.000 score_chg=5.2700
[DEBUG] train_step 16500: starting episode collection
[DEBUG] train_step 16500: episodes collected, starting value_update
[DEBUG] train_step 16500: value_update done, starting policy_update
[DEBUG] train_step 16500: policy_update done
[step 16550] value_loss=3.853928 policy_loss=0.057802
[step 16550] VALUE_DEBUG: target(mean=-7.97 std=9.48 min=-18.53 max=9.82) V(s)(mean=-8.43 std=9.28) reward(mean=0.253 std=3.680) clip=50.0
[DEBUG] train_step 16550: starting episode collection
[DEBUG] train_step 16550: episodes collected, starting value_update
[DEBUG] train_step 16550: value_update done, starting policy_update
[DEBUG] train_step 16550: policy_update done
[step 16600] value_loss=5.504159 policy_loss=-0.355666
[step 16600] VALUE_DEBUG: target(mean=-4.20 std=8.83 min=-20.70 max=6.84) V(s)(mean=-4.70 std=8.48) reward(mean=0.562 std=2.325) clip=50.0
[step 16600] eval_success_rate=0.420 eval_mean_score=14.640 eval_policy_mode=greedy [solved=21/50, score_range=11.00-16.00/16.0, initial=9.00]
[step 16600] PROGRESS: filled=14.64 violations=0.00 zero_cand=0.00
[step 16600] DEBUG: ep_len=12.4 ep_ret=-2.620 stop_prob=0.000 score_chg=5.4625
[DEBUG] train_step 16600: starting episode collection
[DEBUG] train_step 16600: episodes collected, starting value_update
[DEBUG] train_step 16600: value_update done, starting policy_update
[DEBUG] train_step 16600: policy_update done
[step 16650] value_loss=10.947019 policy_loss=0.189870
[step 16650] VALUE_DEBUG: target(mean=-9.98 std=7.20 min=-17.61 max=5.66) V(s)(mean=-9.00 std=7.77) reward(mean=-0.559 std=3.825) clip=50.0
[DEBUG] train_step 16650: starting episode collection
[DEBUG] train_step 16650: episodes collected, starting value_update
[DEBUG] train_step 16650: value_update done, starting policy_update
[DEBUG] train_step 16650: policy_update done
[step 16700] value_loss=4.177558 policy_loss=-0.081449
[step 16700] VALUE_DEBUG: target(mean=-5.33 std=9.32 min=-20.51 max=6.80) V(s)(mean=-5.16 std=9.05) reward(mean=0.101 std=2.572) clip=50.0
[step 16700] eval_success_rate=0.440 eval_mean_score=14.340 eval_policy_mode=greedy [solved=22/50, score_range=10.00-16.00/16.0, initial=9.00]
[step 16700] PROGRESS: filled=14.34 violations=0.00 zero_cand=0.00
[step 16700] DEBUG: ep_len=12.0 ep_ret=-1.699 stop_prob=0.000 score_chg=5.5425
[DEBUG] train_step 16700: starting episode collection
[DEBUG] train_step 16700: episodes collected, starting value_update
[DEBUG] train_step 16700: value_update done, starting policy_update
[DEBUG] train_step 16700: policy_update done
[step 16750] value_loss=3.279086 policy_loss=-0.053206
[step 16750] VALUE_DEBUG: target(mean=-6.89 std=9.99 min=-18.42 max=10.17) V(s)(mean=-7.11 std=9.43) reward(mean=0.966 std=2.264) clip=50.0
[DEBUG] train_step 16750: starting episode collection
[DEBUG] train_step 16750: episodes collected, starting value_update
[DEBUG] train_step 16750: value_update done, starting policy_update
[DEBUG] train_step 16750: policy_update done
[step 16800] value_loss=6.139476 policy_loss=-0.247480
[step 16800] VALUE_DEBUG: target(mean=-3.50 std=9.24 min=-17.19 max=10.15) V(s)(mean=-4.31 std=8.61) reward(mean=0.845 std=2.471) clip=50.0
[step 16800] eval_success_rate=0.440 eval_mean_score=14.600 eval_policy_mode=greedy [solved=22/50, score_range=10.00-16.00/16.0, initial=9.00]
[step 16800] PROGRESS: filled=14.60 violations=0.00 zero_cand=0.00
[step 16800] DEBUG: ep_len=12.2 ep_ret=-2.709 stop_prob=0.000 score_chg=5.4100
[DEBUG] train_step 16800: starting episode collection
[DEBUG] train_step 16800: episodes collected, starting value_update
[DEBUG] train_step 16800: value_update done, starting policy_update
[DEBUG] train_step 16800: policy_update done
[step 16850] value_loss=22.798624 policy_loss=-0.609938
[step 16850] VALUE_DEBUG: target(mean=-5.00 std=9.11 min=-19.93 max=9.84) V(s)(mean=-4.79 std=8.56) reward(mean=-0.906 std=4.878) clip=50.0
[DEBUG] train_step 16850: starting episode collection
[DEBUG] train_step 16850: episodes collected, starting value_update
[DEBUG] train_step 16850: value_update done, starting policy_update
[DEBUG] train_step 16850: policy_update done
[step 16900] value_loss=3.045960 policy_loss=-0.536303
[step 16900] VALUE_DEBUG: target(mean=-7.43 std=9.11 min=-19.73 max=6.25) V(s)(mean=-6.91 std=8.60) reward(mean=-0.959 std=5.294) clip=50.0
[step 16900] eval_success_rate=0.480 eval_mean_score=14.400 eval_policy_mode=greedy [solved=24/50, score_range=10.00-16.00/16.0, initial=9.00]
[step 16900] PROGRESS: filled=14.40 violations=0.00 zero_cand=0.00
[step 16900] DEBUG: ep_len=12.0 ep_ret=-1.677 stop_prob=0.000 score_chg=5.6550
[DEBUG] train_step 16900: starting episode collection
[DEBUG] train_step 16900: episodes collected, starting value_update
[DEBUG] train_step 16900: value_update done, starting policy_update
[DEBUG] train_step 16900: policy_update done
[step 16950] value_loss=9.077130 policy_loss=-0.365636
[step 16950] VALUE_DEBUG: target(mean=-5.97 std=8.95 min=-22.04 max=6.32) V(s)(mean=-6.07 std=9.16) reward(mean=-0.647 std=5.810) clip=50.0
[DEBUG] train_step 16950: starting episode collection
[DEBUG] train_step 16950: episodes collected, starting value_update
[DEBUG] train_step 16950: value_update done, starting policy_update
[DEBUG] train_step 16950: policy_update done
[step 17000] value_loss=11.453000 policy_loss=0.121933
[step 17000] VALUE_DEBUG: target(mean=-8.17 std=9.22 min=-17.84 max=9.64) V(s)(mean=-7.83 std=9.19) reward(mean=0.229 std=3.623) clip=50.0
[step 17000] eval_success_rate=0.460 eval_mean_score=14.400 eval_policy_mode=greedy [solved=23/50, score_range=10.00-16.00/16.0, initial=9.00]
[step 17000] PROGRESS: filled=14.40 violations=0.00 zero_cand=0.00
[step 17000] DEBUG: ep_len=12.4 ep_ret=-3.253 stop_prob=0.000 score_chg=5.1675
[Checkpoint] Saved to buiksat_trm/checkpoints/m1_nomask_persistent_nc_seed3/rl_checkpoint_step_17000.pt
[DEBUG] train_step 17000: starting episode collection
[DEBUG] train_step 17000: episodes collected, starting value_update
[DEBUG] train_step 17000: value_update done, starting policy_update
[DEBUG] train_step 17000: policy_update done
[step 17050] value_loss=13.277672 policy_loss=-0.351995
[step 17050] VALUE_DEBUG: target(mean=-6.46 std=9.56 min=-17.47 max=11.25) V(s)(mean=-6.98 std=9.16) reward(mean=0.090 std=4.775) clip=50.0
[DEBUG] train_step 17050: starting episode collection
[DEBUG] train_step 17050: episodes collected, starting value_update
[DEBUG] train_step 17050: value_update done, starting policy_update
[DEBUG] train_step 17050: policy_update done
[step 17100] value_loss=1.376157 policy_loss=-0.003124
[step 17100] VALUE_DEBUG: target(mean=-4.90 std=9.11 min=-22.09 max=5.80) V(s)(mean=-4.94 std=9.06) reward(mean=-1.405 std=6.267) clip=50.0
[step 17100] eval_success_rate=0.480 eval_mean_score=14.760 eval_policy_mode=greedy [solved=24/50, score_range=11.00-16.00/16.0, initial=9.00]
[step 17100] PROGRESS: filled=14.76 violations=0.00 zero_cand=0.00
[step 17100] DEBUG: ep_len=12.0 ep_ret=-2.299 stop_prob=0.000 score_chg=5.2475
[DEBUG] train_step 17100: starting episode collection
[DEBUG] train_step 17100: episodes collected, starting value_update
[DEBUG] train_step 17100: value_update done, starting policy_update
[DEBUG] train_step 17100: policy_update done
[step 17150] value_loss=4.149100 policy_loss=-1.092878
[step 17150] VALUE_DEBUG: target(mean=-5.74 std=9.66 min=-23.38 max=5.73) V(s)(mean=-5.32 std=8.82) reward(mean=-1.185 std=5.133) clip=50.0
[DEBUG] train_step 17150: starting episode collection
[DEBUG] train_step 17150: episodes collected, starting value_update
[DEBUG] train_step 17150: value_update done, starting policy_update
[DEBUG] train_step 17150: policy_update done
[step 17200] value_loss=7.048625 policy_loss=-0.584856
[step 17200] VALUE_DEBUG: target(mean=-6.08 std=8.29 min=-17.67 max=5.74) V(s)(mean=-6.02 std=8.05) reward(mean=0.625 std=3.677) clip=50.0
[step 17200] eval_success_rate=0.520 eval_mean_score=14.800 eval_policy_mode=greedy [solved=26/50, score_range=11.00-16.00/16.0, initial=9.00]
[step 17200] PROGRESS: filled=14.80 violations=0.00 zero_cand=0.00
[step 17200] DEBUG: ep_len=11.6 ep_ret=-0.830 stop_prob=0.000 score_chg=5.5925
[DEBUG] train_step 17200: starting episode collection
[DEBUG] train_step 17200: episodes collected, starting value_update
[DEBUG] train_step 17200: value_update done, starting policy_update
[DEBUG] train_step 17200: policy_update done
[step 17250] value_loss=9.488862 policy_loss=-0.592356
[step 17250] VALUE_DEBUG: target(mean=-8.30 std=8.48 min=-26.99 max=7.50) V(s)(mean=-7.58 std=7.83) reward(mean=-0.438 std=3.552) clip=50.0
[DEBUG] train_step 17250: starting episode collection
[DEBUG] train_step 17250: episodes collected, starting value_update
[DEBUG] train_step 17250: value_update done, starting policy_update
[DEBUG] train_step 17250: policy_update done
[step 17300] value_loss=2.862929 policy_loss=0.049547
[step 17300] VALUE_DEBUG: target(mean=-4.67 std=9.44 min=-18.45 max=6.50) V(s)(mean=-4.86 std=9.13) reward(mean=0.784 std=1.619) clip=50.0
[step 17300] eval_success_rate=0.560 eval_mean_score=14.960 eval_policy_mode=greedy [solved=28/50, score_range=11.00-16.00/16.0, initial=9.00]
[step 17300] PROGRESS: filled=14.96 violations=0.00 zero_cand=0.00
[step 17300] DEBUG: ep_len=12.0 ep_ret=-2.188 stop_prob=0.000 score_chg=5.3750
[DEBUG] train_step 17300: starting episode collection
[DEBUG] train_step 17300: episodes collected, starting value_update
[DEBUG] train_step 17300: value_update done, starting policy_update
[DEBUG] train_step 17300: policy_update done
[step 17350] value_loss=7.544453 policy_loss=-0.393958
[step 17350] VALUE_DEBUG: target(mean=-9.64 std=8.46 min=-18.45 max=6.21) V(s)(mean=-9.43 std=8.52) reward(mean=-0.150 std=2.912) clip=50.0
[DEBUG] train_step 17350: starting episode collection
[DEBUG] train_step 17350: episodes collected, starting value_update
[DEBUG] train_step 17350: value_update done, starting policy_update
[DEBUG] train_step 17350: policy_update done
[step 17400] value_loss=0.666332 policy_loss=-0.503779
[step 17400] VALUE_DEBUG: target(mean=-1.88 std=8.63 min=-17.23 max=8.75) V(s)(mean=-2.14 std=8.42) reward(mean=1.028 std=1.727) clip=50.0
[step 17400] eval_success_rate=0.480 eval_mean_score=14.840 eval_policy_mode=greedy [solved=24/50, score_range=12.00-16.00/16.0, initial=9.00]
[step 17400] PROGRESS: filled=14.84 violations=0.00 zero_cand=0.00
[step 17400] DEBUG: ep_len=11.7 ep_ret=-1.234 stop_prob=0.000 score_chg=5.5650
[DEBUG] train_step 17400: starting episode collection
[DEBUG] train_step 17400: episodes collected, starting value_update
[DEBUG] train_step 17400: value_update done, starting policy_update
[DEBUG] train_step 17400: policy_update done
[step 17450] value_loss=8.901356 policy_loss=-0.224528
[step 17450] VALUE_DEBUG: target(mean=-9.88 std=9.22 min=-23.53 max=9.82) V(s)(mean=-9.18 std=9.21) reward(mean=-0.866 std=4.325) clip=50.0
[DEBUG] train_step 17450: starting episode collection
[DEBUG] train_step 17450: episodes collected, starting value_update
[DEBUG] train_step 17450: value_update done, starting policy_update
[DEBUG] train_step 17450: policy_update done
[step 17500] value_loss=5.728698 policy_loss=0.405378
[step 17500] VALUE_DEBUG: target(mean=-5.27 std=9.52 min=-17.65 max=7.47) V(s)(mean=-4.79 std=9.41) reward(mean=-0.773 std=3.782) clip=50.0
[step 17500] eval_success_rate=0.480 eval_mean_score=14.700 eval_policy_mode=greedy [solved=24/50, score_range=10.00-16.00/16.0, initial=9.00]
[step 17500] PROGRESS: filled=14.70 violations=0.00 zero_cand=0.00
[step 17500] DEBUG: ep_len=11.8 ep_ret=-1.962 stop_prob=0.000 score_chg=5.2800
[DEBUG] train_step 17500: starting episode collection
[DEBUG] train_step 17500: episodes collected, starting value_update
[DEBUG] train_step 17500: value_update done, starting policy_update
[DEBUG] train_step 17500: policy_update done
[step 17550] value_loss=8.680086 policy_loss=0.807458
[step 17550] VALUE_DEBUG: target(mean=-6.83 std=8.92 min=-17.27 max=8.94) V(s)(mean=-6.98 std=8.06) reward(mean=-0.342 std=4.646) clip=50.0
[DEBUG] train_step 17550: starting episode collection
[DEBUG] train_step 17550: episodes collected, starting value_update
[DEBUG] train_step 17550: value_update done, starting policy_update
[DEBUG] train_step 17550: policy_update done
[step 17600] value_loss=4.918583 policy_loss=-0.441540
[step 17600] VALUE_DEBUG: target(mean=-5.67 std=9.62 min=-17.74 max=9.64) V(s)(mean=-6.25 std=8.99) reward(mean=0.376 std=3.919) clip=50.0
[step 17600] eval_success_rate=0.420 eval_mean_score=14.580 eval_policy_mode=greedy [solved=21/50, score_range=11.00-16.00/16.0, initial=9.00]
[step 17600] PROGRESS: filled=14.58 violations=0.00 zero_cand=0.00
[step 17600] DEBUG: ep_len=11.6 ep_ret=-0.513 stop_prob=0.000 score_chg=5.8400
[DEBUG] train_step 17600: starting episode collection
[DEBUG] train_step 17600: episodes collected, starting value_update
[DEBUG] train_step 17600: value_update done, starting policy_update
[DEBUG] train_step 17600: policy_update done
[step 17650] value_loss=3.464468 policy_loss=-0.186019
[step 17650] VALUE_DEBUG: target(mean=-4.97 std=9.14 min=-18.22 max=6.53) V(s)(mean=-4.36 std=9.25) reward(mean=-0.394 std=2.625) clip=50.0
[DEBUG] train_step 17650: starting episode collection
[DEBUG] train_step 17650: episodes collected, starting value_update
[DEBUG] train_step 17650: value_update done, starting policy_update
[DEBUG] train_step 17650: policy_update done
[step 17700] value_loss=2.455544 policy_loss=-0.270039
[step 17700] VALUE_DEBUG: target(mean=-7.16 std=7.97 min=-18.23 max=7.11) V(s)(mean=-6.50 std=8.25) reward(mean=-0.066 std=1.900) clip=50.0
[step 17700] eval_success_rate=0.420 eval_mean_score=14.480 eval_policy_mode=greedy [solved=21/50, score_range=10.00-16.00/16.0, initial=9.00]
[step 17700] PROGRESS: filled=14.60 violations=0.06 zero_cand=0.00
[step 17700] DEBUG: ep_len=11.9 ep_ret=-1.511 stop_prob=0.000 score_chg=5.5525
[DEBUG] train_step 17700: starting episode collection
[DEBUG] train_step 17700: episodes collected, starting value_update
[DEBUG] train_step 17700: value_update done, starting policy_update
[DEBUG] train_step 17700: policy_update done
[step 17750] value_loss=8.176994 policy_loss=0.094439
[step 17750] VALUE_DEBUG: target(mean=-7.81 std=8.29 min=-17.62 max=8.36) V(s)(mean=-7.08 std=8.14) reward(mean=-1.642 std=5.599) clip=50.0
[DEBUG] train_step 17750: starting episode collection
[DEBUG] train_step 17750: episodes collected, starting value_update
[DEBUG] train_step 17750: value_update done, starting policy_update
[DEBUG] train_step 17750: policy_update done
[step 17800] value_loss=7.205053 policy_loss=-0.431262
[step 17800] VALUE_DEBUG: target(mean=-6.21 std=9.14 min=-20.78 max=8.31) V(s)(mean=-6.26 std=8.07) reward(mean=-0.020 std=4.236) clip=50.0
[step 17800] eval_success_rate=0.540 eval_mean_score=14.700 eval_policy_mode=greedy [solved=27/50, score_range=10.00-16.00/16.0, initial=9.00]
[step 17800] PROGRESS: filled=14.82 violations=0.06 zero_cand=0.00
[step 17800] DEBUG: ep_len=11.9 ep_ret=-1.240 stop_prob=0.000 score_chg=5.7700
[DEBUG] train_step 17800: starting episode collection
[DEBUG] train_step 17800: episodes collected, starting value_update
[DEBUG] train_step 17800: value_update done, starting policy_update
[DEBUG] train_step 17800: policy_update done
[step 17850] value_loss=3.845467 policy_loss=0.285905
[step 17850] VALUE_DEBUG: target(mean=-7.49 std=9.12 min=-18.06 max=8.39) V(s)(mean=-7.02 std=8.57) reward(mean=-0.526 std=4.491) clip=50.0
[DEBUG] train_step 17850: starting episode collection
[DEBUG] train_step 17850: episodes collected, starting value_update
[DEBUG] train_step 17850: value_update done, starting policy_update
[DEBUG] train_step 17850: policy_update done
[step 17900] value_loss=3.681124 policy_loss=-0.119626
[step 17900] VALUE_DEBUG: target(mean=-3.09 std=8.81 min=-17.99 max=11.57) V(s)(mean=-2.97 std=8.58) reward(mean=0.071 std=3.033) clip=50.0
[step 17900] eval_success_rate=0.540 eval_mean_score=14.820 eval_policy_mode=greedy [solved=27/50, score_range=10.00-16.00/16.0, initial=9.00]
[step 17900] PROGRESS: filled=14.94 violations=0.06 zero_cand=0.00
[step 17900] DEBUG: ep_len=12.0 ep_ret=-2.014 stop_prob=0.000 score_chg=5.4675
[DEBUG] train_step 17900: starting episode collection
[DEBUG] train_step 17900: episodes collected, starting value_update
[DEBUG] train_step 17900: value_update done, starting policy_update
[DEBUG] train_step 17900: policy_update done
[step 17950] value_loss=2.707159 policy_loss=-0.068260
[step 17950] VALUE_DEBUG: target(mean=-6.98 std=8.44 min=-17.87 max=7.25) V(s)(mean=-6.89 std=8.56) reward(mean=-0.031 std=3.432) clip=50.0
[DEBUG] train_step 17950: starting episode collection
[DEBUG] train_step 17950: episodes collected, starting value_update
[DEBUG] train_step 17950: value_update done, starting policy_update
[DEBUG] train_step 17950: policy_update done
[step 18000] value_loss=2.938019 policy_loss=0.178778
[step 18000] VALUE_DEBUG: target(mean=-6.84 std=8.89 min=-18.24 max=6.03) V(s)(mean=-6.98 std=8.94) reward(mean=-0.406 std=4.470) clip=50.0
[step 18000] eval_success_rate=0.520 eval_mean_score=14.800 eval_policy_mode=greedy [solved=26/50, score_range=10.00-16.00/16.0, initial=9.00]
[step 18000] PROGRESS: filled=14.92 violations=0.06 zero_cand=0.00
[step 18000] DEBUG: ep_len=12.1 ep_ret=-2.653 stop_prob=0.000 score_chg=5.4350
[Checkpoint] Saved to buiksat_trm/checkpoints/m1_nomask_persistent_nc_seed3/rl_checkpoint_step_18000.pt
[DEBUG] train_step 18000: starting episode collection
[DEBUG] train_step 18000: episodes collected, starting value_update
[DEBUG] train_step 18000: value_update done, starting policy_update
[DEBUG] train_step 18000: policy_update done
[step 18050] value_loss=0.900114 policy_loss=0.480560
[step 18050] VALUE_DEBUG: target(mean=-3.48 std=8.46 min=-16.75 max=8.74) V(s)(mean=-3.59 std=8.45) reward(mean=0.960 std=1.841) clip=50.0
[DEBUG] train_step 18050: starting episode collection
[DEBUG] train_step 18050: episodes collected, starting value_update
[DEBUG] train_step 18050: value_update done, starting policy_update
[DEBUG] train_step 18050: policy_update done
[step 18100] value_loss=2.616211 policy_loss=-0.164510
[step 18100] VALUE_DEBUG: target(mean=-5.10 std=8.59 min=-20.26 max=10.29) V(s)(mean=-4.92 std=8.58) reward(mean=-0.467 std=3.331) clip=50.0
[step 18100] eval_success_rate=0.520 eval_mean_score=14.860 eval_policy_mode=greedy [solved=26/50, score_range=11.00-16.00/16.0, initial=9.00]
[step 18100] PROGRESS: filled=14.86 violations=0.00 zero_cand=0.00
[step 18100] DEBUG: ep_len=11.7 ep_ret=-1.475 stop_prob=0.000 score_chg=5.6325
[DEBUG] train_step 18100: starting episode collection
[DEBUG] train_step 18100: episodes collected, starting value_update
[DEBUG] train_step 18100: value_update done, starting policy_update
[DEBUG] train_step 18100: policy_update done
[step 18150] value_loss=11.658613 policy_loss=-0.046752
[step 18150] VALUE_DEBUG: target(mean=-2.93 std=9.35 min=-23.08 max=9.06) V(s)(mean=-2.34 std=8.54) reward(mean=-0.654 std=5.298) clip=50.0
[DEBUG] train_step 18150: starting episode collection
[DEBUG] train_step 18150: episodes collected, starting value_update
[DEBUG] train_step 18150: value_update done, starting policy_update
[DEBUG] train_step 18150: policy_update done
[step 18200] value_loss=8.918925 policy_loss=-0.477486
[step 18200] VALUE_DEBUG: target(mean=-10.92 std=9.29 min=-25.75 max=7.70) V(s)(mean=-10.11 std=8.75) reward(mean=-1.875 std=6.246) clip=50.0
[step 18200] eval_success_rate=0.560 eval_mean_score=14.940 eval_policy_mode=greedy [solved=28/50, score_range=10.00-16.00/16.0, initial=9.00]
[step 18200] PROGRESS: filled=14.94 violations=0.00 zero_cand=0.00
[step 18200] DEBUG: ep_len=11.7 ep_ret=-1.524 stop_prob=0.000 score_chg=5.5025
[DEBUG] train_step 18200: starting episode collection
[DEBUG] train_step 18200: episodes collected, starting value_update
[DEBUG] train_step 18200: value_update done, starting policy_update
[DEBUG] train_step 18200: policy_update done
[step 18250] value_loss=2.404024 policy_loss=-0.115911
[step 18250] VALUE_DEBUG: target(mean=-9.06 std=8.28 min=-19.57 max=8.28) V(s)(mean=-8.85 std=8.34) reward(mean=-0.677 std=3.400) clip=50.0
[DEBUG] train_step 18250: starting episode collection
[DEBUG] train_step 18250: episodes collected, starting value_update
[DEBUG] train_step 18250: value_update done, starting policy_update
[DEBUG] train_step 18250: policy_update done
[step 18300] value_loss=5.619602 policy_loss=-0.288065
[step 18300] VALUE_DEBUG: target(mean=-6.27 std=8.90 min=-21.16 max=7.53) V(s)(mean=-5.91 std=8.55) reward(mean=-0.954 std=4.436) clip=50.0
[step 18300] eval_success_rate=0.540 eval_mean_score=14.960 eval_policy_mode=greedy [solved=27/50, score_range=10.00-16.00/16.0, initial=9.00]
[step 18300] PROGRESS: filled=14.96 violations=0.00 zero_cand=0.00
[step 18300] DEBUG: ep_len=11.7 ep_ret=-0.703 stop_prob=0.000 score_chg=5.6100
[DEBUG] train_step 18300: starting episode collection
[DEBUG] train_step 18300: episodes collected, starting value_update
[DEBUG] train_step 18300: value_update done, starting policy_update
[DEBUG] train_step 18300: policy_update done
[step 18350] value_loss=21.824696 policy_loss=0.275639
[step 18350] VALUE_DEBUG: target(mean=-6.88 std=9.70 min=-22.03 max=13.56) V(s)(mean=-6.50 std=8.21) reward(mean=-0.366 std=5.234) clip=50.0
[DEBUG] train_step 18350: starting episode collection
[DEBUG] train_step 18350: episodes collected, starting value_update
[DEBUG] train_step 18350: value_update done, starting policy_update
[DEBUG] train_step 18350: policy_update done
[step 18400] value_loss=6.417994 policy_loss=-0.562124
[step 18400] VALUE_DEBUG: target(mean=-5.76 std=8.87 min=-17.52 max=7.61) V(s)(mean=-6.50 std=8.81) reward(mean=-0.268 std=3.258) clip=50.0
[step 18400] eval_success_rate=0.500 eval_mean_score=14.840 eval_policy_mode=greedy [solved=25/50, score_range=10.00-16.00/16.0, initial=9.00]
[step 18400] PROGRESS: filled=14.84 violations=0.00 zero_cand=0.00
[step 18400] DEBUG: ep_len=12.0 ep_ret=-1.817 stop_prob=0.000 score_chg=5.5525
[DEBUG] train_step 18400: starting episode collection
[DEBUG] train_step 18400: episodes collected, starting value_update
[DEBUG] train_step 18400: value_update done, starting policy_update
[DEBUG] train_step 18400: policy_update done
[step 18450] value_loss=2.196695 policy_loss=0.033064
[step 18450] VALUE_DEBUG: target(mean=-6.57 std=8.15 min=-18.01 max=6.84) V(s)(mean=-6.39 std=8.04) reward(mean=-0.116 std=2.552) clip=50.0
[DEBUG] train_step 18450: starting episode collection
[DEBUG] train_step 18450: episodes collected, starting value_update
[DEBUG] train_step 18450: value_update done, starting policy_update
[DEBUG] train_step 18450: policy_update done
[step 18500] value_loss=5.113207 policy_loss=-0.067326
[step 18500] VALUE_DEBUG: target(mean=-5.05 std=9.55 min=-18.50 max=8.56) V(s)(mean=-5.34 std=8.85) reward(mean=-0.562 std=5.550) clip=50.0
[step 18500] eval_success_rate=0.480 eval_mean_score=14.860 eval_policy_mode=greedy [solved=24/50, score_range=10.00-16.00/16.0, initial=9.00]
[step 18500] PROGRESS: filled=14.86 violations=0.00 zero_cand=0.00
[step 18500] DEBUG: ep_len=12.0 ep_ret=-1.900 stop_prob=0.000 score_chg=5.5050
[DEBUG] train_step 18500: starting episode collection
[DEBUG] train_step 18500: episodes collected, starting value_update
[DEBUG] train_step 18500: value_update done, starting policy_update
[DEBUG] train_step 18500: policy_update done
[step 18550] value_loss=3.064084 policy_loss=0.149691
[step 18550] VALUE_DEBUG: target(mean=-4.02 std=8.56 min=-17.98 max=7.76) V(s)(mean=-4.20 std=8.99) reward(mean=0.383 std=1.713) clip=50.0
[DEBUG] train_step 18550: starting episode collection
[DEBUG] train_step 18550: episodes collected, starting value_update
[DEBUG] train_step 18550: value_update done, starting policy_update
[DEBUG] train_step 18550: policy_update done
[step 18600] value_loss=2.378904 policy_loss=0.241798
[step 18600] VALUE_DEBUG: target(mean=-6.30 std=9.68 min=-17.94 max=8.57) V(s)(mean=-6.55 std=9.19) reward(mean=0.157 std=3.330) clip=50.0
[step 18600] eval_success_rate=0.380 eval_mean_score=14.660 eval_policy_mode=greedy [solved=19/50, score_range=10.00-16.00/16.0, initial=9.00]
[step 18600] PROGRESS: filled=14.66 violations=0.00 zero_cand=0.00
[step 18600] DEBUG: ep_len=12.2 ep_ret=-2.204 stop_prob=0.000 score_chg=5.5150
[DEBUG] train_step 18600: starting episode collection
[DEBUG] train_step 18600: episodes collected, starting value_update
[DEBUG] train_step 18600: value_update done, starting policy_update
[DEBUG] train_step 18600: policy_update done
[step 18650] value_loss=18.155367 policy_loss=-1.411211
[step 18650] VALUE_DEBUG: target(mean=-8.68 std=9.85 min=-25.53 max=6.84) V(s)(mean=-8.73 std=9.05) reward(mean=-1.249 std=5.392) clip=50.0
[DEBUG] train_step 18650: starting episode collection
[DEBUG] train_step 18650: episodes collected, starting value_update
[DEBUG] train_step 18650: value_update done, starting policy_update
[DEBUG] train_step 18650: policy_update done
[step 18700] value_loss=7.219644 policy_loss=-0.439630
[step 18700] VALUE_DEBUG: target(mean=-6.66 std=10.10 min=-21.66 max=5.95) V(s)(mean=-6.08 std=9.66) reward(mean=-1.239 std=4.579) clip=50.0
[step 18700] eval_success_rate=0.480 eval_mean_score=14.760 eval_policy_mode=greedy [solved=24/50, score_range=10.00-16.00/16.0, initial=9.00]
[step 18700] PROGRESS: filled=14.76 violations=0.00 zero_cand=0.00
[step 18700] DEBUG: ep_len=11.9 ep_ret=-1.850 stop_prob=0.000 score_chg=5.4450
[DEBUG] train_step 18700: starting episode collection
[DEBUG] train_step 18700: episodes collected, starting value_update
[DEBUG] train_step 18700: value_update done, starting policy_update
[DEBUG] train_step 18700: policy_update done
[step 18750] value_loss=4.316240 policy_loss=-1.002875
[step 18750] VALUE_DEBUG: target(mean=-2.52 std=9.22 min=-17.90 max=8.88) V(s)(mean=-3.10 std=8.99) reward(mean=1.098 std=2.217) clip=50.0
[DEBUG] train_step 18750: starting episode collection
[DEBUG] train_step 18750: episodes collected, starting value_update
[DEBUG] train_step 18750: value_update done, starting policy_update
[DEBUG] train_step 18750: policy_update done
[step 18800] value_loss=9.410007 policy_loss=0.336822
[step 18800] VALUE_DEBUG: target(mean=-3.39 std=9.46 min=-17.89 max=11.67) V(s)(mean=-3.86 std=9.15) reward(mean=0.093 std=3.801) clip=50.0
[step 18800] eval_success_rate=0.420 eval_mean_score=14.660 eval_policy_mode=greedy [solved=21/50, score_range=11.00-16.00/16.0, initial=9.00]
[step 18800] PROGRESS: filled=14.66 violations=0.00 zero_cand=0.00
[step 18800] DEBUG: ep_len=11.9 ep_ret=-1.259 stop_prob=0.000 score_chg=5.5775
[DEBUG] train_step 18800: starting episode collection
[DEBUG] train_step 18800: episodes collected, starting value_update
[DEBUG] train_step 18800: value_update done, starting policy_update
[DEBUG] train_step 18800: policy_update done
[step 18850] value_loss=6.633603 policy_loss=-0.288082
[step 18850] VALUE_DEBUG: target(mean=-4.86 std=8.61 min=-19.66 max=8.52) V(s)(mean=-4.36 std=8.40) reward(mean=-0.484 std=4.431) clip=50.0
[DEBUG] train_step 18850: starting episode collection
[DEBUG] train_step 18850: episodes collected, starting value_update
[DEBUG] train_step 18850: value_update done, starting policy_update
[DEBUG] train_step 18850: policy_update done
[step 18900] value_loss=2.768262 policy_loss=0.109343
[step 18900] VALUE_DEBUG: target(mean=-5.56 std=9.98 min=-19.77 max=7.21) V(s)(mean=-5.65 std=9.85) reward(mean=-0.591 std=3.798) clip=50.0
[step 18900] eval_success_rate=0.520 eval_mean_score=14.760 eval_policy_mode=greedy [solved=26/50, score_range=10.00-16.00/16.0, initial=9.00]
[step 18900] PROGRESS: filled=14.76 violations=0.00 zero_cand=0.00
[step 18900] DEBUG: ep_len=12.1 ep_ret=-1.812 stop_prob=0.000 score_chg=5.5275
[DEBUG] train_step 18900: starting episode collection
[DEBUG] train_step 18900: episodes collected, starting value_update
[DEBUG] train_step 18900: value_update done, starting policy_update
[DEBUG] train_step 18900: policy_update done
[step 18950] value_loss=5.515587 policy_loss=-0.411150
[step 18950] VALUE_DEBUG: target(mean=-7.51 std=8.89 min=-17.91 max=7.81) V(s)(mean=-7.67 std=8.64) reward(mean=-1.399 std=5.664) clip=50.0
[DEBUG] train_step 18950: starting episode collection
[DEBUG] train_step 18950: episodes collected, starting value_update
[DEBUG] train_step 18950: value_update done, starting policy_update
[DEBUG] train_step 18950: policy_update done
[step 19000] value_loss=1.177289 policy_loss=0.135656
[step 19000] VALUE_DEBUG: target(mean=-4.44 std=8.32 min=-17.89 max=6.72) V(s)(mean=-4.48 std=8.29) reward(mean=0.256 std=1.329) clip=50.0
[step 19000] eval_success_rate=0.540 eval_mean_score=14.760 eval_policy_mode=greedy [solved=27/50, score_range=10.00-16.00/16.0, initial=9.00]
[step 19000] PROGRESS: filled=14.76 violations=0.00 zero_cand=0.00
[step 19000] DEBUG: ep_len=11.8 ep_ret=-1.160 stop_prob=0.000 score_chg=5.4875
[Checkpoint] Saved to buiksat_trm/checkpoints/m1_nomask_persistent_nc_seed3/rl_checkpoint_step_19000.pt
[DEBUG] train_step 19000: starting episode collection
[DEBUG] train_step 19000: episodes collected, starting value_update
[DEBUG] train_step 19000: value_update done, starting policy_update
[DEBUG] train_step 19000: policy_update done
[step 19050] value_loss=12.321486 policy_loss=-0.042398
[step 19050] VALUE_DEBUG: target(mean=-8.41 std=8.22 min=-17.83 max=6.84) V(s)(mean=-7.95 std=7.94) reward(mean=-0.519 std=4.007) clip=50.0
[DEBUG] train_step 19050: starting episode collection
[DEBUG] train_step 19050: episodes collected, starting value_update
[DEBUG] train_step 19050: value_update done, starting policy_update
[DEBUG] train_step 19050: policy_update done
[step 19100] value_loss=3.938642 policy_loss=-0.319876
[step 19100] VALUE_DEBUG: target(mean=-6.60 std=9.19 min=-18.08 max=8.55) V(s)(mean=-6.30 std=9.22) reward(mean=-0.117 std=3.906) clip=50.0
[step 19100] eval_success_rate=0.460 eval_mean_score=14.580 eval_policy_mode=greedy [solved=23/50, score_range=10.00-16.00/16.0, initial=9.00]
[step 19100] PROGRESS: filled=14.58 violations=0.00 zero_cand=0.00
[step 19100] DEBUG: ep_len=11.8 ep_ret=-1.185 stop_prob=0.000 score_chg=5.5325
[DEBUG] train_step 19100: starting episode collection
[DEBUG] train_step 19100: episodes collected, starting value_update
[DEBUG] train_step 19100: value_update done, starting policy_update
[DEBUG] train_step 19100: policy_update done
[step 19150] value_loss=10.950384 policy_loss=-0.327349
[step 19150] VALUE_DEBUG: target(mean=-5.98 std=9.05 min=-17.68 max=9.69) V(s)(mean=-5.18 std=8.70) reward(mean=-0.585 std=3.887) clip=50.0
[DEBUG] train_step 19150: starting episode collection
[DEBUG] train_step 19150: episodes collected, starting value_update
[DEBUG] train_step 19150: value_update done, starting policy_update
[DEBUG] train_step 19150: policy_update done
[step 19200] value_loss=5.563950 policy_loss=-0.239426
[step 19200] VALUE_DEBUG: target(mean=-8.04 std=8.66 min=-17.73 max=8.10) V(s)(mean=-8.54 std=8.01) reward(mean=0.062 std=3.494) clip=50.0
[step 19200] eval_success_rate=0.500 eval_mean_score=14.680 eval_policy_mode=greedy [solved=25/50, score_range=10.00-16.00/16.0, initial=9.00]
[step 19200] PROGRESS: filled=14.68 violations=0.00 zero_cand=0.00
[step 19200] DEBUG: ep_len=11.6 ep_ret=-1.083 stop_prob=0.000 score_chg=5.7650
[DEBUG] train_step 19200: starting episode collection
[DEBUG] train_step 19200: episodes collected, starting value_update
[DEBUG] train_step 19200: value_update done, starting policy_update
[DEBUG] train_step 19200: policy_update done
[step 19250] value_loss=4.577886 policy_loss=0.697618
[step 19250] VALUE_DEBUG: target(mean=-5.88 std=9.24 min=-22.36 max=7.66) V(s)(mean=-5.91 std=8.84) reward(mean=0.073 std=2.488) clip=50.0
[DEBUG] train_step 19250: starting episode collection
[DEBUG] train_step 19250: episodes collected, starting value_update
[DEBUG] train_step 19250: value_update done, starting policy_update
[DEBUG] train_step 19250: policy_update done
[step 19300] value_loss=6.670311 policy_loss=0.181064
[step 19300] VALUE_DEBUG: target(mean=-3.78 std=9.56 min=-22.05 max=13.35) V(s)(mean=-4.30 std=8.62) reward(mean=0.293 std=4.356) clip=50.0
[step 19300] eval_success_rate=0.540 eval_mean_score=14.780 eval_policy_mode=greedy [solved=27/50, score_range=10.00-16.00/16.0, initial=9.00]
[step 19300] PROGRESS: filled=14.78 violations=0.00 zero_cand=0.00
[step 19300] DEBUG: ep_len=11.7 ep_ret=-1.003 stop_prob=0.000 score_chg=5.6275
[DEBUG] train_step 19300: starting episode collection
[DEBUG] train_step 19300: episodes collected, starting value_update
[DEBUG] train_step 19300: value_update done, starting policy_update
[DEBUG] train_step 19300: policy_update done
[step 19350] value_loss=4.095623 policy_loss=-0.388491
[step 19350] VALUE_DEBUG: target(mean=-5.29 std=8.00 min=-18.19 max=5.56) V(s)(mean=-5.00 std=8.67) reward(mean=-0.396 std=4.084) clip=50.0
[DEBUG] train_step 19350: starting episode collection
[DEBUG] train_step 19350: episodes collected, starting value_update
[DEBUG] train_step 19350: value_update done, starting policy_update
[DEBUG] train_step 19350: policy_update done
[step 19400] value_loss=4.828790 policy_loss=0.333337
[step 19400] VALUE_DEBUG: target(mean=-3.18 std=8.40 min=-22.44 max=14.95) V(s)(mean=-3.60 std=8.01) reward(mean=0.791 std=2.298) clip=50.0
[step 19400] eval_success_rate=0.500 eval_mean_score=14.800 eval_policy_mode=greedy [solved=25/50, score_range=11.00-16.00/16.0, initial=9.00]
[step 19400] PROGRESS: filled=14.80 violations=0.00 zero_cand=0.00
[step 19400] DEBUG: ep_len=11.6 ep_ret=-1.027 stop_prob=0.000 score_chg=5.6850
[DEBUG] train_step 19400: starting episode collection
[DEBUG] train_step 19400: episodes collected, starting value_update
[DEBUG] train_step 19400: value_update done, starting policy_update
[DEBUG] train_step 19400: policy_update done
[step 19450] value_loss=8.684715 policy_loss=0.111767
[step 19450] VALUE_DEBUG: target(mean=-8.89 std=8.89 min=-18.09 max=6.87) V(s)(mean=-8.78 std=8.41) reward(mean=-0.778 std=4.265) clip=50.0
[DEBUG] train_step 19450: starting episode collection
[DEBUG] train_step 19450: episodes collected, starting value_update
[DEBUG] train_step 19450: value_update done, starting policy_update
[DEBUG] train_step 19450: policy_update done
[step 19500] value_loss=4.921782 policy_loss=0.227392
[step 19500] VALUE_DEBUG: target(mean=-3.38 std=8.12 min=-17.97 max=8.63) V(s)(mean=-3.23 std=8.19) reward(mean=-1.157 std=4.658) clip=50.0
[step 19500] eval_success_rate=0.500 eval_mean_score=14.780 eval_policy_mode=greedy [solved=25/50, score_range=11.00-16.00/16.0, initial=9.00]
[step 19500] PROGRESS: filled=14.78 violations=0.00 zero_cand=0.00
[step 19500] DEBUG: ep_len=12.1 ep_ret=-2.101 stop_prob=0.000 score_chg=5.2625
[DEBUG] train_step 19500: starting episode collection
[DEBUG] train_step 19500: episodes collected, starting value_update
[DEBUG] train_step 19500: value_update done, starting policy_update
[DEBUG] train_step 19500: policy_update done
[step 19550] value_loss=9.595236 policy_loss=0.136037
[step 19550] VALUE_DEBUG: target(mean=-3.14 std=8.94 min=-16.62 max=14.47) V(s)(mean=-2.65 std=8.30) reward(mean=0.073 std=3.753) clip=50.0
[DEBUG] train_step 19550: starting episode collection
[DEBUG] train_step 19550: episodes collected, starting value_update
[DEBUG] train_step 19550: value_update done, starting policy_update
[DEBUG] train_step 19550: policy_update done
[step 19600] value_loss=5.679527 policy_loss=-0.069749
[step 19600] VALUE_DEBUG: target(mean=-3.04 std=8.50 min=-17.95 max=7.75) V(s)(mean=-2.49 std=8.15) reward(mean=-0.439 std=4.136) clip=50.0
[step 19600] eval_success_rate=0.500 eval_mean_score=14.720 eval_policy_mode=greedy [solved=25/50, score_range=11.00-16.00/16.0, initial=9.00]
[step 19600] PROGRESS: filled=14.72 violations=0.00 zero_cand=0.00
[step 19600] DEBUG: ep_len=11.5 ep_ret=-0.675 stop_prob=0.000 score_chg=5.7400
[DEBUG] train_step 19600: starting episode collection
[DEBUG] train_step 19600: episodes collected, starting value_update
[DEBUG] train_step 19600: value_update done, starting policy_update
[DEBUG] train_step 19600: policy_update done
[step 19650] value_loss=3.201019 policy_loss=-0.679045
[step 19650] VALUE_DEBUG: target(mean=-7.09 std=8.30 min=-17.97 max=6.20) V(s)(mean=-6.79 std=8.66) reward(mean=-0.831 std=3.544) clip=50.0
[DEBUG] train_step 19650: starting episode collection
[DEBUG] train_step 19650: episodes collected, starting value_update
[DEBUG] train_step 19650: value_update done, starting policy_update
[DEBUG] train_step 19650: policy_update done
[step 19700] value_loss=4.633478 policy_loss=-0.193647
[step 19700] VALUE_DEBUG: target(mean=-4.59 std=9.01 min=-21.83 max=11.45) V(s)(mean=-4.87 std=8.58) reward(mean=0.192 std=3.926) clip=50.0
[step 19700] eval_success_rate=0.460 eval_mean_score=14.760 eval_policy_mode=greedy [solved=23/50, score_range=11.00-16.00/16.0, initial=9.00]
[step 19700] PROGRESS: filled=14.76 violations=0.00 zero_cand=0.00
[step 19700] DEBUG: ep_len=11.6 ep_ret=-0.782 stop_prob=0.000 score_chg=5.6450
[DEBUG] train_step 19700: starting episode collection
[DEBUG] train_step 19700: episodes collected, starting value_update
[DEBUG] train_step 19700: value_update done, starting policy_update
[DEBUG] train_step 19700: policy_update done
[step 19750] value_loss=24.529305 policy_loss=0.005037
[step 19750] VALUE_DEBUG: target(mean=-4.14 std=9.85 min=-22.09 max=7.67) V(s)(mean=-4.17 std=8.96) reward(mean=0.004 std=4.159) clip=50.0
[DEBUG] train_step 19750: starting episode collection
[DEBUG] train_step 19750: episodes collected, starting value_update
[DEBUG] train_step 19750: value_update done, starting policy_update
[DEBUG] train_step 19750: policy_update done
[step 19800] value_loss=2.176955 policy_loss=1.290894
[step 19800] VALUE_DEBUG: target(mean=-1.02 std=7.16 min=-15.98 max=6.31) V(s)(mean=-1.00 std=7.46) reward(mean=0.226 std=1.946) clip=50.0
[step 19800] eval_success_rate=0.420 eval_mean_score=14.660 eval_policy_mode=greedy [solved=21/50, score_range=11.00-16.00/16.0, initial=9.00]
[step 19800] PROGRESS: filled=14.66 violations=0.00 zero_cand=0.00
[step 19800] DEBUG: ep_len=12.0 ep_ret=-1.486 stop_prob=0.000 score_chg=5.7300
[DEBUG] train_step 19800: starting episode collection
[DEBUG] train_step 19800: episodes collected, starting value_update
[DEBUG] train_step 19800: value_update done, starting policy_update
[DEBUG] train_step 19800: policy_update done
[step 19850] value_loss=2.531787 policy_loss=-0.439018
[step 19850] VALUE_DEBUG: target(mean=-6.78 std=9.20 min=-19.42 max=9.13) V(s)(mean=-7.10 std=8.94) reward(mean=0.250 std=2.394) clip=50.0
[DEBUG] train_step 19850: starting episode collection
[DEBUG] train_step 19850: episodes collected, starting value_update
[DEBUG] train_step 19850: value_update done, starting policy_update
[DEBUG] train_step 19850: policy_update done
[step 19900] value_loss=1.465027 policy_loss=-0.036275
[step 19900] VALUE_DEBUG: target(mean=-2.87 std=8.64 min=-16.74 max=8.46) V(s)(mean=-3.10 std=8.70) reward(mean=0.871 std=1.762) clip=50.0
[step 19900] eval_success_rate=0.460 eval_mean_score=14.700 eval_policy_mode=greedy [solved=23/50, score_range=11.00-16.00/16.0, initial=9.00]
[step 19900] PROGRESS: filled=14.70 violations=0.00 zero_cand=0.00
[step 19900] DEBUG: ep_len=11.6 ep_ret=-1.115 stop_prob=0.000 score_chg=5.5825
[DEBUG] train_step 19900: starting episode collection
[DEBUG] train_step 19900: episodes collected, starting value_update
[DEBUG] train_step 19900: value_update done, starting policy_update
[DEBUG] train_step 19900: policy_update done
[step 19950] value_loss=11.245403 policy_loss=0.240803
[step 19950] VALUE_DEBUG: target(mean=-5.16 std=9.18 min=-17.33 max=7.81) V(s)(mean=-4.71 std=9.13) reward(mean=-0.488 std=4.620) clip=50.0
[DEBUG] train_step 19950: starting episode collection
[DEBUG] train_step 19950: episodes collected, starting value_update
[DEBUG] train_step 19950: value_update done, starting policy_update
[DEBUG] train_step 19950: policy_update done
[step 20000] value_loss=2.705724 policy_loss=0.381696
[step 20000] VALUE_DEBUG: target(mean=-7.21 std=9.32 min=-22.08 max=6.38) V(s)(mean=-6.90 std=9.13) reward(mean=-0.740 std=4.291) clip=50.0
[step 20000] eval_success_rate=0.500 eval_mean_score=15.040 eval_policy_mode=greedy [solved=25/50, score_range=12.00-16.00/16.0, initial=9.00]
[step 20000] PROGRESS: filled=15.04 violations=0.00 zero_cand=0.00
[step 20000] DEBUG: ep_len=11.9 ep_ret=-1.678 stop_prob=0.000 score_chg=5.4225
[Checkpoint] Saved to buiksat_trm/checkpoints/m1_nomask_persistent_nc_seed3/rl_checkpoint_step_20000.pt
[Checkpoint] Saved to buiksat_trm/checkpoints/m1_nomask_persistent_nc_seed3/rl_checkpoint_step_20000.pt
