[2026-04-06T11:43:38.511-07:00] Buck UI: https://www.internalfb.com/buck2/2dfbe8d6-3d31-452e-ae6f-d8207fd6006b
[2026-04-06T11:43:38.674-07:00] Network: Up: 0B  Down: 0B
BUILD SUCCEEDED - starting your binary
[DATASET] dataset_paths=['buiksat_trm/data/sudoku-4x4-easy_6to8empties']
[DATASET] resolved_dataset_name=sudoku-4x4-easy_6to8empties
[DATASET] num_samples=32
[INFO] Using feasibility-aware Sudoku checker for 4x4
       score = filled - 2.0*violations - 5.0*zeroCand
       Max score: 16 (all filled, no violations)
[INFO] Training for 20000 steps (gamma=0.990, K=1, inner_unroll_n=2)
[INFO] Terminal rewards: solve=1.000, fail=-16.000
[INFO] Using TRM backbone (hidden=64, H=2, L=2)
[DEBUG] Policy head STOP bias: 0.00 (should be 0.0 for uniform init)
[INFO] Puzzle embeddings DISABLED (set --puzzle-emb-ndim > 0 to enable)
============================================================
TRAINER SELECTION
============================================================
INFO:2026-04-06 11:43:45 3873988:3873988 CuptiCallbackApi.cpp:69] Callback: domain = 3, cbid = 1
INFO:2026-04-06 11:43:45 3873988:3873988 CuptiActivityProfiler.cpp:93] CUDA versions. CUPTI: 22; Runtime: 12040; Driver: 12040
INFO:2026-04-06 11:43:45 3873988:3875458 FBConfig.cpp:330] Perfetto builder enabled: 1
INFO:2026-04-06 11:43:45 3873988:3875458 DynoConfigLoader.cpp:61] Setting communication fabric enabled = 0
INFO:2026-04-06 11:43:45 3873988:3875458 DynoConfigLoader.cpp:61] Setting communication fabric enabled = 0
TritonTraceHandler: disabled because /logs does not exist
===========[FB_TRITON]=========== Triton Version: 3.5.0+fb
[TRAINER] UPI-TRM (K=1, inner_n=2)
[TRAINER] CLI --baseline: None, YAML algorithm: None
============================================================
[INFO] Checkpoint directory: checkpoints/rl_sudoku-4x4-easy_6to8empties_seed4

============================================================
UPI-TRM THEORY ALIGNMENT CHECK
============================================================
⚠ Configuration has theory gaps:
  • enable_contraction=False disables spectral normalization (Assumption 4.2). L_z < 1 contraction not enforced.
  • exact_baseline_summation=False: Using approximate baseline. This gives O(ε_A/(1-γ)) bound instead of O(α·ε_A) from Theorem 5.9. For discrete action spaces (Sudoku), enable for tighter bounds.
  • theory_exact_mixture=False: Using parameter-space interpolation for CPI, which is NOT equivalent to policy-space mixture. The CPI improvement guarantee does not strictly apply. Set theory_exact_mixture=True for theory-exact behavior (but slower due to evaluating two networks).

Theory status:
  Forward-invariant projection: ✓
  Contraction enforced (L_z < 1): ✗
  Exact baseline (Thm 5.9): ✗
  Distillation (not in theory): ✓ disabled

Is theory-exact: False
============================================================

UPI-TRM theoretical dials:
  L_z target (rl_cfg.target_Lz): 0.9
  L_V target (rl_cfg.target_Lv): 1.0
  Inner unroll n (rl_cfg.inner_unroll_n): 2
  K-step horizon K (rl_cfg.K): 1
  Mixture alpha (rl_cfg.mixture_alpha): 0.1
  Latent ball radius (rl_cfg.latent_ball_radius): 10.0
  Episodic latent: False
  Exact K-step targets: False
  Exact baseline summation: False

[INFO] STOP action mode: disabled
[INFO] Forward-invariant projection enabled (R=10.0)
[WandB] Disabled by default (enable with: --wandb)
[DEBUG] train_step 0: starting episode collection
[DEBUG] Action mask: 12 valid actions out of 97 total
[DEBUG] Latent mode: persistent
[DEBUG] Episode 0, Step 0: calling _mixed_policy_dist
[DEBUG] Step 0 probs: STOP=0.000000, edits=1.000000
[DEBUG] Top 5 action probs: torch.return_types.topk(
values=tensor([0.1013, 0.0983, 0.0951, 0.0926, 0.0926], device='cuda:0'),
indices=tensor([58, 51, 52,  9, 75], device='cuda:0'))
[DEBUG] Episode 0, Step 0 complete: action=10, reward=0.9000, done=False
[DEBUG] Episode 0, Step 1: calling _mixed_policy_dist
[DEBUG] Episode 0, Step 1 complete: action=17, reward=0.8900, done=False
[DEBUG] Episode 0, Step 2: calling _mixed_policy_dist
[DEBUG] Episode 0, Step 2 complete: action=9, reward=-0.1100, done=False
[DEBUG] Episode 0, Step 3: calling _mixed_policy_dist
[DEBUG] Episode 0, Step 3 complete: action=87, reward=0.8800, done=False
[DEBUG] Episode 0, Step 4: calling _mixed_policy_dist
[DEBUG] Episode 0, Step 4 complete: action=51, reward=0.8700, done=False
[DEBUG] Episode 0 finished: 12 steps, done=True, reason=solved
[DEBUG] Episode 1, Step 0: calling _mixed_policy_dist
[DEBUG] Episode 1, Step 0 complete: action=57, reward=0.9000, done=False
[DEBUG] Episode 1, Step 1: calling _mixed_policy_dist
[DEBUG] Episode 1, Step 1 complete: action=95, reward=0.8900, done=False
[DEBUG] Episode 1, Step 2: calling _mixed_policy_dist
[DEBUG] Episode 1, Step 2 complete: action=70, reward=0.8800, done=False
[DEBUG] Episode 1, Step 3: calling _mixed_policy_dist
[DEBUG] Episode 1, Step 3 complete: action=53, reward=0.8700, done=False
[DEBUG] Episode 1, Step 4: calling _mixed_policy_dist
[DEBUG] Episode 1, Step 4 complete: action=80, reward=0.8600, done=False
[DEBUG] Episode 1 finished: 7 steps, done=True, reason=solved
[DEBUG] Episode 2, Step 0: calling _mixed_policy_dist
[DEBUG] Episode 2, Step 0 complete: action=77, reward=0.9000, done=False
[DEBUG] Episode 2, Step 1: calling _mixed_policy_dist
[DEBUG] Episode 2, Step 1 complete: action=32, reward=0.8900, done=False
[DEBUG] Episode 2, Step 2: calling _mixed_policy_dist
[DEBUG] Episode 2, Step 2 complete: action=51, reward=-9.0200, done=False
[DEBUG] Episode 2, Step 3: calling _mixed_policy_dist
[DEBUG] Episode 2, Step 3 complete: action=93, reward=0.9700, done=False
[DEBUG] Episode 2, Step 4: calling _mixed_policy_dist
[DEBUG] Episode 2, Step 4 complete: action=33, reward=9.8700, done=False
[DEBUG] Episode 2 finished: 10 steps, done=True, reason=solved
[DEBUG] Episode 3, Step 0: calling _mixed_policy_dist
[DEBUG] Episode 3, Step 0 complete: action=8, reward=0.9100, done=False
[DEBUG] Episode 3, Step 1: calling _mixed_policy_dist
[DEBUG] Episode 3, Step 1 complete: action=83, reward=0.9000, done=False
[DEBUG] Episode 3, Step 2: calling _mixed_policy_dist
[DEBUG] Episode 3, Step 2 complete: action=82, reward=-10.0000, done=False
[DEBUG] Episode 3, Step 3: calling _mixed_policy_dist
[DEBUG] Episode 3, Step 3 complete: action=29, reward=0.9900, done=False
[DEBUG] Episode 3, Step 4: calling _mixed_policy_dist
[DEBUG] Episode 3, Step 4 complete: action=75, reward=0.9800, done=False
[DEBUG] Episode 3 finished: 10 steps, done=True, reason=solved
[DEBUG] train_step 0: episodes collected, starting value_update
[DEBUG] train_step 0: value_update done, starting policy_update
[DEBUG] train_step 0: policy_update done
[DEBUG] train_step 1: starting episode collection
[DEBUG] Episode 4, Step 0: calling _mixed_policy_dist
[DEBUG] Episode 4, Step 0 complete: action=93, reward=0.8900, done=False
[DEBUG] Episode 4, Step 1: calling _mixed_policy_dist
[DEBUG] Episode 4, Step 1 complete: action=80, reward=0.8800, done=False
[DEBUG] Episode 4, Step 2: calling _mixed_policy_dist
[DEBUG] Episode 4, Step 2 complete: action=57, reward=0.8700, done=False
[DEBUG] Episode 4, Step 3: calling _mixed_policy_dist
[DEBUG] Episode 4, Step 3 complete: action=26, reward=0.8600, done=False
[DEBUG] Episode 4, Step 4: calling _mixed_policy_dist
[DEBUG] Episode 4, Step 4 complete: action=23, reward=0.8500, done=False
[DEBUG] Episode 4 finished: 6 steps, done=True, reason=solved
[DEBUG] train_step 1: episodes collected, starting value_update
[DEBUG] train_step 1: value_update done, starting policy_update
[DEBUG] train_step 1: policy_update done
[DEBUG] train_step 2: starting episode collection
[DEBUG] train_step 2: episodes collected, starting value_update
[DEBUG] train_step 2: value_update done, starting policy_update
[DEBUG] train_step 2: policy_update done
[DEBUG] train_step 3: starting episode collection
[DEBUG] train_step 3: episodes collected, starting value_update
[DEBUG] train_step 3: value_update done, starting policy_update
[DEBUG] train_step 3: policy_update done
[DEBUG] train_step 4: starting episode collection
[DEBUG] train_step 4: episodes collected, starting value_update
[DEBUG] train_step 4: value_update done, starting policy_update
[DEBUG] train_step 4: policy_update done
[step 00050] value_loss=17.105366 policy_loss=-0.314571
[step 00050] VALUE_DEBUG: target(mean=2.12 std=3.88 min=-9.94 max=10.11) V(s)(mean=0.90 std=0.29) reward(mean=1.955 std=3.882) clip=50.0
[DEBUG] train_step 50: starting episode collection
[DEBUG] train_step 50: episodes collected, starting value_update
[DEBUG] train_step 50: value_update done, starting policy_update
[DEBUG] train_step 50: policy_update done
[step 00100] value_loss=14.375908 policy_loss=-1.430407
[step 00100] VALUE_DEBUG: target(mean=0.77 std=3.64 min=-9.47 max=10.69) V(s)(mean=0.99 std=0.54) reward(mean=0.361 std=3.696) clip=50.0
[step 00100] eval_success_rate=0.860 eval_mean_score=14.840 eval_policy_mode=greedy [solved=43/50, score_range=3.00-16.00/16.0, initial=9.00]
[step 00100] PROGRESS: filled=15.44 violations=0.00 zero_cand=0.12
[step 00100] DEBUG: ep_len=8.4 ep_ret=5.922 stop_prob=0.000 score_chg=6.6025
[DEBUG] train_step 100: starting episode collection
[DEBUG] train_step 100: episodes collected, starting value_update
[DEBUG] train_step 100: value_update done, starting policy_update
[DEBUG] train_step 100: policy_update done
[step 00150] value_loss=22.894794 policy_loss=-1.016733
[step 00150] VALUE_DEBUG: target(mean=0.92 std=5.00 min=-9.74 max=11.12) V(s)(mean=1.13 std=0.76) reward(mean=0.175 std=4.947) clip=50.0
[DEBUG] train_step 150: starting episode collection
[DEBUG] train_step 150: episodes collected, starting value_update
[DEBUG] train_step 150: value_update done, starting policy_update
[DEBUG] train_step 150: policy_update done
[step 00200] value_loss=18.338749 policy_loss=-0.432025
[step 00200] VALUE_DEBUG: target(mean=1.56 std=4.40 min=-8.57 max=11.81) V(s)(mean=2.11 std=0.58) reward(mean=0.312 std=4.338) clip=50.0
[step 00200] eval_success_rate=0.960 eval_mean_score=15.840 eval_policy_mode=greedy [solved=48/50, score_range=12.00-16.00/16.0, initial=9.00]
[step 00200] PROGRESS: filled=15.84 violations=0.00 zero_cand=0.00
[step 00200] DEBUG: ep_len=8.1 ep_ret=6.822 stop_prob=0.000 score_chg=6.9325
[DEBUG] train_step 200: starting episode collection
[DEBUG] train_step 200: episodes collected, starting value_update
[DEBUG] train_step 200: value_update done, starting policy_update
[DEBUG] train_step 200: policy_update done
[step 00250] value_loss=33.755535 policy_loss=-0.879138
[step 00250] VALUE_DEBUG: target(mean=0.73 std=5.66 min=-15.14 max=11.85) V(s)(mean=2.24 std=0.62) reward(mean=-0.575 std=5.441) clip=50.0
[DEBUG] train_step 250: starting episode collection
[DEBUG] train_step 250: episodes collected, starting value_update
[DEBUG] train_step 250: value_update done, starting policy_update
[DEBUG] train_step 250: policy_update done
[step 00300] value_loss=9.102435 policy_loss=-1.601665
[step 00300] VALUE_DEBUG: target(mean=2.88 std=3.16 min=-6.21 max=12.83) V(s)(mean=3.30 std=0.86) reward(mean=1.100 std=2.999) clip=50.0
[step 00300] eval_success_rate=0.920 eval_mean_score=14.860 eval_policy_mode=greedy [solved=46/50, score_range=-3.00-16.00/16.0, initial=9.00]
[step 00300] PROGRESS: filled=15.66 violations=0.00 zero_cand=0.16
[step 00300] DEBUG: ep_len=7.7 ep_ret=6.753 stop_prob=0.000 score_chg=6.9150
[DEBUG] train_step 300: starting episode collection
[DEBUG] train_step 300: episodes collected, starting value_update
[DEBUG] train_step 300: value_update done, starting policy_update
[DEBUG] train_step 300: policy_update done
[step 00350] value_loss=12.341387 policy_loss=-1.233434
[step 00350] VALUE_DEBUG: target(mean=3.39 std=3.40 min=-6.59 max=16.66) V(s)(mean=2.92 std=0.81) reward(mean=1.393 std=3.394) clip=50.0
[DEBUG] train_step 350: starting episode collection
[DEBUG] train_step 350: episodes collected, starting value_update
[DEBUG] train_step 350: value_update done, starting policy_update
[DEBUG] train_step 350: policy_update done
[step 00400] value_loss=11.101360 policy_loss=-0.579048
[step 00400] VALUE_DEBUG: target(mean=3.08 std=3.19 min=-7.09 max=12.35) V(s)(mean=2.87 std=0.82) reward(mean=0.667 std=3.250) clip=50.0
[step 00400] eval_success_rate=0.960 eval_mean_score=15.780 eval_policy_mode=greedy [solved=48/50, score_range=10.00-16.00/16.0, initial=9.00]
[step 00400] PROGRESS: filled=15.78 violations=0.00 zero_cand=0.00
[step 00400] DEBUG: ep_len=7.4 ep_ret=6.894 stop_prob=0.000 score_chg=6.9000
[DEBUG] train_step 400: starting episode collection
[DEBUG] train_step 400: episodes collected, starting value_update
[DEBUG] train_step 400: value_update done, starting policy_update
[DEBUG] train_step 400: policy_update done
[step 00450] value_loss=17.355616 policy_loss=-0.246443
[step 00450] VALUE_DEBUG: target(mean=2.64 std=4.63 min=-15.14 max=13.77) V(s)(mean=2.67 std=0.73) reward(mean=0.048 std=4.071) clip=50.0
[DEBUG] train_step 450: starting episode collection
[DEBUG] train_step 450: episodes collected, starting value_update
[DEBUG] train_step 450: value_update done, starting policy_update
[DEBUG] train_step 450: policy_update done
[step 00500] value_loss=5.655499 policy_loss=0.362027
[step 00500] VALUE_DEBUG: target(mean=3.16 std=2.65 min=-6.94 max=12.76) V(s)(mean=3.48 std=0.92) reward(mean=1.091 std=2.415) clip=50.0
[step 00500] eval_success_rate=0.960 eval_mean_score=15.780 eval_policy_mode=greedy [solved=48/50, score_range=10.00-16.00/16.0, initial=9.00]
[step 00500] PROGRESS: filled=15.78 violations=0.00 zero_cand=0.00
[step 00500] DEBUG: ep_len=7.5 ep_ret=6.659 stop_prob=0.000 score_chg=6.9250
[DEBUG] train_step 500: starting episode collection
[DEBUG] train_step 500: episodes collected, starting value_update
[DEBUG] train_step 500: value_update done, starting policy_update
[DEBUG] train_step 500: policy_update done
[step 00550] value_loss=13.660708 policy_loss=-0.120431
[step 00550] VALUE_DEBUG: target(mean=3.82 std=3.82 min=-11.38 max=13.44) V(s)(mean=3.56 std=1.17) reward(mean=1.289 std=3.668) clip=50.0
[DEBUG] train_step 550: starting episode collection
[DEBUG] train_step 550: episodes collected, starting value_update
[DEBUG] train_step 550: value_update done, starting policy_update
[DEBUG] train_step 550: policy_update done
[step 00600] value_loss=6.875587 policy_loss=0.305176
[step 00600] VALUE_DEBUG: target(mean=4.43 std=2.54 min=0.07 max=13.08) V(s)(mean=4.36 std=1.32) reward(mean=1.355 std=2.385) clip=50.0
[step 00600] eval_success_rate=0.960 eval_mean_score=15.800 eval_policy_mode=greedy [solved=48/50, score_range=10.00-16.00/16.0, initial=9.00]
[step 00600] PROGRESS: filled=15.80 violations=0.00 zero_cand=0.00
[step 00600] DEBUG: ep_len=7.4 ep_ret=6.730 stop_prob=0.000 score_chg=6.9125
[DEBUG] train_step 600: starting episode collection
[DEBUG] train_step 600: episodes collected, starting value_update
[DEBUG] train_step 600: value_update done, starting policy_update
[DEBUG] train_step 600: policy_update done
[step 00650] value_loss=5.842867 policy_loss=-0.666467
[step 00650] VALUE_DEBUG: target(mean=4.25 std=2.87 min=-4.49 max=14.45) V(s)(mean=4.37 std=1.29) reward(mean=1.026 std=2.544) clip=50.0
[DEBUG] train_step 650: starting episode collection
[DEBUG] train_step 650: episodes collected, starting value_update
[DEBUG] train_step 650: value_update done, starting policy_update
[DEBUG] train_step 650: policy_update done
[step 00700] value_loss=11.294282 policy_loss=0.672388
[step 00700] VALUE_DEBUG: target(mean=4.62 std=3.49 min=-4.99 max=14.91) V(s)(mean=4.92 std=1.16) reward(mean=0.759 std=3.443) clip=50.0
[step 00700] eval_success_rate=1.000 eval_mean_score=16.000 eval_policy_mode=greedy [solved=50/50, score_range=16.00-16.00/16.0, initial=9.00]
[step 00700] PROGRESS: filled=16.00 violations=0.00 zero_cand=0.00
[step 00700] DEBUG: ep_len=7.3 ep_ret=6.794 stop_prob=0.000 score_chg=6.8875
[DEBUG] train_step 700: starting episode collection
[DEBUG] train_step 700: episodes collected, starting value_update
[DEBUG] train_step 700: value_update done, starting policy_update
[DEBUG] train_step 700: policy_update done
[step 00750] value_loss=9.795004 policy_loss=0.740759
[step 00750] VALUE_DEBUG: target(mean=4.12 std=3.56 min=-6.47 max=13.21) V(s)(mean=4.18 std=1.47) reward(mean=0.823 std=3.159) clip=50.0
[DEBUG] train_step 750: starting episode collection
[DEBUG] train_step 750: episodes collected, starting value_update
[DEBUG] train_step 750: value_update done, starting policy_update
[DEBUG] train_step 750: policy_update done
[step 00800] value_loss=27.744480 policy_loss=-0.069301
[step 00800] VALUE_DEBUG: target(mean=3.13 std=5.51 min=-9.57 max=16.25) V(s)(mean=3.86 std=1.68) reward(mean=-0.602 std=5.300) clip=50.0
[step 00800] eval_success_rate=1.000 eval_mean_score=16.000 eval_policy_mode=greedy [solved=50/50, score_range=16.00-16.00/16.0, initial=9.00]
[step 00800] PROGRESS: filled=16.00 violations=0.00 zero_cand=0.00
[step 00800] DEBUG: ep_len=7.2 ep_ret=7.074 stop_prob=0.000 score_chg=6.9875
[DEBUG] train_step 800: starting episode collection
[DEBUG] train_step 800: episodes collected, starting value_update
[DEBUG] train_step 800: value_update done, starting policy_update
[DEBUG] train_step 800: policy_update done
[step 00850] value_loss=2.800934 policy_loss=0.216011
[step 00850] VALUE_DEBUG: target(mean=4.06 std=2.66 min=-6.14 max=7.66) V(s)(mean=4.01 std=2.06) reward(mean=0.710 std=1.323) clip=50.0
[DEBUG] train_step 850: starting episode collection
[DEBUG] train_step 850: episodes collected, starting value_update
[DEBUG] train_step 850: value_update done, starting policy_update
[DEBUG] train_step 850: policy_update done
[step 00900] value_loss=5.244298 policy_loss=0.265802
[step 00900] VALUE_DEBUG: target(mean=4.34 std=2.79 min=-3.67 max=7.76) V(s)(mean=4.90 std=1.80) reward(mean=0.310 std=2.698) clip=50.0
[step 00900] eval_success_rate=1.000 eval_mean_score=16.000 eval_policy_mode=greedy [solved=50/50, score_range=16.00-16.00/16.0, initial=9.00]
[step 00900] PROGRESS: filled=16.00 violations=0.00 zero_cand=0.00
[step 00900] DEBUG: ep_len=7.2 ep_ret=7.061 stop_prob=0.000 score_chg=6.9775
[DEBUG] train_step 900: starting episode collection
[DEBUG] train_step 900: episodes collected, starting value_update
[DEBUG] train_step 900: value_update done, starting policy_update
[DEBUG] train_step 900: policy_update done
[step 00950] value_loss=3.889119 policy_loss=0.323639
[step 00950] VALUE_DEBUG: target(mean=4.61 std=2.43 min=-2.95 max=8.61) V(s)(mean=5.19 std=2.02) reward(mean=0.655 std=1.957) clip=50.0
[DEBUG] train_step 950: starting episode collection
[DEBUG] train_step 950: episodes collected, starting value_update
[DEBUG] train_step 950: value_update done, starting policy_update
[DEBUG] train_step 950: policy_update done
[step 01000] value_loss=6.607172 policy_loss=1.006921
[step 01000] VALUE_DEBUG: target(mean=4.58 std=2.67 min=-1.15 max=13.42) V(s)(mean=4.52 std=1.77) reward(mean=0.816 std=2.538) clip=50.0
[step 01000] eval_success_rate=1.000 eval_mean_score=16.000 eval_policy_mode=greedy [solved=50/50, score_range=16.00-16.00/16.0, initial=9.00]
[step 01000] PROGRESS: filled=16.00 violations=0.00 zero_cand=0.00
[step 01000] DEBUG: ep_len=7.2 ep_ret=7.011 stop_prob=0.000 score_chg=6.9725
[Checkpoint] Saved to checkpoints/rl_sudoku-4x4-easy_6to8empties_seed4/rl_checkpoint_step_1000.pt
[DEBUG] train_step 1000: starting episode collection
[DEBUG] train_step 1000: episodes collected, starting value_update
[DEBUG] train_step 1000: value_update done, starting policy_update
[DEBUG] train_step 1000: policy_update done
[step 01050] value_loss=0.514789 policy_loss=-0.633021
[step 01050] VALUE_DEBUG: target(mean=4.62 std=2.20 min=1.84 max=8.32) V(s)(mean=4.81 std=2.02) reward(mean=1.090 std=0.397) clip=50.0
[DEBUG] train_step 1050: starting episode collection
[DEBUG] train_step 1050: episodes collected, starting value_update
[DEBUG] train_step 1050: value_update done, starting policy_update
[DEBUG] train_step 1050: policy_update done
[step 01100] value_loss=1.070790 policy_loss=0.691640
[step 01100] VALUE_DEBUG: target(mean=4.68 std=2.00 min=1.84 max=9.01) V(s)(mean=4.53 std=1.74) reward(mean=0.904 std=0.966) clip=50.0
[step 01100] eval_success_rate=1.000 eval_mean_score=16.000 eval_policy_mode=greedy [solved=50/50, score_range=16.00-16.00/16.0, initial=9.00]
[step 01100] PROGRESS: filled=16.00 violations=0.00 zero_cand=0.00
[step 01100] DEBUG: ep_len=7.3 ep_ret=7.090 stop_prob=0.000 score_chg=7.0600
[DEBUG] train_step 1100: starting episode collection
[DEBUG] train_step 1100: episodes collected, starting value_update
[DEBUG] train_step 1100: value_update done, starting policy_update
[DEBUG] train_step 1100: policy_update done
[step 01150] value_loss=15.868834 policy_loss=0.477762
[step 01150] VALUE_DEBUG: target(mean=5.37 std=4.46 min=-4.58 max=21.05) V(s)(mean=5.15 std=1.77) reward(mean=1.007 std=3.934) clip=50.0
[DEBUG] train_step 1150: starting episode collection
[DEBUG] train_step 1150: episodes collected, starting value_update
[DEBUG] train_step 1150: value_update done, starting policy_update
[DEBUG] train_step 1150: policy_update done
[step 01200] value_loss=6.211784 policy_loss=-0.115088
[step 01200] VALUE_DEBUG: target(mean=5.96 std=3.10 min=1.84 max=16.26) V(s)(mean=5.58 std=2.26) reward(mean=1.568 std=2.179) clip=50.0
[step 01200] eval_success_rate=1.000 eval_mean_score=16.000 eval_policy_mode=greedy [solved=50/50, score_range=16.00-16.00/16.0, initial=9.00]
[step 01200] PROGRESS: filled=16.00 violations=0.00 zero_cand=0.00
[step 01200] DEBUG: ep_len=7.3 ep_ret=7.089 stop_prob=0.000 score_chg=7.0525
[DEBUG] train_step 1200: starting episode collection
[DEBUG] train_step 1200: episodes collected, starting value_update
[DEBUG] train_step 1200: value_update done, starting policy_update
[DEBUG] train_step 1200: policy_update done
[step 01250] value_loss=9.397556 policy_loss=0.565046
[step 01250] VALUE_DEBUG: target(mean=5.31 std=3.17 min=-2.49 max=14.47) V(s)(mean=4.52 std=1.94) reward(mean=1.224 std=2.960) clip=50.0
[DEBUG] train_step 1250: starting episode collection
[DEBUG] train_step 1250: episodes collected, starting value_update
[DEBUG] train_step 1250: value_update done, starting policy_update
[DEBUG] train_step 1250: policy_update done
[step 01300] value_loss=4.351863 policy_loss=-0.522680
[step 01300] VALUE_DEBUG: target(mean=4.41 std=2.91 min=-6.70 max=9.65) V(s)(mean=4.07 std=1.85) reward(mean=0.846 std=2.097) clip=50.0
[step 01300] eval_success_rate=0.980 eval_mean_score=15.740 eval_policy_mode=greedy [solved=49/50, score_range=3.00-16.00/16.0, initial=9.00]
[step 01300] PROGRESS: filled=15.94 violations=0.00 zero_cand=0.04
[step 01300] DEBUG: ep_len=7.3 ep_ret=7.096 stop_prob=0.000 score_chg=7.0625
[DEBUG] train_step 1300: starting episode collection
[DEBUG] train_step 1300: episodes collected, starting value_update
[DEBUG] train_step 1300: value_update done, starting policy_update
[DEBUG] train_step 1300: policy_update done
[step 01350] value_loss=8.992614 policy_loss=0.045163
[step 01350] VALUE_DEBUG: target(mean=5.11 std=3.39 min=-3.39 max=15.95) V(s)(mean=4.95 std=1.84) reward(mean=1.220 std=2.841) clip=50.0
[DEBUG] train_step 1350: starting episode collection
[DEBUG] train_step 1350: episodes collected, starting value_update
[DEBUG] train_step 1350: value_update done, starting policy_update
[DEBUG] train_step 1350: policy_update done
[step 01400] value_loss=6.587410 policy_loss=-0.315918
[step 01400] VALUE_DEBUG: target(mean=5.46 std=2.82 min=1.84 max=15.21) V(s)(mean=5.28 std=1.67) reward(mean=1.379 std=2.389) clip=50.0
[step 01400] eval_success_rate=1.000 eval_mean_score=16.000 eval_policy_mode=greedy [solved=50/50, score_range=16.00-16.00/16.0, initial=9.00]
[step 01400] PROGRESS: filled=16.00 violations=0.00 zero_cand=0.00
[step 01400] DEBUG: ep_len=7.2 ep_ret=7.052 stop_prob=0.000 score_chg=6.9650
[DEBUG] train_step 1400: starting episode collection
[DEBUG] train_step 1400: episodes collected, starting value_update
[DEBUG] train_step 1400: value_update done, starting policy_update
[DEBUG] train_step 1400: policy_update done
[step 01450] value_loss=8.974631 policy_loss=-0.217332
[step 01450] VALUE_DEBUG: target(mean=4.69 std=3.24 min=1.84 max=14.15) V(s)(mean=3.89 std=1.45) reward(mean=1.899 std=2.595) clip=50.0
[DEBUG] train_step 1450: starting episode collection
[DEBUG] train_step 1450: episodes collected, starting value_update
[DEBUG] train_step 1450: value_update done, starting policy_update
[DEBUG] train_step 1450: policy_update done
[step 01500] value_loss=14.169802 policy_loss=0.297158
[step 01500] VALUE_DEBUG: target(mean=3.80 std=4.16 min=-5.75 max=14.33) V(s)(mean=4.94 std=1.88) reward(mean=-0.053 std=3.999) clip=50.0
[step 01500] eval_success_rate=1.000 eval_mean_score=16.000 eval_policy_mode=greedy [solved=50/50, score_range=16.00-16.00/16.0, initial=9.00]
[step 01500] PROGRESS: filled=16.00 violations=0.00 zero_cand=0.00
[step 01500] DEBUG: ep_len=7.2 ep_ret=7.014 stop_prob=0.000 score_chg=6.9675
[DEBUG] train_step 1500: starting episode collection
[DEBUG] train_step 1500: episodes collected, starting value_update
[DEBUG] train_step 1500: value_update done, starting policy_update
[DEBUG] train_step 1500: policy_update done
[step 01550] value_loss=16.719156 policy_loss=0.166093
[step 01550] VALUE_DEBUG: target(mean=3.79 std=4.11 min=-9.62 max=11.09) V(s)(mean=4.96 std=1.54) reward(mean=-0.450 std=4.139) clip=50.0
[DEBUG] train_step 1550: starting episode collection
[DEBUG] train_step 1550: episodes collected, starting value_update
[DEBUG] train_step 1550: value_update done, starting policy_update
[DEBUG] train_step 1550: policy_update done
[step 01600] value_loss=5.681385 policy_loss=0.096341
[step 01600] VALUE_DEBUG: target(mean=4.76 std=3.56 min=-6.76 max=16.43) V(s)(mean=4.93 std=2.11) reward(mean=0.940 std=2.521) clip=50.0
[step 01600] eval_success_rate=1.000 eval_mean_score=16.000 eval_policy_mode=greedy [solved=50/50, score_range=16.00-16.00/16.0, initial=9.00]
[step 01600] PROGRESS: filled=16.00 violations=0.00 zero_cand=0.00
[step 01600] DEBUG: ep_len=7.1 ep_ret=7.079 stop_prob=0.000 score_chg=6.9875
[DEBUG] train_step 1600: starting episode collection
[DEBUG] train_step 1600: episodes collected, starting value_update
[DEBUG] train_step 1600: value_update done, starting policy_update
[DEBUG] train_step 1600: policy_update done
[step 01650] value_loss=0.855311 policy_loss=0.539135
[step 01650] VALUE_DEBUG: target(mean=4.89 std=2.31 min=1.84 max=10.90) V(s)(mean=4.87 std=1.77) reward(mean=1.124 std=0.747) clip=50.0
[DEBUG] train_step 1650: starting episode collection
[DEBUG] train_step 1650: episodes collected, starting value_update
[DEBUG] train_step 1650: value_update done, starting policy_update
[DEBUG] train_step 1650: policy_update done
[step 01700] value_loss=2.796200 policy_loss=-0.362395
[step 01700] VALUE_DEBUG: target(mean=4.66 std=2.26 min=1.84 max=11.86) V(s)(mean=4.82 std=1.89) reward(mean=1.187 std=1.833) clip=50.0
[step 01700] eval_success_rate=0.960 eval_mean_score=15.880 eval_policy_mode=greedy [solved=48/50, score_range=13.00-16.00/16.0, initial=9.00]
[step 01700] PROGRESS: filled=15.88 violations=0.00 zero_cand=0.00
[step 01700] DEBUG: ep_len=7.3 ep_ret=7.056 stop_prob=0.000 score_chg=7.0200
[DEBUG] train_step 1700: starting episode collection
[DEBUG] train_step 1700: episodes collected, starting value_update
[DEBUG] train_step 1700: value_update done, starting policy_update
[DEBUG] train_step 1700: policy_update done
[step 01750] value_loss=5.899014 policy_loss=0.451724
[step 01750] VALUE_DEBUG: target(mean=3.50 std=2.76 min=-4.63 max=7.25) V(s)(mean=4.21 std=1.77) reward(mean=0.311 std=2.699) clip=50.0
[DEBUG] train_step 1750: starting episode collection
[DEBUG] train_step 1750: episodes collected, starting value_update
[DEBUG] train_step 1750: value_update done, starting policy_update
[DEBUG] train_step 1750: policy_update done
[step 01800] value_loss=4.886145 policy_loss=-0.297184
[step 01800] VALUE_DEBUG: target(mean=4.78 std=2.83 min=-5.28 max=12.75) V(s)(mean=4.73 std=1.98) reward(mean=0.909 std=2.515) clip=50.0
[step 01800] eval_success_rate=1.000 eval_mean_score=16.000 eval_policy_mode=greedy [solved=50/50, score_range=16.00-16.00/16.0, initial=9.00]
[step 01800] PROGRESS: filled=16.00 violations=0.00 zero_cand=0.00
[step 01800] DEBUG: ep_len=7.2 ep_ret=7.045 stop_prob=0.000 score_chg=7.0075
[DEBUG] train_step 1800: starting episode collection
[DEBUG] train_step 1800: episodes collected, starting value_update
[DEBUG] train_step 1800: value_update done, starting policy_update
[DEBUG] train_step 1800: policy_update done
[step 01850] value_loss=3.886063 policy_loss=0.319715
[step 01850] VALUE_DEBUG: target(mean=4.68 std=2.67 min=1.84 max=13.74) V(s)(mean=4.21 std=2.18) reward(mean=1.400 std=1.575) clip=50.0
[DEBUG] train_step 1850: starting episode collection
[DEBUG] train_step 1850: episodes collected, starting value_update
[DEBUG] train_step 1850: value_update done, starting policy_update
[DEBUG] train_step 1850: policy_update done
[step 01900] value_loss=5.106330 policy_loss=-0.273433
[step 01900] VALUE_DEBUG: target(mean=3.55 std=2.78 min=-5.47 max=7.47) V(s)(mean=4.06 std=1.95) reward(mean=0.374 std=2.710) clip=50.0
[step 01900] eval_success_rate=0.940 eval_mean_score=15.540 eval_policy_mode=greedy [solved=47/50, score_range=1.00-16.00/16.0, initial=9.00]
[step 01900] PROGRESS: filled=15.74 violations=0.00 zero_cand=0.04
[step 01900] DEBUG: ep_len=7.2 ep_ret=6.970 stop_prob=0.000 score_chg=6.9225
[DEBUG] train_step 1900: starting episode collection
[DEBUG] train_step 1900: episodes collected, starting value_update
[DEBUG] train_step 1900: value_update done, starting policy_update
[DEBUG] train_step 1900: policy_update done
[step 01950] value_loss=0.225997 policy_loss=-0.101532
[step 01950] VALUE_DEBUG: target(mean=4.73 std=2.07 min=1.84 max=8.59) V(s)(mean=4.76 std=1.97) reward(mean=0.997 std=0.319) clip=50.0
[DEBUG] train_step 1950: starting episode collection
[DEBUG] train_step 1950: episodes collected, starting value_update
[DEBUG] train_step 1950: value_update done, starting policy_update
[DEBUG] train_step 1950: policy_update done
[step 02000] value_loss=11.165749 policy_loss=-0.249903
[step 02000] VALUE_DEBUG: target(mean=4.31 std=3.77 min=-3.87 max=18.90) V(s)(mean=4.67 std=1.91) reward(mean=0.876 std=3.619) clip=50.0
[step 02000] eval_success_rate=0.900 eval_mean_score=15.060 eval_policy_mode=greedy [solved=45/50, score_range=1.00-16.00/16.0, initial=9.00]
[step 02000] PROGRESS: filled=15.66 violations=0.00 zero_cand=0.12
[step 02000] DEBUG: ep_len=7.5 ep_ret=6.331 stop_prob=0.000 score_chg=6.7275
[Checkpoint] Saved to checkpoints/rl_sudoku-4x4-easy_6to8empties_seed4/rl_checkpoint_step_2000.pt
[DEBUG] train_step 2000: starting episode collection
[DEBUG] train_step 2000: episodes collected, starting value_update
[DEBUG] train_step 2000: value_update done, starting policy_update
[DEBUG] train_step 2000: policy_update done
[step 02050] value_loss=2.777920 policy_loss=0.115272
[step 02050] VALUE_DEBUG: target(mean=5.13 std=2.43 min=1.84 max=13.72) V(s)(mean=4.60 std=1.59) reward(mean=1.251 std=1.571) clip=50.0
[DEBUG] train_step 2050: starting episode collection
[DEBUG] train_step 2050: episodes collected, starting value_update
[DEBUG] train_step 2050: value_update done, starting policy_update
[DEBUG] train_step 2050: policy_update done
[step 02100] value_loss=4.101614 policy_loss=-0.156265
[step 02100] VALUE_DEBUG: target(mean=3.77 std=2.48 min=-2.39 max=12.75) V(s)(mean=3.69 std=1.53) reward(mean=1.024 std=2.396) clip=50.0
[step 02100] eval_success_rate=1.000 eval_mean_score=16.000 eval_policy_mode=greedy [solved=50/50, score_range=16.00-16.00/16.0, initial=9.00]
[step 02100] PROGRESS: filled=16.00 violations=0.00 zero_cand=0.00
[step 02100] DEBUG: ep_len=7.6 ep_ret=6.337 stop_prob=0.000 score_chg=6.8650
[DEBUG] train_step 2100: starting episode collection
[DEBUG] train_step 2100: episodes collected, starting value_update
[DEBUG] train_step 2100: value_update done, starting policy_update
[DEBUG] train_step 2100: policy_update done
[step 02150] value_loss=17.639042 policy_loss=0.362763
[step 02150] VALUE_DEBUG: target(mean=3.28 std=4.41 min=-7.49 max=16.21) V(s)(mean=4.32 std=1.80) reward(mean=-0.394 std=4.277) clip=50.0
[DEBUG] train_step 2150: starting episode collection
[DEBUG] train_step 2150: episodes collected, starting value_update
[DEBUG] train_step 2150: value_update done, starting policy_update
[DEBUG] train_step 2150: policy_update done
[step 02200] value_loss=2.521323 policy_loss=0.119650
[step 02200] VALUE_DEBUG: target(mean=4.79 std=2.49 min=-4.32 max=8.28) V(s)(mean=4.62 std=1.86) reward(mean=0.662 std=1.944) clip=50.0
[step 02200] eval_success_rate=0.980 eval_mean_score=15.900 eval_policy_mode=greedy [solved=49/50, score_range=11.00-16.00/16.0, initial=9.00]
[step 02200] PROGRESS: filled=15.90 violations=0.00 zero_cand=0.00
[step 02200] DEBUG: ep_len=7.2 ep_ret=6.914 stop_prob=0.000 score_chg=6.9575
[DEBUG] train_step 2200: starting episode collection
[DEBUG] train_step 2200: episodes collected, starting value_update
[DEBUG] train_step 2200: value_update done, starting policy_update
[DEBUG] train_step 2200: policy_update done
[step 02250] value_loss=6.491938 policy_loss=0.396851
[step 02250] VALUE_DEBUG: target(mean=3.75 std=3.11 min=-9.00 max=8.43) V(s)(mean=4.52 std=1.44) reward(mean=0.161 std=3.341) clip=50.0
[DEBUG] train_step 2250: starting episode collection
[DEBUG] train_step 2250: episodes collected, starting value_update
[DEBUG] train_step 2250: value_update done, starting policy_update
[DEBUG] train_step 2250: policy_update done
[step 02300] value_loss=10.026162 policy_loss=0.050486
[step 02300] VALUE_DEBUG: target(mean=4.83 std=3.50 min=-3.56 max=20.07) V(s)(mean=4.64 std=1.52) reward(mean=0.911 std=3.270) clip=50.0
[step 02300] eval_success_rate=0.980 eval_mean_score=15.720 eval_policy_mode=greedy [solved=49/50, score_range=2.00-16.00/16.0, initial=9.00]
[step 02300] PROGRESS: filled=15.92 violations=0.00 zero_cand=0.04
[step 02300] DEBUG: ep_len=7.3 ep_ret=6.617 stop_prob=0.000 score_chg=6.7900
[DEBUG] train_step 2300: starting episode collection
[DEBUG] train_step 2300: episodes collected, starting value_update
[DEBUG] train_step 2300: value_update done, starting policy_update
[DEBUG] train_step 2300: policy_update done
[step 02350] value_loss=13.634696 policy_loss=-0.190511
[step 02350] VALUE_DEBUG: target(mean=4.24 std=3.94 min=-5.64 max=13.75) V(s)(mean=4.77 std=1.72) reward(mean=0.423 std=3.987) clip=50.0
[DEBUG] train_step 2350: starting episode collection
[DEBUG] train_step 2350: episodes collected, starting value_update
[DEBUG] train_step 2350: value_update done, starting policy_update
[DEBUG] train_step 2350: policy_update done
[step 02400] value_loss=4.184760 policy_loss=-0.219358
[step 02400] VALUE_DEBUG: target(mean=4.76 std=3.28 min=1.84 max=17.26) V(s)(mean=4.45 std=2.09) reward(mean=1.650 std=2.164) clip=50.0
[step 02400] eval_success_rate=0.960 eval_mean_score=15.760 eval_policy_mode=greedy [solved=48/50, score_range=10.00-16.00/16.0, initial=9.00]
[step 02400] PROGRESS: filled=15.76 violations=0.00 zero_cand=0.00
[step 02400] DEBUG: ep_len=7.3 ep_ret=6.797 stop_prob=0.000 score_chg=6.9300
[DEBUG] train_step 2400: starting episode collection
[DEBUG] train_step 2400: episodes collected, starting value_update
[DEBUG] train_step 2400: value_update done, starting policy_update
[DEBUG] train_step 2400: policy_update done
[step 02450] value_loss=2.483045 policy_loss=0.014935
[step 02450] VALUE_DEBUG: target(mean=4.38 std=2.21 min=1.84 max=14.24) V(s)(mean=4.47 std=1.54) reward(mean=1.274 std=1.578) clip=50.0
[DEBUG] train_step 2450: starting episode collection
[DEBUG] train_step 2450: episodes collected, starting value_update
[DEBUG] train_step 2450: value_update done, starting policy_update
[DEBUG] train_step 2450: policy_update done
[step 02500] value_loss=3.725313 policy_loss=0.188623
[step 02500] VALUE_DEBUG: target(mean=4.24 std=2.51 min=-4.90 max=7.57) V(s)(mean=4.89 std=1.49) reward(mean=0.506 std=2.034) clip=50.0
[step 02500] eval_success_rate=0.940 eval_mean_score=15.480 eval_policy_mode=greedy [solved=47/50, score_range=2.00-16.00/16.0, initial=9.00]
[step 02500] PROGRESS: filled=15.68 violations=0.00 zero_cand=0.04
[step 02500] DEBUG: ep_len=7.2 ep_ret=6.991 stop_prob=0.000 score_chg=6.9900
[DEBUG] train_step 2500: starting episode collection
[DEBUG] train_step 2500: episodes collected, starting value_update
[DEBUG] train_step 2500: value_update done, starting policy_update
[DEBUG] train_step 2500: policy_update done
[step 02550] value_loss=1.854667 policy_loss=-0.321760
[step 02550] VALUE_DEBUG: target(mean=3.97 std=2.32 min=-3.12 max=8.63) V(s)(mean=4.23 std=1.76) reward(mean=0.746 std=1.977) clip=50.0
[DEBUG] train_step 2550: starting episode collection
[DEBUG] train_step 2550: episodes collected, starting value_update
[DEBUG] train_step 2550: value_update done, starting policy_update
[DEBUG] train_step 2550: policy_update done
[step 02600] value_loss=8.260946 policy_loss=-0.247012
[step 02600] VALUE_DEBUG: target(mean=4.77 std=3.70 min=-6.13 max=15.11) V(s)(mean=4.36 std=2.07) reward(mean=1.341 std=2.565) clip=50.0
[step 02600] eval_success_rate=0.940 eval_mean_score=15.480 eval_policy_mode=greedy [solved=47/50, score_range=2.00-16.00/16.0, initial=9.00]
[step 02600] PROGRESS: filled=15.68 violations=0.00 zero_cand=0.04
[step 02600] DEBUG: ep_len=7.3 ep_ret=7.060 stop_prob=0.000 score_chg=7.0200
[DEBUG] train_step 2600: starting episode collection
[DEBUG] train_step 2600: episodes collected, starting value_update
[DEBUG] train_step 2600: value_update done, starting policy_update
[DEBUG] train_step 2600: policy_update done
[step 02650] value_loss=0.228871 policy_loss=-0.279552
[step 02650] VALUE_DEBUG: target(mean=4.19 std=1.53 min=1.84 max=7.51) V(s)(mean=4.21 std=1.58) reward(mean=0.906 std=0.378) clip=50.0
[DEBUG] train_step 2650: starting episode collection
[DEBUG] train_step 2650: episodes collected, starting value_update
[DEBUG] train_step 2650: value_update done, starting policy_update
[DEBUG] train_step 2650: policy_update done
[step 02700] value_loss=4.807972 policy_loss=-0.006560
[step 02700] VALUE_DEBUG: target(mean=5.15 std=3.00 min=1.84 max=18.20) V(s)(mean=4.83 std=1.89) reward(mean=1.254 std=2.682) clip=50.0
[step 02700] eval_success_rate=1.000 eval_mean_score=16.000 eval_policy_mode=greedy [solved=50/50, score_range=16.00-16.00/16.0, initial=9.00]
[step 02700] PROGRESS: filled=16.00 violations=0.00 zero_cand=0.00
[step 02700] DEBUG: ep_len=7.1 ep_ret=7.069 stop_prob=0.000 score_chg=6.9800
[DEBUG] train_step 2700: starting episode collection
[DEBUG] train_step 2700: episodes collected, starting value_update
[DEBUG] train_step 2700: value_update done, starting policy_update
[DEBUG] train_step 2700: policy_update done
[step 02750] value_loss=0.271500 policy_loss=-0.162733
[step 02750] VALUE_DEBUG: target(mean=4.63 std=1.76 min=1.84 max=8.56) V(s)(mean=4.46 std=1.85) reward(mean=0.941 std=0.413) clip=50.0
[DEBUG] train_step 2750: starting episode collection
[DEBUG] train_step 2750: episodes collected, starting value_update
[DEBUG] train_step 2750: value_update done, starting policy_update
[DEBUG] train_step 2750: policy_update done
[step 02800] value_loss=2.783603 policy_loss=0.139349
[step 02800] VALUE_DEBUG: target(mean=4.22 std=2.25 min=-2.81 max=8.07) V(s)(mean=4.26 std=1.90) reward(mean=0.690 std=1.951) clip=50.0
[step 02800] eval_success_rate=1.000 eval_mean_score=16.000 eval_policy_mode=greedy [solved=50/50, score_range=16.00-16.00/16.0, initial=9.00]
[step 02800] PROGRESS: filled=16.00 violations=0.00 zero_cand=0.00
[step 02800] DEBUG: ep_len=7.3 ep_ret=7.149 stop_prob=0.000 score_chg=7.0700
[DEBUG] train_step 2800: starting episode collection
[DEBUG] train_step 2800: episodes collected, starting value_update
[DEBUG] train_step 2800: value_update done, starting policy_update
[DEBUG] train_step 2800: policy_update done
[step 02850] value_loss=0.459415 policy_loss=0.077507
[step 02850] VALUE_DEBUG: target(mean=4.20 std=1.95 min=1.84 max=8.06) V(s)(mean=4.04 std=1.93) reward(mean=0.994 std=0.320) clip=50.0
[DEBUG] train_step 2850: starting episode collection
[DEBUG] train_step 2850: episodes collected, starting value_update
[DEBUG] train_step 2850: value_update done, starting policy_update
[DEBUG] train_step 2850: policy_update done
[step 02900] value_loss=0.476592 policy_loss=0.016676
[step 02900] VALUE_DEBUG: target(mean=4.87 std=1.57 min=1.84 max=7.89) V(s)(mean=4.91 std=1.57) reward(mean=0.938 std=0.233) clip=50.0
[step 02900] eval_success_rate=0.980 eval_mean_score=15.720 eval_policy_mode=greedy [solved=49/50, score_range=2.00-16.00/16.0, initial=9.00]
[step 02900] PROGRESS: filled=15.92 violations=0.00 zero_cand=0.04
[step 02900] DEBUG: ep_len=7.3 ep_ret=7.095 stop_prob=0.000 score_chg=7.0575
[DEBUG] train_step 2900: starting episode collection
[DEBUG] train_step 2900: episodes collected, starting value_update
[DEBUG] train_step 2900: value_update done, starting policy_update
[DEBUG] train_step 2900: policy_update done
[step 02950] value_loss=28.105188 policy_loss=0.100948
[step 02950] VALUE_DEBUG: target(mean=3.43 std=5.63 min=-26.03 max=10.31) V(s)(mean=4.03 std=1.64) reward(mean=0.247 std=4.779) clip=50.0
[DEBUG] train_step 2950: starting episode collection
[DEBUG] train_step 2950: episodes collected, starting value_update
[DEBUG] train_step 2950: value_update done, starting policy_update
[DEBUG] train_step 2950: policy_update done
[step 03000] value_loss=5.178906 policy_loss=0.274010
[step 03000] VALUE_DEBUG: target(mean=4.48 std=2.86 min=1.84 max=15.58) V(s)(mean=4.02 std=1.63) reward(mean=1.493 std=2.378) clip=50.0
[step 03000] eval_success_rate=1.000 eval_mean_score=16.000 eval_policy_mode=greedy [solved=50/50, score_range=16.00-16.00/16.0, initial=9.00]
[step 03000] PROGRESS: filled=16.00 violations=0.00 zero_cand=0.00
[step 03000] DEBUG: ep_len=7.2 ep_ret=7.087 stop_prob=0.000 score_chg=7.0025
[Checkpoint] Saved to checkpoints/rl_sudoku-4x4-easy_6to8empties_seed4/rl_checkpoint_step_3000.pt
[DEBUG] train_step 3000: starting episode collection
[DEBUG] train_step 3000: episodes collected, starting value_update
[DEBUG] train_step 3000: value_update done, starting policy_update
[DEBUG] train_step 3000: policy_update done
[step 03050] value_loss=0.152040 policy_loss=0.510819
[step 03050] VALUE_DEBUG: target(mean=4.71 std=1.70 min=1.80 max=8.24) V(s)(mean=4.74 std=1.75) reward(mean=0.938 std=0.233) clip=50.0
[DEBUG] train_step 3050: starting episode collection
[DEBUG] train_step 3050: episodes collected, starting value_update
[DEBUG] train_step 3050: value_update done, starting policy_update
[DEBUG] train_step 3050: policy_update done
[step 03100] value_loss=4.459736 policy_loss=-0.071809
[step 03100] VALUE_DEBUG: target(mean=4.02 std=3.28 min=-4.40 max=12.53) V(s)(mean=4.50 std=2.26) reward(mean=1.028 std=3.467) clip=50.0
[step 03100] eval_success_rate=1.000 eval_mean_score=16.000 eval_policy_mode=greedy [solved=50/50, score_range=16.00-16.00/16.0, initial=9.00]
[step 03100] PROGRESS: filled=16.00 violations=0.00 zero_cand=0.00
[step 03100] DEBUG: ep_len=7.1 ep_ret=7.107 stop_prob=0.000 score_chg=7.0200
[DEBUG] train_step 3100: starting episode collection
[DEBUG] train_step 3100: episodes collected, starting value_update
[DEBUG] train_step 3100: value_update done, starting policy_update
[DEBUG] train_step 3100: policy_update done
[step 03150] value_loss=2.416413 policy_loss=-0.123133
[step 03150] VALUE_DEBUG: target(mean=3.66 std=1.77 min=-1.08 max=7.73) V(s)(mean=3.88 std=1.64) reward(mean=0.717 std=1.780) clip=50.0
[DEBUG] train_step 3150: starting episode collection
[DEBUG] train_step 3150: episodes collected, starting value_update
[DEBUG] train_step 3150: value_update done, starting policy_update
[DEBUG] train_step 3150: policy_update done
[step 03200] value_loss=6.162066 policy_loss=-0.076161
[step 03200] VALUE_DEBUG: target(mean=4.31 std=2.97 min=-4.94 max=14.32) V(s)(mean=4.13 std=1.79) reward(mean=0.935 std=2.523) clip=50.0
[step 03200] eval_success_rate=1.000 eval_mean_score=16.000 eval_policy_mode=greedy [solved=50/50, score_range=16.00-16.00/16.0, initial=9.00]
[step 03200] PROGRESS: filled=16.00 violations=0.00 zero_cand=0.00
[step 03200] DEBUG: ep_len=7.2 ep_ret=7.092 stop_prob=0.000 score_chg=7.0075
[DEBUG] train_step 3200: starting episode collection
[DEBUG] train_step 3200: episodes collected, starting value_update
[DEBUG] train_step 3200: value_update done, starting policy_update
[DEBUG] train_step 3200: policy_update done
[step 03250] value_loss=0.349184 policy_loss=0.079069
[step 03250] VALUE_DEBUG: target(mean=4.07 std=1.81 min=1.84 max=7.35) V(s)(mean=4.12 std=1.76) reward(mean=1.052 std=0.379) clip=50.0
[DEBUG] train_step 3250: starting episode collection
[DEBUG] train_step 3250: episodes collected, starting value_update
[DEBUG] train_step 3250: value_update done, starting policy_update
[DEBUG] train_step 3250: policy_update done
[step 03300] value_loss=0.338366 policy_loss=0.126013
[step 03300] VALUE_DEBUG: target(mean=3.92 std=2.22 min=1.84 max=11.95) V(s)(mean=3.74 std=2.03) reward(mean=1.332 std=1.579) clip=50.0
[step 03300] eval_success_rate=1.000 eval_mean_score=16.000 eval_policy_mode=greedy [solved=50/50, score_range=16.00-16.00/16.0, initial=9.00]
[step 03300] PROGRESS: filled=16.00 violations=0.00 zero_cand=0.00
[step 03300] DEBUG: ep_len=7.1 ep_ret=7.099 stop_prob=0.000 score_chg=7.0100
[DEBUG] train_step 3300: starting episode collection
[DEBUG] train_step 3300: episodes collected, starting value_update
[DEBUG] train_step 3300: value_update done, starting policy_update
[DEBUG] train_step 3300: policy_update done
[step 03350] value_loss=3.241840 policy_loss=-0.045816
[step 03350] VALUE_DEBUG: target(mean=4.63 std=2.55 min=1.84 max=15.42) V(s)(mean=4.43 std=1.68) reward(mean=1.247 std=1.578) clip=50.0
[DEBUG] train_step 3350: starting episode collection
[DEBUG] train_step 3350: episodes collected, starting value_update
[DEBUG] train_step 3350: value_update done, starting policy_update
[DEBUG] train_step 3350: policy_update done
[step 03400] value_loss=8.426008 policy_loss=0.007232
[step 03400] VALUE_DEBUG: target(mean=4.37 std=3.46 min=-6.95 max=14.01) V(s)(mean=4.79 std=2.17) reward(mean=0.449 std=3.738) clip=50.0
[step 03400] eval_success_rate=1.000 eval_mean_score=16.000 eval_policy_mode=greedy [solved=50/50, score_range=16.00-16.00/16.0, initial=9.00]
[step 03400] PROGRESS: filled=16.00 violations=0.00 zero_cand=0.00
[step 03400] DEBUG: ep_len=7.1 ep_ret=7.080 stop_prob=0.000 score_chg=6.9875
[DEBUG] train_step 3400: starting episode collection
[DEBUG] train_step 3400: episodes collected, starting value_update
[DEBUG] train_step 3400: value_update done, starting policy_update
[DEBUG] train_step 3400: policy_update done
[step 03450] value_loss=3.718837 policy_loss=0.038631
[step 03450] VALUE_DEBUG: target(mean=4.46 std=2.61 min=1.84 max=14.89) V(s)(mean=3.93 std=1.71) reward(mean=1.274 std=1.601) clip=50.0
[DEBUG] train_step 3450: starting episode collection
[DEBUG] train_step 3450: episodes collected, starting value_update
[DEBUG] train_step 3450: value_update done, starting policy_update
[DEBUG] train_step 3450: policy_update done
[step 03500] value_loss=8.856303 policy_loss=0.233376
[step 03500] VALUE_DEBUG: target(mean=4.23 std=3.28 min=-4.81 max=12.04) V(s)(mean=4.51 std=1.65) reward(mean=0.877 std=3.454) clip=50.0
[step 03500] eval_success_rate=1.000 eval_mean_score=16.000 eval_policy_mode=greedy [solved=50/50, score_range=16.00-16.00/16.0, initial=9.00]
[step 03500] PROGRESS: filled=16.00 violations=0.00 zero_cand=0.00
[step 03500] DEBUG: ep_len=7.1 ep_ret=7.054 stop_prob=0.000 score_chg=6.9575
[DEBUG] train_step 3500: starting episode collection
[DEBUG] train_step 3500: episodes collected, starting value_update
[DEBUG] train_step 3500: value_update done, starting policy_update
[DEBUG] train_step 3500: policy_update done
[step 03550] value_loss=0.416341 policy_loss=0.026559
[step 03550] VALUE_DEBUG: target(mean=4.66 std=1.86 min=1.84 max=9.03) V(s)(mean=4.67 std=1.99) reward(mean=1.006 std=0.318) clip=50.0
[DEBUG] train_step 3550: starting episode collection
[DEBUG] train_step 3550: episodes collected, starting value_update
[DEBUG] train_step 3550: value_update done, starting policy_update
[DEBUG] train_step 3550: policy_update done
[step 03600] value_loss=0.289041 policy_loss=0.149339
[step 03600] VALUE_DEBUG: target(mean=4.45 std=1.75 min=1.84 max=7.87) V(s)(mean=4.52 std=1.66) reward(mean=0.969 std=0.281) clip=50.0
[step 03600] eval_success_rate=1.000 eval_mean_score=16.000 eval_policy_mode=greedy [solved=50/50, score_range=16.00-16.00/16.0, initial=9.00]
[step 03600] PROGRESS: filled=16.00 violations=0.00 zero_cand=0.00
[step 03600] DEBUG: ep_len=7.1 ep_ret=7.084 stop_prob=0.000 score_chg=6.9925
[DEBUG] train_step 3600: starting episode collection
[DEBUG] train_step 3600: episodes collected, starting value_update
[DEBUG] train_step 3600: value_update done, starting policy_update
[DEBUG] train_step 3600: policy_update done
[step 03650] value_loss=1.649546 policy_loss=-0.038726
[step 03650] VALUE_DEBUG: target(mean=4.31 std=1.97 min=0.52 max=7.86) V(s)(mean=4.43 std=1.86) reward(mean=0.718 std=1.780) clip=50.0
[DEBUG] train_step 3650: starting episode collection
[DEBUG] train_step 3650: episodes collected, starting value_update
[DEBUG] train_step 3650: value_update done, starting policy_update
[DEBUG] train_step 3650: policy_update done
[step 03700] value_loss=0.238993 policy_loss=-0.045169
[step 03700] VALUE_DEBUG: target(mean=4.90 std=2.40 min=1.84 max=12.08) V(s)(mean=5.10 std=2.32) reward(mean=1.101 std=0.392) clip=50.0
[step 03700] eval_success_rate=1.000 eval_mean_score=16.000 eval_policy_mode=greedy [solved=50/50, score_range=16.00-16.00/16.0, initial=9.00]
[step 03700] PROGRESS: filled=16.00 violations=0.00 zero_cand=0.00
[step 03700] DEBUG: ep_len=7.1 ep_ret=6.980 stop_prob=0.000 score_chg=6.9300
[DEBUG] train_step 3700: starting episode collection
[DEBUG] train_step 3700: episodes collected, starting value_update
[DEBUG] train_step 3700: value_update done, starting policy_update
[DEBUG] train_step 3700: policy_update done
[step 03750] value_loss=4.307983 policy_loss=0.079356
[step 03750] VALUE_DEBUG: target(mean=3.48 std=2.85 min=-9.81 max=7.42) V(s)(mean=3.85 std=1.50) reward(mean=0.559 std=2.816) clip=50.0
[DEBUG] train_step 3750: starting episode collection
[DEBUG] train_step 3750: episodes collected, starting value_update
[DEBUG] train_step 3750: value_update done, starting policy_update
[DEBUG] train_step 3750: policy_update done
[step 03800] value_loss=4.525674 policy_loss=0.062751
[step 03800] VALUE_DEBUG: target(mean=3.80 std=2.78 min=-6.41 max=7.78) V(s)(mean=4.34 std=2.03) reward(mean=0.411 std=2.597) clip=50.0
[step 03800] eval_success_rate=1.000 eval_mean_score=16.000 eval_policy_mode=greedy [solved=50/50, score_range=16.00-16.00/16.0, initial=9.00]
[step 03800] PROGRESS: filled=16.00 violations=0.00 zero_cand=0.00
[step 03800] DEBUG: ep_len=7.2 ep_ret=6.976 stop_prob=0.000 score_chg=6.9325
[DEBUG] train_step 3800: starting episode collection
[DEBUG] train_step 3800: episodes collected, starting value_update
[DEBUG] train_step 3800: value_update done, starting policy_update
[DEBUG] train_step 3800: policy_update done
[step 03850] value_loss=0.238315 policy_loss=0.694626
[step 03850] VALUE_DEBUG: target(mean=4.07 std=1.81 min=1.84 max=7.77) V(s)(mean=4.26 std=1.79) reward(mean=1.053 std=0.378) clip=50.0
[DEBUG] train_step 3850: starting episode collection
[DEBUG] train_step 3850: episodes collected, starting value_update
[DEBUG] train_step 3850: value_update done, starting policy_update
[DEBUG] train_step 3850: policy_update done
[step 03900] value_loss=4.976067 policy_loss=-0.748685
[step 03900] VALUE_DEBUG: target(mean=4.35 std=2.56 min=-3.00 max=12.51) V(s)(mean=4.81 std=1.79) reward(mean=0.536 std=3.146) clip=50.0
[step 03900] eval_success_rate=1.000 eval_mean_score=16.000 eval_policy_mode=greedy [solved=50/50, score_range=16.00-16.00/16.0, initial=9.00]
[step 03900] PROGRESS: filled=16.00 violations=0.00 zero_cand=0.00
[step 03900] DEBUG: ep_len=7.2 ep_ret=6.846 stop_prob=0.000 score_chg=6.9325
[DEBUG] train_step 3900: starting episode collection
[DEBUG] train_step 3900: episodes collected, starting value_update
[DEBUG] train_step 3900: value_update done, starting policy_update
[DEBUG] train_step 3900: policy_update done
[step 03950] value_loss=0.106009 policy_loss=-0.145614
[step 03950] VALUE_DEBUG: target(mean=4.24 std=1.73 min=1.84 max=7.15) V(s)(mean=4.32 std=1.70) reward(mean=1.058 std=0.376) clip=50.0
[DEBUG] train_step 3950: starting episode collection
[DEBUG] train_step 3950: episodes collected, starting value_update
[DEBUG] train_step 3950: value_update done, starting policy_update
[DEBUG] train_step 3950: policy_update done
[step 04000] value_loss=4.178862 policy_loss=-0.405511
[step 04000] VALUE_DEBUG: target(mean=4.28 std=2.72 min=-1.16 max=13.70) V(s)(mean=4.94 std=2.20) reward(mean=1.061 std=2.398) clip=50.0
[step 04000] eval_success_rate=1.000 eval_mean_score=16.000 eval_policy_mode=greedy [solved=50/50, score_range=16.00-16.00/16.0, initial=9.00]
[step 04000] PROGRESS: filled=16.00 violations=0.00 zero_cand=0.00
[step 04000] DEBUG: ep_len=7.2 ep_ret=6.978 stop_prob=0.000 score_chg=6.9825
[Checkpoint] Saved to checkpoints/rl_sudoku-4x4-easy_6to8empties_seed4/rl_checkpoint_step_4000.pt
[DEBUG] train_step 4000: starting episode collection
[DEBUG] train_step 4000: episodes collected, starting value_update
[DEBUG] train_step 4000: value_update done, starting policy_update
[DEBUG] train_step 4000: policy_update done
[step 04050] value_loss=1.511257 policy_loss=0.002203
[step 04050] VALUE_DEBUG: target(mean=3.69 std=1.92 min=-3.18 max=8.17) V(s)(mean=3.95 std=1.44) reward(mean=0.713 std=1.781) clip=50.0
[DEBUG] train_step 4050: starting episode collection
[DEBUG] train_step 4050: episodes collected, starting value_update
[DEBUG] train_step 4050: value_update done, starting policy_update
[DEBUG] train_step 4050: policy_update done
[step 04100] value_loss=0.270188 policy_loss=-0.120521
[step 04100] VALUE_DEBUG: target(mean=4.51 std=1.82 min=1.84 max=9.13) V(s)(mean=4.55 std=1.88) reward(mean=0.998 std=0.319) clip=50.0
[step 04100] eval_success_rate=1.000 eval_mean_score=16.000 eval_policy_mode=greedy [solved=50/50, score_range=16.00-16.00/16.0, initial=9.00]
[step 04100] PROGRESS: filled=16.00 violations=0.00 zero_cand=0.00
[step 04100] DEBUG: ep_len=7.2 ep_ret=6.708 stop_prob=0.000 score_chg=6.7900
[DEBUG] train_step 4100: starting episode collection
[DEBUG] train_step 4100: episodes collected, starting value_update
[DEBUG] train_step 4100: value_update done, starting policy_update
[DEBUG] train_step 4100: policy_update done
[step 04150] value_loss=2.530083 policy_loss=0.028529
[step 04150] VALUE_DEBUG: target(mean=4.86 std=3.00 min=-3.35 max=15.31) V(s)(mean=4.99 std=2.44) reward(mean=0.943 std=2.522) clip=50.0
[DEBUG] train_step 4150: starting episode collection
[DEBUG] train_step 4150: episodes collected, starting value_update
[DEBUG] train_step 4150: value_update done, starting policy_update
[DEBUG] train_step 4150: policy_update done
[step 04200] value_loss=1.500144 policy_loss=-0.073869
[step 04200] VALUE_DEBUG: target(mean=4.31 std=2.15 min=-2.55 max=7.76) V(s)(mean=4.44 std=1.55) reward(mean=0.255 std=2.663) clip=50.0
[step 04200] eval_success_rate=1.000 eval_mean_score=16.000 eval_policy_mode=greedy [solved=50/50, score_range=16.00-16.00/16.0, initial=9.00]
[step 04200] PROGRESS: filled=16.00 violations=0.00 zero_cand=0.00
[step 04200] DEBUG: ep_len=7.2 ep_ret=7.044 stop_prob=0.000 score_chg=7.0050
[DEBUG] train_step 4200: starting episode collection
[DEBUG] train_step 4200: episodes collected, starting value_update
[DEBUG] train_step 4200: value_update done, starting policy_update
[DEBUG] train_step 4200: policy_update done
[step 04250] value_loss=0.384470 policy_loss=0.013263
[step 04250] VALUE_DEBUG: target(mean=4.68 std=1.93 min=1.84 max=8.53) V(s)(mean=4.61 std=1.64) reward(mean=0.906 std=0.169) clip=50.0
[DEBUG] train_step 4250: starting episode collection
[DEBUG] train_step 4250: episodes collected, starting value_update
[DEBUG] train_step 4250: value_update done, starting policy_update
[DEBUG] train_step 4250: policy_update done
[step 04300] value_loss=3.373946 policy_loss=-0.032086
[step 04300] VALUE_DEBUG: target(mean=3.91 std=3.03 min=-5.12 max=12.07) V(s)(mean=4.19 std=1.74) reward(mean=0.628 std=3.171) clip=50.0
[step 04300] eval_success_rate=1.000 eval_mean_score=16.000 eval_policy_mode=greedy [solved=50/50, score_range=16.00-16.00/16.0, initial=9.00]
[step 04300] PROGRESS: filled=16.00 violations=0.00 zero_cand=0.00
[step 04300] DEBUG: ep_len=7.2 ep_ret=7.067 stop_prob=0.000 score_chg=7.0250
[DEBUG] train_step 4300: starting episode collection
[DEBUG] train_step 4300: episodes collected, starting value_update
[DEBUG] train_step 4300: value_update done, starting policy_update
[DEBUG] train_step 4300: policy_update done
[step 04350] value_loss=0.314939 policy_loss=-0.048727
[step 04350] VALUE_DEBUG: target(mean=4.57 std=2.04 min=1.84 max=8.03) V(s)(mean=4.44 std=2.09) reward(mean=0.752 std=1.791) clip=50.0
[DEBUG] train_step 4350: starting episode collection
[DEBUG] train_step 4350: episodes collected, starting value_update
[DEBUG] train_step 4350: value_update done, starting policy_update
[DEBUG] train_step 4350: policy_update done
[step 04400] value_loss=2.453313 policy_loss=-0.084243
[step 04400] VALUE_DEBUG: target(mean=4.66 std=2.36 min=-0.63 max=11.60) V(s)(mean=4.82 std=1.96) reward(mean=0.971 std=2.387) clip=50.0
[step 04400] eval_success_rate=1.000 eval_mean_score=16.000 eval_policy_mode=greedy [solved=50/50, score_range=16.00-16.00/16.0, initial=9.00]
[step 04400] PROGRESS: filled=16.00 violations=0.00 zero_cand=0.00
[step 04400] DEBUG: ep_len=7.2 ep_ret=6.929 stop_prob=0.000 score_chg=6.9225
[DEBUG] train_step 4400: starting episode collection
[DEBUG] train_step 4400: episodes collected, starting value_update
[DEBUG] train_step 4400: value_update done, starting policy_update
[DEBUG] train_step 4400: policy_update done
[step 04450] value_loss=2.691545 policy_loss=0.130168
[step 04450] VALUE_DEBUG: target(mean=4.55 std=2.86 min=1.84 max=16.19) V(s)(mean=4.40 std=1.92) reward(mean=1.370 std=1.584) clip=50.0
[DEBUG] train_step 4450: starting episode collection
[DEBUG] train_step 4450: episodes collected, starting value_update
[DEBUG] train_step 4450: value_update done, starting policy_update
[DEBUG] train_step 4450: policy_update done
[step 04500] value_loss=2.269090 policy_loss=0.437620
[step 04500] VALUE_DEBUG: target(mean=4.54 std=2.72 min=-5.44 max=8.98) V(s)(mean=4.82 std=2.07) reward(mean=0.629 std=1.935) clip=50.0
[step 04500] eval_success_rate=1.000 eval_mean_score=16.000 eval_policy_mode=greedy [solved=50/50, score_range=16.00-16.00/16.0, initial=9.00]
[step 04500] PROGRESS: filled=16.00 violations=0.00 zero_cand=0.00
[step 04500] DEBUG: ep_len=7.3 ep_ret=7.078 stop_prob=0.000 score_chg=7.0425
[DEBUG] train_step 4500: starting episode collection
[DEBUG] train_step 4500: episodes collected, starting value_update
[DEBUG] train_step 4500: value_update done, starting policy_update
[DEBUG] train_step 4500: policy_update done
[step 04550] value_loss=0.344663 policy_loss=-0.012693
[step 04550] VALUE_DEBUG: target(mean=4.18 std=2.15 min=-3.01 max=8.61) V(s)(mean=4.20 std=1.85) reward(mean=0.624 std=1.934) clip=50.0
[DEBUG] train_step 4550: starting episode collection
[DEBUG] train_step 4550: episodes collected, starting value_update
[DEBUG] train_step 4550: value_update done, starting policy_update
[DEBUG] train_step 4550: policy_update done
[step 04600] value_loss=2.005294 policy_loss=0.082324
[step 04600] VALUE_DEBUG: target(mean=5.00 std=2.32 min=-2.73 max=12.10) V(s)(mean=4.73 std=1.51) reward(mean=0.851 std=2.502) clip=50.0
[step 04600] eval_success_rate=1.000 eval_mean_score=16.000 eval_policy_mode=greedy [solved=50/50, score_range=16.00-16.00/16.0, initial=9.00]
[step 04600] PROGRESS: filled=16.00 violations=0.00 zero_cand=0.00
[step 04600] DEBUG: ep_len=7.1 ep_ret=7.073 stop_prob=0.000 score_chg=6.9800
[DEBUG] train_step 4600: starting episode collection
[DEBUG] train_step 4600: episodes collected, starting value_update
[DEBUG] train_step 4600: value_update done, starting policy_update
[DEBUG] train_step 4600: policy_update done
[step 04650] value_loss=0.196666 policy_loss=-0.089163
[step 04650] VALUE_DEBUG: target(mean=4.04 std=1.67 min=1.84 max=6.97) V(s)(mean=4.36 std=1.68) reward(mean=1.086 std=0.399) clip=50.0
[DEBUG] train_step 4650: starting episode collection
[DEBUG] train_step 4650: episodes collected, starting value_update
[DEBUG] train_step 4650: value_update done, starting policy_update
[DEBUG] train_step 4650: policy_update done
[step 04700] value_loss=3.683388 policy_loss=0.045160
[step 04700] VALUE_DEBUG: target(mean=4.92 std=2.65 min=1.84 max=13.99) V(s)(mean=4.37 std=1.64) reward(mean=1.188 std=2.840) clip=50.0
[step 04700] eval_success_rate=1.000 eval_mean_score=16.000 eval_policy_mode=greedy [solved=50/50, score_range=16.00-16.00/16.0, initial=9.00]
[step 04700] PROGRESS: filled=16.00 violations=0.00 zero_cand=0.00
[step 04700] DEBUG: ep_len=7.2 ep_ret=7.103 stop_prob=0.000 score_chg=7.0175
[DEBUG] train_step 4700: starting episode collection
[DEBUG] train_step 4700: episodes collected, starting value_update
[DEBUG] train_step 4700: value_update done, starting policy_update
[DEBUG] train_step 4700: policy_update done
[step 04750] value_loss=6.990059 policy_loss=-0.024205
[step 04750] VALUE_DEBUG: target(mean=3.82 std=2.83 min=-8.93 max=7.83) V(s)(mean=4.29 std=1.68) reward(mean=0.562 std=2.632) clip=50.0
[DEBUG] train_step 4750: starting episode collection
[DEBUG] train_step 4750: episodes collected, starting value_update
[DEBUG] train_step 4750: value_update done, starting policy_update
[DEBUG] train_step 4750: policy_update done
[step 04800] value_loss=0.209810 policy_loss=0.027006
[step 04800] VALUE_DEBUG: target(mean=4.29 std=1.61 min=1.84 max=7.02) V(s)(mean=4.34 std=1.61) reward(mean=0.996 std=0.320) clip=50.0
[step 04800] eval_success_rate=0.960 eval_mean_score=15.440 eval_policy_mode=greedy [solved=48/50, score_range=2.00-16.00/16.0, initial=9.00]
[step 04800] PROGRESS: filled=15.84 violations=0.00 zero_cand=0.08
[step 04800] DEBUG: ep_len=7.3 ep_ret=6.996 stop_prob=0.000 score_chg=6.9975
[DEBUG] train_step 4800: starting episode collection
[DEBUG] train_step 4800: episodes collected, starting value_update
[DEBUG] train_step 4800: value_update done, starting policy_update
[DEBUG] train_step 4800: policy_update done
[step 04850] value_loss=0.208536 policy_loss=0.025177
[step 04850] VALUE_DEBUG: target(mean=4.48 std=1.82 min=1.84 max=7.79) V(s)(mean=4.78 std=1.80) reward(mean=1.028 std=0.350) clip=50.0
[DEBUG] train_step 4850: starting episode collection
[DEBUG] train_step 4850: episodes collected, starting value_update
[DEBUG] train_step 4850: value_update done, starting policy_update
[DEBUG] train_step 4850: policy_update done
[step 04900] value_loss=0.596098 policy_loss=0.001019
[step 04900] VALUE_DEBUG: target(mean=3.93 std=2.64 min=-1.64 max=12.20) V(s)(mean=4.07 std=2.34) reward(mean=1.369 std=2.966) clip=50.0
[step 04900] eval_success_rate=0.960 eval_mean_score=15.440 eval_policy_mode=greedy [solved=48/50, score_range=2.00-16.00/16.0, initial=9.00]
[step 04900] PROGRESS: filled=15.84 violations=0.00 zero_cand=0.08
[step 04900] DEBUG: ep_len=7.2 ep_ret=6.737 stop_prob=0.000 score_chg=6.9050
[DEBUG] train_step 4900: starting episode collection
[DEBUG] train_step 4900: episodes collected, starting value_update
[DEBUG] train_step 4900: value_update done, starting policy_update
[DEBUG] train_step 4900: policy_update done
[step 04950] value_loss=2.053005 policy_loss=0.171668
[step 04950] VALUE_DEBUG: target(mean=4.47 std=1.87 min=-1.15 max=7.91) V(s)(mean=4.41 std=1.56) reward(mean=0.659 std=1.757) clip=50.0
[DEBUG] train_step 4950: starting episode collection
[DEBUG] train_step 4950: episodes collected, starting value_update
[DEBUG] train_step 4950: value_update done, starting policy_update
[DEBUG] train_step 4950: policy_update done
[step 05000] value_loss=0.582828 policy_loss=0.155428
[step 05000] VALUE_DEBUG: target(mean=4.45 std=2.09 min=1.84 max=11.65) V(s)(mean=4.12 std=1.77) reward(mean=1.121 std=0.752) clip=50.0
[step 05000] eval_success_rate=0.940 eval_mean_score=15.220 eval_policy_mode=greedy [solved=47/50, score_range=-1.00-16.00/16.0, initial=9.00]
[step 05000] PROGRESS: filled=15.62 violations=0.00 zero_cand=0.08
[step 05000] DEBUG: ep_len=7.2 ep_ret=7.065 stop_prob=0.000 score_chg=7.0200
[Checkpoint] Saved to checkpoints/rl_sudoku-4x4-easy_6to8empties_seed4/rl_checkpoint_step_5000.pt
[DEBUG] train_step 5000: starting episode collection
[DEBUG] train_step 5000: episodes collected, starting value_update
[DEBUG] train_step 5000: value_update done, starting policy_update
[DEBUG] train_step 5000: policy_update done
[step 05050] value_loss=0.200785 policy_loss=-0.007630
[step 05050] VALUE_DEBUG: target(mean=4.19 std=1.68 min=1.84 max=8.44) V(s)(mean=4.29 std=1.57) reward(mean=0.995 std=0.320) clip=50.0
[DEBUG] train_step 5050: starting episode collection
[DEBUG] train_step 5050: episodes collected, starting value_update
[DEBUG] train_step 5050: value_update done, starting policy_update
[DEBUG] train_step 5050: policy_update done
[step 05100] value_loss=0.494572 policy_loss=0.087400
[step 05100] VALUE_DEBUG: target(mean=4.92 std=2.31 min=-4.46 max=8.03) V(s)(mean=5.10 std=1.94) reward(mean=0.572 std=1.912) clip=50.0
[step 05100] eval_success_rate=0.960 eval_mean_score=15.440 eval_policy_mode=greedy [solved=48/50, score_range=2.00-16.00/16.0, initial=9.00]
[step 05100] PROGRESS: filled=15.84 violations=0.00 zero_cand=0.08
[step 05100] DEBUG: ep_len=7.3 ep_ret=6.992 stop_prob=0.000 score_chg=7.0375
[DEBUG] train_step 5100: starting episode collection
[DEBUG] train_step 5100: episodes collected, starting value_update
[DEBUG] train_step 5100: value_update done, starting policy_update
[DEBUG] train_step 5100: policy_update done
[step 05150] value_loss=0.224047 policy_loss=-0.233208
[step 05150] VALUE_DEBUG: target(mean=4.47 std=2.29 min=1.84 max=13.51) V(s)(mean=4.50 std=2.34) reward(mean=0.998 std=0.319) clip=50.0
[DEBUG] train_step 5150: starting episode collection
[DEBUG] train_step 5150: episodes collected, starting value_update
[DEBUG] train_step 5150: value_update done, starting policy_update
[DEBUG] train_step 5150: policy_update done
[step 05200] value_loss=2.031500 policy_loss=-0.236833
[step 05200] VALUE_DEBUG: target(mean=3.27 std=2.17 min=-4.53 max=7.09) V(s)(mean=3.41 std=1.61) reward(mean=0.833 std=2.000) clip=50.0
[step 05200] eval_success_rate=0.920 eval_mean_score=15.720 eval_policy_mode=greedy [solved=46/50, score_range=12.00-16.00/16.0, initial=9.00]
[step 05200] PROGRESS: filled=15.72 violations=0.00 zero_cand=0.00
[step 05200] DEBUG: ep_len=7.4 ep_ret=6.538 stop_prob=0.000 score_chg=6.8350
[DEBUG] train_step 5200: starting episode collection
[DEBUG] train_step 5200: episodes collected, starting value_update
[DEBUG] train_step 5200: value_update done, starting policy_update
[DEBUG] train_step 5200: policy_update done
[step 05250] value_loss=1.410361 policy_loss=-0.059952
[step 05250] VALUE_DEBUG: target(mean=4.93 std=1.86 min=1.84 max=11.85) V(s)(mean=4.96 std=1.49) reward(mean=1.189 std=1.568) clip=50.0
[DEBUG] train_step 5250: starting episode collection
[DEBUG] train_step 5250: episodes collected, starting value_update
[DEBUG] train_step 5250: value_update done, starting policy_update
[DEBUG] train_step 5250: policy_update done
[step 05300] value_loss=2.079376 policy_loss=-0.217114
[step 05300] VALUE_DEBUG: target(mean=3.82 std=1.88 min=-2.32 max=6.94) V(s)(mean=4.14 std=1.54) reward(mean=0.714 std=1.783) clip=50.0
[step 05300] eval_success_rate=0.900 eval_mean_score=15.180 eval_policy_mode=greedy [solved=45/50, score_range=2.00-16.00/16.0, initial=9.00]
[step 05300] PROGRESS: filled=15.58 violations=0.00 zero_cand=0.08
[step 05300] DEBUG: ep_len=7.4 ep_ret=6.737 stop_prob=0.000 score_chg=6.8750
[DEBUG] train_step 5300: starting episode collection
[DEBUG] train_step 5300: episodes collected, starting value_update
[DEBUG] train_step 5300: value_update done, starting policy_update
[DEBUG] train_step 5300: policy_update done
[step 05350] value_loss=1.056958 policy_loss=-0.127267
[step 05350] VALUE_DEBUG: target(mean=3.81 std=1.55 min=-0.52 max=6.90) V(s)(mean=3.95 std=1.42) reward(mean=0.683 std=1.770) clip=50.0
[DEBUG] train_step 5350: starting episode collection
[DEBUG] train_step 5350: episodes collected, starting value_update
[DEBUG] train_step 5350: value_update done, starting policy_update
[DEBUG] train_step 5350: policy_update done
[step 05400] value_loss=1.402740 policy_loss=-0.104034
[step 05400] VALUE_DEBUG: target(mean=4.66 std=2.46 min=1.84 max=13.03) V(s)(mean=4.42 std=2.05) reward(mean=1.651 std=2.159) clip=50.0
[step 05400] eval_success_rate=0.880 eval_mean_score=15.200 eval_policy_mode=greedy [solved=44/50, score_range=4.00-16.00/16.0, initial=9.00]
[step 05400] PROGRESS: filled=15.60 violations=0.00 zero_cand=0.08
[step 05400] DEBUG: ep_len=7.4 ep_ret=6.490 stop_prob=0.000 score_chg=6.7925
[DEBUG] train_step 5400: starting episode collection
[DEBUG] train_step 5400: episodes collected, starting value_update
[DEBUG] train_step 5400: value_update done, starting policy_update
[DEBUG] train_step 5400: policy_update done
[step 05450] value_loss=0.673363 policy_loss=0.369470
[step 05450] VALUE_DEBUG: target(mean=4.51 std=1.81 min=1.84 max=7.40) V(s)(mean=4.64 std=1.80) reward(mean=0.876 std=0.949) clip=50.0
[DEBUG] train_step 5450: starting episode collection
[DEBUG] train_step 5450: episodes collected, starting value_update
[DEBUG] train_step 5450: value_update done, starting policy_update
[DEBUG] train_step 5450: policy_update done
[step 05500] value_loss=0.234516 policy_loss=-0.181812
[step 05500] VALUE_DEBUG: target(mean=4.12 std=1.57 min=1.84 max=7.53) V(s)(mean=4.16 std=1.77) reward(mean=1.026 std=0.351) clip=50.0
[step 05500] eval_success_rate=0.960 eval_mean_score=15.440 eval_policy_mode=greedy [solved=48/50, score_range=2.00-16.00/16.0, initial=9.00]
[step 05500] PROGRESS: filled=15.84 violations=0.00 zero_cand=0.08
[step 05500] DEBUG: ep_len=7.3 ep_ret=6.864 stop_prob=0.000 score_chg=6.9550
[DEBUG] train_step 5500: starting episode collection
[DEBUG] train_step 5500: episodes collected, starting value_update
[DEBUG] train_step 5500: value_update done, starting policy_update
[DEBUG] train_step 5500: policy_update done
[step 05550] value_loss=0.392249 policy_loss=0.179830
[step 05550] VALUE_DEBUG: target(mean=4.14 std=1.89 min=1.84 max=10.81) V(s)(mean=3.94 std=1.69) reward(mean=1.306 std=1.578) clip=50.0
[DEBUG] train_step 5550: starting episode collection
[DEBUG] train_step 5550: episodes collected, starting value_update
[DEBUG] train_step 5550: value_update done, starting policy_update
[DEBUG] train_step 5550: policy_update done
[step 05600] value_loss=1.358581 policy_loss=-0.034837
[step 05600] VALUE_DEBUG: target(mean=4.08 std=2.09 min=-4.13 max=6.90) V(s)(mean=4.47 std=1.60) reward(mean=0.656 std=1.947) clip=50.0
[step 05600] eval_success_rate=0.920 eval_mean_score=15.360 eval_policy_mode=greedy [solved=46/50, score_range=4.00-16.00/16.0, initial=9.00]
[step 05600] PROGRESS: filled=15.76 violations=0.00 zero_cand=0.08
[step 05600] DEBUG: ep_len=7.3 ep_ret=6.979 stop_prob=0.000 score_chg=6.9875
[DEBUG] train_step 5600: starting episode collection
[DEBUG] train_step 5600: episodes collected, starting value_update
[DEBUG] train_step 5600: value_update done, starting policy_update
[DEBUG] train_step 5600: policy_update done
[step 05650] value_loss=0.255546 policy_loss=-0.071042
[step 05650] VALUE_DEBUG: target(mean=4.25 std=1.99 min=1.84 max=11.09) V(s)(mean=4.18 std=1.79) reward(mean=1.342 std=1.578) clip=50.0
[DEBUG] train_step 5650: starting episode collection
[DEBUG] train_step 5650: episodes collected, starting value_update
[DEBUG] train_step 5650: value_update done, starting policy_update
[DEBUG] train_step 5650: policy_update done
[step 05700] value_loss=1.995574 policy_loss=-0.014945
[step 05700] VALUE_DEBUG: target(mean=5.09 std=2.63 min=1.84 max=15.35) V(s)(mean=4.69 std=1.88) reward(mean=1.222 std=1.576) clip=50.0
[step 05700] eval_success_rate=0.920 eval_mean_score=15.360 eval_policy_mode=greedy [solved=46/50, score_range=4.00-16.00/16.0, initial=9.00]
[step 05700] PROGRESS: filled=15.76 violations=0.00 zero_cand=0.08
[step 05700] DEBUG: ep_len=7.2 ep_ret=6.895 stop_prob=0.000 score_chg=6.9375
[DEBUG] train_step 5700: starting episode collection
[DEBUG] train_step 5700: episodes collected, starting value_update
[DEBUG] train_step 5700: value_update done, starting policy_update
[DEBUG] train_step 5700: policy_update done
[step 05750] value_loss=0.299062 policy_loss=0.187231
[step 05750] VALUE_DEBUG: target(mean=4.10 std=2.49 min=1.84 max=14.01) V(s)(mean=4.06 std=2.17) reward(mean=1.397 std=1.579) clip=50.0
[DEBUG] train_step 5750: starting episode collection
[DEBUG] train_step 5750: episodes collected, starting value_update
[DEBUG] train_step 5750: value_update done, starting policy_update
[DEBUG] train_step 5750: policy_update done
[step 05800] value_loss=0.116701 policy_loss=-0.166509
[step 05800] VALUE_DEBUG: target(mean=4.11 std=1.98 min=1.84 max=9.62) V(s)(mean=3.93 std=1.91) reward(mean=1.060 std=0.376) clip=50.0
[step 05800] eval_success_rate=0.920 eval_mean_score=15.400 eval_policy_mode=greedy [solved=46/50, score_range=4.00-16.00/16.0, initial=9.00]
[step 05800] PROGRESS: filled=15.80 violations=0.00 zero_cand=0.08
[step 05800] DEBUG: ep_len=7.2 ep_ret=6.853 stop_prob=0.000 score_chg=6.9450
[DEBUG] train_step 5800: starting episode collection
[DEBUG] train_step 5800: episodes collected, starting value_update
[DEBUG] train_step 5800: value_update done, starting policy_update
[DEBUG] train_step 5800: policy_update done
[step 05850] value_loss=0.096404 policy_loss=-0.383177
[step 05850] VALUE_DEBUG: target(mean=4.16 std=1.72 min=1.84 max=7.59) V(s)(mean=4.10 std=1.73) reward(mean=1.088 std=0.398) clip=50.0
[DEBUG] train_step 5850: starting episode collection
[DEBUG] train_step 5850: episodes collected, starting value_update
[DEBUG] train_step 5850: value_update done, starting policy_update
[DEBUG] train_step 5850: policy_update done
[step 05900] value_loss=0.113597 policy_loss=0.001604
[step 05900] VALUE_DEBUG: target(mean=4.12 std=1.42 min=1.84 max=7.00) V(s)(mean=4.03 std=1.43) reward(mean=0.963 std=0.282) clip=50.0
[step 05900] eval_success_rate=0.920 eval_mean_score=15.000 eval_policy_mode=greedy [solved=46/50, score_range=3.00-16.00/16.0, initial=9.00]
[step 05900] PROGRESS: filled=15.80 violations=0.00 zero_cand=0.16
[step 05900] DEBUG: ep_len=7.3 ep_ret=6.767 stop_prob=0.000 score_chg=6.9025
[DEBUG] train_step 5900: starting episode collection
[DEBUG] train_step 5900: episodes collected, starting value_update
[DEBUG] train_step 5900: value_update done, starting policy_update
[DEBUG] train_step 5900: policy_update done
[step 05950] value_loss=1.593014 policy_loss=-0.048829
[step 05950] VALUE_DEBUG: target(mean=3.60 std=2.59 min=-5.49 max=10.33) V(s)(mean=3.85 std=2.06) reward(mean=1.054 std=2.540) clip=50.0
[DEBUG] train_step 5950: starting episode collection
[DEBUG] train_step 5950: episodes collected, starting value_update
[DEBUG] train_step 5950: value_update done, starting policy_update
[DEBUG] train_step 5950: policy_update done
[step 06000] value_loss=0.756381 policy_loss=-0.066908
[step 06000] VALUE_DEBUG: target(mean=4.10 std=1.91 min=1.29 max=7.48) V(s)(mean=4.13 std=1.88) reward(mean=0.937 std=0.974) clip=50.0
[step 06000] eval_success_rate=1.000 eval_mean_score=16.000 eval_policy_mode=greedy [solved=50/50, score_range=16.00-16.00/16.0, initial=9.00]
[step 06000] PROGRESS: filled=16.00 violations=0.00 zero_cand=0.00
[step 06000] DEBUG: ep_len=7.1 ep_ret=7.055 stop_prob=0.000 score_chg=6.9625
[Checkpoint] Saved to checkpoints/rl_sudoku-4x4-easy_6to8empties_seed4/rl_checkpoint_step_6000.pt
[DEBUG] train_step 6000: starting episode collection
[DEBUG] train_step 6000: episodes collected, starting value_update
[DEBUG] train_step 6000: value_update done, starting policy_update
[DEBUG] train_step 6000: policy_update done
[step 06050] value_loss=4.139635 policy_loss=-0.131979
[step 06050] VALUE_DEBUG: target(mean=4.54 std=2.61 min=1.84 max=14.76) V(s)(mean=3.78 std=1.64) reward(mean=1.587 std=2.168) clip=50.0
[DEBUG] train_step 6050: starting episode collection
[DEBUG] train_step 6050: episodes collected, starting value_update
[DEBUG] train_step 6050: value_update done, starting policy_update
[DEBUG] train_step 6050: policy_update done
[step 06100] value_loss=0.270598 policy_loss=-0.291472
[step 06100] VALUE_DEBUG: target(mean=4.10 std=1.86 min=-1.43 max=7.77) V(s)(mean=3.92 std=1.65) reward(mean=0.593 std=1.924) clip=50.0
[step 06100] eval_success_rate=1.000 eval_mean_score=16.000 eval_policy_mode=greedy [solved=50/50, score_range=16.00-16.00/16.0, initial=9.00]
[step 06100] PROGRESS: filled=16.00 violations=0.00 zero_cand=0.00
[step 06100] DEBUG: ep_len=7.1 ep_ret=6.982 stop_prob=0.000 score_chg=6.9300
[DEBUG] train_step 6100: starting episode collection
[DEBUG] train_step 6100: episodes collected, starting value_update
[DEBUG] train_step 6100: value_update done, starting policy_update
[DEBUG] train_step 6100: policy_update done
[step 06150] value_loss=0.506734 policy_loss=-0.045100
[step 06150] VALUE_DEBUG: target(mean=4.18 std=1.75 min=1.84 max=7.74) V(s)(mean=4.20 std=1.81) reward(mean=0.812 std=1.320) clip=50.0
[DEBUG] train_step 6150: starting episode collection
[DEBUG] train_step 6150: episodes collected, starting value_update
[DEBUG] train_step 6150: value_update done, starting policy_update
[DEBUG] train_step 6150: policy_update done
[step 06200] value_loss=2.510236 policy_loss=-0.005100
[step 06200] VALUE_DEBUG: target(mean=4.18 std=2.19 min=-4.61 max=7.40) V(s)(mean=4.48 std=1.55) reward(mean=0.627 std=1.750) clip=50.0
[step 06200] eval_success_rate=1.000 eval_mean_score=16.000 eval_policy_mode=greedy [solved=50/50, score_range=16.00-16.00/16.0, initial=9.00]
[step 06200] PROGRESS: filled=16.00 violations=0.00 zero_cand=0.00
[step 06200] DEBUG: ep_len=7.2 ep_ret=7.129 stop_prob=0.000 score_chg=7.0500
[DEBUG] train_step 6200: starting episode collection
[DEBUG] train_step 6200: episodes collected, starting value_update
[DEBUG] train_step 6200: value_update done, starting policy_update
[DEBUG] train_step 6200: policy_update done
[step 06250] value_loss=0.238934 policy_loss=0.022746
[step 06250] VALUE_DEBUG: target(mean=4.35 std=1.78 min=1.84 max=7.97) V(s)(mean=4.11 std=1.73) reward(mean=0.995 std=0.320) clip=50.0
[DEBUG] train_step 6250: starting episode collection
[DEBUG] train_step 6250: episodes collected, starting value_update
[DEBUG] train_step 6250: value_update done, starting policy_update
[DEBUG] train_step 6250: policy_update done
[step 06300] value_loss=1.323270 policy_loss=0.032918
[step 06300] VALUE_DEBUG: target(mean=4.21 std=2.51 min=0.55 max=13.98) V(s)(mean=4.27 std=2.32) reward(mean=1.000 std=2.377) clip=50.0
[step 06300] eval_success_rate=1.000 eval_mean_score=16.000 eval_policy_mode=greedy [solved=50/50, score_range=16.00-16.00/16.0, initial=9.00]
[step 06300] PROGRESS: filled=16.00 violations=0.00 zero_cand=0.00
[step 06300] DEBUG: ep_len=7.1 ep_ret=7.086 stop_prob=0.000 score_chg=6.9975
[DEBUG] train_step 6300: starting episode collection
[DEBUG] train_step 6300: episodes collected, starting value_update
[DEBUG] train_step 6300: value_update done, starting policy_update
[DEBUG] train_step 6300: policy_update done
[step 06350] value_loss=0.520039 policy_loss=-0.079800
[step 06350] VALUE_DEBUG: target(mean=4.34 std=1.86 min=1.84 max=8.32) V(s)(mean=4.27 std=1.99) reward(mean=0.904 std=0.961) clip=50.0
[DEBUG] train_step 6350: starting episode collection
[DEBUG] train_step 6350: episodes collected, starting value_update
[DEBUG] train_step 6350: value_update done, starting policy_update
[DEBUG] train_step 6350: policy_update done
[step 06400] value_loss=0.079434 policy_loss=0.068565
[step 06400] VALUE_DEBUG: target(mean=3.73 std=1.39 min=0.47 max=6.47) V(s)(mean=3.66 std=1.37) reward(mean=0.651 std=1.945) clip=50.0
[step 06400] eval_success_rate=1.000 eval_mean_score=16.000 eval_policy_mode=greedy [solved=50/50, score_range=16.00-16.00/16.0, initial=9.00]
[step 06400] PROGRESS: filled=16.00 violations=0.00 zero_cand=0.00
[step 06400] DEBUG: ep_len=7.1 ep_ret=7.040 stop_prob=0.000 score_chg=6.9925
[DEBUG] train_step 6400: starting episode collection
[DEBUG] train_step 6400: episodes collected, starting value_update
[DEBUG] train_step 6400: value_update done, starting policy_update
[DEBUG] train_step 6400: policy_update done
[step 06450] value_loss=0.380390 policy_loss=0.402028
[step 06450] VALUE_DEBUG: target(mean=4.48 std=2.59 min=1.84 max=13.36) V(s)(mean=4.50 std=2.35) reward(mean=1.652 std=2.160) clip=50.0
[DEBUG] train_step 6450: starting episode collection
[DEBUG] train_step 6450: episodes collected, starting value_update
[DEBUG] train_step 6450: value_update done, starting policy_update
[DEBUG] train_step 6450: policy_update done
[step 06500] value_loss=0.354092 policy_loss=-0.179460
[step 06500] VALUE_DEBUG: target(mean=4.42 std=2.25 min=1.84 max=11.75) V(s)(mean=4.41 std=2.02) reward(mean=1.064 std=2.403) clip=50.0
[step 06500] eval_success_rate=1.000 eval_mean_score=16.000 eval_policy_mode=greedy [solved=50/50, score_range=16.00-16.00/16.0, initial=9.00]
[step 06500] PROGRESS: filled=16.00 violations=0.00 zero_cand=0.00
[step 06500] DEBUG: ep_len=7.1 ep_ret=7.072 stop_prob=0.000 score_chg=6.9775
[DEBUG] train_step 6500: starting episode collection
[DEBUG] train_step 6500: episodes collected, starting value_update
[DEBUG] train_step 6500: value_update done, starting policy_update
[DEBUG] train_step 6500: policy_update done
[step 06550] value_loss=0.112167 policy_loss=0.416720
[step 06550] VALUE_DEBUG: target(mean=4.32 std=1.75 min=1.84 max=7.68) V(s)(mean=4.19 std=1.87) reward(mean=1.307 std=1.575) clip=50.0
[DEBUG] train_step 6550: starting episode collection
[DEBUG] train_step 6550: episodes collected, starting value_update
[DEBUG] train_step 6550: value_update done, starting policy_update
[DEBUG] train_step 6550: policy_update done
[step 06600] value_loss=0.041789 policy_loss=-0.170746
[step 06600] VALUE_DEBUG: target(mean=4.53 std=1.65 min=1.84 max=7.66) V(s)(mean=4.48 std=1.61) reward(mean=0.999 std=0.318) clip=50.0
[step 06600] eval_success_rate=1.000 eval_mean_score=16.000 eval_policy_mode=greedy [solved=50/50, score_range=16.00-16.00/16.0, initial=9.00]
[step 06600] PROGRESS: filled=16.00 violations=0.00 zero_cand=0.00
[step 06600] DEBUG: ep_len=7.2 ep_ret=7.022 stop_prob=0.000 score_chg=6.9775
[DEBUG] train_step 6600: starting episode collection
[DEBUG] train_step 6600: episodes collected, starting value_update
[DEBUG] train_step 6600: value_update done, starting policy_update
[DEBUG] train_step 6600: policy_update done
[step 06650] value_loss=0.108794 policy_loss=0.121310
[step 06650] VALUE_DEBUG: target(mean=4.22 std=1.86 min=1.84 max=10.29) V(s)(mean=4.31 std=1.80) reward(mean=1.274 std=1.575) clip=50.0
[DEBUG] train_step 6650: starting episode collection
[DEBUG] train_step 6650: episodes collected, starting value_update
[DEBUG] train_step 6650: value_update done, starting policy_update
[DEBUG] train_step 6650: policy_update done
[step 06700] value_loss=0.151403 policy_loss=-0.025517
[step 06700] VALUE_DEBUG: target(mean=4.65 std=2.19 min=1.84 max=14.69) V(s)(mean=4.68 std=1.99) reward(mean=0.939 std=0.234) clip=50.0
[step 06700] eval_success_rate=1.000 eval_mean_score=16.000 eval_policy_mode=greedy [solved=50/50, score_range=16.00-16.00/16.0, initial=9.00]
[step 06700] PROGRESS: filled=16.00 violations=0.00 zero_cand=0.00
[step 06700] DEBUG: ep_len=7.2 ep_ret=7.056 stop_prob=0.000 score_chg=7.0075
[DEBUG] train_step 6700: starting episode collection
[DEBUG] train_step 6700: episodes collected, starting value_update
[DEBUG] train_step 6700: value_update done, starting policy_update
[DEBUG] train_step 6700: policy_update done
[step 06750] value_loss=0.320600 policy_loss=-0.007015
[step 06750] VALUE_DEBUG: target(mean=3.96 std=1.55 min=1.84 max=7.96) V(s)(mean=4.01 std=1.60) reward(mean=0.684 std=1.787) clip=50.0
[DEBUG] train_step 6750: starting episode collection
[DEBUG] train_step 6750: episodes collected, starting value_update
[DEBUG] train_step 6750: value_update done, starting policy_update
[DEBUG] train_step 6750: policy_update done
[step 06800] value_loss=0.061277 policy_loss=-0.094190
[step 06800] VALUE_DEBUG: target(mean=4.05 std=1.68 min=1.84 max=7.32) V(s)(mean=4.15 std=1.71) reward(mean=1.087 std=0.399) clip=50.0
[step 06800] eval_success_rate=1.000 eval_mean_score=16.000 eval_policy_mode=greedy [solved=50/50, score_range=16.00-16.00/16.0, initial=9.00]
[step 06800] PROGRESS: filled=16.00 violations=0.00 zero_cand=0.00
[step 06800] DEBUG: ep_len=7.1 ep_ret=6.975 stop_prob=0.000 score_chg=6.9250
[DEBUG] train_step 6800: starting episode collection
[DEBUG] train_step 6800: episodes collected, starting value_update
[DEBUG] train_step 6800: value_update done, starting policy_update
[DEBUG] train_step 6800: policy_update done
[step 06850] value_loss=0.047922 policy_loss=-0.046017
[step 06850] VALUE_DEBUG: target(mean=4.07 std=1.55 min=1.84 max=7.44) V(s)(mean=4.00 std=1.52) reward(mean=1.026 std=0.351) clip=50.0
[DEBUG] train_step 6850: starting episode collection
[DEBUG] train_step 6850: episodes collected, starting value_update
[DEBUG] train_step 6850: value_update done, starting policy_update
[DEBUG] train_step 6850: policy_update done
[step 06900] value_loss=0.083146 policy_loss=-0.072987
[step 06900] VALUE_DEBUG: target(mean=4.01 std=1.45 min=1.84 max=7.50) V(s)(mean=3.94 std=1.48) reward(mean=1.273 std=1.577) clip=50.0
[step 06900] eval_success_rate=1.000 eval_mean_score=16.000 eval_policy_mode=greedy [solved=50/50, score_range=16.00-16.00/16.0, initial=9.00]
[step 06900] PROGRESS: filled=16.00 violations=0.00 zero_cand=0.00
[step 06900] DEBUG: ep_len=7.1 ep_ret=7.047 stop_prob=0.000 score_chg=6.9525
[DEBUG] train_step 6900: starting episode collection
[DEBUG] train_step 6900: episodes collected, starting value_update
[DEBUG] train_step 6900: value_update done, starting policy_update
[DEBUG] train_step 6900: policy_update done
[step 06950] value_loss=2.998705 policy_loss=-0.189836
[step 06950] VALUE_DEBUG: target(mean=4.45 std=2.16 min=-3.64 max=7.63) V(s)(mean=4.84 std=1.63) reward(mean=0.909 std=2.376) clip=50.0
[DEBUG] train_step 6950: starting episode collection
[DEBUG] train_step 6950: episodes collected, starting value_update
[DEBUG] train_step 6950: value_update done, starting policy_update
[DEBUG] train_step 6950: policy_update done
[step 07000] value_loss=4.148889 policy_loss=0.166699
[step 07000] VALUE_DEBUG: target(mean=4.54 std=3.28 min=-3.06 max=15.41) V(s)(mean=4.29 std=1.98) reward(mean=1.342 std=2.850) clip=50.0
[step 07000] eval_success_rate=1.000 eval_mean_score=16.000 eval_policy_mode=greedy [solved=50/50, score_range=16.00-16.00/16.0, initial=9.00]
[step 07000] PROGRESS: filled=16.00 violations=0.00 zero_cand=0.00
[step 07000] DEBUG: ep_len=7.1 ep_ret=7.021 stop_prob=0.000 score_chg=6.9700
[Checkpoint] Saved to checkpoints/rl_sudoku-4x4-easy_6to8empties_seed4/rl_checkpoint_step_7000.pt
[DEBUG] train_step 7000: starting episode collection
[DEBUG] train_step 7000: episodes collected, starting value_update
[DEBUG] train_step 7000: value_update done, starting policy_update
[DEBUG] train_step 7000: policy_update done
[step 07050] value_loss=0.079987 policy_loss=-0.019967
[step 07050] VALUE_DEBUG: target(mean=3.79 std=2.21 min=1.43 max=12.43) V(s)(mean=3.83 std=2.09) reward(mean=0.806 std=1.993) clip=50.0
[DEBUG] train_step 7050: starting episode collection
[DEBUG] train_step 7050: episodes collected, starting value_update
[DEBUG] train_step 7050: value_update done, starting policy_update
[DEBUG] train_step 7050: policy_update done
[step 07100] value_loss=0.348284 policy_loss=-0.073915
[step 07100] VALUE_DEBUG: target(mean=4.66 std=2.20 min=1.84 max=13.30) V(s)(mean=4.70 std=1.89) reward(mean=1.279 std=1.577) clip=50.0
[step 07100] eval_success_rate=1.000 eval_mean_score=16.000 eval_policy_mode=greedy [solved=50/50, score_range=16.00-16.00/16.0, initial=9.00]
[step 07100] PROGRESS: filled=16.00 violations=0.00 zero_cand=0.00
[step 07100] DEBUG: ep_len=7.1 ep_ret=7.134 stop_prob=0.000 score_chg=7.0450
[DEBUG] train_step 7100: starting episode collection
[DEBUG] train_step 7100: episodes collected, starting value_update
[DEBUG] train_step 7100: value_update done, starting policy_update
[DEBUG] train_step 7100: policy_update done
[step 07150] value_loss=0.104713 policy_loss=-0.079145
[step 07150] VALUE_DEBUG: target(mean=4.24 std=1.69 min=1.52 max=6.96) V(s)(mean=4.22 std=1.65) reward(mean=0.719 std=1.966) clip=50.0
[DEBUG] train_step 7150: starting episode collection
[DEBUG] train_step 7150: episodes collected, starting value_update
[DEBUG] train_step 7150: value_update done, starting policy_update
[DEBUG] train_step 7150: policy_update done
[step 07200] value_loss=0.095605 policy_loss=-0.098803
[step 07200] VALUE_DEBUG: target(mean=4.93 std=2.38 min=1.84 max=14.78) V(s)(mean=4.90 std=2.21) reward(mean=1.251 std=1.580) clip=50.0
[step 07200] eval_success_rate=1.000 eval_mean_score=16.000 eval_policy_mode=greedy [solved=50/50, score_range=16.00-16.00/16.0, initial=9.00]
[step 07200] PROGRESS: filled=16.00 violations=0.00 zero_cand=0.00
[step 07200] DEBUG: ep_len=7.1 ep_ret=6.995 stop_prob=0.000 score_chg=6.9450
[DEBUG] train_step 7200: starting episode collection
[DEBUG] train_step 7200: episodes collected, starting value_update
[DEBUG] train_step 7200: value_update done, starting policy_update
[DEBUG] train_step 7200: policy_update done
[step 07250] value_loss=0.837436 policy_loss=0.023597
[step 07250] VALUE_DEBUG: target(mean=4.57 std=3.10 min=1.84 max=19.09) V(s)(mean=4.65 std=2.81) reward(mean=0.876 std=0.946) clip=50.0
[DEBUG] train_step 7250: starting episode collection
[DEBUG] train_step 7250: episodes collected, starting value_update
[DEBUG] train_step 7250: value_update done, starting policy_update
[DEBUG] train_step 7250: policy_update done
[step 07300] value_loss=0.277962 policy_loss=-0.002782
[step 07300] VALUE_DEBUG: target(mean=4.71 std=2.29 min=1.84 max=13.74) V(s)(mean=4.63 std=2.00) reward(mean=1.280 std=1.577) clip=50.0
[step 07300] eval_success_rate=1.000 eval_mean_score=16.000 eval_policy_mode=greedy [solved=50/50, score_range=16.00-16.00/16.0, initial=9.00]
[step 07300] PROGRESS: filled=16.00 violations=0.00 zero_cand=0.00
[step 07300] DEBUG: ep_len=7.1 ep_ret=7.112 stop_prob=0.000 score_chg=7.0250
[DEBUG] train_step 7300: starting episode collection
[DEBUG] train_step 7300: episodes collected, starting value_update
[DEBUG] train_step 7300: value_update done, starting policy_update
[DEBUG] train_step 7300: policy_update done
[step 07350] value_loss=0.205403 policy_loss=0.017663
[step 07350] VALUE_DEBUG: target(mean=4.05 std=1.87 min=1.38 max=7.77) V(s)(mean=4.08 std=1.79) reward(mean=0.714 std=1.966) clip=50.0
[DEBUG] train_step 7350: starting episode collection
[DEBUG] train_step 7350: episodes collected, starting value_update
[DEBUG] train_step 7350: value_update done, starting policy_update
[DEBUG] train_step 7350: policy_update done
[step 07400] value_loss=2.084670 policy_loss=0.133435
[step 07400] VALUE_DEBUG: target(mean=4.16 std=2.23 min=-3.52 max=7.29) V(s)(mean=4.35 std=1.77) reward(mean=0.719 std=1.782) clip=50.0
[step 07400] eval_success_rate=0.980 eval_mean_score=15.940 eval_policy_mode=greedy [solved=49/50, score_range=13.00-16.00/16.0, initial=9.00]
[step 07400] PROGRESS: filled=15.94 violations=0.00 zero_cand=0.00
[step 07400] DEBUG: ep_len=7.2 ep_ret=7.076 stop_prob=0.000 score_chg=7.0350
[DEBUG] train_step 7400: starting episode collection
[DEBUG] train_step 7400: episodes collected, starting value_update
[DEBUG] train_step 7400: value_update done, starting policy_update
[DEBUG] train_step 7400: policy_update done
[step 07450] value_loss=0.170943 policy_loss=0.057268
[step 07450] VALUE_DEBUG: target(mean=4.91 std=2.30 min=1.84 max=13.38) V(s)(mean=4.69 std=2.12) reward(mean=0.972 std=0.280) clip=50.0
[DEBUG] train_step 7450: starting episode collection
[DEBUG] train_step 7450: episodes collected, starting value_update
[DEBUG] train_step 7450: value_update done, starting policy_update
[DEBUG] train_step 7450: policy_update done
[step 07500] value_loss=0.174298 policy_loss=0.035576
[step 07500] VALUE_DEBUG: target(mean=4.18 std=1.67 min=-0.33 max=6.97) V(s)(mean=4.14 std=1.58) reward(mean=0.625 std=1.931) clip=50.0
[step 07500] eval_success_rate=0.980 eval_mean_score=15.940 eval_policy_mode=greedy [solved=49/50, score_range=13.00-16.00/16.0, initial=9.00]
[step 07500] PROGRESS: filled=15.94 violations=0.00 zero_cand=0.00
[step 07500] DEBUG: ep_len=7.2 ep_ret=6.912 stop_prob=0.000 score_chg=6.9125
[DEBUG] train_step 7500: starting episode collection
[DEBUG] train_step 7500: episodes collected, starting value_update
[DEBUG] train_step 7500: value_update done, starting policy_update
[DEBUG] train_step 7500: policy_update done
[step 07550] value_loss=0.045378 policy_loss=0.246009
[step 07550] VALUE_DEBUG: target(mean=4.14 std=1.51 min=1.84 max=6.86) V(s)(mean=4.19 std=1.50) reward(mean=0.962 std=0.283) clip=50.0
[DEBUG] train_step 7550: starting episode collection
[DEBUG] train_step 7550: episodes collected, starting value_update
[DEBUG] train_step 7550: value_update done, starting policy_update
[DEBUG] train_step 7550: policy_update done
[step 07600] value_loss=0.087958 policy_loss=-0.229316
[step 07600] VALUE_DEBUG: target(mean=4.68 std=2.42 min=1.84 max=14.34) V(s)(mean=4.56 std=2.40) reward(mean=1.341 std=1.580) clip=50.0
[step 07600] eval_success_rate=1.000 eval_mean_score=16.000 eval_policy_mode=greedy [solved=50/50, score_range=16.00-16.00/16.0, initial=9.00]
[step 07600] PROGRESS: filled=16.00 violations=0.00 zero_cand=0.00
[step 07600] DEBUG: ep_len=7.1 ep_ret=7.033 stop_prob=0.000 score_chg=6.9875
[DEBUG] train_step 7600: starting episode collection
[DEBUG] train_step 7600: episodes collected, starting value_update
[DEBUG] train_step 7600: value_update done, starting policy_update
[DEBUG] train_step 7600: policy_update done
[step 07650] value_loss=0.060597 policy_loss=-0.274949
[step 07650] VALUE_DEBUG: target(mean=4.28 std=1.86 min=1.84 max=11.52) V(s)(mean=4.35 std=1.75) reward(mean=1.213 std=1.589) clip=50.0
[DEBUG] train_step 7650: starting episode collection
[DEBUG] train_step 7650: episodes collected, starting value_update
[DEBUG] train_step 7650: value_update done, starting policy_update
[DEBUG] train_step 7650: policy_update done
[step 07700] value_loss=0.040310 policy_loss=-0.016351
[step 07700] VALUE_DEBUG: target(mean=4.20 std=1.61 min=1.84 max=7.01) V(s)(mean=4.14 std=1.70) reward(mean=1.025 std=0.351) clip=50.0
[step 07700] eval_success_rate=1.000 eval_mean_score=16.000 eval_policy_mode=greedy [solved=50/50, score_range=16.00-16.00/16.0, initial=9.00]
[step 07700] PROGRESS: filled=16.00 violations=0.00 zero_cand=0.00
[step 07700] DEBUG: ep_len=7.1 ep_ret=7.016 stop_prob=0.000 score_chg=6.9675
[DEBUG] train_step 7700: starting episode collection
[DEBUG] train_step 7700: episodes collected, starting value_update
[DEBUG] train_step 7700: value_update done, starting policy_update
[DEBUG] train_step 7700: policy_update done
[step 07750] value_loss=0.476094 policy_loss=0.110532
[step 07750] VALUE_DEBUG: target(mean=4.18 std=1.93 min=-0.04 max=7.60) V(s)(mean=4.28 std=1.70) reward(mean=0.656 std=1.944) clip=50.0
[DEBUG] train_step 7750: starting episode collection
[DEBUG] train_step 7750: episodes collected, starting value_update
[DEBUG] train_step 7750: value_update done, starting policy_update
[DEBUG] train_step 7750: policy_update done
[step 07800] value_loss=7.367800 policy_loss=0.534415
[step 07800] VALUE_DEBUG: target(mean=4.94 std=3.60 min=1.84 max=20.77) V(s)(mean=4.36 std=2.14) reward(mean=1.524 std=2.172) clip=50.0
[step 07800] eval_success_rate=0.980 eval_mean_score=15.920 eval_policy_mode=greedy [solved=49/50, score_range=12.00-16.00/16.0, initial=9.00]
[step 07800] PROGRESS: filled=15.92 violations=0.00 zero_cand=0.00
[step 07800] DEBUG: ep_len=7.2 ep_ret=7.043 stop_prob=0.000 score_chg=7.0025
[DEBUG] train_step 7800: starting episode collection
[DEBUG] train_step 7800: episodes collected, starting value_update
[DEBUG] train_step 7800: value_update done, starting policy_update
[DEBUG] train_step 7800: policy_update done
[step 07850] value_loss=0.092218 policy_loss=0.031245
[step 07850] VALUE_DEBUG: target(mean=4.50 std=1.52 min=1.24 max=7.07) V(s)(mean=4.46 std=1.55) reward(mean=0.597 std=1.925) clip=50.0
[DEBUG] train_step 7850: starting episode collection
[DEBUG] train_step 7850: episodes collected, starting value_update
[DEBUG] train_step 7850: value_update done, starting policy_update
[DEBUG] train_step 7850: policy_update done
[step 07900] value_loss=31.192905 policy_loss=0.003093
[step 07900] VALUE_DEBUG: target(mean=3.17 std=5.46 min=-26.02 max=8.07) V(s)(mean=4.07 std=1.52) reward(mean=0.123 std=4.710) clip=50.0
[step 07900] eval_success_rate=1.000 eval_mean_score=16.000 eval_policy_mode=greedy [solved=50/50, score_range=16.00-16.00/16.0, initial=9.00]
[step 07900] PROGRESS: filled=16.00 violations=0.00 zero_cand=0.00
[step 07900] DEBUG: ep_len=7.1 ep_ret=7.009 stop_prob=0.000 score_chg=6.9600
[DEBUG] train_step 7900: starting episode collection
[DEBUG] train_step 7900: episodes collected, starting value_update
[DEBUG] train_step 7900: value_update done, starting policy_update
[DEBUG] train_step 7900: policy_update done
[step 07950] value_loss=1.983884 policy_loss=-0.189529
[step 07950] VALUE_DEBUG: target(mean=3.99 std=1.77 min=-1.15 max=7.33) V(s)(mean=4.30 std=1.60) reward(mean=0.685 std=1.769) clip=50.0
[DEBUG] train_step 7950: starting episode collection
[DEBUG] train_step 7950: episodes collected, starting value_update
[DEBUG] train_step 7950: value_update done, starting policy_update
[DEBUG] train_step 7950: policy_update done
[step 08000] value_loss=0.386052 policy_loss=-0.030150
[step 08000] VALUE_DEBUG: target(mean=4.75 std=2.21 min=1.76 max=12.34) V(s)(mean=5.00 std=2.20) reward(mean=1.003 std=2.392) clip=50.0
[step 08000] eval_success_rate=1.000 eval_mean_score=16.000 eval_policy_mode=greedy [solved=50/50, score_range=16.00-16.00/16.0, initial=9.00]
[step 08000] PROGRESS: filled=16.00 violations=0.00 zero_cand=0.00
[step 08000] DEBUG: ep_len=7.1 ep_ret=7.119 stop_prob=0.000 score_chg=7.0300
[Checkpoint] Saved to checkpoints/rl_sudoku-4x4-easy_6to8empties_seed4/rl_checkpoint_step_8000.pt
[DEBUG] train_step 8000: starting episode collection
[DEBUG] train_step 8000: episodes collected, starting value_update
[DEBUG] train_step 8000: value_update done, starting policy_update
[DEBUG] train_step 8000: policy_update done
[step 08050] value_loss=0.044536 policy_loss=-0.045811
[step 08050] VALUE_DEBUG: target(mean=4.16 std=1.57 min=1.84 max=7.50) V(s)(mean=4.21 std=1.59) reward(mean=0.962 std=0.283) clip=50.0
[DEBUG] train_step 8050: starting episode collection
[DEBUG] train_step 8050: episodes collected, starting value_update
[DEBUG] train_step 8050: value_update done, starting policy_update
[DEBUG] train_step 8050: policy_update done
[step 08100] value_loss=2.274435 policy_loss=0.247974
[step 08100] VALUE_DEBUG: target(mean=4.62 std=2.42 min=1.84 max=15.82) V(s)(mean=4.31 std=1.50) reward(mean=1.247 std=1.579) clip=50.0
[step 08100] eval_success_rate=1.000 eval_mean_score=16.000 eval_policy_mode=greedy [solved=50/50, score_range=16.00-16.00/16.0, initial=9.00]
[step 08100] PROGRESS: filled=16.00 violations=0.00 zero_cand=0.00
[step 08100] DEBUG: ep_len=7.2 ep_ret=7.125 stop_prob=0.000 score_chg=7.0400
[DEBUG] train_step 8100: starting episode collection
[DEBUG] train_step 8100: episodes collected, starting value_update
[DEBUG] train_step 8100: value_update done, starting policy_update
[DEBUG] train_step 8100: policy_update done
[step 08150] value_loss=0.151381 policy_loss=-0.172974
[step 08150] VALUE_DEBUG: target(mean=4.65 std=2.15 min=1.84 max=14.16) V(s)(mean=4.65 std=1.94) reward(mean=0.967 std=0.282) clip=50.0
[DEBUG] train_step 8150: starting episode collection
[DEBUG] train_step 8150: episodes collected, starting value_update
[DEBUG] train_step 8150: value_update done, starting policy_update
[DEBUG] train_step 8150: policy_update done
[step 08200] value_loss=0.031903 policy_loss=0.066249
[step 08200] VALUE_DEBUG: target(mean=4.50 std=1.43 min=1.84 max=7.39) V(s)(mean=4.53 std=1.44) reward(mean=0.905 std=0.169) clip=50.0
[step 08200] eval_success_rate=0.960 eval_mean_score=15.240 eval_policy_mode=greedy [solved=48/50, score_range=-3.00-16.00/16.0, initial=9.00]
[step 08200] PROGRESS: filled=15.84 violations=0.00 zero_cand=0.12
[step 08200] DEBUG: ep_len=7.1 ep_ret=7.039 stop_prob=0.000 score_chg=6.9925
[DEBUG] train_step 8200: starting episode collection
[DEBUG] train_step 8200: episodes collected, starting value_update
[DEBUG] train_step 8200: value_update done, starting policy_update
[DEBUG] train_step 8200: policy_update done
[step 08250] value_loss=0.050418 policy_loss=0.058173
[step 08250] VALUE_DEBUG: target(mean=4.02 std=2.08 min=1.84 max=12.42) V(s)(mean=4.05 std=2.13) reward(mean=1.333 std=1.581) clip=50.0
[DEBUG] train_step 8250: starting episode collection
[DEBUG] train_step 8250: episodes collected, starting value_update
[DEBUG] train_step 8250: value_update done, starting policy_update
[DEBUG] train_step 8250: policy_update done
[step 08300] value_loss=0.081240 policy_loss=0.010117
[step 08300] VALUE_DEBUG: target(mean=4.47 std=1.86 min=1.84 max=10.34) V(s)(mean=4.50 std=1.80) reward(mean=0.692 std=1.768) clip=50.0
[step 08300] eval_success_rate=1.000 eval_mean_score=16.000 eval_policy_mode=greedy [solved=50/50, score_range=16.00-16.00/16.0, initial=9.00]
[step 08300] PROGRESS: filled=16.00 violations=0.00 zero_cand=0.00
[step 08300] DEBUG: ep_len=7.1 ep_ret=7.077 stop_prob=0.000 score_chg=6.9825
[DEBUG] train_step 8300: starting episode collection
[DEBUG] train_step 8300: episodes collected, starting value_update
[DEBUG] train_step 8300: value_update done, starting policy_update
[DEBUG] train_step 8300: policy_update done
[step 08350] value_loss=0.203402 policy_loss=0.118760
[step 08350] VALUE_DEBUG: target(mean=3.90 std=1.72 min=1.84 max=7.69) V(s)(mean=3.79 std=1.55) reward(mean=0.651 std=1.943) clip=50.0
[DEBUG] train_step 8350: starting episode collection
[DEBUG] train_step 8350: episodes collected, starting value_update
[DEBUG] train_step 8350: value_update done, starting policy_update
[DEBUG] train_step 8350: policy_update done
[step 08400] value_loss=4.393960 policy_loss=-0.019408
[step 08400] VALUE_DEBUG: target(mean=4.56 std=2.84 min=-0.78 max=15.80) V(s)(mean=4.59 std=1.71) reward(mean=0.630 std=3.060) clip=50.0
[step 08400] eval_success_rate=1.000 eval_mean_score=16.000 eval_policy_mode=greedy [solved=50/50, score_range=16.00-16.00/16.0, initial=9.00]
[step 08400] PROGRESS: filled=16.00 violations=0.00 zero_cand=0.00
[step 08400] DEBUG: ep_len=7.1 ep_ret=7.095 stop_prob=0.000 score_chg=7.0075
[DEBUG] train_step 8400: starting episode collection
[DEBUG] train_step 8400: episodes collected, starting value_update
[DEBUG] train_step 8400: value_update done, starting policy_update
[DEBUG] train_step 8400: policy_update done
[step 08450] value_loss=0.029413 policy_loss=-0.023091
[step 08450] VALUE_DEBUG: target(mean=4.59 std=1.69 min=1.84 max=7.59) V(s)(mean=4.64 std=1.71) reward(mean=0.968 std=0.281) clip=50.0
[DEBUG] train_step 8450: starting episode collection
[DEBUG] train_step 8450: episodes collected, starting value_update
[DEBUG] train_step 8450: value_update done, starting policy_update
[DEBUG] train_step 8450: policy_update done
[step 08500] value_loss=0.567897 policy_loss=-0.007660
[step 08500] VALUE_DEBUG: target(mean=5.12 std=2.36 min=1.84 max=14.78) V(s)(mean=4.90 std=1.89) reward(mean=1.252 std=1.577) clip=50.0
[step 08500] eval_success_rate=1.000 eval_mean_score=16.000 eval_policy_mode=greedy [solved=50/50, score_range=16.00-16.00/16.0, initial=9.00]
[step 08500] PROGRESS: filled=16.00 violations=0.00 zero_cand=0.00
[step 08500] DEBUG: ep_len=7.1 ep_ret=7.073 stop_prob=0.000 score_chg=7.0300
[DEBUG] train_step 8500: starting episode collection
[DEBUG] train_step 8500: episodes collected, starting value_update
[DEBUG] train_step 8500: value_update done, starting policy_update
[DEBUG] train_step 8500: policy_update done
[step 08550] value_loss=0.115295 policy_loss=-0.016072
[step 08550] VALUE_DEBUG: target(mean=4.98 std=3.18 min=0.33 max=15.44) V(s)(mean=4.93 std=3.09) reward(mean=1.498 std=3.325) clip=50.0
[DEBUG] train_step 8550: starting episode collection
[DEBUG] train_step 8550: episodes collected, starting value_update
[DEBUG] train_step 8550: value_update done, starting policy_update
[DEBUG] train_step 8550: policy_update done
[step 08600] value_loss=0.038440 policy_loss=0.010617
[step 08600] VALUE_DEBUG: target(mean=3.89 std=1.61 min=1.84 max=7.44) V(s)(mean=4.00 std=1.63) reward(mean=1.053 std=0.379) clip=50.0
[step 08600] eval_success_rate=1.000 eval_mean_score=16.000 eval_policy_mode=greedy [solved=50/50, score_range=16.00-16.00/16.0, initial=9.00]
[step 08600] PROGRESS: filled=16.00 violations=0.00 zero_cand=0.00
[step 08600] DEBUG: ep_len=7.1 ep_ret=7.108 stop_prob=0.000 score_chg=7.0175
[DEBUG] train_step 8600: starting episode collection
[DEBUG] train_step 8600: episodes collected, starting value_update
[DEBUG] train_step 8600: value_update done, starting policy_update
[DEBUG] train_step 8600: policy_update done
[step 08650] value_loss=0.025566 policy_loss=0.161646
[step 08650] VALUE_DEBUG: target(mean=4.23 std=1.53 min=1.84 max=7.60) V(s)(mean=4.24 std=1.46) reward(mean=0.932 std=0.235) clip=50.0
[DEBUG] train_step 8650: starting episode collection
[DEBUG] train_step 8650: episodes collected, starting value_update
[DEBUG] train_step 8650: value_update done, starting policy_update
[DEBUG] train_step 8650: policy_update done
[step 08700] value_loss=0.028922 policy_loss=-0.023797
[step 08700] VALUE_DEBUG: target(mean=4.69 std=2.32 min=1.84 max=13.68) V(s)(mean=4.69 std=2.36) reward(mean=1.000 std=0.318) clip=50.0
[step 08700] eval_success_rate=1.000 eval_mean_score=16.000 eval_policy_mode=greedy [solved=50/50, score_range=16.00-16.00/16.0, initial=9.00]
[step 08700] PROGRESS: filled=16.00 violations=0.00 zero_cand=0.00
[step 08700] DEBUG: ep_len=7.1 ep_ret=7.045 stop_prob=0.000 score_chg=6.9500
[DEBUG] train_step 8700: starting episode collection
[DEBUG] train_step 8700: episodes collected, starting value_update
[DEBUG] train_step 8700: value_update done, starting policy_update
[DEBUG] train_step 8700: policy_update done
[step 08750] value_loss=0.812181 policy_loss=-0.028927
[step 08750] VALUE_DEBUG: target(mean=4.76 std=2.17 min=1.84 max=13.40) V(s)(mean=4.79 std=1.65) reward(mean=1.249 std=1.575) clip=50.0
[DEBUG] train_step 8750: starting episode collection
[DEBUG] train_step 8750: episodes collected, starting value_update
[DEBUG] train_step 8750: value_update done, starting policy_update
[DEBUG] train_step 8750: policy_update done
[step 08800] value_loss=3.542064 policy_loss=0.230585
[step 08800] VALUE_DEBUG: target(mean=4.67 std=2.27 min=1.35 max=12.53) V(s)(mean=4.95 std=2.51) reward(mean=0.938 std=2.524) clip=50.0
[step 08800] eval_success_rate=1.000 eval_mean_score=16.000 eval_policy_mode=greedy [solved=50/50, score_range=16.00-16.00/16.0, initial=9.00]
[step 08800] PROGRESS: filled=16.00 violations=0.00 zero_cand=0.00
[step 08800] DEBUG: ep_len=7.2 ep_ret=7.041 stop_prob=0.000 score_chg=6.9975
[DEBUG] train_step 8800: starting episode collection
[DEBUG] train_step 8800: episodes collected, starting value_update
[DEBUG] train_step 8800: value_update done, starting policy_update
[DEBUG] train_step 8800: policy_update done
[step 08850] value_loss=0.015540 policy_loss=-0.076589
[step 08850] VALUE_DEBUG: target(mean=4.18 std=1.46 min=1.84 max=6.84) V(s)(mean=4.18 std=1.48) reward(mean=0.963 std=0.283) clip=50.0
[DEBUG] train_step 8850: starting episode collection
[DEBUG] train_step 8850: episodes collected, starting value_update
[DEBUG] train_step 8850: value_update done, starting policy_update
[DEBUG] train_step 8850: policy_update done
[step 08900] value_loss=2.891484 policy_loss=0.216718
[step 08900] VALUE_DEBUG: target(mean=4.49 std=2.77 min=-3.46 max=14.67) V(s)(mean=4.54 std=1.83) reward(mean=0.907 std=2.516) clip=50.0
[step 08900] eval_success_rate=1.000 eval_mean_score=16.000 eval_policy_mode=greedy [solved=50/50, score_range=16.00-16.00/16.0, initial=9.00]
[step 08900] PROGRESS: filled=16.00 violations=0.00 zero_cand=0.00
[step 08900] DEBUG: ep_len=7.2 ep_ret=7.068 stop_prob=0.000 score_chg=7.0225
[DEBUG] train_step 8900: starting episode collection
[DEBUG] train_step 8900: episodes collected, starting value_update
[DEBUG] train_step 8900: value_update done, starting policy_update
[DEBUG] train_step 8900: policy_update done
[step 08950] value_loss=0.102659 policy_loss=0.017739
[step 08950] VALUE_DEBUG: target(mean=4.22 std=1.66 min=1.84 max=6.94) V(s)(mean=4.19 std=1.66) reward(mean=0.748 std=1.794) clip=50.0
[DEBUG] train_step 8950: starting episode collection
[DEBUG] train_step 8950: episodes collected, starting value_update
[DEBUG] train_step 8950: value_update done, starting policy_update
[DEBUG] train_step 8950: policy_update done
[step 09000] value_loss=0.026306 policy_loss=-0.148903
[step 09000] VALUE_DEBUG: target(mean=4.41 std=1.81 min=1.84 max=7.04) V(s)(mean=4.42 std=1.79) reward(mean=1.028 std=0.350) clip=50.0
[step 09000] eval_success_rate=0.980 eval_mean_score=15.900 eval_policy_mode=greedy [solved=49/50, score_range=11.00-16.00/16.0, initial=9.00]
[step 09000] PROGRESS: filled=15.90 violations=0.00 zero_cand=0.00
[step 09000] DEBUG: ep_len=7.1 ep_ret=6.995 stop_prob=0.000 score_chg=6.9475
[Checkpoint] Saved to checkpoints/rl_sudoku-4x4-easy_6to8empties_seed4/rl_checkpoint_step_9000.pt
[DEBUG] train_step 9000: starting episode collection
[DEBUG] train_step 9000: episodes collected, starting value_update
[DEBUG] train_step 9000: value_update done, starting policy_update
[DEBUG] train_step 9000: policy_update done
[step 09050] value_loss=0.042745 policy_loss=-0.022198
[step 09050] VALUE_DEBUG: target(mean=4.97 std=1.54 min=1.84 max=7.53) V(s)(mean=5.06 std=1.64) reward(mean=0.942 std=0.233) clip=50.0
[DEBUG] train_step 9050: starting episode collection
[DEBUG] train_step 9050: episodes collected, starting value_update
[DEBUG] train_step 9050: value_update done, starting policy_update
[DEBUG] train_step 9050: policy_update done
[step 09100] value_loss=0.030524 policy_loss=-0.045788
[step 09100] VALUE_DEBUG: target(mean=4.16 std=1.60 min=1.84 max=7.07) V(s)(mean=4.13 std=1.60) reward(mean=1.025 std=0.351) clip=50.0
[step 09100] eval_success_rate=0.960 eval_mean_score=15.620 eval_policy_mode=greedy [solved=48/50, score_range=2.00-16.00/16.0, initial=9.00]
[step 09100] PROGRESS: filled=15.82 violations=0.00 zero_cand=0.04
[step 09100] DEBUG: ep_len=7.3 ep_ret=7.015 stop_prob=0.000 score_chg=6.9800
[DEBUG] train_step 9100: starting episode collection
[DEBUG] train_step 9100: episodes collected, starting value_update
[DEBUG] train_step 9100: value_update done, starting policy_update
[DEBUG] train_step 9100: policy_update done
[step 09150] value_loss=2.628496 policy_loss=-0.154629
[step 09150] VALUE_DEBUG: target(mean=4.73 std=2.79 min=1.84 max=12.98) V(s)(mean=4.38 std=2.39) reward(mean=1.682 std=2.154) clip=50.0
[DEBUG] train_step 9150: starting episode collection
[DEBUG] train_step 9150: episodes collected, starting value_update
[DEBUG] train_step 9150: value_update done, starting policy_update
[DEBUG] train_step 9150: policy_update done
[step 09200] value_loss=0.090408 policy_loss=-0.004521
[step 09200] VALUE_DEBUG: target(mean=4.24 std=2.04 min=1.84 max=12.16) V(s)(mean=4.23 std=1.88) reward(mean=1.303 std=1.576) clip=50.0
[step 09200] eval_success_rate=0.980 eval_mean_score=15.900 eval_policy_mode=greedy [solved=49/50, score_range=11.00-16.00/16.0, initial=9.00]
[step 09200] PROGRESS: filled=15.90 violations=0.00 zero_cand=0.00
[step 09200] DEBUG: ep_len=7.4 ep_ret=6.724 stop_prob=0.000 score_chg=6.9075
[DEBUG] train_step 9200: starting episode collection
[DEBUG] train_step 9200: episodes collected, starting value_update
[DEBUG] train_step 9200: value_update done, starting policy_update
[DEBUG] train_step 9200: policy_update done
[step 09250] value_loss=4.483830 policy_loss=-0.040629
[step 09250] VALUE_DEBUG: target(mean=4.57 std=2.85 min=-4.43 max=14.10) V(s)(mean=4.51 std=1.62) reward(mean=0.941 std=2.513) clip=50.0
[DEBUG] train_step 9250: starting episode collection
[DEBUG] train_step 9250: episodes collected, starting value_update
[DEBUG] train_step 9250: value_update done, starting policy_update
[DEBUG] train_step 9250: policy_update done
[step 09300] value_loss=0.820796 policy_loss=0.112433
[step 09300] VALUE_DEBUG: target(mean=4.55 std=2.57 min=1.84 max=15.88) V(s)(mean=4.44 std=1.96) reward(mean=1.338 std=1.583) clip=50.0
[step 09300] eval_success_rate=0.980 eval_mean_score=15.900 eval_policy_mode=greedy [solved=49/50, score_range=11.00-16.00/16.0, initial=9.00]
[step 09300] PROGRESS: filled=15.90 violations=0.00 zero_cand=0.00
[step 09300] DEBUG: ep_len=7.5 ep_ret=6.218 stop_prob=0.000 score_chg=6.7975
[DEBUG] train_step 9300: starting episode collection
[DEBUG] train_step 9300: episodes collected, starting value_update
[DEBUG] train_step 9300: value_update done, starting policy_update
[DEBUG] train_step 9300: policy_update done
[step 09350] value_loss=1.920462 policy_loss=0.121558
[step 09350] VALUE_DEBUG: target(mean=4.81 std=2.71 min=1.84 max=15.90) V(s)(mean=4.51 std=1.94) reward(mean=1.279 std=1.581) clip=50.0
[DEBUG] train_step 9350: starting episode collection
[DEBUG] train_step 9350: episodes collected, starting value_update
[DEBUG] train_step 9350: value_update done, starting policy_update
[DEBUG] train_step 9350: policy_update done
[step 09400] value_loss=0.044114 policy_loss=0.301875
[step 09400] VALUE_DEBUG: target(mean=4.44 std=1.57 min=1.84 max=6.83) V(s)(mean=4.50 std=1.57) reward(mean=0.997 std=0.319) clip=50.0
[step 09400] eval_success_rate=0.960 eval_mean_score=15.580 eval_policy_mode=greedy [solved=48/50, score_range=0.00-16.00/16.0, initial=9.00]
[step 09400] PROGRESS: filled=15.78 violations=0.00 zero_cand=0.04
[step 09400] DEBUG: ep_len=7.4 ep_ret=6.505 stop_prob=0.000 score_chg=6.8625
[DEBUG] train_step 9400: starting episode collection
[DEBUG] train_step 9400: episodes collected, starting value_update
[DEBUG] train_step 9400: value_update done, starting policy_update
[DEBUG] train_step 9400: policy_update done
[step 09450] value_loss=1.182269 policy_loss=-0.005865
[step 09450] VALUE_DEBUG: target(mean=4.76 std=2.44 min=1.84 max=14.40) V(s)(mean=4.49 std=1.85) reward(mean=1.279 std=1.577) clip=50.0
[DEBUG] train_step 9450: starting episode collection
[DEBUG] train_step 9450: episodes collected, starting value_update
[DEBUG] train_step 9450: value_update done, starting policy_update
[DEBUG] train_step 9450: policy_update done
[step 09500] value_loss=2.577988 policy_loss=0.058502
[step 09500] VALUE_DEBUG: target(mean=4.11 std=2.22 min=-3.66 max=7.37) V(s)(mean=4.42 std=1.71) reward(mean=0.718 std=1.784) clip=50.0
[step 09500] eval_success_rate=0.960 eval_mean_score=15.760 eval_policy_mode=greedy [solved=48/50, score_range=9.00-16.00/16.0, initial=9.00]
[step 09500] PROGRESS: filled=15.76 violations=0.00 zero_cand=0.00
[step 09500] DEBUG: ep_len=7.5 ep_ret=6.045 stop_prob=0.000 score_chg=6.7025
[DEBUG] train_step 9500: starting episode collection
[DEBUG] train_step 9500: episodes collected, starting value_update
[DEBUG] train_step 9500: value_update done, starting policy_update
[DEBUG] train_step 9500: policy_update done
[step 09550] value_loss=0.032261 policy_loss=-0.044163
[step 09550] VALUE_DEBUG: target(mean=4.79 std=1.67 min=1.84 max=7.65) V(s)(mean=4.69 std=1.64) reward(mean=0.971 std=0.280) clip=50.0
[DEBUG] train_step 9550: starting episode collection
[DEBUG] train_step 9550: episodes collected, starting value_update
[DEBUG] train_step 9550: value_update done, starting policy_update
[DEBUG] train_step 9550: policy_update done
[step 09600] value_loss=0.145839 policy_loss=-0.033250
[step 09600] VALUE_DEBUG: target(mean=4.09 std=1.66 min=1.84 max=7.63) V(s)(mean=4.00 std=1.63) reward(mean=0.715 std=1.781) clip=50.0
[step 09600] eval_success_rate=0.980 eval_mean_score=15.740 eval_policy_mode=greedy [solved=49/50, score_range=3.00-16.00/16.0, initial=9.00]
[step 09600] PROGRESS: filled=15.94 violations=0.00 zero_cand=0.04
[step 09600] DEBUG: ep_len=7.4 ep_ret=6.508 stop_prob=0.000 score_chg=6.8175
[DEBUG] train_step 9600: starting episode collection
[DEBUG] train_step 9600: episodes collected, starting value_update
[DEBUG] train_step 9600: value_update done, starting policy_update
[DEBUG] train_step 9600: policy_update done
[step 09650] value_loss=2.234212 policy_loss=0.102185
[step 09650] VALUE_DEBUG: target(mean=4.61 std=3.27 min=1.84 max=19.86) V(s)(mean=4.36 std=2.19) reward(mean=1.524 std=2.433) clip=50.0
[DEBUG] train_step 9650: starting episode collection
[DEBUG] train_step 9650: episodes collected, starting value_update
[DEBUG] train_step 9650: value_update done, starting policy_update
[DEBUG] train_step 9650: policy_update done
[step 09700] value_loss=1.077770 policy_loss=-0.073775
[step 09700] VALUE_DEBUG: target(mean=5.00 std=2.27 min=1.84 max=13.78) V(s)(mean=4.90 std=1.79) reward(mean=1.282 std=1.576) clip=50.0
[step 09700] eval_success_rate=1.000 eval_mean_score=16.000 eval_policy_mode=greedy [solved=50/50, score_range=16.00-16.00/16.0, initial=9.00]
[step 09700] PROGRESS: filled=16.00 violations=0.00 zero_cand=0.00
[step 09700] DEBUG: ep_len=7.1 ep_ret=7.002 stop_prob=0.000 score_chg=6.9500
[DEBUG] train_step 9700: starting episode collection
[DEBUG] train_step 9700: episodes collected, starting value_update
[DEBUG] train_step 9700: value_update done, starting policy_update
[DEBUG] train_step 9700: policy_update done
[step 09750] value_loss=0.099000 policy_loss=0.103497
[step 09750] VALUE_DEBUG: target(mean=4.17 std=2.22 min=1.84 max=13.84) V(s)(mean=4.21 std=2.44) reward(mean=0.993 std=0.404) clip=50.0
[DEBUG] train_step 9750: starting episode collection
[DEBUG] train_step 9750: episodes collected, starting value_update
[DEBUG] train_step 9750: value_update done, starting policy_update
[DEBUG] train_step 9750: policy_update done
[step 09800] value_loss=0.025280 policy_loss=-0.097140
[step 09800] VALUE_DEBUG: target(mean=4.75 std=1.71 min=1.84 max=7.58) V(s)(mean=4.70 std=1.69) reward(mean=0.969 std=0.281) clip=50.0
[step 09800] eval_success_rate=1.000 eval_mean_score=16.000 eval_policy_mode=greedy [solved=50/50, score_range=16.00-16.00/16.0, initial=9.00]
[step 09800] PROGRESS: filled=16.00 violations=0.00 zero_cand=0.00
[step 09800] DEBUG: ep_len=7.1 ep_ret=7.104 stop_prob=0.000 score_chg=7.0150
[DEBUG] train_step 9800: starting episode collection
[DEBUG] train_step 9800: episodes collected, starting value_update
[DEBUG] train_step 9800: value_update done, starting policy_update
[DEBUG] train_step 9800: policy_update done
[step 09850] value_loss=0.017270 policy_loss=-0.221899
[step 09850] VALUE_DEBUG: target(mean=4.52 std=1.83 min=1.84 max=7.68) V(s)(mean=4.52 std=1.84) reward(mean=0.967 std=0.372) clip=50.0
[DEBUG] train_step 9850: starting episode collection
[DEBUG] train_step 9850: episodes collected, starting value_update
[DEBUG] train_step 9850: value_update done, starting policy_update
[DEBUG] train_step 9850: policy_update done
[step 09900] value_loss=0.023901 policy_loss=0.318754
[step 09900] VALUE_DEBUG: target(mean=4.73 std=1.67 min=1.84 max=7.45) V(s)(mean=4.72 std=1.68) reward(mean=0.939 std=0.234) clip=50.0
[step 09900] eval_success_rate=1.000 eval_mean_score=16.000 eval_policy_mode=greedy [solved=50/50, score_range=16.00-16.00/16.0, initial=9.00]
[step 09900] PROGRESS: filled=16.00 violations=0.00 zero_cand=0.00
[step 09900] DEBUG: ep_len=7.2 ep_ret=7.024 stop_prob=0.000 score_chg=6.9775
[DEBUG] train_step 9900: starting episode collection
[DEBUG] train_step 9900: episodes collected, starting value_update
[DEBUG] train_step 9900: value_update done, starting policy_update
[DEBUG] train_step 9900: policy_update done
[step 09950] value_loss=0.125443 policy_loss=-0.062557
[step 09950] VALUE_DEBUG: target(mean=3.99 std=1.46 min=1.84 max=7.53) V(s)(mean=4.19 std=1.46) reward(mean=0.620 std=1.934) clip=50.0
[DEBUG] train_step 9950: starting episode collection
[DEBUG] train_step 9950: episodes collected, starting value_update
[DEBUG] train_step 9950: value_update done, starting policy_update
[DEBUG] train_step 9950: policy_update done
[step 10000] value_loss=2.123259 policy_loss=-0.049917
[step 10000] VALUE_DEBUG: target(mean=5.14 std=3.14 min=0.45 max=19.05) V(s)(mean=4.95 std=2.12) reward(mean=0.727 std=3.699) clip=50.0
[step 10000] eval_success_rate=1.000 eval_mean_score=16.000 eval_policy_mode=greedy [solved=50/50, score_range=16.00-16.00/16.0, initial=9.00]
[step 10000] PROGRESS: filled=16.00 violations=0.00 zero_cand=0.00
[step 10000] DEBUG: ep_len=7.2 ep_ret=7.112 stop_prob=0.000 score_chg=7.0750
[Checkpoint] Saved to checkpoints/rl_sudoku-4x4-easy_6to8empties_seed4/rl_checkpoint_step_10000.pt
[DEBUG] train_step 10000: starting episode collection
[DEBUG] train_step 10000: episodes collected, starting value_update
[DEBUG] train_step 10000: value_update done, starting policy_update
[DEBUG] train_step 10000: policy_update done
[step 10050] value_loss=0.027474 policy_loss=-0.090763
[step 10050] VALUE_DEBUG: target(mean=4.46 std=1.43 min=1.84 max=7.00) V(s)(mean=4.44 std=1.42) reward(mean=0.934 std=0.234) clip=50.0
[DEBUG] train_step 10050: starting episode collection
[DEBUG] train_step 10050: episodes collected, starting value_update
[DEBUG] train_step 10050: value_update done, starting policy_update
[DEBUG] train_step 10050: policy_update done
[step 10100] value_loss=0.401602 policy_loss=-0.074549
[step 10100] VALUE_DEBUG: target(mean=5.55 std=3.43 min=1.84 max=14.83) V(s)(mean=5.29 std=3.22) reward(mean=1.781 std=2.616) clip=50.0
[step 10100] eval_success_rate=1.000 eval_mean_score=16.000 eval_policy_mode=greedy [solved=50/50, score_range=16.00-16.00/16.0, initial=9.00]
[step 10100] PROGRESS: filled=16.00 violations=0.00 zero_cand=0.00
[step 10100] DEBUG: ep_len=7.1 ep_ret=7.054 stop_prob=0.000 score_chg=6.9625
[DEBUG] train_step 10100: starting episode collection
[DEBUG] train_step 10100: episodes collected, starting value_update
[DEBUG] train_step 10100: value_update done, starting policy_update
[DEBUG] train_step 10100: policy_update done
[step 10150] value_loss=0.012559 policy_loss=-0.184905
[step 10150] VALUE_DEBUG: target(mean=4.24 std=1.76 min=1.84 max=7.43) V(s)(mean=4.20 std=1.75) reward(mean=1.026 std=0.351) clip=50.0
[DEBUG] train_step 10150: starting episode collection
[DEBUG] train_step 10150: episodes collected, starting value_update
[DEBUG] train_step 10150: value_update done, starting policy_update
[DEBUG] train_step 10150: policy_update done
[step 10200] value_loss=0.140990 policy_loss=-0.026613
[step 10200] VALUE_DEBUG: target(mean=4.33 std=1.83 min=1.84 max=9.13) V(s)(mean=4.22 std=1.70) reward(mean=0.998 std=0.471) clip=50.0
[step 10200] eval_success_rate=1.000 eval_mean_score=16.000 eval_policy_mode=greedy [solved=50/50, score_range=16.00-16.00/16.0, initial=9.00]
[step 10200] PROGRESS: filled=16.00 violations=0.00 zero_cand=0.00
[step 10200] DEBUG: ep_len=7.1 ep_ret=7.094 stop_prob=0.000 score_chg=7.0025
[DEBUG] train_step 10200: starting episode collection
[DEBUG] train_step 10200: episodes collected, starting value_update
[DEBUG] train_step 10200: value_update done, starting policy_update
[DEBUG] train_step 10200: policy_update done
[step 10250] value_loss=0.172742 policy_loss=-0.062749
[step 10250] VALUE_DEBUG: target(mean=4.72 std=1.80 min=1.84 max=9.72) V(s)(mean=4.57 std=1.68) reward(mean=1.093 std=0.776) clip=50.0
[DEBUG] train_step 10250: starting episode collection
[DEBUG] train_step 10250: episodes collected, starting value_update
[DEBUG] train_step 10250: value_update done, starting policy_update
[DEBUG] train_step 10250: policy_update done
[step 10300] value_loss=0.021331 policy_loss=-0.056847
[step 10300] VALUE_DEBUG: target(mean=4.61 std=1.92 min=1.84 max=7.56) V(s)(mean=4.66 std=1.98) reward(mean=1.092 std=0.396) clip=50.0
[step 10300] eval_success_rate=1.000 eval_mean_score=16.000 eval_policy_mode=greedy [solved=50/50, score_range=16.00-16.00/16.0, initial=9.00]
[step 10300] PROGRESS: filled=16.00 violations=0.00 zero_cand=0.00
[step 10300] DEBUG: ep_len=7.1 ep_ret=7.072 stop_prob=0.000 score_chg=6.9800
[DEBUG] train_step 10300: starting episode collection
[DEBUG] train_step 10300: episodes collected, starting value_update
[DEBUG] train_step 10300: value_update done, starting policy_update
[DEBUG] train_step 10300: policy_update done
[step 10350] value_loss=2.839360 policy_loss=0.000814
[step 10350] VALUE_DEBUG: target(mean=3.98 std=2.41 min=-3.28 max=6.88) V(s)(mean=4.39 std=1.71) reward(mean=0.378 std=2.712) clip=50.0
[DEBUG] train_step 10350: starting episode collection
[DEBUG] train_step 10350: episodes collected, starting value_update
[DEBUG] train_step 10350: value_update done, starting policy_update
[DEBUG] train_step 10350: policy_update done
[step 10400] value_loss=0.016691 policy_loss=-0.115886
[step 10400] VALUE_DEBUG: target(mean=5.12 std=2.36 min=1.84 max=13.74) V(s)(mean=5.10 std=2.34) reward(mean=1.005 std=0.317) clip=50.0
[step 10400] eval_success_rate=1.000 eval_mean_score=16.000 eval_policy_mode=greedy [solved=50/50, score_range=16.00-16.00/16.0, initial=9.00]
[step 10400] PROGRESS: filled=16.00 violations=0.00 zero_cand=0.00
[step 10400] DEBUG: ep_len=7.1 ep_ret=7.083 stop_prob=0.000 score_chg=6.9925
[DEBUG] train_step 10400: starting episode collection
[DEBUG] train_step 10400: episodes collected, starting value_update
[DEBUG] train_step 10400: value_update done, starting policy_update
[DEBUG] train_step 10400: policy_update done
[step 10450] value_loss=0.025399 policy_loss=0.406362
[step 10450] VALUE_DEBUG: target(mean=4.62 std=1.41 min=1.84 max=6.89) V(s)(mean=4.61 std=1.40) reward(mean=0.937 std=0.234) clip=50.0
[DEBUG] train_step 10450: starting episode collection
[DEBUG] train_step 10450: episodes collected, starting value_update
[DEBUG] train_step 10450: value_update done, starting policy_update
[DEBUG] train_step 10450: policy_update done
[step 10500] value_loss=0.483131 policy_loss=-0.031112
[step 10500] VALUE_DEBUG: target(mean=4.88 std=2.23 min=1.84 max=14.07) V(s)(mean=4.84 std=1.92) reward(mean=1.187 std=1.589) clip=50.0
[step 10500] eval_success_rate=1.000 eval_mean_score=16.000 eval_policy_mode=greedy [solved=50/50, score_range=16.00-16.00/16.0, initial=9.00]
[step 10500] PROGRESS: filled=16.00 violations=0.00 zero_cand=0.00
[step 10500] DEBUG: ep_len=7.1 ep_ret=6.992 stop_prob=0.000 score_chg=6.9400
[DEBUG] train_step 10500: starting episode collection
[DEBUG] train_step 10500: episodes collected, starting value_update
[DEBUG] train_step 10500: value_update done, starting policy_update
[DEBUG] train_step 10500: policy_update done
[step 10550] value_loss=0.169318 policy_loss=-0.023976
[step 10550] VALUE_DEBUG: target(mean=4.04 std=1.71 min=1.84 max=7.76) V(s)(mean=4.09 std=1.79) reward(mean=0.870 std=0.944) clip=50.0
[DEBUG] train_step 10550: starting episode collection
[DEBUG] train_step 10550: episodes collected, starting value_update
[DEBUG] train_step 10550: value_update done, starting policy_update
[DEBUG] train_step 10550: policy_update done
[step 10600] value_loss=0.117420 policy_loss=-0.068230
[step 10600] VALUE_DEBUG: target(mean=4.55 std=2.38 min=1.84 max=14.11) V(s)(mean=4.50 std=2.16) reward(mean=1.250 std=1.610) clip=50.0
[step 10600] eval_success_rate=1.000 eval_mean_score=16.000 eval_policy_mode=greedy [solved=50/50, score_range=16.00-16.00/16.0, initial=9.00]
[step 10600] PROGRESS: filled=16.00 violations=0.00 zero_cand=0.00
[step 10600] DEBUG: ep_len=7.1 ep_ret=7.107 stop_prob=0.000 score_chg=7.0175
[DEBUG] train_step 10600: starting episode collection
[DEBUG] train_step 10600: episodes collected, starting value_update
[DEBUG] train_step 10600: value_update done, starting policy_update
[DEBUG] train_step 10600: policy_update done
[step 10650] value_loss=0.047014 policy_loss=-0.077057
[step 10650] VALUE_DEBUG: target(mean=4.00 std=1.62 min=1.84 max=6.98) V(s)(mean=4.01 std=1.66) reward(mean=0.993 std=0.401) clip=50.0
[DEBUG] train_step 10650: starting episode collection
[DEBUG] train_step 10650: episodes collected, starting value_update
[DEBUG] train_step 10650: value_update done, starting policy_update
[DEBUG] train_step 10650: policy_update done
[step 10700] value_loss=0.049389 policy_loss=-0.044915
[step 10700] VALUE_DEBUG: target(mean=4.50 std=1.72 min=1.84 max=7.57) V(s)(mean=4.54 std=1.70) reward(mean=0.688 std=1.956) clip=50.0
[step 10700] eval_success_rate=1.000 eval_mean_score=16.000 eval_policy_mode=greedy [solved=50/50, score_range=16.00-16.00/16.0, initial=9.00]
[step 10700] PROGRESS: filled=16.00 violations=0.00 zero_cand=0.00
[step 10700] DEBUG: ep_len=7.1 ep_ret=6.991 stop_prob=0.000 score_chg=6.9400
[DEBUG] train_step 10700: starting episode collection
[DEBUG] train_step 10700: episodes collected, starting value_update
[DEBUG] train_step 10700: value_update done, starting policy_update
[DEBUG] train_step 10700: policy_update done
[step 10750] value_loss=0.249436 policy_loss=-0.082019
[step 10750] VALUE_DEBUG: target(mean=4.06 std=1.73 min=-0.98 max=6.74) V(s)(mean=4.28 std=1.55) reward(mean=0.560 std=1.911) clip=50.0
[DEBUG] train_step 10750: starting episode collection
[DEBUG] train_step 10750: episodes collected, starting value_update
[DEBUG] train_step 10750: value_update done, starting policy_update
[DEBUG] train_step 10750: policy_update done
[step 10800] value_loss=1.554191 policy_loss=-0.029529
[step 10800] VALUE_DEBUG: target(mean=4.38 std=2.87 min=1.84 max=16.42) V(s)(mean=4.26 std=2.25) reward(mean=1.491 std=1.698) clip=50.0
[step 10800] eval_success_rate=1.000 eval_mean_score=16.000 eval_policy_mode=greedy [solved=50/50, score_range=16.00-16.00/16.0, initial=9.00]
[step 10800] PROGRESS: filled=16.00 violations=0.00 zero_cand=0.00
[step 10800] DEBUG: ep_len=7.2 ep_ret=7.146 stop_prob=0.000 score_chg=7.0625
[DEBUG] train_step 10800: starting episode collection
[DEBUG] train_step 10800: episodes collected, starting value_update
[DEBUG] train_step 10800: value_update done, starting policy_update
[DEBUG] train_step 10800: policy_update done
[step 10850] value_loss=23.794773 policy_loss=-0.072597
[step 10850] VALUE_DEBUG: target(mean=3.68 std=5.55 min=-26.04 max=7.53) V(s)(mean=4.58 std=1.62) reward(mean=0.095 std=4.700) clip=50.0
[DEBUG] train_step 10850: starting episode collection
[DEBUG] train_step 10850: episodes collected, starting value_update
[DEBUG] train_step 10850: value_update done, starting policy_update
[DEBUG] train_step 10850: policy_update done
[step 10900] value_loss=1.815382 policy_loss=0.026369
[step 10900] VALUE_DEBUG: target(mean=4.64 std=3.16 min=-0.20 max=15.09) V(s)(mean=4.54 std=3.02) reward(mean=1.278 std=2.969) clip=50.0
[step 10900] eval_success_rate=1.000 eval_mean_score=16.000 eval_policy_mode=greedy [solved=50/50, score_range=16.00-16.00/16.0, initial=9.00]
[step 10900] PROGRESS: filled=16.00 violations=0.00 zero_cand=0.00
[step 10900] DEBUG: ep_len=7.0 ep_ret=7.064 stop_prob=0.000 score_chg=6.9700
[DEBUG] train_step 10900: starting episode collection
[DEBUG] train_step 10900: episodes collected, starting value_update
[DEBUG] train_step 10900: value_update done, starting policy_update
[DEBUG] train_step 10900: policy_update done
[step 10950] value_loss=0.081234 policy_loss=-0.006194
[step 10950] VALUE_DEBUG: target(mean=4.41 std=2.30 min=1.84 max=13.25) V(s)(mean=4.45 std=2.18) reward(mean=1.274 std=1.577) clip=50.0
[DEBUG] train_step 10950: starting episode collection
[DEBUG] train_step 10950: episodes collected, starting value_update
[DEBUG] train_step 10950: value_update done, starting policy_update
[DEBUG] train_step 10950: policy_update done
[step 11000] value_loss=0.065295 policy_loss=-0.185974
[step 11000] VALUE_DEBUG: target(mean=4.19 std=1.81 min=1.84 max=7.45) V(s)(mean=4.18 std=1.83) reward(mean=0.747 std=1.789) clip=50.0
[step 11000] eval_success_rate=1.000 eval_mean_score=16.000 eval_policy_mode=greedy [solved=50/50, score_range=16.00-16.00/16.0, initial=9.00]
[step 11000] PROGRESS: filled=16.00 violations=0.00 zero_cand=0.00
[step 11000] DEBUG: ep_len=7.0 ep_ret=7.041 stop_prob=0.000 score_chg=6.9450
[Checkpoint] Saved to checkpoints/rl_sudoku-4x4-easy_6to8empties_seed4/rl_checkpoint_step_11000.pt
[DEBUG] train_step 11000: starting episode collection
[DEBUG] train_step 11000: episodes collected, starting value_update
[DEBUG] train_step 11000: value_update done, starting policy_update
[DEBUG] train_step 11000: policy_update done
[step 11050] value_loss=0.833681 policy_loss=-0.100950
[step 11050] VALUE_DEBUG: target(mean=4.41 std=2.77 min=1.84 max=14.03) V(s)(mean=4.65 std=3.05) reward(mean=1.369 std=2.380) clip=50.0
[DEBUG] train_step 11050: starting episode collection
[DEBUG] train_step 11050: episodes collected, starting value_update
[DEBUG] train_step 11050: value_update done, starting policy_update
[DEBUG] train_step 11050: policy_update done
[step 11100] value_loss=0.030722 policy_loss=-0.076466
[step 11100] VALUE_DEBUG: target(mean=4.98 std=1.99 min=1.84 max=10.77) V(s)(mean=5.01 std=1.93) reward(mean=0.972 std=0.280) clip=50.0
[step 11100] eval_success_rate=1.000 eval_mean_score=16.000 eval_policy_mode=greedy [solved=50/50, score_range=16.00-16.00/16.0, initial=9.00]
[step 11100] PROGRESS: filled=16.00 violations=0.00 zero_cand=0.00
[step 11100] DEBUG: ep_len=7.0 ep_ret=7.062 stop_prob=0.000 score_chg=6.9675
[DEBUG] train_step 11100: starting episode collection
[DEBUG] train_step 11100: episodes collected, starting value_update
[DEBUG] train_step 11100: value_update done, starting policy_update
[DEBUG] train_step 11100: policy_update done
[step 11150] value_loss=0.209924 policy_loss=-0.046894
[step 11150] VALUE_DEBUG: target(mean=5.05 std=2.36 min=1.84 max=13.57) V(s)(mean=5.10 std=2.69) reward(mean=0.634 std=1.916) clip=50.0
[DEBUG] train_step 11150: starting episode collection
[DEBUG] train_step 11150: episodes collected, starting value_update
[DEBUG] train_step 11150: value_update done, starting policy_update
[DEBUG] train_step 11150: policy_update done
[step 11200] value_loss=0.024143 policy_loss=-0.024080
[step 11200] VALUE_DEBUG: target(mean=4.33 std=1.56 min=1.84 max=6.91) V(s)(mean=4.38 std=1.57) reward(mean=0.902 std=0.297) clip=50.0
[step 11200] eval_success_rate=1.000 eval_mean_score=16.000 eval_policy_mode=greedy [solved=50/50, score_range=16.00-16.00/16.0, initial=9.00]
[step 11200] PROGRESS: filled=16.00 violations=0.00 zero_cand=0.00
[step 11200] DEBUG: ep_len=7.0 ep_ret=7.065 stop_prob=0.000 score_chg=6.9725
[DEBUG] train_step 11200: starting episode collection
[DEBUG] train_step 11200: episodes collected, starting value_update
[DEBUG] train_step 11200: value_update done, starting policy_update
[DEBUG] train_step 11200: policy_update done
[step 11250] value_loss=0.026633 policy_loss=-0.052201
[step 11250] VALUE_DEBUG: target(mean=4.32 std=1.54 min=1.84 max=6.91) V(s)(mean=4.33 std=1.50) reward(mean=0.933 std=0.339) clip=50.0
[DEBUG] train_step 11250: starting episode collection
[DEBUG] train_step 11250: episodes collected, starting value_update
[DEBUG] train_step 11250: value_update done, starting policy_update
[DEBUG] train_step 11250: policy_update done
[step 11300] value_loss=0.613710 policy_loss=-0.103684
[step 11300] VALUE_DEBUG: target(mean=4.41 std=2.44 min=1.03 max=15.07) V(s)(mean=4.56 std=2.26) reward(mean=0.904 std=2.516) clip=50.0
[step 11300] eval_success_rate=1.000 eval_mean_score=16.000 eval_policy_mode=greedy [solved=50/50, score_range=16.00-16.00/16.0, initial=9.00]
[step 11300] PROGRESS: filled=16.00 violations=0.00 zero_cand=0.00
[step 11300] DEBUG: ep_len=7.1 ep_ret=7.142 stop_prob=0.000 score_chg=7.0575
[DEBUG] train_step 11300: starting episode collection
[DEBUG] train_step 11300: episodes collected, starting value_update
[DEBUG] train_step 11300: value_update done, starting policy_update
[DEBUG] train_step 11300: policy_update done
[step 11350] value_loss=0.022268 policy_loss=-0.054773
[step 11350] VALUE_DEBUG: target(mean=4.11 std=1.71 min=1.84 max=6.91) V(s)(mean=4.07 std=1.70) reward(mean=1.027 std=0.350) clip=50.0
[DEBUG] train_step 11350: starting episode collection
[DEBUG] train_step 11350: episodes collected, starting value_update
[DEBUG] train_step 11350: value_update done, starting policy_update
[DEBUG] train_step 11350: policy_update done
[step 11400] value_loss=0.034690 policy_loss=-0.066086
[step 11400] VALUE_DEBUG: target(mean=4.13 std=1.69 min=1.84 max=6.82) V(s)(mean=4.07 std=1.69) reward(mean=1.024 std=0.351) clip=50.0
[step 11400] eval_success_rate=1.000 eval_mean_score=16.000 eval_policy_mode=greedy [solved=50/50, score_range=16.00-16.00/16.0, initial=9.00]
[step 11400] PROGRESS: filled=16.00 violations=0.00 zero_cand=0.00
[step 11400] DEBUG: ep_len=7.1 ep_ret=7.027 stop_prob=0.000 score_chg=6.9775
[DEBUG] train_step 11400: starting episode collection
[DEBUG] train_step 11400: episodes collected, starting value_update
[DEBUG] train_step 11400: value_update done, starting policy_update
[DEBUG] train_step 11400: policy_update done
[step 11450] value_loss=0.022191 policy_loss=0.207124
[step 11450] VALUE_DEBUG: target(mean=4.59 std=1.72 min=1.84 max=7.61) V(s)(mean=4.56 std=1.69) reward(mean=0.967 std=0.281) clip=50.0
[DEBUG] train_step 11450: starting episode collection
[DEBUG] train_step 11450: episodes collected, starting value_update
[DEBUG] train_step 11450: value_update done, starting policy_update
[DEBUG] train_step 11450: policy_update done
[step 11500] value_loss=0.008518 policy_loss=-0.079760
[step 11500] VALUE_DEBUG: target(mean=4.30 std=1.75 min=1.84 max=6.80) V(s)(mean=4.30 std=1.76) reward(mean=1.089 std=0.398) clip=50.0
[step 11500] eval_success_rate=1.000 eval_mean_score=16.000 eval_policy_mode=greedy [solved=50/50, score_range=16.00-16.00/16.0, initial=9.00]
[step 11500] PROGRESS: filled=16.00 violations=0.00 zero_cand=0.00
[step 11500] DEBUG: ep_len=7.1 ep_ret=7.132 stop_prob=0.000 score_chg=7.0425
[DEBUG] train_step 11500: starting episode collection
[DEBUG] train_step 11500: episodes collected, starting value_update
[DEBUG] train_step 11500: value_update done, starting policy_update
[DEBUG] train_step 11500: policy_update done
[step 11550] value_loss=0.021271 policy_loss=-0.088764
[step 11550] VALUE_DEBUG: target(mean=4.71 std=1.80 min=1.84 max=7.75) V(s)(mean=4.62 std=1.77) reward(mean=0.968 std=0.281) clip=50.0
[DEBUG] train_step 11550: starting episode collection
[DEBUG] train_step 11550: episodes collected, starting value_update
[DEBUG] train_step 11550: value_update done, starting policy_update
[DEBUG] train_step 11550: policy_update done
[step 11600] value_loss=0.209906 policy_loss=-0.054732
[step 11600] VALUE_DEBUG: target(mean=4.51 std=2.68 min=1.84 max=13.01) V(s)(mean=4.40 std=2.49) reward(mean=0.935 std=0.979) clip=50.0
[step 11600] eval_success_rate=1.000 eval_mean_score=16.000 eval_policy_mode=greedy [solved=50/50, score_range=16.00-16.00/16.0, initial=9.00]
[step 11600] PROGRESS: filled=16.00 violations=0.00 zero_cand=0.00
[step 11600] DEBUG: ep_len=7.1 ep_ret=7.107 stop_prob=0.000 score_chg=7.0150
[DEBUG] train_step 11600: starting episode collection
[DEBUG] train_step 11600: episodes collected, starting value_update
[DEBUG] train_step 11600: value_update done, starting policy_update
[DEBUG] train_step 11600: policy_update done
[step 11650] value_loss=0.099028 policy_loss=0.008811
[step 11650] VALUE_DEBUG: target(mean=4.67 std=2.30 min=1.84 max=14.01) V(s)(mean=4.71 std=2.47) reward(mean=1.216 std=1.611) clip=50.0
[DEBUG] train_step 11650: starting episode collection
[DEBUG] train_step 11650: episodes collected, starting value_update
[DEBUG] train_step 11650: value_update done, starting policy_update
[DEBUG] train_step 11650: policy_update done
[step 11700] value_loss=0.017793 policy_loss=-0.055140
[step 11700] VALUE_DEBUG: target(mean=4.82 std=1.51 min=1.84 max=6.88) V(s)(mean=4.79 std=1.52) reward(mean=0.971 std=0.280) clip=50.0
[step 11700] eval_success_rate=1.000 eval_mean_score=16.000 eval_policy_mode=greedy [solved=50/50, score_range=16.00-16.00/16.0, initial=9.00]
[step 11700] PROGRESS: filled=16.00 violations=0.00 zero_cand=0.00
[step 11700] DEBUG: ep_len=7.0 ep_ret=7.062 stop_prob=0.000 score_chg=6.9675
[DEBUG] train_step 11700: starting episode collection
[DEBUG] train_step 11700: episodes collected, starting value_update
[DEBUG] train_step 11700: value_update done, starting policy_update
[DEBUG] train_step 11700: policy_update done
[step 11750] value_loss=0.022973 policy_loss=-0.041897
[step 11750] VALUE_DEBUG: target(mean=4.56 std=1.87 min=1.84 max=7.70) V(s)(mean=4.55 std=1.89) reward(mean=0.690 std=1.953) clip=50.0
[DEBUG] train_step 11750: starting episode collection
[DEBUG] train_step 11750: episodes collected, starting value_update
[DEBUG] train_step 11750: value_update done, starting policy_update
[DEBUG] train_step 11750: policy_update done
[step 11800] value_loss=0.062765 policy_loss=-0.037732
[step 11800] VALUE_DEBUG: target(mean=4.57 std=1.47 min=1.84 max=6.94) V(s)(mean=4.49 std=1.51) reward(mean=0.935 std=0.234) clip=50.0
[step 11800] eval_success_rate=1.000 eval_mean_score=16.000 eval_policy_mode=greedy [solved=50/50, score_range=16.00-16.00/16.0, initial=9.00]
[step 11800] PROGRESS: filled=16.00 violations=0.00 zero_cand=0.00
[step 11800] DEBUG: ep_len=7.1 ep_ret=7.093 stop_prob=0.000 score_chg=7.0000
[DEBUG] train_step 11800: starting episode collection
[DEBUG] train_step 11800: episodes collected, starting value_update
[DEBUG] train_step 11800: value_update done, starting policy_update
[DEBUG] train_step 11800: policy_update done
[step 11850] value_loss=0.017094 policy_loss=0.008604
[step 11850] VALUE_DEBUG: target(mean=4.10 std=1.56 min=1.84 max=7.70) V(s)(mean=4.08 std=1.56) reward(mean=0.961 std=0.283) clip=50.0
[DEBUG] train_step 11850: starting episode collection
[DEBUG] train_step 11850: episodes collected, starting value_update
[DEBUG] train_step 11850: value_update done, starting policy_update
[DEBUG] train_step 11850: policy_update done
[step 11900] value_loss=0.162659 policy_loss=-0.024026
[step 11900] VALUE_DEBUG: target(mean=4.53 std=2.15 min=1.84 max=12.81) V(s)(mean=4.66 std=2.30) reward(mean=0.874 std=2.524) clip=50.0
[step 11900] eval_success_rate=1.000 eval_mean_score=16.000 eval_policy_mode=greedy [solved=50/50, score_range=16.00-16.00/16.0, initial=9.00]
[step 11900] PROGRESS: filled=16.00 violations=0.00 zero_cand=0.00
[step 11900] DEBUG: ep_len=7.1 ep_ret=7.090 stop_prob=0.000 score_chg=7.0000
[DEBUG] train_step 11900: starting episode collection
[DEBUG] train_step 11900: episodes collected, starting value_update
[DEBUG] train_step 11900: value_update done, starting policy_update
[DEBUG] train_step 11900: policy_update done
[step 11950] value_loss=0.022015 policy_loss=-0.094884
[step 11950] VALUE_DEBUG: target(mean=4.81 std=1.59 min=1.84 max=7.70) V(s)(mean=4.79 std=1.58) reward(mean=0.939 std=0.336) clip=50.0
[DEBUG] train_step 11950: starting episode collection
[DEBUG] train_step 11950: episodes collected, starting value_update
[DEBUG] train_step 11950: value_update done, starting policy_update
[DEBUG] train_step 11950: policy_update done
[step 12000] value_loss=0.130404 policy_loss=-0.030144
[step 12000] VALUE_DEBUG: target(mean=5.00 std=2.31 min=1.84 max=13.87) V(s)(mean=4.94 std=2.11) reward(mean=1.219 std=1.592) clip=50.0
[step 12000] eval_success_rate=1.000 eval_mean_score=16.000 eval_policy_mode=greedy [solved=50/50, score_range=16.00-16.00/16.0, initial=9.00]
[step 12000] PROGRESS: filled=16.00 violations=0.00 zero_cand=0.00
[step 12000] DEBUG: ep_len=7.0 ep_ret=7.056 stop_prob=0.000 score_chg=6.9600
[Checkpoint] Saved to checkpoints/rl_sudoku-4x4-easy_6to8empties_seed4/rl_checkpoint_step_12000.pt
[DEBUG] train_step 12000: starting episode collection
[DEBUG] train_step 12000: episodes collected, starting value_update
[DEBUG] train_step 12000: value_update done, starting policy_update
[DEBUG] train_step 12000: policy_update done
[step 12050] value_loss=0.056602 policy_loss=0.421443
[step 12050] VALUE_DEBUG: target(mean=5.48 std=2.62 min=1.84 max=14.04) V(s)(mean=5.59 std=2.77) reward(mean=1.441 std=2.194) clip=50.0
[DEBUG] train_step 12050: starting episode collection
[DEBUG] train_step 12050: episodes collected, starting value_update
[DEBUG] train_step 12050: value_update done, starting policy_update
[DEBUG] train_step 12050: policy_update done
[step 12100] value_loss=0.248891 policy_loss=0.002733
[step 12100] VALUE_DEBUG: target(mean=4.75 std=2.32 min=1.84 max=13.97) V(s)(mean=4.65 std=1.97) reward(mean=0.938 std=2.394) clip=50.0
[step 12100] eval_success_rate=1.000 eval_mean_score=16.000 eval_policy_mode=greedy [solved=50/50, score_range=16.00-16.00/16.0, initial=9.00]
[step 12100] PROGRESS: filled=16.00 violations=0.00 zero_cand=0.00
[step 12100] DEBUG: ep_len=7.1 ep_ret=7.150 stop_prob=0.000 score_chg=7.0625
[DEBUG] train_step 12100: starting episode collection
[DEBUG] train_step 12100: episodes collected, starting value_update
[DEBUG] train_step 12100: value_update done, starting policy_update
[DEBUG] train_step 12100: policy_update done
[step 12150] value_loss=0.014677 policy_loss=-0.107325
[step 12150] VALUE_DEBUG: target(mean=3.95 std=1.57 min=1.84 max=7.67) V(s)(mean=3.93 std=1.55) reward(mean=1.022 std=0.352) clip=50.0
[DEBUG] train_step 12150: starting episode collection
[DEBUG] train_step 12150: episodes collected, starting value_update
[DEBUG] train_step 12150: value_update done, starting policy_update
[DEBUG] train_step 12150: policy_update done
[step 12200] value_loss=0.011164 policy_loss=-0.056624
[step 12200] VALUE_DEBUG: target(mean=4.58 std=1.83 min=1.84 max=7.67) V(s)(mean=4.53 std=1.80) reward(mean=0.998 std=0.319) clip=50.0
[step 12200] eval_success_rate=1.000 eval_mean_score=16.000 eval_policy_mode=greedy [solved=50/50, score_range=16.00-16.00/16.0, initial=9.00]
[step 12200] PROGRESS: filled=16.00 violations=0.00 zero_cand=0.00
[step 12200] DEBUG: ep_len=7.0 ep_ret=7.065 stop_prob=0.000 score_chg=6.9700
[DEBUG] train_step 12200: starting episode collection
[DEBUG] train_step 12200: episodes collected, starting value_update
[DEBUG] train_step 12200: value_update done, starting policy_update
[DEBUG] train_step 12200: policy_update done
[step 12250] value_loss=0.312523 policy_loss=0.068928
[step 12250] VALUE_DEBUG: target(mean=4.33 std=2.12 min=1.84 max=9.78) V(s)(mean=4.22 std=1.97) reward(mean=1.181 std=0.765) clip=50.0
[DEBUG] train_step 12250: starting episode collection
[DEBUG] train_step 12250: episodes collected, starting value_update
[DEBUG] train_step 12250: value_update done, starting policy_update
[DEBUG] train_step 12250: policy_update done
[step 12300] value_loss=0.018425 policy_loss=-0.055723
[step 12300] VALUE_DEBUG: target(mean=4.22 std=1.81 min=1.84 max=7.68) V(s)(mean=4.17 std=1.81) reward(mean=1.056 std=0.377) clip=50.0
[step 12300] eval_success_rate=1.000 eval_mean_score=16.000 eval_policy_mode=greedy [solved=50/50, score_range=16.00-16.00/16.0, initial=9.00]
[step 12300] PROGRESS: filled=16.00 violations=0.00 zero_cand=0.00
[step 12300] DEBUG: ep_len=7.2 ep_ret=6.923 stop_prob=0.000 score_chg=6.9625
[DEBUG] train_step 12300: starting episode collection
[DEBUG] train_step 12300: episodes collected, starting value_update
[DEBUG] train_step 12300: value_update done, starting policy_update
[DEBUG] train_step 12300: policy_update done
[step 12350] value_loss=0.012350 policy_loss=-0.013371
[step 12350] VALUE_DEBUG: target(mean=4.03 std=1.76 min=1.84 max=7.64) V(s)(mean=3.97 std=1.71) reward(mean=0.776 std=1.804) clip=50.0
[DEBUG] train_step 12350: starting episode collection
[DEBUG] train_step 12350: episodes collected, starting value_update
[DEBUG] train_step 12350: value_update done, starting policy_update
[DEBUG] train_step 12350: policy_update done
[step 12400] value_loss=0.082574 policy_loss=-0.059895
[step 12400] VALUE_DEBUG: target(mean=3.77 std=1.58 min=1.84 max=7.67) V(s)(mean=3.72 std=1.53) reward(mean=1.020 std=0.429) clip=50.0
[step 12400] eval_success_rate=1.000 eval_mean_score=16.000 eval_policy_mode=greedy [solved=50/50, score_range=16.00-16.00/16.0, initial=9.00]
[step 12400] PROGRESS: filled=16.00 violations=0.00 zero_cand=0.00
[step 12400] DEBUG: ep_len=7.1 ep_ret=7.044 stop_prob=0.000 score_chg=6.9500
[DEBUG] train_step 12400: starting episode collection
[DEBUG] train_step 12400: episodes collected, starting value_update
[DEBUG] train_step 12400: value_update done, starting policy_update
[DEBUG] train_step 12400: policy_update done
[step 12450] value_loss=0.031234 policy_loss=-0.081145
[step 12450] VALUE_DEBUG: target(mean=4.03 std=1.60 min=1.84 max=7.68) V(s)(mean=4.07 std=1.60) reward(mean=0.652 std=1.957) clip=50.0
[DEBUG] train_step 12450: starting episode collection
[DEBUG] train_step 12450: episodes collected, starting value_update
[DEBUG] train_step 12450: value_update done, starting policy_update
[DEBUG] train_step 12450: policy_update done
[step 12500] value_loss=1.641739 policy_loss=-0.039789
[step 12500] VALUE_DEBUG: target(mean=4.87 std=1.64 min=1.84 max=7.64) V(s)(mean=5.13 std=2.01) reward(mean=0.820 std=0.901) clip=50.0
[step 12500] eval_success_rate=1.000 eval_mean_score=16.000 eval_policy_mode=greedy [solved=50/50, score_range=16.00-16.00/16.0, initial=9.00]
[step 12500] PROGRESS: filled=16.00 violations=0.00 zero_cand=0.00
[step 12500] DEBUG: ep_len=7.1 ep_ret=7.112 stop_prob=0.000 score_chg=7.0225
[DEBUG] train_step 12500: starting episode collection
[DEBUG] train_step 12500: episodes collected, starting value_update
[DEBUG] train_step 12500: value_update done, starting policy_update
[DEBUG] train_step 12500: policy_update done
[step 12550] value_loss=0.034851 policy_loss=-0.059803
[step 12550] VALUE_DEBUG: target(mean=4.65 std=1.82 min=1.84 max=7.77) V(s)(mean=4.58 std=1.82) reward(mean=0.999 std=0.318) clip=50.0
[DEBUG] train_step 12550: starting episode collection
[DEBUG] train_step 12550: episodes collected, starting value_update
[DEBUG] train_step 12550: value_update done, starting policy_update
[DEBUG] train_step 12550: policy_update done
[step 12600] value_loss=0.013608 policy_loss=-0.004830
[step 12600] VALUE_DEBUG: target(mean=4.07 std=1.65 min=1.84 max=7.75) V(s)(mean=4.04 std=1.63) reward(mean=0.960 std=0.283) clip=50.0
[step 12600] eval_success_rate=1.000 eval_mean_score=16.000 eval_policy_mode=greedy [solved=50/50, score_range=16.00-16.00/16.0, initial=9.00]
[step 12600] PROGRESS: filled=16.00 violations=0.00 zero_cand=0.00
[step 12600] DEBUG: ep_len=7.0 ep_ret=7.038 stop_prob=0.000 score_chg=6.9425
[DEBUG] train_step 12600: starting episode collection
[DEBUG] train_step 12600: episodes collected, starting value_update
[DEBUG] train_step 12600: value_update done, starting policy_update
[DEBUG] train_step 12600: policy_update done
[step 12650] value_loss=0.017257 policy_loss=-0.068807
[step 12650] VALUE_DEBUG: target(mean=4.36 std=1.59 min=1.84 max=7.38) V(s)(mean=4.38 std=1.56) reward(mean=0.907 std=0.282) clip=50.0
[DEBUG] train_step 12650: starting episode collection
[DEBUG] train_step 12650: episodes collected, starting value_update
[DEBUG] train_step 12650: value_update done, starting policy_update
[DEBUG] train_step 12650: policy_update done
[step 12700] value_loss=0.111611 policy_loss=-0.038230
[step 12700] VALUE_DEBUG: target(mean=4.53 std=1.58 min=1.84 max=7.62) V(s)(mean=4.63 std=1.60) reward(mean=0.627 std=1.761) clip=50.0
[step 12700] eval_success_rate=1.000 eval_mean_score=16.000 eval_policy_mode=greedy [solved=50/50, score_range=16.00-16.00/16.0, initial=9.00]
[step 12700] PROGRESS: filled=16.00 violations=0.00 zero_cand=0.00
[step 12700] DEBUG: ep_len=7.1 ep_ret=7.101 stop_prob=0.000 score_chg=7.0100
[DEBUG] train_step 12700: starting episode collection
[DEBUG] train_step 12700: episodes collected, starting value_update
[DEBUG] train_step 12700: value_update done, starting policy_update
[DEBUG] train_step 12700: policy_update done
[step 12750] value_loss=0.941212 policy_loss=-0.024625
[step 12750] VALUE_DEBUG: target(mean=4.68 std=2.19 min=1.39 max=12.47) V(s)(mean=4.71 std=1.85) reward(mean=1.062 std=1.819) clip=50.0
[DEBUG] train_step 12750: starting episode collection
[DEBUG] train_step 12750: episodes collected, starting value_update
[DEBUG] train_step 12750: value_update done, starting policy_update
[DEBUG] train_step 12750: policy_update done
[step 12800] value_loss=0.009349 policy_loss=-0.079028
[step 12800] VALUE_DEBUG: target(mean=4.37 std=1.78 min=1.84 max=7.02) V(s)(mean=4.37 std=1.74) reward(mean=1.027 std=0.350) clip=50.0
[step 12800] eval_success_rate=1.000 eval_mean_score=16.000 eval_policy_mode=greedy [solved=50/50, score_range=16.00-16.00/16.0, initial=9.00]
[step 12800] PROGRESS: filled=16.00 violations=0.00 zero_cand=0.00
[step 12800] DEBUG: ep_len=7.2 ep_ret=7.113 stop_prob=0.000 score_chg=7.0725
[DEBUG] train_step 12800: starting episode collection
[DEBUG] train_step 12800: episodes collected, starting value_update
[DEBUG] train_step 12800: value_update done, starting policy_update
[DEBUG] train_step 12800: policy_update done
[step 12850] value_loss=0.012948 policy_loss=-0.061776
[step 12850] VALUE_DEBUG: target(mean=4.13 std=1.67 min=1.84 max=7.20) V(s)(mean=4.11 std=1.67) reward(mean=1.055 std=0.377) clip=50.0
[DEBUG] train_step 12850: starting episode collection
[DEBUG] train_step 12850: episodes collected, starting value_update
[DEBUG] train_step 12850: value_update done, starting policy_update
[DEBUG] train_step 12850: policy_update done
[step 12900] value_loss=0.071404 policy_loss=0.225211
[step 12900] VALUE_DEBUG: target(mean=4.39 std=2.16 min=1.84 max=12.33) V(s)(mean=4.45 std=2.32) reward(mean=1.337 std=1.578) clip=50.0
[step 12900] eval_success_rate=1.000 eval_mean_score=16.000 eval_policy_mode=greedy [solved=50/50, score_range=16.00-16.00/16.0, initial=9.00]
[step 12900] PROGRESS: filled=16.00 violations=0.00 zero_cand=0.00
[step 12900] DEBUG: ep_len=7.1 ep_ret=7.125 stop_prob=0.000 score_chg=7.0375
[DEBUG] train_step 12900: starting episode collection
[DEBUG] train_step 12900: episodes collected, starting value_update
[DEBUG] train_step 12900: value_update done, starting policy_update
[DEBUG] train_step 12900: policy_update done
[step 12950] value_loss=0.019436 policy_loss=-0.053230
[step 12950] VALUE_DEBUG: target(mean=4.82 std=1.50 min=2.44 max=7.73) V(s)(mean=4.86 std=1.50) reward(mean=0.876 std=0.018) clip=50.0
[DEBUG] train_step 12950: starting episode collection
[DEBUG] train_step 12950: episodes collected, starting value_update
[DEBUG] train_step 12950: value_update done, starting policy_update
[DEBUG] train_step 12950: policy_update done
[step 13000] value_loss=0.014782 policy_loss=-0.036847
[step 13000] VALUE_DEBUG: target(mean=4.40 std=1.43 min=1.84 max=6.09) V(s)(mean=4.43 std=1.43) reward(mean=0.934 std=0.337) clip=50.0
[step 13000] eval_success_rate=1.000 eval_mean_score=16.000 eval_policy_mode=greedy [solved=50/50, score_range=16.00-16.00/16.0, initial=9.00]
[step 13000] PROGRESS: filled=16.00 violations=0.00 zero_cand=0.00
[step 13000] DEBUG: ep_len=7.1 ep_ret=7.100 stop_prob=0.000 score_chg=7.0125
[Checkpoint] Saved to checkpoints/rl_sudoku-4x4-easy_6to8empties_seed4/rl_checkpoint_step_13000.pt
[DEBUG] train_step 13000: starting episode collection
[DEBUG] train_step 13000: episodes collected, starting value_update
[DEBUG] train_step 13000: value_update done, starting policy_update
[DEBUG] train_step 13000: policy_update done
[step 13050] value_loss=0.012998 policy_loss=-0.053040
[step 13050] VALUE_DEBUG: target(mean=4.44 std=1.72 min=1.84 max=7.47) V(s)(mean=4.41 std=1.73) reward(mean=1.059 std=0.375) clip=50.0
[DEBUG] train_step 13050: starting episode collection
[DEBUG] train_step 13050: episodes collected, starting value_update
[DEBUG] train_step 13050: value_update done, starting policy_update
[DEBUG] train_step 13050: policy_update done
[step 13100] value_loss=0.015452 policy_loss=-0.051233
[step 13100] VALUE_DEBUG: target(mean=4.20 std=1.47 min=1.84 max=6.78) V(s)(mean=4.25 std=1.47) reward(mean=0.994 std=0.320) clip=50.0
[step 13100] eval_success_rate=1.000 eval_mean_score=16.000 eval_policy_mode=greedy [solved=50/50, score_range=16.00-16.00/16.0, initial=9.00]
[step 13100] PROGRESS: filled=16.00 violations=0.00 zero_cand=0.00
[step 13100] DEBUG: ep_len=7.1 ep_ret=7.102 stop_prob=0.000 score_chg=7.0150
[DEBUG] train_step 13100: starting episode collection
[DEBUG] train_step 13100: episodes collected, starting value_update
[DEBUG] train_step 13100: value_update done, starting policy_update
[DEBUG] train_step 13100: policy_update done
[step 13150] value_loss=0.011294 policy_loss=-0.047842
[step 13150] VALUE_DEBUG: target(mean=4.17 std=1.57 min=1.84 max=6.84) V(s)(mean=4.16 std=1.59) reward(mean=1.024 std=0.351) clip=50.0
[DEBUG] train_step 13150: starting episode collection
[DEBUG] train_step 13150: episodes collected, starting value_update
[DEBUG] train_step 13150: value_update done, starting policy_update
[DEBUG] train_step 13150: policy_update done
[step 13200] value_loss=0.061724 policy_loss=-0.027675
[step 13200] VALUE_DEBUG: target(mean=4.38 std=1.69 min=1.84 max=7.74) V(s)(mean=4.35 std=1.65) reward(mean=0.995 std=0.320) clip=50.0
[step 13200] eval_success_rate=1.000 eval_mean_score=16.000 eval_policy_mode=greedy [solved=50/50, score_range=16.00-16.00/16.0, initial=9.00]
[step 13200] PROGRESS: filled=16.00 violations=0.00 zero_cand=0.00
[step 13200] DEBUG: ep_len=7.1 ep_ret=7.116 stop_prob=0.000 score_chg=7.0275
[DEBUG] train_step 13200: starting episode collection
[DEBUG] train_step 13200: episodes collected, starting value_update
[DEBUG] train_step 13200: value_update done, starting policy_update
[DEBUG] train_step 13200: policy_update done
[step 13250] value_loss=0.007899 policy_loss=-0.056408
[step 13250] VALUE_DEBUG: target(mean=4.14 std=2.03 min=1.84 max=7.57) V(s)(mean=4.12 std=2.01) reward(mean=1.120 std=0.416) clip=50.0
[DEBUG] train_step 13250: starting episode collection
[DEBUG] train_step 13250: episodes collected, starting value_update
[DEBUG] train_step 13250: value_update done, starting policy_update
[DEBUG] train_step 13250: policy_update done
[step 13300] value_loss=0.005676 policy_loss=-0.274987
[step 13300] VALUE_DEBUG: target(mean=4.56 std=1.61 min=1.84 max=6.87) V(s)(mean=4.54 std=1.62) reward(mean=1.029 std=0.349) clip=50.0
[step 13300] eval_success_rate=1.000 eval_mean_score=16.000 eval_policy_mode=greedy [solved=50/50, score_range=16.00-16.00/16.0, initial=9.00]
[step 13300] PROGRESS: filled=16.00 violations=0.00 zero_cand=0.00
[step 13300] DEBUG: ep_len=7.1 ep_ret=7.112 stop_prob=0.000 score_chg=7.0225
[DEBUG] train_step 13300: starting episode collection
[DEBUG] train_step 13300: episodes collected, starting value_update
[DEBUG] train_step 13300: value_update done, starting policy_update
[DEBUG] train_step 13300: policy_update done
[step 13350] value_loss=0.020617 policy_loss=-0.049244
[step 13350] VALUE_DEBUG: target(mean=4.07 std=1.62 min=1.84 max=7.58) V(s)(mean=4.03 std=1.57) reward(mean=0.686 std=1.953) clip=50.0
[DEBUG] train_step 13350: starting episode collection
[DEBUG] train_step 13350: episodes collected, starting value_update
[DEBUG] train_step 13350: value_update done, starting policy_update
[DEBUG] train_step 13350: policy_update done
[step 13400] value_loss=0.010652 policy_loss=-0.050831
[step 13400] VALUE_DEBUG: target(mean=4.06 std=1.69 min=1.84 max=7.62) V(s)(mean=4.06 std=1.71) reward(mean=0.714 std=1.780) clip=50.0
[step 13400] eval_success_rate=1.000 eval_mean_score=16.000 eval_policy_mode=greedy [solved=50/50, score_range=16.00-16.00/16.0, initial=9.00]
[step 13400] PROGRESS: filled=16.00 violations=0.00 zero_cand=0.00
[step 13400] DEBUG: ep_len=7.1 ep_ret=6.980 stop_prob=0.000 score_chg=6.9725
[DEBUG] train_step 13400: starting episode collection
[DEBUG] train_step 13400: episodes collected, starting value_update
[DEBUG] train_step 13400: value_update done, starting policy_update
[DEBUG] train_step 13400: policy_update done
[step 13450] value_loss=0.064280 policy_loss=-0.240039
[step 13450] VALUE_DEBUG: target(mean=4.93 std=3.05 min=1.84 max=19.27) V(s)(mean=4.84 std=2.86) reward(mean=1.403 std=2.437) clip=50.0
[DEBUG] train_step 13450: starting episode collection
[DEBUG] train_step 13450: episodes collected, starting value_update
[DEBUG] train_step 13450: value_update done, starting policy_update
[DEBUG] train_step 13450: policy_update done
[step 13500] value_loss=0.014108 policy_loss=-0.049105
[step 13500] VALUE_DEBUG: target(mean=4.63 std=1.71 min=1.84 max=7.72) V(s)(mean=4.70 std=1.71) reward(mean=0.937 std=0.234) clip=50.0
[step 13500] eval_success_rate=1.000 eval_mean_score=16.000 eval_policy_mode=greedy [solved=50/50, score_range=16.00-16.00/16.0, initial=9.00]
[step 13500] PROGRESS: filled=16.00 violations=0.00 zero_cand=0.00
[step 13500] DEBUG: ep_len=7.0 ep_ret=7.046 stop_prob=0.000 score_chg=6.9500
[DEBUG] train_step 13500: starting episode collection
[DEBUG] train_step 13500: episodes collected, starting value_update
[DEBUG] train_step 13500: value_update done, starting policy_update
[DEBUG] train_step 13500: policy_update done
[step 13550] value_loss=0.019560 policy_loss=-0.065128
[step 13550] VALUE_DEBUG: target(mean=4.85 std=1.91 min=1.84 max=10.89) V(s)(mean=4.89 std=1.86) reward(mean=1.062 std=0.728) clip=50.0
[DEBUG] train_step 13550: starting episode collection
[DEBUG] train_step 13550: episodes collected, starting value_update
[DEBUG] train_step 13550: value_update done, starting policy_update
[DEBUG] train_step 13550: policy_update done
[step 13600] value_loss=0.005979 policy_loss=-0.052202
[step 13600] VALUE_DEBUG: target(mean=4.39 std=1.77 min=1.84 max=7.56) V(s)(mean=4.40 std=1.75) reward(mean=0.965 std=0.282) clip=50.0
[step 13600] eval_success_rate=1.000 eval_mean_score=16.000 eval_policy_mode=greedy [solved=50/50, score_range=16.00-16.00/16.0, initial=9.00]
[step 13600] PROGRESS: filled=16.00 violations=0.00 zero_cand=0.00
[step 13600] DEBUG: ep_len=7.2 ep_ret=7.033 stop_prob=0.000 score_chg=6.9900
[DEBUG] train_step 13600: starting episode collection
[DEBUG] train_step 13600: episodes collected, starting value_update
[DEBUG] train_step 13600: value_update done, starting policy_update
[DEBUG] train_step 13600: policy_update done
[step 13650] value_loss=0.222628 policy_loss=-0.057230
[step 13650] VALUE_DEBUG: target(mean=4.68 std=2.02 min=1.84 max=12.13) V(s)(mean=4.54 std=1.75) reward(mean=1.215 std=1.570) clip=50.0
[DEBUG] train_step 13650: starting episode collection
[DEBUG] train_step 13650: episodes collected, starting value_update
[DEBUG] train_step 13650: value_update done, starting policy_update
[DEBUG] train_step 13650: policy_update done
[step 13700] value_loss=0.003609 policy_loss=-0.064535
[step 13700] VALUE_DEBUG: target(mean=4.10 std=1.33 min=1.84 max=7.69) V(s)(mean=4.14 std=1.34) reward(mean=0.898 std=0.170) clip=50.0
[step 13700] eval_success_rate=1.000 eval_mean_score=16.000 eval_policy_mode=greedy [solved=50/50, score_range=16.00-16.00/16.0, initial=9.00]
[step 13700] PROGRESS: filled=16.00 violations=0.00 zero_cand=0.00
[step 13700] DEBUG: ep_len=7.1 ep_ret=6.951 stop_prob=0.000 score_chg=6.9450
[DEBUG] train_step 13700: starting episode collection
[DEBUG] train_step 13700: episodes collected, starting value_update
[DEBUG] train_step 13700: value_update done, starting policy_update
[DEBUG] train_step 13700: policy_update done
[step 13750] value_loss=0.317577 policy_loss=-0.063548
[step 13750] VALUE_DEBUG: target(mean=4.12 std=1.76 min=1.64 max=7.62) V(s)(mean=4.22 std=1.70) reward(mean=0.623 std=1.930) clip=50.0
[DEBUG] train_step 13750: starting episode collection
[DEBUG] train_step 13750: episodes collected, starting value_update
[DEBUG] train_step 13750: value_update done, starting policy_update
[DEBUG] train_step 13750: policy_update done
[step 13800] value_loss=0.007906 policy_loss=-0.074254
[step 13800] VALUE_DEBUG: target(mean=4.80 std=1.72 min=1.84 max=7.64) V(s)(mean=4.77 std=1.71) reward(mean=0.938 std=0.234) clip=50.0
[step 13800] eval_success_rate=1.000 eval_mean_score=16.000 eval_policy_mode=greedy [solved=50/50, score_range=16.00-16.00/16.0, initial=9.00]
[step 13800] PROGRESS: filled=16.00 violations=0.00 zero_cand=0.00
[step 13800] DEBUG: ep_len=7.2 ep_ret=7.056 stop_prob=0.000 score_chg=7.0125
[DEBUG] train_step 13800: starting episode collection
[DEBUG] train_step 13800: episodes collected, starting value_update
[DEBUG] train_step 13800: value_update done, starting policy_update
[DEBUG] train_step 13800: policy_update done
[step 13850] value_loss=0.015626 policy_loss=-0.057281
[step 13850] VALUE_DEBUG: target(mean=4.08 std=1.67 min=1.84 max=7.66) V(s)(mean=4.05 std=1.69) reward(mean=1.024 std=0.427) clip=50.0
[DEBUG] train_step 13850: starting episode collection
[DEBUG] train_step 13850: episodes collected, starting value_update
[DEBUG] train_step 13850: value_update done, starting policy_update
[DEBUG] train_step 13850: policy_update done
[step 13900] value_loss=0.008716 policy_loss=-0.070770
[step 13900] VALUE_DEBUG: target(mean=4.54 std=1.62 min=1.84 max=6.84) V(s)(mean=4.57 std=1.63) reward(mean=0.935 std=0.234) clip=50.0
[step 13900] eval_success_rate=1.000 eval_mean_score=16.000 eval_policy_mode=greedy [solved=50/50, score_range=16.00-16.00/16.0, initial=9.00]
[step 13900] PROGRESS: filled=16.00 violations=0.00 zero_cand=0.00
[step 13900] DEBUG: ep_len=7.1 ep_ret=7.087 stop_prob=0.000 score_chg=6.9975
[DEBUG] train_step 13900: starting episode collection
[DEBUG] train_step 13900: episodes collected, starting value_update
[DEBUG] train_step 13900: value_update done, starting policy_update
[DEBUG] train_step 13900: policy_update done
[step 13950] value_loss=0.013395 policy_loss=-0.058429
[step 13950] VALUE_DEBUG: target(mean=4.58 std=1.61 min=1.84 max=7.64) V(s)(mean=4.57 std=1.59) reward(mean=0.967 std=0.281) clip=50.0
[DEBUG] train_step 13950: starting episode collection
[DEBUG] train_step 13950: episodes collected, starting value_update
[DEBUG] train_step 13950: value_update done, starting policy_update
[DEBUG] train_step 13950: policy_update done
[step 14000] value_loss=3.077486 policy_loss=-0.036820
[step 14000] VALUE_DEBUG: target(mean=4.79 std=2.51 min=1.84 max=15.75) V(s)(mean=4.46 std=1.55) reward(mean=1.278 std=1.581) clip=50.0
[step 14000] eval_success_rate=1.000 eval_mean_score=16.000 eval_policy_mode=greedy [solved=50/50, score_range=16.00-16.00/16.0, initial=9.00]
[step 14000] PROGRESS: filled=16.00 violations=0.00 zero_cand=0.00
[step 14000] DEBUG: ep_len=7.1 ep_ret=7.120 stop_prob=0.000 score_chg=7.0325
[Checkpoint] Saved to checkpoints/rl_sudoku-4x4-easy_6to8empties_seed4/rl_checkpoint_step_14000.pt
[DEBUG] train_step 14000: starting episode collection
[DEBUG] train_step 14000: episodes collected, starting value_update
[DEBUG] train_step 14000: value_update done, starting policy_update
[DEBUG] train_step 14000: policy_update done
[step 14050] value_loss=0.005725 policy_loss=0.119063
[step 14050] VALUE_DEBUG: target(mean=4.62 std=1.62 min=1.84 max=7.71) V(s)(mean=4.65 std=1.61) reward(mean=0.596 std=1.921) clip=50.0
[DEBUG] train_step 14050: starting episode collection
[DEBUG] train_step 14050: episodes collected, starting value_update
[DEBUG] train_step 14050: value_update done, starting policy_update
[DEBUG] train_step 14050: policy_update done
[step 14100] value_loss=0.007786 policy_loss=-0.086640
[step 14100] VALUE_DEBUG: target(mean=4.05 std=1.44 min=1.84 max=6.89) V(s)(mean=4.02 std=1.40) reward(mean=0.929 std=0.236) clip=50.0
[step 14100] eval_success_rate=1.000 eval_mean_score=16.000 eval_policy_mode=greedy [solved=50/50, score_range=16.00-16.00/16.0, initial=9.00]
[step 14100] PROGRESS: filled=16.00 violations=0.00 zero_cand=0.00
[step 14100] DEBUG: ep_len=7.1 ep_ret=7.036 stop_prob=0.000 score_chg=6.9450
[DEBUG] train_step 14100: starting episode collection
[DEBUG] train_step 14100: episodes collected, starting value_update
[DEBUG] train_step 14100: value_update done, starting policy_update
[DEBUG] train_step 14100: policy_update done
[step 14150] value_loss=0.023851 policy_loss=-0.044178
[step 14150] VALUE_DEBUG: target(mean=4.89 std=2.29 min=1.84 max=14.64) V(s)(mean=4.97 std=2.27) reward(mean=0.908 std=0.169) clip=50.0
[DEBUG] train_step 14150: starting episode collection
[DEBUG] train_step 14150: episodes collected, starting value_update
[DEBUG] train_step 14150: value_update done, starting policy_update
[DEBUG] train_step 14150: policy_update done
[step 14200] value_loss=0.087534 policy_loss=-0.048549
[step 14200] VALUE_DEBUG: target(mean=4.35 std=2.55 min=1.84 max=16.02) V(s)(mean=4.25 std=2.37) reward(mean=0.994 std=0.321) clip=50.0
[step 14200] eval_success_rate=1.000 eval_mean_score=16.000 eval_policy_mode=greedy [solved=50/50, score_range=16.00-16.00/16.0, initial=9.00]
[step 14200] PROGRESS: filled=16.00 violations=0.00 zero_cand=0.00
[step 14200] DEBUG: ep_len=7.2 ep_ret=7.123 stop_prob=0.000 score_chg=7.0350
[DEBUG] train_step 14200: starting episode collection
[DEBUG] train_step 14200: episodes collected, starting value_update
[DEBUG] train_step 14200: value_update done, starting policy_update
[DEBUG] train_step 14200: policy_update done
[step 14250] value_loss=0.081111 policy_loss=-0.108520
[step 14250] VALUE_DEBUG: target(mean=4.68 std=1.84 min=1.84 max=10.22) V(s)(mean=4.70 std=2.00) reward(mean=0.628 std=1.225) clip=50.0
[DEBUG] train_step 14250: starting episode collection
[DEBUG] train_step 14250: episodes collected, starting value_update
[DEBUG] train_step 14250: value_update done, starting policy_update
[DEBUG] train_step 14250: policy_update done
[step 14300] value_loss=0.026577 policy_loss=-0.010376
[step 14300] VALUE_DEBUG: target(mean=4.69 std=2.54 min=1.84 max=14.13) V(s)(mean=4.64 std=2.46) reward(mean=1.309 std=1.579) clip=50.0
[step 14300] eval_success_rate=1.000 eval_mean_score=16.000 eval_policy_mode=greedy [solved=50/50, score_range=16.00-16.00/16.0, initial=9.00]
[step 14300] PROGRESS: filled=16.00 violations=0.00 zero_cand=0.00
[step 14300] DEBUG: ep_len=7.1 ep_ret=7.090 stop_prob=0.000 score_chg=7.0000
[DEBUG] train_step 14300: starting episode collection
[DEBUG] train_step 14300: episodes collected, starting value_update
[DEBUG] train_step 14300: value_update done, starting policy_update
[DEBUG] train_step 14300: policy_update done
[step 14350] value_loss=0.006203 policy_loss=-0.084638
[step 14350] VALUE_DEBUG: target(mean=3.69 std=1.55 min=1.84 max=7.67) V(s)(mean=3.72 std=1.53) reward(mean=1.081 std=0.402) clip=50.0
[DEBUG] train_step 14350: starting episode collection
[DEBUG] train_step 14350: episodes collected, starting value_update
[DEBUG] train_step 14350: value_update done, starting policy_update
[DEBUG] train_step 14350: policy_update done
[step 14400] value_loss=0.005560 policy_loss=-0.046051
[step 14400] VALUE_DEBUG: target(mean=4.16 std=1.68 min=1.84 max=7.68) V(s)(mean=4.18 std=1.70) reward(mean=0.993 std=0.321) clip=50.0
[step 14400] eval_success_rate=1.000 eval_mean_score=16.000 eval_policy_mode=greedy [solved=50/50, score_range=16.00-16.00/16.0, initial=9.00]
[step 14400] PROGRESS: filled=16.00 violations=0.00 zero_cand=0.00
[step 14400] DEBUG: ep_len=7.2 ep_ret=6.999 stop_prob=0.000 score_chg=6.9575
[DEBUG] train_step 14400: starting episode collection
[DEBUG] train_step 14400: episodes collected, starting value_update
[DEBUG] train_step 14400: value_update done, starting policy_update
[DEBUG] train_step 14400: policy_update done
[step 14450] value_loss=0.005220 policy_loss=-0.065038
[step 14450] VALUE_DEBUG: target(mean=4.80 std=2.40 min=1.84 max=14.01) V(s)(mean=4.80 std=2.40) reward(mean=1.279 std=1.577) clip=50.0
[DEBUG] train_step 14450: starting episode collection
[DEBUG] train_step 14450: episodes collected, starting value_update
[DEBUG] train_step 14450: value_update done, starting policy_update
[DEBUG] train_step 14450: policy_update done
[step 14500] value_loss=0.041494 policy_loss=-0.073868
[step 14500] VALUE_DEBUG: target(mean=4.44 std=1.79 min=1.84 max=7.71) V(s)(mean=4.45 std=1.83) reward(mean=1.059 std=0.376) clip=50.0
[step 14500] eval_success_rate=0.980 eval_mean_score=15.920 eval_policy_mode=greedy [solved=49/50, score_range=12.00-16.00/16.0, initial=9.00]
[step 14500] PROGRESS: filled=15.92 violations=0.00 zero_cand=0.00
[step 14500] DEBUG: ep_len=7.2 ep_ret=7.054 stop_prob=0.000 score_chg=6.9700
[DEBUG] train_step 14500: starting episode collection
[DEBUG] train_step 14500: episodes collected, starting value_update
[DEBUG] train_step 14500: value_update done, starting policy_update
[DEBUG] train_step 14500: policy_update done
[step 14550] value_loss=0.007561 policy_loss=-0.053112
[step 14550] VALUE_DEBUG: target(mean=4.70 std=1.51 min=1.84 max=7.66) V(s)(mean=4.67 std=1.50) reward(mean=0.906 std=0.169) clip=50.0
[DEBUG] train_step 14550: starting episode collection
[DEBUG] train_step 14550: episodes collected, starting value_update
[DEBUG] train_step 14550: value_update done, starting policy_update
[DEBUG] train_step 14550: policy_update done
[step 14600] value_loss=0.003538 policy_loss=-0.047580
[step 14600] VALUE_DEBUG: target(mean=4.28 std=1.75 min=1.84 max=7.67) V(s)(mean=4.29 std=1.74) reward(mean=1.057 std=0.377) clip=50.0
[step 14600] eval_success_rate=1.000 eval_mean_score=16.000 eval_policy_mode=greedy [solved=50/50, score_range=16.00-16.00/16.0, initial=9.00]
[step 14600] PROGRESS: filled=16.00 violations=0.00 zero_cand=0.00
[step 14600] DEBUG: ep_len=7.2 ep_ret=7.093 stop_prob=0.000 score_chg=7.0100
[DEBUG] train_step 14600: starting episode collection
[DEBUG] train_step 14600: episodes collected, starting value_update
[DEBUG] train_step 14600: value_update done, starting policy_update
[DEBUG] train_step 14600: policy_update done
[step 14650] value_loss=0.004663 policy_loss=-0.001739
[step 14650] VALUE_DEBUG: target(mean=4.00 std=1.74 min=1.84 max=7.76) V(s)(mean=4.03 std=1.72) reward(mean=1.053 std=0.378) clip=50.0
[DEBUG] train_step 14650: starting episode collection
[DEBUG] train_step 14650: episodes collected, starting value_update
[DEBUG] train_step 14650: value_update done, starting policy_update
[DEBUG] train_step 14650: policy_update done
[step 14700] value_loss=0.011789 policy_loss=-0.064065
[step 14700] VALUE_DEBUG: target(mean=4.86 std=2.59 min=1.84 max=14.97) V(s)(mean=4.87 std=2.65) reward(mean=1.342 std=1.580) clip=50.0
[step 14700] eval_success_rate=0.980 eval_mean_score=15.900 eval_policy_mode=greedy [solved=49/50, score_range=11.00-16.00/16.0, initial=9.00]
[step 14700] PROGRESS: filled=15.90 violations=0.00 zero_cand=0.00
[step 14700] DEBUG: ep_len=7.1 ep_ret=7.001 stop_prob=0.000 score_chg=6.9100
[DEBUG] train_step 14700: starting episode collection
[DEBUG] train_step 14700: episodes collected, starting value_update
[DEBUG] train_step 14700: value_update done, starting policy_update
[DEBUG] train_step 14700: policy_update done
[step 14750] value_loss=0.015656 policy_loss=-0.076206
[step 14750] VALUE_DEBUG: target(mean=4.83 std=2.41 min=1.84 max=14.09) V(s)(mean=4.82 std=2.34) reward(mean=1.279 std=1.577) clip=50.0
[DEBUG] train_step 14750: starting episode collection
[DEBUG] train_step 14750: episodes collected, starting value_update
[DEBUG] train_step 14750: value_update done, starting policy_update
[DEBUG] train_step 14750: policy_update done
[step 14800] value_loss=0.006551 policy_loss=-0.101078
[step 14800] VALUE_DEBUG: target(mean=4.51 std=1.86 min=1.84 max=7.76) V(s)(mean=4.51 std=1.86) reward(mean=1.091 std=0.397) clip=50.0
[step 14800] eval_success_rate=0.980 eval_mean_score=15.900 eval_policy_mode=greedy [solved=49/50, score_range=11.00-16.00/16.0, initial=9.00]
[step 14800] PROGRESS: filled=15.90 violations=0.00 zero_cand=0.00
[step 14800] DEBUG: ep_len=7.1 ep_ret=7.065 stop_prob=0.000 score_chg=6.9750
[DEBUG] train_step 14800: starting episode collection
[DEBUG] train_step 14800: episodes collected, starting value_update
[DEBUG] train_step 14800: value_update done, starting policy_update
[DEBUG] train_step 14800: policy_update done
[step 14850] value_loss=0.202260 policy_loss=-0.001401
[step 14850] VALUE_DEBUG: target(mean=3.68 std=1.90 min=1.84 max=9.62) V(s)(mean=3.65 std=1.72) reward(mean=1.205 std=0.460) clip=50.0
[DEBUG] train_step 14850: starting episode collection
[DEBUG] train_step 14850: episodes collected, starting value_update
[DEBUG] train_step 14850: value_update done, starting policy_update
[DEBUG] train_step 14850: policy_update done
[step 14900] value_loss=0.328015 policy_loss=-0.074555
[step 14900] VALUE_DEBUG: target(mean=5.31 std=2.98 min=-0.99 max=14.16) V(s)(mean=5.45 std=3.36) reward(mean=1.131 std=2.953) clip=50.0
[step 14900] eval_success_rate=0.980 eval_mean_score=15.900 eval_policy_mode=greedy [solved=49/50, score_range=11.00-16.00/16.0, initial=9.00]
[step 14900] PROGRESS: filled=15.90 violations=0.00 zero_cand=0.00
[step 14900] DEBUG: ep_len=7.1 ep_ret=6.992 stop_prob=0.000 score_chg=6.9475
[DEBUG] train_step 14900: starting episode collection
[DEBUG] train_step 14900: episodes collected, starting value_update
[DEBUG] train_step 14900: value_update done, starting policy_update
[DEBUG] train_step 14900: policy_update done
[step 14950] value_loss=0.011359 policy_loss=-0.367785
[step 14950] VALUE_DEBUG: target(mean=4.76 std=2.70 min=1.84 max=16.01) V(s)(mean=4.72 std=2.65) reward(mean=1.309 std=1.582) clip=50.0
[DEBUG] train_step 14950: starting episode collection
[DEBUG] train_step 14950: episodes collected, starting value_update
[DEBUG] train_step 14950: value_update done, starting policy_update
[DEBUG] train_step 14950: policy_update done
[step 15000] value_loss=0.008940 policy_loss=-0.041760
[step 15000] VALUE_DEBUG: target(mean=4.23 std=1.63 min=1.84 max=7.70) V(s)(mean=4.24 std=1.63) reward(mean=0.963 std=0.283) clip=50.0
[step 15000] eval_success_rate=0.980 eval_mean_score=15.900 eval_policy_mode=greedy [solved=49/50, score_range=11.00-16.00/16.0, initial=9.00]
[step 15000] PROGRESS: filled=15.90 violations=0.00 zero_cand=0.00
[step 15000] DEBUG: ep_len=7.3 ep_ret=7.121 stop_prob=0.000 score_chg=7.0450
[Checkpoint] Saved to checkpoints/rl_sudoku-4x4-easy_6to8empties_seed4/rl_checkpoint_step_15000.pt
[DEBUG] train_step 15000: starting episode collection
[DEBUG] train_step 15000: episodes collected, starting value_update
[DEBUG] train_step 15000: value_update done, starting policy_update
[DEBUG] train_step 15000: policy_update done
[step 15050] value_loss=0.006692 policy_loss=-0.059530
[step 15050] VALUE_DEBUG: target(mean=4.15 std=1.72 min=1.84 max=6.95) V(s)(mean=4.14 std=1.73) reward(mean=0.746 std=1.794) clip=50.0
[DEBUG] train_step 15050: starting episode collection
[DEBUG] train_step 15050: episodes collected, starting value_update
[DEBUG] train_step 15050: value_update done, starting policy_update
[DEBUG] train_step 15050: policy_update done
[step 15100] value_loss=0.002896 policy_loss=-0.247049
[step 15100] VALUE_DEBUG: target(mean=3.96 std=1.75 min=1.84 max=7.56) V(s)(mean=3.96 std=1.75) reward(mean=1.085 std=0.468) clip=50.0
[step 15100] eval_success_rate=0.980 eval_mean_score=15.900 eval_policy_mode=greedy [solved=49/50, score_range=11.00-16.00/16.0, initial=9.00]
[step 15100] PROGRESS: filled=15.90 violations=0.00 zero_cand=0.00
[step 15100] DEBUG: ep_len=7.3 ep_ret=6.722 stop_prob=0.000 score_chg=6.8975
[DEBUG] train_step 15100: starting episode collection
[DEBUG] train_step 15100: episodes collected, starting value_update
[DEBUG] train_step 15100: value_update done, starting policy_update
[DEBUG] train_step 15100: policy_update done
[step 15150] value_loss=0.015798 policy_loss=-0.061731
[step 15150] VALUE_DEBUG: target(mean=4.71 std=1.74 min=1.84 max=7.44) V(s)(mean=4.76 std=1.78) reward(mean=1.000 std=0.318) clip=50.0
[DEBUG] train_step 15150: starting episode collection
[DEBUG] train_step 15150: episodes collected, starting value_update
[DEBUG] train_step 15150: value_update done, starting policy_update
[DEBUG] train_step 15150: policy_update done
[step 15200] value_loss=0.027228 policy_loss=-0.078174
[step 15200] VALUE_DEBUG: target(mean=4.44 std=1.71 min=1.84 max=7.78) V(s)(mean=4.37 std=1.71) reward(mean=0.687 std=1.772) clip=50.0
[step 15200] eval_success_rate=0.980 eval_mean_score=15.900 eval_policy_mode=greedy [solved=49/50, score_range=11.00-16.00/16.0, initial=9.00]
[step 15200] PROGRESS: filled=15.90 violations=0.00 zero_cand=0.00
[step 15200] DEBUG: ep_len=7.3 ep_ret=6.747 stop_prob=0.000 score_chg=6.9275
[DEBUG] train_step 15200: starting episode collection
[DEBUG] train_step 15200: episodes collected, starting value_update
[DEBUG] train_step 15200: value_update done, starting policy_update
[DEBUG] train_step 15200: policy_update done
[step 15250] value_loss=0.550230 policy_loss=-0.048566
[step 15250] VALUE_DEBUG: target(mean=3.95 std=1.59 min=1.84 max=6.74) V(s)(mean=4.10 std=1.57) reward(mean=0.683 std=1.787) clip=50.0
[DEBUG] train_step 15250: starting episode collection
[DEBUG] train_step 15250: episodes collected, starting value_update
[DEBUG] train_step 15250: value_update done, starting policy_update
[DEBUG] train_step 15250: policy_update done
[step 15300] value_loss=0.128208 policy_loss=-0.062907
[step 15300] VALUE_DEBUG: target(mean=5.30 std=2.37 min=1.84 max=13.41) V(s)(mean=5.27 std=2.47) reward(mean=1.006 std=0.316) clip=50.0
[step 15300] eval_success_rate=0.980 eval_mean_score=15.900 eval_policy_mode=greedy [solved=49/50, score_range=11.00-16.00/16.0, initial=9.00]
[step 15300] PROGRESS: filled=15.90 violations=0.00 zero_cand=0.00
[step 15300] DEBUG: ep_len=7.3 ep_ret=6.744 stop_prob=0.000 score_chg=6.9725
[DEBUG] train_step 15300: starting episode collection
[DEBUG] train_step 15300: episodes collected, starting value_update
[DEBUG] train_step 15300: value_update done, starting policy_update
[DEBUG] train_step 15300: policy_update done
[step 15350] value_loss=0.013041 policy_loss=-0.086125
[step 15350] VALUE_DEBUG: target(mean=4.21 std=1.99 min=1.84 max=9.93) V(s)(mean=4.19 std=2.05) reward(mean=1.179 std=0.765) clip=50.0
[DEBUG] train_step 15350: starting episode collection
[DEBUG] train_step 15350: episodes collected, starting value_update
[DEBUG] train_step 15350: value_update done, starting policy_update
[DEBUG] train_step 15350: policy_update done
[step 15400] value_loss=0.019265 policy_loss=-0.060954
[step 15400] VALUE_DEBUG: target(mean=4.61 std=2.30 min=1.84 max=14.22) V(s)(mean=4.54 std=2.30) reward(mean=1.276 std=1.578) clip=50.0
[step 15400] eval_success_rate=0.980 eval_mean_score=15.900 eval_policy_mode=greedy [solved=49/50, score_range=11.00-16.00/16.0, initial=9.00]
[step 15400] PROGRESS: filled=15.90 violations=0.00 zero_cand=0.00
[step 15400] DEBUG: ep_len=7.3 ep_ret=6.835 stop_prob=0.000 score_chg=6.9350
[DEBUG] train_step 15400: starting episode collection
[DEBUG] train_step 15400: episodes collected, starting value_update
[DEBUG] train_step 15400: value_update done, starting policy_update
[DEBUG] train_step 15400: policy_update done
[step 15450] value_loss=0.013353 policy_loss=-0.346909
[step 15450] VALUE_DEBUG: target(mean=4.22 std=1.74 min=1.84 max=7.72) V(s)(mean=4.16 std=1.74) reward(mean=1.025 std=0.351) clip=50.0
[DEBUG] train_step 15450: starting episode collection
[DEBUG] train_step 15450: episodes collected, starting value_update
[DEBUG] train_step 15450: value_update done, starting policy_update
[DEBUG] train_step 15450: policy_update done
