[2026-01-20T08:37:26.722-08:00] Buck UI: https://www.internalfb.com/buck2/fd29035c-f494-4211-9451-363ace12d217
[2026-01-20T08:37:31.229-08:00] [2m2026-01-20T16:37:31.038653Z[0m [33m WARN[0m [2mbuck2_interpreter_for_build::interpreter::functions::warning[0m[2m:[0m NCCL version '2.23.4' format is being deprecated for this NCCL version, please use MAJOR:MINOR format: 2.23 instead
[2026-01-20T08:37:31.229-08:00] [2m2026-01-20T16:37:31.038707Z[0m [33m WARN[0m [2mbuck2_interpreter_for_build::interpreter::functions::warning[0m[2m:[0m NCCL version '2.25.1' format is being deprecated for this NCCL version, please use MAJOR:MINOR format: 2.25 instead
[2026-01-20T08:37:31.229-08:00] [2m2026-01-20T16:37:31.038743Z[0m [33m WARN[0m [2mbuck2_interpreter_for_build::interpreter::functions::warning[0m[2m:[0m NCCL version '2.23.4' format is being deprecated for this NCCL version, please use MAJOR:MINOR format: 2.23 instead
[2026-01-20T08:37:31.229-08:00] [2m2026-01-20T16:37:31.038749Z[0m [33m WARN[0m [2mbuck2_interpreter_for_build::interpreter::functions::warning[0m[2m:[0m NCCL version '2.23.4' format is being deprecated for this NCCL version, please use MAJOR:MINOR format: 2.23 instead
[2026-01-20T08:37:31.229-08:00] [2m2026-01-20T16:37:31.038755Z[0m [33m WARN[0m [2mbuck2_interpreter_for_build::interpreter::functions::warning[0m[2m:[0m NCCL version '2.23.4' format is being deprecated for this NCCL version, please use MAJOR:MINOR format: 2.23 instead
[2026-01-20T08:37:37.835-08:00] [2m2026-01-20T16:37:37.805150Z[0m [33m WARN[0m [2mbuck2_interpreter_for_build::interpreter::functions::warning[0m[2m:[0m ptxas 12.8 is not available on platform platform010-aarch64-compat
[2026-01-20T08:37:37.835-08:00] [2m2026-01-20T16:37:37.805193Z[0m [33m WARN[0m [2mbuck2_interpreter_for_build::interpreter::functions::warning[0m[2m:[0m ptxas 12.8 is not available on platform platform010-compat
[2026-01-20T08:37:37.835-08:00] [2m2026-01-20T16:37:37.805199Z[0m [33m WARN[0m [2mbuck2_interpreter_for_build::interpreter::functions::warning[0m[2m:[0m ptxas 12.8 is not available on platform platform010-libcxx
[2026-01-20T08:37:37.835-08:00] [2m2026-01-20T16:37:37.805203Z[0m [33m WARN[0m [2mbuck2_interpreter_for_build::interpreter::functions::warning[0m[2m:[0m ptxas 12.8 is not available on platform antlir-distro
[2026-01-20T08:37:44.928-08:00] Waiting on buck2 daemon fd29035c-f494-4211-9451-363ace12d217...
[2026-01-20T08:37:44.928-08:00] Network: Up:   0B             Down:   0B           
[2026-01-20T08:37:44.928-08:00] Resource usage: RSS: 7.7GiB CPU: 5258%
[2026-01-20T08:37:44.928-08:00] IO: none
[2026-01-20T08:37:52.029-08:00] Waiting on buck2 daemon fd29035c-f494-4211-9451-363ace12d217...
[2026-01-20T08:37:52.029-08:00] Network: Up:   0B             Down:   0B           
[2026-01-20T08:37:52.029-08:00] Resource usage: RSS: 6.4GiB CPU: 362%
[2026-01-20T08:37:52.029-08:00] IO: none
[2026-01-20T08:37:59.031-08:00] Waiting on buck2 daemon fd29035c-f494-4211-9451-363ace12d217...
[2026-01-20T08:37:59.031-08:00] Network: Up:   0B             Down:   0B           
[2026-01-20T08:37:59.031-08:00] Resource usage: RSS: 8.0GiB CPU: 8077%
[2026-01-20T08:37:59.031-08:00] IO: none
[2026-01-20T08:38:03.668-08:00] RE Session: reSessionID-d72ed767-22ed-49d1-b30a-bfa3a023d46d
[2026-01-20T08:38:10.729-08:00] Waiting on buck2 daemon fd29035c-f494-4211-9451-363ace12d217...
[2026-01-20T08:38:10.729-08:00] Network: Up: 5.3MiB 1.1MiB/s  Down:  45MiB 7.8MiB/s  (reSessionID-d72ed767-22ed-49d1-b30a-bfa3a023d46d)
[2026-01-20T08:38:10.729-08:00] Resource usage: RSS: 18GiB CPU: 7182%
[2026-01-20T08:38:10.729-08:00] IO: none
[2026-01-20T08:38:17.737-08:00] Waiting on buck2 daemon fd29035c-f494-4211-9451-363ace12d217...
[2026-01-20T08:38:17.737-08:00] Network: Up:  75MiB 4.3MiB/s  Down: 174MiB  14MiB/s  (reSessionID-d72ed767-22ed-49d1-b30a-bfa3a023d46d)
[2026-01-20T08:38:17.737-08:00] Resource usage: RSS: 21GiB CPU: 8146%
[2026-01-20T08:38:17.737-08:00] IO: Symlink: 1 MkDir: 2 Stat: 1
[2026-01-20T08:38:24.829-08:00] Waiting on fbcode//scribe/api/producer/thrift:_producer_service-python-producer_service-registry-genfile (cfg:opt-linux-x86_64-fbcode-platform010-clang19-no-san-opt-by-default#7bc20b5dff24e379) -- materializing `out/scribe.api.producer.thrift.producer_service`, and 678 other actions
[2026-01-20T08:38:31.929-08:00] Waiting on fbcode//capella/types/annotation_type:capella_annotation_types-py-deprecated-sample.thrift (cfg:opt-linux-x86_64-fbcode-platform010-clang19-no-san-opt-by-default#7bc20b5dff24e379) -- materializing `out`, and 276 other actions
[2026-01-20T08:38:39.029-08:00] Waiting on fbcode//capella/types/annotation_type:capella_annotation_types-py-deprecated-sample.thrift (cfg:opt-linux-x86_64-fbcode-platform010-clang19-no-san-opt-by-default#7bc20b5dff24e379) -- materializing `out`, and 277 other actions
[2026-01-20T08:38:46.129-08:00] Waiting on fbcode//capella/types/annotation_type:capella_annotation_types-py-deprecated-sample.thrift (cfg:opt-linux-x86_64-fbcode-platform010-clang19-no-san-opt-by-default#7bc20b5dff24e379) -- materializing `out`, and 278 other actions
[2026-01-20T08:38:53.228-08:00] Waiting on fbcode//capella/types/annotation_type:capella_annotation_types-py-deprecated-sample.thrift (cfg:opt-linux-x86_64-fbcode-platform010-clang19-no-san-opt-by-default#7bc20b5dff24e379) -- materializing `out`, and 278 other actions
[2026-01-20T08:39:00.329-08:00] Waiting on fbcode//capella/types/annotation_type:capella_annotation_types-py-deprecated-sample.thrift (cfg:opt-linux-x86_64-fbcode-platform010-clang19-no-san-opt-by-default#7bc20b5dff24e379) -- materializing `out`, and 278 other actions
[2026-01-20T08:39:07.429-08:00] Waiting on buck2 daemon fd29035c-f494-4211-9451-363ace12d217...
[2026-01-20T08:39:07.429-08:00] Network: Up: 193MiB 978KiB/s  Down: 451MiB 3.6MiB/s  (reSessionID-d72ed767-22ed-49d1-b30a-bfa3a023d46d)
[2026-01-20T08:39:07.429-08:00] Resource usage: RSS: 23GiB CPU: 5728%
[2026-01-20T08:39:07.429-08:00] IO: none
[2026-01-20T08:39:14.528-08:00] Waiting on buck2 daemon fd29035c-f494-4211-9451-363ace12d217...
[2026-01-20T08:39:14.528-08:00] Network: Up: 203MiB 1.2MiB/s  Down: 476MiB 2.5MiB/s  (reSessionID-d72ed767-22ed-49d1-b30a-bfa3a023d46d)
[2026-01-20T08:39:14.528-08:00] Resource usage: RSS: 22GiB CPU: 855%
[2026-01-20T08:39:14.528-08:00] IO: none
[2026-01-20T08:39:21.529-08:00] Waiting on buck2 daemon fd29035c-f494-4211-9451-363ace12d217...
[2026-01-20T08:39:21.529-08:00] Network: Up: 208MiB 245KiB/s  Down: 494MiB 224KiB/s  (reSessionID-d72ed767-22ed-49d1-b30a-bfa3a023d46d)
[2026-01-20T08:39:21.529-08:00] Resource usage: RSS: 23GiB CPU: 343%
[2026-01-20T08:39:21.529-08:00] IO: none
[2026-01-20T08:39:28.629-08:00] Waiting on buck2 daemon fd29035c-f494-4211-9451-363ace12d217...
[2026-01-20T08:39:28.629-08:00] Network: Up: 209MiB 256KiB/s  Down: 496MiB 264KiB/s  (reSessionID-d72ed767-22ed-49d1-b30a-bfa3a023d46d)
[2026-01-20T08:39:28.629-08:00] Resource usage: RSS: 23GiB CPU: 296%
[2026-01-20T08:39:28.629-08:00] IO: none
[2026-01-20T08:39:35.729-08:00] Waiting on buck2 daemon fd29035c-f494-4211-9451-363ace12d217...
[2026-01-20T08:39:35.729-08:00] Network: Up: 211MiB 141KiB/s  Down: 498MiB  78KiB/s  (reSessionID-d72ed767-22ed-49d1-b30a-bfa3a023d46d)
[2026-01-20T08:39:35.729-08:00] Resource usage: RSS: 23GiB CPU: 196%
[2026-01-20T08:39:35.729-08:00] IO: none
[2026-01-20T08:39:42.829-08:00] Waiting on buck2 daemon fd29035c-f494-4211-9451-363ace12d217...
[2026-01-20T08:39:42.829-08:00] Network: Up: 212MiB 160KiB/s  Down: 499MiB 145KiB/s  (reSessionID-d72ed767-22ed-49d1-b30a-bfa3a023d46d)
[2026-01-20T08:39:42.829-08:00] Resource usage: RSS: 23GiB CPU: 198%
[2026-01-20T08:39:42.829-08:00] IO: none
[2026-01-20T08:39:49.929-08:00] Waiting on buck2 daemon fd29035c-f494-4211-9451-363ace12d217...
[2026-01-20T08:39:49.929-08:00] Network: Up: 213MiB 146KiB/s  Down: 500MiB 142KiB/s  (reSessionID-d72ed767-22ed-49d1-b30a-bfa3a023d46d)
[2026-01-20T08:39:49.929-08:00] Resource usage: RSS: 22GiB CPU: 203%
[2026-01-20T08:39:49.929-08:00] IO: none
[2026-01-20T08:39:57.029-08:00] Waiting on buck2 daemon fd29035c-f494-4211-9451-363ace12d217...
[2026-01-20T08:39:57.029-08:00] Network: Up: 214MiB 619KiB/s  Down: 503MiB 151KiB/s  (reSessionID-d72ed767-22ed-49d1-b30a-bfa3a023d46d)
[2026-01-20T08:39:57.029-08:00] Resource usage: RSS: 23GiB CPU: 410%
[2026-01-20T08:39:57.029-08:00] IO: none
[2026-01-20T08:40:04.129-08:00] Waiting on buck2 daemon fd29035c-f494-4211-9451-363ace12d217...
[2026-01-20T08:40:04.129-08:00] Network: Up: 216MiB 182KiB/s  Down: 504MiB 162KiB/s  (reSessionID-d72ed767-22ed-49d1-b30a-bfa3a023d46d)
[2026-01-20T08:40:04.129-08:00] Resource usage: RSS: 23GiB CPU: 225%
[2026-01-20T08:40:04.129-08:00] IO: none
[2026-01-20T08:40:11.229-08:00] Waiting on buck2 daemon fd29035c-f494-4211-9451-363ace12d217...
[2026-01-20T08:40:11.229-08:00] Network: Up: 217MiB 182KiB/s  Down: 505MiB 150KiB/s  (reSessionID-d72ed767-22ed-49d1-b30a-bfa3a023d46d)
[2026-01-20T08:40:11.229-08:00] Resource usage: RSS: 22GiB CPU: 213%
[2026-01-20T08:40:11.229-08:00] IO: none
[2026-01-20T08:40:18.329-08:00] Waiting on buck2 daemon fd29035c-f494-4211-9451-363ace12d217...
[2026-01-20T08:40:18.329-08:00] Network: Up: 218MiB 212KiB/s  Down: 507MiB 117KiB/s  (reSessionID-d72ed767-22ed-49d1-b30a-bfa3a023d46d)
[2026-01-20T08:40:18.329-08:00] Resource usage: RSS: 22GiB CPU: 202%
[2026-01-20T08:40:18.329-08:00] IO: none
[2026-01-20T08:40:25.428-08:00] Waiting on buck2 daemon fd29035c-f494-4211-9451-363ace12d217...
[2026-01-20T08:40:25.429-08:00] Network: Up: 220MiB           Down: 518MiB 495B/s    (reSessionID-d72ed767-22ed-49d1-b30a-bfa3a023d46d)
[2026-01-20T08:40:25.429-08:00] Resource usage: RSS: 23GiB CPU: 38%
[2026-01-20T08:40:25.429-08:00] IO: none
[2026-01-20T08:40:32.429-08:00] Waiting on buck2 daemon fd29035c-f494-4211-9451-363ace12d217...
[2026-01-20T08:40:32.429-08:00] Network: Up: 221MiB 695KiB/s  Down: 521MiB 408KiB/s  (reSessionID-d72ed767-22ed-49d1-b30a-bfa3a023d46d)
[2026-01-20T08:40:32.429-08:00] Resource usage: RSS: 24GiB CPU: 449%
[2026-01-20T08:40:32.429-08:00] IO: none
[2026-01-20T08:40:39.529-08:00] Waiting on buck2 daemon fd29035c-f494-4211-9451-363ace12d217...
[2026-01-20T08:40:39.529-08:00] Network: Up: 225MiB 346KiB/s  Down: 525MiB 192KiB/s  (reSessionID-d72ed767-22ed-49d1-b30a-bfa3a023d46d)
[2026-01-20T08:40:39.529-08:00] Resource usage: RSS: 21GiB CPU: 405%
[2026-01-20T08:40:39.529-08:00] IO: none
[2026-01-20T08:40:46.628-08:00] Waiting on buck2 daemon fd29035c-f494-4211-9451-363ace12d217...
[2026-01-20T08:40:46.628-08:00] Network: Up: 228MiB 178KiB/s  Down: 539MiB 149KiB/s  (reSessionID-d72ed767-22ed-49d1-b30a-bfa3a023d46d)
[2026-01-20T08:40:46.628-08:00] Resource usage: RSS: 21GiB CPU: 197%
[2026-01-20T08:40:46.628-08:00] IO: none
[2026-01-20T08:40:53.629-08:00] Waiting on buck2 daemon fd29035c-f494-4211-9451-363ace12d217...
[2026-01-20T08:40:53.629-08:00] Network: Up: 230MiB  91KiB/s  Down: 542MiB 138KiB/s  (reSessionID-d72ed767-22ed-49d1-b30a-bfa3a023d46d)
[2026-01-20T08:40:53.629-08:00] Resource usage: RSS: 19GiB CPU: 164%
[2026-01-20T08:40:53.629-08:00] IO: none
[2026-01-20T08:41:00.729-08:00] Waiting on buck2 daemon fd29035c-f494-4211-9451-363ace12d217...
[2026-01-20T08:41:00.729-08:00] Network: Up: 290MiB 1.6MiB/s  Down: 637MiB 859KiB/s  (reSessionID-d72ed767-22ed-49d1-b30a-bfa3a023d46d)
[2026-01-20T08:41:00.729-08:00] Resource usage: RSS: 22GiB CPU: 106%
[2026-01-20T08:41:00.729-08:00] IO: none
[2026-01-20T08:41:07.829-08:00] Waiting on buck2 daemon fd29035c-f494-4211-9451-363ace12d217...
[2026-01-20T08:41:07.829-08:00] Network: Up: 323MiB  40KiB/s  Down: 701MiB 232KiB/s  (reSessionID-d72ed767-22ed-49d1-b30a-bfa3a023d46d)
[2026-01-20T08:41:07.829-08:00] Resource usage: RSS: 23GiB CPU: 66%
[2026-01-20T08:41:07.829-08:00] IO: none
[2026-01-20T08:41:14.929-08:00] Waiting on buck2 daemon fd29035c-f494-4211-9451-363ace12d217...
[2026-01-20T08:41:14.929-08:00] Network: Up: 332MiB 8.1MiB/s  Down: 741MiB  25MiB/s  (reSessionID-d72ed767-22ed-49d1-b30a-bfa3a023d46d)
[2026-01-20T08:41:14.929-08:00] Resource usage: RSS: 23GiB CPU: 3438%
[2026-01-20T08:41:14.929-08:00] IO: none
[2026-01-20T08:41:22.029-08:00] Waiting on buck2 daemon fd29035c-f494-4211-9451-363ace12d217...
[2026-01-20T08:41:22.029-08:00] Network: Up: 352MiB 1.9MiB/s  Down: 768MiB 2.6MiB/s  (reSessionID-d72ed767-22ed-49d1-b30a-bfa3a023d46d)
[2026-01-20T08:41:22.029-08:00] Resource usage: RSS: 19GiB CPU: 1185%
[2026-01-20T08:41:22.029-08:00] IO: none
[2026-01-20T08:41:29.029-08:00] Waiting on buck2 daemon fd29035c-f494-4211-9451-363ace12d217...
[2026-01-20T08:41:29.029-08:00] Network: Up: 354MiB 296KiB/s  Down: 773MiB 656KiB/s  (reSessionID-d72ed767-22ed-49d1-b30a-bfa3a023d46d)
[2026-01-20T08:41:29.029-08:00] Resource usage: RSS: 18GiB CPU: 419%
[2026-01-20T08:41:29.029-08:00] IO: none
[2026-01-20T08:41:36.129-08:00] Waiting on buck2 daemon fd29035c-f494-4211-9451-363ace12d217...
[2026-01-20T08:41:36.129-08:00] Network: Up: 357MiB 459KiB/s  Down: 777MiB 227KiB/s  (reSessionID-d72ed767-22ed-49d1-b30a-bfa3a023d46d)
[2026-01-20T08:41:36.129-08:00] Resource usage: RSS: 18GiB CPU: 252%
[2026-01-20T08:41:36.129-08:00] IO: none
[2026-01-20T08:41:43.229-08:00] Waiting on fbcode//buiksat_trm:upi_trm_train (cfg:opt-linux-x86_64-fbcode-platform010-clang19-no-san-opt-by-default#7bc20b5dff24e379) -- materializing `__link_groups__/triton/_C/libtriton.so`
[2026-01-20T08:41:50.329-08:00] Waiting on buck2 daemon fd29035c-f494-4211-9451-363ace12d217...
[2026-01-20T08:41:50.329-08:00] Network: Up: 362MiB 1.7MiB/s  Down: 824MiB  10MiB/s  (reSessionID-d72ed767-22ed-49d1-b30a-bfa3a023d46d)
[2026-01-20T08:41:50.329-08:00] Resource usage: RSS: 18GiB CPU: 2223%
[2026-01-20T08:41:50.329-08:00] IO: none
[2026-01-20T08:41:57.329-08:00] Waiting on buck2 daemon fd29035c-f494-4211-9451-363ace12d217...
[2026-01-20T08:41:57.329-08:00] Network: Up: 364MiB 117KiB/s  Down: 825MiB 3.4KiB/s  (reSessionID-d72ed767-22ed-49d1-b30a-bfa3a023d46d)
[2026-01-20T08:41:57.329-08:00] Resource usage: RSS: 18GiB CPU: 106%
[2026-01-20T08:41:57.329-08:00] IO: none
[2026-01-20T08:42:04.429-08:00] Waiting on fbcode//buiksat_trm:upi_trm_train (cfg:opt-linux-x86_64-fbcode-platform010-clang19-no-san-opt-by-default#7bc20b5dff24e379) -- materializing `manifest/__manifest__.py`
[2026-01-20T08:42:11.529-08:00] Waiting on fbcode//buiksat_trm:upi_trm_train (cfg:opt-linux-x86_64-fbcode-platform010-clang19-no-san-opt-by-default#7bc20b5dff24e379) -- materializing `manifest/__manifest__.py`
[2026-01-20T08:42:18.529-08:00] Waiting on buck2 daemon fd29035c-f494-4211-9451-363ace12d217...
[2026-01-20T08:42:18.529-08:00] Network: Up: 367MiB 2.3MiB/s  Down: 995MiB  12MiB/s  (reSessionID-d72ed767-22ed-49d1-b30a-bfa3a023d46d)
[2026-01-20T08:42:18.529-08:00] Resource usage: RSS: 19GiB CPU: 2991%
[2026-01-20T08:42:18.529-08:00] IO: none
[2026-01-20T08:42:25.629-08:00] Waiting on buck2 daemon fd29035c-f494-4211-9451-363ace12d217...
[2026-01-20T08:42:25.629-08:00] Network: Up: 368MiB 516KiB/s  Down: 2.2GiB 565MiB/s  (reSessionID-d72ed767-22ed-49d1-b30a-bfa3a023d46d)
[2026-01-20T08:42:25.629-08:00] Resource usage: RSS: 20GiB CPU: 2546%
[2026-01-20T08:42:25.629-08:00] IO: none
[2026-01-20T08:42:32.629-08:00] Waiting on buck2 daemon fd29035c-f494-4211-9451-363ace12d217...
[2026-01-20T08:42:32.629-08:00] Network: Up: 370MiB 476KiB/s  Down: 2.2GiB 121KiB/s  (reSessionID-d72ed767-22ed-49d1-b30a-bfa3a023d46d)
[2026-01-20T08:42:32.629-08:00] Resource usage: RSS: 18GiB CPU: 315%
[2026-01-20T08:42:32.629-08:00] IO: none
[2026-01-20T08:42:39.729-08:00] Waiting on buck2 daemon fd29035c-f494-4211-9451-363ace12d217...
[2026-01-20T08:42:39.729-08:00] Network: Up: 373MiB 845KiB/s  Down: 2.2GiB 2.7MiB/s  (reSessionID-d72ed767-22ed-49d1-b30a-bfa3a023d46d)
[2026-01-20T08:42:39.729-08:00] Resource usage: RSS: 18GiB CPU: 818%
[2026-01-20T08:42:39.729-08:00] IO: none
[2026-01-20T08:42:46.729-08:00] Waiting on buck2 daemon fd29035c-f494-4211-9451-363ace12d217...
[2026-01-20T08:42:46.729-08:00] Network: Up: 376MiB 1.0MiB/s  Down: 2.3GiB 4.2MiB/s  (reSessionID-d72ed767-22ed-49d1-b30a-bfa3a023d46d)
[2026-01-20T08:42:46.729-08:00] Resource usage: RSS: 18GiB CPU: 658%
[2026-01-20T08:42:46.729-08:00] IO: Symlink: 3 Stat: 1
[2026-01-20T08:42:53.829-08:00] Waiting on buck2 daemon fd29035c-f494-4211-9451-363ace12d217...
[2026-01-20T08:42:53.829-08:00] Network: Up: 380MiB 101KiB/s  Down: 2.5GiB  24MiB/s  (reSessionID-d72ed767-22ed-49d1-b30a-bfa3a023d46d)
[2026-01-20T08:42:53.829-08:00] Resource usage: RSS: 18GiB CPU: 608%
[2026-01-20T08:42:53.829-08:00] IO: none
[2026-01-20T08:43:00.929-08:00] Waiting on buck2 daemon fd29035c-f494-4211-9451-363ace12d217...
[2026-01-20T08:43:00.929-08:00] Network: Up: 423MiB           Down: 2.5GiB 1.1KiB/s  (reSessionID-d72ed767-22ed-49d1-b30a-bfa3a023d46d)
[2026-01-20T08:43:00.929-08:00] Resource usage: RSS: 18GiB CPU: 76%
[2026-01-20T08:43:00.929-08:00] IO: none
[2026-01-20T08:43:07.929-08:00] Waiting on buck2 daemon fd29035c-f494-4211-9451-363ace12d217...
[2026-01-20T08:43:07.929-08:00] Network: Up: 424MiB 571KiB/s  Down: 2.5GiB 1.7KiB/s  (reSessionID-d72ed767-22ed-49d1-b30a-bfa3a023d46d)
[2026-01-20T08:43:07.929-08:00] Resource usage: RSS: 18GiB CPU: 100%
[2026-01-20T08:43:07.929-08:00] IO: none
[2026-01-20T08:43:15.029-08:00] Waiting on buck2 daemon fd29035c-f494-4211-9451-363ace12d217...
[2026-01-20T08:43:15.029-08:00] Network: Up: 424MiB           Down: 2.5GiB           (reSessionID-d72ed767-22ed-49d1-b30a-bfa3a023d46d)
[2026-01-20T08:43:15.029-08:00] Resource usage: RSS: 18GiB CPU: 70%
[2026-01-20T08:43:15.029-08:00] IO: none
[2026-01-20T08:43:22.128-08:00] Waiting on buck2 daemon fd29035c-f494-4211-9451-363ace12d217...
[2026-01-20T08:43:22.128-08:00] Network: Up: 424MiB  62KiB/s  Down: 2.6GiB 8.2MiB/s  (reSessionID-d72ed767-22ed-49d1-b30a-bfa3a023d46d)
[2026-01-20T08:43:22.128-08:00] Resource usage: RSS: 18GiB CPU: 135%
[2026-01-20T08:43:22.128-08:00] IO: none
[2026-01-20T08:43:29.129-08:00] Waiting on buck2 daemon fd29035c-f494-4211-9451-363ace12d217...
[2026-01-20T08:43:29.129-08:00] Network: Up: 426MiB 144KiB/s  Down: 2.6GiB  15MiB/s  (reSessionID-d72ed767-22ed-49d1-b30a-bfa3a023d46d)
[2026-01-20T08:43:29.129-08:00] Resource usage: RSS: 18GiB CPU: 121%
[2026-01-20T08:43:29.129-08:00] IO: none
[2026-01-20T08:43:36.229-08:00] Waiting on buck2 daemon fd29035c-f494-4211-9451-363ace12d217...
[2026-01-20T08:43:36.229-08:00] Network: Up: 426MiB           Down: 2.6GiB           (reSessionID-d72ed767-22ed-49d1-b30a-bfa3a023d46d)
[2026-01-20T08:43:36.229-08:00] Resource usage: RSS: 18GiB CPU: 51%
[2026-01-20T08:43:36.229-08:00] IO: none
[2026-01-20T08:43:43.328-08:00] Waiting on buck2 daemon fd29035c-f494-4211-9451-363ace12d217...
[2026-01-20T08:43:43.329-08:00] Network: Up: 426MiB           Down: 2.6GiB 1.8KiB/s  (reSessionID-d72ed767-22ed-49d1-b30a-bfa3a023d46d)
[2026-01-20T08:43:43.329-08:00] Resource usage: RSS: 18GiB CPU: 52%
[2026-01-20T08:43:43.329-08:00] IO: none
[2026-01-20T08:43:50.429-08:00] Waiting on buck2 daemon fd29035c-f494-4211-9451-363ace12d217...
[2026-01-20T08:43:50.429-08:00] Network: Up: 426MiB           Down: 2.6GiB           (reSessionID-d72ed767-22ed-49d1-b30a-bfa3a023d46d)
[2026-01-20T08:43:50.429-08:00] Resource usage: RSS: 17GiB CPU: 38%
[2026-01-20T08:43:50.429-08:00] IO: none
[2026-01-20T08:43:57.529-08:00] Waiting on buck2 daemon fd29035c-f494-4211-9451-363ace12d217...
[2026-01-20T08:43:57.529-08:00] Network: Up: 426MiB           Down: 2.6GiB           (reSessionID-d72ed767-22ed-49d1-b30a-bfa3a023d46d)
[2026-01-20T08:43:57.529-08:00] Resource usage: RSS: 17GiB CPU: 36%
[2026-01-20T08:43:57.529-08:00] IO: none
[2026-01-20T08:44:04.629-08:00] Waiting on buck2 daemon fd29035c-f494-4211-9451-363ace12d217...
[2026-01-20T08:44:04.629-08:00] Network: Up: 426MiB           Down: 2.6GiB           (reSessionID-d72ed767-22ed-49d1-b30a-bfa3a023d46d)
[2026-01-20T08:44:04.629-08:00] Resource usage: RSS: 17GiB CPU: 38%
[2026-01-20T08:44:04.629-08:00] IO: none
[2026-01-20T08:44:11.629-08:00] Waiting on buck2 daemon fd29035c-f494-4211-9451-363ace12d217...
[2026-01-20T08:44:11.629-08:00] Network: Up: 426MiB           Down: 2.6GiB           (reSessionID-d72ed767-22ed-49d1-b30a-bfa3a023d46d)
[2026-01-20T08:44:11.629-08:00] Resource usage: RSS: 17GiB CPU: 39%
[2026-01-20T08:44:11.629-08:00] IO: none
[2026-01-20T08:44:18.729-08:00] Waiting on buck2 daemon fd29035c-f494-4211-9451-363ace12d217...
[2026-01-20T08:44:18.729-08:00] Network: Up: 426MiB           Down: 2.6GiB           (reSessionID-d72ed767-22ed-49d1-b30a-bfa3a023d46d)
[2026-01-20T08:44:18.729-08:00] Resource usage: RSS: 17GiB CPU: 39%
[2026-01-20T08:44:18.729-08:00] IO: none
[2026-01-20T08:44:25.729-08:00] Waiting on buck2 daemon fd29035c-f494-4211-9451-363ace12d217...
[2026-01-20T08:44:25.729-08:00] Network: Up: 426MiB           Down: 2.6GiB           (reSessionID-d72ed767-22ed-49d1-b30a-bfa3a023d46d)
[2026-01-20T08:44:25.729-08:00] Resource usage: RSS: 17GiB CPU: 38%
[2026-01-20T08:44:25.729-08:00] IO: none
[2026-01-20T08:44:32.829-08:00] Waiting on buck2 daemon fd29035c-f494-4211-9451-363ace12d217...
[2026-01-20T08:44:32.829-08:00] Network: Up: 426MiB           Down: 2.6GiB           (reSessionID-d72ed767-22ed-49d1-b30a-bfa3a023d46d)
[2026-01-20T08:44:32.829-08:00] Resource usage: RSS: 17GiB CPU: 43%
[2026-01-20T08:44:32.829-08:00] IO: none
[2026-01-20T08:44:39.929-08:00] Waiting on buck2 daemon fd29035c-f494-4211-9451-363ace12d217...
[2026-01-20T08:44:39.929-08:00] Network: Up: 426MiB           Down: 2.6GiB           (reSessionID-d72ed767-22ed-49d1-b30a-bfa3a023d46d)
[2026-01-20T08:44:39.929-08:00] Resource usage: RSS: 17GiB CPU: 39%
[2026-01-20T08:44:39.929-08:00] IO: none
[2026-01-20T08:44:47.029-08:00] Waiting on buck2 daemon fd29035c-f494-4211-9451-363ace12d217...
[2026-01-20T08:44:47.029-08:00] Network: Up: 426MiB           Down: 2.6GiB           (reSessionID-d72ed767-22ed-49d1-b30a-bfa3a023d46d)
[2026-01-20T08:44:47.029-08:00] Resource usage: RSS: 17GiB CPU: 39%
[2026-01-20T08:44:47.029-08:00] IO: none
[2026-01-20T08:44:54.029-08:00] Waiting on buck2 daemon fd29035c-f494-4211-9451-363ace12d217...
[2026-01-20T08:44:54.029-08:00] Network: Up: 426MiB           Down: 2.6GiB           (reSessionID-d72ed767-22ed-49d1-b30a-bfa3a023d46d)
[2026-01-20T08:44:54.029-08:00] Resource usage: RSS: 17GiB CPU: 33%
[2026-01-20T08:44:54.029-08:00] IO: none
[2026-01-20T08:45:01.129-08:00] Waiting on buck2 daemon fd29035c-f494-4211-9451-363ace12d217...
[2026-01-20T08:45:01.129-08:00] Network: Up: 426MiB           Down: 2.6GiB           (reSessionID-d72ed767-22ed-49d1-b30a-bfa3a023d46d)
[2026-01-20T08:45:01.129-08:00] Resource usage: RSS: 17GiB CPU: 34%
[2026-01-20T08:45:01.129-08:00] IO: none
[2026-01-20T08:45:08.229-08:00] Waiting on buck2 daemon fd29035c-f494-4211-9451-363ace12d217...
[2026-01-20T08:45:08.229-08:00] Network: Up: 426MiB           Down: 2.6GiB           (reSessionID-d72ed767-22ed-49d1-b30a-bfa3a023d46d)
[2026-01-20T08:45:08.229-08:00] Resource usage: RSS: 17GiB CPU: 34%
[2026-01-20T08:45:08.229-08:00] IO: none
[2026-01-20T08:45:15.229-08:00] Waiting on buck2 daemon fd29035c-f494-4211-9451-363ace12d217...
[2026-01-20T08:45:15.229-08:00] Network: Up: 426MiB           Down: 2.6GiB           (reSessionID-d72ed767-22ed-49d1-b30a-bfa3a023d46d)
[2026-01-20T08:45:15.229-08:00] Resource usage: RSS: 17GiB CPU: 37%
[2026-01-20T08:45:15.229-08:00] IO: none
[2026-01-20T08:45:22.329-08:00] Waiting on buck2 daemon fd29035c-f494-4211-9451-363ace12d217...
[2026-01-20T08:45:22.329-08:00] Network: Up: 426MiB           Down: 2.6GiB           (reSessionID-d72ed767-22ed-49d1-b30a-bfa3a023d46d)
[2026-01-20T08:45:22.329-08:00] Resource usage: RSS: 17GiB CPU: 37%
[2026-01-20T08:45:22.329-08:00] IO: none
[2026-01-20T08:45:29.428-08:00] Waiting on buck2 daemon fd29035c-f494-4211-9451-363ace12d217...
[2026-01-20T08:45:29.428-08:00] Network: Up: 426MiB           Down: 2.6GiB           (reSessionID-d72ed767-22ed-49d1-b30a-bfa3a023d46d)
[2026-01-20T08:45:29.428-08:00] Resource usage: RSS: 17GiB CPU: 34%
[2026-01-20T08:45:29.428-08:00] IO: none
[2026-01-20T08:45:36.429-08:00] Waiting on buck2 daemon fd29035c-f494-4211-9451-363ace12d217...
[2026-01-20T08:45:36.429-08:00] Network: Up: 426MiB           Down: 2.6GiB           (reSessionID-d72ed767-22ed-49d1-b30a-bfa3a023d46d)
[2026-01-20T08:45:36.429-08:00] Resource usage: RSS: 17GiB CPU: 45%
[2026-01-20T08:45:36.429-08:00] IO: none
[2026-01-20T08:45:43.429-08:00] Waiting on buck2 daemon fd29035c-f494-4211-9451-363ace12d217...
[2026-01-20T08:45:43.429-08:00] Network: Up: 426MiB 1.6KiB/s  Down: 2.6GiB 1.0MiB/s  (reSessionID-d72ed767-22ed-49d1-b30a-bfa3a023d46d)
[2026-01-20T08:45:43.429-08:00] Resource usage: RSS: 22GiB CPU: 467%
[2026-01-20T08:45:43.429-08:00] IO: none
[2026-01-20T08:45:50.529-08:00] Waiting on buck2 daemon fd29035c-f494-4211-9451-363ace12d217...
[2026-01-20T08:45:50.529-08:00] Network: Up: 458MiB           Down: 3.2GiB 123MiB/s  (reSessionID-d72ed767-22ed-49d1-b30a-bfa3a023d46d)
[2026-01-20T08:45:50.529-08:00] Resource usage: RSS: 20GiB CPU: 1461%
[2026-01-20T08:45:50.529-08:00] IO: Symlink: 2 MkDir: 1 Stat: 1
[2026-01-20T08:45:57.628-08:00] Waiting on buck2 daemon fd29035c-f494-4211-9451-363ace12d217...
[2026-01-20T08:45:57.628-08:00] Network: Up: 458MiB           Down: 4.2GiB 116MiB/s  (reSessionID-d72ed767-22ed-49d1-b30a-bfa3a023d46d)
[2026-01-20T08:45:57.628-08:00] Resource usage: RSS: 19GiB CPU: 1343%
[2026-01-20T08:45:57.629-08:00] IO: MkDir: 4
[2026-01-20T08:46:04.629-08:00] Waiting on buck2 daemon fd29035c-f494-4211-9451-363ace12d217...
[2026-01-20T08:46:04.629-08:00] Network: Up: 458MiB           Down: 4.3GiB           (reSessionID-d72ed767-22ed-49d1-b30a-bfa3a023d46d)
[2026-01-20T08:46:04.629-08:00] Resource usage: RSS: 18GiB CPU: 42%
[2026-01-20T08:46:04.629-08:00] IO: none
[2026-01-20T08:46:11.729-08:00] Waiting on buck2 daemon fd29035c-f494-4211-9451-363ace12d217...
[2026-01-20T08:46:11.729-08:00] Network: Up: 458MiB           Down: 4.3GiB           (reSessionID-d72ed767-22ed-49d1-b30a-bfa3a023d46d)
[2026-01-20T08:46:11.729-08:00] Resource usage: RSS: 18GiB CPU: 43%
[2026-01-20T08:46:11.729-08:00] IO: none
[2026-01-20T08:46:18.829-08:00] Waiting on buck2 daemon fd29035c-f494-4211-9451-363ace12d217...
[2026-01-20T08:46:18.829-08:00] Network: Up: 458MiB           Down: 4.3GiB           (reSessionID-d72ed767-22ed-49d1-b30a-bfa3a023d46d)
[2026-01-20T08:46:18.829-08:00] Resource usage: RSS: 18GiB CPU: 45%
[2026-01-20T08:46:18.829-08:00] IO: none
[2026-01-20T08:46:25.929-08:00] Waiting on buck2 daemon fd29035c-f494-4211-9451-363ace12d217...
[2026-01-20T08:46:25.929-08:00] Network: Up: 458MiB           Down: 4.3GiB           (reSessionID-d72ed767-22ed-49d1-b30a-bfa3a023d46d)
[2026-01-20T08:46:25.929-08:00] Resource usage: RSS: 18GiB CPU: 64%
[2026-01-20T08:46:25.929-08:00] IO: none
[2026-01-20T08:46:33.028-08:00] Waiting on buck2 daemon fd29035c-f494-4211-9451-363ace12d217...
[2026-01-20T08:46:33.029-08:00] Network: Up: 458MiB           Down: 4.3GiB           (reSessionID-d72ed767-22ed-49d1-b30a-bfa3a023d46d)
[2026-01-20T08:46:33.029-08:00] Resource usage: RSS: 18GiB CPU: 71%
[2026-01-20T08:46:33.029-08:00] IO: Read: 1
[2026-01-20T08:46:34.868-08:00] Network: Up: 458MiB  Down: 4.3GiB  (reSessionID-d72ed767-22ed-49d1-b30a-bfa3a023d46d)
BUILD SUCCEEDED - starting your binary
[INFO] Using feasibility-aware Sudoku checker for 4x4
       score = filled - 2.0*violations - 5.0*zeroCand
       Max score: 16 (all filled, no violations)
[INFO] Training for 20000 steps (gamma=0.990, K=1, inner_unroll_n=2)
[INFO] Terminal rewards: solve=1.000, fail=-16.000
[INFO] Using TRM backbone (hidden=64, H=2, L=2)
[DEBUG] Policy head STOP bias: 0.00 (should be 0.0 for uniform init)
[INFO] Puzzle embeddings DISABLED (set --puzzle-emb-ndim > 0 to enable)
/data/repos/fbsource/buck-out/v2/gen/fbcode/7bc20b5dff24e379/buiksat_trm/__upi_trm_train__/upi_trm_train#link-tree/torch/cuda/__init__.py:373: UserWarning: Found GPU0 NVIDIA A100-PG509-200 which is of compute capability (CC) 8.0.
The following list shows the CCs this version of PyTorch was built for and the hardware CCs it supports:
Please follow the instructions at https://pytorch.org/get-started/locally/ to install a PyTorch release that supports one of these CUDA versions: 12.6, 12.8, 13.0
  _warn_unsupported_code(d, device_cc, code_ccs)
INFO:2026-01-20 08:46:44 574293:574293 CuptiCallbackApi.cpp:74] Callback: domain = 3, cbid = 1
INFO:2026-01-20 08:46:44 574293:574293 CuptiActivityProfiler.cpp:245] CUDA versions. CUPTI: 22; Runtime: 12040; Driver: 12040
INFO:2026-01-20 08:46:44 574293:673253 FBConfig.cpp:330] Perfetto builder enabled: 1
INFO:2026-01-20 08:46:44 574293:673253 DynoConfigLoader.cpp:61] Setting communication fabric enabled = 0
INFO:2026-01-20 08:46:44 574293:673253 DynoConfigLoader.cpp:61] Setting communication fabric enabled = 0
TritonTraceHandler: disabled because /logs does not exist
===========[FB_TRITON]=========== Triton Version: 3.3.2+fb
[INFO] Using UPI-TRM algorithm (K=1, inner_n=2)
[INFO] Checkpoint directory: checkpoints/rl_sudoku-4x4-easy_6to8empties_seed123

============================================================
UPI-TRM THEORY ALIGNMENT CHECK
============================================================
⚠ Configuration has theory gaps:
  • enable_contraction=False disables spectral normalization (Assumption 4.2). L_z < 1 contraction not enforced.
  • exact_baseline_summation=False: Using approximate baseline. This gives O(ε_A/(1-γ)) bound instead of O(α·ε_A) from Theorem 5.9. For discrete action spaces (Sudoku), enable for tighter bounds.
  • theory_exact_mixture=False: Using parameter-space interpolation for CPI, which is NOT equivalent to policy-space mixture. The CPI improvement guarantee does not strictly apply. Set theory_exact_mixture=True for theory-exact behavior (but slower due to evaluating two networks).

Theory status:
  Forward-invariant projection: ✓
  Contraction enforced (L_z < 1): ✗
  Exact baseline (Thm 5.9): ✗
  Distillation (not in theory): ✓ disabled

Is theory-exact: False
============================================================

UPI-TRM theoretical dials:
  L_z target (rl_cfg.target_Lz): 0.9
  L_V target (rl_cfg.target_Lv): 1.0
  Inner unroll n (rl_cfg.inner_unroll_n): 2
  K-step horizon K (rl_cfg.K): 1
  Mixture alpha (rl_cfg.mixture_alpha): 0.1
  Latent ball radius (rl_cfg.latent_ball_radius): 10.0
  Episodic latent: False
  Exact K-step targets: False
  Exact baseline summation: False

[INFO] STOP action mode: disabled
[INFO] Forward-invariant projection enabled (R=10.0)
[WandB] Disabled by default (enable with: --wandb)
[DEBUG] Action mask: 28 valid actions out of 97 total
[DEBUG] Latent mode: persistent
[DEBUG] Step 0 probs: STOP=0.000000, edits=1.000000
[DEBUG] Top 5 action probs: torch.return_types.topk(
values=tensor([0.0485, 0.0431, 0.0418, 0.0405, 0.0395], device='cuda:0',
       grad_fn=<TopkBackward0>),
indices=tensor([59, 11, 88, 14, 81], device='cuda:0'))
[step 00050] value_loss=22.512650 policy_loss=1.679054
[step 00050] VALUE_DEBUG: target(mean=-1.77 std=4.65 min=-15.88 max=6.05) V(s)(mean=-1.17 std=0.24) reward(mean=-1.731 std=4.654) clip=50.0
[step 00100] value_loss=19.152874 policy_loss=0.568143
[step 00100] VALUE_DEBUG: target(mean=-2.11 std=4.45 min=-17.90 max=5.28) V(s)(mean=-2.15 std=0.37) reward(mean=-1.284 std=4.516) clip=50.0
[step 00100] eval_success_rate=0.000 eval_mean_score=4.960 eval_policy_mode=greedy [solved=0/50, score_range=-8.00-11.00/16.0, initial=9.00]
[step 00100] PROGRESS: filled=10.30 violations=1.52 zero_cand=0.46
[step 00100] DEBUG: ep_len=16.0 ep_ret=-30.533 stop_prob=0.000 score_chg=-15.1125
[step 00150] value_loss=24.283752 policy_loss=-0.266065
[step 00150] VALUE_DEBUG: target(mean=-3.96 std=4.86 min=-19.92 max=2.29) V(s)(mean=-2.96 std=0.49) reward(mean=-2.481 std=5.276) clip=50.0
[step 00200] value_loss=21.352499 policy_loss=-0.352450
[step 00200] VALUE_DEBUG: target(mean=-4.78 std=4.54 min=-21.92 max=1.79) V(s)(mean=-3.70 std=0.65) reward(mean=-2.499 std=4.817) clip=50.0
[step 00200] eval_success_rate=0.000 eval_mean_score=8.020 eval_policy_mode=greedy [solved=0/50, score_range=-1.00-11.00/16.0, initial=9.00]
[step 00200] PROGRESS: filled=10.20 violations=0.54 zero_cand=0.22
[step 00200] DEBUG: ep_len=16.0 ep_ret=-30.129 stop_prob=0.000 score_chg=-14.6450
[step 00250] value_loss=25.079870 policy_loss=-0.569120
[step 00250] VALUE_DEBUG: target(mean=-6.09 std=4.92 min=-19.84 max=1.96) V(s)(mean=-5.11 std=0.74) reward(mean=-3.157 std=5.862) clip=50.0
[step 00300] value_loss=12.355309 policy_loss=-0.384287
[step 00300] VALUE_DEBUG: target(mean=-5.99 std=3.52 min=-12.78 max=1.56) V(s)(mean=-5.66 std=0.75) reward(mean=-1.913 std=3.487) clip=50.0
[step 00300] eval_success_rate=0.000 eval_mean_score=9.580 eval_policy_mode=greedy [solved=0/50, score_range=4.00-12.00/16.0, initial=9.00]
[step 00300] PROGRESS: filled=10.26 violations=0.34 zero_cand=0.00
[step 00300] DEBUG: ep_len=16.0 ep_ret=-29.235 stop_prob=0.000 score_chg=-13.4750
[step 00350] value_loss=12.467409 policy_loss=0.083592
[step 00350] VALUE_DEBUG: target(mean=-4.72 std=3.42 min=-12.20 max=1.33) V(s)(mean=-6.27 std=0.94) reward(mean=0.081 std=3.219) clip=50.0
[step 00400] value_loss=24.847673 policy_loss=-0.783612
[step 00400] VALUE_DEBUG: target(mean=-7.17 std=5.01 min=-17.35 max=2.17) V(s)(mean=-6.98 std=0.86) reward(mean=-1.908 std=5.668) clip=50.0
[step 00400] eval_success_rate=0.000 eval_mean_score=9.960 eval_policy_mode=greedy [solved=0/50, score_range=8.00-12.00/16.0, initial=9.00]
[step 00400] PROGRESS: filled=10.08 violations=0.06 zero_cand=0.00
[step 00400] DEBUG: ep_len=16.0 ep_ret=-26.898 stop_prob=0.000 score_chg=-10.8800
[step 00450] value_loss=22.855402 policy_loss=-1.230772
[step 00450] VALUE_DEBUG: target(mean=-9.51 std=4.11 min=-20.04 max=-1.98) V(s)(mean=-7.19 std=1.38) reward(mean=-4.329 std=5.795) clip=50.0
[step 00500] value_loss=20.680412 policy_loss=-0.896119
[step 00500] VALUE_DEBUG: target(mean=-8.63 std=4.60 min=-21.52 max=-0.32) V(s)(mean=-7.34 std=1.20) reward(mean=-2.722 std=5.470) clip=50.0
[step 00500] eval_success_rate=0.000 eval_mean_score=10.000 eval_policy_mode=greedy [solved=0/50, score_range=8.00-11.00/16.0, initial=9.00]
[step 00500] PROGRESS: filled=10.08 violations=0.04 zero_cand=0.00
[step 00500] DEBUG: ep_len=16.0 ep_ret=-25.001 stop_prob=0.000 score_chg=-8.5425
[step 00550] value_loss=14.878448 policy_loss=-0.851737
[step 00550] VALUE_DEBUG: target(mean=-8.77 std=3.79 min=-19.88 max=0.09) V(s)(mean=-8.97 std=1.31) reward(mean=-1.981 std=5.092) clip=50.0
[step 00600] value_loss=7.267713 policy_loss=-0.773828
[step 00600] VALUE_DEBUG: target(mean=-9.10 std=3.42 min=-18.83 max=-1.41) V(s)(mean=-9.01 std=1.40) reward(mean=-1.545 std=2.756) clip=50.0
[step 00600] eval_success_rate=0.000 eval_mean_score=10.160 eval_policy_mode=greedy [solved=0/50, score_range=9.00-12.00/16.0, initial=9.00]
[step 00600] PROGRESS: filled=10.16 violations=0.00 zero_cand=0.00
[step 00600] DEBUG: ep_len=16.0 ep_ret=-22.037 stop_prob=0.000 score_chg=-5.4350
[step 00650] value_loss=24.397243 policy_loss=0.714163
[step 00650] VALUE_DEBUG: target(mean=-8.84 std=4.67 min=-19.86 max=2.18) V(s)(mean=-10.39 std=1.52) reward(mean=-1.154 std=5.790) clip=50.0
[step 00700] value_loss=8.383317 policy_loss=0.470345
[step 00700] VALUE_DEBUG: target(mean=-9.03 std=3.30 min=-20.20 max=-2.36) V(s)(mean=-9.09 std=1.48) reward(mean=-0.825 std=3.041) clip=50.0
[step 00700] eval_success_rate=0.000 eval_mean_score=10.120 eval_policy_mode=greedy [solved=0/50, score_range=9.00-12.00/16.0, initial=9.00]
[step 00700] PROGRESS: filled=10.12 violations=0.00 zero_cand=0.00
[step 00700] DEBUG: ep_len=16.0 ep_ret=-20.208 stop_prob=0.000 score_chg=-3.2425
[step 00750] value_loss=18.457550 policy_loss=-0.491272
[step 00750] VALUE_DEBUG: target(mean=-9.87 std=4.39 min=-19.99 max=-2.89) V(s)(mean=-10.33 std=1.55) reward(mean=-0.779 std=3.948) clip=50.0
[step 00800] value_loss=10.714196 policy_loss=-0.215046
[step 00800] VALUE_DEBUG: target(mean=-11.00 std=3.22 min=-20.88 max=-7.18) V(s)(mean=-10.17 std=1.19) reward(mean=-2.409 std=4.781) clip=50.0
[step 00800] eval_success_rate=0.000 eval_mean_score=10.180 eval_policy_mode=greedy [solved=0/50, score_range=9.00-12.00/16.0, initial=9.00]
[step 00800] PROGRESS: filled=10.18 violations=0.00 zero_cand=0.00
[step 00800] DEBUG: ep_len=16.0 ep_ret=-19.516 stop_prob=0.000 score_chg=-2.3250
[step 00850] value_loss=7.016255 policy_loss=-0.322177
[step 00850] VALUE_DEBUG: target(mean=-10.82 std=3.05 min=-18.31 max=-5.16) V(s)(mean=-10.73 std=1.51) reward(mean=-0.896 std=3.239) clip=50.0
[step 00900] value_loss=11.692865 policy_loss=0.688455
[step 00900] VALUE_DEBUG: target(mean=-10.48 std=3.22 min=-17.91 max=-3.80) V(s)(mean=-10.72 std=1.40) reward(mean=-1.164 std=4.640) clip=50.0
[step 00900] eval_success_rate=0.000 eval_mean_score=10.220 eval_policy_mode=greedy [solved=0/50, score_range=9.00-12.00/16.0, initial=9.00]
[step 00900] PROGRESS: filled=10.22 violations=0.00 zero_cand=0.00
[step 00900] DEBUG: ep_len=16.0 ep_ret=-18.687 stop_prob=0.000 score_chg=-1.4175
[step 00950] value_loss=10.418621 policy_loss=1.647628
[step 00950] VALUE_DEBUG: target(mean=-11.34 std=3.33 min=-19.97 max=-3.97) V(s)(mean=-10.65 std=1.18) reward(mean=-1.745 std=5.054) clip=50.0
[step 01000] value_loss=15.559019 policy_loss=1.161465
[step 01000] VALUE_DEBUG: target(mean=-11.84 std=4.32 min=-23.49 max=-4.50) V(s)(mean=-11.70 std=1.46) reward(mean=-1.867 std=5.412) clip=50.0
[step 01000] eval_success_rate=0.000 eval_mean_score=10.220 eval_policy_mode=greedy [solved=0/50, score_range=9.00-12.00/16.0, initial=9.00]
[step 01000] PROGRESS: filled=10.22 violations=0.00 zero_cand=0.00
[step 01000] DEBUG: ep_len=16.0 ep_ret=-18.150 stop_prob=0.000 score_chg=-0.9750
[Checkpoint] Saved to checkpoints/rl_sudoku-4x4-easy_6to8empties_seed123/rl_checkpoint_step_1000.pt
[step 01050] value_loss=7.470095 policy_loss=0.030919
[step 01050] VALUE_DEBUG: target(mean=-11.09 std=3.08 min=-18.92 max=-4.42) V(s)(mean=-11.33 std=1.43) reward(mean=-1.753 std=5.849) clip=50.0
[step 01100] value_loss=13.149763 policy_loss=-0.433839
[step 01100] VALUE_DEBUG: target(mean=-13.74 std=3.63 min=-21.90 max=-5.95) V(s)(mean=-12.77 std=1.27) reward(mean=-3.296 std=5.681) clip=50.0
[step 01100] eval_success_rate=0.000 eval_mean_score=10.220 eval_policy_mode=greedy [solved=0/50, score_range=9.00-11.00/16.0, initial=9.00]
[step 01100] PROGRESS: filled=10.22 violations=0.00 zero_cand=0.00
[step 01100] DEBUG: ep_len=15.9 ep_ret=-17.490 stop_prob=0.000 score_chg=-0.3650
[step 01150] value_loss=9.709137 policy_loss=0.901986
[step 01150] VALUE_DEBUG: target(mean=-12.71 std=3.24 min=-19.70 max=-6.29) V(s)(mean=-11.83 std=1.49) reward(mean=-1.730 std=4.474) clip=50.0
[step 01200] value_loss=6.602957 policy_loss=1.088791
[step 01200] VALUE_DEBUG: target(mean=-12.24 std=2.79 min=-17.55 max=-3.83) V(s)(mean=-12.41 std=1.54) reward(mean=-1.087 std=4.607) clip=50.0
[step 01200] eval_success_rate=0.000 eval_mean_score=10.260 eval_policy_mode=greedy [solved=0/50, score_range=9.00-12.00/16.0, initial=9.00]
[step 01200] PROGRESS: filled=10.26 violations=0.00 zero_cand=0.00
[step 01200] DEBUG: ep_len=16.0 ep_ret=-17.035 stop_prob=0.000 score_chg=0.2650
[step 01250] value_loss=6.876273 policy_loss=1.149704
[step 01250] VALUE_DEBUG: target(mean=-13.51 std=2.50 min=-20.28 max=-9.96) V(s)(mean=-13.34 std=1.11) reward(mean=-0.998 std=2.543) clip=50.0
[step 01300] value_loss=8.233351 policy_loss=0.978594
[step 01300] VALUE_DEBUG: target(mean=-13.13 std=3.06 min=-20.99 max=-7.19) V(s)(mean=-12.36 std=1.25) reward(mean=-1.156 std=3.799) clip=50.0
[step 01300] eval_success_rate=0.000 eval_mean_score=10.200 eval_policy_mode=greedy [solved=0/50, score_range=9.00-12.00/16.0, initial=9.00]
[step 01300] PROGRESS: filled=10.20 violations=0.00 zero_cand=0.00
[step 01300] DEBUG: ep_len=16.0 ep_ret=-17.155 stop_prob=0.000 score_chg=0.1600
[step 01350] value_loss=13.057281 policy_loss=0.731336
[step 01350] VALUE_DEBUG: target(mean=-13.41 std=4.01 min=-20.89 max=-0.34) V(s)(mean=-13.40 std=1.29) reward(mean=-1.818 std=5.452) clip=50.0
[step 01400] value_loss=8.618251 policy_loss=0.064075
[step 01400] VALUE_DEBUG: target(mean=-13.00 std=3.08 min=-21.91 max=-6.29) V(s)(mean=-13.27 std=1.18) reward(mean=-0.534 std=4.556) clip=50.0
[step 01400] eval_success_rate=0.000 eval_mean_score=10.480 eval_policy_mode=greedy [solved=0/50, score_range=9.00-12.00/16.0, initial=9.00]
[step 01400] PROGRESS: filled=10.48 violations=0.00 zero_cand=0.00
[step 01400] DEBUG: ep_len=16.0 ep_ret=-17.180 stop_prob=0.000 score_chg=-0.0175
[step 01450] value_loss=7.057931 policy_loss=0.993863
[step 01450] VALUE_DEBUG: target(mean=-13.87 std=2.76 min=-22.82 max=-10.22) V(s)(mean=-13.41 std=1.08) reward(mean=-1.894 std=4.702) clip=50.0
[step 01500] value_loss=3.089677 policy_loss=0.419050
[step 01500] VALUE_DEBUG: target(mean=-13.91 std=2.25 min=-20.61 max=-9.67) V(s)(mean=-13.43 std=1.35) reward(mean=-1.555 std=3.983) clip=50.0
[step 01500] eval_success_rate=0.000 eval_mean_score=10.200 eval_policy_mode=greedy [solved=0/50, score_range=9.00-12.00/16.0, initial=9.00]
[step 01500] PROGRESS: filled=10.20 violations=0.00 zero_cand=0.00
[step 01500] DEBUG: ep_len=15.9 ep_ret=-16.415 stop_prob=0.000 score_chg=0.6250
[step 01550] value_loss=9.415449 policy_loss=0.815296
[step 01550] VALUE_DEBUG: target(mean=-14.79 std=3.00 min=-22.83 max=-11.39) V(s)(mean=-14.18 std=0.96) reward(mean=-2.542 std=5.705) clip=50.0
[step 01600] value_loss=5.851579 policy_loss=-0.093002
[step 01600] VALUE_DEBUG: target(mean=-13.73 std=2.48 min=-20.08 max=-4.14) V(s)(mean=-14.74 std=1.43) reward(mean=-0.253 std=3.458) clip=50.0
[step 01600] eval_success_rate=0.000 eval_mean_score=10.300 eval_policy_mode=greedy [solved=0/50, score_range=9.00-13.00/16.0, initial=9.00]
[step 01600] PROGRESS: filled=10.30 violations=0.00 zero_cand=0.00
[step 01600] DEBUG: ep_len=16.0 ep_ret=-16.752 stop_prob=0.000 score_chg=0.4250
[step 01650] value_loss=7.923029 policy_loss=0.675708
[step 01650] VALUE_DEBUG: target(mean=-14.34 std=3.09 min=-23.28 max=-6.64) V(s)(mean=-14.18 std=1.10) reward(mean=-0.942 std=3.938) clip=50.0
[step 01700] value_loss=8.363462 policy_loss=0.457767
[step 01700] VALUE_DEBUG: target(mean=-13.91 std=2.67 min=-19.96 max=-6.93) V(s)(mean=-14.97 std=1.74) reward(mean=-0.718 std=4.801) clip=50.0
[step 01700] eval_success_rate=0.000 eval_mean_score=10.700 eval_policy_mode=greedy [solved=0/50, score_range=9.00-12.00/16.0, initial=9.00]
[step 01700] PROGRESS: filled=10.70 violations=0.00 zero_cand=0.00
[step 01700] DEBUG: ep_len=15.9 ep_ret=-15.987 stop_prob=0.000 score_chg=0.9650
[step 01750] value_loss=10.682901 policy_loss=0.343018
[step 01750] VALUE_DEBUG: target(mean=-14.13 std=3.52 min=-23.42 max=-5.87) V(s)(mean=-14.39 std=1.16) reward(mean=0.047 std=3.380) clip=50.0
[step 01800] value_loss=7.179265 policy_loss=0.505301
[step 01800] VALUE_DEBUG: target(mean=-14.64 std=2.49 min=-22.03 max=-7.62) V(s)(mean=-14.65 std=1.07) reward(mean=-2.701 std=7.023) clip=50.0
[step 01800] eval_success_rate=0.000 eval_mean_score=10.520 eval_policy_mode=greedy [solved=0/50, score_range=9.00-13.00/16.0, initial=9.00]
[step 01800] PROGRESS: filled=10.52 violations=0.00 zero_cand=0.00
[step 01800] DEBUG: ep_len=15.8 ep_ret=-15.620 stop_prob=0.000 score_chg=1.2000
[step 01850] value_loss=2.205289 policy_loss=0.456346
[step 01850] VALUE_DEBUG: target(mean=-14.38 std=1.99 min=-20.47 max=-11.24) V(s)(mean=-14.06 std=1.11) reward(mean=-0.809 std=3.089) clip=50.0
[step 01900] value_loss=6.340164 policy_loss=0.700722
[step 01900] VALUE_DEBUG: target(mean=-14.05 std=2.56 min=-19.59 max=-6.34) V(s)(mean=-13.48 std=0.94) reward(mean=-0.560 std=3.713) clip=50.0
[step 01900] eval_success_rate=0.000 eval_mean_score=10.680 eval_policy_mode=greedy [solved=0/50, score_range=9.00-13.00/16.0, initial=9.00]
[step 01900] PROGRESS: filled=10.68 violations=0.00 zero_cand=0.00
[step 01900] DEBUG: ep_len=15.9 ep_ret=-15.665 stop_prob=0.000 score_chg=1.3700
[step 01950] value_loss=7.265083 policy_loss=-0.722665
[step 01950] VALUE_DEBUG: target(mean=-14.81 std=2.35 min=-21.40 max=-9.58) V(s)(mean=-14.17 std=0.96) reward(mean=-0.558 std=2.689) clip=50.0
[step 02000] value_loss=5.307512 policy_loss=0.223636
[step 02000] VALUE_DEBUG: target(mean=-14.84 std=2.20 min=-21.88 max=-10.98) V(s)(mean=-14.43 std=0.99) reward(mean=-1.152 std=3.520) clip=50.0
[step 02000] eval_success_rate=0.000 eval_mean_score=10.700 eval_policy_mode=greedy [solved=0/50, score_range=9.00-13.00/16.0, initial=9.00]
[step 02000] PROGRESS: filled=10.70 violations=0.00 zero_cand=0.00
[step 02000] DEBUG: ep_len=15.9 ep_ret=-15.327 stop_prob=0.000 score_chg=1.5400
[Checkpoint] Saved to checkpoints/rl_sudoku-4x4-easy_6to8empties_seed123/rl_checkpoint_step_2000.pt
[step 02050] value_loss=3.213023 policy_loss=0.186600
[step 02050] VALUE_DEBUG: target(mean=-14.82 std=1.90 min=-22.13 max=-12.34) V(s)(mean=-14.36 std=0.79) reward(mean=-1.690 std=4.946) clip=50.0
[step 02100] value_loss=2.127552 policy_loss=0.007338
[step 02100] VALUE_DEBUG: target(mean=-14.49 std=1.69 min=-20.03 max=-10.34) V(s)(mean=-14.87 std=0.94) reward(mean=-0.845 std=4.130) clip=50.0
[step 02100] eval_success_rate=0.000 eval_mean_score=10.620 eval_policy_mode=greedy [solved=0/50, score_range=9.00-14.00/16.0, initial=9.00]
[step 02100] PROGRESS: filled=10.62 violations=0.00 zero_cand=0.00
[step 02100] DEBUG: ep_len=15.9 ep_ret=-15.250 stop_prob=0.000 score_chg=1.6975
[step 02150] value_loss=4.854479 policy_loss=0.218426
[step 02150] VALUE_DEBUG: target(mean=-14.57 std=2.34 min=-20.81 max=-7.39) V(s)(mean=-15.19 std=0.91) reward(mean=-0.759 std=3.730) clip=50.0
[step 02200] value_loss=11.244350 policy_loss=1.409245
[step 02200] VALUE_DEBUG: target(mean=-15.06 std=3.62 min=-27.75 max=-8.14) V(s)(mean=-15.33 std=1.12) reward(mean=-0.860 std=4.364) clip=50.0
[step 02200] eval_success_rate=0.000 eval_mean_score=10.980 eval_policy_mode=greedy [solved=0/50, score_range=9.00-13.00/16.0, initial=9.00]
[step 02200] PROGRESS: filled=10.98 violations=0.00 zero_cand=0.00
[step 02200] DEBUG: ep_len=15.8 ep_ret=-15.397 stop_prob=0.000 score_chg=1.5000
[step 02250] value_loss=5.611051 policy_loss=0.244184
[step 02250] VALUE_DEBUG: target(mean=-14.80 std=2.61 min=-25.44 max=-9.33) V(s)(mean=-14.58 std=0.96) reward(mean=-0.597 std=3.597) clip=50.0
[step 02300] value_loss=5.307907 policy_loss=-0.229257
[step 02300] VALUE_DEBUG: target(mean=-14.53 std=2.46 min=-23.35 max=-9.44) V(s)(mean=-14.34 std=0.88) reward(mean=-1.089 std=4.456) clip=50.0
[step 02300] eval_success_rate=0.000 eval_mean_score=10.700 eval_policy_mode=greedy [solved=0/50, score_range=9.00-12.00/16.0, initial=9.00]
[step 02300] PROGRESS: filled=10.70 violations=0.00 zero_cand=0.00
[step 02300] DEBUG: ep_len=15.9 ep_ret=-14.998 stop_prob=0.000 score_chg=2.0975
[step 02350] value_loss=6.820354 policy_loss=0.344193
[step 02350] VALUE_DEBUG: target(mean=-15.54 std=2.76 min=-22.08 max=-6.57) V(s)(mean=-14.99 std=0.94) reward(mean=-1.000 std=3.842) clip=50.0
[step 02400] value_loss=6.577507 policy_loss=0.442789
[step 02400] VALUE_DEBUG: target(mean=-14.50 std=2.40 min=-21.25 max=-8.36) V(s)(mean=-15.30 std=0.70) reward(mean=-0.191 std=3.711) clip=50.0
[step 02400] eval_success_rate=0.000 eval_mean_score=11.280 eval_policy_mode=greedy [solved=0/50, score_range=10.00-14.00/16.0, initial=9.00]
[step 02400] PROGRESS: filled=11.28 violations=0.00 zero_cand=0.00
[step 02400] DEBUG: ep_len=15.8 ep_ret=-15.011 stop_prob=0.000 score_chg=1.7150
[step 02450] value_loss=3.798359 policy_loss=0.222313
[step 02450] VALUE_DEBUG: target(mean=-14.79 std=2.27 min=-21.78 max=-8.94) V(s)(mean=-14.83 std=0.68) reward(mean=-0.881 std=4.382) clip=50.0
[step 02500] value_loss=7.995705 policy_loss=-0.184646
[step 02500] VALUE_DEBUG: target(mean=-14.83 std=3.06 min=-22.44 max=-4.28) V(s)(mean=-15.10 std=0.77) reward(mean=-1.234 std=5.652) clip=50.0
[step 02500] eval_success_rate=0.000 eval_mean_score=10.740 eval_policy_mode=greedy [solved=0/50, score_range=9.00-13.00/16.0, initial=9.00]
[step 02500] PROGRESS: filled=10.74 violations=0.00 zero_cand=0.00
[step 02500] DEBUG: ep_len=15.8 ep_ret=-14.608 stop_prob=0.000 score_chg=1.9850
[step 02550] value_loss=6.284052 policy_loss=0.912295
[step 02550] VALUE_DEBUG: target(mean=-15.04 std=2.77 min=-23.11 max=-6.67) V(s)(mean=-14.58 std=0.87) reward(mean=-1.515 std=5.449) clip=50.0
[step 02600] value_loss=2.365590 policy_loss=1.152816
[step 02600] VALUE_DEBUG: target(mean=-15.07 std=2.11 min=-22.28 max=-9.67) V(s)(mean=-15.14 std=1.08) reward(mean=-1.087 std=4.129) clip=50.0
[step 02600] eval_success_rate=0.000 eval_mean_score=10.960 eval_policy_mode=greedy [solved=0/50, score_range=9.00-13.00/16.0, initial=9.00]
[step 02600] PROGRESS: filled=10.96 violations=0.00 zero_cand=0.00
[step 02600] DEBUG: ep_len=15.8 ep_ret=-14.719 stop_prob=0.000 score_chg=1.8550
[step 02650] value_loss=9.517668 policy_loss=0.431197
[step 02650] VALUE_DEBUG: target(mean=-15.62 std=3.00 min=-25.17 max=-12.36) V(s)(mean=-14.44 std=1.06) reward(mean=-1.309 std=3.892) clip=50.0
[step 02700] value_loss=6.941243 policy_loss=0.567366
[step 02700] VALUE_DEBUG: target(mean=-14.64 std=2.63 min=-21.59 max=-8.78) V(s)(mean=-14.69 std=1.10) reward(mean=-0.506 std=3.826) clip=50.0
[step 02700] eval_success_rate=0.000 eval_mean_score=10.880 eval_policy_mode=greedy [solved=0/50, score_range=9.00-13.00/16.0, initial=9.00]
[step 02700] PROGRESS: filled=10.88 violations=0.00 zero_cand=0.00
[step 02700] DEBUG: ep_len=15.7 ep_ret=-14.260 stop_prob=0.000 score_chg=2.1125
[step 02750] value_loss=18.061455 policy_loss=0.125205
[step 02750] VALUE_DEBUG: target(mean=-14.10 std=4.88 min=-22.42 max=1.84) V(s)(mean=-14.30 std=1.14) reward(mean=-1.406 std=6.913) clip=50.0
[step 02800] value_loss=5.274936 policy_loss=0.099551
[step 02800] VALUE_DEBUG: target(mean=-15.24 std=2.29 min=-21.97 max=-11.21) V(s)(mean=-14.99 std=0.91) reward(mean=-1.384 std=4.437) clip=50.0
[step 02800] eval_success_rate=0.000 eval_mean_score=11.140 eval_policy_mode=greedy [solved=0/50, score_range=9.00-13.00/16.0, initial=9.00]
[step 02800] PROGRESS: filled=11.14 violations=0.00 zero_cand=0.00
[step 02800] DEBUG: ep_len=15.8 ep_ret=-14.836 stop_prob=0.000 score_chg=1.8975
[step 02850] value_loss=5.277637 policy_loss=0.441809
[step 02850] VALUE_DEBUG: target(mean=-15.24 std=2.33 min=-23.03 max=-6.29) V(s)(mean=-15.62 std=0.83) reward(mean=-1.600 std=5.212) clip=50.0
[step 02900] value_loss=2.957271 policy_loss=-0.214079
[step 02900] VALUE_DEBUG: target(mean=-14.60 std=1.89 min=-19.98 max=-8.81) V(s)(mean=-14.34 std=0.93) reward(mean=-0.927 std=4.238) clip=50.0
[step 02900] eval_success_rate=0.000 eval_mean_score=11.580 eval_policy_mode=greedy [solved=0/50, score_range=9.00-15.00/16.0, initial=9.00]
[step 02900] PROGRESS: filled=11.58 violations=0.00 zero_cand=0.00
[step 02900] DEBUG: ep_len=15.4 ep_ret=-12.947 stop_prob=0.000 score_chg=2.6325
[step 02950] value_loss=2.006246 policy_loss=1.176999
[step 02950] VALUE_DEBUG: target(mean=-14.55 std=1.48 min=-16.25 max=-8.43) V(s)(mean=-14.48 std=0.79) reward(mean=-1.113 std=4.983) clip=50.0
[step 03000] value_loss=3.818097 policy_loss=0.066767
[step 03000] VALUE_DEBUG: target(mean=-15.40 std=2.24 min=-22.15 max=-11.12) V(s)(mean=-14.88 std=1.24) reward(mean=-1.403 std=4.277) clip=50.0
[step 03000] eval_success_rate=0.040 eval_mean_score=11.600 eval_policy_mode=greedy [solved=2/50, score_range=9.00-16.00/16.0, initial=9.00]
[step 03000] PROGRESS: filled=11.60 violations=0.00 zero_cand=0.00
[step 03000] DEBUG: ep_len=15.4 ep_ret=-12.254 stop_prob=0.000 score_chg=2.9400
[Checkpoint] Saved to checkpoints/rl_sudoku-4x4-easy_6to8empties_seed123/rl_checkpoint_step_3000.pt
[step 03050] value_loss=3.322773 policy_loss=0.706692
[step 03050] VALUE_DEBUG: target(mean=-14.22 std=1.90 min=-18.52 max=-9.20) V(s)(mean=-14.94 std=0.97) reward(mean=-0.406 std=3.609) clip=50.0
[step 03100] value_loss=4.934219 policy_loss=-0.399863
[step 03100] VALUE_DEBUG: target(mean=-15.04 std=2.23 min=-20.84 max=-8.28) V(s)(mean=-15.08 std=1.14) reward(mean=-1.196 std=4.170) clip=50.0
[step 03100] eval_success_rate=0.000 eval_mean_score=11.360 eval_policy_mode=greedy [solved=0/50, score_range=10.00-14.00/16.0, initial=9.00]
[step 03100] PROGRESS: filled=11.36 violations=0.00 zero_cand=0.00
[step 03100] DEBUG: ep_len=15.5 ep_ret=-13.427 stop_prob=0.000 score_chg=2.4500
[step 03150] value_loss=11.286468 policy_loss=0.146884
[step 03150] VALUE_DEBUG: target(mean=-14.22 std=3.34 min=-20.47 max=1.84) V(s)(mean=-15.02 std=0.80) reward(mean=-0.986 std=3.961) clip=50.0
[step 03200] value_loss=5.773245 policy_loss=-0.196121
[step 03200] VALUE_DEBUG: target(mean=-15.49 std=2.59 min=-23.48 max=-11.35) V(s)(mean=-14.80 std=1.23) reward(mean=-2.138 std=5.075) clip=50.0
[step 03200] eval_success_rate=0.020 eval_mean_score=11.360 eval_policy_mode=greedy [solved=1/50, score_range=9.00-16.00/16.0, initial=9.00]
[step 03200] PROGRESS: filled=11.36 violations=0.00 zero_cand=0.00
[step 03200] DEBUG: ep_len=15.5 ep_ret=-12.771 stop_prob=0.000 score_chg=2.7675
[step 03250] value_loss=2.961228 policy_loss=-0.428290
[step 03250] VALUE_DEBUG: target(mean=-14.65 std=2.60 min=-21.22 max=-5.21) V(s)(mean=-14.61 std=1.55) reward(mean=-0.015 std=1.848) clip=50.0
[step 03300] value_loss=3.796546 policy_loss=0.083841
[step 03300] VALUE_DEBUG: target(mean=-15.02 std=2.29 min=-24.53 max=-12.18) V(s)(mean=-14.40 std=1.04) reward(mean=-0.892 std=3.343) clip=50.0
[step 03300] eval_success_rate=0.000 eval_mean_score=11.640 eval_policy_mode=greedy [solved=0/50, score_range=10.00-14.00/16.0, initial=9.00]
[step 03300] PROGRESS: filled=11.64 violations=0.00 zero_cand=0.00
[step 03300] DEBUG: ep_len=15.6 ep_ret=-13.324 stop_prob=0.000 score_chg=2.4725
[step 03350] value_loss=6.404312 policy_loss=0.145695
[step 03350] VALUE_DEBUG: target(mean=-14.19 std=2.90 min=-20.69 max=-5.19) V(s)(mean=-14.58 std=0.96) reward(mean=-0.791 std=5.656) clip=50.0
[step 03400] value_loss=5.321502 policy_loss=-0.046156
[step 03400] VALUE_DEBUG: target(mean=-14.77 std=2.48 min=-23.17 max=-8.41) V(s)(mean=-14.34 std=1.74) reward(mean=-1.346 std=4.381) clip=50.0
[step 03400] eval_success_rate=0.000 eval_mean_score=11.380 eval_policy_mode=greedy [solved=0/50, score_range=9.00-14.00/16.0, initial=9.00]
[step 03400] PROGRESS: filled=11.38 violations=0.00 zero_cand=0.00
[step 03400] DEBUG: ep_len=15.7 ep_ret=-13.480 stop_prob=0.000 score_chg=2.6525
[step 03450] value_loss=5.356655 policy_loss=0.644485
[step 03450] VALUE_DEBUG: target(mean=-15.41 std=2.62 min=-20.51 max=-7.13) V(s)(mean=-15.04 std=1.13) reward(mean=-2.980 std=5.422) clip=50.0
[step 03500] value_loss=2.652303 policy_loss=0.394519
[step 03500] VALUE_DEBUG: target(mean=-14.11 std=1.81 min=-19.37 max=-9.17) V(s)(mean=-14.60 std=1.25) reward(mean=-0.735 std=4.269) clip=50.0
[step 03500] eval_success_rate=0.000 eval_mean_score=11.940 eval_policy_mode=greedy [solved=0/50, score_range=9.00-15.00/16.0, initial=9.00]
[step 03500] PROGRESS: filled=11.94 violations=0.00 zero_cand=0.00
[step 03500] DEBUG: ep_len=15.6 ep_ret=-13.176 stop_prob=0.000 score_chg=2.7875
[step 03550] value_loss=15.262718 policy_loss=-0.808850
[step 03550] VALUE_DEBUG: target(mean=-13.36 std=3.79 min=-21.38 max=1.84) V(s)(mean=-15.13 std=1.27) reward(mean=0.404 std=3.808) clip=50.0
[step 03600] value_loss=3.813076 policy_loss=-0.078588
[step 03600] VALUE_DEBUG: target(mean=-13.93 std=2.52 min=-20.58 max=-5.30) V(s)(mean=-13.26 std=1.44) reward(mean=-0.605 std=4.409) clip=50.0
[step 03600] eval_success_rate=0.020 eval_mean_score=11.400 eval_policy_mode=greedy [solved=1/50, score_range=9.00-16.00/16.0, initial=9.00]
[step 03600] PROGRESS: filled=11.40 violations=0.00 zero_cand=0.00
[step 03600] DEBUG: ep_len=15.4 ep_ret=-12.623 stop_prob=0.000 score_chg=2.7975
[step 03650] value_loss=11.093670 policy_loss=0.141337
[step 03650] VALUE_DEBUG: target(mean=-14.70 std=3.73 min=-24.60 max=1.84) V(s)(mean=-14.69 std=1.17) reward(mean=-1.237 std=4.271) clip=50.0
[step 03700] value_loss=1.563236 policy_loss=0.282442
[step 03700] VALUE_DEBUG: target(mean=-14.36 std=1.50 min=-19.40 max=-10.79) V(s)(mean=-13.78 std=1.06) reward(mean=-0.983 std=4.033) clip=50.0
[step 03700] eval_success_rate=0.040 eval_mean_score=12.140 eval_policy_mode=greedy [solved=2/50, score_range=9.00-16.00/16.0, initial=9.00]
[step 03700] PROGRESS: filled=12.14 violations=0.00 zero_cand=0.00
[step 03700] DEBUG: ep_len=15.2 ep_ret=-12.129 stop_prob=0.000 score_chg=2.9100
[step 03750] value_loss=1.252340 policy_loss=0.314595
[step 03750] VALUE_DEBUG: target(mean=-13.95 std=1.84 min=-17.36 max=-7.53) V(s)(mean=-14.34 std=1.51) reward(mean=0.357 std=1.090) clip=50.0
[step 03800] value_loss=2.992682 policy_loss=-0.638935
[step 03800] VALUE_DEBUG: target(mean=-13.70 std=1.99 min=-18.13 max=-7.64) V(s)(mean=-14.45 std=1.30) reward(mean=0.076 std=2.193) clip=50.0
[step 03800] eval_success_rate=0.020 eval_mean_score=12.200 eval_policy_mode=greedy [solved=1/50, score_range=9.00-16.00/16.0, initial=9.00]
[step 03800] PROGRESS: filled=12.20 violations=0.00 zero_cand=0.00
[step 03800] DEBUG: ep_len=15.5 ep_ret=-12.862 stop_prob=0.000 score_chg=2.9650
[step 03850] value_loss=4.727502 policy_loss=0.438158
[step 03850] VALUE_DEBUG: target(mean=-14.18 std=2.87 min=-21.05 max=-4.19) V(s)(mean=-13.98 std=1.56) reward(mean=-0.897 std=4.445) clip=50.0
[step 03900] value_loss=4.600515 policy_loss=1.861370
[step 03900] VALUE_DEBUG: target(mean=-13.89 std=2.18 min=-20.19 max=-8.55) V(s)(mean=-13.77 std=1.24) reward(mean=-0.120 std=3.548) clip=50.0
[step 03900] eval_success_rate=0.040 eval_mean_score=12.060 eval_policy_mode=greedy [solved=2/50, score_range=9.00-16.00/16.0, initial=9.00]
[step 03900] PROGRESS: filled=12.06 violations=0.00 zero_cand=0.00
[step 03900] DEBUG: ep_len=15.2 ep_ret=-11.538 stop_prob=0.000 score_chg=3.1675
[step 03950] value_loss=10.847859 policy_loss=-0.093570
[step 03950] VALUE_DEBUG: target(mean=-13.79 std=3.55 min=-22.12 max=-1.75) V(s)(mean=-14.06 std=1.48) reward(mean=-0.139 std=4.289) clip=50.0
[step 04000] value_loss=6.647195 policy_loss=0.243313
[step 04000] VALUE_DEBUG: target(mean=-13.01 std=2.43 min=-17.50 max=-7.96) V(s)(mean=-14.64 std=1.71) reward(mean=1.149 std=1.952) clip=50.0
[step 04000] eval_success_rate=0.000 eval_mean_score=11.820 eval_policy_mode=greedy [solved=0/50, score_range=9.00-14.00/16.0, initial=9.00]
[step 04000] PROGRESS: filled=11.82 violations=0.00 zero_cand=0.00
[step 04000] DEBUG: ep_len=15.4 ep_ret=-12.248 stop_prob=0.000 score_chg=3.2325
[Checkpoint] Saved to checkpoints/rl_sudoku-4x4-easy_6to8empties_seed123/rl_checkpoint_step_4000.pt
[step 04050] value_loss=11.489230 policy_loss=0.269771
[step 04050] VALUE_DEBUG: target(mean=-12.82 std=4.28 min=-21.16 max=1.84) V(s)(mean=-13.42 std=1.55) reward(mean=0.706 std=2.664) clip=50.0
[step 04100] value_loss=2.108944 policy_loss=0.442410
[step 04100] VALUE_DEBUG: target(mean=-14.11 std=1.93 min=-20.14 max=-11.43) V(s)(mean=-14.42 std=1.11) reward(mean=-0.515 std=2.965) clip=50.0
[step 04100] eval_success_rate=0.020 eval_mean_score=12.500 eval_policy_mode=greedy [solved=1/50, score_range=9.00-16.00/16.0, initial=9.00]
[step 04100] PROGRESS: filled=12.50 violations=0.00 zero_cand=0.00
[step 04100] DEBUG: ep_len=15.3 ep_ret=-11.448 stop_prob=0.000 score_chg=3.4700
[step 04150] value_loss=3.808162 policy_loss=1.555851
[step 04150] VALUE_DEBUG: target(mean=-13.93 std=2.43 min=-20.29 max=-9.81) V(s)(mean=-13.75 std=1.69) reward(mean=-2.016 std=5.840) clip=50.0
[step 04200] value_loss=1.742239 policy_loss=0.825240
[step 04200] VALUE_DEBUG: target(mean=-14.17 std=1.96 min=-17.79 max=-8.76) V(s)(mean=-13.74 std=1.61) reward(mean=-1.958 std=5.439) clip=50.0
[step 04200] eval_success_rate=0.000 eval_mean_score=12.640 eval_policy_mode=greedy [solved=0/50, score_range=9.00-15.00/16.0, initial=9.00]
[step 04200] PROGRESS: filled=12.64 violations=0.00 zero_cand=0.00
[step 04200] DEBUG: ep_len=15.3 ep_ret=-11.253 stop_prob=0.000 score_chg=3.7025
[step 04250] value_loss=4.646355 policy_loss=-0.485002
[step 04250] VALUE_DEBUG: target(mean=-13.85 std=2.92 min=-22.08 max=-9.11) V(s)(mean=-13.86 std=1.94) reward(mean=-2.354 std=6.169) clip=50.0
[step 04300] value_loss=14.688628 policy_loss=0.516391
[step 04300] VALUE_DEBUG: target(mean=-13.22 std=4.14 min=-22.09 max=1.84) V(s)(mean=-13.62 std=1.34) reward(mean=-1.368 std=6.064) clip=50.0
[step 04300] eval_success_rate=0.120 eval_mean_score=12.960 eval_policy_mode=greedy [solved=6/50, score_range=10.00-16.00/16.0, initial=9.00]
[step 04300] PROGRESS: filled=12.96 violations=0.00 zero_cand=0.00
[step 04300] DEBUG: ep_len=15.0 ep_ret=-10.272 stop_prob=0.000 score_chg=3.9700
[step 04350] value_loss=4.564479 policy_loss=-1.026330
[step 04350] VALUE_DEBUG: target(mean=-14.05 std=2.40 min=-21.15 max=-9.05) V(s)(mean=-13.44 std=1.25) reward(mean=-1.181 std=4.384) clip=50.0
[step 04400] value_loss=6.600190 policy_loss=-0.110944
[step 04400] VALUE_DEBUG: target(mean=-14.78 std=2.74 min=-21.52 max=-7.83) V(s)(mean=-14.01 std=1.56) reward(mean=-1.573 std=4.473) clip=50.0
[step 04400] eval_success_rate=0.060 eval_mean_score=12.800 eval_policy_mode=greedy [solved=3/50, score_range=9.00-16.00/16.0, initial=9.00]
[step 04400] PROGRESS: filled=12.80 violations=0.00 zero_cand=0.00
[step 04400] DEBUG: ep_len=15.1 ep_ret=-11.173 stop_prob=0.000 score_chg=3.6200
[step 04450] value_loss=11.906689 policy_loss=-0.866152
[step 04450] VALUE_DEBUG: target(mean=-13.04 std=4.53 min=-21.20 max=6.84) V(s)(mean=-13.49 std=2.14) reward(mean=-0.301 std=3.464) clip=50.0
[step 04500] value_loss=2.657597 policy_loss=0.188549
[step 04500] VALUE_DEBUG: target(mean=-13.18 std=2.39 min=-16.13 max=-4.97) V(s)(mean=-13.50 std=1.38) reward(mean=-0.307 std=3.738) clip=50.0
[step 04500] eval_success_rate=0.040 eval_mean_score=12.780 eval_policy_mode=greedy [solved=2/50, score_range=10.00-16.00/16.0, initial=9.00]
[step 04500] PROGRESS: filled=12.78 violations=0.00 zero_cand=0.00
[step 04500] DEBUG: ep_len=14.8 ep_ret=-10.600 stop_prob=0.000 score_chg=3.6525
[step 04550] value_loss=8.261488 policy_loss=-0.136714
[step 04550] VALUE_DEBUG: target(mean=-13.56 std=2.97 min=-21.50 max=-5.83) V(s)(mean=-14.43 std=1.81) reward(mean=0.168 std=2.863) clip=50.0
[step 04600] value_loss=10.190598 policy_loss=0.041276
[step 04600] VALUE_DEBUG: target(mean=-14.67 std=3.52 min=-23.31 max=-8.44) V(s)(mean=-14.22 std=1.32) reward(mean=-1.636 std=4.891) clip=50.0
[step 04600] eval_success_rate=0.000 eval_mean_score=12.180 eval_policy_mode=greedy [solved=0/50, score_range=9.00-15.00/16.0, initial=9.00]
[step 04600] PROGRESS: filled=12.18 violations=0.00 zero_cand=0.00
[step 04600] DEBUG: ep_len=15.0 ep_ret=-9.957 stop_prob=0.000 score_chg=4.1725
[step 04650] value_loss=4.697415 policy_loss=1.541849
[step 04650] VALUE_DEBUG: target(mean=-14.19 std=2.94 min=-22.04 max=-8.39) V(s)(mean=-14.16 std=2.10) reward(mean=-1.348 std=4.425) clip=50.0
[step 04700] value_loss=6.205836 policy_loss=-1.112069
[step 04700] VALUE_DEBUG: target(mean=-13.79 std=3.07 min=-20.82 max=-7.31) V(s)(mean=-13.64 std=1.73) reward(mean=-1.050 std=4.733) clip=50.0
[step 04700] eval_success_rate=0.140 eval_mean_score=13.600 eval_policy_mode=greedy [solved=7/50, score_range=10.00-16.00/16.0, initial=9.00]
[step 04700] PROGRESS: filled=13.60 violations=0.00 zero_cand=0.00
[step 04700] DEBUG: ep_len=14.7 ep_ret=-9.388 stop_prob=0.000 score_chg=3.9100
[step 04750] value_loss=20.652807 policy_loss=-0.590883
[step 04750] VALUE_DEBUG: target(mean=-14.09 std=4.57 min=-27.49 max=1.84) V(s)(mean=-13.49 std=1.98) reward(mean=-2.440 std=5.430) clip=50.0
[step 04800] value_loss=10.301588 policy_loss=-0.888072
[step 04800] VALUE_DEBUG: target(mean=-13.09 std=4.41 min=-23.62 max=1.84) V(s)(mean=-13.28 std=2.18) reward(mean=-0.579 std=3.719) clip=50.0
[step 04800] eval_success_rate=0.120 eval_mean_score=13.460 eval_policy_mode=greedy [solved=6/50, score_range=10.00-16.00/16.0, initial=9.00]
[step 04800] PROGRESS: filled=13.46 violations=0.00 zero_cand=0.00
[step 04800] DEBUG: ep_len=14.7 ep_ret=-9.671 stop_prob=0.000 score_chg=4.1200
[step 04850] value_loss=4.747852 policy_loss=0.176844
[step 04850] VALUE_DEBUG: target(mean=-12.77 std=2.95 min=-21.85 max=-6.78) V(s)(mean=-13.36 std=1.81) reward(mean=0.169 std=3.587) clip=50.0
[step 04900] value_loss=2.090661 policy_loss=0.168411
[step 04900] VALUE_DEBUG: target(mean=-13.43 std=2.07 min=-17.45 max=-8.45) V(s)(mean=-13.79 std=1.95) reward(mean=0.567 std=1.445) clip=50.0
[step 04900] eval_success_rate=0.140 eval_mean_score=13.480 eval_policy_mode=greedy [solved=7/50, score_range=11.00-16.00/16.0, initial=9.00]
[step 04900] PROGRESS: filled=13.48 violations=0.00 zero_cand=0.00
[step 04900] DEBUG: ep_len=14.2 ep_ret=-6.833 stop_prob=0.000 score_chg=4.5025
[step 04950] value_loss=8.474772 policy_loss=0.440553
[step 04950] VALUE_DEBUG: target(mean=-12.82 std=4.27 min=-20.47 max=1.84) V(s)(mean=-13.17 std=2.24) reward(mean=-0.649 std=4.557) clip=50.0
[step 05000] value_loss=6.404627 policy_loss=0.212060
[step 05000] VALUE_DEBUG: target(mean=-12.83 std=3.13 min=-19.04 max=-4.58) V(s)(mean=-12.82 std=2.47) reward(mean=-0.149 std=3.458) clip=50.0
[step 05000] eval_success_rate=0.140 eval_mean_score=13.120 eval_policy_mode=greedy [solved=7/50, score_range=9.00-16.00/16.0, initial=9.00]
[step 05000] PROGRESS: filled=13.12 violations=0.00 zero_cand=0.00
[step 05000] DEBUG: ep_len=14.5 ep_ret=-8.242 stop_prob=0.000 score_chg=4.1725
[Checkpoint] Saved to checkpoints/rl_sudoku-4x4-easy_6to8empties_seed123/rl_checkpoint_step_5000.pt
[step 05050] value_loss=10.918606 policy_loss=0.478153
[step 05050] VALUE_DEBUG: target(mean=-13.65 std=3.59 min=-20.91 max=-5.29) V(s)(mean=-12.53 std=2.10) reward(mean=-1.420 std=4.708) clip=50.0
[step 05100] value_loss=4.790323 policy_loss=0.115082
[step 05100] VALUE_DEBUG: target(mean=-12.39 std=3.35 min=-21.62 max=-4.57) V(s)(mean=-12.44 std=2.64) reward(mean=0.230 std=2.370) clip=50.0
[step 05100] eval_success_rate=0.140 eval_mean_score=13.180 eval_policy_mode=greedy [solved=7/50, score_range=9.00-16.00/16.0, initial=9.00]
[step 05100] PROGRESS: filled=13.18 violations=0.00 zero_cand=0.00
[step 05100] DEBUG: ep_len=14.5 ep_ret=-8.813 stop_prob=0.000 score_chg=4.1600
[step 05150] value_loss=4.292490 policy_loss=-0.063438
[step 05150] VALUE_DEBUG: target(mean=-13.60 std=2.86 min=-22.01 max=-8.25) V(s)(mean=-13.26 std=2.12) reward(mean=-1.449 std=4.894) clip=50.0
[step 05200] value_loss=9.378866 policy_loss=1.184031
[step 05200] VALUE_DEBUG: target(mean=-13.83 std=4.10 min=-23.87 max=1.84) V(s)(mean=-14.12 std=2.06) reward(mean=-0.802 std=4.641) clip=50.0
[step 05200] eval_success_rate=0.140 eval_mean_score=13.280 eval_policy_mode=greedy [solved=7/50, score_range=9.00-16.00/16.0, initial=9.00]
[step 05200] PROGRESS: filled=13.28 violations=0.00 zero_cand=0.00
[step 05200] DEBUG: ep_len=14.2 ep_ret=-7.736 stop_prob=0.000 score_chg=4.4350
[step 05250] value_loss=7.186993 policy_loss=-0.517054
[step 05250] VALUE_DEBUG: target(mean=-12.81 std=4.50 min=-21.31 max=1.84) V(s)(mean=-13.37 std=2.96) reward(mean=-0.078 std=2.123) clip=50.0
[step 05300] value_loss=2.374709 policy_loss=0.883183
[step 05300] VALUE_DEBUG: target(mean=-12.99 std=2.95 min=-16.64 max=-5.74) V(s)(mean=-12.87 std=2.83) reward(mean=-0.740 std=3.686) clip=50.0
[step 05300] eval_success_rate=0.140 eval_mean_score=13.280 eval_policy_mode=greedy [solved=7/50, score_range=9.00-16.00/16.0, initial=9.00]
[step 05300] PROGRESS: filled=13.28 violations=0.00 zero_cand=0.00
[step 05300] DEBUG: ep_len=14.1 ep_ret=-7.619 stop_prob=0.000 score_chg=4.4050
[step 05350] value_loss=11.605756 policy_loss=-1.939820
[step 05350] VALUE_DEBUG: target(mean=-12.44 std=4.54 min=-20.31 max=1.84) V(s)(mean=-13.96 std=2.94) reward(mean=0.065 std=4.100) clip=50.0
[step 05400] value_loss=4.281219 policy_loss=-0.252466
[step 05400] VALUE_DEBUG: target(mean=-12.72 std=3.36 min=-18.92 max=-3.58) V(s)(mean=-12.80 std=2.67) reward(mean=-1.027 std=5.237) clip=50.0
[step 05400] eval_success_rate=0.120 eval_mean_score=13.580 eval_policy_mode=greedy [solved=6/50, score_range=9.00-16.00/16.0, initial=9.00]
[step 05400] PROGRESS: filled=13.58 violations=0.00 zero_cand=0.00
[step 05400] DEBUG: ep_len=14.3 ep_ret=-7.427 stop_prob=0.000 score_chg=4.7275
[step 05450] value_loss=4.862296 policy_loss=-0.218272
[step 05450] VALUE_DEBUG: target(mean=-14.16 std=2.65 min=-23.26 max=-8.36) V(s)(mean=-13.85 std=1.68) reward(mean=-1.453 std=4.406) clip=50.0
[step 05500] value_loss=5.842306 policy_loss=-0.249523
[step 05500] VALUE_DEBUG: target(mean=-12.59 std=3.81 min=-21.67 max=-2.76) V(s)(mean=-13.49 std=3.29) reward(mean=-0.464 std=4.006) clip=50.0
[step 05500] eval_success_rate=0.160 eval_mean_score=13.560 eval_policy_mode=greedy [solved=8/50, score_range=9.00-16.00/16.0, initial=9.00]
[step 05500] PROGRESS: filled=13.56 violations=0.00 zero_cand=0.00
[step 05500] DEBUG: ep_len=14.0 ep_ret=-7.454 stop_prob=0.000 score_chg=4.3325
[step 05550] value_loss=5.245217 policy_loss=-0.281758
[step 05550] VALUE_DEBUG: target(mean=-11.51 std=3.46 min=-17.23 max=1.84) V(s)(mean=-12.24 std=2.64) reward(mean=0.661 std=1.244) clip=50.0
[step 05600] value_loss=9.382334 policy_loss=-1.528667
[step 05600] VALUE_DEBUG: target(mean=-12.59 std=4.43 min=-20.01 max=1.84) V(s)(mean=-13.01 std=3.45) reward(mean=0.231 std=3.743) clip=50.0
[step 05600] eval_success_rate=0.280 eval_mean_score=14.100 eval_policy_mode=greedy [solved=14/50, score_range=10.00-16.00/16.0, initial=9.00]
[step 05600] PROGRESS: filled=14.10 violations=0.00 zero_cand=0.00
[step 05600] DEBUG: ep_len=13.6 ep_ret=-6.200 stop_prob=0.000 score_chg=4.7400
[step 05650] value_loss=4.230009 policy_loss=0.504811
[step 05650] VALUE_DEBUG: target(mean=-12.38 std=4.19 min=-23.11 max=0.93) V(s)(mean=-12.60 std=3.12) reward(mean=-0.582 std=4.404) clip=50.0
[step 05700] value_loss=2.050254 policy_loss=-0.247327
[step 05700] VALUE_DEBUG: target(mean=-12.01 std=4.16 min=-17.51 max=1.54) V(s)(mean=-12.30 std=3.27) reward(mean=-0.305 std=4.208) clip=50.0
[step 05700] eval_success_rate=0.300 eval_mean_score=13.780 eval_policy_mode=greedy [solved=15/50, score_range=10.00-16.00/16.0, initial=9.00]
[step 05700] PROGRESS: filled=13.78 violations=0.00 zero_cand=0.00
[step 05700] DEBUG: ep_len=13.3 ep_ret=-6.019 stop_prob=0.000 score_chg=4.5600
[step 05750] value_loss=1.193868 policy_loss=0.314258
[step 05750] VALUE_DEBUG: target(mean=-12.93 std=3.70 min=-19.09 max=-3.05) V(s)(mean=-13.15 std=3.49) reward(mean=-0.154 std=2.084) clip=50.0
[step 05800] value_loss=8.829374 policy_loss=-0.479829
[step 05800] VALUE_DEBUG: target(mean=-11.83 std=4.63 min=-18.09 max=1.84) V(s)(mean=-13.02 std=3.08) reward(mean=0.133 std=3.124) clip=50.0
[step 05800] eval_success_rate=0.260 eval_mean_score=13.880 eval_policy_mode=greedy [solved=13/50, score_range=10.00-16.00/16.0, initial=9.00]
[step 05800] PROGRESS: filled=13.88 violations=0.00 zero_cand=0.00
[step 05800] DEBUG: ep_len=13.1 ep_ret=-4.800 stop_prob=0.000 score_chg=4.9200
[step 05850] value_loss=8.317914 policy_loss=-1.801916
[step 05850] VALUE_DEBUG: target(mean=-12.71 std=4.87 min=-21.63 max=-0.82) V(s)(mean=-12.25 std=3.36) reward(mean=-0.383 std=2.965) clip=50.0
[step 05900] value_loss=16.829227 policy_loss=-0.680687
[step 05900] VALUE_DEBUG: target(mean=-11.85 std=5.04 min=-21.04 max=1.84) V(s)(mean=-11.66 std=3.61) reward(mean=-0.805 std=4.654) clip=50.0
[step 05900] eval_success_rate=0.320 eval_mean_score=14.140 eval_policy_mode=greedy [solved=16/50, score_range=10.00-16.00/16.0, initial=9.00]
[step 05900] PROGRESS: filled=14.14 violations=0.00 zero_cand=0.00
[step 05900] DEBUG: ep_len=13.6 ep_ret=-6.071 stop_prob=0.000 score_chg=4.6275
[step 05950] value_loss=15.498499 policy_loss=-0.275978
[step 05950] VALUE_DEBUG: target(mean=-12.45 std=4.49 min=-21.10 max=-1.37) V(s)(mean=-12.76 std=4.01) reward(mean=-2.075 std=7.215) clip=50.0
[step 06000] value_loss=12.927570 policy_loss=0.165193
[step 06000] VALUE_DEBUG: target(mean=-12.78 std=4.33 min=-18.88 max=1.84) V(s)(mean=-13.40 std=2.84) reward(mean=-1.239 std=5.131) clip=50.0
[step 06000] eval_success_rate=0.280 eval_mean_score=13.640 eval_policy_mode=greedy [solved=14/50, score_range=10.00-16.00/16.0, initial=9.00]
[step 06000] PROGRESS: filled=13.64 violations=0.00 zero_cand=0.00
[step 06000] DEBUG: ep_len=13.2 ep_ret=-5.133 stop_prob=0.000 score_chg=4.8625
[Checkpoint] Saved to checkpoints/rl_sudoku-4x4-easy_6to8empties_seed123/rl_checkpoint_step_6000.pt
[step 06050] value_loss=9.345657 policy_loss=-0.398321
[step 06050] VALUE_DEBUG: target(mean=-11.30 std=4.64 min=-17.99 max=1.84) V(s)(mean=-11.66 std=4.40) reward(mean=-0.270 std=4.472) clip=50.0
[step 06100] value_loss=17.910406 policy_loss=0.378846
[step 06100] VALUE_DEBUG: target(mean=-11.83 std=5.37 min=-21.08 max=6.84) V(s)(mean=-12.66 std=3.16) reward(mean=-1.043 std=5.596) clip=50.0
[step 06100] eval_success_rate=0.260 eval_mean_score=13.800 eval_policy_mode=greedy [solved=13/50, score_range=10.00-16.00/16.0, initial=9.00]
[step 06100] PROGRESS: filled=13.80 violations=0.00 zero_cand=0.00
[step 06100] DEBUG: ep_len=13.2 ep_ret=-5.665 stop_prob=0.000 score_chg=4.7425
[step 06150] value_loss=6.294046 policy_loss=0.215281
[step 06150] VALUE_DEBUG: target(mean=-12.39 std=3.93 min=-19.87 max=1.84) V(s)(mean=-12.00 std=3.28) reward(mean=-0.392 std=2.226) clip=50.0
[step 06200] value_loss=21.019335 policy_loss=0.555044
[step 06200] VALUE_DEBUG: target(mean=-9.77 std=6.40 min=-17.21 max=1.84) V(s)(mean=-11.51 std=4.28) reward(mean=-0.194 std=4.523) clip=50.0
[step 06200] eval_success_rate=0.300 eval_mean_score=13.800 eval_policy_mode=greedy [solved=15/50, score_range=10.00-16.00/16.0, initial=9.00]
[step 06200] PROGRESS: filled=13.80 violations=0.00 zero_cand=0.00
[step 06200] DEBUG: ep_len=13.3 ep_ret=-6.132 stop_prob=0.000 score_chg=4.6075
[step 06250] value_loss=5.009418 policy_loss=0.263133
[step 06250] VALUE_DEBUG: target(mean=-9.70 std=5.52 min=-18.44 max=2.42) V(s)(mean=-9.53 std=4.79) reward(mean=0.131 std=3.639) clip=50.0
[step 06300] value_loss=14.856209 policy_loss=-0.601095
[step 06300] VALUE_DEBUG: target(mean=-11.63 std=5.83 min=-24.75 max=1.84) V(s)(mean=-11.48 std=4.14) reward(mean=-1.274 std=5.176) clip=50.0
[step 06300] eval_success_rate=0.340 eval_mean_score=14.200 eval_policy_mode=greedy [solved=17/50, score_range=10.00-16.00/16.0, initial=9.00]
[step 06300] PROGRESS: filled=14.20 violations=0.00 zero_cand=0.00
[step 06300] DEBUG: ep_len=12.8 ep_ret=-4.831 stop_prob=0.000 score_chg=4.7325
[step 06350] value_loss=1.326370 policy_loss=0.569666
[step 06350] VALUE_DEBUG: target(mean=-9.75 std=5.89 min=-18.20 max=1.84) V(s)(mean=-9.72 std=5.54) reward(mean=0.102 std=3.124) clip=50.0
[step 06400] value_loss=4.972741 policy_loss=-0.462259
[step 06400] VALUE_DEBUG: target(mean=-10.54 std=5.72 min=-23.76 max=1.84) V(s)(mean=-10.85 std=4.43) reward(mean=0.189 std=1.759) clip=50.0
[step 06400] eval_success_rate=0.320 eval_mean_score=13.680 eval_policy_mode=greedy [solved=16/50, score_range=9.00-16.00/16.0, initial=9.00]
[step 06400] PROGRESS: filled=13.68 violations=0.00 zero_cand=0.00
[step 06400] DEBUG: ep_len=12.9 ep_ret=-4.819 stop_prob=0.000 score_chg=4.5750
[step 06450] value_loss=10.261058 policy_loss=-1.007943
[step 06450] VALUE_DEBUG: target(mean=-8.64 std=6.33 min=-22.09 max=1.84) V(s)(mean=-9.13 std=5.69) reward(mean=0.142 std=3.161) clip=50.0
[step 06500] value_loss=7.388132 policy_loss=-0.616692
[step 06500] VALUE_DEBUG: target(mean=-10.61 std=5.47 min=-18.62 max=1.84) V(s)(mean=-10.88 std=5.16) reward(mean=-0.672 std=3.576) clip=50.0
[step 06500] eval_success_rate=0.340 eval_mean_score=14.080 eval_policy_mode=greedy [solved=17/50, score_range=9.00-16.00/16.0, initial=9.00]
[step 06500] PROGRESS: filled=14.08 violations=0.00 zero_cand=0.00
[step 06500] DEBUG: ep_len=12.6 ep_ret=-4.465 stop_prob=0.000 score_chg=4.6000
[step 06550] value_loss=6.835757 policy_loss=0.058017
[step 06550] VALUE_DEBUG: target(mean=-11.01 std=6.00 min=-21.07 max=1.84) V(s)(mean=-10.72 std=5.21) reward(mean=-1.564 std=5.118) clip=50.0
[step 06600] value_loss=4.233228 policy_loss=-0.352822
[step 06600] VALUE_DEBUG: target(mean=-10.56 std=6.24 min=-21.08 max=1.84) V(s)(mean=-10.31 std=5.57) reward(mean=-0.306 std=4.010) clip=50.0
[step 06600] eval_success_rate=0.320 eval_mean_score=13.820 eval_policy_mode=greedy [solved=16/50, score_range=9.00-16.00/16.0, initial=9.00]
[step 06600] PROGRESS: filled=13.82 violations=0.00 zero_cand=0.00
[step 06600] DEBUG: ep_len=12.6 ep_ret=-4.027 stop_prob=0.000 score_chg=4.8275
[step 06650] value_loss=4.858809 policy_loss=-0.057372
[step 06650] VALUE_DEBUG: target(mean=-10.39 std=6.68 min=-21.88 max=5.84) V(s)(mean=-10.03 std=5.42) reward(mean=-0.178 std=2.326) clip=50.0
[step 06700] value_loss=7.621775 policy_loss=0.248745
[step 06700] VALUE_DEBUG: target(mean=-8.86 std=5.74 min=-18.80 max=1.84) V(s)(mean=-9.19 std=5.21) reward(mean=0.788 std=1.918) clip=50.0
[step 06700] eval_success_rate=0.320 eval_mean_score=13.860 eval_policy_mode=greedy [solved=16/50, score_range=9.00-16.00/16.0, initial=9.00]
[step 06700] PROGRESS: filled=13.86 violations=0.00 zero_cand=0.00
[step 06700] DEBUG: ep_len=12.8 ep_ret=-5.000 stop_prob=0.000 score_chg=4.3625
[step 06750] value_loss=11.000130 policy_loss=0.207086
[step 06750] VALUE_DEBUG: target(mean=-11.97 std=5.48 min=-24.90 max=0.88) V(s)(mean=-11.78 std=4.74) reward(mean=-0.860 std=4.563) clip=50.0
[step 06800] value_loss=5.526786 policy_loss=0.670535
[step 06800] VALUE_DEBUG: target(mean=-10.19 std=5.73 min=-18.91 max=0.89) V(s)(mean=-10.19 std=5.29) reward(mean=-0.180 std=3.758) clip=50.0
[step 06800] eval_success_rate=0.460 eval_mean_score=14.340 eval_policy_mode=greedy [solved=23/50, score_range=10.00-16.00/16.0, initial=9.00]
[step 06800] PROGRESS: filled=14.34 violations=0.00 zero_cand=0.00
[step 06800] DEBUG: ep_len=12.6 ep_ret=-4.316 stop_prob=0.000 score_chg=4.7550
[step 06850] value_loss=2.249595 policy_loss=0.004380
[step 06850] VALUE_DEBUG: target(mean=-10.30 std=5.29 min=-19.96 max=0.86) V(s)(mean=-10.63 std=4.93) reward(mean=0.257 std=1.832) clip=50.0
[step 06900] value_loss=7.914490 policy_loss=-0.413762
[step 06900] VALUE_DEBUG: target(mean=-9.30 std=7.09 min=-22.60 max=6.84) V(s)(mean=-8.83 std=5.41) reward(mean=-0.426 std=3.058) clip=50.0
[step 06900] eval_success_rate=0.420 eval_mean_score=14.240 eval_policy_mode=greedy [solved=21/50, score_range=10.00-16.00/16.0, initial=9.00]
[step 06900] PROGRESS: filled=14.24 violations=0.00 zero_cand=0.00
[step 06900] DEBUG: ep_len=13.0 ep_ret=-5.176 stop_prob=0.000 score_chg=4.8250
[step 06950] value_loss=7.734800 policy_loss=-0.536112
[step 06950] VALUE_DEBUG: target(mean=-9.51 std=6.87 min=-22.66 max=1.01) V(s)(mean=-9.84 std=5.96) reward(mean=-1.150 std=5.497) clip=50.0
[step 07000] value_loss=9.857582 policy_loss=-0.153533
[step 07000] VALUE_DEBUG: target(mean=-9.82 std=7.26 min=-19.83 max=1.84) V(s)(mean=-10.80 std=6.08) reward(mean=0.408 std=2.029) clip=50.0
[step 07000] eval_success_rate=0.460 eval_mean_score=14.300 eval_policy_mode=greedy [solved=23/50, score_range=10.00-16.00/16.0, initial=9.00]
[step 07000] PROGRESS: filled=14.30 violations=0.00 zero_cand=0.00
[step 07000] DEBUG: ep_len=12.3 ep_ret=-3.156 stop_prob=0.000 score_chg=5.1375
[Checkpoint] Saved to checkpoints/rl_sudoku-4x4-easy_6to8empties_seed123/rl_checkpoint_step_7000.pt
[step 07050] value_loss=2.483978 policy_loss=-0.096239
[step 07050] VALUE_DEBUG: target(mean=-9.81 std=5.43 min=-17.28 max=1.34) V(s)(mean=-9.48 std=4.94) reward(mean=-0.118 std=1.969) clip=50.0
[step 07100] value_loss=11.074989 policy_loss=0.395859
[step 07100] VALUE_DEBUG: target(mean=-10.84 std=6.70 min=-23.47 max=1.84) V(s)(mean=-11.33 std=6.16) reward(mean=-1.087 std=4.918) clip=50.0
[step 07100] eval_success_rate=0.420 eval_mean_score=14.180 eval_policy_mode=greedy [solved=21/50, score_range=10.00-16.00/16.0, initial=9.00]
[step 07100] PROGRESS: filled=14.18 violations=0.00 zero_cand=0.00
[step 07100] DEBUG: ep_len=12.3 ep_ret=-3.268 stop_prob=0.000 score_chg=5.0575
[step 07150] value_loss=4.509886 policy_loss=-1.450921
[step 07150] VALUE_DEBUG: target(mean=-7.36 std=7.09 min=-17.30 max=4.89) V(s)(mean=-7.28 std=6.66) reward(mean=-0.208 std=3.831) clip=50.0
[step 07200] value_loss=5.770684 policy_loss=-0.011361
[step 07200] VALUE_DEBUG: target(mean=-9.81 std=6.75 min=-20.20 max=2.28) V(s)(mean=-10.28 std=6.35) reward(mean=-0.428 std=4.460) clip=50.0
[step 07200] eval_success_rate=0.460 eval_mean_score=14.160 eval_policy_mode=greedy [solved=23/50, score_range=10.00-16.00/16.0, initial=9.00]
[step 07200] PROGRESS: filled=14.16 violations=0.00 zero_cand=0.00
[step 07200] DEBUG: ep_len=12.2 ep_ret=-3.541 stop_prob=0.000 score_chg=4.7925
[step 07250] value_loss=7.575251 policy_loss=0.710918
[step 07250] VALUE_DEBUG: target(mean=-9.01 std=7.94 min=-22.96 max=10.51) V(s)(mean=-8.86 std=6.47) reward(mean=-0.270 std=3.867) clip=50.0
[step 07300] value_loss=15.493641 policy_loss=0.189642
[step 07300] VALUE_DEBUG: target(mean=-9.39 std=7.12 min=-18.51 max=7.68) V(s)(mean=-9.65 std=6.63) reward(mean=0.506 std=3.603) clip=50.0
[step 07300] eval_success_rate=0.500 eval_mean_score=14.120 eval_policy_mode=greedy [solved=25/50, score_range=9.00-16.00/16.0, initial=9.00]
[step 07300] PROGRESS: filled=14.20 violations=0.04 zero_cand=0.00
[step 07300] DEBUG: ep_len=12.1 ep_ret=-3.493 stop_prob=0.000 score_chg=4.6750
[step 07350] value_loss=6.902767 policy_loss=0.217463
[step 07350] VALUE_DEBUG: target(mean=-10.00 std=6.53 min=-20.35 max=1.84) V(s)(mean=-9.87 std=6.23) reward(mean=-1.264 std=5.124) clip=50.0
[step 07400] value_loss=8.057864 policy_loss=-0.718869
[step 07400] VALUE_DEBUG: target(mean=-8.77 std=7.49 min=-22.23 max=2.87) V(s)(mean=-8.50 std=6.56) reward(mean=-0.556 std=3.706) clip=50.0
[step 07400] eval_success_rate=0.520 eval_mean_score=14.380 eval_policy_mode=greedy [solved=26/50, score_range=10.00-16.00/16.0, initial=9.00]
[step 07400] PROGRESS: filled=14.38 violations=0.00 zero_cand=0.00
[step 07400] DEBUG: ep_len=12.0 ep_ret=-3.181 stop_prob=0.000 score_chg=4.9550
[step 07450] value_loss=8.672943 policy_loss=-0.252743
[step 07450] VALUE_DEBUG: target(mean=-8.17 std=7.80 min=-22.49 max=7.85) V(s)(mean=-8.40 std=7.33) reward(mean=-0.513 std=3.946) clip=50.0
[step 07500] value_loss=13.099003 policy_loss=-0.983451
[step 07500] VALUE_DEBUG: target(mean=-9.46 std=7.47 min=-29.25 max=3.43) V(s)(mean=-9.81 std=6.21) reward(mean=0.159 std=4.217) clip=50.0
[step 07500] eval_success_rate=0.460 eval_mean_score=13.460 eval_policy_mode=greedy [solved=23/50, score_range=9.00-16.00/16.0, initial=9.00]
[step 07500] PROGRESS: filled=13.46 violations=0.00 zero_cand=0.00
[step 07500] DEBUG: ep_len=12.3 ep_ret=-3.754 stop_prob=0.000 score_chg=4.7350
[step 07550] value_loss=7.319271 policy_loss=-0.176703
[step 07550] VALUE_DEBUG: target(mean=-10.03 std=7.76 min=-22.16 max=4.95) V(s)(mean=-9.65 std=6.63) reward(mean=-1.514 std=5.969) clip=50.0
[step 07600] value_loss=6.707284 policy_loss=-0.714593
[step 07600] VALUE_DEBUG: target(mean=-9.18 std=8.32 min=-22.30 max=8.86) V(s)(mean=-9.28 std=7.08) reward(mean=0.199 std=2.842) clip=50.0
[step 07600] eval_success_rate=0.500 eval_mean_score=13.800 eval_policy_mode=greedy [solved=25/50, score_range=9.00-16.00/16.0, initial=9.00]
[step 07600] PROGRESS: filled=13.80 violations=0.00 zero_cand=0.00
[step 07600] DEBUG: ep_len=12.3 ep_ret=-4.112 stop_prob=0.000 score_chg=4.5675
[step 07650] value_loss=7.195708 policy_loss=-0.317672
[step 07650] VALUE_DEBUG: target(mean=-7.09 std=7.57 min=-19.47 max=5.03) V(s)(mean=-6.63 std=7.48) reward(mean=-0.118 std=2.506) clip=50.0
[step 07700] value_loss=4.780126 policy_loss=-0.622255
[step 07700] VALUE_DEBUG: target(mean=-7.90 std=7.45 min=-19.80 max=4.32) V(s)(mean=-8.67 std=7.45) reward(mean=-0.369 std=4.361) clip=50.0
[step 07700] eval_success_rate=0.480 eval_mean_score=14.020 eval_policy_mode=greedy [solved=24/50, score_range=10.00-16.00/16.0, initial=9.00]
[step 07700] PROGRESS: filled=14.02 violations=0.00 zero_cand=0.00
[step 07700] DEBUG: ep_len=12.1 ep_ret=-3.170 stop_prob=0.000 score_chg=4.8400
[step 07750] value_loss=4.744236 policy_loss=0.165326
[step 07750] VALUE_DEBUG: target(mean=-8.78 std=7.38 min=-17.26 max=9.02) V(s)(mean=-9.15 std=6.32) reward(mean=0.414 std=2.156) clip=50.0
[step 07800] value_loss=8.450929 policy_loss=-0.681305
[step 07800] VALUE_DEBUG: target(mean=-9.37 std=8.07 min=-22.09 max=4.90) V(s)(mean=-8.21 std=7.45) reward(mean=-1.393 std=5.127) clip=50.0
[step 07800] eval_success_rate=0.520 eval_mean_score=14.060 eval_policy_mode=greedy [solved=26/50, score_range=10.00-16.00/16.0, initial=9.00]
[step 07800] PROGRESS: filled=14.06 violations=0.00 zero_cand=0.00
[step 07800] DEBUG: ep_len=12.0 ep_ret=-3.325 stop_prob=0.000 score_chg=4.4475
[step 07850] value_loss=19.329369 policy_loss=0.407254
[step 07850] VALUE_DEBUG: target(mean=-9.06 std=8.41 min=-19.25 max=6.84) V(s)(mean=-8.98 std=7.70) reward(mean=-0.083 std=3.368) clip=50.0
[step 07900] value_loss=2.144861 policy_loss=-0.749650
[step 07900] VALUE_DEBUG: target(mean=-11.00 std=7.93 min=-19.86 max=7.74) V(s)(mean=-11.76 std=7.25) reward(mean=0.622 std=1.559) clip=50.0
[step 07900] eval_success_rate=0.480 eval_mean_score=13.860 eval_policy_mode=greedy [solved=24/50, score_range=10.00-16.00/16.0, initial=9.00]
[step 07900] PROGRESS: filled=13.86 violations=0.00 zero_cand=0.00
[step 07900] DEBUG: ep_len=12.2 ep_ret=-3.725 stop_prob=0.000 score_chg=4.6125
[step 07950] value_loss=9.437048 policy_loss=0.186635
[step 07950] VALUE_DEBUG: target(mean=-8.41 std=9.49 min=-25.59 max=9.90) V(s)(mean=-7.94 std=8.31) reward(mean=-1.856 std=5.004) clip=50.0
[step 08000] value_loss=10.034977 policy_loss=0.306519
[step 08000] VALUE_DEBUG: target(mean=-8.40 std=8.76 min=-24.77 max=5.57) V(s)(mean=-7.72 std=8.09) reward(mean=-0.233 std=3.197) clip=50.0
[step 08000] eval_success_rate=0.480 eval_mean_score=14.200 eval_policy_mode=greedy [solved=24/50, score_range=10.00-16.00/16.0, initial=9.00]
[step 08000] PROGRESS: filled=14.20 violations=0.00 zero_cand=0.00
[step 08000] DEBUG: ep_len=12.1 ep_ret=-3.181 stop_prob=0.000 score_chg=5.0075
[Checkpoint] Saved to checkpoints/rl_sudoku-4x4-easy_6to8empties_seed123/rl_checkpoint_step_8000.pt
[step 08050] value_loss=7.452173 policy_loss=0.193090
[step 08050] VALUE_DEBUG: target(mean=-8.17 std=8.19 min=-18.56 max=5.13) V(s)(mean=-7.55 std=8.14) reward(mean=-1.303 std=5.314) clip=50.0
[step 08100] value_loss=7.294147 policy_loss=-0.524458
[step 08100] VALUE_DEBUG: target(mean=-8.07 std=9.02 min=-25.46 max=9.28) V(s)(mean=-8.27 std=8.21) reward(mean=-0.323 std=4.292) clip=50.0
[step 08100] eval_success_rate=0.420 eval_mean_score=14.160 eval_policy_mode=greedy [solved=21/50, score_range=10.00-16.00/16.0, initial=9.00]
[step 08100] PROGRESS: filled=14.16 violations=0.00 zero_cand=0.00
[step 08100] DEBUG: ep_len=12.4 ep_ret=-3.738 stop_prob=0.000 score_chg=5.2025
[step 08150] value_loss=3.108178 policy_loss=-0.039829
[step 08150] VALUE_DEBUG: target(mean=-7.92 std=8.52 min=-20.84 max=6.84) V(s)(mean=-8.18 std=8.04) reward(mean=0.293 std=2.073) clip=50.0
[step 08200] value_loss=4.297431 policy_loss=-0.103024
[step 08200] VALUE_DEBUG: target(mean=-9.59 std=7.71 min=-20.81 max=4.52) V(s)(mean=-10.02 std=7.57) reward(mean=0.222 std=3.589) clip=50.0
[step 08200] eval_success_rate=0.440 eval_mean_score=14.380 eval_policy_mode=greedy [solved=22/50, score_range=10.00-16.00/16.0, initial=9.00]
[step 08200] PROGRESS: filled=14.38 violations=0.00 zero_cand=0.00
[step 08200] DEBUG: ep_len=13.3 ep_ret=-5.857 stop_prob=0.000 score_chg=4.5225
[step 08250] value_loss=14.996399 policy_loss=0.000189
[step 08250] VALUE_DEBUG: target(mean=-6.68 std=9.14 min=-22.90 max=11.14) V(s)(mean=-6.17 std=8.63) reward(mean=-0.513 std=4.721) clip=50.0
[step 08300] value_loss=5.458924 policy_loss=0.184185
[step 08300] VALUE_DEBUG: target(mean=-6.16 std=9.47 min=-18.86 max=8.54) V(s)(mean=-6.56 std=8.13) reward(mean=0.659 std=2.145) clip=50.0
[step 08300] eval_success_rate=0.480 eval_mean_score=14.240 eval_policy_mode=greedy [solved=24/50, score_range=10.00-16.00/16.0, initial=9.00]
[step 08300] PROGRESS: filled=14.24 violations=0.00 zero_cand=0.00
[step 08300] DEBUG: ep_len=12.6 ep_ret=-3.924 stop_prob=0.000 score_chg=5.1375
[step 08350] value_loss=12.253213 policy_loss=-0.188302
[step 08350] VALUE_DEBUG: target(mean=-8.16 std=9.59 min=-26.13 max=7.33) V(s)(mean=-7.80 std=8.06) reward(mean=-0.452 std=4.588) clip=50.0
[step 08400] value_loss=4.930152 policy_loss=-0.046844
[step 08400] VALUE_DEBUG: target(mean=-6.63 std=8.94 min=-21.13 max=7.79) V(s)(mean=-7.13 std=8.77) reward(mean=0.603 std=2.530) clip=50.0
[step 08400] eval_success_rate=0.480 eval_mean_score=14.400 eval_policy_mode=greedy [solved=24/50, score_range=10.00-16.00/16.0, initial=9.00]
[step 08400] PROGRESS: filled=14.40 violations=0.00 zero_cand=0.00
[step 08400] DEBUG: ep_len=12.7 ep_ret=-4.808 stop_prob=0.000 score_chg=4.9475
[step 08450] value_loss=5.318451 policy_loss=-0.595977
[step 08450] VALUE_DEBUG: target(mean=-6.97 std=8.66 min=-17.62 max=9.02) V(s)(mean=-7.10 std=8.60) reward(mean=-0.489 std=4.507) clip=50.0
[step 08500] value_loss=4.376083 policy_loss=0.595632
[step 08500] VALUE_DEBUG: target(mean=-8.00 std=9.08 min=-21.10 max=5.69) V(s)(mean=-7.48 std=9.02) reward(mean=-2.116 std=5.957) clip=50.0
[step 08500] eval_success_rate=0.380 eval_mean_score=14.240 eval_policy_mode=greedy [solved=19/50, score_range=10.00-16.00/16.0, initial=9.00]
[step 08500] PROGRESS: filled=14.24 violations=0.00 zero_cand=0.00
[step 08500] DEBUG: ep_len=13.1 ep_ret=-5.208 stop_prob=0.000 score_chg=5.0225
[step 08550] value_loss=9.914017 policy_loss=0.064813
[step 08550] VALUE_DEBUG: target(mean=-8.73 std=8.16 min=-19.10 max=5.71) V(s)(mean=-8.29 std=8.75) reward(mean=-0.202 std=2.883) clip=50.0
[step 08600] value_loss=3.032611 policy_loss=0.272622
[step 08600] VALUE_DEBUG: target(mean=-7.51 std=9.17 min=-18.18 max=6.14) V(s)(mean=-7.56 std=8.83) reward(mean=-0.769 std=4.521) clip=50.0
[step 08600] eval_success_rate=0.380 eval_mean_score=14.300 eval_policy_mode=greedy [solved=19/50, score_range=10.00-16.00/16.0, initial=9.00]
[step 08600] PROGRESS: filled=14.30 violations=0.00 zero_cand=0.00
[step 08600] DEBUG: ep_len=12.9 ep_ret=-4.816 stop_prob=0.000 score_chg=5.0475
[step 08650] value_loss=3.751758 policy_loss=-0.367863
[step 08650] VALUE_DEBUG: target(mean=-8.65 std=8.52 min=-21.44 max=6.01) V(s)(mean=-9.08 std=8.33) reward(mean=-0.088 std=3.744) clip=50.0
[step 08700] value_loss=2.988675 policy_loss=0.289096
[step 08700] VALUE_DEBUG: target(mean=-9.58 std=8.68 min=-20.23 max=4.73) V(s)(mean=-9.70 std=8.86) reward(mean=0.262 std=1.676) clip=50.0
[step 08700] eval_success_rate=0.300 eval_mean_score=13.980 eval_policy_mode=greedy [solved=15/50, score_range=9.00-16.00/16.0, initial=9.00]
[step 08700] PROGRESS: filled=13.98 violations=0.00 zero_cand=0.00
[step 08700] DEBUG: ep_len=13.5 ep_ret=-6.262 stop_prob=0.000 score_chg=4.5900
[step 08750] value_loss=6.318097 policy_loss=-0.196339
[step 08750] VALUE_DEBUG: target(mean=-8.34 std=8.30 min=-19.17 max=6.37) V(s)(mean=-7.84 std=8.52) reward(mean=-0.017 std=2.466) clip=50.0
[step 08800] value_loss=6.929956 policy_loss=-0.357590
[step 08800] VALUE_DEBUG: target(mean=-4.61 std=9.28 min=-17.00 max=16.51) V(s)(mean=-5.33 std=8.62) reward(mean=0.505 std=3.894) clip=50.0
[step 08800] eval_success_rate=0.360 eval_mean_score=14.080 eval_policy_mode=greedy [solved=18/50, score_range=11.00-16.00/16.0, initial=9.00]
[step 08800] PROGRESS: filled=14.08 violations=0.00 zero_cand=0.00
[step 08800] DEBUG: ep_len=12.9 ep_ret=-4.773 stop_prob=0.000 score_chg=4.9200
[step 08850] value_loss=6.448318 policy_loss=-0.033733
[step 08850] VALUE_DEBUG: target(mean=-7.14 std=8.94 min=-21.96 max=7.08) V(s)(mean=-7.11 std=8.71) reward(mean=-1.360 std=5.365) clip=50.0
[step 08900] value_loss=9.918991 policy_loss=0.396182
[step 08900] VALUE_DEBUG: target(mean=-6.73 std=9.04 min=-18.15 max=9.33) V(s)(mean=-6.12 std=8.70) reward(mean=-0.529 std=3.954) clip=50.0
[step 08900] eval_success_rate=0.320 eval_mean_score=14.180 eval_policy_mode=greedy [solved=16/50, score_range=10.00-16.00/16.0, initial=9.00]
[step 08900] PROGRESS: filled=14.18 violations=0.00 zero_cand=0.00
[step 08900] DEBUG: ep_len=12.9 ep_ret=-4.625 stop_prob=0.000 score_chg=5.2175
[step 08950] value_loss=7.675070 policy_loss=0.273540
[step 08950] VALUE_DEBUG: target(mean=-6.28 std=9.64 min=-22.03 max=8.23) V(s)(mean=-6.46 std=9.48) reward(mean=-0.867 std=5.767) clip=50.0
[step 09000] value_loss=8.905865 policy_loss=0.296190
[step 09000] VALUE_DEBUG: target(mean=-4.73 std=9.32 min=-18.25 max=14.49) V(s)(mean=-4.78 std=8.89) reward(mean=0.069 std=4.315) clip=50.0
[step 09000] eval_success_rate=0.300 eval_mean_score=14.040 eval_policy_mode=greedy [solved=15/50, score_range=11.00-16.00/16.0, initial=9.00]
[step 09000] PROGRESS: filled=14.04 violations=0.00 zero_cand=0.00
[step 09000] DEBUG: ep_len=13.3 ep_ret=-4.894 stop_prob=0.000 score_chg=5.0775
[Checkpoint] Saved to checkpoints/rl_sudoku-4x4-easy_6to8empties_seed123/rl_checkpoint_step_9000.pt
[step 09050] value_loss=2.073040 policy_loss=1.846425
[step 09050] VALUE_DEBUG: target(mean=-8.37 std=9.16 min=-23.45 max=5.60) V(s)(mean=-8.56 std=9.12) reward(mean=-1.056 std=4.138) clip=50.0
[step 09100] value_loss=16.454090 policy_loss=0.363053
[step 09100] VALUE_DEBUG: target(mean=-5.77 std=9.17 min=-16.90 max=9.77) V(s)(mean=-5.66 std=9.27) reward(mean=-0.364 std=4.902) clip=50.0
[step 09100] eval_success_rate=0.280 eval_mean_score=14.160 eval_policy_mode=greedy [solved=14/50, score_range=10.00-16.00/16.0, initial=9.00]
[step 09100] PROGRESS: filled=14.16 violations=0.00 zero_cand=0.00
[step 09100] DEBUG: ep_len=13.2 ep_ret=-4.610 stop_prob=0.000 score_chg=5.0975
[step 09150] value_loss=32.100811 policy_loss=1.390059
[step 09150] VALUE_DEBUG: target(mean=-11.46 std=8.24 min=-25.06 max=6.84) V(s)(mean=-9.64 std=7.33) reward(mean=-2.228 std=7.275) clip=50.0
[step 09200] value_loss=7.017137 policy_loss=0.155571
[step 09200] VALUE_DEBUG: target(mean=-5.79 std=9.47 min=-18.92 max=9.10) V(s)(mean=-5.79 std=8.86) reward(mean=-0.395 std=4.645) clip=50.0
[step 09200] eval_success_rate=0.300 eval_mean_score=14.300 eval_policy_mode=greedy [solved=15/50, score_range=10.00-16.00/16.0, initial=9.00]
[step 09200] PROGRESS: filled=14.30 violations=0.00 zero_cand=0.00
[step 09200] DEBUG: ep_len=12.4 ep_ret=-3.017 stop_prob=0.000 score_chg=5.4500
[step 09250] value_loss=1.397720 policy_loss=-0.055238
[step 09250] VALUE_DEBUG: target(mean=-6.61 std=9.16 min=-18.03 max=5.44) V(s)(mean=-6.46 std=9.06) reward(mean=0.192 std=1.274) clip=50.0
[step 09300] value_loss=1.930897 policy_loss=0.729551
[step 09300] VALUE_DEBUG: target(mean=-4.58 std=9.27 min=-17.97 max=8.56) V(s)(mean=-4.94 std=8.99) reward(mean=1.057 std=1.751) clip=50.0
[step 09300] eval_success_rate=0.360 eval_mean_score=14.320 eval_policy_mode=greedy [solved=18/50, score_range=9.00-16.00/16.0, initial=9.00]
[step 09300] PROGRESS: filled=14.32 violations=0.00 zero_cand=0.00
[step 09300] DEBUG: ep_len=12.9 ep_ret=-4.147 stop_prob=0.000 score_chg=5.2925
[step 09350] value_loss=12.274048 policy_loss=1.214846
[step 09350] VALUE_DEBUG: target(mean=-6.95 std=9.99 min=-20.63 max=7.00) V(s)(mean=-6.37 std=9.47) reward(mean=-0.780 std=4.185) clip=50.0
[step 09400] value_loss=4.382993 policy_loss=-0.193299
[step 09400] VALUE_DEBUG: target(mean=-8.04 std=8.58 min=-17.95 max=9.69) V(s)(mean=-8.57 std=8.13) reward(mean=0.193 std=3.584) clip=50.0
[step 09400] eval_success_rate=0.400 eval_mean_score=14.500 eval_policy_mode=greedy [solved=20/50, score_range=11.00-16.00/16.0, initial=9.00]
[step 09400] PROGRESS: filled=14.50 violations=0.00 zero_cand=0.00
[step 09400] DEBUG: ep_len=12.5 ep_ret=-3.358 stop_prob=0.000 score_chg=5.2625
[step 09450] value_loss=12.304827 policy_loss=-0.200611
[step 09450] VALUE_DEBUG: target(mean=-6.29 std=9.86 min=-18.64 max=11.76) V(s)(mean=-6.84 std=9.37) reward(mean=-0.077 std=4.956) clip=50.0
[step 09500] value_loss=8.130756 policy_loss=0.131397
[step 09500] VALUE_DEBUG: target(mean=-5.66 std=9.29 min=-24.57 max=5.96) V(s)(mean=-6.70 std=8.63) reward(mean=0.816 std=4.158) clip=50.0
[step 09500] eval_success_rate=0.360 eval_mean_score=14.440 eval_policy_mode=greedy [solved=18/50, score_range=10.00-16.00/16.0, initial=9.00]
[step 09500] PROGRESS: filled=14.44 violations=0.00 zero_cand=0.00
[step 09500] DEBUG: ep_len=13.2 ep_ret=-4.399 stop_prob=0.000 score_chg=5.5150
[step 09550] value_loss=9.612310 policy_loss=0.462941
[step 09550] VALUE_DEBUG: target(mean=-7.35 std=8.81 min=-17.17 max=7.30) V(s)(mean=-7.24 std=8.73) reward(mean=0.065 std=3.460) clip=50.0
[step 09600] value_loss=11.665347 policy_loss=0.702747
[step 09600] VALUE_DEBUG: target(mean=-4.70 std=9.86 min=-22.32 max=10.70) V(s)(mean=-5.32 std=9.11) reward(mean=-1.264 std=5.860) clip=50.0
[step 09600] eval_success_rate=0.220 eval_mean_score=14.040 eval_policy_mode=greedy [solved=11/50, score_range=9.00-16.00/16.0, initial=9.00]
[step 09600] PROGRESS: filled=14.04 violations=0.00 zero_cand=0.00
[step 09600] DEBUG: ep_len=12.7 ep_ret=-3.431 stop_prob=0.000 score_chg=5.3950
[step 09650] value_loss=4.517707 policy_loss=1.119462
[step 09650] VALUE_DEBUG: target(mean=-6.18 std=8.37 min=-18.84 max=6.38) V(s)(mean=-6.74 std=8.65) reward(mean=1.005 std=2.625) clip=50.0
[step 09700] value_loss=14.906656 policy_loss=-0.050939
[step 09700] VALUE_DEBUG: target(mean=-5.76 std=9.79 min=-21.36 max=11.41) V(s)(mean=-5.72 std=8.63) reward(mean=-0.306 std=5.269) clip=50.0
[step 09700] eval_success_rate=0.320 eval_mean_score=14.560 eval_policy_mode=greedy [solved=16/50, score_range=9.00-16.00/16.0, initial=9.00]
[step 09700] PROGRESS: filled=14.56 violations=0.00 zero_cand=0.00
[step 09700] DEBUG: ep_len=13.1 ep_ret=-4.129 stop_prob=0.000 score_chg=5.6175
[step 09750] value_loss=2.678741 policy_loss=0.074130
[step 09750] VALUE_DEBUG: target(mean=-9.42 std=8.34 min=-18.71 max=6.56) V(s)(mean=-9.34 std=8.51) reward(mean=-0.558 std=3.186) clip=50.0
[step 09800] value_loss=7.994526 policy_loss=-0.911399
[step 09800] VALUE_DEBUG: target(mean=-7.11 std=8.25 min=-27.50 max=6.73) V(s)(mean=-6.79 std=7.89) reward(mean=-0.708 std=4.058) clip=50.0
[step 09800] eval_success_rate=0.380 eval_mean_score=14.560 eval_policy_mode=greedy [solved=19/50, score_range=9.00-16.00/16.0, initial=9.00]
[step 09800] PROGRESS: filled=14.56 violations=0.00 zero_cand=0.00
[step 09800] DEBUG: ep_len=12.9 ep_ret=-2.974 stop_prob=0.000 score_chg=5.6725
[step 09850] value_loss=2.104274 policy_loss=0.216821
[step 09850] VALUE_DEBUG: target(mean=-6.56 std=8.71 min=-18.90 max=9.25) V(s)(mean=-6.62 std=8.32) reward(mean=0.631 std=1.856) clip=50.0
[step 09900] value_loss=4.634130 policy_loss=0.146792
[step 09900] VALUE_DEBUG: target(mean=-4.85 std=9.28 min=-19.66 max=10.23) V(s)(mean=-5.22 std=8.50) reward(mean=-0.502 std=5.438) clip=50.0
[step 09900] eval_success_rate=0.440 eval_mean_score=14.520 eval_policy_mode=greedy [solved=22/50, score_range=9.00-16.00/16.0, initial=9.00]
[step 09900] PROGRESS: filled=14.52 violations=0.00 zero_cand=0.00
[step 09900] DEBUG: ep_len=12.2 ep_ret=-1.595 stop_prob=0.000 score_chg=5.5850
[step 09950] value_loss=5.697647 policy_loss=0.160069
[step 09950] VALUE_DEBUG: target(mean=-5.83 std=8.96 min=-18.91 max=6.56) V(s)(mean=-4.96 std=9.23) reward(mean=-0.781 std=3.510) clip=50.0
[step 10000] value_loss=10.454611 policy_loss=-0.808322
[step 10000] VALUE_DEBUG: target(mean=-9.18 std=8.85 min=-22.98 max=10.64) V(s)(mean=-9.94 std=7.35) reward(mean=0.570 std=1.876) clip=50.0
[step 10000] eval_success_rate=0.460 eval_mean_score=14.800 eval_policy_mode=greedy [solved=23/50, score_range=9.00-16.00/16.0, initial=9.00]
[step 10000] PROGRESS: filled=14.80 violations=0.00 zero_cand=0.00
[step 10000] DEBUG: ep_len=11.8 ep_ret=-1.015 stop_prob=0.000 score_chg=5.9725
[Checkpoint] Saved to checkpoints/rl_sudoku-4x4-easy_6to8empties_seed123/rl_checkpoint_step_10000.pt
[step 10050] value_loss=3.314623 policy_loss=1.004360
[step 10050] VALUE_DEBUG: target(mean=-5.56 std=8.41 min=-22.00 max=6.46) V(s)(mean=-5.91 std=7.91) reward(mean=0.190 std=2.246) clip=50.0
[step 10100] value_loss=5.071527 policy_loss=-1.175358
[step 10100] VALUE_DEBUG: target(mean=-3.98 std=8.98 min=-16.96 max=6.86) V(s)(mean=-3.89 std=9.05) reward(mean=-0.115 std=3.761) clip=50.0
[step 10100] eval_success_rate=0.420 eval_mean_score=14.660 eval_policy_mode=greedy [solved=21/50, score_range=9.00-16.00/16.0, initial=9.00]
[step 10100] PROGRESS: filled=14.66 violations=0.00 zero_cand=0.00
[step 10100] DEBUG: ep_len=12.2 ep_ret=-1.885 stop_prob=0.000 score_chg=5.6400
[step 10150] value_loss=6.368530 policy_loss=0.379029
[step 10150] VALUE_DEBUG: target(mean=-7.78 std=8.50 min=-20.62 max=5.82) V(s)(mean=-7.71 std=7.99) reward(mean=-0.580 std=2.640) clip=50.0
[step 10200] value_loss=8.456065 policy_loss=-0.347300
[step 10200] VALUE_DEBUG: target(mean=-6.20 std=10.26 min=-22.69 max=9.64) V(s)(mean=-6.48 std=8.63) reward(mean=0.664 std=3.281) clip=50.0
[step 10200] eval_success_rate=0.440 eval_mean_score=14.700 eval_policy_mode=greedy [solved=22/50, score_range=9.00-16.00/16.0, initial=9.00]
[step 10200] PROGRESS: filled=14.70 violations=0.00 zero_cand=0.00
[step 10200] DEBUG: ep_len=12.0 ep_ret=-1.723 stop_prob=0.000 score_chg=5.7375
[step 10250] value_loss=13.902174 policy_loss=-0.010521
[step 10250] VALUE_DEBUG: target(mean=-7.83 std=9.14 min=-20.06 max=6.84) V(s)(mean=-7.58 std=8.02) reward(mean=-0.875 std=5.846) clip=50.0
[step 10300] value_loss=3.592920 policy_loss=-0.223378
[step 10300] VALUE_DEBUG: target(mean=-8.09 std=8.57 min=-18.81 max=7.33) V(s)(mean=-8.40 std=8.27) reward(mean=-0.033 std=3.302) clip=50.0
[step 10300] eval_success_rate=0.420 eval_mean_score=14.720 eval_policy_mode=greedy [solved=21/50, score_range=11.00-16.00/16.0, initial=9.00]
[step 10300] PROGRESS: filled=14.72 violations=0.00 zero_cand=0.00
[step 10300] DEBUG: ep_len=12.3 ep_ret=-2.016 stop_prob=0.000 score_chg=5.8325
[step 10350] value_loss=7.384767 policy_loss=0.158883
[step 10350] VALUE_DEBUG: target(mean=-6.01 std=8.39 min=-17.68 max=6.62) V(s)(mean=-5.91 std=7.30) reward(mean=0.128 std=3.890) clip=50.0
[step 10400] value_loss=25.174643 policy_loss=0.275620
[step 10400] VALUE_DEBUG: target(mean=-6.88 std=8.67 min=-22.09 max=7.24) V(s)(mean=-5.03 std=7.58) reward(mean=-1.771 std=5.285) clip=50.0
[step 10400] eval_success_rate=0.380 eval_mean_score=14.560 eval_policy_mode=greedy [solved=19/50, score_range=10.00-16.00/16.0, initial=9.00]
[step 10400] PROGRESS: filled=14.56 violations=0.00 zero_cand=0.00
[step 10400] DEBUG: ep_len=12.4 ep_ret=-2.200 stop_prob=0.000 score_chg=5.5700
[step 10450] value_loss=9.930843 policy_loss=-1.354882
[step 10450] VALUE_DEBUG: target(mean=-5.05 std=8.93 min=-16.09 max=16.34) V(s)(mean=-5.65 std=7.60) reward(mean=0.664 std=3.835) clip=50.0
[step 10500] value_loss=2.479437 policy_loss=-0.761502
[step 10500] VALUE_DEBUG: target(mean=-5.87 std=9.27 min=-17.96 max=7.23) V(s)(mean=-6.46 std=9.45) reward(mean=0.661 std=1.441) clip=50.0
[step 10500] eval_success_rate=0.320 eval_mean_score=14.020 eval_policy_mode=greedy [solved=16/50, score_range=9.00-16.00/16.0, initial=9.00]
[step 10500] PROGRESS: filled=14.02 violations=0.00 zero_cand=0.00
[step 10500] DEBUG: ep_len=12.6 ep_ret=-2.838 stop_prob=0.000 score_chg=5.6725
[step 10550] value_loss=7.940354 policy_loss=0.135625
[step 10550] VALUE_DEBUG: target(mean=-7.13 std=8.95 min=-22.86 max=12.77) V(s)(mean=-7.06 std=7.64) reward(mean=0.039 std=2.961) clip=50.0
[step 10600] value_loss=25.926487 policy_loss=0.097276
[step 10600] VALUE_DEBUG: target(mean=-5.08 std=8.67 min=-19.18 max=9.05) V(s)(mean=-3.87 std=8.34) reward(mean=-1.840 std=5.991) clip=50.0
[step 10600] eval_success_rate=0.320 eval_mean_score=14.240 eval_policy_mode=greedy [solved=16/50, score_range=9.00-16.00/16.0, initial=9.00]
[step 10600] PROGRESS: filled=14.24 violations=0.00 zero_cand=0.00
[step 10600] DEBUG: ep_len=12.3 ep_ret=-2.580 stop_prob=0.000 score_chg=5.4675
[step 10650] value_loss=14.416267 policy_loss=-0.487514
[step 10650] VALUE_DEBUG: target(mean=-9.37 std=8.37 min=-17.65 max=6.59) V(s)(mean=-8.27 std=8.09) reward(mean=-1.595 std=5.058) clip=50.0
[step 10700] value_loss=15.179280 policy_loss=-1.468372
[step 10700] VALUE_DEBUG: target(mean=-7.78 std=9.24 min=-23.95 max=7.43) V(s)(mean=-6.55 std=7.88) reward(mean=-1.298 std=4.554) clip=50.0
[step 10700] eval_success_rate=0.440 eval_mean_score=14.660 eval_policy_mode=greedy [solved=22/50, score_range=10.00-16.00/16.0, initial=9.00]
[step 10700] PROGRESS: filled=14.66 violations=0.00 zero_cand=0.00
[step 10700] DEBUG: ep_len=12.2 ep_ret=-2.237 stop_prob=0.000 score_chg=5.5425
[step 10750] value_loss=5.799356 policy_loss=0.227335
[step 10750] VALUE_DEBUG: target(mean=-7.13 std=8.76 min=-21.57 max=6.60) V(s)(mean=-6.69 std=8.26) reward(mean=-0.469 std=3.418) clip=50.0
[step 10800] value_loss=6.649411 policy_loss=0.377335
[step 10800] VALUE_DEBUG: target(mean=-8.81 std=7.47 min=-17.43 max=9.32) V(s)(mean=-8.85 std=7.15) reward(mean=-0.592 std=3.930) clip=50.0
[step 10800] eval_success_rate=0.420 eval_mean_score=14.680 eval_policy_mode=greedy [solved=21/50, score_range=9.00-16.00/16.0, initial=9.00]
[step 10800] PROGRESS: filled=14.68 violations=0.00 zero_cand=0.00
[step 10800] DEBUG: ep_len=12.4 ep_ret=-2.392 stop_prob=0.000 score_chg=5.5475
[step 10850] value_loss=7.251755 policy_loss=0.648089
[step 10850] VALUE_DEBUG: target(mean=-6.42 std=8.03 min=-17.38 max=6.17) V(s)(mean=-7.05 std=8.25) reward(mean=-0.626 std=4.891) clip=50.0
[step 10900] value_loss=3.558773 policy_loss=-0.606994
[step 10900] VALUE_DEBUG: target(mean=-8.75 std=8.02 min=-21.58 max=7.21) V(s)(mean=-8.96 std=6.93) reward(mean=0.533 std=1.607) clip=50.0
[step 10900] eval_success_rate=0.540 eval_mean_score=14.820 eval_policy_mode=greedy [solved=27/50, score_range=9.00-16.00/16.0, initial=9.00]
[step 10900] PROGRESS: filled=14.82 violations=0.00 zero_cand=0.00
[step 10900] DEBUG: ep_len=12.2 ep_ret=-2.170 stop_prob=0.000 score_chg=5.4625
[step 10950] value_loss=1.173122 policy_loss=-0.596631
[step 10950] VALUE_DEBUG: target(mean=-7.31 std=7.35 min=-16.82 max=4.37) V(s)(mean=-7.78 std=7.39) reward(mean=0.196 std=3.131) clip=50.0
[step 11000] value_loss=3.022929 policy_loss=0.529620
[step 11000] VALUE_DEBUG: target(mean=-7.38 std=7.90 min=-20.27 max=7.27) V(s)(mean=-7.18 std=7.47) reward(mean=-0.210 std=3.492) clip=50.0
[step 11000] eval_success_rate=0.540 eval_mean_score=14.760 eval_policy_mode=greedy [solved=27/50, score_range=10.00-16.00/16.0, initial=9.00]
[step 11000] PROGRESS: filled=14.76 violations=0.00 zero_cand=0.00
[step 11000] DEBUG: ep_len=12.0 ep_ret=-2.207 stop_prob=0.000 score_chg=5.6800
[Checkpoint] Saved to checkpoints/rl_sudoku-4x4-easy_6to8empties_seed123/rl_checkpoint_step_11000.pt
[step 11050] value_loss=16.726852 policy_loss=-0.389416
[step 11050] VALUE_DEBUG: target(mean=-6.44 std=8.84 min=-21.52 max=5.46) V(s)(mean=-4.77 std=7.82) reward(mean=-2.231 std=5.523) clip=50.0
[step 11100] value_loss=3.986697 policy_loss=0.162122
[step 11100] VALUE_DEBUG: target(mean=-5.05 std=8.91 min=-21.62 max=7.96) V(s)(mean=-5.52 std=8.28) reward(mean=0.404 std=2.228) clip=50.0
[step 11100] eval_success_rate=0.440 eval_mean_score=14.620 eval_policy_mode=greedy [solved=22/50, score_range=12.00-16.00/16.0, initial=9.00]
[step 11100] PROGRESS: filled=14.62 violations=0.00 zero_cand=0.00
[step 11100] DEBUG: ep_len=12.1 ep_ret=-2.338 stop_prob=0.000 score_chg=5.4825
[step 11150] value_loss=7.010651 policy_loss=0.320331
[step 11150] VALUE_DEBUG: target(mean=-5.99 std=8.68 min=-23.19 max=9.45) V(s)(mean=-5.54 std=7.94) reward(mean=0.040 std=2.552) clip=50.0
[step 11200] value_loss=1.089564 policy_loss=-0.080055
[step 11200] VALUE_DEBUG: target(mean=-8.19 std=8.61 min=-18.10 max=6.40) V(s)(mean=-8.49 std=8.41) reward(mean=-0.410 std=3.426) clip=50.0
[step 11200] eval_success_rate=0.400 eval_mean_score=14.540 eval_policy_mode=greedy [solved=20/50, score_range=10.00-16.00/16.0, initial=9.00]
[step 11200] PROGRESS: filled=14.54 violations=0.00 zero_cand=0.00
[step 11200] DEBUG: ep_len=12.6 ep_ret=-3.522 stop_prob=0.000 score_chg=5.3350
[step 11250] value_loss=7.186091 policy_loss=-1.574517
[step 11250] VALUE_DEBUG: target(mean=-7.82 std=8.91 min=-25.06 max=7.21) V(s)(mean=-7.29 std=7.50) reward(mean=-1.565 std=6.147) clip=50.0
[step 11300] value_loss=13.106037 policy_loss=-0.701563
[step 11300] VALUE_DEBUG: target(mean=-6.89 std=7.93 min=-18.30 max=5.62) V(s)(mean=-6.61 std=7.68) reward(mean=-0.339 std=4.673) clip=50.0
[step 11300] eval_success_rate=0.460 eval_mean_score=14.480 eval_policy_mode=greedy [solved=23/50, score_range=10.00-16.00/16.0, initial=9.00]
[step 11300] PROGRESS: filled=14.48 violations=0.00 zero_cand=0.00
[step 11300] DEBUG: ep_len=12.2 ep_ret=-2.327 stop_prob=0.000 score_chg=5.5450
[step 11350] value_loss=7.540621 policy_loss=-0.280043
[step 11350] VALUE_DEBUG: target(mean=-4.92 std=7.58 min=-17.14 max=5.10) V(s)(mean=-4.89 std=7.76) reward(mean=-0.274 std=3.248) clip=50.0
[step 11400] value_loss=13.009742 policy_loss=-0.447885
[step 11400] VALUE_DEBUG: target(mean=-9.38 std=8.69 min=-22.78 max=7.97) V(s)(mean=-9.26 std=8.60) reward(mean=-0.589 std=3.969) clip=50.0
[step 11400] eval_success_rate=0.500 eval_mean_score=14.440 eval_policy_mode=greedy [solved=25/50, score_range=10.00-16.00/16.0, initial=9.00]
[step 11400] PROGRESS: filled=14.44 violations=0.00 zero_cand=0.00
[step 11400] DEBUG: ep_len=12.1 ep_ret=-2.127 stop_prob=0.000 score_chg=5.6375
[step 11450] value_loss=4.057958 policy_loss=0.514147
[step 11450] VALUE_DEBUG: target(mean=-8.46 std=8.02 min=-22.09 max=8.18) V(s)(mean=-8.32 std=7.49) reward(mean=-0.121 std=4.213) clip=50.0
[step 11500] value_loss=4.551433 policy_loss=-1.124295
[step 11500] VALUE_DEBUG: target(mean=-7.20 std=7.54 min=-18.38 max=4.09) V(s)(mean=-6.82 std=7.91) reward(mean=-0.250 std=3.516) clip=50.0
[step 11500] eval_success_rate=0.420 eval_mean_score=14.380 eval_policy_mode=greedy [solved=21/50, score_range=9.00-16.00/16.0, initial=9.00]
[step 11500] PROGRESS: filled=14.38 violations=0.00 zero_cand=0.00
[step 11500] DEBUG: ep_len=11.8 ep_ret=-1.743 stop_prob=0.000 score_chg=5.6475
[step 11550] value_loss=4.564083 policy_loss=-0.058317
[step 11550] VALUE_DEBUG: target(mean=-6.67 std=8.98 min=-18.95 max=7.92) V(s)(mean=-6.81 std=8.27) reward(mean=-0.223 std=3.724) clip=50.0
[step 11600] value_loss=16.566734 policy_loss=-0.132699
[step 11600] VALUE_DEBUG: target(mean=-7.78 std=7.67 min=-18.02 max=5.27) V(s)(mean=-7.08 std=7.55) reward(mean=-0.655 std=5.546) clip=50.0
[step 11600] eval_success_rate=0.460 eval_mean_score=14.320 eval_policy_mode=greedy [solved=23/50, score_range=9.00-16.00/16.0, initial=9.00]
[step 11600] PROGRESS: filled=14.32 violations=0.00 zero_cand=0.00
[step 11600] DEBUG: ep_len=11.9 ep_ret=-1.644 stop_prob=0.000 score_chg=5.6675
[step 11650] value_loss=19.233702 policy_loss=-0.297533
[step 11650] VALUE_DEBUG: target(mean=-2.95 std=7.47 min=-17.97 max=12.34) V(s)(mean=-4.82 std=7.15) reward(mean=1.787 std=2.312) clip=50.0
[step 11700] value_loss=4.648347 policy_loss=-0.603836
[step 11700] VALUE_DEBUG: target(mean=-8.80 std=8.35 min=-18.41 max=8.88) V(s)(mean=-8.60 std=8.07) reward(mean=-0.029 std=3.766) clip=50.0
[step 11700] eval_success_rate=0.460 eval_mean_score=14.400 eval_policy_mode=greedy [solved=23/50, score_range=9.00-16.00/16.0, initial=9.00]
[step 11700] PROGRESS: filled=14.40 violations=0.00 zero_cand=0.00
[step 11700] DEBUG: ep_len=12.2 ep_ret=-2.413 stop_prob=0.000 score_chg=5.5675
[step 11750] value_loss=10.090768 policy_loss=0.233934
[step 11750] VALUE_DEBUG: target(mean=-7.29 std=8.81 min=-24.36 max=4.71) V(s)(mean=-6.08 std=8.22) reward(mean=-1.621 std=5.078) clip=50.0
[step 11800] value_loss=8.517832 policy_loss=0.078202
[step 11800] VALUE_DEBUG: target(mean=-3.68 std=8.81 min=-24.26 max=10.22) V(s)(mean=-4.34 std=8.12) reward(mean=0.778 std=2.886) clip=50.0
[step 11800] eval_success_rate=0.460 eval_mean_score=14.000 eval_policy_mode=greedy [solved=23/50, score_range=9.00-16.00/16.0, initial=9.00]
[step 11800] PROGRESS: filled=14.00 violations=0.00 zero_cand=0.00
[step 11800] DEBUG: ep_len=12.1 ep_ret=-2.154 stop_prob=0.000 score_chg=5.5475
[step 11850] value_loss=10.446419 policy_loss=-0.033025
[step 11850] VALUE_DEBUG: target(mean=-5.20 std=8.08 min=-19.56 max=7.15) V(s)(mean=-4.66 std=7.23) reward(mean=-1.528 std=5.373) clip=50.0
[step 11900] value_loss=5.990075 policy_loss=0.124315
[step 11900] VALUE_DEBUG: target(mean=-2.68 std=7.96 min=-16.98 max=7.72) V(s)(mean=-3.58 std=7.67) reward(mean=1.381 std=2.507) clip=50.0
[step 11900] eval_success_rate=0.500 eval_mean_score=14.440 eval_policy_mode=greedy [solved=25/50, score_range=9.00-16.00/16.0, initial=9.00]
[step 11900] PROGRESS: filled=14.44 violations=0.00 zero_cand=0.00
[step 11900] DEBUG: ep_len=12.3 ep_ret=-2.694 stop_prob=0.000 score_chg=5.5375
[step 11950] value_loss=7.607166 policy_loss=1.030833
[step 11950] VALUE_DEBUG: target(mean=-5.35 std=9.12 min=-19.61 max=12.54) V(s)(mean=-5.72 std=7.63) reward(mean=0.071 std=4.457) clip=50.0
[step 12000] value_loss=9.347099 policy_loss=-0.090459
[step 12000] VALUE_DEBUG: target(mean=-3.84 std=8.80 min=-17.93 max=12.57) V(s)(mean=-3.53 std=8.32) reward(mean=0.217 std=3.736) clip=50.0
[step 12000] eval_success_rate=0.500 eval_mean_score=14.580 eval_policy_mode=greedy [solved=25/50, score_range=9.00-16.00/16.0, initial=9.00]
[step 12000] PROGRESS: filled=14.58 violations=0.00 zero_cand=0.00
[step 12000] DEBUG: ep_len=12.0 ep_ret=-2.932 stop_prob=0.000 score_chg=5.1550
[Checkpoint] Saved to checkpoints/rl_sudoku-4x4-easy_6to8empties_seed123/rl_checkpoint_step_12000.pt
[step 12050] value_loss=5.813596 policy_loss=0.066019
[step 12050] VALUE_DEBUG: target(mean=-7.01 std=8.79 min=-19.83 max=6.82) V(s)(mean=-7.42 std=7.95) reward(mean=0.570 std=2.660) clip=50.0
[step 12100] value_loss=3.122735 policy_loss=1.618708
[step 12100] VALUE_DEBUG: target(mean=-8.83 std=7.76 min=-18.90 max=5.98) V(s)(mean=-9.37 std=7.82) reward(mean=0.123 std=3.471) clip=50.0
[step 12100] eval_success_rate=0.460 eval_mean_score=14.660 eval_policy_mode=greedy [solved=23/50, score_range=9.00-16.00/16.0, initial=9.00]
[step 12100] PROGRESS: filled=14.66 violations=0.00 zero_cand=0.00
[step 12100] DEBUG: ep_len=12.2 ep_ret=-2.730 stop_prob=0.000 score_chg=5.3700
[step 12150] value_loss=15.994068 policy_loss=-0.018209
[step 12150] VALUE_DEBUG: target(mean=-4.45 std=9.26 min=-18.11 max=12.40) V(s)(mean=-4.38 std=8.09) reward(mean=-0.560 std=5.557) clip=50.0
[step 12200] value_loss=3.510516 policy_loss=-0.711610
[step 12200] VALUE_DEBUG: target(mean=-3.13 std=7.37 min=-16.12 max=7.65) V(s)(mean=-3.63 std=6.98) reward(mean=1.220 std=1.925) clip=50.0
[step 12200] eval_success_rate=0.500 eval_mean_score=14.680 eval_policy_mode=greedy [solved=25/50, score_range=9.00-16.00/16.0, initial=9.00]
[step 12200] PROGRESS: filled=14.68 violations=0.00 zero_cand=0.00
[step 12200] DEBUG: ep_len=11.9 ep_ret=-2.673 stop_prob=0.000 score_chg=5.3225
[step 12250] value_loss=5.664911 policy_loss=-0.962532
[step 12250] VALUE_DEBUG: target(mean=-6.13 std=8.44 min=-17.24 max=6.88) V(s)(mean=-5.51 std=8.48) reward(mean=-0.681 std=3.318) clip=50.0
[step 12300] value_loss=5.975815 policy_loss=0.461371
[step 12300] VALUE_DEBUG: target(mean=-7.15 std=8.04 min=-17.54 max=6.84) V(s)(mean=-7.55 std=8.13) reward(mean=-0.346 std=3.497) clip=50.0
[step 12300] eval_success_rate=0.480 eval_mean_score=14.420 eval_policy_mode=greedy [solved=24/50, score_range=10.00-16.00/16.0, initial=9.00]
[step 12300] PROGRESS: filled=14.42 violations=0.00 zero_cand=0.00
[step 12300] DEBUG: ep_len=12.2 ep_ret=-3.378 stop_prob=0.000 score_chg=4.9525
[step 12350] value_loss=4.104469 policy_loss=0.410379
[step 12350] VALUE_DEBUG: target(mean=-7.05 std=8.33 min=-21.27 max=6.22) V(s)(mean=-6.80 std=7.64) reward(mean=0.098 std=2.716) clip=50.0
[step 12400] value_loss=5.979098 policy_loss=-0.942675
[step 12400] VALUE_DEBUG: target(mean=-5.59 std=8.65 min=-18.76 max=9.58) V(s)(mean=-5.61 std=8.60) reward(mean=-0.217 std=4.047) clip=50.0
[step 12400] eval_success_rate=0.420 eval_mean_score=14.580 eval_policy_mode=greedy [solved=21/50, score_range=10.00-16.00/16.0, initial=9.00]
[step 12400] PROGRESS: filled=14.58 violations=0.00 zero_cand=0.00
[step 12400] DEBUG: ep_len=11.7 ep_ret=-1.565 stop_prob=0.000 score_chg=5.4450
[step 12450] value_loss=2.492713 policy_loss=0.069493
[step 12450] VALUE_DEBUG: target(mean=-4.71 std=8.61 min=-17.69 max=7.63) V(s)(mean=-5.42 std=8.60) reward(mean=0.408 std=3.515) clip=50.0
[step 12500] value_loss=3.477088 policy_loss=0.324143
[step 12500] VALUE_DEBUG: target(mean=-5.77 std=8.50 min=-17.48 max=10.20) V(s)(mean=-6.06 std=8.27) reward(mean=-0.468 std=4.456) clip=50.0
[step 12500] eval_success_rate=0.480 eval_mean_score=14.520 eval_policy_mode=greedy [solved=24/50, score_range=11.00-16.00/16.0, initial=9.00]
[step 12500] PROGRESS: filled=14.52 violations=0.00 zero_cand=0.00
[step 12500] DEBUG: ep_len=12.2 ep_ret=-2.582 stop_prob=0.000 score_chg=5.5300
[step 12550] value_loss=5.643435 policy_loss=0.683382
[step 12550] VALUE_DEBUG: target(mean=-4.52 std=8.10 min=-17.29 max=12.22) V(s)(mean=-4.48 std=8.03) reward(mean=0.537 std=2.800) clip=50.0
WARNING: Logging before InitGoogleLogging() is written to STDERR
E0120 11:14:27.774072 1502407 ODSBatchedPublisher-inl.h:151] Failed to send 446 obc [category=] ODS data points with an error. This is not the cause of a crash or exit: https://fburl.com/failedtosendods Error: AsyncSocketException: connect failed, type = Socket not open, errno = 111 (Connection refused): Connection refused
E0120 11:14:50.871739 1502408 Ods3Publisher.cpp:208] [ODS3 SDK] ODS3 SDK has dropped some samples. This is NOT the cause of errors in your application. 0 samples were dropped during observations. 33 samples were dropped due to publishing. One publishing error is: apache::thrift::transport::TTransportException: AsyncSocketException: connect failed, type = Socket not open, errno = 111 (Connection refused): Connection refused
[step 12600] value_loss=3.173970 policy_loss=0.557058
[step 12600] VALUE_DEBUG: target(mean=-3.15 std=8.64 min=-21.04 max=5.53) V(s)(mean=-2.70 std=8.55) reward(mean=-1.052 std=4.329) clip=50.0
[step 12600] eval_success_rate=0.460 eval_mean_score=14.480 eval_policy_mode=greedy [solved=23/50, score_range=10.00-16.00/16.0, initial=9.00]
[step 12600] PROGRESS: filled=14.48 violations=0.00 zero_cand=0.00
[step 12600] DEBUG: ep_len=12.2 ep_ret=-2.915 stop_prob=0.000 score_chg=5.2175
[step 12650] value_loss=17.211182 policy_loss=-0.133516
[step 12650] VALUE_DEBUG: target(mean=-8.61 std=9.65 min=-27.01 max=12.26) V(s)(mean=-7.71 std=8.96) reward(mean=-1.774 std=6.128) clip=50.0
[step 12700] value_loss=6.226775 policy_loss=0.591651
[step 12700] VALUE_DEBUG: target(mean=-4.15 std=9.00 min=-18.40 max=8.98) V(s)(mean=-4.25 std=8.36) reward(mean=-0.368 std=4.710) clip=50.0
[step 12700] eval_success_rate=0.460 eval_mean_score=14.680 eval_policy_mode=greedy [solved=23/50, score_range=11.00-16.00/16.0, initial=9.00]
[step 12700] PROGRESS: filled=14.68 violations=0.00 zero_cand=0.00
[step 12700] DEBUG: ep_len=12.4 ep_ret=-3.912 stop_prob=0.000 score_chg=5.1000
[step 12750] value_loss=0.472964 policy_loss=-0.133232
[step 12750] VALUE_DEBUG: target(mean=-4.67 std=8.37 min=-17.36 max=6.64) V(s)(mean=-4.63 std=8.29) reward(mean=0.033 std=2.962) clip=50.0
[step 12800] value_loss=2.085034 policy_loss=0.099754
[step 12800] VALUE_DEBUG: target(mean=-9.24 std=8.09 min=-19.63 max=3.99) V(s)(mean=-9.25 std=8.25) reward(mean=-0.716 std=4.580) clip=50.0
[step 12800] eval_success_rate=0.460 eval_mean_score=14.460 eval_policy_mode=greedy [solved=23/50, score_range=10.00-16.00/16.0, initial=9.00]
[step 12800] PROGRESS: filled=14.46 violations=0.00 zero_cand=0.00
[step 12800] DEBUG: ep_len=12.3 ep_ret=-3.442 stop_prob=0.000 score_chg=5.3350
[step 12850] value_loss=1.977650 policy_loss=0.895384
[step 12850] VALUE_DEBUG: target(mean=-6.42 std=8.92 min=-18.93 max=5.88) V(s)(mean=-6.18 std=9.06) reward(mean=-0.561 std=3.234) clip=50.0
[step 12900] value_loss=2.235316 policy_loss=-0.321541
[step 12900] VALUE_DEBUG: target(mean=-5.12 std=9.68 min=-19.75 max=7.35) V(s)(mean=-4.75 std=9.37) reward(mean=-0.557 std=3.314) clip=50.0
[step 12900] eval_success_rate=0.420 eval_mean_score=14.560 eval_policy_mode=greedy [solved=21/50, score_range=9.00-16.00/16.0, initial=9.00]
[step 12900] PROGRESS: filled=14.56 violations=0.00 zero_cand=0.00
[step 12900] DEBUG: ep_len=12.4 ep_ret=-3.827 stop_prob=0.000 score_chg=5.2350
[step 12950] value_loss=4.997446 policy_loss=0.558199
[step 12950] VALUE_DEBUG: target(mean=-4.98 std=8.04 min=-19.41 max=6.17) V(s)(mean=-4.67 std=8.23) reward(mean=-0.236 std=2.480) clip=50.0
[step 13000] value_loss=2.211096 policy_loss=0.769931
[step 13000] VALUE_DEBUG: target(mean=-4.99 std=8.46 min=-18.21 max=6.41) V(s)(mean=-4.97 std=8.38) reward(mean=0.409 std=1.703) clip=50.0
[step 13000] eval_success_rate=0.420 eval_mean_score=14.520 eval_policy_mode=greedy [solved=21/50, score_range=10.00-16.00/16.0, initial=9.00]
[step 13000] PROGRESS: filled=14.52 violations=0.00 zero_cand=0.00
[step 13000] DEBUG: ep_len=12.2 ep_ret=-2.577 stop_prob=0.000 score_chg=5.5500
[Checkpoint] Saved to checkpoints/rl_sudoku-4x4-easy_6to8empties_seed123/rl_checkpoint_step_13000.pt
[step 13050] value_loss=23.617069 policy_loss=0.139911
[step 13050] VALUE_DEBUG: target(mean=-7.50 std=8.69 min=-17.68 max=6.43) V(s)(mean=-6.72 std=8.55) reward(mean=-0.845 std=5.068) clip=50.0
[step 13100] value_loss=8.183748 policy_loss=-0.176305
[step 13100] VALUE_DEBUG: target(mean=-4.87 std=8.71 min=-18.06 max=6.10) V(s)(mean=-4.20 std=8.46) reward(mean=-0.783 std=3.942) clip=50.0
[step 13100] eval_success_rate=0.500 eval_mean_score=14.740 eval_policy_mode=greedy [solved=25/50, score_range=10.00-16.00/16.0, initial=9.00]
[step 13100] PROGRESS: filled=14.74 violations=0.00 zero_cand=0.00
[step 13100] DEBUG: ep_len=11.7 ep_ret=-1.215 stop_prob=0.000 score_chg=5.6500
[step 13150] value_loss=4.226014 policy_loss=-0.062319
[step 13150] VALUE_DEBUG: target(mean=-5.81 std=8.87 min=-21.57 max=7.25) V(s)(mean=-5.86 std=8.30) reward(mean=-0.328 std=3.717) clip=50.0
[step 13200] value_loss=9.599324 policy_loss=-0.581195
[step 13200] VALUE_DEBUG: target(mean=-8.56 std=8.67 min=-21.82 max=6.84) V(s)(mean=-7.85 std=8.49) reward(mean=-0.487 std=3.957) clip=50.0
[step 13200] eval_success_rate=0.460 eval_mean_score=14.660 eval_policy_mode=greedy [solved=23/50, score_range=10.00-16.00/16.0, initial=9.00]
[step 13200] PROGRESS: filled=14.66 violations=0.00 zero_cand=0.00
[step 13200] DEBUG: ep_len=12.0 ep_ret=-1.814 stop_prob=0.000 score_chg=5.5050
[step 13250] value_loss=10.793008 policy_loss=0.146517
[step 13250] VALUE_DEBUG: target(mean=-8.24 std=7.94 min=-17.86 max=5.81) V(s)(mean=-8.04 std=7.75) reward(mean=-0.433 std=4.557) clip=50.0
[step 13300] value_loss=5.278330 policy_loss=0.005939
[step 13300] VALUE_DEBUG: target(mean=-5.45 std=8.78 min=-19.21 max=8.42) V(s)(mean=-5.03 std=8.62) reward(mean=-0.146 std=3.892) clip=50.0
[step 13300] eval_success_rate=0.540 eval_mean_score=14.660 eval_policy_mode=greedy [solved=27/50, score_range=10.00-16.00/16.0, initial=9.00]
[step 13300] PROGRESS: filled=14.66 violations=0.00 zero_cand=0.00
[step 13300] DEBUG: ep_len=12.0 ep_ret=-1.910 stop_prob=0.000 score_chg=5.7600
[step 13350] value_loss=2.382136 policy_loss=-0.376698
[step 13350] VALUE_DEBUG: target(mean=-8.18 std=8.57 min=-18.40 max=8.73) V(s)(mean=-8.60 std=8.36) reward(mean=0.410 std=3.691) clip=50.0
[step 13400] value_loss=7.491087 policy_loss=0.005801
[step 13400] VALUE_DEBUG: target(mean=-5.04 std=8.84 min=-16.68 max=9.58) V(s)(mean=-5.43 std=8.09) reward(mean=0.908 std=3.922) clip=50.0
[step 13400] eval_success_rate=0.500 eval_mean_score=14.600 eval_policy_mode=greedy [solved=25/50, score_range=10.00-16.00/16.0, initial=9.00]
[step 13400] PROGRESS: filled=14.60 violations=0.00 zero_cand=0.00
[step 13400] DEBUG: ep_len=11.5 ep_ret=-1.150 stop_prob=0.000 score_chg=5.6500
[step 13450] value_loss=9.384099 policy_loss=0.135016
[step 13450] VALUE_DEBUG: target(mean=-6.27 std=9.37 min=-18.03 max=8.17) V(s)(mean=-6.03 std=8.77) reward(mean=-0.397 std=4.436) clip=50.0
[step 13500] value_loss=0.854780 policy_loss=0.298652
[step 13500] VALUE_DEBUG: target(mean=-3.95 std=8.65 min=-17.10 max=7.03) V(s)(mean=-4.30 std=8.77) reward(mean=0.750 std=1.053) clip=50.0
[step 13500] eval_success_rate=0.480 eval_mean_score=14.520 eval_policy_mode=greedy [solved=24/50, score_range=10.00-16.00/16.0, initial=9.00]
[step 13500] PROGRESS: filled=14.52 violations=0.00 zero_cand=0.00
[step 13500] DEBUG: ep_len=11.5 ep_ret=-0.804 stop_prob=0.000 score_chg=5.6025
[step 13550] value_loss=4.057105 policy_loss=0.016709
[step 13550] VALUE_DEBUG: target(mean=-7.06 std=9.22 min=-23.94 max=6.87) V(s)(mean=-6.64 std=8.46) reward(mean=0.037 std=2.072) clip=50.0
[step 13600] value_loss=17.498142 policy_loss=-0.061086
[step 13600] VALUE_DEBUG: target(mean=-5.44 std=9.26 min=-22.09 max=14.83) V(s)(mean=-5.31 std=8.10) reward(mean=-0.955 std=6.434) clip=50.0
[step 13600] eval_success_rate=0.520 eval_mean_score=14.680 eval_policy_mode=greedy [solved=26/50, score_range=10.00-16.00/16.0, initial=9.00]
[step 13600] PROGRESS: filled=14.68 violations=0.00 zero_cand=0.00
[step 13600] DEBUG: ep_len=11.6 ep_ret=-0.699 stop_prob=0.000 score_chg=5.7275
[step 13650] value_loss=5.513754 policy_loss=-0.166749
[step 13650] VALUE_DEBUG: target(mean=-5.09 std=9.40 min=-22.08 max=8.54) V(s)(mean=-4.91 std=8.43) reward(mean=-1.024 std=5.011) clip=50.0
[step 13700] value_loss=4.996545 policy_loss=-0.096646
[step 13700] VALUE_DEBUG: target(mean=-4.97 std=8.65 min=-17.99 max=9.89) V(s)(mean=-5.04 std=7.96) reward(mean=0.271 std=3.773) clip=50.0
[step 13700] eval_success_rate=0.520 eval_mean_score=14.620 eval_policy_mode=greedy [solved=26/50, score_range=10.00-16.00/16.0, initial=9.00]
[step 13700] PROGRESS: filled=14.62 violations=0.00 zero_cand=0.00
[step 13700] DEBUG: ep_len=11.5 ep_ret=-0.921 stop_prob=0.000 score_chg=5.7600
[step 13750] value_loss=3.814425 policy_loss=0.619770
[step 13750] VALUE_DEBUG: target(mean=-4.01 std=9.28 min=-22.02 max=7.68) V(s)(mean=-4.30 std=8.76) reward(mean=0.106 std=4.209) clip=50.0
[step 13800] value_loss=2.403156 policy_loss=0.330531
[step 13800] VALUE_DEBUG: target(mean=-5.25 std=9.00 min=-20.37 max=7.25) V(s)(mean=-5.44 std=8.78) reward(mean=-0.145 std=3.486) clip=50.0
[step 13800] eval_success_rate=0.500 eval_mean_score=14.560 eval_policy_mode=greedy [solved=25/50, score_range=9.00-16.00/16.0, initial=9.00]
[step 13800] PROGRESS: filled=14.56 violations=0.00 zero_cand=0.00
[step 13800] DEBUG: ep_len=11.8 ep_ret=-1.197 stop_prob=0.000 score_chg=5.9575
[step 13850] value_loss=21.191956 policy_loss=-0.398841
[step 13850] VALUE_DEBUG: target(mean=-5.01 std=9.85 min=-21.34 max=12.09) V(s)(mean=-4.13 std=8.56) reward(mean=-1.335 std=5.280) clip=50.0
