[2026-01-17T08:06:19.855-08:00] Buck UI: https://www.internalfb.com/buck2/ce2611e0-3082-4292-bfbb-4b67ae8a5187
[2026-01-17T08:06:27.196-08:00] Waiting on buck2 daemon ce2611e0-3082-4292-bfbb-4b67ae8a5187...
[2026-01-17T08:06:27.196-08:00] Network: Up:   0B             Down:   0B           
[2026-01-17T08:06:27.196-08:00] Resource usage: RSS: 5.5GiB CPU: 3988%
[2026-01-17T08:06:27.196-08:00] IO: none
[2026-01-17T08:06:28.192-08:00] [2m2026-01-17T16:06:28.092283Z[0m [33m WARN[0m [2mbuck2_interpreter_for_build::interpreter::functions::warning[0m[2m:[0m ptxas 12.8 is not available on platform platform010-aarch64-compat
[2026-01-17T08:06:28.192-08:00] [2m2026-01-17T16:06:28.092315Z[0m [33m WARN[0m [2mbuck2_interpreter_for_build::interpreter::functions::warning[0m[2m:[0m ptxas 12.8 is not available on platform platform010-compat
[2026-01-17T08:06:28.192-08:00] [2m2026-01-17T16:06:28.092320Z[0m [33m WARN[0m [2mbuck2_interpreter_for_build::interpreter::functions::warning[0m[2m:[0m ptxas 12.8 is not available on platform platform010-libcxx
[2026-01-17T08:06:28.192-08:00] [2m2026-01-17T16:06:28.092324Z[0m [33m WARN[0m [2mbuck2_interpreter_for_build::interpreter::functions::warning[0m[2m:[0m ptxas 12.8 is not available on platform antlir-distro
[2026-01-17T08:06:35.288-08:00] Waiting on buck2 daemon ce2611e0-3082-4292-bfbb-4b67ae8a5187...
[2026-01-17T08:06:35.288-08:00] Network: Up:   0B             Down:   0B           
[2026-01-17T08:06:35.288-08:00] Resource usage: RSS: 5.9GiB CPU: 1610%
[2026-01-17T08:06:35.288-08:00] IO: none
[2026-01-17T08:06:42.288-08:00] Waiting on buck2 daemon ce2611e0-3082-4292-bfbb-4b67ae8a5187...
[2026-01-17T08:06:42.288-08:00] Network: Up:   0B             Down:   0B           
[2026-01-17T08:06:42.288-08:00] Resource usage: RSS: 6.6GiB CPU: 4203%
[2026-01-17T08:06:42.288-08:00] IO: none
[2026-01-17T08:06:48.734-08:00] RE Session: reSessionID-ee45b8bb-89a7-4b0c-8769-7bdc145257ce
[2026-01-17T08:06:55.788-08:00] Waiting on buck2 daemon ce2611e0-3082-4292-bfbb-4b67ae8a5187...
[2026-01-17T08:06:55.788-08:00] Network: Up:  93KiB  94KiB/s  Down: 3.8MiB 3.4MiB/s  (reSessionID-ee45b8bb-89a7-4b0c-8769-7bdc145257ce)
[2026-01-17T08:06:55.788-08:00] Resource usage: RSS: 15GiB CPU: 2433%
[2026-01-17T08:06:55.788-08:00] IO: none
[2026-01-17T08:07:02.887-08:00] Waiting on buck2 daemon ce2611e0-3082-4292-bfbb-4b67ae8a5187...
[2026-01-17T08:07:02.888-08:00] Network: Up:  18MiB 195KiB/s  Down:  36MiB 8.4MiB/s  (reSessionID-ee45b8bb-89a7-4b0c-8769-7bdc145257ce)
[2026-01-17T08:07:02.888-08:00] Resource usage: RSS: 17GiB CPU: 2167%
[2026-01-17T08:07:02.888-08:00] IO: Symlink: 3 MkDir: 1
[2026-01-17T08:07:09.893-08:00] Waiting on buck2 daemon ce2611e0-3082-4292-bfbb-4b67ae8a5187...
[2026-01-17T08:07:09.893-08:00] Network: Up:  19MiB           Down:  43MiB 1.3MiB/s  (reSessionID-ee45b8bb-89a7-4b0c-8769-7bdc145257ce)
[2026-01-17T08:07:09.893-08:00] Resource usage: RSS: 18GiB CPU: 3950%
[2026-01-17T08:07:09.893-08:00] IO: Stat: 4
[2026-01-17T08:07:16.988-08:00] Waiting on buck2 daemon ce2611e0-3082-4292-bfbb-4b67ae8a5187...
[2026-01-17T08:07:16.988-08:00] Network: Up:  19MiB           Down: 122MiB 3.2MiB/s  (reSessionID-ee45b8bb-89a7-4b0c-8769-7bdc145257ce)
[2026-01-17T08:07:16.988-08:00] Resource usage: RSS: 19GiB CPU: 733%
[2026-01-17T08:07:16.988-08:00] IO: Symlink: 1 MkDir: 3
[2026-01-17T08:07:24.089-08:00] Waiting on buck2 daemon ce2611e0-3082-4292-bfbb-4b67ae8a5187...
[2026-01-17T08:07:24.089-08:00] Network: Up:  19MiB           Down: 321MiB 1.3MiB/s  (reSessionID-ee45b8bb-89a7-4b0c-8769-7bdc145257ce)
[2026-01-17T08:07:24.089-08:00] Resource usage: RSS: 17GiB CPU: 172%
[2026-01-17T08:07:24.089-08:00] IO: Symlink: 3 MkDir: 1 Stat: 1
[2026-01-17T08:07:31.188-08:00] Waiting on buck2 daemon ce2611e0-3082-4292-bfbb-4b67ae8a5187...
[2026-01-17T08:07:31.188-08:00] Network: Up:  19MiB           Down: 338MiB 288KiB/s  (reSessionID-ee45b8bb-89a7-4b0c-8769-7bdc145257ce)
[2026-01-17T08:07:31.188-08:00] Resource usage: RSS: 17GiB CPU: 99%
[2026-01-17T08:07:31.188-08:00] IO: MkDir: 4
[2026-01-17T08:07:38.188-08:00] Waiting on buck2 daemon ce2611e0-3082-4292-bfbb-4b67ae8a5187...
[2026-01-17T08:07:38.193-08:00] Network: Up:  19MiB           Down: 341MiB           (reSessionID-ee45b8bb-89a7-4b0c-8769-7bdc145257ce)
[2026-01-17T08:07:38.193-08:00] Resource usage: RSS: 17GiB CPU: 82%
[2026-01-17T08:07:38.193-08:00] IO: Symlink: 3 MkDir: 1 ReadDir: 1 Read: 1
[2026-01-17T08:07:45.288-08:00] Waiting on buck2 daemon ce2611e0-3082-4292-bfbb-4b67ae8a5187...
[2026-01-17T08:07:45.288-08:00] Network: Up:  19MiB           Down: 377MiB 6.0MiB/s  (reSessionID-ee45b8bb-89a7-4b0c-8769-7bdc145257ce)
[2026-01-17T08:07:45.288-08:00] Resource usage: RSS: 17GiB CPU: 117%
[2026-01-17T08:07:45.288-08:00] IO: MkDir: 1 ReadDir: 1 Stat: 2
[2026-01-17T08:07:52.389-08:00] Waiting on buck2 daemon ce2611e0-3082-4292-bfbb-4b67ae8a5187...
[2026-01-17T08:07:52.389-08:00] Network: Up:  19MiB           Down: 423MiB 8.1MiB/s  (reSessionID-ee45b8bb-89a7-4b0c-8769-7bdc145257ce)
[2026-01-17T08:07:52.389-08:00] Resource usage: RSS: 17GiB CPU: 100%
[2026-01-17T08:07:52.389-08:00] IO: MkDir: 6 Stat: 3
[2026-01-17T08:07:59.488-08:00] Waiting on buck2 daemon ce2611e0-3082-4292-bfbb-4b67ae8a5187...
[2026-01-17T08:07:59.488-08:00] Network: Up:  19MiB           Down: 515MiB  12MiB/s  (reSessionID-ee45b8bb-89a7-4b0c-8769-7bdc145257ce)
[2026-01-17T08:07:59.488-08:00] Resource usage: RSS: 17GiB CPU: 215%
[2026-01-17T08:07:59.488-08:00] IO: Symlink: 2 MkDir: 1 Stat: 1
[2026-01-17T08:08:06.588-08:00] Waiting on buck2 daemon ce2611e0-3082-4292-bfbb-4b67ae8a5187...
[2026-01-17T08:08:06.588-08:00] Network: Up:  19MiB           Down: 592MiB 2.1MiB/s  (reSessionID-ee45b8bb-89a7-4b0c-8769-7bdc145257ce)
[2026-01-17T08:08:06.588-08:00] Resource usage: RSS: 17GiB CPU: 240%
[2026-01-17T08:08:06.588-08:00] IO: Copy: 8 Symlink: 2 MkDir: 2 Stat: 2 Read: 1
[2026-01-17T08:08:13.590-08:00] Waiting on buck2 daemon ce2611e0-3082-4292-bfbb-4b67ae8a5187...
[2026-01-17T08:08:13.590-08:00] Network: Up:  19MiB           Down: 606MiB 3.8MiB/s  (reSessionID-ee45b8bb-89a7-4b0c-8769-7bdc145257ce)
[2026-01-17T08:08:13.590-08:00] Resource usage: RSS: 17GiB CPU: 276%
[2026-01-17T08:08:13.590-08:00] IO: MkDir: 2
[2026-01-17T08:08:20.689-08:00] Waiting on buck2 daemon ce2611e0-3082-4292-bfbb-4b67ae8a5187...
[2026-01-17T08:08:20.689-08:00] Network: Up:  19MiB           Down: 639MiB 2.6MiB/s  (reSessionID-ee45b8bb-89a7-4b0c-8769-7bdc145257ce)
[2026-01-17T08:08:20.689-08:00] Resource usage: RSS: 17GiB CPU: 134%
[2026-01-17T08:08:20.689-08:00] IO: Symlink: 1 MkDir: 2 Stat: 1
[2026-01-17T08:08:27.692-08:00] Waiting on buck2 daemon ce2611e0-3082-4292-bfbb-4b67ae8a5187...
[2026-01-17T08:08:27.692-08:00] Network: Up:  19MiB           Down: 641MiB           (reSessionID-ee45b8bb-89a7-4b0c-8769-7bdc145257ce)
[2026-01-17T08:08:27.692-08:00] Resource usage: RSS: 17GiB CPU: 27%
[2026-01-17T08:08:27.692-08:00] IO: Copy: 2 Symlink: 2 MkDir: 2
[2026-01-17T08:08:34.692-08:00] Waiting on buck2 daemon ce2611e0-3082-4292-bfbb-4b67ae8a5187...
[2026-01-17T08:08:34.692-08:00] Network: Up:  19MiB           Down: 642MiB 1.8KiB/s  (reSessionID-ee45b8bb-89a7-4b0c-8769-7bdc145257ce)
[2026-01-17T08:08:34.692-08:00] Resource usage: RSS: 17GiB CPU: 45%
[2026-01-17T08:08:34.692-08:00] IO: Copy: 4 Symlink: 2 MkDir: 4
[2026-01-17T08:08:41.793-08:00] Waiting on buck2 daemon ce2611e0-3082-4292-bfbb-4b67ae8a5187...
[2026-01-17T08:08:41.794-08:00] Network: Up:  19MiB           Down: 647MiB 362KiB/s  (reSessionID-ee45b8bb-89a7-4b0c-8769-7bdc145257ce)
[2026-01-17T08:08:41.794-08:00] Resource usage: RSS: 17GiB CPU: 148%
[2026-01-17T08:08:41.794-08:00] IO: Symlink: 2 MkDir: 1 Stat: 2 Write: 1
[2026-01-17T08:08:48.894-08:00] Waiting on buck2 daemon ce2611e0-3082-4292-bfbb-4b67ae8a5187...
[2026-01-17T08:08:48.894-08:00] Network: Up:  19MiB           Down: 652MiB           (reSessionID-ee45b8bb-89a7-4b0c-8769-7bdc145257ce)
[2026-01-17T08:08:48.894-08:00] Resource usage: RSS: 17GiB CPU: 240%
[2026-01-17T08:08:48.894-08:00] IO: Copy: 2 Symlink: 1 MkDir: 1
[2026-01-17T08:08:55.988-08:00] Waiting on buck2 daemon ce2611e0-3082-4292-bfbb-4b67ae8a5187...
[2026-01-17T08:08:55.988-08:00] Network: Up:  19MiB           Down: 659MiB  33KiB/s  (reSessionID-ee45b8bb-89a7-4b0c-8769-7bdc145257ce)
[2026-01-17T08:08:55.993-08:00] Resource usage: RSS: 17GiB CPU: 367%
[2026-01-17T08:08:55.993-08:00] IO: Copy: 2 Symlink: 1 MkDir: 4 Stat: 1 Write: 1
[2026-01-17T08:09:03.094-08:00] Waiting on buck2 daemon ce2611e0-3082-4292-bfbb-4b67ae8a5187...
[2026-01-17T08:09:03.095-08:00] Network: Up:  19MiB           Down: 664MiB           (reSessionID-ee45b8bb-89a7-4b0c-8769-7bdc145257ce)
[2026-01-17T08:09:03.095-08:00] Resource usage: RSS: 17GiB CPU: 291%
[2026-01-17T08:09:03.095-08:00] IO: Copy: 2 Symlink: 2 MkDir: 2 Stat: 1
[2026-01-17T08:09:10.189-08:00] Waiting on buck2 daemon ce2611e0-3082-4292-bfbb-4b67ae8a5187...
[2026-01-17T08:09:10.189-08:00] Network: Up:  19MiB           Down: 665MiB           (reSessionID-ee45b8bb-89a7-4b0c-8769-7bdc145257ce)
[2026-01-17T08:09:10.189-08:00] Resource usage: RSS: 17GiB CPU: 108%
[2026-01-17T08:09:10.189-08:00] IO: Copy: 24 Symlink: 1 MkDir: 6
[2026-01-17T08:09:17.195-08:00] Waiting on buck2 daemon ce2611e0-3082-4292-bfbb-4b67ae8a5187...
[2026-01-17T08:09:17.196-08:00] Network: Up:  19MiB           Down: 670MiB           (reSessionID-ee45b8bb-89a7-4b0c-8769-7bdc145257ce)
[2026-01-17T08:09:17.196-08:00] Resource usage: RSS: 17GiB CPU: 49%
[2026-01-17T08:09:17.196-08:00] IO: Copy: 3 Symlink: 1 MkDir: 3
[2026-01-17T08:09:24.288-08:00] Waiting on buck2 daemon ce2611e0-3082-4292-bfbb-4b67ae8a5187...
[2026-01-17T08:09:24.288-08:00] Network: Up:  19MiB           Down: 670MiB           (reSessionID-ee45b8bb-89a7-4b0c-8769-7bdc145257ce)
[2026-01-17T08:09:24.288-08:00] Resource usage: RSS: 17GiB CPU: 87%
[2026-01-17T08:09:24.288-08:00] IO: Copy: 4 Symlink: 2 MkDir: 1 Stat: 1
[2026-01-17T08:09:31.295-08:00] Waiting on buck2 daemon ce2611e0-3082-4292-bfbb-4b67ae8a5187...
[2026-01-17T08:09:31.295-08:00] Network: Up:  19MiB           Down: 673MiB           (reSessionID-ee45b8bb-89a7-4b0c-8769-7bdc145257ce)
[2026-01-17T08:09:31.295-08:00] Resource usage: RSS: 17GiB CPU: 101%
[2026-01-17T08:09:31.295-08:00] IO: Copy: 2 Stat: 4
[2026-01-17T08:09:38.388-08:00] Waiting on buck2 daemon ce2611e0-3082-4292-bfbb-4b67ae8a5187...
[2026-01-17T08:09:38.388-08:00] Network: Up:  19MiB           Down: 673MiB 155KiB/s  (reSessionID-ee45b8bb-89a7-4b0c-8769-7bdc145257ce)
[2026-01-17T08:09:38.388-08:00] Resource usage: RSS: 17GiB CPU: 268%
[2026-01-17T08:09:38.388-08:00] IO: Copy: 15 MkDir: 4 Stat: 2
[2026-01-17T08:09:45.388-08:00] Waiting on buck2 daemon ce2611e0-3082-4292-bfbb-4b67ae8a5187...
[2026-01-17T08:09:45.388-08:00] Network: Up:  19MiB           Down: 673MiB           (reSessionID-ee45b8bb-89a7-4b0c-8769-7bdc145257ce)
[2026-01-17T08:09:45.388-08:00] Resource usage: RSS: 17GiB CPU: 144%
[2026-01-17T08:09:45.388-08:00] IO: Copy: 12 MkDir: 5 Stat: 1
[2026-01-17T08:09:52.390-08:00] Waiting on buck2 daemon ce2611e0-3082-4292-bfbb-4b67ae8a5187...
[2026-01-17T08:09:52.391-08:00] Network: Up:  19MiB           Down: 676MiB           (reSessionID-ee45b8bb-89a7-4b0c-8769-7bdc145257ce)
[2026-01-17T08:09:52.391-08:00] Resource usage: RSS: 17GiB CPU: 121%
[2026-01-17T08:09:52.391-08:00] IO: Copy: 2 MkDir: 1 Stat: 3
[2026-01-17T08:09:59.391-08:00] Waiting on buck2 daemon ce2611e0-3082-4292-bfbb-4b67ae8a5187...
[2026-01-17T08:09:59.391-08:00] Network: Up:  19MiB           Down: 806MiB 6.9MiB/s  (reSessionID-ee45b8bb-89a7-4b0c-8769-7bdc145257ce)
[2026-01-17T08:09:59.391-08:00] Resource usage: RSS: 17GiB CPU: 65%
[2026-01-17T08:09:59.391-08:00] IO: MkDir: 4
[2026-01-17T08:10:06.398-08:00] Waiting on buck2 daemon ce2611e0-3082-4292-bfbb-4b67ae8a5187...
[2026-01-17T08:10:06.398-08:00] Network: Up:  19MiB           Down: 809MiB  96KiB/s  (reSessionID-ee45b8bb-89a7-4b0c-8769-7bdc145257ce)
[2026-01-17T08:10:06.399-08:00] Resource usage: RSS: 17GiB CPU: 38%
[2026-01-17T08:10:06.399-08:00] IO: Copy: 4 MkDir: 4
[2026-01-17T08:10:13.488-08:00] Waiting on buck2 daemon ce2611e0-3082-4292-bfbb-4b67ae8a5187...
[2026-01-17T08:10:13.488-08:00] Network: Up:  19MiB           Down: 810MiB 110KiB/s  (reSessionID-ee45b8bb-89a7-4b0c-8769-7bdc145257ce)
[2026-01-17T08:10:13.490-08:00] Resource usage: RSS: 17GiB CPU: 155%
[2026-01-17T08:10:13.490-08:00] IO: Copy: 1 MkDir: 4 ReadDir: 1 Stat: 1
[2026-01-17T08:10:20.591-08:00] Waiting on buck2 daemon ce2611e0-3082-4292-bfbb-4b67ae8a5187...
[2026-01-17T08:10:20.591-08:00] Network: Up:  19MiB           Down: 813MiB 183KiB/s  (reSessionID-ee45b8bb-89a7-4b0c-8769-7bdc145257ce)
[2026-01-17T08:10:20.591-08:00] Resource usage: RSS: 17GiB CPU: 38%
[2026-01-17T08:10:20.591-08:00] IO: MkDir: 2
[2026-01-17T08:10:27.688-08:00] Waiting on buck2 daemon ce2611e0-3082-4292-bfbb-4b67ae8a5187...
[2026-01-17T08:10:27.688-08:00] Network: Up:  19MiB           Down: 816MiB 543KiB/s  (reSessionID-ee45b8bb-89a7-4b0c-8769-7bdc145257ce)
[2026-01-17T08:10:27.688-08:00] Resource usage: RSS: 17GiB CPU: 41%
[2026-01-17T08:10:27.688-08:00] IO: Copy: 1 MkDir: 1 ReadDir: 1 Write: 1
[2026-01-17T08:10:34.691-08:00] Waiting on buck2 daemon ce2611e0-3082-4292-bfbb-4b67ae8a5187...
[2026-01-17T08:10:34.691-08:00] Network: Up:  19MiB           Down: 818MiB 589KiB/s  (reSessionID-ee45b8bb-89a7-4b0c-8769-7bdc145257ce)
[2026-01-17T08:10:34.691-08:00] Resource usage: RSS: 17GiB CPU: 77%
[2026-01-17T08:10:34.691-08:00] IO: Copy: 1 MkDir: 6 Stat: 2 Write: 1
[2026-01-17T08:10:41.792-08:00] Waiting on buck2 daemon ce2611e0-3082-4292-bfbb-4b67ae8a5187...
[2026-01-17T08:10:41.792-08:00] Network: Up:  19MiB           Down: 820MiB 328KiB/s  (reSessionID-ee45b8bb-89a7-4b0c-8769-7bdc145257ce)
[2026-01-17T08:10:41.792-08:00] Resource usage: RSS: 17GiB CPU: 48%
[2026-01-17T08:10:41.792-08:00] IO: Copy: 2 Symlink: 2 MkDir: 2
[2026-01-17T08:10:48.894-08:00] Waiting on buck2 daemon ce2611e0-3082-4292-bfbb-4b67ae8a5187...
[2026-01-17T08:10:48.894-08:00] Network: Up:  19MiB           Down: 822MiB 190KiB/s  (reSessionID-ee45b8bb-89a7-4b0c-8769-7bdc145257ce)
[2026-01-17T08:10:48.894-08:00] Resource usage: RSS: 17GiB CPU: 48%
[2026-01-17T08:10:48.894-08:00] IO: Copy: 1 MkDir: 1 ReadDir: 1
[2026-01-17T08:10:55.990-08:00] Waiting on buck2 daemon ce2611e0-3082-4292-bfbb-4b67ae8a5187...
[2026-01-17T08:10:55.990-08:00] Network: Up:  19MiB           Down: 825MiB 411KiB/s  (reSessionID-ee45b8bb-89a7-4b0c-8769-7bdc145257ce)
[2026-01-17T08:10:55.990-08:00] Resource usage: RSS: 17GiB CPU: 46%
[2026-01-17T08:10:55.990-08:00] IO: Copy: 2 ReadDir: 1 Write: 1
[2026-01-17T08:11:03.092-08:00] Waiting on buck2 daemon ce2611e0-3082-4292-bfbb-4b67ae8a5187...
[2026-01-17T08:11:03.092-08:00] Network: Up:  19MiB           Down: 828MiB 429KiB/s  (reSessionID-ee45b8bb-89a7-4b0c-8769-7bdc145257ce)
[2026-01-17T08:11:03.092-08:00] Resource usage: RSS: 17GiB CPU: 54%
[2026-01-17T08:11:03.092-08:00] IO: Copy: 3 MkDir: 2
[2026-01-17T08:11:10.190-08:00] Waiting on buck2 daemon ce2611e0-3082-4292-bfbb-4b67ae8a5187...
[2026-01-17T08:11:10.190-08:00] Network: Up:  19MiB           Down: 830MiB 194KiB/s  (reSessionID-ee45b8bb-89a7-4b0c-8769-7bdc145257ce)
[2026-01-17T08:11:10.190-08:00] Resource usage: RSS: 17GiB CPU: 69%
[2026-01-17T08:11:10.190-08:00] IO: Symlink: 1 MkDir: 4 ReadDir: 1
[2026-01-17T08:11:17.191-08:00] Waiting on buck2 daemon ce2611e0-3082-4292-bfbb-4b67ae8a5187...
[2026-01-17T08:11:17.191-08:00] Network: Up:  19MiB           Down: 833MiB 383KiB/s  (reSessionID-ee45b8bb-89a7-4b0c-8769-7bdc145257ce)
[2026-01-17T08:11:17.191-08:00] Resource usage: RSS: 17GiB CPU: 49%
[2026-01-17T08:11:17.191-08:00] IO: MkDir: 4
[2026-01-17T08:11:24.197-08:00] Waiting on buck2 daemon ce2611e0-3082-4292-bfbb-4b67ae8a5187...
[2026-01-17T08:11:24.197-08:00] Network: Up:  19MiB           Down: 835MiB 223KiB/s  (reSessionID-ee45b8bb-89a7-4b0c-8769-7bdc145257ce)
[2026-01-17T08:11:24.197-08:00] Resource usage: RSS: 17GiB CPU: 44%
[2026-01-17T08:11:24.197-08:00] IO: MkDir: 5 ReadDir: 2
[2026-01-17T08:11:31.288-08:00] Waiting on buck2 daemon ce2611e0-3082-4292-bfbb-4b67ae8a5187...
[2026-01-17T08:11:31.288-08:00] Network: Up:  19MiB           Down: 838MiB 575KiB/s  (reSessionID-ee45b8bb-89a7-4b0c-8769-7bdc145257ce)
[2026-01-17T08:11:31.288-08:00] Resource usage: RSS: 17GiB CPU: 53%
[2026-01-17T08:11:31.288-08:00] IO: Copy: 5 MkDir: 4 Stat: 1
[2026-01-17T08:11:38.397-08:00] Waiting on buck2 daemon ce2611e0-3082-4292-bfbb-4b67ae8a5187...
[2026-01-17T08:11:38.397-08:00] Network: Up:  19MiB           Down: 842MiB 377KiB/s  (reSessionID-ee45b8bb-89a7-4b0c-8769-7bdc145257ce)
[2026-01-17T08:11:38.397-08:00] Resource usage: RSS: 17GiB CPU: 65%
[2026-01-17T08:11:38.397-08:00] IO: MkDir: 2 Stat: 1 Write: 2
[2026-01-17T08:11:45.491-08:00] Waiting on buck2 daemon ce2611e0-3082-4292-bfbb-4b67ae8a5187...
[2026-01-17T08:11:45.491-08:00] Network: Up:  19MiB           Down: 843MiB 336KiB/s  (reSessionID-ee45b8bb-89a7-4b0c-8769-7bdc145257ce)
[2026-01-17T08:11:45.491-08:00] Resource usage: RSS: 17GiB CPU: 61%
[2026-01-17T08:11:45.491-08:00] IO: ReadDir: 1
[2026-01-17T08:11:52.589-08:00] Waiting on buck2 daemon ce2611e0-3082-4292-bfbb-4b67ae8a5187...
[2026-01-17T08:11:52.590-08:00] Network: Up:  19MiB           Down: 847MiB 695KiB/s  (reSessionID-ee45b8bb-89a7-4b0c-8769-7bdc145257ce)
[2026-01-17T08:11:52.590-08:00] Resource usage: RSS: 17GiB CPU: 88%
[2026-01-17T08:11:52.590-08:00] IO: Copy: 2 MkDir: 4 ReadDir: 1 Stat: 1 Write: 1
[2026-01-17T08:11:59.688-08:00] Waiting on buck2 daemon ce2611e0-3082-4292-bfbb-4b67ae8a5187...
[2026-01-17T08:11:59.688-08:00] Network: Up:  19MiB           Down: 850MiB 350KiB/s  (reSessionID-ee45b8bb-89a7-4b0c-8769-7bdc145257ce)
[2026-01-17T08:11:59.688-08:00] Resource usage: RSS: 17GiB CPU: 64%
[2026-01-17T08:11:59.688-08:00] IO: Copy: 2 MkDir: 2 ReadDir: 1 Stat: 1
[2026-01-17T08:12:06.697-08:00] Waiting on buck2 daemon ce2611e0-3082-4292-bfbb-4b67ae8a5187...
[2026-01-17T08:12:06.698-08:00] Network: Up:  19MiB           Down: 861MiB 2.5MiB/s  (reSessionID-ee45b8bb-89a7-4b0c-8769-7bdc145257ce)
[2026-01-17T08:12:06.698-08:00] Resource usage: RSS: 17GiB CPU: 140%
[2026-01-17T08:12:06.698-08:00] IO: Symlink: 1 MkDir: 3 Stat: 1
[2026-01-17T08:12:13.788-08:00] Waiting on buck2 daemon ce2611e0-3082-4292-bfbb-4b67ae8a5187...
[2026-01-17T08:12:13.788-08:00] Network: Up:  19MiB           Down: 877MiB 2.1MiB/s  (reSessionID-ee45b8bb-89a7-4b0c-8769-7bdc145257ce)
[2026-01-17T08:12:13.788-08:00] Resource usage: RSS: 17GiB CPU: 104%
[2026-01-17T08:12:13.788-08:00] IO: MkDir: 4 Write: 1
[2026-01-17T08:12:20.798-08:00] Waiting on buck2 daemon ce2611e0-3082-4292-bfbb-4b67ae8a5187...
[2026-01-17T08:12:20.798-08:00] Network: Up:  19MiB           Down: 898MiB 3.4MiB/s  (reSessionID-ee45b8bb-89a7-4b0c-8769-7bdc145257ce)
[2026-01-17T08:12:20.799-08:00] Resource usage: RSS: 17GiB CPU: 167%
[2026-01-17T08:12:20.799-08:00] IO: Stat: 4
[2026-01-17T08:12:27.893-08:00] Waiting on buck2 daemon ce2611e0-3082-4292-bfbb-4b67ae8a5187...
[2026-01-17T08:12:27.893-08:00] Network: Up:  19MiB           Down: 917MiB 2.5MiB/s  (reSessionID-ee45b8bb-89a7-4b0c-8769-7bdc145257ce)
[2026-01-17T08:12:27.893-08:00] Resource usage: RSS: 17GiB CPU: 83%
[2026-01-17T08:12:27.893-08:00] IO: MkDir: 2 Stat: 2
[2026-01-17T08:12:34.989-08:00] Waiting on buck2 daemon ce2611e0-3082-4292-bfbb-4b67ae8a5187...
[2026-01-17T08:12:34.989-08:00] Network: Up:  19MiB           Down: 937MiB  10MiB/s  (reSessionID-ee45b8bb-89a7-4b0c-8769-7bdc145257ce)
[2026-01-17T08:12:34.989-08:00] Resource usage: RSS: 17GiB CPU: 212%
[2026-01-17T08:12:34.989-08:00] IO: Copy: 2 MkDir: 3 Stat: 2
[2026-01-17T08:12:41.993-08:00] Waiting on buck2 daemon ce2611e0-3082-4292-bfbb-4b67ae8a5187...
[2026-01-17T08:12:41.993-08:00] Network: Up:  19MiB           Down: 953MiB 2.2MiB/s  (reSessionID-ee45b8bb-89a7-4b0c-8769-7bdc145257ce)
[2026-01-17T08:12:41.993-08:00] Resource usage: RSS: 17GiB CPU: 54%
[2026-01-17T08:12:41.993-08:00] IO: Copy: 2 Symlink: 3 Stat: 1
[2026-01-17T08:12:49.087-08:00] Waiting on buck2 daemon ce2611e0-3082-4292-bfbb-4b67ae8a5187...
[2026-01-17T08:12:49.087-08:00] Network: Up:  19MiB           Down: 967MiB 2.0MiB/s  (reSessionID-ee45b8bb-89a7-4b0c-8769-7bdc145257ce)
[2026-01-17T08:12:49.087-08:00] Resource usage: RSS: 17GiB CPU: 71%
[2026-01-17T08:12:49.087-08:00] IO: Copy: 2 MkDir: 4
[2026-01-17T08:12:56.089-08:00] Waiting on buck2 daemon ce2611e0-3082-4292-bfbb-4b67ae8a5187...
[2026-01-17T08:12:56.089-08:00] Network: Up:  19MiB           Down: 984MiB 207KiB/s  (reSessionID-ee45b8bb-89a7-4b0c-8769-7bdc145257ce)
[2026-01-17T08:12:56.093-08:00] Resource usage: RSS: 17GiB CPU: 51%
[2026-01-17T08:12:56.093-08:00] IO: MkDir: 3
[2026-01-17T08:13:03.188-08:00] Waiting on buck2 daemon ce2611e0-3082-4292-bfbb-4b67ae8a5187...
[2026-01-17T08:13:03.188-08:00] Network: Up:  19MiB           Down: 1.0GiB 3.2MiB/s  (reSessionID-ee45b8bb-89a7-4b0c-8769-7bdc145257ce)
[2026-01-17T08:13:03.188-08:00] Resource usage: RSS: 17GiB CPU: 93%
[2026-01-17T08:13:03.188-08:00] IO: MkDir: 4
[2026-01-17T08:13:10.288-08:00] Waiting on buck2 daemon ce2611e0-3082-4292-bfbb-4b67ae8a5187...
[2026-01-17T08:13:10.288-08:00] Network: Up:  19MiB           Down: 1.0GiB 5.1MiB/s  (reSessionID-ee45b8bb-89a7-4b0c-8769-7bdc145257ce)
[2026-01-17T08:13:10.288-08:00] Resource usage: RSS: 17GiB CPU: 148%
[2026-01-17T08:13:10.288-08:00] IO: MkDir: 3 Stat: 1
[2026-01-17T08:13:17.295-08:00] Waiting on buck2 daemon ce2611e0-3082-4292-bfbb-4b67ae8a5187...
[2026-01-17T08:13:17.295-08:00] Network: Up:  19MiB           Down: 1.1GiB 535KiB/s  (reSessionID-ee45b8bb-89a7-4b0c-8769-7bdc145257ce)
[2026-01-17T08:13:17.295-08:00] Resource usage: RSS: 17GiB CPU: 124%
[2026-01-17T08:13:17.296-08:00] IO: Copy: 1 Symlink: 3 Stat: 1
[2026-01-17T08:13:24.395-08:00] Waiting on buck2 daemon ce2611e0-3082-4292-bfbb-4b67ae8a5187...
[2026-01-17T08:13:24.395-08:00] Network: Up:  24MiB 3.8MiB/s  Down: 1.1GiB 2.9MiB/s  (reSessionID-ee45b8bb-89a7-4b0c-8769-7bdc145257ce)
[2026-01-17T08:13:24.395-08:00] Resource usage: RSS: 17GiB CPU: 1234%
[2026-01-17T08:13:24.395-08:00] IO: Copy: 1 Symlink: 2 MkDir: 2
[2026-01-17T08:13:31.396-08:00] Waiting on buck2 daemon ce2611e0-3082-4292-bfbb-4b67ae8a5187...
[2026-01-17T08:13:31.396-08:00] Network: Up:  58MiB  11MiB/s  Down: 1.2GiB 8.3MiB/s  (reSessionID-ee45b8bb-89a7-4b0c-8769-7bdc145257ce)
[2026-01-17T08:13:31.396-08:00] Resource usage: RSS: 18GiB CPU: 1155%
[2026-01-17T08:13:31.396-08:00] IO: MkDir: 4 Stat: 1
[2026-01-17T08:13:38.488-08:00] Waiting on buck2 daemon ce2611e0-3082-4292-bfbb-4b67ae8a5187...
[2026-01-17T08:13:38.488-08:00] Network: Up:  63MiB           Down: 1.6GiB 111MiB/s  (reSessionID-ee45b8bb-89a7-4b0c-8769-7bdc145257ce)
[2026-01-17T08:13:38.488-08:00] Resource usage: RSS: 18GiB CPU: 620%
[2026-01-17T08:13:38.488-08:00] IO: Symlink: 2 MkDir: 2
[2026-01-17T08:13:45.591-08:00] Waiting on buck2 daemon ce2611e0-3082-4292-bfbb-4b67ae8a5187...
[2026-01-17T08:13:45.591-08:00] Network: Up:  63MiB           Down: 1.7GiB 9.1MiB/s  (reSessionID-ee45b8bb-89a7-4b0c-8769-7bdc145257ce)
[2026-01-17T08:13:45.591-08:00] Resource usage: RSS: 17GiB CPU: 148%
[2026-01-17T08:13:45.591-08:00] IO: MkDir: 4
[2026-01-17T08:13:52.591-08:00] Waiting on buck2 daemon ce2611e0-3082-4292-bfbb-4b67ae8a5187...
[2026-01-17T08:13:52.591-08:00] Network: Up:  63MiB           Down: 1.7GiB 5.9MiB/s  (reSessionID-ee45b8bb-89a7-4b0c-8769-7bdc145257ce)
[2026-01-17T08:13:52.591-08:00] Resource usage: RSS: 17GiB CPU: 66%
[2026-01-17T08:13:52.591-08:00] IO: MkDir: 4 Write: 1
[2026-01-17T08:13:59.688-08:00] Waiting on buck2 daemon ce2611e0-3082-4292-bfbb-4b67ae8a5187...
[2026-01-17T08:13:59.689-08:00] Network: Up:  63MiB           Down: 1.8GiB 1.2MiB/s  (reSessionID-ee45b8bb-89a7-4b0c-8769-7bdc145257ce)
[2026-01-17T08:13:59.689-08:00] Resource usage: RSS: 17GiB CPU: 104%
[2026-01-17T08:13:59.689-08:00] IO: Copy: 2 MkDir: 4
[2026-01-17T08:14:06.693-08:00] Waiting on buck2 daemon ce2611e0-3082-4292-bfbb-4b67ae8a5187...
[2026-01-17T08:14:06.693-08:00] Network: Up:  63MiB           Down: 1.8GiB 1.1MiB/s  (reSessionID-ee45b8bb-89a7-4b0c-8769-7bdc145257ce)
[2026-01-17T08:14:06.693-08:00] Resource usage: RSS: 17GiB CPU: 49%
[2026-01-17T08:14:06.693-08:00] IO: Copy: 2 MkDir: 9 Write: 2
[2026-01-17T08:14:13.788-08:00] Waiting on buck2 daemon ce2611e0-3082-4292-bfbb-4b67ae8a5187...
[2026-01-17T08:14:13.788-08:00] Network: Up:  63MiB           Down: 1.8GiB 3.9MiB/s  (reSessionID-ee45b8bb-89a7-4b0c-8769-7bdc145257ce)
[2026-01-17T08:14:13.788-08:00] Resource usage: RSS: 17GiB CPU: 76%
[2026-01-17T08:14:13.795-08:00] IO: Copy: 3 MkDir: 6
[2026-01-17T08:14:20.910-08:00] Waiting on buck2 daemon ce2611e0-3082-4292-bfbb-4b67ae8a5187...
[2026-01-17T08:14:20.910-08:00] Network: Up:  63MiB           Down: 1.9GiB 3.7MiB/s  (reSessionID-ee45b8bb-89a7-4b0c-8769-7bdc145257ce)
[2026-01-17T08:14:20.910-08:00] Resource usage: RSS: 17GiB CPU: 263%
[2026-01-17T08:14:20.910-08:00] IO: Symlink: 2 MkDir: 1 Stat: 2
[2026-01-17T08:14:27.988-08:00] Waiting on buck2 daemon ce2611e0-3082-4292-bfbb-4b67ae8a5187...
[2026-01-17T08:14:27.988-08:00] Network: Up:  63MiB           Down: 1.9GiB 303KiB/s  (reSessionID-ee45b8bb-89a7-4b0c-8769-7bdc145257ce)
[2026-01-17T08:14:27.988-08:00] Resource usage: RSS: 17GiB CPU: 83%
[2026-01-17T08:14:27.988-08:00] IO: MkDir: 4
[2026-01-17T08:14:34.991-08:00] Waiting on buck2 daemon ce2611e0-3082-4292-bfbb-4b67ae8a5187...
[2026-01-17T08:14:34.991-08:00] Network: Up:  63MiB           Down: 1.9GiB  13MiB/s  (reSessionID-ee45b8bb-89a7-4b0c-8769-7bdc145257ce)
[2026-01-17T08:14:34.991-08:00] Resource usage: RSS: 17GiB CPU: 83%
[2026-01-17T08:14:34.991-08:00] IO: Copy: 3 Symlink: 1 MkDir: 3 Write: 2
[2026-01-17T08:14:42.088-08:00] Waiting on buck2 daemon ce2611e0-3082-4292-bfbb-4b67ae8a5187...
[2026-01-17T08:14:42.088-08:00] Network: Up:  63MiB           Down: 2.0GiB 714KiB/s  (reSessionID-ee45b8bb-89a7-4b0c-8769-7bdc145257ce)
[2026-01-17T08:14:42.088-08:00] Resource usage: RSS: 17GiB CPU: 432%
[2026-01-17T08:14:42.088-08:00] IO: MkDir: 4
[2026-01-17T08:14:49.096-08:00] Waiting on buck2 daemon ce2611e0-3082-4292-bfbb-4b67ae8a5187...
[2026-01-17T08:14:49.096-08:00] Network: Up:  63MiB           Down: 2.0GiB 1.5MiB/s  (reSessionID-ee45b8bb-89a7-4b0c-8769-7bdc145257ce)
[2026-01-17T08:14:49.096-08:00] Resource usage: RSS: 17GiB CPU: 162%
[2026-01-17T08:14:49.096-08:00] IO: Copy: 5 Symlink: 2 MkDir: 5
[2026-01-17T08:14:56.188-08:00] Waiting on buck2 daemon ce2611e0-3082-4292-bfbb-4b67ae8a5187...
[2026-01-17T08:14:56.188-08:00] Network: Up:  63MiB           Down: 2.0GiB 296KiB/s  (reSessionID-ee45b8bb-89a7-4b0c-8769-7bdc145257ce)
[2026-01-17T08:14:56.188-08:00] Resource usage: RSS: 17GiB CPU: 151%
[2026-01-17T08:14:56.188-08:00] IO: MkDir: 4
[2026-01-17T08:15:03.198-08:00] Waiting on buck2 daemon ce2611e0-3082-4292-bfbb-4b67ae8a5187...
[2026-01-17T08:15:03.199-08:00] Network: Up:  63MiB           Down: 2.1GiB 203KiB/s  (reSessionID-ee45b8bb-89a7-4b0c-8769-7bdc145257ce)
[2026-01-17T08:15:03.199-08:00] Resource usage: RSS: 17GiB CPU: 38%
[2026-01-17T08:15:03.199-08:00] IO: Copy: 1
[2026-01-17T08:15:10.291-08:00] Waiting on buck2 daemon ce2611e0-3082-4292-bfbb-4b67ae8a5187...
[2026-01-17T08:15:10.291-08:00] Network: Up:  63MiB           Down: 2.1GiB 7.2MiB/s  (reSessionID-ee45b8bb-89a7-4b0c-8769-7bdc145257ce)
[2026-01-17T08:15:10.291-08:00] Resource usage: RSS: 17GiB CPU: 122%
[2026-01-17T08:15:10.291-08:00] IO: Copy: 2 Stat: 1 Write: 2
[2026-01-17T08:15:17.389-08:00] Waiting on buck2 daemon ce2611e0-3082-4292-bfbb-4b67ae8a5187...
[2026-01-17T08:15:17.389-08:00] Network: Up:  63MiB           Down: 2.1GiB 3.3MiB/s  (reSessionID-ee45b8bb-89a7-4b0c-8769-7bdc145257ce)
[2026-01-17T08:15:17.389-08:00] Resource usage: RSS: 17GiB CPU: 97%
[2026-01-17T08:15:17.389-08:00] IO: Symlink: 2 MkDir: 2 Write: 12
[2026-01-17T08:15:24.400-08:00] Waiting on buck2 daemon ce2611e0-3082-4292-bfbb-4b67ae8a5187...
[2026-01-17T08:15:24.400-08:00] Network: Up:  63MiB           Down: 2.1GiB 719KiB/s  (reSessionID-ee45b8bb-89a7-4b0c-8769-7bdc145257ce)
[2026-01-17T08:15:24.400-08:00] Resource usage: RSS: 17GiB CPU: 115%
[2026-01-17T08:15:24.400-08:00] IO: Copy: 3 Symlink: 1 MkDir: 3
[2026-01-17T08:15:31.488-08:00] Waiting on buck2 daemon ce2611e0-3082-4292-bfbb-4b67ae8a5187...
[2026-01-17T08:15:31.488-08:00] Network: Up:  63MiB           Down: 2.1GiB 1.4MiB/s  (reSessionID-ee45b8bb-89a7-4b0c-8769-7bdc145257ce)
[2026-01-17T08:15:31.488-08:00] Resource usage: RSS: 17GiB CPU: 124%
[2026-01-17T08:15:31.488-08:00] IO: Copy: 1 Symlink: 1 MkDir: 3
[2026-01-17T08:15:38.588-08:00] Waiting on buck2 daemon ce2611e0-3082-4292-bfbb-4b67ae8a5187...
[2026-01-17T08:15:38.592-08:00] Network: Up:  63MiB           Down: 2.1GiB 189KiB/s  (reSessionID-ee45b8bb-89a7-4b0c-8769-7bdc145257ce)
[2026-01-17T08:15:38.592-08:00] Resource usage: RSS: 17GiB CPU: 201%
[2026-01-17T08:15:38.592-08:00] IO: Symlink: 2 MkDir: 1 Stat: 1
[2026-01-17T08:15:45.596-08:00] Waiting on buck2 daemon ce2611e0-3082-4292-bfbb-4b67ae8a5187...
[2026-01-17T08:15:45.596-08:00] Network: Up:  63MiB           Down: 2.1GiB 331KiB/s  (reSessionID-ee45b8bb-89a7-4b0c-8769-7bdc145257ce)
[2026-01-17T08:15:45.596-08:00] Resource usage: RSS: 17GiB CPU: 199%
[2026-01-17T08:15:45.596-08:00] IO: Symlink: 2 MkDir: 1 Stat: 1
[2026-01-17T08:15:52.694-08:00] Waiting on buck2 daemon ce2611e0-3082-4292-bfbb-4b67ae8a5187...
[2026-01-17T08:15:52.694-08:00] Network: Up:  63MiB           Down: 2.2GiB 3.0MiB/s  (reSessionID-ee45b8bb-89a7-4b0c-8769-7bdc145257ce)
[2026-01-17T08:15:52.694-08:00] Resource usage: RSS: 17GiB CPU: 82%
[2026-01-17T08:15:52.694-08:00] IO: Copy: 2 Symlink: 3 Stat: 1
[2026-01-17T08:15:59.795-08:00] Waiting on buck2 daemon ce2611e0-3082-4292-bfbb-4b67ae8a5187...
[2026-01-17T08:15:59.795-08:00] Network: Up:  63MiB           Down: 2.2GiB 1.3MiB/s  (reSessionID-ee45b8bb-89a7-4b0c-8769-7bdc145257ce)
[2026-01-17T08:15:59.795-08:00] Resource usage: RSS: 17GiB CPU: 48%
[2026-01-17T08:15:59.795-08:00] IO: MkDir: 4 Write: 5
[2026-01-17T08:16:06.890-08:00] Waiting on buck2 daemon ce2611e0-3082-4292-bfbb-4b67ae8a5187...
[2026-01-17T08:16:06.891-08:00] Network: Up:  63MiB           Down: 2.2GiB 1.9MiB/s  (reSessionID-ee45b8bb-89a7-4b0c-8769-7bdc145257ce)
[2026-01-17T08:16:06.891-08:00] Resource usage: RSS: 17GiB CPU: 66%
[2026-01-17T08:16:06.891-08:00] IO: Symlink: 2 MkDir: 5
[2026-01-17T08:16:13.994-08:00] Waiting on buck2 daemon ce2611e0-3082-4292-bfbb-4b67ae8a5187...
[2026-01-17T08:16:13.994-08:00] Network: Up:  63MiB           Down: 2.2GiB  49KiB/s  (reSessionID-ee45b8bb-89a7-4b0c-8769-7bdc145257ce)
[2026-01-17T08:16:13.994-08:00] Resource usage: RSS: 17GiB CPU: 151%
[2026-01-17T08:16:13.994-08:00] IO: Symlink: 1 MkDir: 3
[2026-01-17T08:16:21.089-08:00] Waiting on buck2 daemon ce2611e0-3082-4292-bfbb-4b67ae8a5187...
[2026-01-17T08:16:21.089-08:00] Network: Up:  63MiB           Down: 2.4GiB 210KiB/s  (reSessionID-ee45b8bb-89a7-4b0c-8769-7bdc145257ce)
[2026-01-17T08:16:21.089-08:00] Resource usage: RSS: 17GiB CPU: 146%
[2026-01-17T08:16:21.089-08:00] IO: Copy: 1 Symlink: 1 MkDir: 5
[2026-01-17T08:16:28.188-08:00] Waiting on buck2 daemon ce2611e0-3082-4292-bfbb-4b67ae8a5187...
[2026-01-17T08:16:28.188-08:00] Network: Up:  63MiB           Down: 2.4GiB 302KiB/s  (reSessionID-ee45b8bb-89a7-4b0c-8769-7bdc145257ce)
[2026-01-17T08:16:28.188-08:00] Resource usage: RSS: 17GiB CPU: 168%
[2026-01-17T08:16:28.188-08:00] IO: Copy: 3 MkDir: 4
[2026-01-17T08:16:35.192-08:00] Waiting on buck2 daemon ce2611e0-3082-4292-bfbb-4b67ae8a5187...
[2026-01-17T08:16:35.192-08:00] Network: Up:  63MiB           Down: 2.4GiB 739KiB/s  (reSessionID-ee45b8bb-89a7-4b0c-8769-7bdc145257ce)
[2026-01-17T08:16:35.192-08:00] Resource usage: RSS: 17GiB CPU: 66%
[2026-01-17T08:16:35.192-08:00] IO: Copy: 2 MkDir: 3 Stat: 1
[2026-01-17T08:16:42.211-08:00] Waiting on buck2 daemon ce2611e0-3082-4292-bfbb-4b67ae8a5187...
[2026-01-17T08:16:42.211-08:00] Network: Up:  63MiB           Down: 2.4GiB           (reSessionID-ee45b8bb-89a7-4b0c-8769-7bdc145257ce)
[2026-01-17T08:16:42.211-08:00] Resource usage: RSS: 17GiB CPU: 30%
[2026-01-17T08:16:42.211-08:00] IO: MkDir: 4
[2026-01-17T08:16:49.289-08:00] Waiting on buck2 daemon ce2611e0-3082-4292-bfbb-4b67ae8a5187...
[2026-01-17T08:16:49.289-08:00] Network: Up:  63MiB           Down: 2.4GiB 6.0KiB/s  (reSessionID-ee45b8bb-89a7-4b0c-8769-7bdc145257ce)
[2026-01-17T08:16:49.290-08:00] Resource usage: RSS: 17GiB CPU: 42%
[2026-01-17T08:16:49.290-08:00] IO: Copy: 5 MkDir: 9
[2026-01-17T08:16:56.307-08:00] Waiting on buck2 daemon ce2611e0-3082-4292-bfbb-4b67ae8a5187...
[2026-01-17T08:16:56.307-08:00] Network: Up:  63MiB           Down: 2.4GiB 8.2KiB/s  (reSessionID-ee45b8bb-89a7-4b0c-8769-7bdc145257ce)
[2026-01-17T08:16:56.307-08:00] Resource usage: RSS: 17GiB CPU: 32%
[2026-01-17T08:16:56.318-08:00] IO: Copy: 4 MkDir: 4
[2026-01-17T08:17:03.392-08:00] Waiting on buck2 daemon ce2611e0-3082-4292-bfbb-4b67ae8a5187...
[2026-01-17T08:17:03.392-08:00] Network: Up:  63MiB           Down: 2.4GiB           (reSessionID-ee45b8bb-89a7-4b0c-8769-7bdc145257ce)
[2026-01-17T08:17:03.392-08:00] Resource usage: RSS: 17GiB CPU: 57%
[2026-01-17T08:17:03.392-08:00] IO: Copy: 10 Symlink: 1 MkDir: 4 Stat: 1
[2026-01-17T08:17:10.488-08:00] Waiting on buck2 daemon ce2611e0-3082-4292-bfbb-4b67ae8a5187...
[2026-01-17T08:17:10.489-08:00] Network: Up:  63MiB           Down: 2.4GiB  26KiB/s  (reSessionID-ee45b8bb-89a7-4b0c-8769-7bdc145257ce)
[2026-01-17T08:17:10.489-08:00] Resource usage: RSS: 17GiB CPU: 76%
[2026-01-17T08:17:10.489-08:00] IO: Copy: 10 Symlink: 2 MkDir: 4 Stat: 1
[2026-01-17T08:17:17.592-08:00] Waiting on buck2 daemon ce2611e0-3082-4292-bfbb-4b67ae8a5187...
[2026-01-17T08:17:17.592-08:00] Network: Up:  63MiB           Down: 2.4GiB           (reSessionID-ee45b8bb-89a7-4b0c-8769-7bdc145257ce)
[2026-01-17T08:17:17.592-08:00] Resource usage: RSS: 17GiB CPU: 83%
[2026-01-17T08:17:17.592-08:00] IO: Copy: 8 Symlink: 1 MkDir: 2
[2026-01-17T08:17:24.596-08:00] Waiting on buck2 daemon ce2611e0-3082-4292-bfbb-4b67ae8a5187...
[2026-01-17T08:17:24.596-08:00] Network: Up:  64MiB 132KiB/s  Down: 2.4GiB 154KiB/s  (reSessionID-ee45b8bb-89a7-4b0c-8769-7bdc145257ce)
[2026-01-17T08:17:24.596-08:00] Resource usage: RSS: 17GiB CPU: 65%
[2026-01-17T08:17:24.596-08:00] IO: Copy: 4 MkDir: 6 Stat: 3
[2026-01-17T08:17:31.694-08:00] Waiting on buck2 daemon ce2611e0-3082-4292-bfbb-4b67ae8a5187...
[2026-01-17T08:17:31.694-08:00] Network: Up:  64MiB           Down: 2.4GiB  48KiB/s  (reSessionID-ee45b8bb-89a7-4b0c-8769-7bdc145257ce)
[2026-01-17T08:17:31.695-08:00] Resource usage: RSS: 17GiB CPU: 67%
[2026-01-17T08:17:31.695-08:00] IO: Copy: 6 MkDir: 4
[2026-01-17T08:17:38.701-08:00] Waiting on buck2 daemon ce2611e0-3082-4292-bfbb-4b67ae8a5187...
[2026-01-17T08:17:38.701-08:00] Network: Up:  64MiB           Down: 2.4GiB  13MiB/s  (reSessionID-ee45b8bb-89a7-4b0c-8769-7bdc145257ce)
[2026-01-17T08:17:38.701-08:00] Resource usage: RSS: 17GiB CPU: 193%
[2026-01-17T08:17:38.701-08:00] IO: Copy: 2 MkDir: 4
[2026-01-17T08:17:45.788-08:00] Waiting on buck2 daemon ce2611e0-3082-4292-bfbb-4b67ae8a5187...
[2026-01-17T08:17:45.788-08:00] Network: Up:  64MiB           Down: 2.4GiB 6.1MiB/s  (reSessionID-ee45b8bb-89a7-4b0c-8769-7bdc145257ce)
[2026-01-17T08:17:45.788-08:00] Resource usage: RSS: 17GiB CPU: 105%
[2026-01-17T08:17:45.788-08:00] IO: MkDir: 4 Stat: 4
[2026-01-17T08:17:52.894-08:00] Waiting on buck2 daemon ce2611e0-3082-4292-bfbb-4b67ae8a5187...
[2026-01-17T08:17:52.894-08:00] Network: Up:  64MiB           Down: 2.5GiB 5.8MiB/s  (reSessionID-ee45b8bb-89a7-4b0c-8769-7bdc145257ce)
[2026-01-17T08:17:52.894-08:00] Resource usage: RSS: 17GiB CPU: 224%
[2026-01-17T08:17:52.894-08:00] IO: Copy: 4 MkDir: 1 Read: 1
[2026-01-17T08:17:59.989-08:00] Waiting on buck2 daemon ce2611e0-3082-4292-bfbb-4b67ae8a5187...
[2026-01-17T08:17:59.989-08:00] Network: Up:  64MiB           Down: 2.5GiB           (reSessionID-ee45b8bb-89a7-4b0c-8769-7bdc145257ce)
[2026-01-17T08:17:59.989-08:00] Resource usage: RSS: 17GiB CPU: 129%
[2026-01-17T08:17:59.989-08:00] IO: Copy: 2
[2026-01-17T08:18:06.997-08:00] Waiting on buck2 daemon ce2611e0-3082-4292-bfbb-4b67ae8a5187...
[2026-01-17T08:18:06.997-08:00] Network: Up:  64MiB           Down: 2.5GiB 998KiB/s  (reSessionID-ee45b8bb-89a7-4b0c-8769-7bdc145257ce)
[2026-01-17T08:18:06.997-08:00] Resource usage: RSS: 17GiB CPU: 281%
[2026-01-17T08:18:06.997-08:00] IO: Copy: 2 Symlink: 1 MkDir: 7
[2026-01-17T08:18:14.093-08:00] Waiting on buck2 daemon ce2611e0-3082-4292-bfbb-4b67ae8a5187...
[2026-01-17T08:18:14.093-08:00] Network: Up:  64MiB           Down: 2.5GiB           (reSessionID-ee45b8bb-89a7-4b0c-8769-7bdc145257ce)
[2026-01-17T08:18:14.093-08:00] Resource usage: RSS: 17GiB CPU: 243%
[2026-01-17T08:18:14.093-08:00] IO: Copy: 7 MkDir: 9
[2026-01-17T08:18:21.194-08:00] Waiting on buck2 daemon ce2611e0-3082-4292-bfbb-4b67ae8a5187...
[2026-01-17T08:18:21.203-08:00] Network: Up:  64MiB           Down: 2.5GiB           (reSessionID-ee45b8bb-89a7-4b0c-8769-7bdc145257ce)
[2026-01-17T08:18:21.203-08:00] Resource usage: RSS: 17GiB CPU: 161%
[2026-01-17T08:18:21.203-08:00] IO: Copy: 8 MkDir: 4
[2026-01-17T08:18:28.293-08:00] Waiting on buck2 daemon ce2611e0-3082-4292-bfbb-4b67ae8a5187...
[2026-01-17T08:18:28.293-08:00] Network: Up:  64MiB           Down: 2.5GiB           (reSessionID-ee45b8bb-89a7-4b0c-8769-7bdc145257ce)
[2026-01-17T08:18:28.293-08:00] Resource usage: RSS: 17GiB CPU: 170%
[2026-01-17T08:18:28.293-08:00] IO: Copy: 11 MkDir: 4 Write: 2
[2026-01-17T08:18:35.301-08:00] Waiting on buck2 daemon ce2611e0-3082-4292-bfbb-4b67ae8a5187...
[2026-01-17T08:18:35.301-08:00] Network: Up:  64MiB           Down: 2.5GiB 547KiB/s  (reSessionID-ee45b8bb-89a7-4b0c-8769-7bdc145257ce)
[2026-01-17T08:18:35.301-08:00] Resource usage: RSS: 17GiB CPU: 126%
[2026-01-17T08:18:35.301-08:00] IO: Copy: 15 MkDir: 6 Stat: 1
[2026-01-17T08:18:42.398-08:00] Waiting on buck2 daemon ce2611e0-3082-4292-bfbb-4b67ae8a5187...
[2026-01-17T08:18:42.398-08:00] Network: Up:  65MiB           Down: 2.5GiB           (reSessionID-ee45b8bb-89a7-4b0c-8769-7bdc145257ce)
[2026-01-17T08:18:42.398-08:00] Resource usage: RSS: 17GiB CPU: 210%
[2026-01-17T08:18:42.398-08:00] IO: Copy: 2 MkDir: 7 Stat: 1
[2026-01-17T08:18:49.494-08:00] Waiting on buck2 daemon ce2611e0-3082-4292-bfbb-4b67ae8a5187...
[2026-01-17T08:18:49.494-08:00] Network: Up:  65MiB  24KiB/s  Down: 2.5GiB  24KiB/s  (reSessionID-ee45b8bb-89a7-4b0c-8769-7bdc145257ce)
[2026-01-17T08:18:49.494-08:00] Resource usage: RSS: 17GiB CPU: 150%
[2026-01-17T08:18:49.494-08:00] IO: Copy: 9 MkDir: 5
[2026-01-17T08:18:56.591-08:00] Waiting on buck2 daemon ce2611e0-3082-4292-bfbb-4b67ae8a5187...
[2026-01-17T08:18:56.591-08:00] Network: Up:  65MiB           Down: 2.5GiB           (reSessionID-ee45b8bb-89a7-4b0c-8769-7bdc145257ce)
[2026-01-17T08:18:56.591-08:00] Resource usage: RSS: 17GiB CPU: 54%
[2026-01-17T08:18:56.591-08:00] IO: Copy: 6 MkDir: 4 Read: 1
[2026-01-17T08:19:03.593-08:00] Waiting on buck2 daemon ce2611e0-3082-4292-bfbb-4b67ae8a5187...
[2026-01-17T08:19:03.593-08:00] Network: Up:  65MiB           Down: 2.5GiB 3.7MiB/s  (reSessionID-ee45b8bb-89a7-4b0c-8769-7bdc145257ce)
[2026-01-17T08:19:03.593-08:00] Resource usage: RSS: 17GiB CPU: 148%
[2026-01-17T08:19:03.593-08:00] IO: Copy: 8 Symlink: 1 MkDir: 7 Write: 1
[2026-01-17T08:19:10.689-08:00] Waiting on buck2 daemon ce2611e0-3082-4292-bfbb-4b67ae8a5187...
[2026-01-17T08:19:10.689-08:00] Network: Up:  65MiB           Down: 2.5GiB  34KiB/s  (reSessionID-ee45b8bb-89a7-4b0c-8769-7bdc145257ce)
[2026-01-17T08:19:10.689-08:00] Resource usage: RSS: 17GiB CPU: 55%
[2026-01-17T08:19:10.689-08:00] IO: Copy: 3 Symlink: 2 MkDir: 5 Write: 1
[2026-01-17T08:19:17.691-08:00] Waiting on buck2 daemon ce2611e0-3082-4292-bfbb-4b67ae8a5187...
[2026-01-17T08:19:17.691-08:00] Network: Up:  65MiB           Down: 2.5GiB 1.0MiB/s  (reSessionID-ee45b8bb-89a7-4b0c-8769-7bdc145257ce)
[2026-01-17T08:19:17.691-08:00] Resource usage: RSS: 17GiB CPU: 96%
[2026-01-17T08:19:17.691-08:00] IO: Copy: 5 Symlink: 1 MkDir: 4
[2026-01-17T08:19:24.788-08:00] Waiting on buck2 daemon ce2611e0-3082-4292-bfbb-4b67ae8a5187...
[2026-01-17T08:19:24.788-08:00] Network: Up:  65MiB  69KiB/s  Down: 2.5GiB 632KiB/s  (reSessionID-ee45b8bb-89a7-4b0c-8769-7bdc145257ce)
[2026-01-17T08:19:24.788-08:00] Resource usage: RSS: 17GiB CPU: 98%
[2026-01-17T08:19:24.788-08:00] IO: MkDir: 6
[2026-01-17T08:19:31.889-08:00] Waiting on buck2 daemon ce2611e0-3082-4292-bfbb-4b67ae8a5187...
[2026-01-17T08:19:31.889-08:00] Network: Up:  65MiB           Down: 2.6GiB 3.2MiB/s  (reSessionID-ee45b8bb-89a7-4b0c-8769-7bdc145257ce)
[2026-01-17T08:19:31.889-08:00] Resource usage: RSS: 17GiB CPU: 66%
[2026-01-17T08:19:31.889-08:00] IO: MkDir: 5 Write: 1
[2026-01-17T08:19:38.995-08:00] Waiting on buck2 daemon ce2611e0-3082-4292-bfbb-4b67ae8a5187...
[2026-01-17T08:19:38.996-08:00] Network: Up:  65MiB           Down: 2.6GiB 1.6MiB/s  (reSessionID-ee45b8bb-89a7-4b0c-8769-7bdc145257ce)
[2026-01-17T08:19:38.996-08:00] Resource usage: RSS: 17GiB CPU: 59%
[2026-01-17T08:19:38.996-08:00] IO: MkDir: 2
[2026-01-17T08:19:46.088-08:00] Waiting on buck2 daemon ce2611e0-3082-4292-bfbb-4b67ae8a5187...
[2026-01-17T08:19:46.088-08:00] Network: Up:  65MiB           Down: 2.6GiB 2.2MiB/s  (reSessionID-ee45b8bb-89a7-4b0c-8769-7bdc145257ce)
[2026-01-17T08:19:46.088-08:00] Resource usage: RSS: 17GiB CPU: 133%
[2026-01-17T08:19:46.088-08:00] IO: Copy: 1 Symlink: 4
[2026-01-17T08:19:53.188-08:00] Waiting on buck2 daemon ce2611e0-3082-4292-bfbb-4b67ae8a5187...
[2026-01-17T08:19:53.188-08:00] Network: Up:  65MiB           Down: 2.6GiB 748KiB/s  (reSessionID-ee45b8bb-89a7-4b0c-8769-7bdc145257ce)
[2026-01-17T08:19:53.188-08:00] Resource usage: RSS: 17GiB CPU: 85%
[2026-01-17T08:19:53.188-08:00] IO: Copy: 10 Symlink: 1 MkDir: 2 Stat: 1 Write: 2
[2026-01-17T08:20:00.191-08:00] Waiting on buck2 daemon ce2611e0-3082-4292-bfbb-4b67ae8a5187...
[2026-01-17T08:20:00.191-08:00] Network: Up:  65MiB           Down: 2.6GiB 248KiB/s  (reSessionID-ee45b8bb-89a7-4b0c-8769-7bdc145257ce)
[2026-01-17T08:20:00.191-08:00] Resource usage: RSS: 17GiB CPU: 149%
[2026-01-17T08:20:00.191-08:00] IO: none
[2026-01-17T08:20:07.192-08:00] Waiting on buck2 daemon ce2611e0-3082-4292-bfbb-4b67ae8a5187...
[2026-01-17T08:20:07.193-08:00] Network: Up:  65MiB           Down: 2.6GiB 100KiB/s  (reSessionID-ee45b8bb-89a7-4b0c-8769-7bdc145257ce)
[2026-01-17T08:20:07.193-08:00] Resource usage: RSS: 17GiB CPU: 125%
[2026-01-17T08:20:07.193-08:00] IO: Copy: 1 Symlink: 1 MkDir: 3
[2026-01-17T08:20:14.291-08:00] Waiting on buck2 daemon ce2611e0-3082-4292-bfbb-4b67ae8a5187...
[2026-01-17T08:20:14.291-08:00] Network: Up:  65MiB           Down: 2.6GiB  32KiB/s  (reSessionID-ee45b8bb-89a7-4b0c-8769-7bdc145257ce)
[2026-01-17T08:20:14.291-08:00] Resource usage: RSS: 17GiB CPU: 143%
[2026-01-17T08:20:14.291-08:00] IO: Symlink: 3 MkDir: 2
[2026-01-17T08:20:21.394-08:00] Waiting on buck2 daemon ce2611e0-3082-4292-bfbb-4b67ae8a5187...
[2026-01-17T08:20:21.394-08:00] Network: Up:  65MiB           Down: 2.6GiB  52KiB/s  (reSessionID-ee45b8bb-89a7-4b0c-8769-7bdc145257ce)
[2026-01-17T08:20:21.394-08:00] Resource usage: RSS: 17GiB CPU: 68%
[2026-01-17T08:20:21.394-08:00] IO: Copy: 3
[2026-01-17T08:20:28.495-08:00] Waiting on buck2 daemon ce2611e0-3082-4292-bfbb-4b67ae8a5187...
[2026-01-17T08:20:28.496-08:00] Network: Up:  65MiB           Down: 2.6GiB 538KiB/s  (reSessionID-ee45b8bb-89a7-4b0c-8769-7bdc145257ce)
[2026-01-17T08:20:28.496-08:00] Resource usage: RSS: 17GiB CPU: 70%
[2026-01-17T08:20:28.496-08:00] IO: MkDir: 4
[2026-01-17T08:20:35.596-08:00] Waiting on buck2 daemon ce2611e0-3082-4292-bfbb-4b67ae8a5187...
[2026-01-17T08:20:35.596-08:00] Network: Up:  65MiB           Down: 2.6GiB 247KiB/s  (reSessionID-ee45b8bb-89a7-4b0c-8769-7bdc145257ce)
[2026-01-17T08:20:35.596-08:00] Resource usage: RSS: 17GiB CPU: 29%
[2026-01-17T08:20:35.596-08:00] IO: none
[2026-01-17T08:20:42.598-08:00] Waiting on buck2 daemon ce2611e0-3082-4292-bfbb-4b67ae8a5187...
[2026-01-17T08:20:42.598-08:00] Network: Up:  65MiB           Down: 2.6GiB           (reSessionID-ee45b8bb-89a7-4b0c-8769-7bdc145257ce)
[2026-01-17T08:20:42.598-08:00] Resource usage: RSS: 17GiB CPU: 17%
[2026-01-17T08:20:42.598-08:00] IO: none
[2026-01-17T08:20:49.688-08:00] Waiting on buck2 daemon ce2611e0-3082-4292-bfbb-4b67ae8a5187...
[2026-01-17T08:20:49.689-08:00] Network: Up:  65MiB           Down: 2.6GiB 256KiB/s  (reSessionID-ee45b8bb-89a7-4b0c-8769-7bdc145257ce)
[2026-01-17T08:20:49.689-08:00] Resource usage: RSS: 17GiB CPU: 62%
[2026-01-17T08:20:49.689-08:00] IO: Symlink: 2 MkDir: 1 Stat: 1
[2026-01-17T08:20:56.794-08:00] Waiting on buck2 daemon ce2611e0-3082-4292-bfbb-4b67ae8a5187...
[2026-01-17T08:20:56.795-08:00] Network: Up:  65MiB           Down: 2.7GiB 4.3MiB/s  (reSessionID-ee45b8bb-89a7-4b0c-8769-7bdc145257ce)
[2026-01-17T08:20:56.795-08:00] Resource usage: RSS: 17GiB CPU: 131%
[2026-01-17T08:20:56.795-08:00] IO: none
[2026-01-17T08:21:03.888-08:00] Waiting on buck2 daemon ce2611e0-3082-4292-bfbb-4b67ae8a5187...
[2026-01-17T08:21:03.892-08:00] Network: Up:  65MiB           Down: 2.7GiB 4.4MiB/s  (reSessionID-ee45b8bb-89a7-4b0c-8769-7bdc145257ce)
[2026-01-17T08:21:03.892-08:00] Resource usage: RSS: 17GiB CPU: 126%
[2026-01-17T08:21:03.892-08:00] IO: none
[2026-01-17T08:21:10.988-08:00] Waiting on buck2 daemon ce2611e0-3082-4292-bfbb-4b67ae8a5187...
[2026-01-17T08:21:10.988-08:00] Network: Up:  65MiB           Down: 2.8GiB           (reSessionID-ee45b8bb-89a7-4b0c-8769-7bdc145257ce)
[2026-01-17T08:21:10.988-08:00] Resource usage: RSS: 17GiB CPU: 26%
[2026-01-17T08:21:10.988-08:00] IO: none
[2026-01-17T08:21:18.088-08:00] Waiting on buck2 daemon ce2611e0-3082-4292-bfbb-4b67ae8a5187...
[2026-01-17T08:21:18.088-08:00] Network: Up:  65MiB           Down: 2.8GiB 5.0MiB/s  (reSessionID-ee45b8bb-89a7-4b0c-8769-7bdc145257ce)
[2026-01-17T08:21:18.088-08:00] Resource usage: RSS: 17GiB CPU: 369%
[2026-01-17T08:21:18.088-08:00] IO: Write: 1
[2026-01-17T08:21:25.192-08:00] Waiting on buck2 daemon ce2611e0-3082-4292-bfbb-4b67ae8a5187...
[2026-01-17T08:21:25.192-08:00] Network: Up:  65MiB  12KiB/s  Down: 2.8GiB 2.5MiB/s  (reSessionID-ee45b8bb-89a7-4b0c-8769-7bdc145257ce)
[2026-01-17T08:21:25.192-08:00] Resource usage: RSS: 17GiB CPU: 88%
[2026-01-17T08:21:25.192-08:00] IO: Copy: 2
[2026-01-17T08:21:32.195-08:00] Waiting on buck2 daemon ce2611e0-3082-4292-bfbb-4b67ae8a5187...
[2026-01-17T08:21:32.195-08:00] Network: Up:  66MiB           Down: 2.8GiB 7.6MiB/s  (reSessionID-ee45b8bb-89a7-4b0c-8769-7bdc145257ce)
[2026-01-17T08:21:32.195-08:00] Resource usage: RSS: 17GiB CPU: 152%
[2026-01-17T08:21:32.195-08:00] IO: none
[2026-01-17T08:21:39.288-08:00] Waiting on buck2 daemon ce2611e0-3082-4292-bfbb-4b67ae8a5187...
[2026-01-17T08:21:39.288-08:00] Network: Up:  66MiB           Down: 2.8GiB           (reSessionID-ee45b8bb-89a7-4b0c-8769-7bdc145257ce)
[2026-01-17T08:21:39.288-08:00] Resource usage: RSS: 17GiB CPU: 40%
[2026-01-17T08:21:39.288-08:00] IO: none
[2026-01-17T08:21:46.292-08:00] Waiting on buck2 daemon ce2611e0-3082-4292-bfbb-4b67ae8a5187...
[2026-01-17T08:21:46.293-08:00] Network: Up:  67MiB 298KiB/s  Down: 2.8GiB 2.2MiB/s  (reSessionID-ee45b8bb-89a7-4b0c-8769-7bdc145257ce)
[2026-01-17T08:21:46.293-08:00] Resource usage: RSS: 17GiB CPU: 40%
[2026-01-17T08:21:46.293-08:00] IO: none
[2026-01-17T08:21:53.388-08:00] Waiting on buck2 daemon ce2611e0-3082-4292-bfbb-4b67ae8a5187...
[2026-01-17T08:21:53.388-08:00] Network: Up:  67MiB           Down: 2.8GiB           (reSessionID-ee45b8bb-89a7-4b0c-8769-7bdc145257ce)
[2026-01-17T08:21:53.388-08:00] Resource usage: RSS: 17GiB CPU: 31%
[2026-01-17T08:21:53.388-08:00] IO: none
[2026-01-17T08:22:00.488-08:00] Waiting on buck2 daemon ce2611e0-3082-4292-bfbb-4b67ae8a5187...
[2026-01-17T08:22:00.488-08:00] Network: Up:  67MiB           Down: 2.9GiB 8.5MiB/s  (reSessionID-ee45b8bb-89a7-4b0c-8769-7bdc145257ce)
[2026-01-17T08:22:00.488-08:00] Resource usage: RSS: 17GiB CPU: 112%
[2026-01-17T08:22:00.488-08:00] IO: Copy: 2 Read: 2
[2026-01-17T08:22:07.590-08:00] Waiting on buck2 daemon ce2611e0-3082-4292-bfbb-4b67ae8a5187...
[2026-01-17T08:22:07.590-08:00] Network: Up:  67MiB           Down: 2.9GiB           (reSessionID-ee45b8bb-89a7-4b0c-8769-7bdc145257ce)
[2026-01-17T08:22:07.590-08:00] Resource usage: RSS: 17GiB CPU: 31%
[2026-01-17T08:22:07.590-08:00] IO: none
[2026-01-17T08:22:14.688-08:00] Waiting on buck2 daemon ce2611e0-3082-4292-bfbb-4b67ae8a5187...
[2026-01-17T08:22:14.688-08:00] Network: Up:  67MiB           Down: 2.9GiB 2.2MiB/s  (reSessionID-ee45b8bb-89a7-4b0c-8769-7bdc145257ce)
[2026-01-17T08:22:14.688-08:00] Resource usage: RSS: 17GiB CPU: 94%
[2026-01-17T08:22:14.688-08:00] IO: Copy: 1
[2026-01-17T08:22:21.791-08:00] Waiting on buck2 daemon ce2611e0-3082-4292-bfbb-4b67ae8a5187...
[2026-01-17T08:22:21.791-08:00] Network: Up:  67MiB           Down: 2.9GiB           (reSessionID-ee45b8bb-89a7-4b0c-8769-7bdc145257ce)
[2026-01-17T08:22:21.791-08:00] Resource usage: RSS: 17GiB CPU: 24%
[2026-01-17T08:22:21.791-08:00] IO: Copy: 1
[2026-01-17T08:22:28.792-08:00] Waiting on buck2 daemon ce2611e0-3082-4292-bfbb-4b67ae8a5187...
[2026-01-17T08:22:28.792-08:00] Network: Up:  67MiB           Down: 2.9GiB           (reSessionID-ee45b8bb-89a7-4b0c-8769-7bdc145257ce)
[2026-01-17T08:22:28.792-08:00] Resource usage: RSS: 17GiB CPU: 33%
[2026-01-17T08:22:28.792-08:00] IO: Copy: 1
[2026-01-17T08:22:35.799-08:00] Waiting on buck2 daemon ce2611e0-3082-4292-bfbb-4b67ae8a5187...
[2026-01-17T08:22:35.799-08:00] Network: Up:  67MiB           Down: 2.9GiB 2.1MiB/s  (reSessionID-ee45b8bb-89a7-4b0c-8769-7bdc145257ce)
[2026-01-17T08:22:35.799-08:00] Resource usage: RSS: 17GiB CPU: 40%
[2026-01-17T08:22:35.799-08:00] IO: Copy: 2
[2026-01-17T08:22:42.894-08:00] Waiting on buck2 daemon ce2611e0-3082-4292-bfbb-4b67ae8a5187...
[2026-01-17T08:22:42.894-08:00] Network: Up:  67MiB           Down: 3.0GiB 2.4MiB/s  (reSessionID-ee45b8bb-89a7-4b0c-8769-7bdc145257ce)
[2026-01-17T08:22:42.894-08:00] Resource usage: RSS: 17GiB CPU: 49%
[2026-01-17T08:22:42.894-08:00] IO: Copy: 3
[2026-01-17T08:22:49.993-08:00] Waiting on buck2 daemon ce2611e0-3082-4292-bfbb-4b67ae8a5187...
[2026-01-17T08:22:49.993-08:00] Network: Up:  67MiB           Down: 3.0GiB 2.4MiB/s  (reSessionID-ee45b8bb-89a7-4b0c-8769-7bdc145257ce)
[2026-01-17T08:22:49.993-08:00] Resource usage: RSS: 17GiB CPU: 151%
[2026-01-17T08:22:49.993-08:00] IO: Copy: 2 MkDir: 2 Stat: 3
[2026-01-17T08:22:57.088-08:00] Waiting on buck2 daemon ce2611e0-3082-4292-bfbb-4b67ae8a5187...
[2026-01-17T08:22:57.088-08:00] Network: Up:  67MiB           Down: 3.0GiB  86KiB/s  (reSessionID-ee45b8bb-89a7-4b0c-8769-7bdc145257ce)
[2026-01-17T08:22:57.088-08:00] Resource usage: RSS: 17GiB CPU: 43%
[2026-01-17T08:22:57.088-08:00] IO: Symlink: 1 MkDir: 3 ReadDir: 2
[2026-01-17T08:23:04.188-08:00] Waiting on buck2 daemon ce2611e0-3082-4292-bfbb-4b67ae8a5187...
[2026-01-17T08:23:04.188-08:00] Network: Up:  67MiB           Down: 3.0GiB 2.1MiB/s  (reSessionID-ee45b8bb-89a7-4b0c-8769-7bdc145257ce)
[2026-01-17T08:23:04.188-08:00] Resource usage: RSS: 17GiB CPU: 162%
[2026-01-17T08:23:04.188-08:00] IO: Symlink: 1 MkDir: 3
[2026-01-17T08:23:11.288-08:00] Waiting on buck2 daemon ce2611e0-3082-4292-bfbb-4b67ae8a5187...
[2026-01-17T08:23:11.288-08:00] Network: Up:  67MiB           Down: 3.1GiB 6.1MiB/s  (reSessionID-ee45b8bb-89a7-4b0c-8769-7bdc145257ce)
[2026-01-17T08:23:11.288-08:00] Resource usage: RSS: 17GiB CPU: 114%
[2026-01-17T08:23:11.288-08:00] IO: none
[2026-01-17T08:23:18.291-08:00] Waiting on buck2 daemon ce2611e0-3082-4292-bfbb-4b67ae8a5187...
[2026-01-17T08:23:18.291-08:00] Network: Up:  67MiB  12KiB/s  Down: 3.1GiB  11MiB/s  (reSessionID-ee45b8bb-89a7-4b0c-8769-7bdc145257ce)
[2026-01-17T08:23:18.291-08:00] Resource usage: RSS: 17GiB CPU: 181%
[2026-01-17T08:23:18.291-08:00] IO: none
[2026-01-17T08:23:25.294-08:00] Waiting on buck2 daemon ce2611e0-3082-4292-bfbb-4b67ae8a5187...
[2026-01-17T08:23:25.294-08:00] Network: Up:  67MiB           Down: 3.1GiB 1.7MiB/s  (reSessionID-ee45b8bb-89a7-4b0c-8769-7bdc145257ce)
[2026-01-17T08:23:25.294-08:00] Resource usage: RSS: 17GiB CPU: 30%
[2026-01-17T08:23:25.294-08:00] IO: Copy: 2
[2026-01-17T08:23:32.393-08:00] Waiting on buck2 daemon ce2611e0-3082-4292-bfbb-4b67ae8a5187...
[2026-01-17T08:23:32.393-08:00] Network: Up:  67MiB           Down: 3.1GiB 9.1MiB/s  (reSessionID-ee45b8bb-89a7-4b0c-8769-7bdc145257ce)
[2026-01-17T08:23:32.393-08:00] Resource usage: RSS: 17GiB CPU: 52%
[2026-01-17T08:23:32.393-08:00] IO: none
[2026-01-17T08:23:39.489-08:00] Waiting on buck2 daemon ce2611e0-3082-4292-bfbb-4b67ae8a5187...
[2026-01-17T08:23:39.489-08:00] Network: Up:  67MiB           Down: 3.2GiB 232KiB/s  (reSessionID-ee45b8bb-89a7-4b0c-8769-7bdc145257ce)
[2026-01-17T08:23:39.489-08:00] Resource usage: RSS: 17GiB CPU: 23%
[2026-01-17T08:23:39.489-08:00] IO: none
[2026-01-17T08:23:46.592-08:00] Waiting on buck2 daemon ce2611e0-3082-4292-bfbb-4b67ae8a5187...
[2026-01-17T08:23:46.592-08:00] Network: Up:  67MiB           Down: 3.2GiB 168KiB/s  (reSessionID-ee45b8bb-89a7-4b0c-8769-7bdc145257ce)
[2026-01-17T08:23:46.592-08:00] Resource usage: RSS: 17GiB CPU: 17%
[2026-01-17T08:23:46.592-08:00] IO: none
[2026-01-17T08:23:53.594-08:00] Waiting on buck2 daemon ce2611e0-3082-4292-bfbb-4b67ae8a5187...
[2026-01-17T08:23:53.594-08:00] Network: Up:  67MiB           Down: 3.2GiB           (reSessionID-ee45b8bb-89a7-4b0c-8769-7bdc145257ce)
[2026-01-17T08:23:53.594-08:00] Resource usage: RSS: 17GiB CPU: 15%
[2026-01-17T08:23:53.594-08:00] IO: none
[2026-01-17T08:24:00.704-08:00] Waiting on buck2 daemon ce2611e0-3082-4292-bfbb-4b67ae8a5187...
[2026-01-17T08:24:00.704-08:00] Network: Up:  67MiB           Down: 3.2GiB           (reSessionID-ee45b8bb-89a7-4b0c-8769-7bdc145257ce)
[2026-01-17T08:24:00.704-08:00] Resource usage: RSS: 17GiB CPU: 15%
[2026-01-17T08:24:00.704-08:00] IO: none
[2026-01-17T08:24:07.792-08:00] Waiting on buck2 daemon ce2611e0-3082-4292-bfbb-4b67ae8a5187...
[2026-01-17T08:24:07.792-08:00] Network: Up:  67MiB           Down: 3.2GiB           (reSessionID-ee45b8bb-89a7-4b0c-8769-7bdc145257ce)
[2026-01-17T08:24:07.792-08:00] Resource usage: RSS: 17GiB CPU: 13%
[2026-01-17T08:24:07.792-08:00] IO: none
[2026-01-17T08:24:14.893-08:00] Waiting on buck2 daemon ce2611e0-3082-4292-bfbb-4b67ae8a5187...
[2026-01-17T08:24:14.893-08:00] Network: Up:  67MiB           Down: 3.2GiB           (reSessionID-ee45b8bb-89a7-4b0c-8769-7bdc145257ce)
[2026-01-17T08:24:14.893-08:00] Resource usage: RSS: 17GiB CPU: 14%
[2026-01-17T08:24:14.893-08:00] IO: none
[2026-01-17T08:24:21.991-08:00] Waiting on buck2 daemon ce2611e0-3082-4292-bfbb-4b67ae8a5187...
[2026-01-17T08:24:21.991-08:00] Network: Up:  67MiB           Down: 3.2GiB           (reSessionID-ee45b8bb-89a7-4b0c-8769-7bdc145257ce)
[2026-01-17T08:24:21.991-08:00] Resource usage: RSS: 17GiB CPU: 12%
[2026-01-17T08:24:21.991-08:00] IO: none
[2026-01-17T08:24:28.994-08:00] Waiting on buck2 daemon ce2611e0-3082-4292-bfbb-4b67ae8a5187...
[2026-01-17T08:24:28.994-08:00] Network: Up:  67MiB           Down: 3.2GiB 1.6MiB/s  (reSessionID-ee45b8bb-89a7-4b0c-8769-7bdc145257ce)
[2026-01-17T08:24:28.994-08:00] Resource usage: RSS: 17GiB CPU: 32%
[2026-01-17T08:24:28.994-08:00] IO: none
[2026-01-17T08:24:36.095-08:00] Waiting on buck2 daemon ce2611e0-3082-4292-bfbb-4b67ae8a5187...
[2026-01-17T08:24:36.095-08:00] Network: Up:  67MiB           Down: 3.2GiB  24KiB/s  (reSessionID-ee45b8bb-89a7-4b0c-8769-7bdc145257ce)
[2026-01-17T08:24:36.095-08:00] Resource usage: RSS: 17GiB CPU: 34%
[2026-01-17T08:24:36.095-08:00] IO: none
[2026-01-17T08:24:43.188-08:00] Waiting on buck2 daemon ce2611e0-3082-4292-bfbb-4b67ae8a5187...
[2026-01-17T08:24:43.188-08:00] Network: Up:  67MiB           Down: 3.2GiB           (reSessionID-ee45b8bb-89a7-4b0c-8769-7bdc145257ce)
[2026-01-17T08:24:43.188-08:00] Resource usage: RSS: 17GiB CPU: 19%
[2026-01-17T08:24:43.188-08:00] IO: none
[2026-01-17T08:24:50.190-08:00] Waiting on buck2 daemon ce2611e0-3082-4292-bfbb-4b67ae8a5187...
[2026-01-17T08:24:50.190-08:00] Network: Up:  67MiB           Down: 3.2GiB 681KiB/s  (reSessionID-ee45b8bb-89a7-4b0c-8769-7bdc145257ce)
[2026-01-17T08:24:50.190-08:00] Resource usage: RSS: 17GiB CPU: 14%
[2026-01-17T08:24:50.190-08:00] IO: none
[2026-01-17T08:24:57.288-08:00] Waiting on buck2 daemon ce2611e0-3082-4292-bfbb-4b67ae8a5187...
[2026-01-17T08:24:57.288-08:00] Network: Up:  67MiB           Down: 3.2GiB           (reSessionID-ee45b8bb-89a7-4b0c-8769-7bdc145257ce)
[2026-01-17T08:24:57.288-08:00] Resource usage: RSS: 17GiB CPU: 14%
[2026-01-17T08:24:57.288-08:00] IO: none
[2026-01-17T08:25:04.298-08:00] Waiting on buck2 daemon ce2611e0-3082-4292-bfbb-4b67ae8a5187...
[2026-01-17T08:25:04.298-08:00] Network: Up:  67MiB           Down: 3.2GiB           (reSessionID-ee45b8bb-89a7-4b0c-8769-7bdc145257ce)
[2026-01-17T08:25:04.298-08:00] Resource usage: RSS: 17GiB CPU: 18%
[2026-01-17T08:25:04.298-08:00] IO: none
[2026-01-17T08:25:11.299-08:00] Waiting on buck2 daemon ce2611e0-3082-4292-bfbb-4b67ae8a5187...
[2026-01-17T08:25:11.299-08:00] Network: Up:  67MiB           Down: 3.2GiB           (reSessionID-ee45b8bb-89a7-4b0c-8769-7bdc145257ce)
[2026-01-17T08:25:11.299-08:00] Resource usage: RSS: 17GiB CPU: 17%
[2026-01-17T08:25:11.299-08:00] IO: none
[2026-01-17T08:25:18.392-08:00] Waiting on buck2 daemon ce2611e0-3082-4292-bfbb-4b67ae8a5187...
[2026-01-17T08:25:18.392-08:00] Network: Up:  67MiB           Down: 3.2GiB           (reSessionID-ee45b8bb-89a7-4b0c-8769-7bdc145257ce)
[2026-01-17T08:25:18.393-08:00] Resource usage: RSS: 17GiB CPU: 16%
[2026-01-17T08:25:18.393-08:00] IO: none
[2026-01-17T08:25:25.487-08:00] Waiting on buck2 daemon ce2611e0-3082-4292-bfbb-4b67ae8a5187...
[2026-01-17T08:25:25.488-08:00] Network: Up:  67MiB           Down: 3.2GiB           (reSessionID-ee45b8bb-89a7-4b0c-8769-7bdc145257ce)
[2026-01-17T08:25:25.488-08:00] Resource usage: RSS: 17GiB CPU: 13%
[2026-01-17T08:25:25.488-08:00] IO: none
[2026-01-17T08:25:32.488-08:00] Waiting on buck2 daemon ce2611e0-3082-4292-bfbb-4b67ae8a5187...
[2026-01-17T08:25:32.488-08:00] Network: Up:  67MiB           Down: 3.2GiB           (reSessionID-ee45b8bb-89a7-4b0c-8769-7bdc145257ce)
[2026-01-17T08:25:32.488-08:00] Resource usage: RSS: 17GiB CPU: 14%
[2026-01-17T08:25:32.488-08:00] IO: none
[2026-01-17T08:25:39.490-08:00] Waiting on buck2 daemon ce2611e0-3082-4292-bfbb-4b67ae8a5187...
[2026-01-17T08:25:39.490-08:00] Network: Up:  67MiB           Down: 3.2GiB           (reSessionID-ee45b8bb-89a7-4b0c-8769-7bdc145257ce)
[2026-01-17T08:25:39.490-08:00] Resource usage: RSS: 17GiB CPU: 13%
[2026-01-17T08:25:39.490-08:00] IO: none
[2026-01-17T08:25:46.496-08:00] Waiting on buck2 daemon ce2611e0-3082-4292-bfbb-4b67ae8a5187...
[2026-01-17T08:25:46.496-08:00] Network: Up:  67MiB           Down: 3.2GiB           (reSessionID-ee45b8bb-89a7-4b0c-8769-7bdc145257ce)
[2026-01-17T08:25:46.496-08:00] Resource usage: RSS: 17GiB CPU: 13%
[2026-01-17T08:25:46.496-08:00] IO: Read: 1
[2026-01-17T08:25:53.593-08:00] Waiting on buck2 daemon ce2611e0-3082-4292-bfbb-4b67ae8a5187...
[2026-01-17T08:25:53.594-08:00] Network: Up:  67MiB           Down: 3.2GiB           (reSessionID-ee45b8bb-89a7-4b0c-8769-7bdc145257ce)
[2026-01-17T08:25:53.594-08:00] Resource usage: RSS: 17GiB CPU: 11%
[2026-01-17T08:25:53.594-08:00] IO: none
[2026-01-17T08:26:00.688-08:00] Waiting on buck2 daemon ce2611e0-3082-4292-bfbb-4b67ae8a5187...
[2026-01-17T08:26:00.688-08:00] Network: Up:  67MiB           Down: 3.2GiB 1.6MiB/s  (reSessionID-ee45b8bb-89a7-4b0c-8769-7bdc145257ce)
[2026-01-17T08:26:00.688-08:00] Resource usage: RSS: 17GiB CPU: 30%
[2026-01-17T08:26:00.688-08:00] IO: Read: 1
[2026-01-17T08:26:07.693-08:00] Waiting on buck2 daemon ce2611e0-3082-4292-bfbb-4b67ae8a5187...
[2026-01-17T08:26:07.693-08:00] Network: Up:  67MiB           Down: 3.2GiB           (reSessionID-ee45b8bb-89a7-4b0c-8769-7bdc145257ce)
[2026-01-17T08:26:07.693-08:00] Resource usage: RSS: 17GiB CPU: 17%
[2026-01-17T08:26:07.693-08:00] IO: none
[2026-01-17T08:26:14.791-08:00] Waiting on buck2 daemon ce2611e0-3082-4292-bfbb-4b67ae8a5187...
[2026-01-17T08:26:14.791-08:00] Network: Up:  67MiB           Down: 3.2GiB           (reSessionID-ee45b8bb-89a7-4b0c-8769-7bdc145257ce)
[2026-01-17T08:26:14.791-08:00] Resource usage: RSS: 17GiB CPU: 12%
[2026-01-17T08:26:14.791-08:00] IO: none
[2026-01-17T08:26:21.890-08:00] Waiting on buck2 daemon ce2611e0-3082-4292-bfbb-4b67ae8a5187...
[2026-01-17T08:26:21.890-08:00] Network: Up:  67MiB           Down: 3.2GiB           (reSessionID-ee45b8bb-89a7-4b0c-8769-7bdc145257ce)
[2026-01-17T08:26:21.890-08:00] Resource usage: RSS: 17GiB CPU: 12%
[2026-01-17T08:26:21.891-08:00] IO: none
[2026-01-17T08:26:28.995-08:00] Waiting on buck2 daemon ce2611e0-3082-4292-bfbb-4b67ae8a5187...
[2026-01-17T08:26:28.995-08:00] Network: Up:  67MiB           Down: 3.2GiB           (reSessionID-ee45b8bb-89a7-4b0c-8769-7bdc145257ce)
[2026-01-17T08:26:28.995-08:00] Resource usage: RSS: 17GiB CPU: 13%
[2026-01-17T08:26:28.995-08:00] IO: none
[2026-01-17T08:26:36.088-08:00] Waiting on buck2 daemon ce2611e0-3082-4292-bfbb-4b67ae8a5187...
[2026-01-17T08:26:36.088-08:00] Network: Up:  67MiB           Down: 3.2GiB 4.7KiB/s  (reSessionID-ee45b8bb-89a7-4b0c-8769-7bdc145257ce)
[2026-01-17T08:26:36.088-08:00] Resource usage: RSS: 17GiB CPU: 37%
[2026-01-17T08:26:36.089-08:00] IO: none
[2026-01-17T08:26:43.188-08:00] Waiting on buck2 daemon ce2611e0-3082-4292-bfbb-4b67ae8a5187...
[2026-01-17T08:26:43.188-08:00] Network: Up:  67MiB           Down: 3.2GiB 122KiB/s  (reSessionID-ee45b8bb-89a7-4b0c-8769-7bdc145257ce)
[2026-01-17T08:26:43.188-08:00] Resource usage: RSS: 17GiB CPU: 35%
[2026-01-17T08:26:43.188-08:00] IO: none
[2026-01-17T08:26:50.198-08:00] Waiting on buck2 daemon ce2611e0-3082-4292-bfbb-4b67ae8a5187...
[2026-01-17T08:26:50.198-08:00] Network: Up:  67MiB           Down: 3.2GiB 173KiB/s  (reSessionID-ee45b8bb-89a7-4b0c-8769-7bdc145257ce)
[2026-01-17T08:26:50.198-08:00] Resource usage: RSS: 17GiB CPU: 32%
[2026-01-17T08:26:50.198-08:00] IO: none
[2026-01-17T08:26:57.292-08:00] Waiting on buck2 daemon ce2611e0-3082-4292-bfbb-4b67ae8a5187...
[2026-01-17T08:26:57.292-08:00] Network: Up:  67MiB           Down: 3.2GiB           (reSessionID-ee45b8bb-89a7-4b0c-8769-7bdc145257ce)
[2026-01-17T08:26:57.292-08:00] Resource usage: RSS: 17GiB CPU: 13%
[2026-01-17T08:26:57.292-08:00] IO: none
[2026-01-17T08:27:04.294-08:00] Waiting on buck2 daemon ce2611e0-3082-4292-bfbb-4b67ae8a5187...
[2026-01-17T08:27:04.295-08:00] Network: Up:  67MiB           Down: 3.2GiB 271KiB/s  (reSessionID-ee45b8bb-89a7-4b0c-8769-7bdc145257ce)
[2026-01-17T08:27:04.295-08:00] Resource usage: RSS: 17GiB CPU: 19%
[2026-01-17T08:27:04.295-08:00] IO: none
[2026-01-17T08:27:11.388-08:00] Waiting on buck2 daemon ce2611e0-3082-4292-bfbb-4b67ae8a5187...
[2026-01-17T08:27:11.388-08:00] Network: Up:  67MiB           Down: 3.2GiB 794KiB/s  (reSessionID-ee45b8bb-89a7-4b0c-8769-7bdc145257ce)
[2026-01-17T08:27:11.388-08:00] Resource usage: RSS: 17GiB CPU: 105%
[2026-01-17T08:27:11.388-08:00] IO: Copy: 2
[2026-01-17T08:27:18.488-08:00] Waiting on buck2 daemon ce2611e0-3082-4292-bfbb-4b67ae8a5187...
[2026-01-17T08:27:18.488-08:00] Network: Up:  67MiB           Down: 3.2GiB           (reSessionID-ee45b8bb-89a7-4b0c-8769-7bdc145257ce)
[2026-01-17T08:27:18.488-08:00] Resource usage: RSS: 17GiB CPU: 15%
[2026-01-17T08:27:18.488-08:00] IO: none
[2026-01-17T08:27:25.489-08:00] Waiting on buck2 daemon ce2611e0-3082-4292-bfbb-4b67ae8a5187...
[2026-01-17T08:27:25.489-08:00] Network: Up:  67MiB           Down: 3.2GiB           (reSessionID-ee45b8bb-89a7-4b0c-8769-7bdc145257ce)
[2026-01-17T08:27:25.489-08:00] Resource usage: RSS: 17GiB CPU: 43%
[2026-01-17T08:27:25.489-08:00] IO: none
[2026-01-17T08:27:32.497-08:00] Waiting on buck2 daemon ce2611e0-3082-4292-bfbb-4b67ae8a5187...
[2026-01-17T08:27:32.498-08:00] Network: Up:  67MiB           Down: 3.2GiB 3.5MiB/s  (reSessionID-ee45b8bb-89a7-4b0c-8769-7bdc145257ce)
[2026-01-17T08:27:32.498-08:00] Resource usage: RSS: 17GiB CPU: 86%
[2026-01-17T08:27:32.498-08:00] IO: none
[2026-01-17T08:27:39.588-08:00] Waiting on buck2 daemon ce2611e0-3082-4292-bfbb-4b67ae8a5187...
[2026-01-17T08:27:39.588-08:00] Network: Up:  67MiB  74KiB/s  Down: 3.3GiB 6.1MiB/s  (reSessionID-ee45b8bb-89a7-4b0c-8769-7bdc145257ce)
[2026-01-17T08:27:39.589-08:00] Resource usage: RSS: 17GiB CPU: 122%
[2026-01-17T08:27:39.589-08:00] IO: none
[2026-01-17T08:27:46.694-08:00] Waiting on buck2 daemon ce2611e0-3082-4292-bfbb-4b67ae8a5187...
[2026-01-17T08:27:46.694-08:00] Network: Up:  67MiB           Down: 3.3GiB 1.6MiB/s  (reSessionID-ee45b8bb-89a7-4b0c-8769-7bdc145257ce)
[2026-01-17T08:27:46.694-08:00] Resource usage: RSS: 17GiB CPU: 28%
[2026-01-17T08:27:46.694-08:00] IO: none
[2026-01-17T08:27:53.798-08:00] Waiting on buck2 daemon ce2611e0-3082-4292-bfbb-4b67ae8a5187...
[2026-01-17T08:27:53.798-08:00] Network: Up:  67MiB           Down: 3.3GiB 4.0MiB/s  (reSessionID-ee45b8bb-89a7-4b0c-8769-7bdc145257ce)
[2026-01-17T08:27:53.798-08:00] Resource usage: RSS: 17GiB CPU: 70%
[2026-01-17T08:27:53.798-08:00] IO: none
[2026-01-17T08:28:00.888-08:00] Waiting on buck2 daemon ce2611e0-3082-4292-bfbb-4b67ae8a5187...
[2026-01-17T08:28:00.888-08:00] Network: Up:  67MiB           Down: 3.3GiB 2.3MiB/s  (reSessionID-ee45b8bb-89a7-4b0c-8769-7bdc145257ce)
[2026-01-17T08:28:00.888-08:00] Resource usage: RSS: 17GiB CPU: 99%
[2026-01-17T08:28:00.888-08:00] IO: none
[2026-01-17T08:28:07.888-08:00] Waiting on buck2 daemon ce2611e0-3082-4292-bfbb-4b67ae8a5187...
[2026-01-17T08:28:07.888-08:00] Network: Up:  67MiB           Down: 3.3GiB 400KiB/s  (reSessionID-ee45b8bb-89a7-4b0c-8769-7bdc145257ce)
[2026-01-17T08:28:07.888-08:00] Resource usage: RSS: 17GiB CPU: 36%
[2026-01-17T08:28:07.888-08:00] IO: none
[2026-01-17T08:28:14.893-08:00] Waiting on buck2 daemon ce2611e0-3082-4292-bfbb-4b67ae8a5187...
[2026-01-17T08:28:14.893-08:00] Network: Up:  67MiB           Down: 3.3GiB 1.5MiB/s  (reSessionID-ee45b8bb-89a7-4b0c-8769-7bdc145257ce)
[2026-01-17T08:28:14.893-08:00] Resource usage: RSS: 17GiB CPU: 62%
[2026-01-17T08:28:14.893-08:00] IO: none
[2026-01-17T08:28:21.897-08:00] Waiting on buck2 daemon ce2611e0-3082-4292-bfbb-4b67ae8a5187...
[2026-01-17T08:28:21.897-08:00] Network: Up:  67MiB           Down: 3.3GiB  11MiB/s  (reSessionID-ee45b8bb-89a7-4b0c-8769-7bdc145257ce)
[2026-01-17T08:28:21.897-08:00] Resource usage: RSS: 17GiB CPU: 84%
[2026-01-17T08:28:21.897-08:00] IO: none
[2026-01-17T08:28:28.988-08:00] Waiting on buck2 daemon ce2611e0-3082-4292-bfbb-4b67ae8a5187...
[2026-01-17T08:28:28.988-08:00] Network: Up:  67MiB           Down: 3.4GiB           (reSessionID-ee45b8bb-89a7-4b0c-8769-7bdc145257ce)
[2026-01-17T08:28:28.988-08:00] Resource usage: RSS: 17GiB CPU: 13%
[2026-01-17T08:28:28.988-08:00] IO: none
[2026-01-17T08:28:36.097-08:00] Waiting on buck2 daemon ce2611e0-3082-4292-bfbb-4b67ae8a5187...
[2026-01-17T08:28:36.097-08:00] Network: Up:  67MiB           Down: 3.4GiB 3.1MiB/s  (reSessionID-ee45b8bb-89a7-4b0c-8769-7bdc145257ce)
[2026-01-17T08:28:36.097-08:00] Resource usage: RSS: 17GiB CPU: 43%
[2026-01-17T08:28:36.097-08:00] IO: none
[2026-01-17T08:28:43.188-08:00] Waiting on buck2 daemon ce2611e0-3082-4292-bfbb-4b67ae8a5187...
[2026-01-17T08:28:43.188-08:00] Network: Up:  67MiB           Down: 3.4GiB  33KiB/s  (reSessionID-ee45b8bb-89a7-4b0c-8769-7bdc145257ce)
[2026-01-17T08:28:43.188-08:00] Resource usage: RSS: 17GiB CPU: 67%
[2026-01-17T08:28:43.188-08:00] IO: none
[2026-01-17T08:28:50.191-08:00] Waiting on buck2 daemon ce2611e0-3082-4292-bfbb-4b67ae8a5187...
[2026-01-17T08:28:50.192-08:00] Network: Up:  67MiB           Down: 3.4GiB 383KiB/s  (reSessionID-ee45b8bb-89a7-4b0c-8769-7bdc145257ce)
[2026-01-17T08:28:50.192-08:00] Resource usage: RSS: 17GiB CPU: 51%
[2026-01-17T08:28:50.192-08:00] IO: none
[2026-01-17T08:28:57.293-08:00] Waiting on buck2 daemon ce2611e0-3082-4292-bfbb-4b67ae8a5187...
[2026-01-17T08:28:57.293-08:00] Network: Up:  67MiB           Down: 3.4GiB 1.5MiB/s  (reSessionID-ee45b8bb-89a7-4b0c-8769-7bdc145257ce)
[2026-01-17T08:28:57.293-08:00] Resource usage: RSS: 17GiB CPU: 62%
[2026-01-17T08:28:57.293-08:00] IO: none
[2026-01-17T08:29:04.390-08:00] Waiting on buck2 daemon ce2611e0-3082-4292-bfbb-4b67ae8a5187...
[2026-01-17T08:29:04.390-08:00] Network: Up:  67MiB           Down: 3.4GiB 402KiB/s  (reSessionID-ee45b8bb-89a7-4b0c-8769-7bdc145257ce)
[2026-01-17T08:29:04.390-08:00] Resource usage: RSS: 17GiB CPU: 42%
[2026-01-17T08:29:04.390-08:00] IO: none
[2026-01-17T08:29:11.398-08:00] Waiting on buck2 daemon ce2611e0-3082-4292-bfbb-4b67ae8a5187...
[2026-01-17T08:29:11.399-08:00] Network: Up:  67MiB           Down: 3.4GiB 2.3MiB/s  (reSessionID-ee45b8bb-89a7-4b0c-8769-7bdc145257ce)
[2026-01-17T08:29:11.399-08:00] Resource usage: RSS: 17GiB CPU: 71%
[2026-01-17T08:29:11.399-08:00] IO: none
[2026-01-17T08:29:18.497-08:00] Waiting on buck2 daemon ce2611e0-3082-4292-bfbb-4b67ae8a5187...
[2026-01-17T08:29:18.497-08:00] Network: Up:  67MiB           Down: 3.4GiB 131KiB/s  (reSessionID-ee45b8bb-89a7-4b0c-8769-7bdc145257ce)
[2026-01-17T08:29:18.497-08:00] Resource usage: RSS: 17GiB CPU: 22%
[2026-01-17T08:29:18.497-08:00] IO: none
[2026-01-17T08:29:25.592-08:00] Waiting on buck2 daemon ce2611e0-3082-4292-bfbb-4b67ae8a5187...
[2026-01-17T08:29:25.592-08:00] Network: Up:  67MiB           Down: 3.5GiB 823KiB/s  (reSessionID-ee45b8bb-89a7-4b0c-8769-7bdc145257ce)
[2026-01-17T08:29:25.592-08:00] Resource usage: RSS: 17GiB CPU: 23%
[2026-01-17T08:29:25.592-08:00] IO: none
[2026-01-17T08:29:32.688-08:00] Waiting on buck2 daemon ce2611e0-3082-4292-bfbb-4b67ae8a5187...
[2026-01-17T08:29:32.689-08:00] Network: Up:  67MiB           Down: 3.5GiB 1.5MiB/s  (reSessionID-ee45b8bb-89a7-4b0c-8769-7bdc145257ce)
[2026-01-17T08:29:32.689-08:00] Resource usage: RSS: 17GiB CPU: 51%
[2026-01-17T08:29:32.689-08:00] IO: none
[2026-01-17T08:29:39.691-08:00] Waiting on buck2 daemon ce2611e0-3082-4292-bfbb-4b67ae8a5187...
[2026-01-17T08:29:39.691-08:00] Network: Up:  67MiB           Down: 3.5GiB           (reSessionID-ee45b8bb-89a7-4b0c-8769-7bdc145257ce)
[2026-01-17T08:29:39.691-08:00] Resource usage: RSS: 17GiB CPU: 77%
[2026-01-17T08:29:39.691-08:00] IO: none
[2026-01-17T08:29:46.788-08:00] Waiting on buck2 daemon ce2611e0-3082-4292-bfbb-4b67ae8a5187...
[2026-01-17T08:29:46.788-08:00] Network: Up:  67MiB           Down: 3.5GiB 541KiB/s  (reSessionID-ee45b8bb-89a7-4b0c-8769-7bdc145257ce)
[2026-01-17T08:29:46.788-08:00] Resource usage: RSS: 17GiB CPU: 79%
[2026-01-17T08:29:46.788-08:00] IO: Copy: 3
[2026-01-17T08:29:53.792-08:00] Waiting on buck2 daemon ce2611e0-3082-4292-bfbb-4b67ae8a5187...
[2026-01-17T08:29:53.792-08:00] Network: Up:  67MiB           Down: 3.5GiB  15KiB/s  (reSessionID-ee45b8bb-89a7-4b0c-8769-7bdc145257ce)
[2026-01-17T08:29:53.792-08:00] Resource usage: RSS: 17GiB CPU: 48%
[2026-01-17T08:29:53.793-08:00] IO: none
[2026-01-17T08:30:00.890-08:00] Waiting on buck2 daemon ce2611e0-3082-4292-bfbb-4b67ae8a5187...
[2026-01-17T08:30:00.890-08:00] Network: Up:  67MiB           Down: 3.5GiB  28KiB/s  (reSessionID-ee45b8bb-89a7-4b0c-8769-7bdc145257ce)
[2026-01-17T08:30:00.890-08:00] Resource usage: RSS: 17GiB CPU: 80%
[2026-01-17T08:30:00.890-08:00] IO: Copy: 1
[2026-01-17T08:30:07.989-08:00] Waiting on buck2 daemon ce2611e0-3082-4292-bfbb-4b67ae8a5187...
[2026-01-17T08:30:07.989-08:00] Network: Up:  67MiB           Down: 3.5GiB           (reSessionID-ee45b8bb-89a7-4b0c-8769-7bdc145257ce)
[2026-01-17T08:30:07.989-08:00] Resource usage: RSS: 17GiB CPU: 24%
[2026-01-17T08:30:07.989-08:00] IO: none
[2026-01-17T08:30:14.999-08:00] Waiting on buck2 daemon ce2611e0-3082-4292-bfbb-4b67ae8a5187...
[2026-01-17T08:30:14.999-08:00] Network: Up:  67MiB           Down: 3.5GiB           (reSessionID-ee45b8bb-89a7-4b0c-8769-7bdc145257ce)
[2026-01-17T08:30:14.999-08:00] Resource usage: RSS: 17GiB CPU: 83%
[2026-01-17T08:30:14.999-08:00] IO: Read: 1
[2026-01-17T08:30:22.092-08:00] Waiting on buck2 daemon ce2611e0-3082-4292-bfbb-4b67ae8a5187...
[2026-01-17T08:30:22.092-08:00] Network: Up:  67MiB           Down: 3.5GiB  55KiB/s  (reSessionID-ee45b8bb-89a7-4b0c-8769-7bdc145257ce)
[2026-01-17T08:30:22.092-08:00] Resource usage: RSS: 17GiB CPU: 59%
[2026-01-17T08:30:22.092-08:00] IO: none
[2026-01-17T08:30:29.093-08:00] Waiting on buck2 daemon ce2611e0-3082-4292-bfbb-4b67ae8a5187...
[2026-01-17T08:30:29.093-08:00] Network: Up:  68MiB           Down: 3.5GiB 386KiB/s  (reSessionID-ee45b8bb-89a7-4b0c-8769-7bdc145257ce)
[2026-01-17T08:30:29.094-08:00] Resource usage: RSS: 17GiB CPU: 28%
[2026-01-17T08:30:29.094-08:00] IO: none
[2026-01-17T08:30:36.188-08:00] Waiting on buck2 daemon ce2611e0-3082-4292-bfbb-4b67ae8a5187...
[2026-01-17T08:30:36.188-08:00] Network: Up:  68MiB           Down: 3.5GiB 418KiB/s  (reSessionID-ee45b8bb-89a7-4b0c-8769-7bdc145257ce)
[2026-01-17T08:30:36.188-08:00] Resource usage: RSS: 17GiB CPU: 111%
[2026-01-17T08:30:36.188-08:00] IO: none
[2026-01-17T08:30:43.194-08:00] Waiting on buck2 daemon ce2611e0-3082-4292-bfbb-4b67ae8a5187...
[2026-01-17T08:30:43.194-08:00] Network: Up:  68MiB           Down: 3.5GiB 158KiB/s  (reSessionID-ee45b8bb-89a7-4b0c-8769-7bdc145257ce)
[2026-01-17T08:30:43.194-08:00] Resource usage: RSS: 17GiB CPU: 168%
[2026-01-17T08:30:43.194-08:00] IO: MkDir: 4
[2026-01-17T08:30:50.299-08:00] Waiting on buck2 daemon ce2611e0-3082-4292-bfbb-4b67ae8a5187...
[2026-01-17T08:30:50.299-08:00] Network: Up: 104MiB  13MiB/s  Down: 3.6GiB  14MiB/s  (reSessionID-ee45b8bb-89a7-4b0c-8769-7bdc145257ce)
[2026-01-17T08:30:50.299-08:00] Resource usage: RSS: 18GiB CPU: 3267%
[2026-01-17T08:30:50.311-08:00] IO: MkDir: 2 Stat: 2
[2026-01-17T08:30:57.388-08:00] Waiting on buck2 daemon ce2611e0-3082-4292-bfbb-4b67ae8a5187...
[2026-01-17T08:30:57.388-08:00] Network: Up: 152MiB           Down: 3.6GiB 3.7MiB/s  (reSessionID-ee45b8bb-89a7-4b0c-8769-7bdc145257ce)
[2026-01-17T08:30:57.388-08:00] Resource usage: RSS: 18GiB CPU: 663%
[2026-01-17T08:30:57.388-08:00] IO: Symlink: 2 MkDir: 2
[2026-01-17T08:31:04.388-08:00] Waiting on buck2 daemon ce2611e0-3082-4292-bfbb-4b67ae8a5187...
[2026-01-17T08:31:04.388-08:00] Network: Up: 152MiB           Down: 3.7GiB 158KiB/s  (reSessionID-ee45b8bb-89a7-4b0c-8769-7bdc145257ce)
[2026-01-17T08:31:04.388-08:00] Resource usage: RSS: 17GiB CPU: 662%
[2026-01-17T08:31:04.388-08:00] IO: MkDir: 5 Stat: 2
[2026-01-17T08:31:11.390-08:00] Waiting on buck2 daemon ce2611e0-3082-4292-bfbb-4b67ae8a5187...
[2026-01-17T08:31:11.391-08:00] Network: Up: 152MiB           Down: 3.7GiB 373B/s    (reSessionID-ee45b8bb-89a7-4b0c-8769-7bdc145257ce)
[2026-01-17T08:31:11.391-08:00] Resource usage: RSS: 17GiB CPU: 158%
[2026-01-17T08:31:11.391-08:00] IO: none
[2026-01-17T08:31:18.396-08:00] Waiting on buck2 daemon ce2611e0-3082-4292-bfbb-4b67ae8a5187...
[2026-01-17T08:31:18.396-08:00] Network: Up: 153MiB           Down: 3.7GiB           (reSessionID-ee45b8bb-89a7-4b0c-8769-7bdc145257ce)
[2026-01-17T08:31:18.396-08:00] Resource usage: RSS: 17GiB CPU: 20%
[2026-01-17T08:31:18.397-08:00] IO: none
[2026-01-17T08:31:25.494-08:00] Waiting on buck2 daemon ce2611e0-3082-4292-bfbb-4b67ae8a5187...
[2026-01-17T08:31:25.494-08:00] Network: Up: 153MiB           Down: 3.7GiB 415B/s    (reSessionID-ee45b8bb-89a7-4b0c-8769-7bdc145257ce)
[2026-01-17T08:31:25.494-08:00] Resource usage: RSS: 17GiB CPU: 126%
[2026-01-17T08:31:25.494-08:00] IO: none
[2026-01-17T08:31:32.590-08:00] Waiting on buck2 daemon ce2611e0-3082-4292-bfbb-4b67ae8a5187...
[2026-01-17T08:31:32.591-08:00] Network: Up: 153MiB           Down: 3.7GiB 126KiB/s  (reSessionID-ee45b8bb-89a7-4b0c-8769-7bdc145257ce)
[2026-01-17T08:31:32.591-08:00] Resource usage: RSS: 17GiB CPU: 344%
[2026-01-17T08:31:32.591-08:00] IO: Symlink: 2 MkDir: 4
[2026-01-17T08:31:39.696-08:00] Waiting on buck2 daemon ce2611e0-3082-4292-bfbb-4b67ae8a5187...
[2026-01-17T08:31:39.696-08:00] Network: Up: 153MiB           Down: 3.7GiB  30KiB/s  (reSessionID-ee45b8bb-89a7-4b0c-8769-7bdc145257ce)
[2026-01-17T08:31:39.696-08:00] Resource usage: RSS: 17GiB CPU: 220%
[2026-01-17T08:31:39.696-08:00] IO: none
[2026-01-17T08:31:46.799-08:00] Waiting on buck2 daemon ce2611e0-3082-4292-bfbb-4b67ae8a5187...
[2026-01-17T08:31:46.799-08:00] Network: Up: 153MiB           Down: 3.7GiB  99KiB/s  (reSessionID-ee45b8bb-89a7-4b0c-8769-7bdc145257ce)
[2026-01-17T08:31:46.799-08:00] Resource usage: RSS: 17GiB CPU: 211%
[2026-01-17T08:31:46.799-08:00] IO: none
[2026-01-17T08:31:53.893-08:00] Waiting on buck2 daemon ce2611e0-3082-4292-bfbb-4b67ae8a5187...
[2026-01-17T08:31:53.893-08:00] Network: Up: 153MiB           Down: 3.7GiB           (reSessionID-ee45b8bb-89a7-4b0c-8769-7bdc145257ce)
[2026-01-17T08:31:53.893-08:00] Resource usage: RSS: 17GiB CPU: 169%
[2026-01-17T08:31:53.893-08:00] IO: none
[2026-01-17T08:32:00.894-08:00] Waiting on buck2 daemon ce2611e0-3082-4292-bfbb-4b67ae8a5187...
[2026-01-17T08:32:00.894-08:00] Network: Up: 153MiB           Down: 3.7GiB 650B/s    (reSessionID-ee45b8bb-89a7-4b0c-8769-7bdc145257ce)
[2026-01-17T08:32:00.894-08:00] Resource usage: RSS: 17GiB CPU: 367%
[2026-01-17T08:32:00.894-08:00] IO: none
[2026-01-17T08:32:07.995-08:00] Waiting on buck2 daemon ce2611e0-3082-4292-bfbb-4b67ae8a5187...
[2026-01-17T08:32:07.995-08:00] Network: Up: 153MiB           Down: 3.7GiB 5.6KiB/s  (reSessionID-ee45b8bb-89a7-4b0c-8769-7bdc145257ce)
[2026-01-17T08:32:07.995-08:00] Resource usage: RSS: 17GiB CPU: 264%
[2026-01-17T08:32:07.995-08:00] IO: none
[2026-01-17T08:32:15.089-08:00] Waiting on buck2 daemon ce2611e0-3082-4292-bfbb-4b67ae8a5187...
[2026-01-17T08:32:15.089-08:00] Network: Up: 153MiB           Down: 3.7GiB 283KiB/s  (reSessionID-ee45b8bb-89a7-4b0c-8769-7bdc145257ce)
[2026-01-17T08:32:15.089-08:00] Resource usage: RSS: 17GiB CPU: 482%
[2026-01-17T08:32:15.089-08:00] IO: Copy: 1 Symlink: 1
[2026-01-17T08:32:22.090-08:00] Waiting on buck2 daemon ce2611e0-3082-4292-bfbb-4b67ae8a5187...
[2026-01-17T08:32:22.090-08:00] Network: Up: 153MiB           Down: 3.7GiB           (reSessionID-ee45b8bb-89a7-4b0c-8769-7bdc145257ce)
[2026-01-17T08:32:22.090-08:00] Resource usage: RSS: 17GiB CPU: 402%
[2026-01-17T08:32:22.090-08:00] IO: none
[2026-01-17T08:32:29.092-08:00] Waiting on buck2 daemon ce2611e0-3082-4292-bfbb-4b67ae8a5187...
[2026-01-17T08:32:29.092-08:00] Network: Up: 153MiB           Down: 3.7GiB           (reSessionID-ee45b8bb-89a7-4b0c-8769-7bdc145257ce)
[2026-01-17T08:32:29.092-08:00] Resource usage: RSS: 17GiB CPU: 315%
[2026-01-17T08:32:29.092-08:00] IO: none
[2026-01-17T08:32:36.188-08:00] Waiting on buck2 daemon ce2611e0-3082-4292-bfbb-4b67ae8a5187...
[2026-01-17T08:32:36.188-08:00] Network: Up: 153MiB           Down: 3.7GiB           (reSessionID-ee45b8bb-89a7-4b0c-8769-7bdc145257ce)
[2026-01-17T08:32:36.189-08:00] Resource usage: RSS: 17GiB CPU: 484%
[2026-01-17T08:32:36.189-08:00] IO: none
[2026-01-17T08:32:43.191-08:00] Waiting on buck2 daemon ce2611e0-3082-4292-bfbb-4b67ae8a5187...
[2026-01-17T08:32:43.192-08:00] Network: Up: 153MiB           Down: 3.7GiB           (reSessionID-ee45b8bb-89a7-4b0c-8769-7bdc145257ce)
[2026-01-17T08:32:43.192-08:00] Resource usage: RSS: 17GiB CPU: 567%
[2026-01-17T08:32:43.192-08:00] IO: none
[2026-01-17T08:32:50.208-08:00] Waiting on buck2 daemon ce2611e0-3082-4292-bfbb-4b67ae8a5187...
[2026-01-17T08:32:50.208-08:00] Network: Up: 153MiB           Down: 3.7GiB 402B/s    (reSessionID-ee45b8bb-89a7-4b0c-8769-7bdc145257ce)
[2026-01-17T08:32:50.208-08:00] Resource usage: RSS: 17GiB CPU: 577%
[2026-01-17T08:32:50.208-08:00] IO: MkDir: 3 Stat: 1
[2026-01-17T08:32:57.288-08:00] Waiting on buck2 daemon ce2611e0-3082-4292-bfbb-4b67ae8a5187...
[2026-01-17T08:32:57.288-08:00] Network: Up: 153MiB           Down: 3.7GiB           (reSessionID-ee45b8bb-89a7-4b0c-8769-7bdc145257ce)
[2026-01-17T08:32:57.288-08:00] Resource usage: RSS: 17GiB CPU: 843%
[2026-01-17T08:32:57.288-08:00] IO: none
[2026-01-17T08:33:04.295-08:00] Waiting on buck2 daemon ce2611e0-3082-4292-bfbb-4b67ae8a5187...
[2026-01-17T08:33:04.295-08:00] Network: Up: 153MiB           Down: 3.7GiB 568KiB/s  (reSessionID-ee45b8bb-89a7-4b0c-8769-7bdc145257ce)
[2026-01-17T08:33:04.295-08:00] Resource usage: RSS: 17GiB CPU: 566%
[2026-01-17T08:33:04.295-08:00] IO: Symlink: 1 MkDir: 4 Stat: 1
[2026-01-17T08:33:11.396-08:00] Waiting on buck2 daemon ce2611e0-3082-4292-bfbb-4b67ae8a5187...
[2026-01-17T08:33:11.396-08:00] Network: Up: 153MiB           Down: 3.7GiB           (reSessionID-ee45b8bb-89a7-4b0c-8769-7bdc145257ce)
[2026-01-17T08:33:11.396-08:00] Resource usage: RSS: 17GiB CPU: 755%
[2026-01-17T08:33:11.396-08:00] IO: none
[2026-01-17T08:33:18.495-08:00] Waiting on buck2 daemon ce2611e0-3082-4292-bfbb-4b67ae8a5187...
[2026-01-17T08:33:18.495-08:00] Network: Up: 153MiB           Down: 3.7GiB           (reSessionID-ee45b8bb-89a7-4b0c-8769-7bdc145257ce)
[2026-01-17T08:33:18.495-08:00] Resource usage: RSS: 17GiB CPU: 400%
[2026-01-17T08:33:18.495-08:00] IO: none
[2026-01-17T08:33:25.596-08:00] Waiting on buck2 daemon ce2611e0-3082-4292-bfbb-4b67ae8a5187...
[2026-01-17T08:33:25.596-08:00] Network: Up: 153MiB           Down: 3.7GiB           (reSessionID-ee45b8bb-89a7-4b0c-8769-7bdc145257ce)
[2026-01-17T08:33:25.596-08:00] Resource usage: RSS: 17GiB CPU: 616%
[2026-01-17T08:33:25.596-08:00] IO: none
[2026-01-17T08:33:32.689-08:00] Waiting on buck2 daemon ce2611e0-3082-4292-bfbb-4b67ae8a5187...
[2026-01-17T08:33:32.689-08:00] Network: Up: 153MiB           Down: 3.7GiB           (reSessionID-ee45b8bb-89a7-4b0c-8769-7bdc145257ce)
[2026-01-17T08:33:32.689-08:00] Resource usage: RSS: 17GiB CPU: 310%
[2026-01-17T08:33:32.689-08:00] IO: Copy: 2
[2026-01-17T08:33:39.691-08:00] Waiting on buck2 daemon ce2611e0-3082-4292-bfbb-4b67ae8a5187...
[2026-01-17T08:33:39.691-08:00] Network: Up: 153MiB           Down: 3.7GiB           (reSessionID-ee45b8bb-89a7-4b0c-8769-7bdc145257ce)
[2026-01-17T08:33:39.691-08:00] Resource usage: RSS: 17GiB CPU: 366%
[2026-01-17T08:33:39.691-08:00] IO: none
[2026-01-17T08:33:46.794-08:00] Waiting on buck2 daemon ce2611e0-3082-4292-bfbb-4b67ae8a5187...
[2026-01-17T08:33:46.794-08:00] Network: Up: 153MiB           Down: 3.7GiB           (reSessionID-ee45b8bb-89a7-4b0c-8769-7bdc145257ce)
[2026-01-17T08:33:46.794-08:00] Resource usage: RSS: 17GiB CPU: 382%
[2026-01-17T08:33:46.794-08:00] IO: none
[2026-01-17T08:33:53.794-08:00] Waiting on buck2 daemon ce2611e0-3082-4292-bfbb-4b67ae8a5187...
[2026-01-17T08:33:53.794-08:00] Network: Up: 153MiB           Down: 3.7GiB           (reSessionID-ee45b8bb-89a7-4b0c-8769-7bdc145257ce)
[2026-01-17T08:33:53.794-08:00] Resource usage: RSS: 17GiB CPU: 450%
[2026-01-17T08:33:53.794-08:00] IO: none
[2026-01-17T08:34:00.796-08:00] Waiting on buck2 daemon ce2611e0-3082-4292-bfbb-4b67ae8a5187...
[2026-01-17T08:34:00.797-08:00] Network: Up: 153MiB           Down: 3.7GiB           (reSessionID-ee45b8bb-89a7-4b0c-8769-7bdc145257ce)
[2026-01-17T08:34:00.797-08:00] Resource usage: RSS: 17GiB CPU: 351%
[2026-01-17T08:34:00.797-08:00] IO: none
[2026-01-17T08:34:07.797-08:00] Waiting on buck2 daemon ce2611e0-3082-4292-bfbb-4b67ae8a5187...
[2026-01-17T08:34:07.797-08:00] Network: Up: 153MiB           Down: 3.7GiB           (reSessionID-ee45b8bb-89a7-4b0c-8769-7bdc145257ce)
[2026-01-17T08:34:07.797-08:00] Resource usage: RSS: 17GiB CPU: 404%
[2026-01-17T08:34:07.798-08:00] IO: none
[2026-01-17T08:34:14.891-08:00] Waiting on buck2 daemon ce2611e0-3082-4292-bfbb-4b67ae8a5187...
[2026-01-17T08:34:14.891-08:00] Network: Up: 153MiB           Down: 3.7GiB           (reSessionID-ee45b8bb-89a7-4b0c-8769-7bdc145257ce)
[2026-01-17T08:34:14.891-08:00] Resource usage: RSS: 17GiB CPU: 378%
[2026-01-17T08:34:14.891-08:00] IO: none
[2026-01-17T08:34:21.892-08:00] Waiting on buck2 daemon ce2611e0-3082-4292-bfbb-4b67ae8a5187...
[2026-01-17T08:34:21.892-08:00] Network: Up: 153MiB           Down: 3.7GiB 116KiB/s  (reSessionID-ee45b8bb-89a7-4b0c-8769-7bdc145257ce)
[2026-01-17T08:34:21.892-08:00] Resource usage: RSS: 17GiB CPU: 458%
[2026-01-17T08:34:21.892-08:00] IO: Copy: 1
[2026-01-17T08:34:28.988-08:00] Waiting on buck2 daemon ce2611e0-3082-4292-bfbb-4b67ae8a5187...
[2026-01-17T08:34:28.988-08:00] Network: Up: 153MiB           Down: 3.7GiB 763KiB/s  (reSessionID-ee45b8bb-89a7-4b0c-8769-7bdc145257ce)
[2026-01-17T08:34:28.988-08:00] Resource usage: RSS: 17GiB CPU: 405%
[2026-01-17T08:34:28.989-08:00] IO: none
[2026-01-17T08:34:35.989-08:00] Waiting on buck2 daemon ce2611e0-3082-4292-bfbb-4b67ae8a5187...
[2026-01-17T08:34:35.989-08:00] Network: Up: 153MiB           Down: 3.7GiB           (reSessionID-ee45b8bb-89a7-4b0c-8769-7bdc145257ce)
[2026-01-17T08:34:35.989-08:00] Resource usage: RSS: 17GiB CPU: 435%
[2026-01-17T08:34:35.989-08:00] IO: none
[2026-01-17T08:34:42.997-08:00] Waiting on buck2 daemon ce2611e0-3082-4292-bfbb-4b67ae8a5187...
[2026-01-17T08:34:42.997-08:00] Network: Up: 153MiB           Down: 3.7GiB           (reSessionID-ee45b8bb-89a7-4b0c-8769-7bdc145257ce)
[2026-01-17T08:34:42.997-08:00] Resource usage: RSS: 17GiB CPU: 450%
[2026-01-17T08:34:42.997-08:00] IO: none
[2026-01-17T08:34:50.005-08:00] Waiting on buck2 daemon ce2611e0-3082-4292-bfbb-4b67ae8a5187...
[2026-01-17T08:34:50.005-08:00] Network: Up: 153MiB           Down: 3.7GiB           (reSessionID-ee45b8bb-89a7-4b0c-8769-7bdc145257ce)
[2026-01-17T08:34:50.005-08:00] Resource usage: RSS: 17GiB CPU: 279%
[2026-01-17T08:34:50.005-08:00] IO: none
[2026-01-17T08:34:57.091-08:00] Waiting on buck2 daemon ce2611e0-3082-4292-bfbb-4b67ae8a5187...
[2026-01-17T08:34:57.091-08:00] Network: Up: 153MiB           Down: 3.7GiB           (reSessionID-ee45b8bb-89a7-4b0c-8769-7bdc145257ce)
[2026-01-17T08:34:57.091-08:00] Resource usage: RSS: 17GiB CPU: 652%
[2026-01-17T08:34:57.091-08:00] IO: none
[2026-01-17T08:35:04.097-08:00] Waiting on buck2 daemon ce2611e0-3082-4292-bfbb-4b67ae8a5187...
[2026-01-17T08:35:04.097-08:00] Network: Up: 153MiB           Down: 3.7GiB 320KiB/s  (reSessionID-ee45b8bb-89a7-4b0c-8769-7bdc145257ce)
[2026-01-17T08:35:04.097-08:00] Resource usage: RSS: 17GiB CPU: 418%
[2026-01-17T08:35:04.097-08:00] IO: none
[2026-01-17T08:35:11.188-08:00] Waiting on buck2 daemon ce2611e0-3082-4292-bfbb-4b67ae8a5187...
[2026-01-17T08:35:11.188-08:00] Network: Up: 153MiB           Down: 3.7GiB           (reSessionID-ee45b8bb-89a7-4b0c-8769-7bdc145257ce)
[2026-01-17T08:35:11.189-08:00] Resource usage: RSS: 17GiB CPU: 536%
[2026-01-17T08:35:11.189-08:00] IO: none
[2026-01-17T08:35:18.193-08:00] Waiting on buck2 daemon ce2611e0-3082-4292-bfbb-4b67ae8a5187...
[2026-01-17T08:35:18.193-08:00] Network: Up: 153MiB           Down: 3.7GiB           (reSessionID-ee45b8bb-89a7-4b0c-8769-7bdc145257ce)
[2026-01-17T08:35:18.193-08:00] Resource usage: RSS: 17GiB CPU: 583%
[2026-01-17T08:35:18.193-08:00] IO: none
[2026-01-17T08:35:25.289-08:00] Waiting on buck2 daemon ce2611e0-3082-4292-bfbb-4b67ae8a5187...
[2026-01-17T08:35:25.289-08:00] Network: Up: 153MiB           Down: 3.7GiB 8.8KiB/s  (reSessionID-ee45b8bb-89a7-4b0c-8769-7bdc145257ce)
[2026-01-17T08:35:25.289-08:00] Resource usage: RSS: 17GiB CPU: 365%
[2026-01-17T08:35:25.289-08:00] IO: none
[2026-01-17T08:35:32.388-08:00] Waiting on buck2 daemon ce2611e0-3082-4292-bfbb-4b67ae8a5187...
[2026-01-17T08:35:32.389-08:00] Network: Up: 153MiB           Down: 3.7GiB 248KiB/s  (reSessionID-ee45b8bb-89a7-4b0c-8769-7bdc145257ce)
[2026-01-17T08:35:32.389-08:00] Resource usage: RSS: 17GiB CPU: 671%
[2026-01-17T08:35:32.389-08:00] IO: none
[2026-01-17T08:35:39.490-08:00] Waiting on buck2 daemon ce2611e0-3082-4292-bfbb-4b67ae8a5187...
[2026-01-17T08:35:39.490-08:00] Network: Up: 153MiB           Down: 3.7GiB           (reSessionID-ee45b8bb-89a7-4b0c-8769-7bdc145257ce)
[2026-01-17T08:35:39.490-08:00] Resource usage: RSS: 17GiB CPU: 694%
[2026-01-17T08:35:39.490-08:00] IO: none
[2026-01-17T08:35:46.490-08:00] Waiting on buck2 daemon ce2611e0-3082-4292-bfbb-4b67ae8a5187...
[2026-01-17T08:35:46.490-08:00] Network: Up: 153MiB           Down: 3.7GiB           (reSessionID-ee45b8bb-89a7-4b0c-8769-7bdc145257ce)
[2026-01-17T08:35:46.490-08:00] Resource usage: RSS: 17GiB CPU: 669%
[2026-01-17T08:35:46.490-08:00] IO: none
[2026-01-17T08:35:53.591-08:00] Waiting on buck2 daemon ce2611e0-3082-4292-bfbb-4b67ae8a5187...
[2026-01-17T08:35:53.591-08:00] Network: Up: 153MiB           Down: 3.7GiB           (reSessionID-ee45b8bb-89a7-4b0c-8769-7bdc145257ce)
[2026-01-17T08:35:53.591-08:00] Resource usage: RSS: 17GiB CPU: 759%
[2026-01-17T08:35:53.591-08:00] IO: none
[2026-01-17T08:36:00.595-08:00] Waiting on buck2 daemon ce2611e0-3082-4292-bfbb-4b67ae8a5187...
[2026-01-17T08:36:00.595-08:00] Network: Up: 153MiB           Down: 3.7GiB           (reSessionID-ee45b8bb-89a7-4b0c-8769-7bdc145257ce)
[2026-01-17T08:36:00.595-08:00] Resource usage: RSS: 17GiB CPU: 599%
[2026-01-17T08:36:00.595-08:00] IO: Copy: 3 Symlink: 2 MkDir: 2
[2026-01-17T08:36:07.698-08:00] Waiting on buck2 daemon ce2611e0-3082-4292-bfbb-4b67ae8a5187...
[2026-01-17T08:36:07.698-08:00] Network: Up: 153MiB           Down: 3.7GiB           (reSessionID-ee45b8bb-89a7-4b0c-8769-7bdc145257ce)
[2026-01-17T08:36:07.698-08:00] Resource usage: RSS: 17GiB CPU: 613%
[2026-01-17T08:36:07.698-08:00] IO: none
[2026-01-17T08:36:14.788-08:00] Waiting on buck2 daemon ce2611e0-3082-4292-bfbb-4b67ae8a5187...
[2026-01-17T08:36:14.789-08:00] Network: Up: 153MiB           Down: 3.7GiB           (reSessionID-ee45b8bb-89a7-4b0c-8769-7bdc145257ce)
[2026-01-17T08:36:14.789-08:00] Resource usage: RSS: 17GiB CPU: 560%
[2026-01-17T08:36:14.789-08:00] IO: none
[2026-01-17T08:36:21.791-08:00] Waiting on buck2 daemon ce2611e0-3082-4292-bfbb-4b67ae8a5187...
[2026-01-17T08:36:21.792-08:00] Network: Up: 153MiB           Down: 3.7GiB           (reSessionID-ee45b8bb-89a7-4b0c-8769-7bdc145257ce)
[2026-01-17T08:36:21.792-08:00] Resource usage: RSS: 17GiB CPU: 423%
[2026-01-17T08:36:21.792-08:00] IO: none
[2026-01-17T08:36:28.889-08:00] Waiting on buck2 daemon ce2611e0-3082-4292-bfbb-4b67ae8a5187...
[2026-01-17T08:36:28.889-08:00] Network: Up: 153MiB           Down: 3.7GiB           (reSessionID-ee45b8bb-89a7-4b0c-8769-7bdc145257ce)
[2026-01-17T08:36:28.889-08:00] Resource usage: RSS: 17GiB CPU: 532%
[2026-01-17T08:36:28.889-08:00] IO: none
[2026-01-17T08:36:35.894-08:00] Waiting on buck2 daemon ce2611e0-3082-4292-bfbb-4b67ae8a5187...
[2026-01-17T08:36:35.894-08:00] Network: Up: 153MiB           Down: 3.7GiB           (reSessionID-ee45b8bb-89a7-4b0c-8769-7bdc145257ce)
[2026-01-17T08:36:35.894-08:00] Resource usage: RSS: 17GiB CPU: 518%
[2026-01-17T08:36:35.894-08:00] IO: none
[2026-01-17T08:36:42.988-08:00] Waiting on buck2 daemon ce2611e0-3082-4292-bfbb-4b67ae8a5187...
[2026-01-17T08:36:42.988-08:00] Network: Up: 153MiB           Down: 3.7GiB           (reSessionID-ee45b8bb-89a7-4b0c-8769-7bdc145257ce)
[2026-01-17T08:36:42.988-08:00] Resource usage: RSS: 17GiB CPU: 696%
[2026-01-17T08:36:42.988-08:00] IO: none
[2026-01-17T08:36:50.092-08:00] Waiting on buck2 daemon ce2611e0-3082-4292-bfbb-4b67ae8a5187...
[2026-01-17T08:36:50.092-08:00] Network: Up: 153MiB           Down: 3.7GiB           (reSessionID-ee45b8bb-89a7-4b0c-8769-7bdc145257ce)
[2026-01-17T08:36:50.092-08:00] Resource usage: RSS: 17GiB CPU: 595%
[2026-01-17T08:36:50.092-08:00] IO: none
[2026-01-17T08:36:57.099-08:00] Waiting on buck2 daemon ce2611e0-3082-4292-bfbb-4b67ae8a5187...
[2026-01-17T08:36:57.100-08:00] Network: Up: 153MiB           Down: 3.7GiB           (reSessionID-ee45b8bb-89a7-4b0c-8769-7bdc145257ce)
[2026-01-17T08:36:57.100-08:00] Resource usage: RSS: 17GiB CPU: 493%
[2026-01-17T08:36:57.100-08:00] IO: none
[2026-01-17T08:37:04.189-08:00] Waiting on buck2 daemon ce2611e0-3082-4292-bfbb-4b67ae8a5187...
[2026-01-17T08:37:04.189-08:00] Network: Up: 153MiB           Down: 3.7GiB           (reSessionID-ee45b8bb-89a7-4b0c-8769-7bdc145257ce)
[2026-01-17T08:37:04.189-08:00] Resource usage: RSS: 17GiB CPU: 623%
[2026-01-17T08:37:04.189-08:00] IO: none
[2026-01-17T08:37:11.197-08:00] Waiting on buck2 daemon ce2611e0-3082-4292-bfbb-4b67ae8a5187...
[2026-01-17T08:37:11.197-08:00] Network: Up: 153MiB           Down: 3.7GiB           (reSessionID-ee45b8bb-89a7-4b0c-8769-7bdc145257ce)
[2026-01-17T08:37:11.197-08:00] Resource usage: RSS: 17GiB CPU: 599%
[2026-01-17T08:37:11.197-08:00] IO: none
[2026-01-17T08:37:18.197-08:00] Waiting on buck2 daemon ce2611e0-3082-4292-bfbb-4b67ae8a5187...
[2026-01-17T08:37:18.197-08:00] Network: Up: 153MiB           Down: 3.7GiB           (reSessionID-ee45b8bb-89a7-4b0c-8769-7bdc145257ce)
[2026-01-17T08:37:18.197-08:00] Resource usage: RSS: 17GiB CPU: 721%
[2026-01-17T08:37:18.197-08:00] IO: none
[2026-01-17T08:37:25.288-08:00] Waiting on buck2 daemon ce2611e0-3082-4292-bfbb-4b67ae8a5187...
[2026-01-17T08:37:25.288-08:00] Network: Up: 153MiB           Down: 3.7GiB           (reSessionID-ee45b8bb-89a7-4b0c-8769-7bdc145257ce)
[2026-01-17T08:37:25.288-08:00] Resource usage: RSS: 17GiB CPU: 473%
[2026-01-17T08:37:25.288-08:00] IO: none
[2026-01-17T08:37:32.292-08:00] Waiting on buck2 daemon ce2611e0-3082-4292-bfbb-4b67ae8a5187...
[2026-01-17T08:37:32.292-08:00] Network: Up: 153MiB           Down: 3.7GiB           (reSessionID-ee45b8bb-89a7-4b0c-8769-7bdc145257ce)
[2026-01-17T08:37:32.292-08:00] Resource usage: RSS: 17GiB CPU: 834%
[2026-01-17T08:37:32.292-08:00] IO: none
[2026-01-17T08:37:39.296-08:00] Waiting on buck2 daemon ce2611e0-3082-4292-bfbb-4b67ae8a5187...
[2026-01-17T08:37:39.296-08:00] Network: Up: 153MiB           Down: 3.7GiB           (reSessionID-ee45b8bb-89a7-4b0c-8769-7bdc145257ce)
[2026-01-17T08:37:39.296-08:00] Resource usage: RSS: 17GiB CPU: 549%
[2026-01-17T08:37:39.296-08:00] IO: none
[2026-01-17T08:37:46.393-08:00] Waiting on buck2 daemon ce2611e0-3082-4292-bfbb-4b67ae8a5187...
[2026-01-17T08:37:46.393-08:00] Network: Up: 153MiB           Down: 3.7GiB           (reSessionID-ee45b8bb-89a7-4b0c-8769-7bdc145257ce)
[2026-01-17T08:37:46.393-08:00] Resource usage: RSS: 17GiB CPU: 323%
[2026-01-17T08:37:46.393-08:00] IO: none
[2026-01-17T08:37:53.489-08:00] Waiting on buck2 daemon ce2611e0-3082-4292-bfbb-4b67ae8a5187...
[2026-01-17T08:37:53.489-08:00] Network: Up: 153MiB           Down: 3.7GiB           (reSessionID-ee45b8bb-89a7-4b0c-8769-7bdc145257ce)
[2026-01-17T08:37:53.490-08:00] Resource usage: RSS: 17GiB CPU: 510%
[2026-01-17T08:37:53.490-08:00] IO: none
[2026-01-17T08:38:00.592-08:00] Waiting on buck2 daemon ce2611e0-3082-4292-bfbb-4b67ae8a5187...
[2026-01-17T08:38:00.592-08:00] Network: Up: 153MiB           Down: 3.7GiB           (reSessionID-ee45b8bb-89a7-4b0c-8769-7bdc145257ce)
[2026-01-17T08:38:00.592-08:00] Resource usage: RSS: 17GiB CPU: 580%
[2026-01-17T08:38:00.592-08:00] IO: none
[2026-01-17T08:38:07.690-08:00] Waiting on buck2 daemon ce2611e0-3082-4292-bfbb-4b67ae8a5187...
[2026-01-17T08:38:07.690-08:00] Network: Up: 153MiB           Down: 3.7GiB           (reSessionID-ee45b8bb-89a7-4b0c-8769-7bdc145257ce)
[2026-01-17T08:38:07.691-08:00] Resource usage: RSS: 17GiB CPU: 624%
[2026-01-17T08:38:07.691-08:00] IO: none
[2026-01-17T08:38:14.792-08:00] Waiting on buck2 daemon ce2611e0-3082-4292-bfbb-4b67ae8a5187...
[2026-01-17T08:38:14.792-08:00] Network: Up: 153MiB           Down: 3.7GiB           (reSessionID-ee45b8bb-89a7-4b0c-8769-7bdc145257ce)
[2026-01-17T08:38:14.792-08:00] Resource usage: RSS: 17GiB CPU: 593%
[2026-01-17T08:38:14.792-08:00] IO: none
[2026-01-17T08:38:21.798-08:00] Waiting on buck2 daemon ce2611e0-3082-4292-bfbb-4b67ae8a5187...
[2026-01-17T08:38:21.798-08:00] Network: Up: 153MiB           Down: 3.7GiB 2.2MiB/s  (reSessionID-ee45b8bb-89a7-4b0c-8769-7bdc145257ce)
[2026-01-17T08:38:21.798-08:00] Resource usage: RSS: 17GiB CPU: 433%
[2026-01-17T08:38:21.798-08:00] IO: none
[2026-01-17T08:38:28.889-08:00] Waiting on buck2 daemon ce2611e0-3082-4292-bfbb-4b67ae8a5187...
[2026-01-17T08:38:28.889-08:00] Network: Up: 153MiB           Down: 3.7GiB 245KiB/s  (reSessionID-ee45b8bb-89a7-4b0c-8769-7bdc145257ce)
[2026-01-17T08:38:28.889-08:00] Resource usage: RSS: 17GiB CPU: 660%
[2026-01-17T08:38:28.889-08:00] IO: Symlink: 2 MkDir: 2
[2026-01-17T08:38:35.988-08:00] Waiting on buck2 daemon ce2611e0-3082-4292-bfbb-4b67ae8a5187...
[2026-01-17T08:38:35.988-08:00] Network: Up: 153MiB           Down: 3.7GiB           (reSessionID-ee45b8bb-89a7-4b0c-8769-7bdc145257ce)
[2026-01-17T08:38:35.988-08:00] Resource usage: RSS: 17GiB CPU: 617%
[2026-01-17T08:38:35.988-08:00] IO: none
[2026-01-17T08:38:42.988-08:00] Waiting on buck2 daemon ce2611e0-3082-4292-bfbb-4b67ae8a5187...
[2026-01-17T08:38:42.988-08:00] Network: Up: 153MiB           Down: 3.7GiB           (reSessionID-ee45b8bb-89a7-4b0c-8769-7bdc145257ce)
[2026-01-17T08:38:42.988-08:00] Resource usage: RSS: 17GiB CPU: 560%
[2026-01-17T08:38:42.988-08:00] IO: none
[2026-01-17T08:38:49.997-08:00] Waiting on buck2 daemon ce2611e0-3082-4292-bfbb-4b67ae8a5187...
[2026-01-17T08:38:49.997-08:00] Network: Up: 153MiB           Down: 3.7GiB           (reSessionID-ee45b8bb-89a7-4b0c-8769-7bdc145257ce)
[2026-01-17T08:38:49.997-08:00] Resource usage: RSS: 17GiB CPU: 920%
[2026-01-17T08:38:49.997-08:00] IO: none
[2026-01-17T08:38:57.096-08:00] Waiting on buck2 daemon ce2611e0-3082-4292-bfbb-4b67ae8a5187...
[2026-01-17T08:38:57.096-08:00] Network: Up: 153MiB           Down: 3.7GiB           (reSessionID-ee45b8bb-89a7-4b0c-8769-7bdc145257ce)
[2026-01-17T08:38:57.096-08:00] Resource usage: RSS: 17GiB CPU: 483%
[2026-01-17T08:38:57.096-08:00] IO: none
[2026-01-17T08:39:04.188-08:00] Waiting on buck2 daemon ce2611e0-3082-4292-bfbb-4b67ae8a5187...
[2026-01-17T08:39:04.188-08:00] Network: Up: 153MiB           Down: 3.7GiB           (reSessionID-ee45b8bb-89a7-4b0c-8769-7bdc145257ce)
[2026-01-17T08:39:04.188-08:00] Resource usage: RSS: 17GiB CPU: 664%
[2026-01-17T08:39:04.188-08:00] IO: none
[2026-01-17T08:39:11.194-08:00] Waiting on buck2 daemon ce2611e0-3082-4292-bfbb-4b67ae8a5187...
[2026-01-17T08:39:11.194-08:00] Network: Up: 153MiB           Down: 3.7GiB  33KiB/s  (reSessionID-ee45b8bb-89a7-4b0c-8769-7bdc145257ce)
[2026-01-17T08:39:11.194-08:00] Resource usage: RSS: 17GiB CPU: 591%
[2026-01-17T08:39:11.194-08:00] IO: none
[2026-01-17T08:39:18.288-08:00] Waiting on buck2 daemon ce2611e0-3082-4292-bfbb-4b67ae8a5187...
[2026-01-17T08:39:18.288-08:00] Network: Up: 153MiB           Down: 3.7GiB 2.8MiB/s  (reSessionID-ee45b8bb-89a7-4b0c-8769-7bdc145257ce)
[2026-01-17T08:39:18.288-08:00] Resource usage: RSS: 17GiB CPU: 728%
[2026-01-17T08:39:18.288-08:00] IO: none
[2026-01-17T08:39:25.289-08:00] Waiting on buck2 daemon ce2611e0-3082-4292-bfbb-4b67ae8a5187...
[2026-01-17T08:39:25.289-08:00] Network: Up: 174MiB  13MiB/s  Down: 3.8GiB  10MiB/s  (reSessionID-ee45b8bb-89a7-4b0c-8769-7bdc145257ce)
[2026-01-17T08:39:25.289-08:00] Resource usage: RSS: 18GiB CPU: 1084%
[2026-01-17T08:39:25.289-08:00] IO: MkDir: 4
[2026-01-17T08:39:32.391-08:00] Waiting on buck2 daemon ce2611e0-3082-4292-bfbb-4b67ae8a5187...
[2026-01-17T08:39:32.391-08:00] Network: Up: 177MiB           Down: 3.8GiB           (reSessionID-ee45b8bb-89a7-4b0c-8769-7bdc145257ce)
[2026-01-17T08:39:32.391-08:00] Resource usage: RSS: 17GiB CPU: 647%
[2026-01-17T08:39:32.391-08:00] IO: none
[2026-01-17T08:39:39.396-08:00] Waiting on buck2 daemon ce2611e0-3082-4292-bfbb-4b67ae8a5187...
[2026-01-17T08:39:39.397-08:00] Network: Up: 177MiB           Down: 3.8GiB           (reSessionID-ee45b8bb-89a7-4b0c-8769-7bdc145257ce)
[2026-01-17T08:39:39.397-08:00] Resource usage: RSS: 17GiB CPU: 426%
[2026-01-17T08:39:39.397-08:00] IO: none
[2026-01-17T08:39:46.496-08:00] Waiting on buck2 daemon ce2611e0-3082-4292-bfbb-4b67ae8a5187...
[2026-01-17T08:39:46.496-08:00] Network: Up: 177MiB           Down: 3.8GiB           (reSessionID-ee45b8bb-89a7-4b0c-8769-7bdc145257ce)
[2026-01-17T08:39:46.496-08:00] Resource usage: RSS: 17GiB CPU: 289%
[2026-01-17T08:39:46.496-08:00] IO: none
[2026-01-17T08:39:53.589-08:00] Waiting on buck2 daemon ce2611e0-3082-4292-bfbb-4b67ae8a5187...
[2026-01-17T08:39:53.589-08:00] Network: Up: 177MiB           Down: 3.8GiB 499B/s    (reSessionID-ee45b8bb-89a7-4b0c-8769-7bdc145257ce)
[2026-01-17T08:39:53.589-08:00] Resource usage: RSS: 17GiB CPU: 747%
[2026-01-17T08:39:53.589-08:00] IO: Copy: 1
[2026-01-17T08:40:00.688-08:00] Waiting on buck2 daemon ce2611e0-3082-4292-bfbb-4b67ae8a5187...
[2026-01-17T08:40:00.688-08:00] Network: Up: 177MiB           Down: 3.8GiB 1.9MiB/s  (reSessionID-ee45b8bb-89a7-4b0c-8769-7bdc145257ce)
[2026-01-17T08:40:00.689-08:00] Resource usage: RSS: 17GiB CPU: 735%
[2026-01-17T08:40:00.689-08:00] IO: Symlink: 2 MkDir: 2
[2026-01-17T08:40:07.689-08:00] Waiting on buck2 daemon ce2611e0-3082-4292-bfbb-4b67ae8a5187...
[2026-01-17T08:40:07.689-08:00] Network: Up: 177MiB           Down: 3.8GiB 336KiB/s  (reSessionID-ee45b8bb-89a7-4b0c-8769-7bdc145257ce)
[2026-01-17T08:40:07.689-08:00] Resource usage: RSS: 17GiB CPU: 361%
[2026-01-17T08:40:07.689-08:00] IO: none
[2026-01-17T08:40:14.788-08:00] Waiting on buck2 daemon ce2611e0-3082-4292-bfbb-4b67ae8a5187...
[2026-01-17T08:40:14.788-08:00] Network: Up: 177MiB           Down: 3.8GiB  58KiB/s  (reSessionID-ee45b8bb-89a7-4b0c-8769-7bdc145257ce)
[2026-01-17T08:40:14.788-08:00] Resource usage: RSS: 17GiB CPU: 373%
[2026-01-17T08:40:14.788-08:00] IO: none
[2026-01-17T08:40:21.890-08:00] Waiting on buck2 daemon ce2611e0-3082-4292-bfbb-4b67ae8a5187...
[2026-01-17T08:40:21.890-08:00] Network: Up: 177MiB           Down: 3.8GiB  32KiB/s  (reSessionID-ee45b8bb-89a7-4b0c-8769-7bdc145257ce)
[2026-01-17T08:40:21.890-08:00] Resource usage: RSS: 17GiB CPU: 377%
[2026-01-17T08:40:21.890-08:00] IO: none
[2026-01-17T08:40:28.892-08:00] Waiting on buck2 daemon ce2611e0-3082-4292-bfbb-4b67ae8a5187...
[2026-01-17T08:40:28.892-08:00] Network: Up: 177MiB           Down: 3.8GiB 1.3MiB/s  (reSessionID-ee45b8bb-89a7-4b0c-8769-7bdc145257ce)
[2026-01-17T08:40:28.892-08:00] Resource usage: RSS: 17GiB CPU: 56%
[2026-01-17T08:40:28.892-08:00] IO: none
[2026-01-17T08:40:35.988-08:00] Waiting on buck2 daemon ce2611e0-3082-4292-bfbb-4b67ae8a5187...
[2026-01-17T08:40:35.988-08:00] Network: Up: 177MiB           Down: 3.8GiB 2.0MiB/s  (reSessionID-ee45b8bb-89a7-4b0c-8769-7bdc145257ce)
[2026-01-17T08:40:35.988-08:00] Resource usage: RSS: 17GiB CPU: 88%
[2026-01-17T08:40:35.988-08:00] IO: Copy: 2
[2026-01-17T08:40:42.996-08:00] Waiting on buck2 daemon ce2611e0-3082-4292-bfbb-4b67ae8a5187...
[2026-01-17T08:40:43.003-08:00] Network: Up: 177MiB           Down: 3.9GiB  10MiB/s  (reSessionID-ee45b8bb-89a7-4b0c-8769-7bdc145257ce)
[2026-01-17T08:40:43.003-08:00] Resource usage: RSS: 17GiB CPU: 234%
[2026-01-17T08:40:43.003-08:00] IO: Copy: 1 MkDir: 1
[2026-01-17T08:40:50.088-08:00] Waiting on buck2 daemon ce2611e0-3082-4292-bfbb-4b67ae8a5187...
[2026-01-17T08:40:50.088-08:00] Network: Up: 177MiB           Down: 3.9GiB 775KiB/s  (reSessionID-ee45b8bb-89a7-4b0c-8769-7bdc145257ce)
[2026-01-17T08:40:50.088-08:00] Resource usage: RSS: 17GiB CPU: 230%
[2026-01-17T08:40:50.088-08:00] IO: Symlink: 1 MkDir: 2
[2026-01-17T08:40:57.189-08:00] Waiting on buck2 daemon ce2611e0-3082-4292-bfbb-4b67ae8a5187...
[2026-01-17T08:40:57.189-08:00] Network: Up: 177MiB           Down: 3.9GiB 696B/s    (reSessionID-ee45b8bb-89a7-4b0c-8769-7bdc145257ce)
[2026-01-17T08:40:57.189-08:00] Resource usage: RSS: 17GiB CPU: 38%
[2026-01-17T08:40:57.189-08:00] IO: none
[2026-01-17T08:41:04.189-08:00] Waiting on buck2 daemon ce2611e0-3082-4292-bfbb-4b67ae8a5187...
[2026-01-17T08:41:04.189-08:00] Network: Up: 177MiB           Down: 3.9GiB 5.8MiB/s  (reSessionID-ee45b8bb-89a7-4b0c-8769-7bdc145257ce)
[2026-01-17T08:41:04.189-08:00] Resource usage: RSS: 17GiB CPU: 119%
[2026-01-17T08:41:04.189-08:00] IO: Symlink: 1 MkDir: 4 Stat: 1 Write: 1
[2026-01-17T08:41:11.288-08:00] Waiting on buck2 daemon ce2611e0-3082-4292-bfbb-4b67ae8a5187...
[2026-01-17T08:41:11.288-08:00] Network: Up: 177MiB           Down: 3.9GiB 1.4MiB/s  (reSessionID-ee45b8bb-89a7-4b0c-8769-7bdc145257ce)
[2026-01-17T08:41:11.288-08:00] Resource usage: RSS: 17GiB CPU: 295%
[2026-01-17T08:41:11.288-08:00] IO: none
[2026-01-17T08:41:18.389-08:00] Waiting on buck2 daemon ce2611e0-3082-4292-bfbb-4b67ae8a5187...
[2026-01-17T08:41:18.389-08:00] Network: Up: 177MiB  91KiB/s  Down: 3.9GiB 996KiB/s  (reSessionID-ee45b8bb-89a7-4b0c-8769-7bdc145257ce)
[2026-01-17T08:41:18.389-08:00] Resource usage: RSS: 17GiB CPU: 141%
[2026-01-17T08:41:18.389-08:00] IO: none
[2026-01-17T08:41:25.390-08:00] Waiting on buck2 daemon ce2611e0-3082-4292-bfbb-4b67ae8a5187...
[2026-01-17T08:41:25.390-08:00] Network: Up: 177MiB           Down: 3.9GiB 376KiB/s  (reSessionID-ee45b8bb-89a7-4b0c-8769-7bdc145257ce)
[2026-01-17T08:41:25.390-08:00] Resource usage: RSS: 17GiB CPU: 115%
[2026-01-17T08:41:25.390-08:00] IO: Copy: 1
[2026-01-17T08:41:32.488-08:00] Waiting on buck2 daemon ce2611e0-3082-4292-bfbb-4b67ae8a5187...
[2026-01-17T08:41:32.488-08:00] Network: Up: 181MiB           Down: 3.9GiB 282KiB/s  (reSessionID-ee45b8bb-89a7-4b0c-8769-7bdc145257ce)
[2026-01-17T08:41:32.488-08:00] Resource usage: RSS: 17GiB CPU: 734%
[2026-01-17T08:41:32.488-08:00] IO: MkDir: 4 ReadDir: 1
[2026-01-17T08:41:39.589-08:00] Waiting on buck2 daemon ce2611e0-3082-4292-bfbb-4b67ae8a5187...
[2026-01-17T08:41:39.589-08:00] Network: Up: 181MiB           Down: 3.9GiB  90KiB/s  (reSessionID-ee45b8bb-89a7-4b0c-8769-7bdc145257ce)
[2026-01-17T08:41:39.589-08:00] Resource usage: RSS: 17GiB CPU: 48%
[2026-01-17T08:41:39.589-08:00] IO: Symlink: 2
[2026-01-17T08:41:46.694-08:00] Waiting on buck2 daemon ce2611e0-3082-4292-bfbb-4b67ae8a5187...
[2026-01-17T08:41:46.695-08:00] Network: Up: 181MiB           Down: 3.9GiB  76KiB/s  (reSessionID-ee45b8bb-89a7-4b0c-8769-7bdc145257ce)
[2026-01-17T08:41:46.695-08:00] Resource usage: RSS: 17GiB CPU: 133%
[2026-01-17T08:41:46.695-08:00] IO: Copy: 1 Symlink: 3 MkDir: 1 Stat: 1 Write: 3
[2026-01-17T08:41:53.788-08:00] Waiting on buck2 daemon ce2611e0-3082-4292-bfbb-4b67ae8a5187...
[2026-01-17T08:41:53.788-08:00] Network: Up: 181MiB           Down: 3.9GiB           (reSessionID-ee45b8bb-89a7-4b0c-8769-7bdc145257ce)
[2026-01-17T08:41:53.788-08:00] Resource usage: RSS: 17GiB CPU: 82%
[2026-01-17T08:41:53.788-08:00] IO: Symlink: 2 Stat: 2
[2026-01-17T08:42:00.788-08:00] Waiting on buck2 daemon ce2611e0-3082-4292-bfbb-4b67ae8a5187...
[2026-01-17T08:42:00.788-08:00] Network: Up: 181MiB           Down: 3.9GiB 3.0MiB/s  (reSessionID-ee45b8bb-89a7-4b0c-8769-7bdc145257ce)
[2026-01-17T08:42:00.788-08:00] Resource usage: RSS: 17GiB CPU: 243%
[2026-01-17T08:42:00.789-08:00] IO: Symlink: 1
[2026-01-17T08:42:07.888-08:00] Waiting on buck2 daemon ce2611e0-3082-4292-bfbb-4b67ae8a5187...
[2026-01-17T08:42:07.888-08:00] Network: Up: 181MiB           Down: 3.9GiB 124KiB/s  (reSessionID-ee45b8bb-89a7-4b0c-8769-7bdc145257ce)
[2026-01-17T08:42:07.888-08:00] Resource usage: RSS: 17GiB CPU: 209%
[2026-01-17T08:42:07.888-08:00] IO: MkDir: 1 Stat: 1
[2026-01-17T08:42:14.888-08:00] Waiting on buck2 daemon ce2611e0-3082-4292-bfbb-4b67ae8a5187...
[2026-01-17T08:42:14.888-08:00] Network: Up: 181MiB           Down: 4.0GiB 198KiB/s  (reSessionID-ee45b8bb-89a7-4b0c-8769-7bdc145257ce)
[2026-01-17T08:42:14.888-08:00] Resource usage: RSS: 17GiB CPU: 71%
[2026-01-17T08:42:14.888-08:00] IO: Symlink: 4 ReadDir: 1
[2026-01-17T08:42:21.988-08:00] Waiting on buck2 daemon ce2611e0-3082-4292-bfbb-4b67ae8a5187...
[2026-01-17T08:42:21.988-08:00] Network: Up: 181MiB           Down: 4.0GiB 1.4MiB/s  (reSessionID-ee45b8bb-89a7-4b0c-8769-7bdc145257ce)
[2026-01-17T08:42:21.988-08:00] Resource usage: RSS: 17GiB CPU: 75%
[2026-01-17T08:42:21.988-08:00] IO: none
[2026-01-17T08:42:28.992-08:00] Waiting on buck2 daemon ce2611e0-3082-4292-bfbb-4b67ae8a5187...
[2026-01-17T08:42:28.992-08:00] Network: Up: 181MiB           Down: 4.0GiB           (reSessionID-ee45b8bb-89a7-4b0c-8769-7bdc145257ce)
[2026-01-17T08:42:28.992-08:00] Resource usage: RSS: 17GiB CPU: 75%
[2026-01-17T08:42:28.992-08:00] IO: Symlink: 1 MkDir: 1
[2026-01-17T08:42:36.088-08:00] Waiting on buck2 daemon ce2611e0-3082-4292-bfbb-4b67ae8a5187...
[2026-01-17T08:42:36.088-08:00] Network: Up: 181MiB           Down: 4.0GiB           (reSessionID-ee45b8bb-89a7-4b0c-8769-7bdc145257ce)
[2026-01-17T08:42:36.088-08:00] Resource usage: RSS: 17GiB CPU: 46%
[2026-01-17T08:42:36.088-08:00] IO: none
[2026-01-17T08:42:43.188-08:00] Waiting on buck2 daemon ce2611e0-3082-4292-bfbb-4b67ae8a5187...
[2026-01-17T08:42:43.188-08:00] Network: Up: 181MiB           Down: 4.0GiB           (reSessionID-ee45b8bb-89a7-4b0c-8769-7bdc145257ce)
[2026-01-17T08:42:43.188-08:00] Resource usage: RSS: 17GiB CPU: 39%
[2026-01-17T08:42:43.188-08:00] IO: none
[2026-01-17T08:42:50.288-08:00] Waiting on buck2 daemon ce2611e0-3082-4292-bfbb-4b67ae8a5187...
[2026-01-17T08:42:50.288-08:00] Network: Up: 181MiB           Down: 4.0GiB           (reSessionID-ee45b8bb-89a7-4b0c-8769-7bdc145257ce)
[2026-01-17T08:42:50.288-08:00] Resource usage: RSS: 17GiB CPU: 34%
[2026-01-17T08:42:50.288-08:00] IO: none
[2026-01-17T08:42:57.388-08:00] Waiting on buck2 daemon ce2611e0-3082-4292-bfbb-4b67ae8a5187...
[2026-01-17T08:42:57.388-08:00] Network: Up: 181MiB           Down: 4.0GiB           (reSessionID-ee45b8bb-89a7-4b0c-8769-7bdc145257ce)
[2026-01-17T08:42:57.388-08:00] Resource usage: RSS: 17GiB CPU: 37%
[2026-01-17T08:42:57.388-08:00] IO: none
[2026-01-17T08:43:04.488-08:00] Waiting on buck2 daemon ce2611e0-3082-4292-bfbb-4b67ae8a5187...
[2026-01-17T08:43:04.488-08:00] Network: Up: 181MiB           Down: 4.0GiB           (reSessionID-ee45b8bb-89a7-4b0c-8769-7bdc145257ce)
[2026-01-17T08:43:04.488-08:00] Resource usage: RSS: 17GiB CPU: 40%
[2026-01-17T08:43:04.488-08:00] IO: none
[2026-01-17T08:43:11.488-08:00] Waiting on buck2 daemon ce2611e0-3082-4292-bfbb-4b67ae8a5187...
[2026-01-17T08:43:11.488-08:00] Network: Up: 181MiB           Down: 4.0GiB           (reSessionID-ee45b8bb-89a7-4b0c-8769-7bdc145257ce)
[2026-01-17T08:43:11.488-08:00] Resource usage: RSS: 17GiB CPU: 45%
[2026-01-17T08:43:11.488-08:00] IO: none
[2026-01-17T08:43:18.588-08:00] Waiting on buck2 daemon ce2611e0-3082-4292-bfbb-4b67ae8a5187...
[2026-01-17T08:43:18.588-08:00] Network: Up: 181MiB           Down: 4.0GiB           (reSessionID-ee45b8bb-89a7-4b0c-8769-7bdc145257ce)
[2026-01-17T08:43:18.588-08:00] Resource usage: RSS: 17GiB CPU: 26%
[2026-01-17T08:43:18.588-08:00] IO: none
[2026-01-17T08:43:25.688-08:00] Waiting on buck2 daemon ce2611e0-3082-4292-bfbb-4b67ae8a5187...
[2026-01-17T08:43:25.688-08:00] Network: Up: 181MiB           Down: 4.0GiB           (reSessionID-ee45b8bb-89a7-4b0c-8769-7bdc145257ce)
[2026-01-17T08:43:25.688-08:00] Resource usage: RSS: 17GiB CPU: 120%
[2026-01-17T08:43:25.688-08:00] IO: none
[2026-01-17T08:43:32.788-08:00] Waiting on buck2 daemon ce2611e0-3082-4292-bfbb-4b67ae8a5187...
[2026-01-17T08:43:32.788-08:00] Network: Up: 181MiB           Down: 4.2GiB 109MiB/s  (reSessionID-ee45b8bb-89a7-4b0c-8769-7bdc145257ce)
[2026-01-17T08:43:32.788-08:00] Resource usage: RSS: 18GiB CPU: 1190%
[2026-01-17T08:43:32.788-08:00] IO: MkDir: 3 Stat: 1
[2026-01-17T08:43:39.888-08:00] Waiting on buck2 daemon ce2611e0-3082-4292-bfbb-4b67ae8a5187...
[2026-01-17T08:43:39.888-08:00] Network: Up: 181MiB           Down: 4.4GiB           (reSessionID-ee45b8bb-89a7-4b0c-8769-7bdc145257ce)
[2026-01-17T08:43:39.888-08:00] Resource usage: RSS: 17GiB CPU: 25%
[2026-01-17T08:43:39.888-08:00] IO: none
[2026-01-17T08:43:46.888-08:00] Waiting on buck2 daemon ce2611e0-3082-4292-bfbb-4b67ae8a5187...
[2026-01-17T08:43:46.888-08:00] Network: Up: 181MiB           Down: 4.4GiB           (reSessionID-ee45b8bb-89a7-4b0c-8769-7bdc145257ce)
[2026-01-17T08:43:46.888-08:00] Resource usage: RSS: 17GiB CPU: 26%
[2026-01-17T08:43:46.888-08:00] IO: none
[2026-01-17T08:43:53.988-08:00] Waiting on buck2 daemon ce2611e0-3082-4292-bfbb-4b67ae8a5187...
[2026-01-17T08:43:53.988-08:00] Network: Up: 181MiB           Down: 4.4GiB           (reSessionID-ee45b8bb-89a7-4b0c-8769-7bdc145257ce)
[2026-01-17T08:43:53.988-08:00] Resource usage: RSS: 17GiB CPU: 22%
[2026-01-17T08:43:53.988-08:00] IO: none
[2026-01-17T08:44:01.088-08:00] Waiting on buck2 daemon ce2611e0-3082-4292-bfbb-4b67ae8a5187...
[2026-01-17T08:44:01.088-08:00] Network: Up: 181MiB           Down: 4.4GiB           (reSessionID-ee45b8bb-89a7-4b0c-8769-7bdc145257ce)
[2026-01-17T08:44:01.088-08:00] Resource usage: RSS: 17GiB CPU: 24%
[2026-01-17T08:44:01.088-08:00] IO: none
[2026-01-17T08:44:08.188-08:00] Waiting on buck2 daemon ce2611e0-3082-4292-bfbb-4b67ae8a5187...
[2026-01-17T08:44:08.188-08:00] Network: Up: 181MiB           Down: 4.4GiB           (reSessionID-ee45b8bb-89a7-4b0c-8769-7bdc145257ce)
[2026-01-17T08:44:08.188-08:00] Resource usage: RSS: 17GiB CPU: 36%
[2026-01-17T08:44:08.188-08:00] IO: none
[2026-01-17T08:44:13.631-08:00] Network: Up: 181MiB  Down: 4.4GiB  (reSessionID-ee45b8bb-89a7-4b0c-8769-7bdc145257ce)
BUILD SUCCEEDED - starting your binary
[INFO] Using feasibility-aware Sudoku checker for 4x4
       score = filled - 2.0*violations - 5.0*zeroCand
       Max score: 16 (all filled, no violations)
[INFO] Training for 5000 steps (gamma=0.990, K=1, inner_unroll_n=2)
[INFO] Terminal rewards: solve=1.000, fail=-16.000
/data/repos/fbsource/buck-out/v2/gen/fbcode/7bc20b5dff24e379/buiksat_trm/__upi_trm_train__/upi_trm_train#link-tree/upi_trm_train.py:879: UserWarning: rl_enable_contraction=True: Applying operator-norm clamping and contraction scaling to z->z path layers. This is REQUIRED for Assumption 3.2 (L_z < 1) but will modify network behavior. Pretrained weights from vanilla TRM may require fine-tuning.
  model = TinyRecursiveReasoningModel_ACTV1(trm_cfg_dict)
[INFO] Using TRM backbone (hidden=64, H=2, L=2)
[DEBUG] Policy head STOP bias: 0.00 (should be 0.0 for uniform init)
[INFO] Puzzle embeddings DISABLED (set --puzzle-emb-ndim > 0 to enable)
/data/repos/fbsource/buck-out/v2/gen/fbcode/7bc20b5dff24e379/buiksat_trm/__upi_trm_train__/upi_trm_train#link-tree/torch/cuda/__init__.py:373: UserWarning: Found GPU0 NVIDIA PG509-210 which is of compute capability (CC) 8.0.
The following list shows the CCs this version of PyTorch was built for and the hardware CCs it supports:
Please follow the instructions at https://pytorch.org/get-started/locally/ to install a PyTorch release that supports one of these CUDA versions: 12.6, 12.8, 13.0
  _warn_unsupported_code(d, device_cc, code_ccs)
/data/repos/fbsource/buck-out/v2/gen/fbcode/7bc20b5dff24e379/buiksat_trm/__upi_trm_train__/upi_trm_train#link-tree/torch/cuda/__init__.py:373: UserWarning: Found GPU1 NVIDIA PG509-210 which is of compute capability (CC) 8.0.
The following list shows the CCs this version of PyTorch was built for and the hardware CCs it supports:
Please follow the instructions at https://pytorch.org/get-started/locally/ to install a PyTorch release that supports one of these CUDA versions: 12.6, 12.8, 13.0
  _warn_unsupported_code(d, device_cc, code_ccs)
INFO:2026-01-17 08:44:19 765393:765393 CuptiCallbackApi.cpp:74] Callback: domain = 3, cbid = 1
INFO:2026-01-17 08:44:19 765393:765393 CuptiActivityProfiler.cpp:245] CUDA versions. CUPTI: 22; Runtime: 12040; Driver: 12040
INFO:2026-01-17 08:44:19 765393:1534140 FBConfig.cpp:330] Perfetto builder enabled: 1
INFO:2026-01-17 08:44:19 765393:1534140 DynoConfigLoader.cpp:61] Setting communication fabric enabled = 0
/data/repos/fbsource/buck-out/v2/gen/fbcode/7bc20b5dff24e379/buiksat_trm/__upi_trm_train__/upi_trm_train#link-tree/rl/upi_trm_trainer.py:93: UserWarning: rl_enable_contraction=True: Applying operator-norm clamping and contraction scaling to z->z path layers. This is REQUIRED for Assumption 3.2 (L_z < 1) but will modify network behavior. Pretrained weights from vanilla TRM may require fine-tuning.
  self.target_model = TinyRecursiveReasoningModel_ACTV1(self._config_to_dict(self.model.config)).to(device)
/data/repos/fbsource/buck-out/v2/gen/fbcode/7bc20b5dff24e379/buiksat_trm/__upi_trm_train__/upi_trm_train#link-tree/rl/upi_trm_trainer.py:103: UserWarning: rl_enable_contraction=True: Applying operator-norm clamping and contraction scaling to z->z path layers. This is REQUIRED for Assumption 3.2 (L_z < 1) but will modify network behavior. Pretrained weights from vanilla TRM may require fine-tuning.
  self.policy_model_candidate = TinyRecursiveReasoningModel_ACTV1(
INFO:2026-01-17 08:44:19 765393:1534140 DynoConfigLoader.cpp:61] Setting communication fabric enabled = 0
TritonTraceHandler: disabled because /logs does not exist
===========[FB_TRITON]=========== Triton Version: 3.3.2+fb
[INFO] Using UPI-TRM algorithm (K=1, inner_n=2)

============================================================
UPI-TRM THEORY ALIGNMENT CHECK
============================================================
⚠ Configuration has theory gaps:
  • exact_baseline_summation=False: Using approximate baseline. This gives O(ε_A/(1-γ)) bound instead of O(α·ε_A) from Theorem 5.9. For discrete action spaces (Sudoku), enable for tighter bounds.
  • theory_exact_mixture=False: Using parameter-space interpolation for CPI, which is NOT equivalent to policy-space mixture. The CPI improvement guarantee does not strictly apply. Set theory_exact_mixture=True for theory-exact behavior (but slower due to evaluating two networks).

Theory status:
  Forward-invariant projection: ✓
  Contraction enforced (L_z < 1): ✓
  Exact baseline (Thm 5.9): ✗
  Distillation (not in theory): ✓ disabled

Is theory-exact: False
============================================================

UPI-TRM theoretical dials:
  L_z target (rl_cfg.target_Lz): 0.99
  L_V target (rl_cfg.target_Lv): 1.0
  Inner unroll n (rl_cfg.inner_unroll_n): 2
  K-step horizon K (rl_cfg.K): 1
  Mixture alpha (rl_cfg.mixture_alpha): 0.1
  Latent ball radius (rl_cfg.latent_ball_radius): 10.0
  Episodic latent: True
  Exact K-step targets: False
  Exact baseline summation: False

[INFO] STOP action mode: disabled
[INFO] Forward-invariant projection enabled (R=10.0)
[WandB] Disabled by default (enable with: --wandb)
[DEBUG] Action mask: 90 valid actions out of 513 total
[DEBUG] Latent mode: episodic
[DEBUG] Step 0 probs: STOP=0.000000, edits=1.000000
[DEBUG] Top 5 action probs: torch.return_types.topk(
values=tensor([0.0155, 0.0152, 0.0146, 0.0139, 0.0137], device='cuda:0',
       grad_fn=<TopkBackward0>),
indices=tensor([ 11, 179,  67, 178,   5], device='cuda:0'))
[step 00050] value_loss=0.002724 policy_loss=-0.223608
[step 00050] VALUE_DEBUG: target(mean=0.84 std=0.00 min=0.84 max=0.84) V(s)(mean=0.80 std=0.03) reward(mean=0.840 std=0.000) clip=50.0
[step 00100] opnorm clamp applied
[step 00100] value_loss=0.000327 policy_loss=-0.213900
[step 00100] VALUE_DEBUG: target(mean=0.84 std=0.00 min=0.84 max=0.84) V(s)(mean=0.83 std=0.02) reward(mean=0.840 std=0.000) clip=50.0
[step 00100] eval_success_rate=1.000 eval_mean_score=16.000 eval_policy_mode=greedy [solved=50/50, score_range=16.00-16.00/11.0, initial=16.00]
[step 00100] PROGRESS: filled=16.00 violations=0.00 zero_cand=0.00
[step 00100] DEBUG: ep_len=1.0 ep_ret=0.840 stop_prob=0.001 score_chg=0.0000
[step 00150] value_loss=0.000014 policy_loss=-0.237987
[step 00150] VALUE_DEBUG: target(mean=0.84 std=0.00 min=0.84 max=0.84) V(s)(mean=0.84 std=0.00) reward(mean=0.840 std=0.000) clip=50.0
[step 00200] opnorm clamp applied
[step 00200] value_loss=0.000263 policy_loss=-0.225683
[step 00200] VALUE_DEBUG: target(mean=0.84 std=0.00 min=0.84 max=0.84) V(s)(mean=0.85 std=0.01) reward(mean=0.840 std=0.000) clip=50.0
[step 00200] eval_success_rate=1.000 eval_mean_score=16.000 eval_policy_mode=greedy [solved=50/50, score_range=16.00-16.00/11.0, initial=16.00]
[step 00200] PROGRESS: filled=16.00 violations=0.00 zero_cand=0.00
[step 00200] DEBUG: ep_len=1.0 ep_ret=0.840 stop_prob=0.001 score_chg=0.0000
[step 00250] value_loss=0.004706 policy_loss=-0.222431
[step 00250] VALUE_DEBUG: target(mean=0.84 std=0.00 min=0.84 max=0.84) V(s)(mean=0.89 std=0.04) reward(mean=0.840 std=0.000) clip=50.0
[step 00300] opnorm clamp applied
[step 00300] value_loss=0.003749 policy_loss=-0.234428
[step 00300] VALUE_DEBUG: target(mean=0.84 std=0.00 min=0.84 max=0.84) V(s)(mean=0.80 std=0.05) reward(mean=0.840 std=0.000) clip=50.0
[step 00300] eval_success_rate=1.000 eval_mean_score=16.000 eval_policy_mode=greedy [solved=50/50, score_range=16.00-16.00/11.0, initial=16.00]
[step 00300] PROGRESS: filled=16.00 violations=0.00 zero_cand=0.00
[step 00300] DEBUG: ep_len=1.0 ep_ret=0.839 stop_prob=0.001 score_chg=0.0000
[step 00350] value_loss=0.001090 policy_loss=-0.257197
[step 00350] VALUE_DEBUG: target(mean=0.84 std=0.00 min=0.84 max=0.84) V(s)(mean=0.84 std=0.03) reward(mean=0.840 std=0.000) clip=50.0
[step 00400] opnorm clamp applied
[step 00400] value_loss=0.000730 policy_loss=-0.233180
[step 00400] VALUE_DEBUG: target(mean=0.84 std=0.00 min=0.84 max=0.84) V(s)(mean=0.82 std=0.02) reward(mean=0.840 std=0.000) clip=50.0
[step 00400] eval_success_rate=1.000 eval_mean_score=16.000 eval_policy_mode=greedy [solved=50/50, score_range=16.00-16.00/11.0, initial=16.00]
[step 00400] PROGRESS: filled=16.00 violations=0.00 zero_cand=0.00
[step 00400] DEBUG: ep_len=1.0 ep_ret=0.840 stop_prob=0.001 score_chg=0.0000
[step 00450] value_loss=0.000298 policy_loss=-0.219291
[step 00450] VALUE_DEBUG: target(mean=0.84 std=0.00 min=0.84 max=0.84) V(s)(mean=0.83 std=0.01) reward(mean=0.840 std=0.000) clip=50.0
[step 00500] opnorm clamp applied
[step 00500] value_loss=0.002323 policy_loss=-0.266902
[step 00500] VALUE_DEBUG: target(mean=0.84 std=0.00 min=0.84 max=0.84) V(s)(mean=0.87 std=0.04) reward(mean=0.840 std=0.000) clip=50.0
[step 00500] eval_success_rate=1.000 eval_mean_score=16.000 eval_policy_mode=greedy [solved=50/50, score_range=16.00-16.00/11.0, initial=16.00]
[step 00500] PROGRESS: filled=16.00 violations=0.00 zero_cand=0.00
[step 00500] DEBUG: ep_len=1.0 ep_ret=0.840 stop_prob=0.001 score_chg=0.0000
[step 00550] value_loss=0.002089 policy_loss=-0.233167
[step 00550] VALUE_DEBUG: target(mean=0.84 std=0.00 min=0.84 max=0.84) V(s)(mean=0.84 std=0.05) reward(mean=0.840 std=0.000) clip=50.0
[step 00600] opnorm clamp applied
[step 00600] value_loss=0.000685 policy_loss=-0.233294
[step 00600] VALUE_DEBUG: target(mean=0.84 std=0.02 min=0.74 max=0.84) V(s)(mean=0.84 std=0.02) reward(mean=0.837 std=0.017) clip=50.0
[step 00600] eval_success_rate=1.000 eval_mean_score=16.000 eval_policy_mode=greedy [solved=50/50, score_range=16.00-16.00/11.0, initial=16.00]
[step 00600] PROGRESS: filled=16.00 violations=0.00 zero_cand=0.00
[step 00600] DEBUG: ep_len=1.0 ep_ret=0.840 stop_prob=0.001 score_chg=0.0000
[step 00650] value_loss=0.000249 policy_loss=-0.234108
[step 00650] VALUE_DEBUG: target(mean=0.84 std=0.00 min=0.84 max=0.84) V(s)(mean=0.84 std=0.02) reward(mean=0.840 std=0.000) clip=50.0
[step 00700] opnorm clamp applied
[step 00700] value_loss=0.000057 policy_loss=-0.224938
[step 00700] VALUE_DEBUG: target(mean=0.84 std=0.00 min=0.84 max=0.84) V(s)(mean=0.84 std=0.01) reward(mean=0.840 std=0.000) clip=50.0
[step 00700] eval_success_rate=1.000 eval_mean_score=16.000 eval_policy_mode=greedy [solved=50/50, score_range=16.00-16.00/11.0, initial=16.00]
[step 00700] PROGRESS: filled=16.00 violations=0.00 zero_cand=0.00
[step 00700] DEBUG: ep_len=1.0 ep_ret=0.840 stop_prob=0.001 score_chg=0.0000
[step 00750] value_loss=0.000020 policy_loss=-0.214788
[step 00750] VALUE_DEBUG: target(mean=0.84 std=0.00 min=0.84 max=0.84) V(s)(mean=0.84 std=0.00) reward(mean=0.840 std=0.000) clip=50.0
[step 00800] opnorm clamp applied
[step 00800] value_loss=0.000003 policy_loss=-0.231919
[step 00800] VALUE_DEBUG: target(mean=0.84 std=0.00 min=0.84 max=0.84) V(s)(mean=0.84 std=0.00) reward(mean=0.840 std=0.000) clip=50.0
[step 00800] eval_success_rate=1.000 eval_mean_score=16.000 eval_policy_mode=greedy [solved=50/50, score_range=16.00-16.00/11.0, initial=16.00]
[step 00800] PROGRESS: filled=16.00 violations=0.00 zero_cand=0.00
[step 00800] DEBUG: ep_len=1.0 ep_ret=0.840 stop_prob=0.001 score_chg=0.0000
[step 00850] value_loss=0.000044 policy_loss=-0.240424
[step 00850] VALUE_DEBUG: target(mean=0.84 std=0.00 min=0.84 max=0.84) V(s)(mean=0.85 std=0.00) reward(mean=0.840 std=0.000) clip=50.0
[step 00900] opnorm clamp applied
[step 00900] value_loss=0.000037 policy_loss=-0.225118
[step 00900] VALUE_DEBUG: target(mean=0.84 std=0.00 min=0.84 max=0.84) V(s)(mean=0.84 std=0.00) reward(mean=0.840 std=0.000) clip=50.0
[step 00900] eval_success_rate=1.000 eval_mean_score=16.000 eval_policy_mode=greedy [solved=50/50, score_range=16.00-16.00/11.0, initial=16.00]
[step 00900] PROGRESS: filled=16.00 violations=0.00 zero_cand=0.00
[step 00900] DEBUG: ep_len=1.0 ep_ret=0.839 stop_prob=0.001 score_chg=0.0000
[step 00950] value_loss=0.000005 policy_loss=-0.253945
[step 00950] VALUE_DEBUG: target(mean=0.84 std=0.00 min=0.84 max=0.84) V(s)(mean=0.84 std=0.00) reward(mean=0.840 std=0.000) clip=50.0
[step 01000] opnorm clamp applied
[step 01000] value_loss=0.000029 policy_loss=-0.223945
[step 01000] VALUE_DEBUG: target(mean=0.84 std=0.00 min=0.84 max=0.84) V(s)(mean=0.84 std=0.00) reward(mean=0.840 std=0.000) clip=50.0
[step 01000] eval_success_rate=1.000 eval_mean_score=16.000 eval_policy_mode=greedy [solved=50/50, score_range=16.00-16.00/11.0, initial=16.00]
[step 01000] PROGRESS: filled=16.00 violations=0.00 zero_cand=0.00
[step 01000] DEBUG: ep_len=1.0 ep_ret=0.840 stop_prob=0.001 score_chg=0.0000
[Checkpoint] Saved to /home/buiksat/trm_bellman/checkpoints/exp2_contraction_sweep/lz_099/seed41/rl_checkpoint_step_1000.pt
[step 01050] value_loss=0.000026 policy_loss=-0.226739
[step 01050] VALUE_DEBUG: target(mean=0.84 std=0.00 min=0.84 max=0.84) V(s)(mean=0.84 std=0.00) reward(mean=0.840 std=0.000) clip=50.0
[step 01100] opnorm clamp applied
[step 01100] value_loss=0.000013 policy_loss=-0.246467
[step 01100] VALUE_DEBUG: target(mean=0.84 std=0.00 min=0.84 max=0.84) V(s)(mean=0.84 std=0.00) reward(mean=0.840 std=0.000) clip=50.0
[step 01100] eval_success_rate=1.000 eval_mean_score=16.000 eval_policy_mode=greedy [solved=50/50, score_range=16.00-16.00/11.0, initial=16.00]
[step 01100] PROGRESS: filled=16.00 violations=0.00 zero_cand=0.00
[step 01100] DEBUG: ep_len=1.0 ep_ret=0.839 stop_prob=0.001 score_chg=0.0000
[step 01150] value_loss=0.000048 policy_loss=-0.207092
[step 01150] VALUE_DEBUG: target(mean=0.84 std=0.00 min=0.84 max=0.84) V(s)(mean=0.84 std=0.01) reward(mean=0.840 std=0.000) clip=50.0
[step 01200] opnorm clamp applied
[step 01200] value_loss=0.000043 policy_loss=-0.223790
[step 01200] VALUE_DEBUG: target(mean=0.84 std=0.00 min=0.84 max=0.84) V(s)(mean=0.84 std=0.01) reward(mean=0.840 std=0.000) clip=50.0
[step 01200] eval_success_rate=1.000 eval_mean_score=16.000 eval_policy_mode=greedy [solved=50/50, score_range=16.00-16.00/11.0, initial=16.00]
[step 01200] PROGRESS: filled=16.00 violations=0.00 zero_cand=0.00
[step 01200] DEBUG: ep_len=1.0 ep_ret=0.840 stop_prob=0.001 score_chg=0.0000
[step 01250] value_loss=0.000056 policy_loss=-0.221108
[step 01250] VALUE_DEBUG: target(mean=0.84 std=0.00 min=0.84 max=0.84) V(s)(mean=0.84 std=0.01) reward(mean=0.840 std=0.000) clip=50.0
[step 01300] opnorm clamp applied
[step 01300] value_loss=0.000045 policy_loss=-0.220419
[step 01300] VALUE_DEBUG: target(mean=0.84 std=0.00 min=0.84 max=0.84) V(s)(mean=0.84 std=0.01) reward(mean=0.840 std=0.000) clip=50.0
[step 01300] eval_success_rate=1.000 eval_mean_score=16.000 eval_policy_mode=greedy [solved=50/50, score_range=16.00-16.00/11.0, initial=16.00]
[step 01300] PROGRESS: filled=16.00 violations=0.00 zero_cand=0.00
[step 01300] DEBUG: ep_len=1.0 ep_ret=0.840 stop_prob=0.001 score_chg=0.0000
[step 01350] value_loss=0.000114 policy_loss=-0.213817
[step 01350] VALUE_DEBUG: target(mean=0.84 std=0.00 min=0.84 max=0.84) V(s)(mean=0.84 std=0.01) reward(mean=0.840 std=0.000) clip=50.0
[step 01400] opnorm clamp applied
[step 01400] value_loss=0.000263 policy_loss=-0.223533
[step 01400] VALUE_DEBUG: target(mean=0.84 std=0.00 min=0.84 max=0.84) V(s)(mean=0.85 std=0.01) reward(mean=0.840 std=0.000) clip=50.0
[step 01400] eval_success_rate=1.000 eval_mean_score=16.000 eval_policy_mode=greedy [solved=50/50, score_range=16.00-16.00/11.0, initial=16.00]
[step 01400] PROGRESS: filled=16.00 violations=0.00 zero_cand=0.00
[step 01400] DEBUG: ep_len=1.0 ep_ret=0.840 stop_prob=0.001 score_chg=0.0000
[step 01450] value_loss=0.000261 policy_loss=-0.224599
[step 01450] VALUE_DEBUG: target(mean=0.84 std=0.00 min=0.84 max=0.84) V(s)(mean=0.83 std=0.01) reward(mean=0.840 std=0.000) clip=50.0
[step 01500] opnorm clamp applied
[step 01500] value_loss=0.000187 policy_loss=-0.205980
[step 01500] VALUE_DEBUG: target(mean=0.84 std=0.00 min=0.84 max=0.84) V(s)(mean=0.85 std=0.01) reward(mean=0.840 std=0.000) clip=50.0
[step 01500] eval_success_rate=1.000 eval_mean_score=16.000 eval_policy_mode=greedy [solved=50/50, score_range=16.00-16.00/11.0, initial=16.00]
[step 01500] PROGRESS: filled=16.00 violations=0.00 zero_cand=0.00
[step 01500] DEBUG: ep_len=1.0 ep_ret=0.840 stop_prob=0.001 score_chg=0.0000
[step 01550] value_loss=0.000039 policy_loss=-0.232017
[step 01550] VALUE_DEBUG: target(mean=0.84 std=0.00 min=0.84 max=0.84) V(s)(mean=0.84 std=0.01) reward(mean=0.840 std=0.000) clip=50.0
[step 01600] opnorm clamp applied
[step 01600] value_loss=0.000023 policy_loss=-0.250841
[step 01600] VALUE_DEBUG: target(mean=0.84 std=0.00 min=0.84 max=0.84) V(s)(mean=0.84 std=0.00) reward(mean=0.840 std=0.000) clip=50.0
[step 01600] eval_success_rate=1.000 eval_mean_score=16.000 eval_policy_mode=greedy [solved=50/50, score_range=16.00-16.00/11.0, initial=16.00]
[step 01600] PROGRESS: filled=16.00 violations=0.00 zero_cand=0.00
[step 01600] DEBUG: ep_len=1.0 ep_ret=0.840 stop_prob=0.001 score_chg=0.0000
[step 01650] value_loss=0.000036 policy_loss=-0.213536
[step 01650] VALUE_DEBUG: target(mean=0.84 std=0.00 min=0.84 max=0.84) V(s)(mean=0.84 std=0.01) reward(mean=0.840 std=0.000) clip=50.0
[step 01700] opnorm clamp applied
[step 01700] value_loss=0.000027 policy_loss=-0.232469
[step 01700] VALUE_DEBUG: target(mean=0.84 std=0.00 min=0.84 max=0.84) V(s)(mean=0.84 std=0.01) reward(mean=0.840 std=0.000) clip=50.0
[step 01700] eval_success_rate=1.000 eval_mean_score=16.000 eval_policy_mode=greedy [solved=50/50, score_range=16.00-16.00/11.0, initial=16.00]
[step 01700] PROGRESS: filled=16.00 violations=0.00 zero_cand=0.00
[step 01700] DEBUG: ep_len=1.0 ep_ret=0.840 stop_prob=0.001 score_chg=0.0000
[step 01750] value_loss=0.000126 policy_loss=-0.230884
[step 01750] VALUE_DEBUG: target(mean=0.84 std=0.00 min=0.84 max=0.84) V(s)(mean=0.84 std=0.01) reward(mean=0.840 std=0.000) clip=50.0
[step 01800] opnorm clamp applied
[step 01800] value_loss=0.000069 policy_loss=-0.223473
[step 01800] VALUE_DEBUG: target(mean=0.84 std=0.00 min=0.84 max=0.84) V(s)(mean=0.84 std=0.01) reward(mean=0.840 std=0.000) clip=50.0
[step 01800] eval_success_rate=1.000 eval_mean_score=16.000 eval_policy_mode=greedy [solved=50/50, score_range=16.00-16.00/11.0, initial=16.00]
[step 01800] PROGRESS: filled=16.00 violations=0.00 zero_cand=0.00
[step 01800] DEBUG: ep_len=1.0 ep_ret=0.839 stop_prob=0.001 score_chg=0.0000
[step 01850] value_loss=0.000215 policy_loss=-0.232121
[step 01850] VALUE_DEBUG: target(mean=0.84 std=0.00 min=0.84 max=0.84) V(s)(mean=0.85 std=0.01) reward(mean=0.840 std=0.000) clip=50.0
[step 01900] opnorm clamp applied
[step 01900] value_loss=0.000140 policy_loss=-0.247542
[step 01900] VALUE_DEBUG: target(mean=0.84 std=0.00 min=0.84 max=0.84) V(s)(mean=0.83 std=0.01) reward(mean=0.840 std=0.000) clip=50.0
[step 01900] eval_success_rate=1.000 eval_mean_score=16.000 eval_policy_mode=greedy [solved=50/50, score_range=16.00-16.00/11.0, initial=16.00]
[step 01900] PROGRESS: filled=16.00 violations=0.00 zero_cand=0.00
[step 01900] DEBUG: ep_len=1.0 ep_ret=0.840 stop_prob=0.001 score_chg=0.0000
[step 01950] value_loss=0.000398 policy_loss=-0.213863
[step 01950] VALUE_DEBUG: target(mean=0.84 std=0.02 min=0.74 max=0.84) V(s)(mean=0.84 std=0.01) reward(mean=0.837 std=0.017) clip=50.0
[step 02000] opnorm clamp applied
[step 02000] value_loss=0.000270 policy_loss=-0.227483
[step 02000] VALUE_DEBUG: target(mean=0.84 std=0.00 min=0.84 max=0.84) V(s)(mean=0.85 std=0.01) reward(mean=0.840 std=0.000) clip=50.0
[step 02000] eval_success_rate=1.000 eval_mean_score=16.000 eval_policy_mode=greedy [solved=50/50, score_range=16.00-16.00/11.0, initial=16.00]
[step 02000] PROGRESS: filled=16.00 violations=0.00 zero_cand=0.00
[step 02000] DEBUG: ep_len=1.0 ep_ret=0.840 stop_prob=0.001 score_chg=0.0000
[Checkpoint] Saved to /home/buiksat/trm_bellman/checkpoints/exp2_contraction_sweep/lz_099/seed41/rl_checkpoint_step_2000.pt
[step 02050] value_loss=0.000241 policy_loss=-0.232980
[step 02050] VALUE_DEBUG: target(mean=0.84 std=0.00 min=0.84 max=0.84) V(s)(mean=0.85 std=0.01) reward(mean=0.840 std=0.000) clip=50.0
[step 02100] opnorm clamp applied
[step 02100] value_loss=0.000154 policy_loss=-0.236580
[step 02100] VALUE_DEBUG: target(mean=0.84 std=0.00 min=0.84 max=0.84) V(s)(mean=0.84 std=0.01) reward(mean=0.840 std=0.000) clip=50.0
[step 02100] eval_success_rate=1.000 eval_mean_score=16.000 eval_policy_mode=greedy [solved=50/50, score_range=16.00-16.00/11.0, initial=16.00]
[step 02100] PROGRESS: filled=16.00 violations=0.00 zero_cand=0.00
[step 02100] DEBUG: ep_len=1.0 ep_ret=0.840 stop_prob=0.000 score_chg=0.0000
[step 02150] value_loss=0.000094 policy_loss=-0.227053
[step 02150] VALUE_DEBUG: target(mean=0.84 std=0.00 min=0.84 max=0.84) V(s)(mean=0.84 std=0.01) reward(mean=0.840 std=0.000) clip=50.0
[step 02200] opnorm clamp applied
[step 02200] value_loss=0.000125 policy_loss=-0.219003
[step 02200] VALUE_DEBUG: target(mean=0.84 std=0.00 min=0.84 max=0.84) V(s)(mean=0.83 std=0.01) reward(mean=0.840 std=0.000) clip=50.0
[step 02200] eval_success_rate=1.000 eval_mean_score=16.000 eval_policy_mode=greedy [solved=50/50, score_range=16.00-16.00/11.0, initial=16.00]
[step 02200] PROGRESS: filled=16.00 violations=0.00 zero_cand=0.00
[step 02200] DEBUG: ep_len=1.0 ep_ret=0.840 stop_prob=0.001 score_chg=0.0000
[step 02250] value_loss=0.000054 policy_loss=-0.235359
[step 02250] VALUE_DEBUG: target(mean=0.84 std=0.00 min=0.84 max=0.84) V(s)(mean=0.84 std=0.01) reward(mean=0.840 std=0.000) clip=50.0
[step 02300] opnorm clamp applied
[step 02300] value_loss=0.000045 policy_loss=-0.216877
[step 02300] VALUE_DEBUG: target(mean=0.84 std=0.00 min=0.84 max=0.84) V(s)(mean=0.84 std=0.01) reward(mean=0.840 std=0.000) clip=50.0
[step 02300] eval_success_rate=1.000 eval_mean_score=16.000 eval_policy_mode=greedy [solved=50/50, score_range=16.00-16.00/11.0, initial=16.00]
[step 02300] PROGRESS: filled=16.00 violations=0.00 zero_cand=0.00
[step 02300] DEBUG: ep_len=1.0 ep_ret=0.840 stop_prob=0.001 score_chg=0.0000
[step 02350] value_loss=0.000006 policy_loss=-0.229210
[step 02350] VALUE_DEBUG: target(mean=0.84 std=0.00 min=0.84 max=0.84) V(s)(mean=0.84 std=0.00) reward(mean=0.840 std=0.000) clip=50.0
[step 02400] opnorm clamp applied
[step 02400] value_loss=0.000016 policy_loss=-0.216251
[step 02400] VALUE_DEBUG: target(mean=0.84 std=0.00 min=0.84 max=0.84) V(s)(mean=0.84 std=0.00) reward(mean=0.840 std=0.000) clip=50.0
[step 02400] eval_success_rate=1.000 eval_mean_score=16.000 eval_policy_mode=greedy [solved=50/50, score_range=16.00-16.00/11.0, initial=16.00]
[step 02400] PROGRESS: filled=16.00 violations=0.00 zero_cand=0.00
[step 02400] DEBUG: ep_len=1.0 ep_ret=0.840 stop_prob=0.000 score_chg=0.0000
[step 02450] value_loss=0.000062 policy_loss=-0.225550
[step 02450] VALUE_DEBUG: target(mean=0.84 std=0.00 min=0.84 max=0.84) V(s)(mean=0.83 std=0.00) reward(mean=0.840 std=0.000) clip=50.0
[step 02500] opnorm clamp applied
[step 02500] value_loss=0.000068 policy_loss=-0.236828
[step 02500] VALUE_DEBUG: target(mean=0.84 std=0.00 min=0.84 max=0.84) V(s)(mean=0.84 std=0.01) reward(mean=0.840 std=0.000) clip=50.0
[step 02500] eval_success_rate=1.000 eval_mean_score=16.000 eval_policy_mode=greedy [solved=50/50, score_range=16.00-16.00/11.0, initial=16.00]
[step 02500] PROGRESS: filled=16.00 violations=0.00 zero_cand=0.00
[step 02500] DEBUG: ep_len=1.0 ep_ret=0.840 stop_prob=0.001 score_chg=0.0000
[step 02550] value_loss=0.000048 policy_loss=-0.229335
[step 02550] VALUE_DEBUG: target(mean=0.84 std=0.00 min=0.84 max=0.84) V(s)(mean=0.85 std=0.00) reward(mean=0.840 std=0.000) clip=50.0
[step 02600] opnorm clamp applied
[step 02600] value_loss=0.000013 policy_loss=-0.221807
[step 02600] VALUE_DEBUG: target(mean=0.84 std=0.00 min=0.84 max=0.84) V(s)(mean=0.84 std=0.00) reward(mean=0.840 std=0.000) clip=50.0
[step 02600] eval_success_rate=1.000 eval_mean_score=16.000 eval_policy_mode=greedy [solved=50/50, score_range=16.00-16.00/11.0, initial=16.00]
[step 02600] PROGRESS: filled=16.00 violations=0.00 zero_cand=0.00
[step 02600] DEBUG: ep_len=1.0 ep_ret=0.840 stop_prob=0.001 score_chg=0.0000
[step 02650] value_loss=0.000077 policy_loss=-0.224471
[step 02650] VALUE_DEBUG: target(mean=0.84 std=0.00 min=0.84 max=0.84) V(s)(mean=0.84 std=0.01) reward(mean=0.840 std=0.000) clip=50.0
[step 02700] opnorm clamp applied
[step 02700] value_loss=0.000032 policy_loss=-0.229312
[step 02700] VALUE_DEBUG: target(mean=0.84 std=0.00 min=0.84 max=0.84) V(s)(mean=0.84 std=0.00) reward(mean=0.840 std=0.000) clip=50.0
[step 02700] eval_success_rate=1.000 eval_mean_score=16.000 eval_policy_mode=greedy [solved=50/50, score_range=16.00-16.00/11.0, initial=16.00]
[step 02700] PROGRESS: filled=16.00 violations=0.00 zero_cand=0.00
[step 02700] DEBUG: ep_len=1.0 ep_ret=0.840 stop_prob=0.001 score_chg=0.0000
[step 02750] value_loss=0.000011 policy_loss=-0.226552
[step 02750] VALUE_DEBUG: target(mean=0.84 std=0.00 min=0.84 max=0.84) V(s)(mean=0.84 std=0.00) reward(mean=0.840 std=0.000) clip=50.0
[step 02800] opnorm clamp applied
[step 02800] value_loss=0.000002 policy_loss=-0.239727
[step 02800] VALUE_DEBUG: target(mean=0.84 std=0.00 min=0.84 max=0.84) V(s)(mean=0.84 std=0.00) reward(mean=0.840 std=0.000) clip=50.0
[step 02800] eval_success_rate=1.000 eval_mean_score=16.000 eval_policy_mode=greedy [solved=50/50, score_range=16.00-16.00/11.0, initial=16.00]
[step 02800] PROGRESS: filled=16.00 violations=0.00 zero_cand=0.00
[step 02800] DEBUG: ep_len=1.0 ep_ret=0.840 stop_prob=0.001 score_chg=0.0000
[step 02850] value_loss=0.000083 policy_loss=-0.220055
[step 02850] VALUE_DEBUG: target(mean=0.84 std=0.00 min=0.84 max=0.84) V(s)(mean=0.83 std=0.01) reward(mean=0.840 std=0.000) clip=50.0
[step 02900] opnorm clamp applied
[step 02900] value_loss=0.000168 policy_loss=-0.233040
[step 02900] VALUE_DEBUG: target(mean=0.84 std=0.00 min=0.84 max=0.84) V(s)(mean=0.85 std=0.01) reward(mean=0.840 std=0.000) clip=50.0
[step 02900] eval_success_rate=1.000 eval_mean_score=16.000 eval_policy_mode=greedy [solved=50/50, score_range=16.00-16.00/11.0, initial=16.00]
[step 02900] PROGRESS: filled=16.00 violations=0.00 zero_cand=0.00
[step 02900] DEBUG: ep_len=1.0 ep_ret=0.840 stop_prob=0.001 score_chg=0.0000
[step 02950] value_loss=0.000025 policy_loss=-0.229572
[step 02950] VALUE_DEBUG: target(mean=0.84 std=0.00 min=0.84 max=0.84) V(s)(mean=0.84 std=0.00) reward(mean=0.840 std=0.000) clip=50.0
[step 03000] opnorm clamp applied
[step 03000] value_loss=0.000002 policy_loss=-0.240117
[step 03000] VALUE_DEBUG: target(mean=0.84 std=0.00 min=0.84 max=0.84) V(s)(mean=0.84 std=0.00) reward(mean=0.840 std=0.000) clip=50.0
[step 03000] eval_success_rate=1.000 eval_mean_score=16.000 eval_policy_mode=greedy [solved=50/50, score_range=16.00-16.00/11.0, initial=16.00]
[step 03000] PROGRESS: filled=16.00 violations=0.00 zero_cand=0.00
[step 03000] DEBUG: ep_len=1.0 ep_ret=0.840 stop_prob=0.001 score_chg=0.0000
[Checkpoint] Saved to /home/buiksat/trm_bellman/checkpoints/exp2_contraction_sweep/lz_099/seed41/rl_checkpoint_step_3000.pt
[step 03050] value_loss=0.000015 policy_loss=-0.219305
[step 03050] VALUE_DEBUG: target(mean=0.84 std=0.00 min=0.84 max=0.84) V(s)(mean=0.84 std=0.00) reward(mean=0.840 std=0.000) clip=50.0
[step 03100] opnorm clamp applied
[step 03100] value_loss=0.000019 policy_loss=-0.220811
[step 03100] VALUE_DEBUG: target(mean=0.84 std=0.00 min=0.84 max=0.84) V(s)(mean=0.84 std=0.00) reward(mean=0.840 std=0.000) clip=50.0
[step 03100] eval_success_rate=1.000 eval_mean_score=16.000 eval_policy_mode=greedy [solved=50/50, score_range=16.00-16.00/11.0, initial=16.00]
[step 03100] PROGRESS: filled=16.00 violations=0.00 zero_cand=0.00
[step 03100] DEBUG: ep_len=1.0 ep_ret=0.840 stop_prob=0.001 score_chg=0.0000
[step 03150] value_loss=0.000014 policy_loss=-0.227694
[step 03150] VALUE_DEBUG: target(mean=0.84 std=0.00 min=0.84 max=0.84) V(s)(mean=0.84 std=0.00) reward(mean=0.840 std=0.000) clip=50.0
[step 03200] opnorm clamp applied
[step 03200] value_loss=0.000010 policy_loss=-0.224004
[step 03200] VALUE_DEBUG: target(mean=0.84 std=0.00 min=0.84 max=0.84) V(s)(mean=0.84 std=0.00) reward(mean=0.840 std=0.000) clip=50.0
[step 03200] eval_success_rate=1.000 eval_mean_score=16.000 eval_policy_mode=greedy [solved=50/50, score_range=16.00-16.00/11.0, initial=16.00]
[step 03200] PROGRESS: filled=16.00 violations=0.00 zero_cand=0.00
[step 03200] DEBUG: ep_len=1.0 ep_ret=0.840 stop_prob=0.001 score_chg=0.0000
[step 03250] value_loss=0.000034 policy_loss=-0.223552
[step 03250] VALUE_DEBUG: target(mean=0.84 std=0.00 min=0.84 max=0.84) V(s)(mean=0.84 std=0.01) reward(mean=0.840 std=0.000) clip=50.0
[step 03300] opnorm clamp applied
[step 03300] value_loss=0.000004 policy_loss=-0.225270
[step 03300] VALUE_DEBUG: target(mean=0.84 std=0.00 min=0.84 max=0.84) V(s)(mean=0.84 std=0.00) reward(mean=0.840 std=0.000) clip=50.0
[step 03300] eval_success_rate=1.000 eval_mean_score=16.000 eval_policy_mode=greedy [solved=50/50, score_range=16.00-16.00/11.0, initial=16.00]
[step 03300] PROGRESS: filled=16.00 violations=0.00 zero_cand=0.00
[step 03300] DEBUG: ep_len=1.0 ep_ret=0.840 stop_prob=0.001 score_chg=0.0000
[step 03350] value_loss=0.000001 policy_loss=-0.215177
[step 03350] VALUE_DEBUG: target(mean=0.84 std=0.00 min=0.84 max=0.84) V(s)(mean=0.84 std=0.00) reward(mean=0.840 std=0.000) clip=50.0
[step 03400] opnorm clamp applied
[step 03400] value_loss=0.000009 policy_loss=-0.220770
[step 03400] VALUE_DEBUG: target(mean=0.84 std=0.00 min=0.84 max=0.84) V(s)(mean=0.84 std=0.00) reward(mean=0.840 std=0.000) clip=50.0
[step 03400] eval_success_rate=1.000 eval_mean_score=16.000 eval_policy_mode=greedy [solved=50/50, score_range=16.00-16.00/11.0, initial=16.00]
[step 03400] PROGRESS: filled=16.00 violations=0.00 zero_cand=0.00
[step 03400] DEBUG: ep_len=1.0 ep_ret=0.840 stop_prob=0.001 score_chg=0.0000
[step 03450] value_loss=0.000018 policy_loss=-0.240002
[step 03450] VALUE_DEBUG: target(mean=0.84 std=0.00 min=0.84 max=0.84) V(s)(mean=0.84 std=0.00) reward(mean=0.840 std=0.000) clip=50.0
[step 03500] opnorm clamp applied
[step 03500] value_loss=0.000001 policy_loss=-0.226644
[step 03500] VALUE_DEBUG: target(mean=0.84 std=0.00 min=0.84 max=0.84) V(s)(mean=0.84 std=0.00) reward(mean=0.840 std=0.000) clip=50.0
[step 03500] eval_success_rate=1.000 eval_mean_score=16.000 eval_policy_mode=greedy [solved=50/50, score_range=16.00-16.00/11.0, initial=16.00]
[step 03500] PROGRESS: filled=16.00 violations=0.00 zero_cand=0.00
[step 03500] DEBUG: ep_len=1.0 ep_ret=0.840 stop_prob=0.001 score_chg=0.0000
[step 03550] value_loss=0.000000 policy_loss=-0.229370
[step 03550] VALUE_DEBUG: target(mean=0.84 std=0.00 min=0.84 max=0.84) V(s)(mean=0.84 std=0.00) reward(mean=0.840 std=0.000) clip=50.0
[step 03600] opnorm clamp applied
[step 03600] value_loss=0.000013 policy_loss=-0.212421
[step 03600] VALUE_DEBUG: target(mean=0.84 std=0.00 min=0.84 max=0.84) V(s)(mean=0.84 std=0.00) reward(mean=0.840 std=0.000) clip=50.0
[step 03600] eval_success_rate=1.000 eval_mean_score=16.000 eval_policy_mode=greedy [solved=50/50, score_range=16.00-16.00/11.0, initial=16.00]
[step 03600] PROGRESS: filled=16.00 violations=0.00 zero_cand=0.00
[step 03600] DEBUG: ep_len=1.0 ep_ret=0.839 stop_prob=0.001 score_chg=0.0000
[step 03650] value_loss=0.000003 policy_loss=-0.232792
[step 03650] VALUE_DEBUG: target(mean=0.84 std=0.00 min=0.84 max=0.84) V(s)(mean=0.84 std=0.00) reward(mean=0.840 std=0.000) clip=50.0
[step 03700] opnorm clamp applied
[step 03700] value_loss=0.000034 policy_loss=-0.220130
[step 03700] VALUE_DEBUG: target(mean=0.84 std=0.00 min=0.84 max=0.84) V(s)(mean=0.84 std=0.00) reward(mean=0.840 std=0.000) clip=50.0
[step 03700] eval_success_rate=1.000 eval_mean_score=16.000 eval_policy_mode=greedy [solved=50/50, score_range=16.00-16.00/11.0, initial=16.00]
[step 03700] PROGRESS: filled=16.00 violations=0.00 zero_cand=0.00
[step 03700] DEBUG: ep_len=1.0 ep_ret=0.840 stop_prob=0.001 score_chg=0.0000
[step 03750] value_loss=0.000009 policy_loss=-0.236062
[step 03750] VALUE_DEBUG: target(mean=0.84 std=0.00 min=0.84 max=0.84) V(s)(mean=0.84 std=0.00) reward(mean=0.840 std=0.000) clip=50.0
[step 03800] opnorm clamp applied
[step 03800] value_loss=0.000032 policy_loss=-0.221529
[step 03800] VALUE_DEBUG: target(mean=0.84 std=0.00 min=0.84 max=0.84) V(s)(mean=0.83 std=0.00) reward(mean=0.840 std=0.000) clip=50.0
[step 03800] eval_success_rate=1.000 eval_mean_score=16.000 eval_policy_mode=greedy [solved=50/50, score_range=16.00-16.00/11.0, initial=16.00]
[step 03800] PROGRESS: filled=16.00 violations=0.00 zero_cand=0.00
[step 03800] DEBUG: ep_len=1.0 ep_ret=0.840 stop_prob=0.001 score_chg=0.0000
[step 03850] value_loss=0.000004 policy_loss=-0.210021
[step 03850] VALUE_DEBUG: target(mean=0.84 std=0.00 min=0.84 max=0.84) V(s)(mean=0.84 std=0.00) reward(mean=0.840 std=0.000) clip=50.0
[step 03900] opnorm clamp applied
[step 03900] value_loss=0.000007 policy_loss=-0.241826
[step 03900] VALUE_DEBUG: target(mean=0.84 std=0.00 min=0.84 max=0.84) V(s)(mean=0.84 std=0.00) reward(mean=0.840 std=0.000) clip=50.0
[step 03900] eval_success_rate=1.000 eval_mean_score=16.000 eval_policy_mode=greedy [solved=50/50, score_range=16.00-16.00/11.0, initial=16.00]
[step 03900] PROGRESS: filled=16.00 violations=0.00 zero_cand=0.00
[step 03900] DEBUG: ep_len=1.0 ep_ret=0.840 stop_prob=0.001 score_chg=0.0000
[step 03950] value_loss=0.000005 policy_loss=-0.233128
[step 03950] VALUE_DEBUG: target(mean=0.84 std=0.00 min=0.84 max=0.84) V(s)(mean=0.84 std=0.00) reward(mean=0.840 std=0.000) clip=50.0
[step 04000] opnorm clamp applied
[step 04000] value_loss=0.000004 policy_loss=-0.232922
[step 04000] VALUE_DEBUG: target(mean=0.84 std=0.00 min=0.84 max=0.84) V(s)(mean=0.84 std=0.00) reward(mean=0.840 std=0.000) clip=50.0
[step 04000] eval_success_rate=1.000 eval_mean_score=16.000 eval_policy_mode=greedy [solved=50/50, score_range=16.00-16.00/11.0, initial=16.00]
[step 04000] PROGRESS: filled=16.00 violations=0.00 zero_cand=0.00
[step 04000] DEBUG: ep_len=1.0 ep_ret=0.840 stop_prob=0.001 score_chg=0.0000
[Checkpoint] Saved to /home/buiksat/trm_bellman/checkpoints/exp2_contraction_sweep/lz_099/seed41/rl_checkpoint_step_4000.pt
[step 04050] value_loss=0.000002 policy_loss=-0.225864
[step 04050] VALUE_DEBUG: target(mean=0.84 std=0.00 min=0.84 max=0.84) V(s)(mean=0.84 std=0.00) reward(mean=0.840 std=0.000) clip=50.0
[step 04100] opnorm clamp applied
[step 04100] value_loss=0.000003 policy_loss=-0.240817
[step 04100] VALUE_DEBUG: target(mean=0.84 std=0.00 min=0.84 max=0.84) V(s)(mean=0.84 std=0.00) reward(mean=0.840 std=0.000) clip=50.0
[step 04100] eval_success_rate=1.000 eval_mean_score=16.000 eval_policy_mode=greedy [solved=50/50, score_range=16.00-16.00/11.0, initial=16.00]
[step 04100] PROGRESS: filled=16.00 violations=0.00 zero_cand=0.00
[step 04100] DEBUG: ep_len=1.0 ep_ret=0.840 stop_prob=0.001 score_chg=0.0000
[step 04150] value_loss=0.000004 policy_loss=-0.234451
[step 04150] VALUE_DEBUG: target(mean=0.84 std=0.00 min=0.84 max=0.84) V(s)(mean=0.84 std=0.00) reward(mean=0.840 std=0.000) clip=50.0
[step 04200] opnorm clamp applied
[step 04200] value_loss=0.000000 policy_loss=-0.246274
[step 04200] VALUE_DEBUG: target(mean=0.84 std=0.00 min=0.84 max=0.84) V(s)(mean=0.84 std=0.00) reward(mean=0.840 std=0.000) clip=50.0
[step 04200] eval_success_rate=1.000 eval_mean_score=16.000 eval_policy_mode=greedy [solved=50/50, score_range=16.00-16.00/11.0, initial=16.00]
[step 04200] PROGRESS: filled=16.00 violations=0.00 zero_cand=0.00
[step 04200] DEBUG: ep_len=1.0 ep_ret=0.840 stop_prob=0.001 score_chg=0.0000
[step 04250] value_loss=0.000005 policy_loss=-0.238531
[step 04250] VALUE_DEBUG: target(mean=0.84 std=0.00 min=0.84 max=0.84) V(s)(mean=0.84 std=0.00) reward(mean=0.840 std=0.000) clip=50.0
[step 04300] opnorm clamp applied
[step 04300] value_loss=0.000002 policy_loss=-0.223941
[step 04300] VALUE_DEBUG: target(mean=0.84 std=0.00 min=0.84 max=0.84) V(s)(mean=0.84 std=0.00) reward(mean=0.840 std=0.000) clip=50.0
[step 04300] eval_success_rate=1.000 eval_mean_score=16.000 eval_policy_mode=greedy [solved=50/50, score_range=16.00-16.00/11.0, initial=16.00]
[step 04300] PROGRESS: filled=16.00 violations=0.00 zero_cand=0.00
[step 04300] DEBUG: ep_len=1.0 ep_ret=0.840 stop_prob=0.001 score_chg=0.0000
[step 04350] value_loss=0.000002 policy_loss=-0.235978
[step 04350] VALUE_DEBUG: target(mean=0.84 std=0.00 min=0.84 max=0.84) V(s)(mean=0.84 std=0.00) reward(mean=0.840 std=0.000) clip=50.0
[step 04400] opnorm clamp applied
[step 04400] value_loss=0.000000 policy_loss=-0.222663
[step 04400] VALUE_DEBUG: target(mean=0.84 std=0.00 min=0.84 max=0.84) V(s)(mean=0.84 std=0.00) reward(mean=0.840 std=0.000) clip=50.0
[step 04400] eval_success_rate=1.000 eval_mean_score=16.000 eval_policy_mode=greedy [solved=50/50, score_range=16.00-16.00/11.0, initial=16.00]
[step 04400] PROGRESS: filled=16.00 violations=0.00 zero_cand=0.00
[step 04400] DEBUG: ep_len=1.0 ep_ret=0.840 stop_prob=0.001 score_chg=0.0000
[step 04450] value_loss=0.000000 policy_loss=-0.243342
[step 04450] VALUE_DEBUG: target(mean=0.84 std=0.00 min=0.84 max=0.84) V(s)(mean=0.84 std=0.00) reward(mean=0.840 std=0.000) clip=50.0
[step 04500] opnorm clamp applied
[step 04500] value_loss=0.000006 policy_loss=-0.215254
[step 04500] VALUE_DEBUG: target(mean=0.84 std=0.00 min=0.84 max=0.84) V(s)(mean=0.84 std=0.00) reward(mean=0.840 std=0.000) clip=50.0
[step 04500] eval_success_rate=1.000 eval_mean_score=16.000 eval_policy_mode=greedy [solved=50/50, score_range=16.00-16.00/11.0, initial=16.00]
[step 04500] PROGRESS: filled=16.00 violations=0.00 zero_cand=0.00
[step 04500] DEBUG: ep_len=1.0 ep_ret=0.840 stop_prob=0.001 score_chg=0.0000
[step 04550] value_loss=0.000000 policy_loss=-0.238115
[step 04550] VALUE_DEBUG: target(mean=0.84 std=0.00 min=0.84 max=0.84) V(s)(mean=0.84 std=0.00) reward(mean=0.840 std=0.000) clip=50.0
[step 04600] opnorm clamp applied
[step 04600] value_loss=0.000003 policy_loss=-0.225270
[step 04600] VALUE_DEBUG: target(mean=0.84 std=0.00 min=0.84 max=0.84) V(s)(mean=0.84 std=0.00) reward(mean=0.840 std=0.000) clip=50.0
[step 04600] eval_success_rate=1.000 eval_mean_score=16.000 eval_policy_mode=greedy [solved=50/50, score_range=16.00-16.00/11.0, initial=16.00]
[step 04600] PROGRESS: filled=16.00 violations=0.00 zero_cand=0.00
[step 04600] DEBUG: ep_len=1.0 ep_ret=0.840 stop_prob=0.001 score_chg=0.0000
[step 04650] value_loss=0.000027 policy_loss=-0.232821
[step 04650] VALUE_DEBUG: target(mean=0.84 std=0.00 min=0.84 max=0.84) V(s)(mean=0.84 std=0.00) reward(mean=0.840 std=0.000) clip=50.0
[step 04700] opnorm clamp applied
[step 04700] value_loss=0.000001 policy_loss=-0.214866
[step 04700] VALUE_DEBUG: target(mean=0.84 std=0.00 min=0.84 max=0.84) V(s)(mean=0.84 std=0.00) reward(mean=0.840 std=0.000) clip=50.0
[step 04700] eval_success_rate=1.000 eval_mean_score=16.000 eval_policy_mode=greedy [solved=50/50, score_range=16.00-16.00/11.0, initial=16.00]
[step 04700] PROGRESS: filled=16.00 violations=0.00 zero_cand=0.00
[step 04700] DEBUG: ep_len=1.0 ep_ret=0.840 stop_prob=0.001 score_chg=0.0000
[step 04750] value_loss=0.000001 policy_loss=-0.215234
[step 04750] VALUE_DEBUG: target(mean=0.84 std=0.00 min=0.84 max=0.84) V(s)(mean=0.84 std=0.00) reward(mean=0.840 std=0.000) clip=50.0
[step 04800] opnorm clamp applied
[step 04800] value_loss=0.000001 policy_loss=-0.222076
[step 04800] VALUE_DEBUG: target(mean=0.84 std=0.00 min=0.84 max=0.84) V(s)(mean=0.84 std=0.00) reward(mean=0.840 std=0.000) clip=50.0
[step 04800] eval_success_rate=1.000 eval_mean_score=16.000 eval_policy_mode=greedy [solved=50/50, score_range=16.00-16.00/11.0, initial=16.00]
[step 04800] PROGRESS: filled=16.00 violations=0.00 zero_cand=0.00
[step 04800] DEBUG: ep_len=1.0 ep_ret=0.840 stop_prob=0.000 score_chg=0.0000
[step 04850] value_loss=0.000000 policy_loss=-0.222157
[step 04850] VALUE_DEBUG: target(mean=0.84 std=0.00 min=0.84 max=0.84) V(s)(mean=0.84 std=0.00) reward(mean=0.840 std=0.000) clip=50.0
[step 04900] opnorm clamp applied
[step 04900] value_loss=0.000003 policy_loss=-0.229035
[step 04900] VALUE_DEBUG: target(mean=0.84 std=0.00 min=0.84 max=0.84) V(s)(mean=0.84 std=0.00) reward(mean=0.840 std=0.000) clip=50.0
[step 04900] eval_success_rate=1.000 eval_mean_score=16.000 eval_policy_mode=greedy [solved=50/50, score_range=16.00-16.00/11.0, initial=16.00]
[step 04900] PROGRESS: filled=16.00 violations=0.00 zero_cand=0.00
[step 04900] DEBUG: ep_len=1.0 ep_ret=0.840 stop_prob=0.000 score_chg=0.0000
[step 04950] value_loss=0.000003 policy_loss=-0.220845
[step 04950] VALUE_DEBUG: target(mean=0.84 std=0.00 min=0.84 max=0.84) V(s)(mean=0.84 std=0.00) reward(mean=0.840 std=0.000) clip=50.0
[step 05000] opnorm clamp applied
[step 05000] value_loss=0.000000 policy_loss=-0.250779
[step 05000] VALUE_DEBUG: target(mean=0.84 std=0.00 min=0.84 max=0.84) V(s)(mean=0.84 std=0.00) reward(mean=0.840 std=0.000) clip=50.0
[step 05000] eval_success_rate=1.000 eval_mean_score=16.000 eval_policy_mode=greedy [solved=50/50, score_range=16.00-16.00/11.0, initial=16.00]
[step 05000] PROGRESS: filled=16.00 violations=0.00 zero_cand=0.00
[step 05000] DEBUG: ep_len=1.0 ep_ret=0.840 stop_prob=0.001 score_chg=0.0000
[Checkpoint] Saved to /home/buiksat/trm_bellman/checkpoints/exp2_contraction_sweep/lz_099/seed41/rl_checkpoint_step_5000.pt
[Checkpoint] Saved to /home/buiksat/trm_bellman/checkpoints/exp2_contraction_sweep/lz_099/seed41/rl_checkpoint_step_5000.pt
WARNING:2026-01-17 09:02:09 765393:1534140 DynoConfigLoader.cpp:35] (x1) Failed to read config: No dyno config client
