[2026-04-08T20:43:53.298-07:00] Buck UI: https://www.internalfb.com/buck2/1089e466-26e0-41e0-b407-f15350788cca
[2026-04-08T20:43:53.502-07:00] Network: Up: 0B  Down: 0B
BUILD SUCCEEDED - starting your binary
[DATASET] dataset_paths=['buiksat_trm/data/sudoku-4x4-easy_6to8empties']
[DATASET] resolved_dataset_name=sudoku-4x4-easy_6to8empties
[DATASET] num_samples=32
[INFO] Using feasibility-aware Sudoku checker for 4x4
       score = filled - 2.0*violations - 5.0*zeroCand
       Max score: 16 (all filled, no violations)
[INFO] Training for 20000 steps (gamma=0.990, K=1, inner_unroll_n=2)
[INFO] Terminal rewards: solve=1.000, fail=-16.000
/data/repos/fbsource/buck-out/v2/art/fbcode/ca4a815cd8c16f5f/buiksat_trm/__upi_trm_train__/upi_trm_train#link-tree/upi_trm_train.py:842: UserWarning: rl_enable_contraction=True: Applying operator-norm clamping and contraction scaling to z->z path layers. This is REQUIRED for Assumption 3.2 (L_z < 1) but will modify network behavior. Pretrained weights from vanilla TRM may require fine-tuning.
  model = TinyRecursiveReasoningModel_ACTV1(trm_cfg_dict)
[INFO] Using TRM backbone (hidden=64, H=2, L=2)
[DEBUG] Policy head STOP bias: 0.00 (should be 0.0 for uniform init)
[INFO] Puzzle embeddings DISABLED (set --puzzle-emb-ndim > 0 to enable)
============================================================
TRAINER SELECTION
============================================================
INFO:2026-04-08 20:43:59 3769553:3769553 CuptiCallbackApi.cpp:69] Callback: domain = 3, cbid = 1
INFO:2026-04-08 20:43:59 3769553:3769553 CuptiActivityProfiler.cpp:93] CUDA versions. CUPTI: 22; Runtime: 12040; Driver: 12040
INFO:2026-04-08 20:43:59 3769553:3771460 FBConfig.cpp:330] Perfetto builder enabled: 1
INFO:2026-04-08 20:43:59 3769553:3771460 DynoConfigLoader.cpp:61] Setting communication fabric enabled = 0
/data/repos/fbsource/buck-out/v2/art/fbcode/ca4a815cd8c16f5f/buiksat_trm/__upi_trm_train__/upi_trm_train#link-tree/rl/upi_trm_trainer.py:96: UserWarning: rl_enable_contraction=True: Applying operator-norm clamping and contraction scaling to z->z path layers. This is REQUIRED for Assumption 3.2 (L_z < 1) but will modify network behavior. Pretrained weights from vanilla TRM may require fine-tuning.
  self.target_model = TinyRecursiveReasoningModel_ACTV1(self._config_to_dict(self.model.config)).to(device)
/data/repos/fbsource/buck-out/v2/art/fbcode/ca4a815cd8c16f5f/buiksat_trm/__upi_trm_train__/upi_trm_train#link-tree/rl/upi_trm_trainer.py:106: UserWarning: rl_enable_contraction=True: Applying operator-norm clamping and contraction scaling to z->z path layers. This is REQUIRED for Assumption 3.2 (L_z < 1) but will modify network behavior. Pretrained weights from vanilla TRM may require fine-tuning.
  self.policy_model_candidate = TinyRecursiveReasoningModel_ACTV1(
INFO:2026-04-08 20:44:00 3769553:3771460 DynoConfigLoader.cpp:61] Setting communication fabric enabled = 0
TritonTraceHandler: disabled because /logs does not exist
===========[FB_TRITON]=========== Triton Version: 3.5.0+fb
[TRAINER] UPI-TRM (K=1, inner_n=2)
[TRAINER] CLI --baseline: None, YAML algorithm: None
============================================================

============================================================
UPI-TRM THEORY ALIGNMENT CHECK
============================================================
⚠ Configuration has theory gaps:
  • latent_ball_radius=0 disables forward-invariant projection (Assumption 4.1). Contraction guarantees may not hold. Set latent_ball_radius > 0.
  • exact_baseline_summation=False: Using approximate baseline. This gives O(ε_A/(1-γ)) bound instead of O(α·ε_A) from Theorem 5.9. For discrete action spaces (Sudoku), enable for tighter bounds.
  • theory_exact_mixture=False: Using parameter-space interpolation for CPI, which is NOT equivalent to policy-space mixture. The CPI improvement guarantee does not strictly apply. Set theory_exact_mixture=True for theory-exact behavior (but slower due to evaluating two networks).

Theory status:
  Forward-invariant projection: ✗
  Contraction enforced (L_z < 1): ✓
  Exact baseline (Thm 5.9): ✗
  Distillation (not in theory): ✓ disabled

Is theory-exact: False
============================================================

UPI-TRM theoretical dials:
  L_z target (rl_cfg.target_Lz): 0.9
  L_V target (rl_cfg.target_Lv): 1.0
  Inner unroll n (rl_cfg.inner_unroll_n): 2
  K-step horizon K (rl_cfg.K): 1
  Mixture alpha (rl_cfg.mixture_alpha): 0.1
  Latent ball radius (rl_cfg.latent_ball_radius): 0.0
  Episodic latent: True
  Exact K-step targets: False
  Exact baseline summation: False

[INFO] STOP action mode: disabled
[WandB] Disabled by default (enable with: --wandb)
[DEBUG] train_step 0: starting episode collection
[DEBUG] Action mask: 24 valid actions out of 97 total
[DEBUG] Latent mode: episodic
[DEBUG] Episode 0, Step 0: calling _mixed_policy_dist
[DEBUG] Step 0 probs: STOP=0.000000, edits=1.000000
[DEBUG] Top 5 action probs: torch.return_types.topk(
values=tensor([0.0602, 0.0591, 0.0557, 0.0547, 0.0519], device='cuda:0'),
indices=tensor([58,  5, 86, 87, 59], device='cuda:0'))
[DEBUG] Episode 0, Step 0 complete: action=56, reward=0.8900, done=False
[DEBUG] Episode 0, Step 1: calling _mixed_policy_dist
[DEBUG] Episode 0, Step 1 complete: action=86, reward=-5.0600, done=False
[DEBUG] Episode 0, Step 2: calling _mixed_policy_dist
[DEBUG] Episode 0, Step 2 complete: action=74, reward=-7.9800, done=False
[DEBUG] Episode 0, Step 3: calling _mixed_policy_dist
[DEBUG] Episode 0, Step 3 complete: action=58, reward=-3.9400, done=False
[DEBUG] Episode 0, Step 4: calling _mixed_policy_dist
[DEBUG] Episode 0, Step 4 complete: action=11, reward=-4.8900, done=False
[DEBUG] Episode 0 finished: 16 steps, done=True, reason=budget
[DEBUG] Episode 1, Step 0: calling _mixed_policy_dist
[DEBUG] Episode 1, Step 0 complete: action=39, reward=-8.0200, done=False
[DEBUG] Episode 1, Step 1: calling _mixed_policy_dist
[DEBUG] Episode 1, Step 1 complete: action=20, reward=-1.0100, done=False
[DEBUG] Episode 1, Step 2: calling _mixed_policy_dist
[DEBUG] Episode 1, Step 2 complete: action=47, reward=1.9700, done=False
[DEBUG] Episode 1, Step 3: calling _mixed_policy_dist
[DEBUG] Episode 1, Step 3 complete: action=27, reward=-4.9800, done=False
[DEBUG] Episode 1, Step 4: calling _mixed_policy_dist
[DEBUG] Episode 1, Step 4 complete: action=22, reward=-4.9300, done=False
[DEBUG] Episode 1 finished: 16 steps, done=True, reason=budget
[DEBUG] Episode 2, Step 0: calling _mixed_policy_dist
[DEBUG] Episode 2, Step 0 complete: action=32, reward=-9.0000, done=False
[DEBUG] Episode 2, Step 1: calling _mixed_policy_dist
[DEBUG] Episode 2, Step 1 complete: action=71, reward=0.9900, done=False
[DEBUG] Episode 2, Step 2: calling _mixed_policy_dist
[DEBUG] Episode 2, Step 2 complete: action=29, reward=-2.9800, done=False
[DEBUG] Episode 2, Step 3: calling _mixed_policy_dist
[DEBUG] Episode 2, Step 3 complete: action=33, reward=-6.9100, done=False
[DEBUG] Episode 2, Step 4: calling _mixed_policy_dist
[DEBUG] Episode 2, Step 4 complete: action=40, reward=2.0700, done=False
[DEBUG] Episode 2 finished: 16 steps, done=True, reason=budget
[DEBUG] Episode 3, Step 0: calling _mixed_policy_dist
[DEBUG] Episode 3, Step 0 complete: action=35, reward=-6.0300, done=False
[DEBUG] Episode 3, Step 1: calling _mixed_policy_dist
[DEBUG] Episode 3, Step 1 complete: action=34, reward=0.9600, done=False
[DEBUG] Episode 3, Step 2: calling _mixed_policy_dist
[DEBUG] Episode 3, Step 2 complete: action=71, reward=0.9500, done=False
[DEBUG] Episode 3, Step 3: calling _mixed_policy_dist
[DEBUG] Episode 3, Step 3 complete: action=70, reward=-5.9900, done=False
[DEBUG] Episode 3, Step 4: calling _mixed_policy_dist
[DEBUG] Episode 3, Step 4 complete: action=95, reward=1.0000, done=False
[DEBUG] Episode 3 finished: 16 steps, done=True, reason=budget
[DEBUG] train_step 0: episodes collected, starting value_update
[DEBUG] train_step 0: value_update done, starting policy_update
[DEBUG] train_step 0: policy_update done
[DEBUG] train_step 1: starting episode collection
[DEBUG] Episode 4, Step 0: calling _mixed_policy_dist
[DEBUG] Episode 4, Step 0 complete: action=17, reward=-6.0300, done=False
[DEBUG] Episode 4, Step 1: calling _mixed_policy_dist
[DEBUG] Episode 4, Step 1 complete: action=92, reward=-4.9800, done=False
[DEBUG] Episode 4, Step 2: calling _mixed_policy_dist
[DEBUG] Episode 4, Step 2 complete: action=53, reward=-7.9000, done=False
[DEBUG] Episode 4, Step 3: calling _mixed_policy_dist
[DEBUG] Episode 4, Step 3 complete: action=68, reward=2.0800, done=False
[DEBUG] Episode 4, Step 4: calling _mixed_policy_dist
[DEBUG] Episode 4, Step 4 complete: action=69, reward=2.0600, done=False
[DEBUG] Episode 4 finished: 16 steps, done=True, reason=budget
[DEBUG] train_step 1: episodes collected, starting value_update
[DEBUG] train_step 1: value_update done, starting policy_update
[DEBUG] train_step 1: policy_update done
[DEBUG] train_step 2: starting episode collection
[DEBUG] train_step 2: episodes collected, starting value_update
[DEBUG] train_step 2: value_update done, starting policy_update
[DEBUG] train_step 2: policy_update done
[DEBUG] train_step 3: starting episode collection
[DEBUG] train_step 3: episodes collected, starting value_update
[DEBUG] train_step 3: value_update done, starting policy_update
[DEBUG] train_step 3: policy_update done
[DEBUG] train_step 4: starting episode collection
[DEBUG] train_step 4: episodes collected, starting value_update
[DEBUG] train_step 4: value_update done, starting policy_update
[DEBUG] train_step 4: policy_update done
[step 00050] value_loss=34.323975 policy_loss=0.273674
[step 00050] VALUE_DEBUG: target(mean=-4.45 std=5.53 min=-18.03 max=5.14) V(s)(mean=-2.41 std=0.21) reward(mean=-4.093 std=5.617) clip=50.0
[DEBUG] train_step 50: starting episode collection
[DEBUG] train_step 50: episodes collected, starting value_update
[DEBUG] train_step 50: value_update done, starting policy_update
[DEBUG] train_step 50: policy_update done
[step 00100] opnorm clamp applied
[step 00100] value_loss=19.483606 policy_loss=0.499360
[step 00100] VALUE_DEBUG: target(mean=-3.31 std=4.42 min=-15.93 max=4.14) V(s)(mean=-3.17 std=0.26) reward(mean=-2.052 std=4.663) clip=50.0
[step 00100] eval_success_rate=0.000 eval_mean_score=3.920 eval_policy_mode=greedy [solved=0/50, score_range=-6.00-12.00/16.0, initial=9.00]
[step 00100] PROGRESS: filled=10.32 violations=2.00 zero_cand=0.48
[step 00100] DEBUG: ep_len=16.0 ep_ret=-30.775 stop_prob=0.000 score_chg=-15.3725
[DEBUG] train_step 100: starting episode collection
[DEBUG] train_step 100: episodes collected, starting value_update
[DEBUG] train_step 100: value_update done, starting policy_update
[DEBUG] train_step 100: policy_update done
[step 00150] value_loss=20.062723 policy_loss=0.289592
[step 00150] VALUE_DEBUG: target(mean=-3.40 std=4.52 min=-17.97 max=4.65) V(s)(mean=-3.46 std=0.66) reward(mean=-1.417 std=4.859) clip=50.0
[DEBUG] train_step 150: starting episode collection
[DEBUG] train_step 150: episodes collected, starting value_update
[DEBUG] train_step 150: value_update done, starting policy_update
[DEBUG] train_step 150: policy_update done
[step 00200] opnorm clamp applied
[step 00200] value_loss=24.920950 policy_loss=-0.133516
[step 00200] VALUE_DEBUG: target(mean=-4.84 std=4.90 min=-21.96 max=1.59) V(s)(mean=-4.37 std=0.69) reward(mean=-2.145 std=5.438) clip=50.0
[step 00200] eval_success_rate=0.000 eval_mean_score=7.700 eval_policy_mode=greedy [solved=0/50, score_range=1.00-11.00/16.0, initial=9.00]
[step 00200] PROGRESS: filled=10.08 violations=0.54 zero_cand=0.26
[step 00200] DEBUG: ep_len=16.0 ep_ret=-30.114 stop_prob=0.000 score_chg=-14.6200
[DEBUG] train_step 200: starting episode collection
[DEBUG] train_step 200: episodes collected, starting value_update
[DEBUG] train_step 200: value_update done, starting policy_update
[DEBUG] train_step 200: policy_update done
[step 00250] value_loss=20.501881 policy_loss=-0.629798
[step 00250] VALUE_DEBUG: target(mean=-5.50 std=4.68 min=-15.97 max=2.28) V(s)(mean=-5.19 std=0.93) reward(mean=-2.015 std=5.044) clip=50.0
[DEBUG] train_step 250: starting episode collection
[DEBUG] train_step 250: episodes collected, starting value_update
[DEBUG] train_step 250: value_update done, starting policy_update
[DEBUG] train_step 250: policy_update done
[step 00300] opnorm clamp applied
[step 00300] value_loss=14.167288 policy_loss=-0.336092
[step 00300] VALUE_DEBUG: target(mean=-6.51 std=3.78 min=-13.97 max=5.86) V(s)(mean=-6.40 std=0.82) reward(mean=-2.165 std=4.075) clip=50.0
[step 00300] eval_success_rate=0.000 eval_mean_score=8.380 eval_policy_mode=greedy [solved=0/50, score_range=2.00-11.00/16.0, initial=9.00]
[step 00300] PROGRESS: filled=10.14 violations=0.38 zero_cand=0.20
[step 00300] DEBUG: ep_len=16.0 ep_ret=-28.842 stop_prob=0.000 score_chg=-13.0700
[DEBUG] train_step 300: starting episode collection
[DEBUG] train_step 300: episodes collected, starting value_update
[DEBUG] train_step 300: value_update done, starting policy_update
[DEBUG] train_step 300: policy_update done
[step 00350] value_loss=14.565241 policy_loss=-0.087492
[step 00350] VALUE_DEBUG: target(mean=-7.84 std=3.68 min=-13.64 max=0.47) V(s)(mean=-7.20 std=0.99) reward(mean=-2.506 std=3.664) clip=50.0
[DEBUG] train_step 350: starting episode collection
[DEBUG] train_step 350: episodes collected, starting value_update
[DEBUG] train_step 350: value_update done, starting policy_update
[DEBUG] train_step 350: policy_update done
[step 00400] opnorm clamp applied
[step 00400] value_loss=17.580738 policy_loss=0.201813
[step 00400] VALUE_DEBUG: target(mean=-7.12 std=4.21 min=-16.36 max=0.76) V(s)(mean=-7.60 std=1.17) reward(mean=-1.516 std=4.924) clip=50.0
[step 00400] eval_success_rate=0.000 eval_mean_score=8.900 eval_policy_mode=greedy [solved=0/50, score_range=3.00-11.00/16.0, initial=9.00]
[step 00400] PROGRESS: filled=10.00 violations=0.30 zero_cand=0.10
[step 00400] DEBUG: ep_len=16.0 ep_ret=-27.016 stop_prob=0.000 score_chg=-10.8925
[DEBUG] train_step 400: starting episode collection
[DEBUG] train_step 400: episodes collected, starting value_update
[DEBUG] train_step 400: value_update done, starting policy_update
[DEBUG] train_step 400: policy_update done
[step 00450] value_loss=13.876846 policy_loss=-1.115445
[step 00450] VALUE_DEBUG: target(mean=-7.77 std=3.73 min=-16.27 max=2.56) V(s)(mean=-8.05 std=1.16) reward(mean=-0.931 std=3.648) clip=50.0
[DEBUG] train_step 450: starting episode collection
[DEBUG] train_step 450: episodes collected, starting value_update
[DEBUG] train_step 450: value_update done, starting policy_update
[DEBUG] train_step 450: policy_update done
[step 00500] opnorm clamp applied
[step 00500] value_loss=16.039463 policy_loss=0.226893
[step 00500] VALUE_DEBUG: target(mean=-9.13 std=3.75 min=-23.00 max=-2.87) V(s)(mean=-8.03 std=0.90) reward(mean=-2.352 std=5.207) clip=50.0
[step 00500] eval_success_rate=0.000 eval_mean_score=9.880 eval_policy_mode=greedy [solved=0/50, score_range=7.00-11.00/16.0, initial=9.00]
[step 00500] PROGRESS: filled=10.00 violations=0.06 zero_cand=0.00
[step 00500] DEBUG: ep_len=16.0 ep_ret=-24.453 stop_prob=0.000 score_chg=-7.9600
[DEBUG] train_step 500: starting episode collection
[DEBUG] train_step 500: episodes collected, starting value_update
[DEBUG] train_step 500: value_update done, starting policy_update
[DEBUG] train_step 500: policy_update done
[step 00550] value_loss=19.577316 policy_loss=0.372450
[step 00550] VALUE_DEBUG: target(mean=-9.26 std=4.48 min=-21.89 max=-1.05) V(s)(mean=-7.97 std=1.33) reward(mean=-2.182 std=6.003) clip=50.0
[DEBUG] train_step 550: starting episode collection
[DEBUG] train_step 550: episodes collected, starting value_update
[DEBUG] train_step 550: value_update done, starting policy_update
[DEBUG] train_step 550: policy_update done
[step 00600] opnorm clamp applied
[step 00600] value_loss=18.162376 policy_loss=-0.999977
[step 00600] VALUE_DEBUG: target(mean=-10.78 std=4.18 min=-20.96 max=-2.96) V(s)(mean=-9.74 std=0.99) reward(mean=-3.023 std=5.364) clip=50.0
[step 00600] eval_success_rate=0.000 eval_mean_score=9.580 eval_policy_mode=greedy [solved=0/50, score_range=-1.00-12.00/16.0, initial=9.00]
[step 00600] PROGRESS: filled=10.06 violations=0.04 zero_cand=0.08
[step 00600] DEBUG: ep_len=16.0 ep_ret=-21.787 stop_prob=0.000 score_chg=-4.8425
[DEBUG] train_step 600: starting episode collection
[DEBUG] train_step 600: episodes collected, starting value_update
[DEBUG] train_step 600: value_update done, starting policy_update
[DEBUG] train_step 600: policy_update done
[step 00650] value_loss=22.813339 policy_loss=-0.334899
[step 00650] VALUE_DEBUG: target(mean=-10.53 std=4.35 min=-21.88 max=-0.31) V(s)(mean=-11.18 std=1.00) reward(mean=-2.275 std=6.687) clip=50.0
[DEBUG] train_step 650: starting episode collection
[DEBUG] train_step 650: episodes collected, starting value_update
[DEBUG] train_step 650: value_update done, starting policy_update
[DEBUG] train_step 650: policy_update done
[step 00700] opnorm clamp applied
[step 00700] value_loss=15.032417 policy_loss=-0.361205
[step 00700] VALUE_DEBUG: target(mean=-10.71 std=3.77 min=-20.99 max=-2.52) V(s)(mean=-9.88 std=0.82) reward(mean=-1.695 std=5.093) clip=50.0
[step 00700] eval_success_rate=0.000 eval_mean_score=9.940 eval_policy_mode=greedy [solved=0/50, score_range=7.00-11.00/16.0, initial=9.00]
[step 00700] PROGRESS: filled=10.02 violations=0.04 zero_cand=0.00
[step 00700] DEBUG: ep_len=16.0 ep_ret=-20.709 stop_prob=0.000 score_chg=-3.7025
[DEBUG] train_step 700: starting episode collection
[DEBUG] train_step 700: episodes collected, starting value_update
[DEBUG] train_step 700: value_update done, starting policy_update
[DEBUG] train_step 700: policy_update done
[step 00750] value_loss=10.151449 policy_loss=-0.844130
[step 00750] VALUE_DEBUG: target(mean=-11.45 std=3.33 min=-17.99 max=-5.01) V(s)(mean=-11.54 std=1.27) reward(mean=-1.818 std=4.844) clip=50.0
[DEBUG] train_step 750: starting episode collection
[DEBUG] train_step 750: episodes collected, starting value_update
[DEBUG] train_step 750: value_update done, starting policy_update
[DEBUG] train_step 750: policy_update done
[step 00800] opnorm clamp applied
[step 00800] value_loss=10.947844 policy_loss=0.264120
[step 00800] VALUE_DEBUG: target(mean=-12.19 std=3.45 min=-19.91 max=-3.40) V(s)(mean=-11.37 std=0.97) reward(mean=-2.352 std=4.209) clip=50.0
[step 00800] eval_success_rate=0.000 eval_mean_score=9.900 eval_policy_mode=greedy [solved=0/50, score_range=5.00-11.00/16.0, initial=9.00]
[step 00800] PROGRESS: filled=10.00 violations=0.00 zero_cand=0.02
[step 00800] DEBUG: ep_len=16.0 ep_ret=-19.979 stop_prob=0.000 score_chg=-2.8825
[DEBUG] train_step 800: starting episode collection
[DEBUG] train_step 800: episodes collected, starting value_update
[DEBUG] train_step 800: value_update done, starting policy_update
[DEBUG] train_step 800: policy_update done
[step 00850] value_loss=15.716896 policy_loss=1.152388
[step 00850] VALUE_DEBUG: target(mean=-13.11 std=3.82 min=-20.82 max=-3.60) V(s)(mean=-11.70 std=1.02) reward(mean=-3.484 std=5.942) clip=50.0
[DEBUG] train_step 850: starting episode collection
[DEBUG] train_step 850: episodes collected, starting value_update
[DEBUG] train_step 850: value_update done, starting policy_update
[DEBUG] train_step 850: policy_update done
[step 00900] opnorm clamp applied
[step 00900] value_loss=12.167654 policy_loss=0.395159
[step 00900] VALUE_DEBUG: target(mean=-12.05 std=3.23 min=-17.93 max=-1.11) V(s)(mean=-11.18 std=0.89) reward(mean=-1.468 std=5.024) clip=50.0
[step 00900] eval_success_rate=0.000 eval_mean_score=10.060 eval_policy_mode=greedy [solved=0/50, score_range=9.00-12.00/16.0, initial=9.00]
[step 00900] PROGRESS: filled=10.06 violations=0.00 zero_cand=0.00
[step 00900] DEBUG: ep_len=16.0 ep_ret=-19.561 stop_prob=0.000 score_chg=-2.4775
[DEBUG] train_step 900: starting episode collection
[DEBUG] train_step 900: episodes collected, starting value_update
[DEBUG] train_step 900: value_update done, starting policy_update
[DEBUG] train_step 900: policy_update done
[step 00950] value_loss=7.889463 policy_loss=0.842005
[step 00950] VALUE_DEBUG: target(mean=-12.50 std=3.15 min=-18.97 max=-5.32) V(s)(mean=-12.22 std=1.07) reward(mean=-1.591 std=4.517) clip=50.0
[DEBUG] train_step 950: starting episode collection
[DEBUG] train_step 950: episodes collected, starting value_update
[DEBUG] train_step 950: value_update done, starting policy_update
[DEBUG] train_step 950: policy_update done
[step 01000] opnorm clamp applied
[step 01000] value_loss=6.044303 policy_loss=-0.695214
[step 01000] VALUE_DEBUG: target(mean=-12.54 std=2.90 min=-18.42 max=-6.99) V(s)(mean=-12.19 std=1.28) reward(mean=-1.396 std=3.562) clip=50.0
[step 01000] eval_success_rate=0.000 eval_mean_score=10.040 eval_policy_mode=greedy [solved=0/50, score_range=9.00-11.00/16.0, initial=9.00]
[step 01000] PROGRESS: filled=10.04 violations=0.00 zero_cand=0.00
[step 01000] DEBUG: ep_len=16.0 ep_ret=-18.965 stop_prob=0.000 score_chg=-1.8200
[Checkpoint] Saved to buiksat_trm/checkpoints/table3_hard_6to8_controlled_nomask_c_r0_s3/rl_checkpoint_step_1000.pt
[DEBUG] train_step 1000: starting episode collection
[DEBUG] train_step 1000: episodes collected, starting value_update
[DEBUG] train_step 1000: value_update done, starting policy_update
[DEBUG] train_step 1000: policy_update done
[step 01050] value_loss=5.795327 policy_loss=0.374989
[step 01050] VALUE_DEBUG: target(mean=-12.63 std=2.65 min=-22.40 max=-9.66) V(s)(mean=-12.07 std=0.95) reward(mean=-0.637 std=2.351) clip=50.0
[DEBUG] train_step 1050: starting episode collection
[DEBUG] train_step 1050: episodes collected, starting value_update
[DEBUG] train_step 1050: value_update done, starting policy_update
[DEBUG] train_step 1050: policy_update done
[step 01100] opnorm clamp applied
[step 01100] value_loss=7.292565 policy_loss=-0.271251
[step 01100] VALUE_DEBUG: target(mean=-12.62 std=3.03 min=-19.59 max=-3.66) V(s)(mean=-12.83 std=1.10) reward(mean=-0.152 std=2.794) clip=50.0
[step 01100] eval_success_rate=0.000 eval_mean_score=10.060 eval_policy_mode=greedy [solved=0/50, score_range=9.00-12.00/16.0, initial=9.00]
[step 01100] PROGRESS: filled=10.06 violations=0.00 zero_cand=0.00
[step 01100] DEBUG: ep_len=16.0 ep_ret=-18.993 stop_prob=0.000 score_chg=-1.7750
[DEBUG] train_step 1100: starting episode collection
[DEBUG] train_step 1100: episodes collected, starting value_update
[DEBUG] train_step 1100: value_update done, starting policy_update
[DEBUG] train_step 1100: policy_update done
[step 01150] value_loss=3.106944 policy_loss=0.691584
[step 01150] VALUE_DEBUG: target(mean=-13.17 std=2.10 min=-19.88 max=-6.89) V(s)(mean=-12.83 std=1.14) reward(mean=-1.223 std=4.182) clip=50.0
[DEBUG] train_step 1150: starting episode collection
[DEBUG] train_step 1150: episodes collected, starting value_update
[DEBUG] train_step 1150: value_update done, starting policy_update
[DEBUG] train_step 1150: policy_update done
[step 01200] opnorm clamp applied
[step 01200] value_loss=7.285952 policy_loss=0.651262
[step 01200] VALUE_DEBUG: target(mean=-13.70 std=2.42 min=-21.05 max=-9.60) V(s)(mean=-13.94 std=0.95) reward(mean=-1.019 std=3.624) clip=50.0
[step 01200] eval_success_rate=0.000 eval_mean_score=9.980 eval_policy_mode=greedy [solved=0/50, score_range=7.00-12.00/16.0, initial=9.00]
[step 01200] PROGRESS: filled=10.06 violations=0.04 zero_cand=0.00
[step 01200] DEBUG: ep_len=16.0 ep_ret=-18.354 stop_prob=0.000 score_chg=-1.0975
[DEBUG] train_step 1200: starting episode collection
[DEBUG] train_step 1200: episodes collected, starting value_update
[DEBUG] train_step 1200: value_update done, starting policy_update
[DEBUG] train_step 1200: policy_update done
[step 01250] value_loss=7.985961 policy_loss=0.999956
[step 01250] VALUE_DEBUG: target(mean=-12.84 std=3.07 min=-21.63 max=-6.82) V(s)(mean=-13.57 std=1.13) reward(mean=-0.120 std=2.675) clip=50.0
[DEBUG] train_step 1250: starting episode collection
[DEBUG] train_step 1250: episodes collected, starting value_update
[DEBUG] train_step 1250: value_update done, starting policy_update
[DEBUG] train_step 1250: policy_update done
[step 01300] opnorm clamp applied
[step 01300] value_loss=14.300020 policy_loss=0.853877
[step 01300] VALUE_DEBUG: target(mean=-12.60 std=3.58 min=-22.35 max=-1.13) V(s)(mean=-14.12 std=1.40) reward(mean=-0.247 std=5.453) clip=50.0
[step 01300] eval_success_rate=0.000 eval_mean_score=9.920 eval_policy_mode=greedy [solved=0/50, score_range=7.00-11.00/16.0, initial=9.00]
[step 01300] PROGRESS: filled=10.00 violations=0.04 zero_cand=0.00
[step 01300] DEBUG: ep_len=16.0 ep_ret=-18.399 stop_prob=0.000 score_chg=-1.1625
[DEBUG] train_step 1300: starting episode collection
[DEBUG] train_step 1300: episodes collected, starting value_update
[DEBUG] train_step 1300: value_update done, starting policy_update
[DEBUG] train_step 1300: policy_update done
[step 01350] value_loss=4.822415 policy_loss=0.586695
[step 01350] VALUE_DEBUG: target(mean=-13.00 std=2.10 min=-16.41 max=-5.38) V(s)(mean=-14.11 std=0.80) reward(mean=-0.082 std=3.379) clip=50.0
[DEBUG] train_step 1350: starting episode collection
[DEBUG] train_step 1350: episodes collected, starting value_update
[DEBUG] train_step 1350: value_update done, starting policy_update
[DEBUG] train_step 1350: policy_update done
[step 01400] opnorm clamp applied
[step 01400] value_loss=10.273652 policy_loss=0.339837
[step 01400] VALUE_DEBUG: target(mean=-15.03 std=3.28 min=-21.91 max=-4.61) V(s)(mean=-14.72 std=0.98) reward(mean=-1.447 std=4.696) clip=50.0
[step 01400] eval_success_rate=0.000 eval_mean_score=10.060 eval_policy_mode=greedy [solved=0/50, score_range=9.00-12.00/16.0, initial=9.00]
[step 01400] PROGRESS: filled=10.06 violations=0.00 zero_cand=0.00
[step 01400] DEBUG: ep_len=15.9 ep_ret=-18.426 stop_prob=0.000 score_chg=-1.3125
[DEBUG] train_step 1400: starting episode collection
[DEBUG] train_step 1400: episodes collected, starting value_update
[DEBUG] train_step 1400: value_update done, starting policy_update
[DEBUG] train_step 1400: policy_update done
[step 01450] value_loss=3.567276 policy_loss=-0.352666
[step 01450] VALUE_DEBUG: target(mean=-14.32 std=2.16 min=-19.54 max=-10.86) V(s)(mean=-14.21 std=1.04) reward(mean=-1.503 std=4.227) clip=50.0
[DEBUG] train_step 1450: starting episode collection
[DEBUG] train_step 1450: episodes collected, starting value_update
[DEBUG] train_step 1450: value_update done, starting policy_update
[DEBUG] train_step 1450: policy_update done
[step 01500] opnorm clamp applied
[step 01500] value_loss=9.620657 policy_loss=0.496681
[step 01500] VALUE_DEBUG: target(mean=-13.84 std=3.18 min=-23.17 max=-5.65) V(s)(mean=-13.96 std=0.87) reward(mean=0.409 std=2.866) clip=50.0
[step 01500] eval_success_rate=0.000 eval_mean_score=10.040 eval_policy_mode=greedy [solved=0/50, score_range=9.00-11.00/16.0, initial=9.00]
[step 01500] PROGRESS: filled=10.04 violations=0.00 zero_cand=0.00
[step 01500] DEBUG: ep_len=15.9 ep_ret=-17.783 stop_prob=0.000 score_chg=-0.6875
[DEBUG] train_step 1500: starting episode collection
[DEBUG] train_step 1500: episodes collected, starting value_update
[DEBUG] train_step 1500: value_update done, starting policy_update
[DEBUG] train_step 1500: policy_update done
[step 01550] value_loss=5.908834 policy_loss=0.124671
[step 01550] VALUE_DEBUG: target(mean=-15.05 std=2.48 min=-19.79 max=-8.01) V(s)(mean=-14.35 std=0.95) reward(mean=-1.705 std=4.313) clip=50.0
[DEBUG] train_step 1550: starting episode collection
[DEBUG] train_step 1550: episodes collected, starting value_update
[DEBUG] train_step 1550: value_update done, starting policy_update
[DEBUG] train_step 1550: policy_update done
[step 01600] opnorm clamp applied
[step 01600] value_loss=18.153587 policy_loss=0.589663
[step 01600] VALUE_DEBUG: target(mean=-15.56 std=4.16 min=-22.76 max=-5.61) V(s)(mean=-15.81 std=0.72) reward(mean=-1.577 std=5.361) clip=50.0
[step 01600] eval_success_rate=0.000 eval_mean_score=10.080 eval_policy_mode=greedy [solved=0/50, score_range=9.00-12.00/16.0, initial=9.00]
[step 01600] PROGRESS: filled=10.08 violations=0.00 zero_cand=0.00
[step 01600] DEBUG: ep_len=15.9 ep_ret=-17.003 stop_prob=0.000 score_chg=0.0250
[DEBUG] train_step 1600: starting episode collection
[DEBUG] train_step 1600: episodes collected, starting value_update
[DEBUG] train_step 1600: value_update done, starting policy_update
[DEBUG] train_step 1600: policy_update done
[step 01650] value_loss=7.671599 policy_loss=0.476923
[step 01650] VALUE_DEBUG: target(mean=-14.87 std=2.81 min=-25.85 max=-8.86) V(s)(mean=-14.77 std=1.09) reward(mean=-1.239 std=4.720) clip=50.0
[DEBUG] train_step 1650: starting episode collection
[DEBUG] train_step 1650: episodes collected, starting value_update
[DEBUG] train_step 1650: value_update done, starting policy_update
[DEBUG] train_step 1650: policy_update done
[step 01700] opnorm clamp applied
[step 01700] value_loss=8.881354 policy_loss=0.733603
[step 01700] VALUE_DEBUG: target(mean=-14.77 std=2.98 min=-22.68 max=-5.72) V(s)(mean=-13.69 std=1.05) reward(mean=-2.087 std=5.085) clip=50.0
[step 01700] eval_success_rate=0.000 eval_mean_score=10.060 eval_policy_mode=greedy [solved=0/50, score_range=9.00-11.00/16.0, initial=9.00]
[step 01700] PROGRESS: filled=10.06 violations=0.00 zero_cand=0.00
[step 01700] DEBUG: ep_len=15.9 ep_ret=-17.163 stop_prob=0.000 score_chg=0.0075
[DEBUG] train_step 1700: starting episode collection
[DEBUG] train_step 1700: episodes collected, starting value_update
[DEBUG] train_step 1700: value_update done, starting policy_update
[DEBUG] train_step 1700: policy_update done
[step 01750] value_loss=6.070920 policy_loss=-0.046617
[step 01750] VALUE_DEBUG: target(mean=-15.86 std=2.28 min=-22.16 max=-12.24) V(s)(mean=-14.92 std=0.67) reward(mean=-1.167 std=2.346) clip=50.0
[DEBUG] train_step 1750: starting episode collection
[DEBUG] train_step 1750: episodes collected, starting value_update
[DEBUG] train_step 1750: value_update done, starting policy_update
[DEBUG] train_step 1750: policy_update done
[step 01800] opnorm clamp applied
[step 01800] value_loss=4.988102 policy_loss=0.010831
[step 01800] VALUE_DEBUG: target(mean=-14.47 std=2.26 min=-21.14 max=-8.25) V(s)(mean=-15.25 std=0.78) reward(mean=0.363 std=1.998) clip=50.0
[step 01800] eval_success_rate=0.000 eval_mean_score=10.200 eval_policy_mode=greedy [solved=0/50, score_range=9.00-12.00/16.0, initial=9.00]
[step 01800] PROGRESS: filled=10.20 violations=0.00 zero_cand=0.00
[step 01800] DEBUG: ep_len=15.9 ep_ret=-17.425 stop_prob=0.000 score_chg=-0.4025
[DEBUG] train_step 1800: starting episode collection
[DEBUG] train_step 1800: episodes collected, starting value_update
[DEBUG] train_step 1800: value_update done, starting policy_update
[DEBUG] train_step 1800: policy_update done
[step 01850] value_loss=5.946139 policy_loss=0.427700
[step 01850] VALUE_DEBUG: target(mean=-15.33 std=2.76 min=-20.70 max=-7.82) V(s)(mean=-14.91 std=0.66) reward(mean=-1.818 std=4.339) clip=50.0
[DEBUG] train_step 1850: starting episode collection
[DEBUG] train_step 1850: episodes collected, starting value_update
[DEBUG] train_step 1850: value_update done, starting policy_update
[DEBUG] train_step 1850: policy_update done
[step 01900] opnorm clamp applied
[step 01900] value_loss=5.983181 policy_loss=0.266598
[step 01900] VALUE_DEBUG: target(mean=-14.40 std=2.31 min=-18.68 max=-5.68) V(s)(mean=-15.03 std=0.89) reward(mean=-1.039 std=5.344) clip=50.0
[step 01900] eval_success_rate=0.000 eval_mean_score=10.180 eval_policy_mode=greedy [solved=0/50, score_range=9.00-12.00/16.0, initial=9.00]
[step 01900] PROGRESS: filled=10.18 violations=0.00 zero_cand=0.00
[step 01900] DEBUG: ep_len=16.0 ep_ret=-17.971 stop_prob=0.000 score_chg=-0.6125
[DEBUG] train_step 1900: starting episode collection
[DEBUG] train_step 1900: episodes collected, starting value_update
[DEBUG] train_step 1900: value_update done, starting policy_update
[DEBUG] train_step 1900: policy_update done
[step 01950] value_loss=2.667955 policy_loss=0.181137
[step 01950] VALUE_DEBUG: target(mean=-14.66 std=1.83 min=-20.15 max=-7.11) V(s)(mean=-14.94 std=0.83) reward(mean=-0.286 std=3.250) clip=50.0
[DEBUG] train_step 1950: starting episode collection
[DEBUG] train_step 1950: episodes collected, starting value_update
[DEBUG] train_step 1950: value_update done, starting policy_update
[DEBUG] train_step 1950: policy_update done
[step 02000] opnorm clamp applied
[step 02000] value_loss=6.291423 policy_loss=1.026585
[step 02000] VALUE_DEBUG: target(mean=-15.84 std=2.56 min=-23.03 max=-13.03) V(s)(mean=-15.27 std=0.81) reward(mean=-1.919 std=4.387) clip=50.0
[step 02000] eval_success_rate=0.000 eval_mean_score=10.300 eval_policy_mode=greedy [solved=0/50, score_range=9.00-12.00/16.0, initial=9.00]
[step 02000] PROGRESS: filled=10.30 violations=0.00 zero_cand=0.00
[step 02000] DEBUG: ep_len=16.0 ep_ret=-17.290 stop_prob=0.000 score_chg=0.0850
[Checkpoint] Saved to buiksat_trm/checkpoints/table3_hard_6to8_controlled_nomask_c_r0_s3/rl_checkpoint_step_2000.pt
[DEBUG] train_step 2000: starting episode collection
[DEBUG] train_step 2000: episodes collected, starting value_update
[DEBUG] train_step 2000: value_update done, starting policy_update
[DEBUG] train_step 2000: policy_update done
[step 02050] value_loss=7.248332 policy_loss=0.260248
[step 02050] VALUE_DEBUG: target(mean=-15.11 std=2.89 min=-25.07 max=-7.87) V(s)(mean=-14.76 std=1.05) reward(mean=-2.672 std=6.752) clip=50.0
[DEBUG] train_step 2050: starting episode collection
[DEBUG] train_step 2050: episodes collected, starting value_update
[DEBUG] train_step 2050: value_update done, starting policy_update
[DEBUG] train_step 2050: policy_update done
[step 02100] opnorm clamp applied
[step 02100] value_loss=4.778234 policy_loss=0.407843
[step 02100] VALUE_DEBUG: target(mean=-15.54 std=2.38 min=-26.15 max=-12.34) V(s)(mean=-14.89 std=1.03) reward(mean=-2.035 std=5.016) clip=50.0
[step 02100] eval_success_rate=0.000 eval_mean_score=10.320 eval_policy_mode=greedy [solved=0/50, score_range=9.00-12.00/16.0, initial=9.00]
[step 02100] PROGRESS: filled=10.32 violations=0.00 zero_cand=0.00
[step 02100] DEBUG: ep_len=15.9 ep_ret=-17.202 stop_prob=0.000 score_chg=-0.0225
[DEBUG] train_step 2100: starting episode collection
[DEBUG] train_step 2100: episodes collected, starting value_update
[DEBUG] train_step 2100: value_update done, starting policy_update
[DEBUG] train_step 2100: policy_update done
[step 02150] value_loss=4.534546 policy_loss=0.662458
[step 02150] VALUE_DEBUG: target(mean=-15.02 std=1.99 min=-20.85 max=-7.54) V(s)(mean=-15.48 std=0.85) reward(mean=0.099 std=2.073) clip=50.0
[DEBUG] train_step 2150: starting episode collection
[DEBUG] train_step 2150: episodes collected, starting value_update
[DEBUG] train_step 2150: value_update done, starting policy_update
[DEBUG] train_step 2150: policy_update done
[step 02200] opnorm clamp applied
[step 02200] value_loss=1.422149 policy_loss=-0.191880
[step 02200] VALUE_DEBUG: target(mean=-14.72 std=1.27 min=-17.14 max=-10.15) V(s)(mean=-14.90 std=0.81) reward(mean=-2.808 std=6.022) clip=50.0
[step 02200] eval_success_rate=0.000 eval_mean_score=10.160 eval_policy_mode=greedy [solved=0/50, score_range=9.00-12.00/16.0, initial=9.00]
[step 02200] PROGRESS: filled=10.16 violations=0.00 zero_cand=0.00
[step 02200] DEBUG: ep_len=15.9 ep_ret=-17.420 stop_prob=0.000 score_chg=-0.1175
[DEBUG] train_step 2200: starting episode collection
[DEBUG] train_step 2200: episodes collected, starting value_update
[DEBUG] train_step 2200: value_update done, starting policy_update
[DEBUG] train_step 2200: policy_update done
[step 02250] value_loss=1.710383 policy_loss=0.377765
[step 02250] VALUE_DEBUG: target(mean=-15.19 std=1.64 min=-20.00 max=-12.22) V(s)(mean=-15.24 std=1.00) reward(mean=-1.660 std=4.842) clip=50.0
[DEBUG] train_step 2250: starting episode collection
[DEBUG] train_step 2250: episodes collected, starting value_update
[DEBUG] train_step 2250: value_update done, starting policy_update
[DEBUG] train_step 2250: policy_update done
[step 02300] opnorm clamp applied
[step 02300] value_loss=4.016613 policy_loss=0.565582
[step 02300] VALUE_DEBUG: target(mean=-15.22 std=2.31 min=-21.84 max=-9.48) V(s)(mean=-14.76 std=0.83) reward(mean=-0.811 std=4.020) clip=50.0
[step 02300] eval_success_rate=0.000 eval_mean_score=10.360 eval_policy_mode=greedy [solved=0/50, score_range=9.00-12.00/16.0, initial=9.00]
[step 02300] PROGRESS: filled=10.36 violations=0.00 zero_cand=0.00
[step 02300] DEBUG: ep_len=15.9 ep_ret=-16.603 stop_prob=0.000 score_chg=0.5875
[DEBUG] train_step 2300: starting episode collection
[DEBUG] train_step 2300: episodes collected, starting value_update
[DEBUG] train_step 2300: value_update done, starting policy_update
[DEBUG] train_step 2300: policy_update done
[step 02350] value_loss=8.993925 policy_loss=0.054434
[step 02350] VALUE_DEBUG: target(mean=-16.32 std=3.20 min=-24.03 max=-11.22) V(s)(mean=-15.55 std=0.84) reward(mean=-3.233 std=6.545) clip=50.0
[DEBUG] train_step 2350: starting episode collection
[DEBUG] train_step 2350: episodes collected, starting value_update
[DEBUG] train_step 2350: value_update done, starting policy_update
[DEBUG] train_step 2350: policy_update done
[step 02400] opnorm clamp applied
[step 02400] value_loss=4.337080 policy_loss=0.301249
[step 02400] VALUE_DEBUG: target(mean=-14.80 std=1.95 min=-16.69 max=-6.68) V(s)(mean=-15.73 std=0.93) reward(mean=-0.025 std=3.426) clip=50.0
[step 02400] eval_success_rate=0.000 eval_mean_score=10.480 eval_policy_mode=greedy [solved=0/50, score_range=9.00-13.00/16.0, initial=9.00]
[step 02400] PROGRESS: filled=10.48 violations=0.00 zero_cand=0.00
[step 02400] DEBUG: ep_len=15.9 ep_ret=-16.430 stop_prob=0.000 score_chg=0.5325
[DEBUG] train_step 2400: starting episode collection
[DEBUG] train_step 2400: episodes collected, starting value_update
[DEBUG] train_step 2400: value_update done, starting policy_update
[DEBUG] train_step 2400: policy_update done
[step 02450] value_loss=5.419021 policy_loss=1.275419
[step 02450] VALUE_DEBUG: target(mean=-14.81 std=2.55 min=-20.41 max=-8.20) V(s)(mean=-15.09 std=0.88) reward(mean=-0.659 std=4.855) clip=50.0
[DEBUG] train_step 2450: starting episode collection
[DEBUG] train_step 2450: episodes collected, starting value_update
[DEBUG] train_step 2450: value_update done, starting policy_update
[DEBUG] train_step 2450: policy_update done
[step 02500] opnorm clamp applied
[step 02500] value_loss=3.493202 policy_loss=0.856269
[step 02500] VALUE_DEBUG: target(mean=-15.34 std=1.91 min=-23.55 max=-12.99) V(s)(mean=-15.23 std=1.22) reward(mean=-1.343 std=4.169) clip=50.0
[step 02500] eval_success_rate=0.000 eval_mean_score=10.540 eval_policy_mode=greedy [solved=0/50, score_range=9.00-12.00/16.0, initial=9.00]
[step 02500] PROGRESS: filled=10.54 violations=0.00 zero_cand=0.00
[step 02500] DEBUG: ep_len=15.9 ep_ret=-16.353 stop_prob=0.000 score_chg=0.8500
[DEBUG] train_step 2500: starting episode collection
[DEBUG] train_step 2500: episodes collected, starting value_update
[DEBUG] train_step 2500: value_update done, starting policy_update
[DEBUG] train_step 2500: policy_update done
[step 02550] value_loss=3.470637 policy_loss=0.174195
[step 02550] VALUE_DEBUG: target(mean=-14.93 std=2.29 min=-21.26 max=-5.00) V(s)(mean=-15.17 std=0.83) reward(mean=-0.336 std=3.422) clip=50.0
[DEBUG] train_step 2550: starting episode collection
[DEBUG] train_step 2550: episodes collected, starting value_update
[DEBUG] train_step 2550: value_update done, starting policy_update
[DEBUG] train_step 2550: policy_update done
[step 02600] opnorm clamp applied
[step 02600] value_loss=7.142820 policy_loss=0.371281
[step 02600] VALUE_DEBUG: target(mean=-14.96 std=2.49 min=-22.07 max=-5.11) V(s)(mean=-15.74 std=0.68) reward(mean=-1.350 std=5.842) clip=50.0
[step 02600] eval_success_rate=0.000 eval_mean_score=10.560 eval_policy_mode=greedy [solved=0/50, score_range=9.00-12.00/16.0, initial=9.00]
[step 02600] PROGRESS: filled=10.56 violations=0.00 zero_cand=0.00
[step 02600] DEBUG: ep_len=15.9 ep_ret=-16.629 stop_prob=0.000 score_chg=0.4075
[DEBUG] train_step 2600: starting episode collection
[DEBUG] train_step 2600: episodes collected, starting value_update
[DEBUG] train_step 2600: value_update done, starting policy_update
[DEBUG] train_step 2600: policy_update done
[step 02650] value_loss=6.744138 policy_loss=0.407029
[step 02650] VALUE_DEBUG: target(mean=-14.27 std=2.67 min=-21.83 max=-7.09) V(s)(mean=-15.43 std=0.86) reward(mean=-1.241 std=5.363) clip=50.0
[DEBUG] train_step 2650: starting episode collection
[DEBUG] train_step 2650: episodes collected, starting value_update
[DEBUG] train_step 2650: value_update done, starting policy_update
[DEBUG] train_step 2650: policy_update done
[step 02700] opnorm clamp applied
[step 02700] value_loss=4.537257 policy_loss=1.364852
[step 02700] VALUE_DEBUG: target(mean=-15.49 std=2.28 min=-24.42 max=-12.29) V(s)(mean=-15.36 std=0.67) reward(mean=-0.318 std=2.122) clip=50.0
[step 02700] eval_success_rate=0.000 eval_mean_score=10.420 eval_policy_mode=greedy [solved=0/50, score_range=9.00-13.00/16.0, initial=9.00]
[step 02700] PROGRESS: filled=10.42 violations=0.00 zero_cand=0.00
[step 02700] DEBUG: ep_len=15.8 ep_ret=-16.024 stop_prob=0.000 score_chg=0.6575
[DEBUG] train_step 2700: starting episode collection
[DEBUG] train_step 2700: episodes collected, starting value_update
[DEBUG] train_step 2700: value_update done, starting policy_update
[DEBUG] train_step 2700: policy_update done
[step 02750] value_loss=4.160432 policy_loss=0.675545
[step 02750] VALUE_DEBUG: target(mean=-15.09 std=1.95 min=-23.16 max=-9.29) V(s)(mean=-15.46 std=1.00) reward(mean=-1.414 std=5.061) clip=50.0
[DEBUG] train_step 2750: starting episode collection
[DEBUG] train_step 2750: episodes collected, starting value_update
[DEBUG] train_step 2750: value_update done, starting policy_update
[DEBUG] train_step 2750: policy_update done
[step 02800] opnorm clamp applied
[step 02800] value_loss=9.618305 policy_loss=0.627834
[step 02800] VALUE_DEBUG: target(mean=-15.18 std=3.39 min=-24.04 max=-5.61) V(s)(mean=-15.29 std=0.97) reward(mean=-0.624 std=4.249) clip=50.0
[step 02800] eval_success_rate=0.000 eval_mean_score=10.600 eval_policy_mode=greedy [solved=0/50, score_range=9.00-14.00/16.0, initial=9.00]
[step 02800] PROGRESS: filled=10.60 violations=0.00 zero_cand=0.00
[step 02800] DEBUG: ep_len=15.8 ep_ret=-16.532 stop_prob=0.000 score_chg=0.6050
[DEBUG] train_step 2800: starting episode collection
[DEBUG] train_step 2800: episodes collected, starting value_update
[DEBUG] train_step 2800: value_update done, starting policy_update
[DEBUG] train_step 2800: policy_update done
[step 02850] value_loss=5.410646 policy_loss=0.101175
[step 02850] VALUE_DEBUG: target(mean=-15.77 std=2.72 min=-25.46 max=-9.71) V(s)(mean=-15.35 std=1.10) reward(mean=-2.867 std=6.088) clip=50.0
[DEBUG] train_step 2850: starting episode collection
[DEBUG] train_step 2850: episodes collected, starting value_update
[DEBUG] train_step 2850: value_update done, starting policy_update
[DEBUG] train_step 2850: policy_update done
[step 02900] opnorm clamp applied
[step 02900] value_loss=2.103280 policy_loss=1.352713
[step 02900] VALUE_DEBUG: target(mean=-14.37 std=1.72 min=-16.25 max=-8.71) V(s)(mean=-14.47 std=0.94) reward(mean=-1.037 std=5.056) clip=50.0
[step 02900] eval_success_rate=0.000 eval_mean_score=10.700 eval_policy_mode=greedy [solved=0/50, score_range=9.00-14.00/16.0, initial=9.00]
[step 02900] PROGRESS: filled=10.70 violations=0.00 zero_cand=0.00
[step 02900] DEBUG: ep_len=15.9 ep_ret=-15.989 stop_prob=0.000 score_chg=0.8950
[DEBUG] train_step 2900: starting episode collection
[DEBUG] train_step 2900: episodes collected, starting value_update
[DEBUG] train_step 2900: value_update done, starting policy_update
[DEBUG] train_step 2900: policy_update done
[step 02950] value_loss=3.865051 policy_loss=-0.627504
[step 02950] VALUE_DEBUG: target(mean=-14.65 std=2.66 min=-20.93 max=-6.61) V(s)(mean=-14.53 std=1.19) reward(mean=-0.255 std=3.331) clip=50.0
[DEBUG] train_step 2950: starting episode collection
[DEBUG] train_step 2950: episodes collected, starting value_update
[DEBUG] train_step 2950: value_update done, starting policy_update
[DEBUG] train_step 2950: policy_update done
[step 03000] opnorm clamp applied
[step 03000] value_loss=9.724068 policy_loss=0.874137
[step 03000] VALUE_DEBUG: target(mean=-16.07 std=3.05 min=-25.06 max=-9.51) V(s)(mean=-15.23 std=1.03) reward(mean=-2.805 std=5.851) clip=50.0
[step 03000] eval_success_rate=0.000 eval_mean_score=10.700 eval_policy_mode=greedy [solved=0/50, score_range=9.00-14.00/16.0, initial=9.00]
[step 03000] PROGRESS: filled=10.70 violations=0.00 zero_cand=0.00
[step 03000] DEBUG: ep_len=15.9 ep_ret=-16.090 stop_prob=0.000 score_chg=0.7425
[Checkpoint] Saved to buiksat_trm/checkpoints/table3_hard_6to8_controlled_nomask_c_r0_s3/rl_checkpoint_step_3000.pt
[DEBUG] train_step 3000: starting episode collection
[DEBUG] train_step 3000: episodes collected, starting value_update
[DEBUG] train_step 3000: value_update done, starting policy_update
[DEBUG] train_step 3000: policy_update done
[step 03050] value_loss=3.744599 policy_loss=0.683720
[step 03050] VALUE_DEBUG: target(mean=-14.66 std=2.26 min=-21.26 max=-8.59) V(s)(mean=-15.17 std=0.90) reward(mean=0.180 std=1.986) clip=50.0
[DEBUG] train_step 3050: starting episode collection
[DEBUG] train_step 3050: episodes collected, starting value_update
[DEBUG] train_step 3050: value_update done, starting policy_update
[DEBUG] train_step 3050: policy_update done
[step 03100] opnorm clamp applied
[step 03100] value_loss=3.389064 policy_loss=0.470920
[step 03100] VALUE_DEBUG: target(mean=-15.04 std=2.34 min=-21.12 max=-8.00) V(s)(mean=-14.98 std=1.34) reward(mean=-1.450 std=5.032) clip=50.0
[step 03100] eval_success_rate=0.000 eval_mean_score=10.760 eval_policy_mode=greedy [solved=0/50, score_range=9.00-14.00/16.0, initial=9.00]
[step 03100] PROGRESS: filled=10.76 violations=0.00 zero_cand=0.00
[step 03100] DEBUG: ep_len=15.8 ep_ret=-15.626 stop_prob=0.000 score_chg=1.0125
[DEBUG] train_step 3100: starting episode collection
[DEBUG] train_step 3100: episodes collected, starting value_update
[DEBUG] train_step 3100: value_update done, starting policy_update
[DEBUG] train_step 3100: policy_update done
[step 03150] value_loss=4.591123 policy_loss=0.239698
[step 03150] VALUE_DEBUG: target(mean=-14.84 std=2.30 min=-20.39 max=-7.77) V(s)(mean=-15.07 std=1.11) reward(mean=-0.779 std=3.487) clip=50.0
[DEBUG] train_step 3150: starting episode collection
[DEBUG] train_step 3150: episodes collected, starting value_update
[DEBUG] train_step 3150: value_update done, starting policy_update
[DEBUG] train_step 3150: policy_update done
[step 03200] opnorm clamp applied
[step 03200] value_loss=8.700567 policy_loss=-0.140387
[step 03200] VALUE_DEBUG: target(mean=-14.88 std=3.21 min=-25.46 max=-6.39) V(s)(mean=-15.17 std=1.35) reward(mean=-1.023 std=5.018) clip=50.0
[step 03200] eval_success_rate=0.000 eval_mean_score=10.760 eval_policy_mode=greedy [solved=0/50, score_range=9.00-13.00/16.0, initial=9.00]
[step 03200] PROGRESS: filled=10.76 violations=0.00 zero_cand=0.00
[step 03200] DEBUG: ep_len=15.8 ep_ret=-15.695 stop_prob=0.000 score_chg=1.1525
[DEBUG] train_step 3200: starting episode collection
[DEBUG] train_step 3200: episodes collected, starting value_update
[DEBUG] train_step 3200: value_update done, starting policy_update
[DEBUG] train_step 3200: policy_update done
[step 03250] value_loss=3.583751 policy_loss=0.231141
[step 03250] VALUE_DEBUG: target(mean=-14.56 std=2.04 min=-20.66 max=-8.24) V(s)(mean=-14.49 std=1.09) reward(mean=-0.127 std=3.407) clip=50.0
[DEBUG] train_step 3250: starting episode collection
[DEBUG] train_step 3250: episodes collected, starting value_update
[DEBUG] train_step 3250: value_update done, starting policy_update
[DEBUG] train_step 3250: policy_update done
[step 03300] opnorm clamp applied
[step 03300] value_loss=8.429770 policy_loss=0.557381
[step 03300] VALUE_DEBUG: target(mean=-14.89 std=3.25 min=-22.76 max=-4.71) V(s)(mean=-14.23 std=1.68) reward(mean=-1.341 std=4.867) clip=50.0
[step 03300] eval_success_rate=0.000 eval_mean_score=10.780 eval_policy_mode=greedy [solved=0/50, score_range=9.00-14.00/16.0, initial=9.00]
[step 03300] PROGRESS: filled=10.78 violations=0.00 zero_cand=0.00
[step 03300] DEBUG: ep_len=15.7 ep_ret=-15.530 stop_prob=0.000 score_chg=1.1275
[DEBUG] train_step 3300: starting episode collection
[DEBUG] train_step 3300: episodes collected, starting value_update
[DEBUG] train_step 3300: value_update done, starting policy_update
[DEBUG] train_step 3300: policy_update done
[step 03350] value_loss=9.012711 policy_loss=0.636702
[step 03350] VALUE_DEBUG: target(mean=-14.68 std=3.05 min=-23.95 max=-5.19) V(s)(mean=-14.48 std=1.30) reward(mean=-0.947 std=4.901) clip=50.0
[DEBUG] train_step 3350: starting episode collection
[DEBUG] train_step 3350: episodes collected, starting value_update
[DEBUG] train_step 3350: value_update done, starting policy_update
[DEBUG] train_step 3350: policy_update done
[step 03400] opnorm clamp applied
[step 03400] value_loss=6.468874 policy_loss=-0.113790
[step 03400] VALUE_DEBUG: target(mean=-15.09 std=2.71 min=-22.17 max=-7.71) V(s)(mean=-15.73 std=1.20) reward(mean=-0.971 std=4.496) clip=50.0
[step 03400] eval_success_rate=0.000 eval_mean_score=10.820 eval_policy_mode=greedy [solved=0/50, score_range=9.00-14.00/16.0, initial=9.00]
[step 03400] PROGRESS: filled=10.82 violations=0.00 zero_cand=0.00
[step 03400] DEBUG: ep_len=15.7 ep_ret=-15.207 stop_prob=0.000 score_chg=1.3825
[DEBUG] train_step 3400: starting episode collection
[DEBUG] train_step 3400: episodes collected, starting value_update
[DEBUG] train_step 3400: value_update done, starting policy_update
[DEBUG] train_step 3400: policy_update done
[step 03450] value_loss=5.313885 policy_loss=0.470415
[step 03450] VALUE_DEBUG: target(mean=-15.17 std=2.51 min=-25.23 max=-9.25) V(s)(mean=-16.04 std=1.43) reward(mean=-1.934 std=5.741) clip=50.0
[DEBUG] train_step 3450: starting episode collection
[DEBUG] train_step 3450: episodes collected, starting value_update
[DEBUG] train_step 3450: value_update done, starting policy_update
[DEBUG] train_step 3450: policy_update done
[step 03500] opnorm clamp applied
[step 03500] value_loss=2.560264 policy_loss=0.560697
[step 03500] VALUE_DEBUG: target(mean=-15.43 std=2.16 min=-21.86 max=-11.79) V(s)(mean=-15.38 std=1.40) reward(mean=-1.160 std=4.203) clip=50.0
[step 03500] eval_success_rate=0.000 eval_mean_score=11.340 eval_policy_mode=greedy [solved=0/50, score_range=9.00-13.00/16.0, initial=9.00]
[step 03500] PROGRESS: filled=11.34 violations=0.00 zero_cand=0.00
[step 03500] DEBUG: ep_len=15.8 ep_ret=-15.214 stop_prob=0.000 score_chg=1.6025
[DEBUG] train_step 3500: starting episode collection
[DEBUG] train_step 3500: episodes collected, starting value_update
[DEBUG] train_step 3500: value_update done, starting policy_update
[DEBUG] train_step 3500: policy_update done
[step 03550] value_loss=1.711575 policy_loss=-0.141342
[step 03550] VALUE_DEBUG: target(mean=-14.99 std=1.98 min=-20.79 max=-8.49) V(s)(mean=-15.35 std=1.22) reward(mean=-0.764 std=4.185) clip=50.0
[DEBUG] train_step 3550: starting episode collection
[DEBUG] train_step 3550: episodes collected, starting value_update
[DEBUG] train_step 3550: value_update done, starting policy_update
[DEBUG] train_step 3550: policy_update done
[step 03600] opnorm clamp applied
[step 03600] value_loss=1.498956 policy_loss=0.229929
[step 03600] VALUE_DEBUG: target(mean=-15.28 std=1.52 min=-19.55 max=-12.10) V(s)(mean=-15.49 std=1.37) reward(mean=-1.069 std=4.050) clip=50.0
[step 03600] eval_success_rate=0.000 eval_mean_score=11.220 eval_policy_mode=greedy [solved=0/50, score_range=9.00-14.00/16.0, initial=9.00]
[step 03600] PROGRESS: filled=11.22 violations=0.00 zero_cand=0.00
[step 03600] DEBUG: ep_len=15.8 ep_ret=-15.224 stop_prob=0.000 score_chg=1.4350
[DEBUG] train_step 3600: starting episode collection
[DEBUG] train_step 3600: episodes collected, starting value_update
[DEBUG] train_step 3600: value_update done, starting policy_update
[DEBUG] train_step 3600: policy_update done
[step 03650] value_loss=3.005947 policy_loss=0.615208
[step 03650] VALUE_DEBUG: target(mean=-15.27 std=2.21 min=-21.12 max=-9.57) V(s)(mean=-15.32 std=1.33) reward(mean=-0.595 std=3.351) clip=50.0
[DEBUG] train_step 3650: starting episode collection
[DEBUG] train_step 3650: episodes collected, starting value_update
[DEBUG] train_step 3650: value_update done, starting policy_update
[DEBUG] train_step 3650: policy_update done
[step 03700] opnorm clamp applied
[step 03700] value_loss=7.720140 policy_loss=0.348122
[step 03700] VALUE_DEBUG: target(mean=-15.20 std=2.87 min=-25.35 max=-8.94) V(s)(mean=-14.60 std=1.09) reward(mean=-1.556 std=4.648) clip=50.0
[step 03700] eval_success_rate=0.000 eval_mean_score=11.100 eval_policy_mode=greedy [solved=0/50, score_range=9.00-14.00/16.0, initial=9.00]
[step 03700] PROGRESS: filled=11.10 violations=0.00 zero_cand=0.00
[step 03700] DEBUG: ep_len=15.6 ep_ret=-14.279 stop_prob=0.000 score_chg=1.7350
[DEBUG] train_step 3700: starting episode collection
[DEBUG] train_step 3700: episodes collected, starting value_update
[DEBUG] train_step 3700: value_update done, starting policy_update
[DEBUG] train_step 3700: policy_update done
[step 03750] value_loss=2.331961 policy_loss=0.063023
[step 03750] VALUE_DEBUG: target(mean=-14.83 std=2.02 min=-19.09 max=-8.98) V(s)(mean=-15.40 std=1.42) reward(mean=-0.759 std=4.251) clip=50.0
[DEBUG] train_step 3750: starting episode collection
[DEBUG] train_step 3750: episodes collected, starting value_update
[DEBUG] train_step 3750: value_update done, starting policy_update
[DEBUG] train_step 3750: policy_update done
[step 03800] opnorm clamp applied
[step 03800] value_loss=1.066427 policy_loss=0.315983
[step 03800] VALUE_DEBUG: target(mean=-15.08 std=1.41 min=-17.67 max=-12.35) V(s)(mean=-15.42 std=1.33) reward(mean=-1.444 std=4.820) clip=50.0
[step 03800] eval_success_rate=0.000 eval_mean_score=10.960 eval_policy_mode=greedy [solved=0/50, score_range=9.00-13.00/16.0, initial=9.00]
[step 03800] PROGRESS: filled=10.96 violations=0.00 zero_cand=0.00
[step 03800] DEBUG: ep_len=15.7 ep_ret=-14.701 stop_prob=0.000 score_chg=1.5725
[DEBUG] train_step 3800: starting episode collection
[DEBUG] train_step 3800: episodes collected, starting value_update
[DEBUG] train_step 3800: value_update done, starting policy_update
[DEBUG] train_step 3800: policy_update done
[step 03850] value_loss=8.106570 policy_loss=-0.478156
[step 03850] VALUE_DEBUG: target(mean=-14.65 std=3.31 min=-24.96 max=-5.37) V(s)(mean=-15.05 std=1.26) reward(mean=-0.751 std=4.894) clip=50.0
[DEBUG] train_step 3850: starting episode collection
[DEBUG] train_step 3850: episodes collected, starting value_update
[DEBUG] train_step 3850: value_update done, starting policy_update
[DEBUG] train_step 3850: policy_update done
[step 03900] opnorm clamp applied
[step 03900] value_loss=2.167330 policy_loss=0.463753
[step 03900] VALUE_DEBUG: target(mean=-14.98 std=1.81 min=-18.58 max=-11.68) V(s)(mean=-14.92 std=1.24) reward(mean=-0.729 std=3.005) clip=50.0
[step 03900] eval_success_rate=0.000 eval_mean_score=11.080 eval_policy_mode=greedy [solved=0/50, score_range=9.00-14.00/16.0, initial=9.00]
[step 03900] PROGRESS: filled=11.08 violations=0.00 zero_cand=0.00
[step 03900] DEBUG: ep_len=15.7 ep_ret=-14.309 stop_prob=0.000 score_chg=1.8600
[DEBUG] train_step 3900: starting episode collection
[DEBUG] train_step 3900: episodes collected, starting value_update
[DEBUG] train_step 3900: value_update done, starting policy_update
[DEBUG] train_step 3900: policy_update done
[step 03950] value_loss=12.755386 policy_loss=0.417497
[step 03950] VALUE_DEBUG: target(mean=-14.74 std=4.02 min=-24.48 max=1.84) V(s)(mean=-14.82 std=1.06) reward(mean=-0.948 std=3.715) clip=50.0
[DEBUG] train_step 3950: starting episode collection
[DEBUG] train_step 3950: episodes collected, starting value_update
[DEBUG] train_step 3950: value_update done, starting policy_update
[DEBUG] train_step 3950: policy_update done
[step 04000] opnorm clamp applied
[step 04000] value_loss=4.065421 policy_loss=0.119775
[step 04000] VALUE_DEBUG: target(mean=-14.81 std=1.99 min=-20.95 max=-10.27) V(s)(mean=-14.02 std=1.52) reward(mean=-0.890 std=4.286) clip=50.0
[step 04000] eval_success_rate=0.000 eval_mean_score=11.820 eval_policy_mode=greedy [solved=0/50, score_range=10.00-15.00/16.0, initial=9.00]
[step 04000] PROGRESS: filled=11.82 violations=0.00 zero_cand=0.00
[step 04000] DEBUG: ep_len=15.7 ep_ret=-14.728 stop_prob=0.000 score_chg=1.6625
[Checkpoint] Saved to buiksat_trm/checkpoints/table3_hard_6to8_controlled_nomask_c_r0_s3/rl_checkpoint_step_4000.pt
[DEBUG] train_step 4000: starting episode collection
[DEBUG] train_step 4000: episodes collected, starting value_update
[DEBUG] train_step 4000: value_update done, starting policy_update
[DEBUG] train_step 4000: policy_update done
[step 04050] value_loss=4.393058 policy_loss=-0.116630
[step 04050] VALUE_DEBUG: target(mean=-14.76 std=2.38 min=-20.98 max=-5.61) V(s)(mean=-15.07 std=1.26) reward(mean=-0.196 std=3.539) clip=50.0
[DEBUG] train_step 4050: starting episode collection
[DEBUG] train_step 4050: episodes collected, starting value_update
[DEBUG] train_step 4050: value_update done, starting policy_update
[DEBUG] train_step 4050: policy_update done
[step 04100] opnorm clamp applied
[step 04100] value_loss=1.867101 policy_loss=0.535725
[step 04100] VALUE_DEBUG: target(mean=-14.67 std=1.67 min=-17.69 max=-11.44) V(s)(mean=-15.21 std=1.47) reward(mean=-1.037 std=4.055) clip=50.0
[step 04100] eval_success_rate=0.000 eval_mean_score=11.780 eval_policy_mode=greedy [solved=0/50, score_range=9.00-15.00/16.0, initial=9.00]
[step 04100] PROGRESS: filled=11.78 violations=0.00 zero_cand=0.00
[step 04100] DEBUG: ep_len=15.6 ep_ret=-14.137 stop_prob=0.000 score_chg=2.1250
[DEBUG] train_step 4100: starting episode collection
[DEBUG] train_step 4100: episodes collected, starting value_update
[DEBUG] train_step 4100: value_update done, starting policy_update
[DEBUG] train_step 4100: policy_update done
[step 04150] value_loss=6.250251 policy_loss=-0.362450
[step 04150] VALUE_DEBUG: target(mean=-15.14 std=3.07 min=-24.19 max=-8.46) V(s)(mean=-14.76 std=1.46) reward(mean=-0.911 std=3.672) clip=50.0
[DEBUG] train_step 4150: starting episode collection
[DEBUG] train_step 4150: episodes collected, starting value_update
[DEBUG] train_step 4150: value_update done, starting policy_update
[DEBUG] train_step 4150: policy_update done
[step 04200] opnorm clamp applied
[step 04200] value_loss=2.962039 policy_loss=0.119336
[step 04200] VALUE_DEBUG: target(mean=-14.50 std=2.10 min=-19.17 max=-9.94) V(s)(mean=-14.10 std=1.81) reward(mean=-0.193 std=1.597) clip=50.0
[step 04200] eval_success_rate=0.000 eval_mean_score=11.560 eval_policy_mode=greedy [solved=0/50, score_range=9.00-13.00/16.0, initial=9.00]
[step 04200] PROGRESS: filled=11.56 violations=0.00 zero_cand=0.00
[step 04200] DEBUG: ep_len=15.4 ep_ret=-13.356 stop_prob=0.000 score_chg=2.2125
[DEBUG] train_step 4200: starting episode collection
[DEBUG] train_step 4200: episodes collected, starting value_update
[DEBUG] train_step 4200: value_update done, starting policy_update
[DEBUG] train_step 4200: policy_update done
[step 04250] value_loss=14.161503 policy_loss=0.984578
[step 04250] VALUE_DEBUG: target(mean=-14.52 std=4.60 min=-26.04 max=1.84) V(s)(mean=-14.40 std=1.93) reward(mean=-2.699 std=6.257) clip=50.0
[DEBUG] train_step 4250: starting episode collection
[DEBUG] train_step 4250: episodes collected, starting value_update
[DEBUG] train_step 4250: value_update done, starting policy_update
[DEBUG] train_step 4250: policy_update done
[step 04300] opnorm clamp applied
[step 04300] value_loss=6.420769 policy_loss=-1.176854
[step 04300] VALUE_DEBUG: target(mean=-15.14 std=2.96 min=-22.15 max=-6.66) V(s)(mean=-15.15 std=1.59) reward(mean=-1.327 std=4.507) clip=50.0
[step 04300] eval_success_rate=0.020 eval_mean_score=11.460 eval_policy_mode=greedy [solved=1/50, score_range=9.00-16.00/16.0, initial=9.00]
[step 04300] PROGRESS: filled=11.46 violations=0.00 zero_cand=0.00
[step 04300] DEBUG: ep_len=15.5 ep_ret=-13.567 stop_prob=0.000 score_chg=2.2575
[DEBUG] train_step 4300: starting episode collection
[DEBUG] train_step 4300: episodes collected, starting value_update
[DEBUG] train_step 4300: value_update done, starting policy_update
[DEBUG] train_step 4300: policy_update done
[step 04350] value_loss=2.116930 policy_loss=0.671676
[step 04350] VALUE_DEBUG: target(mean=-15.24 std=2.03 min=-21.18 max=-9.97) V(s)(mean=-14.96 std=1.40) reward(mean=-1.671 std=4.662) clip=50.0
[DEBUG] train_step 4350: starting episode collection
[DEBUG] train_step 4350: episodes collected, starting value_update
[DEBUG] train_step 4350: value_update done, starting policy_update
[DEBUG] train_step 4350: policy_update done
[step 04400] opnorm clamp applied
[step 04400] value_loss=11.883782 policy_loss=-0.359978
[step 04400] VALUE_DEBUG: target(mean=-13.65 std=3.58 min=-18.65 max=1.84) V(s)(mean=-14.73 std=1.22) reward(mean=-0.114 std=3.480) clip=50.0
[step 04400] eval_success_rate=0.000 eval_mean_score=11.460 eval_policy_mode=greedy [solved=0/50, score_range=9.00-15.00/16.0, initial=9.00]
[step 04400] PROGRESS: filled=11.46 violations=0.00 zero_cand=0.00
[step 04400] DEBUG: ep_len=15.6 ep_ret=-14.382 stop_prob=0.000 score_chg=1.8100
[DEBUG] train_step 4400: starting episode collection
[DEBUG] train_step 4400: episodes collected, starting value_update
[DEBUG] train_step 4400: value_update done, starting policy_update
[DEBUG] train_step 4400: policy_update done
[step 04450] value_loss=8.167810 policy_loss=0.608613
[step 04450] VALUE_DEBUG: target(mean=-15.57 std=2.49 min=-24.18 max=-10.42) V(s)(mean=-14.75 std=1.67) reward(mean=-2.092 std=5.245) clip=50.0
[DEBUG] train_step 4450: starting episode collection
[DEBUG] train_step 4450: episodes collected, starting value_update
[DEBUG] train_step 4450: value_update done, starting policy_update
[DEBUG] train_step 4450: policy_update done
[step 04500] opnorm clamp applied
[step 04500] value_loss=8.737652 policy_loss=0.095426
[step 04500] VALUE_DEBUG: target(mean=-14.49 std=2.85 min=-22.98 max=-8.12) V(s)(mean=-14.81 std=1.61) reward(mean=-0.038 std=2.930) clip=50.0
[step 04500] eval_success_rate=0.000 eval_mean_score=11.460 eval_policy_mode=greedy [solved=0/50, score_range=10.00-15.00/16.0, initial=9.00]
[step 04500] PROGRESS: filled=11.46 violations=0.00 zero_cand=0.00
[step 04500] DEBUG: ep_len=15.8 ep_ret=-15.277 stop_prob=0.000 score_chg=1.5625
[DEBUG] train_step 4500: starting episode collection
[DEBUG] train_step 4500: episodes collected, starting value_update
[DEBUG] train_step 4500: value_update done, starting policy_update
[DEBUG] train_step 4500: policy_update done
[step 04550] value_loss=2.342053 policy_loss=0.718342
[step 04550] VALUE_DEBUG: target(mean=-14.21 std=2.29 min=-20.02 max=-9.36) V(s)(mean=-14.74 std=1.55) reward(mean=-0.605 std=4.682) clip=50.0
[DEBUG] train_step 4550: starting episode collection
[DEBUG] train_step 4550: episodes collected, starting value_update
[DEBUG] train_step 4550: value_update done, starting policy_update
[DEBUG] train_step 4550: policy_update done
[step 04600] opnorm clamp applied
[step 04600] value_loss=7.563805 policy_loss=-0.112034
[step 04600] VALUE_DEBUG: target(mean=-14.28 std=2.56 min=-22.02 max=-7.79) V(s)(mean=-14.77 std=1.64) reward(mean=0.142 std=2.547) clip=50.0
[step 04600] eval_success_rate=0.020 eval_mean_score=11.920 eval_policy_mode=greedy [solved=1/50, score_range=9.00-16.00/16.0, initial=9.00]
[step 04600] PROGRESS: filled=11.92 violations=0.00 zero_cand=0.00
[step 04600] DEBUG: ep_len=15.8 ep_ret=-14.687 stop_prob=0.000 score_chg=1.9675
[DEBUG] train_step 4600: starting episode collection
[DEBUG] train_step 4600: episodes collected, starting value_update
[DEBUG] train_step 4600: value_update done, starting policy_update
[DEBUG] train_step 4600: policy_update done
[step 04650] value_loss=7.163651 policy_loss=-0.123074
[step 04650] VALUE_DEBUG: target(mean=-14.13 std=3.49 min=-22.76 max=-4.81) V(s)(mean=-14.83 std=1.55) reward(mean=-1.517 std=6.061) clip=50.0
[DEBUG] train_step 4650: starting episode collection
[DEBUG] train_step 4650: episodes collected, starting value_update
[DEBUG] train_step 4650: value_update done, starting policy_update
[DEBUG] train_step 4650: policy_update done
[step 04700] opnorm clamp applied
[step 04700] value_loss=5.121521 policy_loss=0.031239
[step 04700] VALUE_DEBUG: target(mean=-14.84 std=2.41 min=-21.70 max=-7.63) V(s)(mean=-14.94 std=1.27) reward(mean=-1.354 std=5.281) clip=50.0
[step 04700] eval_success_rate=0.020 eval_mean_score=11.620 eval_policy_mode=greedy [solved=1/50, score_range=9.00-16.00/16.0, initial=9.00]
[step 04700] PROGRESS: filled=11.62 violations=0.00 zero_cand=0.00
[step 04700] DEBUG: ep_len=15.5 ep_ret=-14.047 stop_prob=0.000 score_chg=1.8275
[DEBUG] train_step 4700: starting episode collection
[DEBUG] train_step 4700: episodes collected, starting value_update
[DEBUG] train_step 4700: value_update done, starting policy_update
[DEBUG] train_step 4700: policy_update done
[step 04750] value_loss=1.069082 policy_loss=0.245358
[step 04750] VALUE_DEBUG: target(mean=-14.53 std=2.02 min=-20.96 max=-10.54) V(s)(mean=-14.44 std=1.54) reward(mean=-1.053 std=4.020) clip=50.0
[DEBUG] train_step 4750: starting episode collection
[DEBUG] train_step 4750: episodes collected, starting value_update
[DEBUG] train_step 4750: value_update done, starting policy_update
[DEBUG] train_step 4750: policy_update done
[step 04800] opnorm clamp applied
[step 04800] value_loss=8.010015 policy_loss=0.425079
[step 04800] VALUE_DEBUG: target(mean=-14.84 std=3.46 min=-22.56 max=-4.29) V(s)(mean=-14.53 std=2.00) reward(mean=-1.758 std=5.828) clip=50.0
[step 04800] eval_success_rate=0.000 eval_mean_score=11.720 eval_policy_mode=greedy [solved=0/50, score_range=10.00-13.00/16.0, initial=9.00]
[step 04800] PROGRESS: filled=11.72 violations=0.00 zero_cand=0.00
[step 04800] DEBUG: ep_len=15.7 ep_ret=-14.432 stop_prob=0.000 score_chg=2.0600
[DEBUG] train_step 4800: starting episode collection
[DEBUG] train_step 4800: episodes collected, starting value_update
[DEBUG] train_step 4800: value_update done, starting policy_update
[DEBUG] train_step 4800: policy_update done
[step 04850] value_loss=0.288230 policy_loss=0.645633
[step 04850] VALUE_DEBUG: target(mean=-14.56 std=1.36 min=-17.12 max=-12.09) V(s)(mean=-14.83 std=1.20) reward(mean=-0.424 std=2.832) clip=50.0
[DEBUG] train_step 4850: starting episode collection
[DEBUG] train_step 4850: episodes collected, starting value_update
[DEBUG] train_step 4850: value_update done, starting policy_update
[DEBUG] train_step 4850: policy_update done
[step 04900] opnorm clamp applied
[step 04900] value_loss=11.570923 policy_loss=0.080427
[step 04900] VALUE_DEBUG: target(mean=-14.52 std=4.28 min=-25.04 max=1.84) V(s)(mean=-14.53 std=1.53) reward(mean=-1.697 std=6.505) clip=50.0
[step 04900] eval_success_rate=0.000 eval_mean_score=11.600 eval_policy_mode=greedy [solved=0/50, score_range=9.00-15.00/16.0, initial=9.00]
[step 04900] PROGRESS: filled=11.60 violations=0.00 zero_cand=0.00
[step 04900] DEBUG: ep_len=15.6 ep_ret=-13.846 stop_prob=0.000 score_chg=2.3900
[DEBUG] train_step 4900: starting episode collection
[DEBUG] train_step 4900: episodes collected, starting value_update
[DEBUG] train_step 4900: value_update done, starting policy_update
[DEBUG] train_step 4900: policy_update done
[step 04950] value_loss=3.500583 policy_loss=0.418730
[step 04950] VALUE_DEBUG: target(mean=-13.56 std=2.19 min=-17.29 max=-7.87) V(s)(mean=-13.98 std=1.97) reward(mean=0.765 std=1.827) clip=50.0
[DEBUG] train_step 4950: starting episode collection
[DEBUG] train_step 4950: episodes collected, starting value_update
[DEBUG] train_step 4950: value_update done, starting policy_update
[DEBUG] train_step 4950: policy_update done
[step 05000] opnorm clamp applied
[step 05000] value_loss=11.040979 policy_loss=0.705063
[step 05000] VALUE_DEBUG: target(mean=-14.65 std=3.52 min=-22.59 max=-5.45) V(s)(mean=-13.49 std=1.75) reward(mean=-0.826 std=3.054) clip=50.0
[step 05000] eval_success_rate=0.020 eval_mean_score=11.640 eval_policy_mode=greedy [solved=1/50, score_range=9.00-16.00/16.0, initial=9.00]
[step 05000] PROGRESS: filled=11.64 violations=0.00 zero_cand=0.00
[step 05000] DEBUG: ep_len=15.4 ep_ret=-13.439 stop_prob=0.000 score_chg=2.2575
[Checkpoint] Saved to buiksat_trm/checkpoints/table3_hard_6to8_controlled_nomask_c_r0_s3/rl_checkpoint_step_5000.pt
[DEBUG] train_step 5000: starting episode collection
[DEBUG] train_step 5000: episodes collected, starting value_update
[DEBUG] train_step 5000: value_update done, starting policy_update
[DEBUG] train_step 5000: policy_update done
[step 05050] value_loss=8.247711 policy_loss=-0.111625
[step 05050] VALUE_DEBUG: target(mean=-14.78 std=2.82 min=-22.98 max=-10.31) V(s)(mean=-13.25 std=1.95) reward(mean=-1.511 std=4.449) clip=50.0
[DEBUG] train_step 5050: starting episode collection
[DEBUG] train_step 5050: episodes collected, starting value_update
[DEBUG] train_step 5050: value_update done, starting policy_update
[DEBUG] train_step 5050: policy_update done
[step 05100] opnorm clamp applied
[step 05100] value_loss=6.807513 policy_loss=0.316587
[step 05100] VALUE_DEBUG: target(mean=-15.04 std=2.66 min=-22.69 max=-9.83) V(s)(mean=-14.48 std=1.70) reward(mean=-1.736 std=4.370) clip=50.0
[step 05100] eval_success_rate=0.000 eval_mean_score=12.040 eval_policy_mode=greedy [solved=0/50, score_range=9.00-15.00/16.0, initial=9.00]
[step 05100] PROGRESS: filled=12.04 violations=0.00 zero_cand=0.00
[step 05100] DEBUG: ep_len=15.6 ep_ret=-13.716 stop_prob=0.000 score_chg=2.2500
[DEBUG] train_step 5100: starting episode collection
[DEBUG] train_step 5100: episodes collected, starting value_update
[DEBUG] train_step 5100: value_update done, starting policy_update
[DEBUG] train_step 5100: policy_update done
[step 05150] value_loss=4.430165 policy_loss=0.219259
[step 05150] VALUE_DEBUG: target(mean=-13.77 std=2.56 min=-19.92 max=-5.78) V(s)(mean=-13.59 std=1.86) reward(mean=-0.931 std=4.090) clip=50.0
[DEBUG] train_step 5150: starting episode collection
[DEBUG] train_step 5150: episodes collected, starting value_update
[DEBUG] train_step 5150: value_update done, starting policy_update
[DEBUG] train_step 5150: policy_update done
[step 05200] opnorm clamp applied
[step 05200] value_loss=19.354208 policy_loss=-0.185503
[step 05200] VALUE_DEBUG: target(mean=-12.92 std=5.33 min=-20.83 max=6.84) V(s)(mean=-13.38 std=2.03) reward(mean=0.289 std=2.600) clip=50.0
[step 05200] eval_success_rate=0.000 eval_mean_score=12.700 eval_policy_mode=greedy [solved=0/50, score_range=9.00-15.00/16.0, initial=9.00]
[step 05200] PROGRESS: filled=12.70 violations=0.00 zero_cand=0.00
[step 05200] DEBUG: ep_len=15.4 ep_ret=-13.079 stop_prob=0.000 score_chg=2.5825
[DEBUG] train_step 5200: starting episode collection
[DEBUG] train_step 5200: episodes collected, starting value_update
[DEBUG] train_step 5200: value_update done, starting policy_update
[DEBUG] train_step 5200: policy_update done
[step 05250] value_loss=8.420898 policy_loss=-0.491593
[step 05250] VALUE_DEBUG: target(mean=-15.38 std=2.66 min=-24.53 max=-11.09) V(s)(mean=-14.51 std=1.83) reward(mean=-3.256 std=6.137) clip=50.0
[DEBUG] train_step 5250: starting episode collection
[DEBUG] train_step 5250: episodes collected, starting value_update
[DEBUG] train_step 5250: value_update done, starting policy_update
[DEBUG] train_step 5250: policy_update done
[step 05300] opnorm clamp applied
[step 05300] value_loss=9.142376 policy_loss=0.610611
[step 05300] VALUE_DEBUG: target(mean=-13.31 std=3.77 min=-20.61 max=-1.71) V(s)(mean=-13.78 std=2.31) reward(mean=0.144 std=3.028) clip=50.0
[step 05300] eval_success_rate=0.000 eval_mean_score=12.220 eval_policy_mode=greedy [solved=0/50, score_range=9.00-15.00/16.0, initial=9.00]
[step 05300] PROGRESS: filled=12.22 violations=0.00 zero_cand=0.00
[step 05300] DEBUG: ep_len=15.5 ep_ret=-13.928 stop_prob=0.000 score_chg=2.1550
[DEBUG] train_step 5300: starting episode collection
[DEBUG] train_step 5300: episodes collected, starting value_update
[DEBUG] train_step 5300: value_update done, starting policy_update
[DEBUG] train_step 5300: policy_update done
[step 05350] value_loss=16.670534 policy_loss=0.079445
[step 05350] VALUE_DEBUG: target(mean=-15.01 std=4.87 min=-24.76 max=1.84) V(s)(mean=-14.86 std=2.66) reward(mean=-1.571 std=3.018) clip=50.0
[DEBUG] train_step 5350: starting episode collection
[DEBUG] train_step 5350: episodes collected, starting value_update
[DEBUG] train_step 5350: value_update done, starting policy_update
[DEBUG] train_step 5350: policy_update done
[step 05400] opnorm clamp applied
[step 05400] value_loss=1.578839 policy_loss=0.482977
[step 05400] VALUE_DEBUG: target(mean=-14.06 std=2.48 min=-17.59 max=-6.18) V(s)(mean=-13.88 std=2.20) reward(mean=-0.520 std=4.222) clip=50.0
[step 05400] eval_success_rate=0.060 eval_mean_score=12.460 eval_policy_mode=greedy [solved=3/50, score_range=9.00-16.00/16.0, initial=9.00]
[step 05400] PROGRESS: filled=12.46 violations=0.00 zero_cand=0.00
[step 05400] DEBUG: ep_len=15.4 ep_ret=-13.069 stop_prob=0.000 score_chg=2.5700
[DEBUG] train_step 5400: starting episode collection
[DEBUG] train_step 5400: episodes collected, starting value_update
[DEBUG] train_step 5400: value_update done, starting policy_update
[DEBUG] train_step 5400: policy_update done
[step 05450] value_loss=6.562483 policy_loss=0.609114
[step 05450] VALUE_DEBUG: target(mean=-13.42 std=3.71 min=-17.35 max=1.84) V(s)(mean=-13.52 std=2.31) reward(mean=-0.611 std=4.045) clip=50.0
[DEBUG] train_step 5450: starting episode collection
[DEBUG] train_step 5450: episodes collected, starting value_update
[DEBUG] train_step 5450: value_update done, starting policy_update
[DEBUG] train_step 5450: policy_update done
[step 05500] opnorm clamp applied
[step 05500] value_loss=6.357808 policy_loss=0.407557
[step 05500] VALUE_DEBUG: target(mean=-13.92 std=3.38 min=-20.94 max=-4.83) V(s)(mean=-14.32 std=2.17) reward(mean=-0.168 std=3.906) clip=50.0
[step 05500] eval_success_rate=0.000 eval_mean_score=12.340 eval_policy_mode=greedy [solved=0/50, score_range=9.00-15.00/16.0, initial=9.00]
[step 05500] PROGRESS: filled=12.34 violations=0.00 zero_cand=0.00
[step 05500] DEBUG: ep_len=15.3 ep_ret=-13.224 stop_prob=0.000 score_chg=2.5150
[DEBUG] train_step 5500: starting episode collection
[DEBUG] train_step 5500: episodes collected, starting value_update
[DEBUG] train_step 5500: value_update done, starting policy_update
[DEBUG] train_step 5500: policy_update done
[step 05550] value_loss=3.680966 policy_loss=-0.381339
[step 05550] VALUE_DEBUG: target(mean=-14.54 std=2.86 min=-22.84 max=-8.95) V(s)(mean=-14.64 std=2.36) reward(mean=-2.051 std=5.547) clip=50.0
[DEBUG] train_step 5550: starting episode collection
[DEBUG] train_step 5550: episodes collected, starting value_update
[DEBUG] train_step 5550: value_update done, starting policy_update
[DEBUG] train_step 5550: policy_update done
[step 05600] opnorm clamp applied
[step 05600] value_loss=7.537254 policy_loss=-0.011325
[step 05600] VALUE_DEBUG: target(mean=-14.81 std=3.67 min=-23.93 max=-6.09) V(s)(mean=-14.16 std=2.00) reward(mean=-0.793 std=4.023) clip=50.0
[step 05600] eval_success_rate=0.100 eval_mean_score=12.680 eval_policy_mode=greedy [solved=5/50, score_range=10.00-16.00/16.0, initial=9.00]
[step 05600] PROGRESS: filled=12.68 violations=0.00 zero_cand=0.00
[step 05600] DEBUG: ep_len=15.2 ep_ret=-12.413 stop_prob=0.000 score_chg=2.6050
[DEBUG] train_step 5600: starting episode collection
[DEBUG] train_step 5600: episodes collected, starting value_update
[DEBUG] train_step 5600: value_update done, starting policy_update
[DEBUG] train_step 5600: policy_update done
[step 05650] value_loss=4.120374 policy_loss=0.037167
[step 05650] VALUE_DEBUG: target(mean=-13.92 std=3.66 min=-22.11 max=1.84) V(s)(mean=-14.03 std=2.22) reward(mean=-0.896 std=4.134) clip=50.0
[DEBUG] train_step 5650: starting episode collection
[DEBUG] train_step 5650: episodes collected, starting value_update
[DEBUG] train_step 5650: value_update done, starting policy_update
[DEBUG] train_step 5650: policy_update done
[step 05700] opnorm clamp applied
[step 05700] value_loss=4.915199 policy_loss=-0.493759
[step 05700] VALUE_DEBUG: target(mean=-14.21 std=3.46 min=-23.15 max=-6.85) V(s)(mean=-14.20 std=2.44) reward(mean=-2.047 std=5.762) clip=50.0
[step 05700] eval_success_rate=0.060 eval_mean_score=12.380 eval_policy_mode=greedy [solved=3/50, score_range=10.00-16.00/16.0, initial=9.00]
[step 05700] PROGRESS: filled=12.38 violations=0.00 zero_cand=0.00
[step 05700] DEBUG: ep_len=15.0 ep_ret=-12.405 stop_prob=0.000 score_chg=2.5025
[DEBUG] train_step 5700: starting episode collection
[DEBUG] train_step 5700: episodes collected, starting value_update
[DEBUG] train_step 5700: value_update done, starting policy_update
[DEBUG] train_step 5700: policy_update done
[step 05750] value_loss=3.648627 policy_loss=0.505785
[step 05750] VALUE_DEBUG: target(mean=-13.93 std=3.85 min=-19.54 max=-0.90) V(s)(mean=-14.59 std=2.75) reward(mean=-0.021 std=3.407) clip=50.0
[DEBUG] train_step 5750: starting episode collection
[DEBUG] train_step 5750: episodes collected, starting value_update
[DEBUG] train_step 5750: value_update done, starting policy_update
[DEBUG] train_step 5750: policy_update done
[step 05800] opnorm clamp applied
[step 05800] value_loss=2.855711 policy_loss=-0.095147
[step 05800] VALUE_DEBUG: target(mean=-14.07 std=2.74 min=-19.35 max=-6.10) V(s)(mean=-14.43 std=2.71) reward(mean=-0.575 std=3.266) clip=50.0
[step 05800] eval_success_rate=0.080 eval_mean_score=12.360 eval_policy_mode=greedy [solved=4/50, score_range=9.00-16.00/16.0, initial=9.00]
[step 05800] PROGRESS: filled=12.36 violations=0.00 zero_cand=0.00
[step 05800] DEBUG: ep_len=15.2 ep_ret=-12.527 stop_prob=0.000 score_chg=2.6650
[DEBUG] train_step 5800: starting episode collection
[DEBUG] train_step 5800: episodes collected, starting value_update
[DEBUG] train_step 5800: value_update done, starting policy_update
[DEBUG] train_step 5800: policy_update done
[step 05850] value_loss=4.871433 policy_loss=-0.220326
[step 05850] VALUE_DEBUG: target(mean=-14.33 std=4.05 min=-22.92 max=-2.23) V(s)(mean=-14.71 std=2.28) reward(mean=-0.470 std=3.754) clip=50.0
[DEBUG] train_step 5850: starting episode collection
[DEBUG] train_step 5850: episodes collected, starting value_update
[DEBUG] train_step 5850: value_update done, starting policy_update
[DEBUG] train_step 5850: policy_update done
[step 05900] opnorm clamp applied
[step 05900] value_loss=1.554978 policy_loss=0.531334
[step 05900] VALUE_DEBUG: target(mean=-14.38 std=2.75 min=-20.42 max=-7.50) V(s)(mean=-13.83 std=2.67) reward(mean=-0.566 std=3.050) clip=50.0
[step 05900] eval_success_rate=0.080 eval_mean_score=12.640 eval_policy_mode=greedy [solved=4/50, score_range=9.00-16.00/16.0, initial=9.00]
[step 05900] PROGRESS: filled=12.64 violations=0.00 zero_cand=0.00
[step 05900] DEBUG: ep_len=15.0 ep_ret=-11.431 stop_prob=0.000 score_chg=3.0600
[DEBUG] train_step 5900: starting episode collection
[DEBUG] train_step 5900: episodes collected, starting value_update
[DEBUG] train_step 5900: value_update done, starting policy_update
[DEBUG] train_step 5900: policy_update done
[step 05950] value_loss=4.718966 policy_loss=-0.114427
[step 05950] VALUE_DEBUG: target(mean=-14.14 std=2.89 min=-20.54 max=-6.22) V(s)(mean=-13.25 std=2.52) reward(mean=-1.044 std=3.774) clip=50.0
[DEBUG] train_step 5950: starting episode collection
[DEBUG] train_step 5950: episodes collected, starting value_update
[DEBUG] train_step 5950: value_update done, starting policy_update
[DEBUG] train_step 5950: policy_update done
[step 06000] opnorm clamp applied
[step 06000] value_loss=18.665117 policy_loss=0.642276
[step 06000] VALUE_DEBUG: target(mean=-12.83 std=5.56 min=-22.08 max=6.84) V(s)(mean=-12.91 std=2.99) reward(mean=-1.703 std=5.784) clip=50.0
[step 06000] eval_success_rate=0.120 eval_mean_score=12.760 eval_policy_mode=greedy [solved=6/50, score_range=10.00-16.00/16.0, initial=9.00]
[step 06000] PROGRESS: filled=12.76 violations=0.00 zero_cand=0.00
[step 06000] DEBUG: ep_len=15.0 ep_ret=-12.383 stop_prob=0.000 score_chg=2.4075
[Checkpoint] Saved to buiksat_trm/checkpoints/table3_hard_6to8_controlled_nomask_c_r0_s3/rl_checkpoint_step_6000.pt
[DEBUG] train_step 6000: starting episode collection
[DEBUG] train_step 6000: episodes collected, starting value_update
[DEBUG] train_step 6000: value_update done, starting policy_update
[DEBUG] train_step 6000: policy_update done
[step 06050] value_loss=17.638186 policy_loss=-0.597363
[step 06050] VALUE_DEBUG: target(mean=-12.45 std=5.77 min=-19.24 max=6.84) V(s)(mean=-14.80 std=2.91) reward(mean=-0.154 std=4.439) clip=50.0
[DEBUG] train_step 6050: starting episode collection
[DEBUG] train_step 6050: episodes collected, starting value_update
[DEBUG] train_step 6050: value_update done, starting policy_update
[DEBUG] train_step 6050: policy_update done
[step 06100] opnorm clamp applied
[step 06100] value_loss=5.817497 policy_loss=1.012544
[step 06100] VALUE_DEBUG: target(mean=-14.04 std=3.43 min=-22.08 max=-3.53) V(s)(mean=-13.77 std=2.77) reward(mean=-2.067 std=6.571) clip=50.0
[step 06100] eval_success_rate=0.080 eval_mean_score=12.720 eval_policy_mode=greedy [solved=4/50, score_range=10.00-16.00/16.0, initial=9.00]
[step 06100] PROGRESS: filled=12.72 violations=0.00 zero_cand=0.00
[step 06100] DEBUG: ep_len=15.3 ep_ret=-12.896 stop_prob=0.000 score_chg=2.5625
[DEBUG] train_step 6100: starting episode collection
[DEBUG] train_step 6100: episodes collected, starting value_update
[DEBUG] train_step 6100: value_update done, starting policy_update
[DEBUG] train_step 6100: policy_update done
[step 06150] value_loss=5.550725 policy_loss=1.052737
[step 06150] VALUE_DEBUG: target(mean=-13.69 std=3.93 min=-24.05 max=-5.21) V(s)(mean=-13.60 std=3.10) reward(mean=-0.764 std=3.616) clip=50.0
[DEBUG] train_step 6150: starting episode collection
[DEBUG] train_step 6150: episodes collected, starting value_update
[DEBUG] train_step 6150: value_update done, starting policy_update
[DEBUG] train_step 6150: policy_update done
[step 06200] opnorm clamp applied
[step 06200] value_loss=4.001329 policy_loss=-0.067069
[step 06200] VALUE_DEBUG: target(mean=-15.09 std=2.73 min=-20.93 max=-8.22) V(s)(mean=-14.41 std=2.18) reward(mean=-2.817 std=6.052) clip=50.0
[step 06200] eval_success_rate=0.080 eval_mean_score=12.540 eval_policy_mode=greedy [solved=4/50, score_range=10.00-16.00/16.0, initial=9.00]
[step 06200] PROGRESS: filled=12.54 violations=0.00 zero_cand=0.00
[step 06200] DEBUG: ep_len=15.2 ep_ret=-12.343 stop_prob=0.000 score_chg=2.7375
[DEBUG] train_step 6200: starting episode collection
[DEBUG] train_step 6200: episodes collected, starting value_update
[DEBUG] train_step 6200: value_update done, starting policy_update
[DEBUG] train_step 6200: policy_update done
[step 06250] value_loss=3.827852 policy_loss=-0.295038
[step 06250] VALUE_DEBUG: target(mean=-13.97 std=2.99 min=-20.12 max=-6.22) V(s)(mean=-14.15 std=2.60) reward(mean=-1.733 std=5.725) clip=50.0
[DEBUG] train_step 6250: starting episode collection
[DEBUG] train_step 6250: episodes collected, starting value_update
[DEBUG] train_step 6250: value_update done, starting policy_update
[DEBUG] train_step 6250: policy_update done
[step 06300] opnorm clamp applied
[step 06300] value_loss=6.402810 policy_loss=-0.308624
[step 06300] VALUE_DEBUG: target(mean=-14.59 std=3.47 min=-21.14 max=-5.03) V(s)(mean=-14.18 std=2.34) reward(mean=-2.108 std=5.696) clip=50.0
[step 06300] eval_success_rate=0.100 eval_mean_score=12.520 eval_policy_mode=greedy [solved=5/50, score_range=9.00-16.00/16.0, initial=9.00]
[step 06300] PROGRESS: filled=12.52 violations=0.00 zero_cand=0.00
[step 06300] DEBUG: ep_len=14.9 ep_ret=-11.767 stop_prob=0.000 score_chg=2.6750
[DEBUG] train_step 6300: starting episode collection
[DEBUG] train_step 6300: episodes collected, starting value_update
[DEBUG] train_step 6300: value_update done, starting policy_update
[DEBUG] train_step 6300: policy_update done
[step 06350] value_loss=6.130424 policy_loss=-0.385701
[step 06350] VALUE_DEBUG: target(mean=-14.23 std=3.91 min=-20.42 max=-3.97) V(s)(mean=-14.47 std=3.16) reward(mean=-0.144 std=2.347) clip=50.0
[DEBUG] train_step 6350: starting episode collection
[DEBUG] train_step 6350: episodes collected, starting value_update
[DEBUG] train_step 6350: value_update done, starting policy_update
[DEBUG] train_step 6350: policy_update done
[step 06400] opnorm clamp applied
[step 06400] value_loss=8.600391 policy_loss=0.214856
[step 06400] VALUE_DEBUG: target(mean=-14.20 std=4.42 min=-25.04 max=-2.06) V(s)(mean=-13.61 std=3.17) reward(mean=-0.665 std=4.867) clip=50.0
[step 06400] eval_success_rate=0.120 eval_mean_score=12.700 eval_policy_mode=greedy [solved=6/50, score_range=9.00-16.00/16.0, initial=9.00]
[step 06400] PROGRESS: filled=12.70 violations=0.00 zero_cand=0.00
[step 06400] DEBUG: ep_len=15.1 ep_ret=-12.207 stop_prob=0.000 score_chg=2.7850
[DEBUG] train_step 6400: starting episode collection
[DEBUG] train_step 6400: episodes collected, starting value_update
[DEBUG] train_step 6400: value_update done, starting policy_update
[DEBUG] train_step 6400: policy_update done
[step 06450] value_loss=4.022676 policy_loss=-0.618211
[step 06450] VALUE_DEBUG: target(mean=-13.58 std=3.11 min=-17.69 max=-4.69) V(s)(mean=-14.43 std=2.47) reward(mean=-0.203 std=4.417) clip=50.0
[DEBUG] train_step 6450: starting episode collection
[DEBUG] train_step 6450: episodes collected, starting value_update
[DEBUG] train_step 6450: value_update done, starting policy_update
[DEBUG] train_step 6450: policy_update done
[step 06500] opnorm clamp applied
[step 06500] value_loss=6.244919 policy_loss=0.844117
[step 06500] VALUE_DEBUG: target(mean=-13.82 std=4.82 min=-23.88 max=6.84) V(s)(mean=-14.75 std=3.17) reward(mean=-0.642 std=4.084) clip=50.0
[step 06500] eval_success_rate=0.080 eval_mean_score=12.380 eval_policy_mode=greedy [solved=4/50, score_range=9.00-16.00/16.0, initial=9.00]
[step 06500] PROGRESS: filled=12.38 violations=0.00 zero_cand=0.00
[step 06500] DEBUG: ep_len=14.9 ep_ret=-11.851 stop_prob=0.000 score_chg=3.0250
[DEBUG] train_step 6500: starting episode collection
[DEBUG] train_step 6500: episodes collected, starting value_update
[DEBUG] train_step 6500: value_update done, starting policy_update
[DEBUG] train_step 6500: policy_update done
[step 06550] value_loss=4.048028 policy_loss=-0.324134
[step 06550] VALUE_DEBUG: target(mean=-12.50 std=4.60 min=-20.57 max=-2.56) V(s)(mean=-12.75 std=4.29) reward(mean=0.174 std=2.021) clip=50.0
[DEBUG] train_step 6550: starting episode collection
[DEBUG] train_step 6550: episodes collected, starting value_update
[DEBUG] train_step 6550: value_update done, starting policy_update
[DEBUG] train_step 6550: policy_update done
[step 06600] opnorm clamp applied
[step 06600] value_loss=6.494191 policy_loss=-0.006236
[step 06600] VALUE_DEBUG: target(mean=-13.52 std=4.16 min=-19.06 max=1.28) V(s)(mean=-13.27 std=3.20) reward(mean=-0.264 std=3.799) clip=50.0
[step 06600] eval_success_rate=0.080 eval_mean_score=12.500 eval_policy_mode=greedy [solved=4/50, score_range=10.00-16.00/16.0, initial=9.00]
[step 06600] PROGRESS: filled=12.50 violations=0.00 zero_cand=0.00
[step 06600] DEBUG: ep_len=14.9 ep_ret=-12.105 stop_prob=0.000 score_chg=2.5800
[DEBUG] train_step 6600: starting episode collection
[DEBUG] train_step 6600: episodes collected, starting value_update
[DEBUG] train_step 6600: value_update done, starting policy_update
[DEBUG] train_step 6600: policy_update done
[step 06650] value_loss=2.954619 policy_loss=0.576697
[step 06650] VALUE_DEBUG: target(mean=-13.02 std=3.98 min=-17.88 max=-2.10) V(s)(mean=-13.58 std=4.01) reward(mean=-1.580 std=5.595) clip=50.0
[DEBUG] train_step 6650: starting episode collection
[DEBUG] train_step 6650: episodes collected, starting value_update
[DEBUG] train_step 6650: value_update done, starting policy_update
[DEBUG] train_step 6650: policy_update done
[step 06700] opnorm clamp applied
[step 06700] value_loss=11.416237 policy_loss=-0.211913
[step 06700] VALUE_DEBUG: target(mean=-14.52 std=4.11 min=-24.00 max=-3.22) V(s)(mean=-14.04 std=2.97) reward(mean=-1.601 std=5.850) clip=50.0
[step 06700] eval_success_rate=0.080 eval_mean_score=12.640 eval_policy_mode=greedy [solved=4/50, score_range=9.00-16.00/16.0, initial=9.00]
[step 06700] PROGRESS: filled=12.64 violations=0.00 zero_cand=0.00
[step 06700] DEBUG: ep_len=14.7 ep_ret=-11.073 stop_prob=0.000 score_chg=2.9550
[DEBUG] train_step 6700: starting episode collection
[DEBUG] train_step 6700: episodes collected, starting value_update
[DEBUG] train_step 6700: value_update done, starting policy_update
[DEBUG] train_step 6700: policy_update done
[step 06750] value_loss=3.642867 policy_loss=-0.825719
[step 06750] VALUE_DEBUG: target(mean=-13.63 std=3.54 min=-22.67 max=-5.28) V(s)(mean=-13.50 std=3.20) reward(mean=0.073 std=2.017) clip=50.0
[DEBUG] train_step 6750: starting episode collection
[DEBUG] train_step 6750: episodes collected, starting value_update
[DEBUG] train_step 6750: value_update done, starting policy_update
[DEBUG] train_step 6750: policy_update done
[step 06800] opnorm clamp applied
[step 06800] value_loss=7.748683 policy_loss=0.557302
[step 06800] VALUE_DEBUG: target(mean=-14.77 std=2.57 min=-24.01 max=-7.91) V(s)(mean=-14.21 std=2.61) reward(mean=-1.077 std=3.740) clip=50.0
[step 06800] eval_success_rate=0.100 eval_mean_score=12.640 eval_policy_mode=greedy [solved=5/50, score_range=10.00-16.00/16.0, initial=9.00]
[step 06800] PROGRESS: filled=12.64 violations=0.00 zero_cand=0.00
[step 06800] DEBUG: ep_len=14.9 ep_ret=-11.851 stop_prob=0.000 score_chg=2.7575
[DEBUG] train_step 6800: starting episode collection
[DEBUG] train_step 6800: episodes collected, starting value_update
[DEBUG] train_step 6800: value_update done, starting policy_update
[DEBUG] train_step 6800: policy_update done
[step 06850] value_loss=5.209657 policy_loss=0.622031
[step 06850] VALUE_DEBUG: target(mean=-14.23 std=3.89 min=-20.24 max=-1.11) V(s)(mean=-14.84 std=3.25) reward(mean=-0.330 std=3.741) clip=50.0
[DEBUG] train_step 6850: starting episode collection
[DEBUG] train_step 6850: episodes collected, starting value_update
[DEBUG] train_step 6850: value_update done, starting policy_update
[DEBUG] train_step 6850: policy_update done
[step 06900] opnorm clamp applied
[step 06900] value_loss=4.443232 policy_loss=0.340583
[step 06900] VALUE_DEBUG: target(mean=-13.75 std=4.00 min=-20.95 max=-4.45) V(s)(mean=-13.88 std=3.30) reward(mean=-0.549 std=3.588) clip=50.0
[step 06900] eval_success_rate=0.140 eval_mean_score=12.480 eval_policy_mode=greedy [solved=7/50, score_range=9.00-16.00/16.0, initial=9.00]
[step 06900] PROGRESS: filled=12.48 violations=0.00 zero_cand=0.00
[step 06900] DEBUG: ep_len=14.6 ep_ret=-10.571 stop_prob=0.000 score_chg=3.3175
[DEBUG] train_step 6900: starting episode collection
[DEBUG] train_step 6900: episodes collected, starting value_update
[DEBUG] train_step 6900: value_update done, starting policy_update
[DEBUG] train_step 6900: policy_update done
[step 06950] value_loss=5.112127 policy_loss=-0.477989
[step 06950] VALUE_DEBUG: target(mean=-13.71 std=3.65 min=-21.53 max=-5.51) V(s)(mean=-13.56 std=2.70) reward(mean=-0.577 std=3.630) clip=50.0
[DEBUG] train_step 6950: starting episode collection
[DEBUG] train_step 6950: episodes collected, starting value_update
[DEBUG] train_step 6950: value_update done, starting policy_update
[DEBUG] train_step 6950: policy_update done
[step 07000] opnorm clamp applied
[step 07000] value_loss=12.148359 policy_loss=0.166889
[step 07000] VALUE_DEBUG: target(mean=-14.43 std=3.74 min=-25.44 max=-4.89) V(s)(mean=-13.87 std=3.42) reward(mean=-2.708 std=6.304) clip=50.0
[step 07000] eval_success_rate=0.120 eval_mean_score=12.920 eval_policy_mode=greedy [solved=6/50, score_range=10.00-16.00/16.0, initial=9.00]
[step 07000] PROGRESS: filled=12.92 violations=0.00 zero_cand=0.00
[step 07000] DEBUG: ep_len=14.6 ep_ret=-11.243 stop_prob=0.000 score_chg=2.9225
[Checkpoint] Saved to buiksat_trm/checkpoints/table3_hard_6to8_controlled_nomask_c_r0_s3/rl_checkpoint_step_7000.pt
[DEBUG] train_step 7000: starting episode collection
[DEBUG] train_step 7000: episodes collected, starting value_update
[DEBUG] train_step 7000: value_update done, starting policy_update
[DEBUG] train_step 7000: policy_update done
[step 07050] value_loss=4.406873 policy_loss=-0.437482
[step 07050] VALUE_DEBUG: target(mean=-14.99 std=2.94 min=-21.13 max=-8.74) V(s)(mean=-14.51 std=2.98) reward(mean=-1.942 std=5.406) clip=50.0
[DEBUG] train_step 7050: starting episode collection
[DEBUG] train_step 7050: episodes collected, starting value_update
[DEBUG] train_step 7050: value_update done, starting policy_update
[DEBUG] train_step 7050: policy_update done
[step 07100] opnorm clamp applied
[step 07100] value_loss=6.753616 policy_loss=1.416037
[step 07100] VALUE_DEBUG: target(mean=-14.22 std=4.51 min=-26.13 max=-2.54) V(s)(mean=-13.53 std=3.17) reward(mean=-0.759 std=3.898) clip=50.0
[step 07100] eval_success_rate=0.160 eval_mean_score=12.780 eval_policy_mode=greedy [solved=8/50, score_range=10.00-16.00/16.0, initial=9.00]
[step 07100] PROGRESS: filled=12.78 violations=0.00 zero_cand=0.00
[step 07100] DEBUG: ep_len=14.3 ep_ret=-10.185 stop_prob=0.000 score_chg=3.3000
[DEBUG] train_step 7100: starting episode collection
[DEBUG] train_step 7100: episodes collected, starting value_update
[DEBUG] train_step 7100: value_update done, starting policy_update
[DEBUG] train_step 7100: policy_update done
[step 07150] value_loss=6.995803 policy_loss=-0.265449
[step 07150] VALUE_DEBUG: target(mean=-13.04 std=4.24 min=-19.57 max=-0.59) V(s)(mean=-13.06 std=3.76) reward(mean=-0.734 std=4.740) clip=50.0
[DEBUG] train_step 7150: starting episode collection
[DEBUG] train_step 7150: episodes collected, starting value_update
[DEBUG] train_step 7150: value_update done, starting policy_update
[DEBUG] train_step 7150: policy_update done
[step 07200] opnorm clamp applied
[step 07200] value_loss=4.930489 policy_loss=0.404223
[step 07200] VALUE_DEBUG: target(mean=-13.40 std=4.47 min=-23.44 max=0.89) V(s)(mean=-13.29 std=3.76) reward(mean=0.021 std=2.702) clip=50.0
[step 07200] eval_success_rate=0.140 eval_mean_score=12.600 eval_policy_mode=greedy [solved=7/50, score_range=9.00-16.00/16.0, initial=9.00]
[step 07200] PROGRESS: filled=12.60 violations=0.00 zero_cand=0.00
[step 07200] DEBUG: ep_len=14.6 ep_ret=-10.790 stop_prob=0.000 score_chg=3.1725
[DEBUG] train_step 7200: starting episode collection
[DEBUG] train_step 7200: episodes collected, starting value_update
[DEBUG] train_step 7200: value_update done, starting policy_update
[DEBUG] train_step 7200: policy_update done
[step 07250] value_loss=6.851468 policy_loss=0.015505
[step 07250] VALUE_DEBUG: target(mean=-13.33 std=4.93 min=-21.50 max=1.84) V(s)(mean=-13.21 std=3.87) reward(mean=-0.074 std=2.251) clip=50.0
[DEBUG] train_step 7250: starting episode collection
[DEBUG] train_step 7250: episodes collected, starting value_update
[DEBUG] train_step 7250: value_update done, starting policy_update
[DEBUG] train_step 7250: policy_update done
[step 07300] opnorm clamp applied
[step 07300] value_loss=6.936249 policy_loss=0.218790
[step 07300] VALUE_DEBUG: target(mean=-12.88 std=4.51 min=-25.93 max=1.84) V(s)(mean=-12.88 std=3.31) reward(mean=-1.732 std=4.999) clip=50.0
[step 07300] eval_success_rate=0.140 eval_mean_score=12.640 eval_policy_mode=greedy [solved=7/50, score_range=9.00-16.00/16.0, initial=9.00]
[step 07300] PROGRESS: filled=12.64 violations=0.00 zero_cand=0.00
[step 07300] DEBUG: ep_len=14.5 ep_ret=-10.694 stop_prob=0.000 score_chg=3.2775
[DEBUG] train_step 7300: starting episode collection
[DEBUG] train_step 7300: episodes collected, starting value_update
[DEBUG] train_step 7300: value_update done, starting policy_update
[DEBUG] train_step 7300: policy_update done
[step 07350] value_loss=11.556784 policy_loss=0.549804
[step 07350] VALUE_DEBUG: target(mean=-12.92 std=5.43 min=-24.88 max=0.93) V(s)(mean=-11.80 std=5.40) reward(mean=-0.427 std=3.273) clip=50.0
[DEBUG] train_step 7350: starting episode collection
[DEBUG] train_step 7350: episodes collected, starting value_update
[DEBUG] train_step 7350: value_update done, starting policy_update
[DEBUG] train_step 7350: policy_update done
[step 07400] opnorm clamp applied
[step 07400] value_loss=4.865254 policy_loss=-0.734369
[step 07400] VALUE_DEBUG: target(mean=-13.29 std=4.45 min=-18.90 max=3.31) V(s)(mean=-12.50 std=4.08) reward(mean=-0.384 std=2.262) clip=50.0
[step 07400] eval_success_rate=0.140 eval_mean_score=12.760 eval_policy_mode=greedy [solved=7/50, score_range=10.00-16.00/16.0, initial=9.00]
[step 07400] PROGRESS: filled=12.76 violations=0.00 zero_cand=0.00
[step 07400] DEBUG: ep_len=14.6 ep_ret=-11.924 stop_prob=0.000 score_chg=2.4925
[DEBUG] train_step 7400: starting episode collection
[DEBUG] train_step 7400: episodes collected, starting value_update
[DEBUG] train_step 7400: value_update done, starting policy_update
[DEBUG] train_step 7400: policy_update done
[step 07450] value_loss=6.486443 policy_loss=-0.555006
[step 07450] VALUE_DEBUG: target(mean=-13.76 std=4.63 min=-24.68 max=4.51) V(s)(mean=-13.67 std=3.43) reward(mean=-1.111 std=4.677) clip=50.0
[DEBUG] train_step 7450: starting episode collection
[DEBUG] train_step 7450: episodes collected, starting value_update
[DEBUG] train_step 7450: value_update done, starting policy_update
[DEBUG] train_step 7450: policy_update done
[step 07500] opnorm clamp applied
[step 07500] value_loss=7.235982 policy_loss=-0.409966
[step 07500] VALUE_DEBUG: target(mean=-12.43 std=5.71 min=-21.49 max=1.84) V(s)(mean=-12.55 std=5.01) reward(mean=-1.182 std=4.661) clip=50.0
[step 07500] eval_success_rate=0.140 eval_mean_score=12.620 eval_policy_mode=greedy [solved=7/50, score_range=9.00-16.00/16.0, initial=9.00]
[step 07500] PROGRESS: filled=12.62 violations=0.00 zero_cand=0.00
[step 07500] DEBUG: ep_len=14.6 ep_ret=-11.541 stop_prob=0.000 score_chg=2.6950
[DEBUG] train_step 7500: starting episode collection
[DEBUG] train_step 7500: episodes collected, starting value_update
[DEBUG] train_step 7500: value_update done, starting policy_update
[DEBUG] train_step 7500: policy_update done
[step 07550] value_loss=13.976653 policy_loss=0.382766
[step 07550] VALUE_DEBUG: target(mean=-12.63 std=4.43 min=-20.23 max=-0.06) V(s)(mean=-13.54 std=3.47) reward(mean=0.534 std=2.648) clip=50.0
[DEBUG] train_step 7550: starting episode collection
[DEBUG] train_step 7550: episodes collected, starting value_update
[DEBUG] train_step 7550: value_update done, starting policy_update
[DEBUG] train_step 7550: policy_update done
[step 07600] opnorm clamp applied
[step 07600] value_loss=3.092996 policy_loss=0.194023
[step 07600] VALUE_DEBUG: target(mean=-11.78 std=5.23 min=-20.31 max=1.84) V(s)(mean=-12.39 std=4.36) reward(mean=-0.270 std=3.873) clip=50.0
[step 07600] eval_success_rate=0.140 eval_mean_score=12.540 eval_policy_mode=greedy [solved=7/50, score_range=10.00-16.00/16.0, initial=9.00]
[step 07600] PROGRESS: filled=12.54 violations=0.00 zero_cand=0.00
[step 07600] DEBUG: ep_len=14.5 ep_ret=-10.870 stop_prob=0.000 score_chg=3.1300
[DEBUG] train_step 7600: starting episode collection
[DEBUG] train_step 7600: episodes collected, starting value_update
[DEBUG] train_step 7600: value_update done, starting policy_update
[DEBUG] train_step 7600: policy_update done
[step 07650] value_loss=2.459828 policy_loss=-0.640785
[step 07650] VALUE_DEBUG: target(mean=-13.00 std=4.77 min=-22.02 max=1.84) V(s)(mean=-13.41 std=4.18) reward(mean=-1.046 std=4.839) clip=50.0
[DEBUG] train_step 7650: starting episode collection
[DEBUG] train_step 7650: episodes collected, starting value_update
[DEBUG] train_step 7650: value_update done, starting policy_update
[DEBUG] train_step 7650: policy_update done
[step 07700] opnorm clamp applied
[step 07700] value_loss=11.235315 policy_loss=1.209881
[step 07700] VALUE_DEBUG: target(mean=-13.22 std=5.26 min=-21.33 max=1.84) V(s)(mean=-12.27 std=4.39) reward(mean=-1.032 std=3.830) clip=50.0
[step 07700] eval_success_rate=0.140 eval_mean_score=12.380 eval_policy_mode=greedy [solved=7/50, score_range=10.00-16.00/16.0, initial=9.00]
[step 07700] PROGRESS: filled=12.38 violations=0.00 zero_cand=0.00
[step 07700] DEBUG: ep_len=14.7 ep_ret=-11.412 stop_prob=0.000 score_chg=2.7900
[DEBUG] train_step 7700: starting episode collection
[DEBUG] train_step 7700: episodes collected, starting value_update
[DEBUG] train_step 7700: value_update done, starting policy_update
[DEBUG] train_step 7700: policy_update done
[step 07750] value_loss=2.407188 policy_loss=1.063205
[step 07750] VALUE_DEBUG: target(mean=-12.61 std=4.83 min=-19.48 max=1.52) V(s)(mean=-12.56 std=4.38) reward(mean=-1.075 std=4.205) clip=50.0
[DEBUG] train_step 7750: starting episode collection
[DEBUG] train_step 7750: episodes collected, starting value_update
[DEBUG] train_step 7750: value_update done, starting policy_update
[DEBUG] train_step 7750: policy_update done
[step 07800] opnorm clamp applied
[step 07800] value_loss=5.382274 policy_loss=-0.870575
[step 07800] VALUE_DEBUG: target(mean=-11.85 std=5.62 min=-22.44 max=0.95) V(s)(mean=-12.76 std=5.09) reward(mean=0.545 std=2.170) clip=50.0
[step 07800] eval_success_rate=0.140 eval_mean_score=12.820 eval_policy_mode=greedy [solved=7/50, score_range=10.00-16.00/16.0, initial=9.00]
[step 07800] PROGRESS: filled=12.82 violations=0.00 zero_cand=0.00
[step 07800] DEBUG: ep_len=14.5 ep_ret=-10.800 stop_prob=0.000 score_chg=3.2400
[DEBUG] train_step 7800: starting episode collection
[DEBUG] train_step 7800: episodes collected, starting value_update
[DEBUG] train_step 7800: value_update done, starting policy_update
[DEBUG] train_step 7800: policy_update done
[step 07850] value_loss=6.401198 policy_loss=-0.598383
[step 07850] VALUE_DEBUG: target(mean=-12.73 std=5.34 min=-21.57 max=1.72) V(s)(mean=-12.82 std=4.66) reward(mean=-1.048 std=4.546) clip=50.0
[DEBUG] train_step 7850: starting episode collection
[DEBUG] train_step 7850: episodes collected, starting value_update
[DEBUG] train_step 7850: value_update done, starting policy_update
[DEBUG] train_step 7850: policy_update done
[step 07900] opnorm clamp applied
[step 07900] value_loss=4.075992 policy_loss=0.647695
[step 07900] VALUE_DEBUG: target(mean=-13.73 std=3.32 min=-21.92 max=-3.88) V(s)(mean=-13.90 std=2.36) reward(mean=-0.888 std=4.436) clip=50.0
[step 07900] eval_success_rate=0.180 eval_mean_score=12.600 eval_policy_mode=greedy [solved=9/50, score_range=9.00-16.00/16.0, initial=9.00]
[step 07900] PROGRESS: filled=12.60 violations=0.00 zero_cand=0.00
[step 07900] DEBUG: ep_len=14.5 ep_ret=-11.190 stop_prob=0.000 score_chg=2.8350
[DEBUG] train_step 7900: starting episode collection
[DEBUG] train_step 7900: episodes collected, starting value_update
[DEBUG] train_step 7900: value_update done, starting policy_update
[DEBUG] train_step 7900: policy_update done
[step 07950] value_loss=4.649647 policy_loss=-0.198596
[step 07950] VALUE_DEBUG: target(mean=-12.17 std=5.91 min=-18.13 max=1.86) V(s)(mean=-13.22 std=5.56) reward(mean=0.445 std=1.268) clip=50.0
[DEBUG] train_step 7950: starting episode collection
[DEBUG] train_step 7950: episodes collected, starting value_update
[DEBUG] train_step 7950: value_update done, starting policy_update
[DEBUG] train_step 7950: policy_update done
[step 08000] opnorm clamp applied
[step 08000] value_loss=4.130245 policy_loss=0.911545
[step 08000] VALUE_DEBUG: target(mean=-13.25 std=5.94 min=-21.19 max=1.84) V(s)(mean=-12.73 std=5.29) reward(mean=-0.382 std=1.996) clip=50.0
[step 08000] eval_success_rate=0.160 eval_mean_score=12.700 eval_policy_mode=greedy [solved=8/50, score_range=10.00-16.00/16.0, initial=9.00]
[step 08000] PROGRESS: filled=12.70 violations=0.00 zero_cand=0.00
[step 08000] DEBUG: ep_len=14.5 ep_ret=-10.872 stop_prob=0.000 score_chg=3.1775
[Checkpoint] Saved to buiksat_trm/checkpoints/table3_hard_6to8_controlled_nomask_c_r0_s3/rl_checkpoint_step_8000.pt
[DEBUG] train_step 8000: starting episode collection
[DEBUG] train_step 8000: episodes collected, starting value_update
[DEBUG] train_step 8000: value_update done, starting policy_update
[DEBUG] train_step 8000: policy_update done
[step 08050] value_loss=6.483900 policy_loss=0.214629
[step 08050] VALUE_DEBUG: target(mean=-11.16 std=5.50 min=-16.91 max=2.10) V(s)(mean=-12.18 std=5.22) reward(mean=0.729 std=3.829) clip=50.0
[DEBUG] train_step 8050: starting episode collection
[DEBUG] train_step 8050: episodes collected, starting value_update
[DEBUG] train_step 8050: value_update done, starting policy_update
[DEBUG] train_step 8050: policy_update done
[step 08100] opnorm clamp applied
[step 08100] value_loss=3.062208 policy_loss=0.262245
[step 08100] VALUE_DEBUG: target(mean=-11.28 std=5.98 min=-17.34 max=7.29) V(s)(mean=-11.24 std=6.07) reward(mean=-0.771 std=4.221) clip=50.0
[step 08100] eval_success_rate=0.140 eval_mean_score=12.560 eval_policy_mode=greedy [solved=7/50, score_range=10.00-16.00/16.0, initial=9.00]
[step 08100] PROGRESS: filled=12.56 violations=0.00 zero_cand=0.00
[step 08100] DEBUG: ep_len=14.7 ep_ret=-11.520 stop_prob=0.000 score_chg=2.7975
[DEBUG] train_step 8100: starting episode collection
[DEBUG] train_step 8100: episodes collected, starting value_update
[DEBUG] train_step 8100: value_update done, starting policy_update
[DEBUG] train_step 8100: policy_update done
[step 08150] value_loss=5.953602 policy_loss=0.441974
[step 08150] VALUE_DEBUG: target(mean=-10.39 std=6.96 min=-23.59 max=2.13) V(s)(mean=-9.92 std=6.05) reward(mean=-0.361 std=1.952) clip=50.0
[DEBUG] train_step 8150: starting episode collection
[DEBUG] train_step 8150: episodes collected, starting value_update
[DEBUG] train_step 8150: value_update done, starting policy_update
[DEBUG] train_step 8150: policy_update done
[step 08200] opnorm clamp applied
[step 08200] value_loss=2.446833 policy_loss=-0.272238
[step 08200] VALUE_DEBUG: target(mean=-11.92 std=3.95 min=-16.64 max=1.10) V(s)(mean=-12.38 std=3.66) reward(mean=-0.482 std=4.363) clip=50.0
[step 08200] eval_success_rate=0.140 eval_mean_score=12.200 eval_policy_mode=greedy [solved=7/50, score_range=9.00-16.00/16.0, initial=9.00]
[step 08200] PROGRESS: filled=12.20 violations=0.00 zero_cand=0.00
[step 08200] DEBUG: ep_len=14.8 ep_ret=-11.339 stop_prob=0.000 score_chg=2.9875
[DEBUG] train_step 8200: starting episode collection
[DEBUG] train_step 8200: episodes collected, starting value_update
[DEBUG] train_step 8200: value_update done, starting policy_update
[DEBUG] train_step 8200: policy_update done
[step 08250] value_loss=4.977092 policy_loss=-0.677237
[step 08250] VALUE_DEBUG: target(mean=-14.91 std=2.44 min=-22.89 max=-9.80) V(s)(mean=-14.41 std=1.81) reward(mean=-2.014 std=4.936) clip=50.0
[DEBUG] train_step 8250: starting episode collection
[DEBUG] train_step 8250: episodes collected, starting value_update
[DEBUG] train_step 8250: value_update done, starting policy_update
[DEBUG] train_step 8250: policy_update done
[step 08300] opnorm clamp applied
[step 08300] value_loss=7.794482 policy_loss=0.000164
[step 08300] VALUE_DEBUG: target(mean=-13.00 std=5.75 min=-21.03 max=7.32) V(s)(mean=-12.69 std=5.23) reward(mean=-1.830 std=5.446) clip=50.0
[step 08300] eval_success_rate=0.120 eval_mean_score=12.600 eval_policy_mode=greedy [solved=6/50, score_range=9.00-16.00/16.0, initial=9.00]
[step 08300] PROGRESS: filled=12.60 violations=0.00 zero_cand=0.00
[step 08300] DEBUG: ep_len=14.5 ep_ret=-10.991 stop_prob=0.000 score_chg=2.9650
[DEBUG] train_step 8300: starting episode collection
[DEBUG] train_step 8300: episodes collected, starting value_update
[DEBUG] train_step 8300: value_update done, starting policy_update
[DEBUG] train_step 8300: policy_update done
[step 08350] value_loss=8.829951 policy_loss=0.477480
[step 08350] VALUE_DEBUG: target(mean=-10.48 std=6.81 min=-18.97 max=3.83) V(s)(mean=-11.18 std=5.66) reward(mean=-0.621 std=4.467) clip=50.0
[DEBUG] train_step 8350: starting episode collection
[DEBUG] train_step 8350: episodes collected, starting value_update
[DEBUG] train_step 8350: value_update done, starting policy_update
[DEBUG] train_step 8350: policy_update done
[step 08400] opnorm clamp applied
[step 08400] value_loss=7.676250 policy_loss=0.197220
[step 08400] VALUE_DEBUG: target(mean=-11.39 std=6.29 min=-17.71 max=2.78) V(s)(mean=-11.66 std=5.84) reward(mean=-1.020 std=5.450) clip=50.0
[step 08400] eval_success_rate=0.240 eval_mean_score=13.120 eval_policy_mode=greedy [solved=12/50, score_range=10.00-16.00/16.0, initial=9.00]
[step 08400] PROGRESS: filled=13.12 violations=0.00 zero_cand=0.00
[step 08400] DEBUG: ep_len=14.5 ep_ret=-10.898 stop_prob=0.000 score_chg=3.0925
[DEBUG] train_step 8400: starting episode collection
[DEBUG] train_step 8400: episodes collected, starting value_update
[DEBUG] train_step 8400: value_update done, starting policy_update
[DEBUG] train_step 8400: policy_update done
[step 08450] value_loss=2.171706 policy_loss=0.080798
[step 08450] VALUE_DEBUG: target(mean=-13.27 std=5.05 min=-19.47 max=2.38) V(s)(mean=-13.53 std=4.92) reward(mean=-1.762 std=4.727) clip=50.0
[DEBUG] train_step 8450: starting episode collection
[DEBUG] train_step 8450: episodes collected, starting value_update
[DEBUG] train_step 8450: value_update done, starting policy_update
[DEBUG] train_step 8450: policy_update done
[step 08500] opnorm clamp applied
[step 08500] value_loss=6.973153 policy_loss=0.197541
[step 08500] VALUE_DEBUG: target(mean=-12.95 std=5.39 min=-23.55 max=3.83) V(s)(mean=-12.00 std=4.87) reward(mean=-0.709 std=3.509) clip=50.0
[step 08500] eval_success_rate=0.140 eval_mean_score=12.360 eval_policy_mode=greedy [solved=7/50, score_range=9.00-16.00/16.0, initial=9.00]
[step 08500] PROGRESS: filled=12.36 violations=0.00 zero_cand=0.00
[step 08500] DEBUG: ep_len=14.3 ep_ret=-10.154 stop_prob=0.000 score_chg=3.5050
[DEBUG] train_step 8500: starting episode collection
[DEBUG] train_step 8500: episodes collected, starting value_update
[DEBUG] train_step 8500: value_update done, starting policy_update
[DEBUG] train_step 8500: policy_update done
[step 08550] value_loss=4.600186 policy_loss=0.283252
[step 08550] VALUE_DEBUG: target(mean=-12.95 std=5.77 min=-21.63 max=7.93) V(s)(mean=-12.88 std=4.70) reward(mean=-0.729 std=4.475) clip=50.0
[DEBUG] train_step 8550: starting episode collection
[DEBUG] train_step 8550: episodes collected, starting value_update
[DEBUG] train_step 8550: value_update done, starting policy_update
[DEBUG] train_step 8550: policy_update done
[step 08600] opnorm clamp applied
[step 08600] value_loss=12.051183 policy_loss=0.930257
[step 08600] VALUE_DEBUG: target(mean=-11.99 std=7.06 min=-28.27 max=4.06) V(s)(mean=-11.75 std=5.81) reward(mean=-1.235 std=4.895) clip=50.0
[step 08600] eval_success_rate=0.160 eval_mean_score=12.660 eval_policy_mode=greedy [solved=8/50, score_range=9.00-16.00/16.0, initial=9.00]
[step 08600] PROGRESS: filled=12.66 violations=0.00 zero_cand=0.00
[step 08600] DEBUG: ep_len=14.2 ep_ret=-10.250 stop_prob=0.000 score_chg=3.0200
[DEBUG] train_step 8600: starting episode collection
[DEBUG] train_step 8600: episodes collected, starting value_update
[DEBUG] train_step 8600: value_update done, starting policy_update
[DEBUG] train_step 8600: policy_update done
[step 08650] value_loss=5.923223 policy_loss=-0.409368
[step 08650] VALUE_DEBUG: target(mean=-13.17 std=4.79 min=-24.14 max=3.24) V(s)(mean=-11.92 std=4.24) reward(mean=-1.015 std=3.494) clip=50.0
[DEBUG] train_step 8650: starting episode collection
[DEBUG] train_step 8650: episodes collected, starting value_update
[DEBUG] train_step 8650: value_update done, starting policy_update
[DEBUG] train_step 8650: policy_update done
[step 08700] opnorm clamp applied
[step 08700] value_loss=8.288159 policy_loss=0.345738
[step 08700] VALUE_DEBUG: target(mean=-11.07 std=6.78 min=-22.02 max=3.59) V(s)(mean=-10.12 std=6.60) reward(mean=-1.116 std=4.401) clip=50.0
[step 08700] eval_success_rate=0.200 eval_mean_score=12.440 eval_policy_mode=greedy [solved=10/50, score_range=9.00-16.00/16.0, initial=9.00]
[step 08700] PROGRESS: filled=12.44 violations=0.00 zero_cand=0.00
[step 08700] DEBUG: ep_len=14.2 ep_ret=-10.265 stop_prob=0.000 score_chg=3.1850
[DEBUG] train_step 8700: starting episode collection
[DEBUG] train_step 8700: episodes collected, starting value_update
[DEBUG] train_step 8700: value_update done, starting policy_update
[DEBUG] train_step 8700: policy_update done
[step 08750] value_loss=8.276701 policy_loss=-0.053465
[step 08750] VALUE_DEBUG: target(mean=-14.25 std=4.24 min=-22.05 max=-1.35) V(s)(mean=-13.37 std=3.21) reward(mean=-1.382 std=4.848) clip=50.0
[DEBUG] train_step 8750: starting episode collection
[DEBUG] train_step 8750: episodes collected, starting value_update
[DEBUG] train_step 8750: value_update done, starting policy_update
[DEBUG] train_step 8750: policy_update done
[step 08800] opnorm clamp applied
[step 08800] value_loss=5.312728 policy_loss=0.235417
[step 08800] VALUE_DEBUG: target(mean=-12.13 std=5.53 min=-17.83 max=8.22) V(s)(mean=-13.14 std=4.30) reward(mean=-0.050 std=4.196) clip=50.0
[step 08800] eval_success_rate=0.140 eval_mean_score=12.440 eval_policy_mode=greedy [solved=7/50, score_range=9.00-16.00/16.0, initial=9.00]
[step 08800] PROGRESS: filled=12.44 violations=0.00 zero_cand=0.00
[step 08800] DEBUG: ep_len=14.2 ep_ret=-10.199 stop_prob=0.000 score_chg=3.1075
[DEBUG] train_step 8800: starting episode collection
[DEBUG] train_step 8800: episodes collected, starting value_update
[DEBUG] train_step 8800: value_update done, starting policy_update
[DEBUG] train_step 8800: policy_update done
[step 08850] value_loss=10.611249 policy_loss=0.423611
[step 08850] VALUE_DEBUG: target(mean=-13.18 std=5.54 min=-26.60 max=1.00) V(s)(mean=-11.88 std=4.86) reward(mean=-0.542 std=2.946) clip=50.0
[DEBUG] train_step 8850: starting episode collection
[DEBUG] train_step 8850: episodes collected, starting value_update
[DEBUG] train_step 8850: value_update done, starting policy_update
[DEBUG] train_step 8850: policy_update done
[step 08900] opnorm clamp applied
[step 08900] value_loss=3.574069 policy_loss=0.168902
[step 08900] VALUE_DEBUG: target(mean=-13.25 std=4.43 min=-22.33 max=5.08) V(s)(mean=-13.32 std=3.99) reward(mean=-0.429 std=3.069) clip=50.0
[step 08900] eval_success_rate=0.200 eval_mean_score=12.600 eval_policy_mode=greedy [solved=10/50, score_range=9.00-16.00/16.0, initial=9.00]
[step 08900] PROGRESS: filled=12.60 violations=0.00 zero_cand=0.00
[step 08900] DEBUG: ep_len=14.2 ep_ret=-9.873 stop_prob=0.000 score_chg=3.3625
[DEBUG] train_step 8900: starting episode collection
[DEBUG] train_step 8900: episodes collected, starting value_update
[DEBUG] train_step 8900: value_update done, starting policy_update
[DEBUG] train_step 8900: policy_update done
[step 08950] value_loss=4.786699 policy_loss=-0.103262
[step 08950] VALUE_DEBUG: target(mean=-12.21 std=6.29 min=-17.93 max=3.96) V(s)(mean=-12.55 std=5.44) reward(mean=-0.989 std=5.358) clip=50.0
[DEBUG] train_step 8950: starting episode collection
[DEBUG] train_step 8950: episodes collected, starting value_update
[DEBUG] train_step 8950: value_update done, starting policy_update
[DEBUG] train_step 8950: policy_update done
[step 09000] opnorm clamp applied
[step 09000] value_loss=10.691851 policy_loss=-0.001618
[step 09000] VALUE_DEBUG: target(mean=-13.49 std=6.02 min=-25.00 max=4.25) V(s)(mean=-12.91 std=5.39) reward(mean=-1.258 std=4.306) clip=50.0
[step 09000] eval_success_rate=0.200 eval_mean_score=12.820 eval_policy_mode=greedy [solved=10/50, score_range=9.00-16.00/16.0, initial=9.00]
[step 09000] PROGRESS: filled=12.82 violations=0.00 zero_cand=0.00
[step 09000] DEBUG: ep_len=14.3 ep_ret=-10.156 stop_prob=0.000 score_chg=3.2600
[Checkpoint] Saved to buiksat_trm/checkpoints/table3_hard_6to8_controlled_nomask_c_r0_s3/rl_checkpoint_step_9000.pt
[DEBUG] train_step 9000: starting episode collection
[DEBUG] train_step 9000: episodes collected, starting value_update
[DEBUG] train_step 9000: value_update done, starting policy_update
[DEBUG] train_step 9000: policy_update done
[step 09050] value_loss=0.642726 policy_loss=0.084904
[step 09050] VALUE_DEBUG: target(mean=-12.82 std=5.07 min=-18.51 max=2.13) V(s)(mean=-12.47 std=4.99) reward(mean=-1.706 std=5.465) clip=50.0
[DEBUG] train_step 9050: starting episode collection
[DEBUG] train_step 9050: episodes collected, starting value_update
[DEBUG] train_step 9050: value_update done, starting policy_update
[DEBUG] train_step 9050: policy_update done
[step 09100] opnorm clamp applied
[step 09100] value_loss=8.945244 policy_loss=-0.031659
[step 09100] VALUE_DEBUG: target(mean=-11.41 std=6.14 min=-23.08 max=5.24) V(s)(mean=-12.14 std=5.80) reward(mean=-0.775 std=5.389) clip=50.0
[step 09100] eval_success_rate=0.060 eval_mean_score=12.540 eval_policy_mode=greedy [solved=3/50, score_range=9.00-16.00/16.0, initial=9.00]
[step 09100] PROGRESS: filled=12.54 violations=0.00 zero_cand=0.00
[step 09100] DEBUG: ep_len=14.6 ep_ret=-10.978 stop_prob=0.000 score_chg=2.7650
[DEBUG] train_step 9100: starting episode collection
[DEBUG] train_step 9100: episodes collected, starting value_update
[DEBUG] train_step 9100: value_update done, starting policy_update
[DEBUG] train_step 9100: policy_update done
[step 09150] value_loss=2.990499 policy_loss=0.132665
[step 09150] VALUE_DEBUG: target(mean=-11.74 std=5.93 min=-18.29 max=4.81) V(s)(mean=-11.86 std=5.68) reward(mean=-1.237 std=5.972) clip=50.0
[DEBUG] train_step 9150: starting episode collection
[DEBUG] train_step 9150: episodes collected, starting value_update
[DEBUG] train_step 9150: value_update done, starting policy_update
[DEBUG] train_step 9150: policy_update done
[step 09200] opnorm clamp applied
[step 09200] value_loss=1.464971 policy_loss=0.496414
[step 09200] VALUE_DEBUG: target(mean=-12.96 std=5.69 min=-18.68 max=6.02) V(s)(mean=-13.61 std=5.63) reward(mean=-0.486 std=4.223) clip=50.0
[step 09200] eval_success_rate=0.140 eval_mean_score=12.520 eval_policy_mode=greedy [solved=7/50, score_range=9.00-16.00/16.0, initial=9.00]
[step 09200] PROGRESS: filled=12.52 violations=0.00 zero_cand=0.00
[step 09200] DEBUG: ep_len=14.5 ep_ret=-10.539 stop_prob=0.000 score_chg=2.9625
[DEBUG] train_step 9200: starting episode collection
[DEBUG] train_step 9200: episodes collected, starting value_update
[DEBUG] train_step 9200: value_update done, starting policy_update
[DEBUG] train_step 9200: policy_update done
[step 09250] value_loss=10.191802 policy_loss=0.469140
[step 09250] VALUE_DEBUG: target(mean=-12.33 std=6.01 min=-25.04 max=2.54) V(s)(mean=-12.62 std=5.22) reward(mean=-0.739 std=5.234) clip=50.0
[DEBUG] train_step 9250: starting episode collection
[DEBUG] train_step 9250: episodes collected, starting value_update
[DEBUG] train_step 9250: value_update done, starting policy_update
[DEBUG] train_step 9250: policy_update done
[step 09300] opnorm clamp applied
[step 09300] value_loss=9.595152 policy_loss=0.563074
[step 09300] VALUE_DEBUG: target(mean=-10.27 std=8.14 min=-22.92 max=6.06) V(s)(mean=-10.03 std=7.74) reward(mean=-0.644 std=4.488) clip=50.0
[step 09300] eval_success_rate=0.180 eval_mean_score=12.960 eval_policy_mode=greedy [solved=9/50, score_range=9.00-16.00/16.0, initial=9.00]
[step 09300] PROGRESS: filled=12.96 violations=0.00 zero_cand=0.00
[step 09300] DEBUG: ep_len=14.5 ep_ret=-10.401 stop_prob=0.000 score_chg=3.2725
[DEBUG] train_step 9300: starting episode collection
[DEBUG] train_step 9300: episodes collected, starting value_update
[DEBUG] train_step 9300: value_update done, starting policy_update
[DEBUG] train_step 9300: policy_update done
[step 09350] value_loss=6.887795 policy_loss=0.236165
[step 09350] VALUE_DEBUG: target(mean=-11.63 std=6.99 min=-23.08 max=3.20) V(s)(mean=-10.53 std=6.97) reward(mean=-2.740 std=6.668) clip=50.0
[DEBUG] train_step 9350: starting episode collection
[DEBUG] train_step 9350: episodes collected, starting value_update
[DEBUG] train_step 9350: value_update done, starting policy_update
[DEBUG] train_step 9350: policy_update done
[step 09400] opnorm clamp applied
[step 09400] value_loss=2.066000 policy_loss=-0.643829
[step 09400] VALUE_DEBUG: target(mean=-13.92 std=5.49 min=-24.94 max=3.26) V(s)(mean=-14.01 std=5.01) reward(mean=-0.482 std=3.281) clip=50.0
[step 09400] eval_success_rate=0.180 eval_mean_score=12.640 eval_policy_mode=greedy [solved=9/50, score_range=9.00-16.00/16.0, initial=9.00]
[step 09400] PROGRESS: filled=12.64 violations=0.00 zero_cand=0.00
[step 09400] DEBUG: ep_len=14.6 ep_ret=-10.174 stop_prob=0.000 score_chg=3.4950
[DEBUG] train_step 9400: starting episode collection
[DEBUG] train_step 9400: episodes collected, starting value_update
[DEBUG] train_step 9400: value_update done, starting policy_update
[DEBUG] train_step 9400: policy_update done
[step 09450] value_loss=4.316683 policy_loss=0.597546
[step 09450] VALUE_DEBUG: target(mean=-10.19 std=6.88 min=-22.18 max=6.07) V(s)(mean=-10.59 std=6.25) reward(mean=0.294 std=2.920) clip=50.0
[DEBUG] train_step 9450: starting episode collection
[DEBUG] train_step 9450: episodes collected, starting value_update
[DEBUG] train_step 9450: value_update done, starting policy_update
[DEBUG] train_step 9450: policy_update done
[step 09500] opnorm clamp applied
[step 09500] value_loss=7.039218 policy_loss=-0.231273
[step 09500] VALUE_DEBUG: target(mean=-12.43 std=7.10 min=-22.97 max=5.04) V(s)(mean=-11.59 std=6.14) reward(mean=-1.832 std=5.236) clip=50.0
[step 09500] eval_success_rate=0.100 eval_mean_score=12.080 eval_policy_mode=greedy [solved=5/50, score_range=9.00-16.00/16.0, initial=9.00]
[step 09500] PROGRESS: filled=12.08 violations=0.00 zero_cand=0.00
[step 09500] DEBUG: ep_len=14.5 ep_ret=-10.802 stop_prob=0.000 score_chg=3.0450
[DEBUG] train_step 9500: starting episode collection
[DEBUG] train_step 9500: episodes collected, starting value_update
[DEBUG] train_step 9500: value_update done, starting policy_update
[DEBUG] train_step 9500: policy_update done
[step 09550] value_loss=3.964141 policy_loss=-0.627829
[step 09550] VALUE_DEBUG: target(mean=-11.55 std=7.61 min=-22.34 max=4.87) V(s)(mean=-11.58 std=7.55) reward(mean=-1.036 std=4.338) clip=50.0
[DEBUG] train_step 9550: starting episode collection
[DEBUG] train_step 9550: episodes collected, starting value_update
[DEBUG] train_step 9550: value_update done, starting policy_update
[DEBUG] train_step 9550: policy_update done
[step 09600] opnorm clamp applied
[step 09600] value_loss=5.588649 policy_loss=0.293760
[step 09600] VALUE_DEBUG: target(mean=-12.19 std=7.33 min=-22.14 max=6.35) V(s)(mean=-11.83 std=6.73) reward(mean=-0.386 std=2.521) clip=50.0
[step 09600] eval_success_rate=0.140 eval_mean_score=12.860 eval_policy_mode=greedy [solved=7/50, score_range=9.00-16.00/16.0, initial=9.00]
[step 09600] PROGRESS: filled=12.86 violations=0.00 zero_cand=0.00
[step 09600] DEBUG: ep_len=14.8 ep_ret=-11.356 stop_prob=0.000 score_chg=3.0575
[DEBUG] train_step 9600: starting episode collection
[DEBUG] train_step 9600: episodes collected, starting value_update
[DEBUG] train_step 9600: value_update done, starting policy_update
[DEBUG] train_step 9600: policy_update done
[step 09650] value_loss=3.015233 policy_loss=0.095450
[step 09650] VALUE_DEBUG: target(mean=-11.41 std=6.90 min=-19.37 max=8.96) V(s)(mean=-11.81 std=6.11) reward(mean=-0.416 std=4.442) clip=50.0
[DEBUG] train_step 9650: starting episode collection
[DEBUG] train_step 9650: episodes collected, starting value_update
[DEBUG] train_step 9650: value_update done, starting policy_update
[DEBUG] train_step 9650: policy_update done
[step 09700] opnorm clamp applied
[step 09700] value_loss=18.506353 policy_loss=-0.641646
[step 09700] VALUE_DEBUG: target(mean=-8.65 std=8.17 min=-18.06 max=6.84) V(s)(mean=-10.53 std=7.77) reward(mean=-0.166 std=5.917) clip=50.0
[step 09700] eval_success_rate=0.180 eval_mean_score=12.640 eval_policy_mode=greedy [solved=9/50, score_range=9.00-16.00/16.0, initial=9.00]
[step 09700] PROGRESS: filled=12.64 violations=0.00 zero_cand=0.00
[step 09700] DEBUG: ep_len=14.7 ep_ret=-10.694 stop_prob=0.000 score_chg=3.4200
[DEBUG] train_step 9700: starting episode collection
[DEBUG] train_step 9700: episodes collected, starting value_update
[DEBUG] train_step 9700: value_update done, starting policy_update
[DEBUG] train_step 9700: policy_update done
[step 09750] value_loss=6.372171 policy_loss=-0.422063
[step 09750] VALUE_DEBUG: target(mean=-11.93 std=7.15 min=-20.66 max=5.93) V(s)(mean=-11.67 std=6.42) reward(mean=-0.670 std=3.466) clip=50.0
[DEBUG] train_step 9750: starting episode collection
[DEBUG] train_step 9750: episodes collected, starting value_update
[DEBUG] train_step 9750: value_update done, starting policy_update
[DEBUG] train_step 9750: policy_update done
[step 09800] opnorm clamp applied
[step 09800] value_loss=2.149596 policy_loss=-0.205865
[step 09800] VALUE_DEBUG: target(mean=-13.65 std=4.15 min=-23.71 max=3.80) V(s)(mean=-12.95 std=3.63) reward(mean=-1.015 std=4.125) clip=50.0
[step 09800] eval_success_rate=0.180 eval_mean_score=12.760 eval_policy_mode=greedy [solved=9/50, score_range=9.00-16.00/16.0, initial=9.00]
[step 09800] PROGRESS: filled=12.76 violations=0.00 zero_cand=0.00
[step 09800] DEBUG: ep_len=14.5 ep_ret=-10.125 stop_prob=0.000 score_chg=3.5950
[DEBUG] train_step 9800: starting episode collection
[DEBUG] train_step 9800: episodes collected, starting value_update
[DEBUG] train_step 9800: value_update done, starting policy_update
[DEBUG] train_step 9800: policy_update done
[step 09850] value_loss=1.580654 policy_loss=-0.002291
[step 09850] VALUE_DEBUG: target(mean=-11.80 std=6.84 min=-19.81 max=6.05) V(s)(mean=-11.53 std=6.30) reward(mean=-0.264 std=3.190) clip=50.0
[DEBUG] train_step 9850: starting episode collection
[DEBUG] train_step 9850: episodes collected, starting value_update
[DEBUG] train_step 9850: value_update done, starting policy_update
[DEBUG] train_step 9850: policy_update done
[step 09900] opnorm clamp applied
[step 09900] value_loss=0.969472 policy_loss=0.353119
[step 09900] VALUE_DEBUG: target(mean=-11.26 std=6.21 min=-17.68 max=5.52) V(s)(mean=-10.92 std=5.90) reward(mean=-0.363 std=2.940) clip=50.0
[step 09900] eval_success_rate=0.180 eval_mean_score=12.940 eval_policy_mode=greedy [solved=9/50, score_range=10.00-16.00/16.0, initial=9.00]
[step 09900] PROGRESS: filled=12.94 violations=0.00 zero_cand=0.00
[step 09900] DEBUG: ep_len=14.0 ep_ret=-8.739 stop_prob=0.000 score_chg=3.9500
[DEBUG] train_step 9900: starting episode collection
[DEBUG] train_step 9900: episodes collected, starting value_update
[DEBUG] train_step 9900: value_update done, starting policy_update
[DEBUG] train_step 9900: policy_update done
[step 09950] value_loss=2.434066 policy_loss=0.138224
[step 09950] VALUE_DEBUG: target(mean=-13.68 std=5.04 min=-22.83 max=3.98) V(s)(mean=-13.57 std=4.75) reward(mean=-0.608 std=3.362) clip=50.0
[DEBUG] train_step 9950: starting episode collection
[DEBUG] train_step 9950: episodes collected, starting value_update
[DEBUG] train_step 9950: value_update done, starting policy_update
[DEBUG] train_step 9950: policy_update done
[step 10000] opnorm clamp applied
[step 10000] value_loss=4.723423 policy_loss=-0.178808
[step 10000] VALUE_DEBUG: target(mean=-10.75 std=6.50 min=-17.81 max=3.97) V(s)(mean=-10.98 std=6.23) reward(mean=-0.603 std=4.595) clip=50.0
[step 10000] eval_success_rate=0.280 eval_mean_score=12.900 eval_policy_mode=greedy [solved=14/50, score_range=10.00-16.00/16.0, initial=9.00]
[step 10000] PROGRESS: filled=12.90 violations=0.00 zero_cand=0.00
[step 10000] DEBUG: ep_len=14.2 ep_ret=-9.713 stop_prob=0.000 score_chg=3.2825
[Checkpoint] Saved to buiksat_trm/checkpoints/table3_hard_6to8_controlled_nomask_c_r0_s3/rl_checkpoint_step_10000.pt
[DEBUG] train_step 10000: starting episode collection
[DEBUG] train_step 10000: episodes collected, starting value_update
[DEBUG] train_step 10000: value_update done, starting policy_update
[DEBUG] train_step 10000: policy_update done
[step 10050] value_loss=2.048409 policy_loss=0.525198
[step 10050] VALUE_DEBUG: target(mean=-11.79 std=6.11 min=-18.70 max=5.22) V(s)(mean=-11.88 std=5.92) reward(mean=-0.864 std=4.092) clip=50.0
[DEBUG] train_step 10050: starting episode collection
[DEBUG] train_step 10050: episodes collected, starting value_update
[DEBUG] train_step 10050: value_update done, starting policy_update
[DEBUG] train_step 10050: policy_update done
[step 10100] opnorm clamp applied
[step 10100] value_loss=14.233162 policy_loss=-0.497189
[step 10100] VALUE_DEBUG: target(mean=-9.14 std=8.03 min=-21.82 max=5.83) V(s)(mean=-8.42 std=7.99) reward(mean=-0.428 std=3.677) clip=50.0
[step 10100] eval_success_rate=0.140 eval_mean_score=12.620 eval_policy_mode=greedy [solved=7/50, score_range=9.00-16.00/16.0, initial=9.00]
[step 10100] PROGRESS: filled=12.62 violations=0.00 zero_cand=0.00
[step 10100] DEBUG: ep_len=14.3 ep_ret=-9.399 stop_prob=0.000 score_chg=3.6900
[DEBUG] train_step 10100: starting episode collection
[DEBUG] train_step 10100: episodes collected, starting value_update
[DEBUG] train_step 10100: value_update done, starting policy_update
[DEBUG] train_step 10100: policy_update done
[step 10150] value_loss=13.638258 policy_loss=0.635286
[step 10150] VALUE_DEBUG: target(mean=-11.99 std=7.60 min=-26.18 max=6.80) V(s)(mean=-12.58 std=6.32) reward(mean=0.011 std=3.011) clip=50.0
[DEBUG] train_step 10150: starting episode collection
[DEBUG] train_step 10150: episodes collected, starting value_update
[DEBUG] train_step 10150: value_update done, starting policy_update
[DEBUG] train_step 10150: policy_update done
[step 10200] opnorm clamp applied
[step 10200] value_loss=7.146624 policy_loss=0.049766
[step 10200] VALUE_DEBUG: target(mean=-14.16 std=5.38 min=-26.00 max=2.37) V(s)(mean=-13.41 std=4.24) reward(mean=-0.985 std=3.990) clip=50.0
[step 10200] eval_success_rate=0.160 eval_mean_score=12.660 eval_policy_mode=greedy [solved=8/50, score_range=9.00-16.00/16.0, initial=9.00]
[step 10200] PROGRESS: filled=12.66 violations=0.00 zero_cand=0.00
[step 10200] DEBUG: ep_len=14.2 ep_ret=-9.864 stop_prob=0.000 score_chg=3.1025
[DEBUG] train_step 10200: starting episode collection
[DEBUG] train_step 10200: episodes collected, starting value_update
[DEBUG] train_step 10200: value_update done, starting policy_update
[DEBUG] train_step 10200: policy_update done
[step 10250] value_loss=27.443977 policy_loss=0.218396
[step 10250] VALUE_DEBUG: target(mean=-12.46 std=7.19 min=-24.04 max=4.76) V(s)(mean=-11.97 std=6.88) reward(mean=-2.733 std=7.421) clip=50.0
[DEBUG] train_step 10250: starting episode collection
[DEBUG] train_step 10250: episodes collected, starting value_update
[DEBUG] train_step 10250: value_update done, starting policy_update
[DEBUG] train_step 10250: policy_update done
[step 10300] opnorm clamp applied
[step 10300] value_loss=7.994539 policy_loss=-0.395254
[step 10300] VALUE_DEBUG: target(mean=-12.80 std=6.21 min=-25.87 max=4.46) V(s)(mean=-11.87 std=5.67) reward(mean=-1.262 std=4.694) clip=50.0
[step 10300] eval_success_rate=0.120 eval_mean_score=12.700 eval_policy_mode=greedy [solved=6/50, score_range=10.00-16.00/16.0, initial=9.00]
[step 10300] PROGRESS: filled=12.70 violations=0.00 zero_cand=0.00
[step 10300] DEBUG: ep_len=14.2 ep_ret=-9.136 stop_prob=0.000 score_chg=3.6575
[DEBUG] train_step 10300: starting episode collection
[DEBUG] train_step 10300: episodes collected, starting value_update
[DEBUG] train_step 10300: value_update done, starting policy_update
[DEBUG] train_step 10300: policy_update done
[step 10350] value_loss=3.833143 policy_loss=-0.425655
[step 10350] VALUE_DEBUG: target(mean=-11.76 std=7.58 min=-19.52 max=5.48) V(s)(mean=-12.30 std=7.01) reward(mean=-0.150 std=3.737) clip=50.0
[DEBUG] train_step 10350: starting episode collection
[DEBUG] train_step 10350: episodes collected, starting value_update
[DEBUG] train_step 10350: value_update done, starting policy_update
[DEBUG] train_step 10350: policy_update done
[step 10400] opnorm clamp applied
[step 10400] value_loss=3.362695 policy_loss=-0.937795
[step 10400] VALUE_DEBUG: target(mean=-11.77 std=7.37 min=-19.42 max=6.42) V(s)(mean=-11.28 std=6.91) reward(mean=-0.851 std=2.767) clip=50.0
[step 10400] eval_success_rate=0.200 eval_mean_score=12.860 eval_policy_mode=greedy [solved=10/50, score_range=9.00-16.00/16.0, initial=9.00]
[step 10400] PROGRESS: filled=12.86 violations=0.00 zero_cand=0.00
[step 10400] DEBUG: ep_len=14.1 ep_ret=-8.674 stop_prob=0.000 score_chg=3.9925
[DEBUG] train_step 10400: starting episode collection
[DEBUG] train_step 10400: episodes collected, starting value_update
[DEBUG] train_step 10400: value_update done, starting policy_update
[DEBUG] train_step 10400: policy_update done
[step 10450] value_loss=3.869542 policy_loss=0.129138
[step 10450] VALUE_DEBUG: target(mean=-12.07 std=7.18 min=-23.25 max=5.90) V(s)(mean=-11.75 std=6.52) reward(mean=-1.073 std=4.270) clip=50.0
[DEBUG] train_step 10450: starting episode collection
[DEBUG] train_step 10450: episodes collected, starting value_update
[DEBUG] train_step 10450: value_update done, starting policy_update
[DEBUG] train_step 10450: policy_update done
[step 10500] opnorm clamp applied
[step 10500] value_loss=2.004401 policy_loss=0.317937
[step 10500] VALUE_DEBUG: target(mean=-13.09 std=5.87 min=-20.53 max=4.91) V(s)(mean=-13.26 std=5.67) reward(mean=-0.640 std=4.395) clip=50.0
[step 10500] eval_success_rate=0.180 eval_mean_score=12.880 eval_policy_mode=greedy [solved=9/50, score_range=9.00-16.00/16.0, initial=9.00]
[step 10500] PROGRESS: filled=12.88 violations=0.00 zero_cand=0.00
[step 10500] DEBUG: ep_len=14.0 ep_ret=-9.055 stop_prob=0.000 score_chg=3.4550
[DEBUG] train_step 10500: starting episode collection
[DEBUG] train_step 10500: episodes collected, starting value_update
[DEBUG] train_step 10500: value_update done, starting policy_update
[DEBUG] train_step 10500: policy_update done
[step 10550] value_loss=4.561751 policy_loss=-0.545236
[step 10550] VALUE_DEBUG: target(mean=-11.37 std=7.41 min=-24.01 max=7.60) V(s)(mean=-11.56 std=6.60) reward(mean=-0.269 std=3.596) clip=50.0
[DEBUG] train_step 10550: starting episode collection
[DEBUG] train_step 10550: episodes collected, starting value_update
[DEBUG] train_step 10550: value_update done, starting policy_update
[DEBUG] train_step 10550: policy_update done
[step 10600] opnorm clamp applied
[step 10600] value_loss=6.067368 policy_loss=0.042973
[step 10600] VALUE_DEBUG: target(mean=-12.16 std=6.01 min=-22.15 max=5.30) V(s)(mean=-11.85 std=5.63) reward(mean=0.325 std=2.828) clip=50.0
[step 10600] eval_success_rate=0.200 eval_mean_score=12.720 eval_policy_mode=greedy [solved=10/50, score_range=9.00-16.00/16.0, initial=9.00]
[step 10600] PROGRESS: filled=12.72 violations=0.00 zero_cand=0.00
[step 10600] DEBUG: ep_len=13.9 ep_ret=-8.578 stop_prob=0.000 score_chg=3.7525
[DEBUG] train_step 10600: starting episode collection
[DEBUG] train_step 10600: episodes collected, starting value_update
[DEBUG] train_step 10600: value_update done, starting policy_update
[DEBUG] train_step 10600: policy_update done
[step 10650] value_loss=21.622450 policy_loss=0.882730
[step 10650] VALUE_DEBUG: target(mean=-11.26 std=7.46 min=-18.67 max=6.84) V(s)(mean=-12.26 std=6.91) reward(mean=-0.084 std=3.459) clip=50.0
[DEBUG] train_step 10650: starting episode collection
[DEBUG] train_step 10650: episodes collected, starting value_update
[DEBUG] train_step 10650: value_update done, starting policy_update
[DEBUG] train_step 10650: policy_update done
[step 10700] opnorm clamp applied
[step 10700] value_loss=22.866133 policy_loss=0.286360
[step 10700] VALUE_DEBUG: target(mean=-10.21 std=7.61 min=-23.13 max=5.89) V(s)(mean=-9.04 std=7.45) reward(mean=-0.551 std=4.495) clip=50.0
[step 10700] eval_success_rate=0.180 eval_mean_score=12.980 eval_policy_mode=greedy [solved=9/50, score_range=9.00-16.00/16.0, initial=9.00]
[step 10700] PROGRESS: filled=12.98 violations=0.00 zero_cand=0.00
[step 10700] DEBUG: ep_len=14.1 ep_ret=-8.871 stop_prob=0.000 score_chg=3.9250
[DEBUG] train_step 10700: starting episode collection
[DEBUG] train_step 10700: episodes collected, starting value_update
[DEBUG] train_step 10700: value_update done, starting policy_update
[DEBUG] train_step 10700: policy_update done
[step 10750] value_loss=6.517866 policy_loss=-0.618417
[step 10750] VALUE_DEBUG: target(mean=-9.64 std=7.25 min=-18.46 max=9.15) V(s)(mean=-9.89 std=7.21) reward(mean=-0.670 std=4.820) clip=50.0
[DEBUG] train_step 10750: starting episode collection
[DEBUG] train_step 10750: episodes collected, starting value_update
[DEBUG] train_step 10750: value_update done, starting policy_update
[DEBUG] train_step 10750: policy_update done
[step 10800] opnorm clamp applied
[step 10800] value_loss=3.664381 policy_loss=0.266746
[step 10800] VALUE_DEBUG: target(mean=-11.86 std=6.23 min=-21.28 max=3.28) V(s)(mean=-11.80 std=5.82) reward(mean=-0.141 std=3.672) clip=50.0
[step 10800] eval_success_rate=0.180 eval_mean_score=13.060 eval_policy_mode=greedy [solved=9/50, score_range=9.00-16.00/16.0, initial=9.00]
[step 10800] PROGRESS: filled=13.06 violations=0.00 zero_cand=0.00
[step 10800] DEBUG: ep_len=14.2 ep_ret=-9.256 stop_prob=0.000 score_chg=3.7675
[DEBUG] train_step 10800: starting episode collection
[DEBUG] train_step 10800: episodes collected, starting value_update
[DEBUG] train_step 10800: value_update done, starting policy_update
[DEBUG] train_step 10800: policy_update done
[step 10850] value_loss=1.447286 policy_loss=-0.136703
[step 10850] VALUE_DEBUG: target(mean=-11.82 std=6.14 min=-17.52 max=5.97) V(s)(mean=-12.08 std=6.06) reward(mean=-0.526 std=4.179) clip=50.0
[DEBUG] train_step 10850: starting episode collection
[DEBUG] train_step 10850: episodes collected, starting value_update
[DEBUG] train_step 10850: value_update done, starting policy_update
[DEBUG] train_step 10850: policy_update done
[step 10900] opnorm clamp applied
[step 10900] value_loss=0.823471 policy_loss=-1.238031
[step 10900] VALUE_DEBUG: target(mean=-14.30 std=3.64 min=-18.18 max=1.84) V(s)(mean=-14.37 std=3.15) reward(mean=-0.334 std=2.892) clip=50.0
[step 10900] eval_success_rate=0.220 eval_mean_score=13.240 eval_policy_mode=greedy [solved=11/50, score_range=9.00-16.00/16.0, initial=9.00]
[step 10900] PROGRESS: filled=13.24 violations=0.00 zero_cand=0.00
[step 10900] DEBUG: ep_len=13.8 ep_ret=-8.384 stop_prob=0.000 score_chg=3.7900
[DEBUG] train_step 10900: starting episode collection
[DEBUG] train_step 10900: episodes collected, starting value_update
[DEBUG] train_step 10900: value_update done, starting policy_update
[DEBUG] train_step 10900: policy_update done
[step 10950] value_loss=5.297217 policy_loss=0.931827
[step 10950] VALUE_DEBUG: target(mean=-11.50 std=7.52 min=-20.97 max=12.39) V(s)(mean=-11.69 std=6.06) reward(mean=-0.027 std=3.565) clip=50.0
[DEBUG] train_step 10950: starting episode collection
[DEBUG] train_step 10950: episodes collected, starting value_update
[DEBUG] train_step 10950: value_update done, starting policy_update
[DEBUG] train_step 10950: policy_update done
[step 11000] opnorm clamp applied
[step 11000] value_loss=8.212871 policy_loss=-0.789725
[step 11000] VALUE_DEBUG: target(mean=-12.31 std=7.67 min=-22.84 max=9.63) V(s)(mean=-11.54 std=6.63) reward(mean=-1.016 std=3.926) clip=50.0
[step 11000] eval_success_rate=0.140 eval_mean_score=12.900 eval_policy_mode=greedy [solved=7/50, score_range=10.00-16.00/16.0, initial=9.00]
[step 11000] PROGRESS: filled=12.90 violations=0.00 zero_cand=0.00
[step 11000] DEBUG: ep_len=14.2 ep_ret=-9.383 stop_prob=0.000 score_chg=3.7000
[Checkpoint] Saved to buiksat_trm/checkpoints/table3_hard_6to8_controlled_nomask_c_r0_s3/rl_checkpoint_step_11000.pt
[DEBUG] train_step 11000: starting episode collection
[DEBUG] train_step 11000: episodes collected, starting value_update
[DEBUG] train_step 11000: value_update done, starting policy_update
[DEBUG] train_step 11000: policy_update done
[step 11050] value_loss=0.466208 policy_loss=0.403529
[step 11050] VALUE_DEBUG: target(mean=-11.53 std=6.89 min=-17.69 max=6.02) V(s)(mean=-12.07 std=6.78) reward(mean=0.292 std=0.547) clip=50.0
[DEBUG] train_step 11050: starting episode collection
[DEBUG] train_step 11050: episodes collected, starting value_update
[DEBUG] train_step 11050: value_update done, starting policy_update
[DEBUG] train_step 11050: policy_update done
[step 11100] opnorm clamp applied
[step 11100] value_loss=0.161775 policy_loss=0.618984
[step 11100] VALUE_DEBUG: target(mean=-11.83 std=6.94 min=-17.75 max=4.53) V(s)(mean=-11.92 std=6.96) reward(mean=-0.712 std=4.012) clip=50.0
[step 11100] eval_success_rate=0.180 eval_mean_score=13.160 eval_policy_mode=greedy [solved=9/50, score_range=9.00-16.00/16.0, initial=9.00]
[step 11100] PROGRESS: filled=13.16 violations=0.00 zero_cand=0.00
[step 11100] DEBUG: ep_len=14.0 ep_ret=-8.611 stop_prob=0.000 score_chg=4.1200
[DEBUG] train_step 11100: starting episode collection
[DEBUG] train_step 11100: episodes collected, starting value_update
[DEBUG] train_step 11100: value_update done, starting policy_update
[DEBUG] train_step 11100: policy_update done
[step 11150] value_loss=4.673347 policy_loss=-0.337051
[step 11150] VALUE_DEBUG: target(mean=-12.55 std=6.56 min=-23.45 max=5.62) V(s)(mean=-12.43 std=6.20) reward(mean=-0.174 std=2.864) clip=50.0
[DEBUG] train_step 11150: starting episode collection
[DEBUG] train_step 11150: episodes collected, starting value_update
[DEBUG] train_step 11150: value_update done, starting policy_update
[DEBUG] train_step 11150: policy_update done
[step 11200] opnorm clamp applied
[step 11200] value_loss=2.861356 policy_loss=-0.119897
[step 11200] VALUE_DEBUG: target(mean=-10.66 std=8.30 min=-23.74 max=6.85) V(s)(mean=-11.14 std=7.97) reward(mean=-0.336 std=4.473) clip=50.0
[step 11200] eval_success_rate=0.220 eval_mean_score=12.780 eval_policy_mode=greedy [solved=11/50, score_range=9.00-16.00/16.0, initial=9.00]
[step 11200] PROGRESS: filled=12.78 violations=0.00 zero_cand=0.00
[step 11200] DEBUG: ep_len=14.1 ep_ret=-8.847 stop_prob=0.000 score_chg=3.9475
[DEBUG] train_step 11200: starting episode collection
[DEBUG] train_step 11200: episodes collected, starting value_update
[DEBUG] train_step 11200: value_update done, starting policy_update
[DEBUG] train_step 11200: policy_update done
[step 11250] value_loss=4.882352 policy_loss=-0.037478
[step 11250] VALUE_DEBUG: target(mean=-12.99 std=5.98 min=-25.28 max=2.61) V(s)(mean=-12.40 std=5.64) reward(mean=-0.614 std=3.402) clip=50.0
[DEBUG] train_step 11250: starting episode collection
[DEBUG] train_step 11250: episodes collected, starting value_update
[DEBUG] train_step 11250: value_update done, starting policy_update
[DEBUG] train_step 11250: policy_update done
[step 11300] opnorm clamp applied
[step 11300] value_loss=4.444018 policy_loss=-0.151882
[step 11300] VALUE_DEBUG: target(mean=-11.26 std=7.23 min=-22.47 max=5.97) V(s)(mean=-11.26 std=6.85) reward(mean=0.511 std=1.922) clip=50.0
[step 11300] eval_success_rate=0.220 eval_mean_score=13.160 eval_policy_mode=greedy [solved=11/50, score_range=10.00-16.00/16.0, initial=9.00]
[step 11300] PROGRESS: filled=13.16 violations=0.00 zero_cand=0.00
[step 11300] DEBUG: ep_len=13.9 ep_ret=-8.194 stop_prob=0.000 score_chg=4.1350
[DEBUG] train_step 11300: starting episode collection
[DEBUG] train_step 11300: episodes collected, starting value_update
[DEBUG] train_step 11300: value_update done, starting policy_update
[DEBUG] train_step 11300: policy_update done
[step 11350] value_loss=7.648208 policy_loss=1.001112
[step 11350] VALUE_DEBUG: target(mean=-10.44 std=6.76 min=-19.23 max=5.81) V(s)(mean=-10.83 std=6.77) reward(mean=0.132 std=4.016) clip=50.0
[DEBUG] train_step 11350: starting episode collection
[DEBUG] train_step 11350: episodes collected, starting value_update
[DEBUG] train_step 11350: value_update done, starting policy_update
[DEBUG] train_step 11350: policy_update done
[step 11400] opnorm clamp applied
[step 11400] value_loss=9.299076 policy_loss=0.071248
[step 11400] VALUE_DEBUG: target(mean=-11.60 std=6.71 min=-18.61 max=6.84) V(s)(mean=-12.45 std=6.01) reward(mean=-0.078 std=4.577) clip=50.0
[step 11400] eval_success_rate=0.240 eval_mean_score=12.700 eval_policy_mode=greedy [solved=12/50, score_range=9.00-16.00/16.0, initial=9.00]
[step 11400] PROGRESS: filled=12.70 violations=0.00 zero_cand=0.00
[step 11400] DEBUG: ep_len=14.2 ep_ret=-9.174 stop_prob=0.000 score_chg=3.7700
[DEBUG] train_step 11400: starting episode collection
[DEBUG] train_step 11400: episodes collected, starting value_update
[DEBUG] train_step 11400: value_update done, starting policy_update
[DEBUG] train_step 11400: policy_update done
[step 11450] value_loss=8.765615 policy_loss=0.479079
[step 11450] VALUE_DEBUG: target(mean=-9.74 std=7.19 min=-17.96 max=4.76) V(s)(mean=-10.72 std=6.85) reward(mean=0.417 std=2.797) clip=50.0
[DEBUG] train_step 11450: starting episode collection
[DEBUG] train_step 11450: episodes collected, starting value_update
[DEBUG] train_step 11450: value_update done, starting policy_update
[DEBUG] train_step 11450: policy_update done
[step 11500] opnorm clamp applied
[step 11500] value_loss=7.625377 policy_loss=0.179549
[step 11500] VALUE_DEBUG: target(mean=-11.16 std=7.29 min=-21.09 max=6.73) V(s)(mean=-10.63 std=6.85) reward(mean=-0.328 std=4.753) clip=50.0
[step 11500] eval_success_rate=0.240 eval_mean_score=12.980 eval_policy_mode=greedy [solved=12/50, score_range=9.00-16.00/16.0, initial=9.00]
[step 11500] PROGRESS: filled=12.98 violations=0.00 zero_cand=0.00
[step 11500] DEBUG: ep_len=13.8 ep_ret=-8.011 stop_prob=0.000 score_chg=3.9450
[DEBUG] train_step 11500: starting episode collection
[DEBUG] train_step 11500: episodes collected, starting value_update
[DEBUG] train_step 11500: value_update done, starting policy_update
[DEBUG] train_step 11500: policy_update done
[step 11550] value_loss=7.250057 policy_loss=-0.331556
[step 11550] VALUE_DEBUG: target(mean=-7.02 std=9.42 min=-18.23 max=10.43) V(s)(mean=-7.84 std=8.85) reward(mean=0.065 std=4.582) clip=50.0
[DEBUG] train_step 11550: starting episode collection
[DEBUG] train_step 11550: episodes collected, starting value_update
[DEBUG] train_step 11550: value_update done, starting policy_update
[DEBUG] train_step 11550: policy_update done
[step 11600] opnorm clamp applied
[step 11600] value_loss=4.819958 policy_loss=0.417802
[step 11600] VALUE_DEBUG: target(mean=-12.07 std=6.86 min=-22.27 max=6.53) V(s)(mean=-11.94 std=6.54) reward(mean=-1.075 std=4.528) clip=50.0
[step 11600] eval_success_rate=0.160 eval_mean_score=12.740 eval_policy_mode=greedy [solved=8/50, score_range=9.00-16.00/16.0, initial=9.00]
[step 11600] PROGRESS: filled=12.74 violations=0.00 zero_cand=0.00
[step 11600] DEBUG: ep_len=14.0 ep_ret=-8.775 stop_prob=0.000 score_chg=3.8400
[DEBUG] train_step 11600: starting episode collection
[DEBUG] train_step 11600: episodes collected, starting value_update
[DEBUG] train_step 11600: value_update done, starting policy_update
[DEBUG] train_step 11600: policy_update done
[step 11650] value_loss=3.647543 policy_loss=0.441991
[step 11650] VALUE_DEBUG: target(mean=-9.99 std=6.82 min=-18.35 max=5.39) V(s)(mean=-9.95 std=7.02) reward(mean=-0.307 std=3.337) clip=50.0
[DEBUG] train_step 11650: starting episode collection
[DEBUG] train_step 11650: episodes collected, starting value_update
[DEBUG] train_step 11650: value_update done, starting policy_update
[DEBUG] train_step 11650: policy_update done
[step 11700] opnorm clamp applied
[step 11700] value_loss=8.777494 policy_loss=-0.270391
[step 11700] VALUE_DEBUG: target(mean=-13.24 std=5.69 min=-22.91 max=1.34) V(s)(mean=-13.45 std=4.39) reward(mean=-0.139 std=4.516) clip=50.0
[step 11700] eval_success_rate=0.220 eval_mean_score=12.940 eval_policy_mode=greedy [solved=11/50, score_range=9.00-16.00/16.0, initial=9.00]
[step 11700] PROGRESS: filled=12.94 violations=0.00 zero_cand=0.00
[step 11700] DEBUG: ep_len=14.1 ep_ret=-9.693 stop_prob=0.000 score_chg=3.4875
[DEBUG] train_step 11700: starting episode collection
[DEBUG] train_step 11700: episodes collected, starting value_update
[DEBUG] train_step 11700: value_update done, starting policy_update
[DEBUG] train_step 11700: policy_update done
[step 11750] value_loss=8.598540 policy_loss=0.066870
[step 11750] VALUE_DEBUG: target(mean=-10.16 std=8.16 min=-21.81 max=9.66) V(s)(mean=-9.59 std=7.63) reward(mean=-0.634 std=4.112) clip=50.0
[DEBUG] train_step 11750: starting episode collection
[DEBUG] train_step 11750: episodes collected, starting value_update
[DEBUG] train_step 11750: value_update done, starting policy_update
[DEBUG] train_step 11750: policy_update done
[step 11800] opnorm clamp applied
[step 11800] value_loss=2.593201 policy_loss=-0.344230
[step 11800] VALUE_DEBUG: target(mean=-9.27 std=8.36 min=-18.75 max=10.69) V(s)(mean=-8.89 std=8.03) reward(mean=-0.617 std=4.396) clip=50.0
[step 11800] eval_success_rate=0.180 eval_mean_score=13.080 eval_policy_mode=greedy [solved=9/50, score_range=10.00-16.00/16.0, initial=9.00]
[step 11800] PROGRESS: filled=13.08 violations=0.00 zero_cand=0.00
[step 11800] DEBUG: ep_len=14.3 ep_ret=-9.407 stop_prob=0.000 score_chg=3.6200
[DEBUG] train_step 11800: starting episode collection
[DEBUG] train_step 11800: episodes collected, starting value_update
[DEBUG] train_step 11800: value_update done, starting policy_update
[DEBUG] train_step 11800: policy_update done
[step 11850] value_loss=5.616117 policy_loss=0.569958
[step 11850] VALUE_DEBUG: target(mean=-10.14 std=8.30 min=-20.31 max=8.32) V(s)(mean=-9.89 std=7.84) reward(mean=-0.197 std=2.184) clip=50.0
[DEBUG] train_step 11850: starting episode collection
[DEBUG] train_step 11850: episodes collected, starting value_update
[DEBUG] train_step 11850: value_update done, starting policy_update
[DEBUG] train_step 11850: policy_update done
[step 11900] opnorm clamp applied
[step 11900] value_loss=4.128471 policy_loss=-0.092535
[step 11900] VALUE_DEBUG: target(mean=-8.99 std=8.96 min=-19.02 max=11.16) V(s)(mean=-9.62 std=8.28) reward(mean=-0.521 std=4.685) clip=50.0
[step 11900] eval_success_rate=0.180 eval_mean_score=12.980 eval_policy_mode=greedy [solved=9/50, score_range=9.00-16.00/16.0, initial=9.00]
[step 11900] PROGRESS: filled=12.98 violations=0.00 zero_cand=0.00
[step 11900] DEBUG: ep_len=14.5 ep_ret=-10.110 stop_prob=0.000 score_chg=3.6475
[DEBUG] train_step 11900: starting episode collection
[DEBUG] train_step 11900: episodes collected, starting value_update
[DEBUG] train_step 11900: value_update done, starting policy_update
[DEBUG] train_step 11900: policy_update done
[step 11950] value_loss=6.055756 policy_loss=0.604206
[step 11950] VALUE_DEBUG: target(mean=-9.24 std=8.91 min=-25.33 max=9.07) V(s)(mean=-8.46 std=8.63) reward(mean=-0.705 std=3.909) clip=50.0
[DEBUG] train_step 11950: starting episode collection
[DEBUG] train_step 11950: episodes collected, starting value_update
[DEBUG] train_step 11950: value_update done, starting policy_update
[DEBUG] train_step 11950: policy_update done
[step 12000] opnorm clamp applied
[step 12000] value_loss=4.196332 policy_loss=0.138656
[step 12000] VALUE_DEBUG: target(mean=-9.79 std=8.22 min=-22.08 max=5.68) V(s)(mean=-9.71 std=8.07) reward(mean=-1.432 std=5.094) clip=50.0
[step 12000] eval_success_rate=0.180 eval_mean_score=13.120 eval_policy_mode=greedy [solved=9/50, score_range=9.00-16.00/16.0, initial=9.00]
[step 12000] PROGRESS: filled=13.12 violations=0.00 zero_cand=0.00
[step 12000] DEBUG: ep_len=14.6 ep_ret=-10.042 stop_prob=0.000 score_chg=3.7700
[Checkpoint] Saved to buiksat_trm/checkpoints/table3_hard_6to8_controlled_nomask_c_r0_s3/rl_checkpoint_step_12000.pt
[DEBUG] train_step 12000: starting episode collection
[DEBUG] train_step 12000: episodes collected, starting value_update
[DEBUG] train_step 12000: value_update done, starting policy_update
[DEBUG] train_step 12000: policy_update done
[step 12050] value_loss=3.451008 policy_loss=-0.132024
[step 12050] VALUE_DEBUG: target(mean=-11.51 std=7.25 min=-24.71 max=5.26) V(s)(mean=-11.31 std=6.79) reward(mean=-0.483 std=2.608) clip=50.0
[DEBUG] train_step 12050: starting episode collection
[DEBUG] train_step 12050: episodes collected, starting value_update
[DEBUG] train_step 12050: value_update done, starting policy_update
[DEBUG] train_step 12050: policy_update done
[step 12100] opnorm clamp applied
[step 12100] value_loss=8.264156 policy_loss=-0.442111
[step 12100] VALUE_DEBUG: target(mean=-11.62 std=6.38 min=-17.73 max=10.73) V(s)(mean=-12.26 std=5.89) reward(mean=-0.612 std=4.939) clip=50.0
[step 12100] eval_success_rate=0.140 eval_mean_score=12.940 eval_policy_mode=greedy [solved=7/50, score_range=10.00-16.00/16.0, initial=9.00]
[step 12100] PROGRESS: filled=12.94 violations=0.00 zero_cand=0.00
[step 12100] DEBUG: ep_len=14.3 ep_ret=-9.069 stop_prob=0.000 score_chg=3.8900
[DEBUG] train_step 12100: starting episode collection
[DEBUG] train_step 12100: episodes collected, starting value_update
[DEBUG] train_step 12100: value_update done, starting policy_update
[DEBUG] train_step 12100: policy_update done
[step 12150] value_loss=4.655242 policy_loss=-0.491291
[step 12150] VALUE_DEBUG: target(mean=-10.61 std=7.92 min=-19.05 max=8.68) V(s)(mean=-10.32 std=7.54) reward(mean=-1.177 std=4.032) clip=50.0
[DEBUG] train_step 12150: starting episode collection
[DEBUG] train_step 12150: episodes collected, starting value_update
[DEBUG] train_step 12150: value_update done, starting policy_update
[DEBUG] train_step 12150: policy_update done
[step 12200] opnorm clamp applied
[step 12200] value_loss=1.429410 policy_loss=-0.348767
[step 12200] VALUE_DEBUG: target(mean=-13.95 std=3.63 min=-18.33 max=2.27) V(s)(mean=-14.26 std=3.48) reward(mean=-0.398 std=3.535) clip=50.0
[step 12200] eval_success_rate=0.140 eval_mean_score=13.060 eval_policy_mode=greedy [solved=7/50, score_range=9.00-16.00/16.0, initial=9.00]
[step 12200] PROGRESS: filled=13.06 violations=0.00 zero_cand=0.00
[step 12200] DEBUG: ep_len=14.6 ep_ret=-9.689 stop_prob=0.000 score_chg=3.9150
[DEBUG] train_step 12200: starting episode collection
[DEBUG] train_step 12200: episodes collected, starting value_update
[DEBUG] train_step 12200: value_update done, starting policy_update
[DEBUG] train_step 12200: policy_update done
[step 12250] value_loss=4.098293 policy_loss=0.233557
[step 12250] VALUE_DEBUG: target(mean=-13.15 std=6.84 min=-20.99 max=6.76) V(s)(mean=-13.33 std=6.59) reward(mean=-0.773 std=4.419) clip=50.0
[DEBUG] train_step 12250: starting episode collection
[DEBUG] train_step 12250: episodes collected, starting value_update
[DEBUG] train_step 12250: value_update done, starting policy_update
[DEBUG] train_step 12250: policy_update done
[step 12300] opnorm clamp applied
[step 12300] value_loss=10.582109 policy_loss=-0.414960
[step 12300] VALUE_DEBUG: target(mean=-12.21 std=6.41 min=-19.48 max=8.46) V(s)(mean=-12.24 std=6.14) reward(mean=-1.894 std=6.534) clip=50.0
[step 12300] eval_success_rate=0.200 eval_mean_score=13.240 eval_policy_mode=greedy [solved=10/50, score_range=10.00-16.00/16.0, initial=9.00]
[step 12300] PROGRESS: filled=13.24 violations=0.00 zero_cand=0.00
[step 12300] DEBUG: ep_len=14.6 ep_ret=-10.430 stop_prob=0.000 score_chg=3.4425
[DEBUG] train_step 12300: starting episode collection
[DEBUG] train_step 12300: episodes collected, starting value_update
[DEBUG] train_step 12300: value_update done, starting policy_update
[DEBUG] train_step 12300: policy_update done
[step 12350] value_loss=2.519577 policy_loss=0.198294
[step 12350] VALUE_DEBUG: target(mean=-9.40 std=7.95 min=-18.75 max=6.15) V(s)(mean=-9.48 std=7.83) reward(mean=-0.149 std=3.222) clip=50.0
[DEBUG] train_step 12350: starting episode collection
[DEBUG] train_step 12350: episodes collected, starting value_update
[DEBUG] train_step 12350: value_update done, starting policy_update
[DEBUG] train_step 12350: policy_update done
[step 12400] opnorm clamp applied
[step 12400] value_loss=8.454580 policy_loss=-0.246974
[step 12400] VALUE_DEBUG: target(mean=-12.02 std=5.74 min=-18.20 max=5.55) V(s)(mean=-11.64 std=6.54) reward(mean=-1.138 std=4.980) clip=50.0
[step 12400] eval_success_rate=0.160 eval_mean_score=13.380 eval_policy_mode=greedy [solved=8/50, score_range=10.00-16.00/16.0, initial=9.00]
[step 12400] PROGRESS: filled=13.38 violations=0.00 zero_cand=0.00
[step 12400] DEBUG: ep_len=14.2 ep_ret=-8.929 stop_prob=0.000 score_chg=3.8225
[DEBUG] train_step 12400: starting episode collection
[DEBUG] train_step 12400: episodes collected, starting value_update
[DEBUG] train_step 12400: value_update done, starting policy_update
[DEBUG] train_step 12400: policy_update done
[step 12450] value_loss=20.758665 policy_loss=-0.122063
[step 12450] VALUE_DEBUG: target(mean=-10.20 std=8.55 min=-22.09 max=5.39) V(s)(mean=-9.35 std=8.35) reward(mean=-0.736 std=4.233) clip=50.0
[DEBUG] train_step 12450: starting episode collection
[DEBUG] train_step 12450: episodes collected, starting value_update
[DEBUG] train_step 12450: value_update done, starting policy_update
[DEBUG] train_step 12450: policy_update done
[step 12500] opnorm clamp applied
[step 12500] value_loss=10.424694 policy_loss=0.019752
[step 12500] VALUE_DEBUG: target(mean=-13.40 std=6.50 min=-25.54 max=4.01) V(s)(mean=-12.41 std=5.43) reward(mean=-1.411 std=4.119) clip=50.0
[step 12500] eval_success_rate=0.220 eval_mean_score=13.700 eval_policy_mode=greedy [solved=11/50, score_range=10.00-16.00/16.0, initial=9.00]
[step 12500] PROGRESS: filled=13.70 violations=0.00 zero_cand=0.00
[step 12500] DEBUG: ep_len=14.4 ep_ret=-10.116 stop_prob=0.000 score_chg=3.5100
[DEBUG] train_step 12500: starting episode collection
[DEBUG] train_step 12500: episodes collected, starting value_update
[DEBUG] train_step 12500: value_update done, starting policy_update
[DEBUG] train_step 12500: policy_update done
[step 12550] value_loss=9.954117 policy_loss=0.016581
[step 12550] VALUE_DEBUG: target(mean=-11.19 std=8.12 min=-21.01 max=7.24) V(s)(mean=-11.51 std=7.47) reward(mean=-0.609 std=4.926) clip=50.0
[DEBUG] train_step 12550: starting episode collection
[DEBUG] train_step 12550: episodes collected, starting value_update
[DEBUG] train_step 12550: value_update done, starting policy_update
[DEBUG] train_step 12550: policy_update done
[step 12600] opnorm clamp applied
[step 12600] value_loss=2.456394 policy_loss=0.173869
[step 12600] VALUE_DEBUG: target(mean=-11.73 std=8.42 min=-22.09 max=4.96) V(s)(mean=-11.78 std=8.31) reward(mean=-0.806 std=4.907) clip=50.0
[step 12600] eval_success_rate=0.180 eval_mean_score=13.260 eval_policy_mode=greedy [solved=9/50, score_range=9.00-16.00/16.0, initial=9.00]
[step 12600] PROGRESS: filled=13.26 violations=0.00 zero_cand=0.00
[step 12600] DEBUG: ep_len=13.9 ep_ret=-8.451 stop_prob=0.000 score_chg=4.1775
[DEBUG] train_step 12600: starting episode collection
[DEBUG] train_step 12600: episodes collected, starting value_update
[DEBUG] train_step 12600: value_update done, starting policy_update
[DEBUG] train_step 12600: policy_update done
[step 12650] value_loss=2.160130 policy_loss=0.060162
[step 12650] VALUE_DEBUG: target(mean=-11.32 std=7.42 min=-17.68 max=4.89) V(s)(mean=-10.81 std=7.45) reward(mean=-1.836 std=4.995) clip=50.0
[DEBUG] train_step 12650: starting episode collection
[DEBUG] train_step 12650: episodes collected, starting value_update
[DEBUG] train_step 12650: value_update done, starting policy_update
[DEBUG] train_step 12650: policy_update done
[step 12700] opnorm clamp applied
[step 12700] value_loss=3.885435 policy_loss=-0.089333
[step 12700] VALUE_DEBUG: target(mean=-9.41 std=8.26 min=-23.04 max=6.24) V(s)(mean=-9.59 std=8.13) reward(mean=-1.277 std=6.009) clip=50.0
[step 12700] eval_success_rate=0.200 eval_mean_score=13.100 eval_policy_mode=greedy [solved=10/50, score_range=9.00-16.00/16.0, initial=9.00]
[step 12700] PROGRESS: filled=13.10 violations=0.00 zero_cand=0.00
[step 12700] DEBUG: ep_len=13.8 ep_ret=-8.055 stop_prob=0.000 score_chg=3.9875
[DEBUG] train_step 12700: starting episode collection
[DEBUG] train_step 12700: episodes collected, starting value_update
[DEBUG] train_step 12700: value_update done, starting policy_update
[DEBUG] train_step 12700: policy_update done
[step 12750] value_loss=2.086136 policy_loss=-0.805268
[step 12750] VALUE_DEBUG: target(mean=-10.13 std=7.68 min=-17.51 max=7.24) V(s)(mean=-10.52 std=7.84) reward(mean=-0.737 std=5.211) clip=50.0
[DEBUG] train_step 12750: starting episode collection
[DEBUG] train_step 12750: episodes collected, starting value_update
[DEBUG] train_step 12750: value_update done, starting policy_update
[DEBUG] train_step 12750: policy_update done
[step 12800] opnorm clamp applied
[step 12800] value_loss=1.280365 policy_loss=0.140056
[step 12800] VALUE_DEBUG: target(mean=-10.65 std=8.17 min=-18.60 max=5.26) V(s)(mean=-10.68 std=8.08) reward(mean=-0.500 std=4.060) clip=50.0
[step 12800] eval_success_rate=0.200 eval_mean_score=13.080 eval_policy_mode=greedy [solved=10/50, score_range=10.00-16.00/16.0, initial=9.00]
[step 12800] PROGRESS: filled=13.08 violations=0.00 zero_cand=0.00
[step 12800] DEBUG: ep_len=14.3 ep_ret=-9.000 stop_prob=0.000 score_chg=3.8275
[DEBUG] train_step 12800: starting episode collection
[DEBUG] train_step 12800: episodes collected, starting value_update
[DEBUG] train_step 12800: value_update done, starting policy_update
[DEBUG] train_step 12800: policy_update done
[step 12850] value_loss=6.236557 policy_loss=0.386356
[step 12850] VALUE_DEBUG: target(mean=-10.23 std=8.14 min=-18.66 max=7.15) V(s)(mean=-10.11 std=7.97) reward(mean=-0.639 std=4.818) clip=50.0
[DEBUG] train_step 12850: starting episode collection
[DEBUG] train_step 12850: episodes collected, starting value_update
[DEBUG] train_step 12850: value_update done, starting policy_update
[DEBUG] train_step 12850: policy_update done
[step 12900] opnorm clamp applied
[step 12900] value_loss=8.473545 policy_loss=-0.465712
[step 12900] VALUE_DEBUG: target(mean=-9.66 std=8.36 min=-19.47 max=11.25) V(s)(mean=-10.00 std=7.77) reward(mean=-0.670 std=5.009) clip=50.0
[step 12900] eval_success_rate=0.200 eval_mean_score=13.220 eval_policy_mode=greedy [solved=10/50, score_range=10.00-16.00/16.0, initial=9.00]
[step 12900] PROGRESS: filled=13.22 violations=0.00 zero_cand=0.00
[step 12900] DEBUG: ep_len=14.1 ep_ret=-9.005 stop_prob=0.000 score_chg=3.8100
[DEBUG] train_step 12900: starting episode collection
[DEBUG] train_step 12900: episodes collected, starting value_update
[DEBUG] train_step 12900: value_update done, starting policy_update
[DEBUG] train_step 12900: policy_update done
[step 12950] value_loss=1.415637 policy_loss=0.630274
[step 12950] VALUE_DEBUG: target(mean=-9.79 std=7.79 min=-17.34 max=7.28) V(s)(mean=-9.94 std=7.84) reward(mean=0.449 std=1.599) clip=50.0
[DEBUG] train_step 12950: starting episode collection
[DEBUG] train_step 12950: episodes collected, starting value_update
[DEBUG] train_step 12950: value_update done, starting policy_update
[DEBUG] train_step 12950: policy_update done
[step 13000] opnorm clamp applied
[step 13000] value_loss=1.355414 policy_loss=0.221011
[step 13000] VALUE_DEBUG: target(mean=-10.79 std=6.80 min=-17.14 max=5.32) V(s)(mean=-11.19 std=6.83) reward(mean=-0.061 std=3.084) clip=50.0
[step 13000] eval_success_rate=0.180 eval_mean_score=13.140 eval_policy_mode=greedy [solved=9/50, score_range=9.00-16.00/16.0, initial=9.00]
[step 13000] PROGRESS: filled=13.14 violations=0.00 zero_cand=0.00
[step 13000] DEBUG: ep_len=14.0 ep_ret=-8.812 stop_prob=0.000 score_chg=3.9025
[Checkpoint] Saved to buiksat_trm/checkpoints/table3_hard_6to8_controlled_nomask_c_r0_s3/rl_checkpoint_step_13000.pt
[DEBUG] train_step 13000: starting episode collection
[DEBUG] train_step 13000: episodes collected, starting value_update
[DEBUG] train_step 13000: value_update done, starting policy_update
[DEBUG] train_step 13000: policy_update done
[step 13050] value_loss=4.326389 policy_loss=0.239900
[step 13050] VALUE_DEBUG: target(mean=-10.72 std=7.47 min=-20.06 max=7.38) V(s)(mean=-11.27 std=7.35) reward(mean=0.412 std=3.308) clip=50.0
[DEBUG] train_step 13050: starting episode collection
[DEBUG] train_step 13050: episodes collected, starting value_update
[DEBUG] train_step 13050: value_update done, starting policy_update
[DEBUG] train_step 13050: policy_update done
[step 13100] opnorm clamp applied
[step 13100] value_loss=10.498395 policy_loss=-0.472280
[step 13100] VALUE_DEBUG: target(mean=-10.97 std=8.28 min=-22.06 max=10.28) V(s)(mean=-10.16 std=7.53) reward(mean=-1.420 std=5.566) clip=50.0
[step 13100] eval_success_rate=0.180 eval_mean_score=13.100 eval_policy_mode=greedy [solved=9/50, score_range=9.00-16.00/16.0, initial=9.00]
[step 13100] PROGRESS: filled=13.10 violations=0.00 zero_cand=0.00
[step 13100] DEBUG: ep_len=14.0 ep_ret=-9.196 stop_prob=0.000 score_chg=3.8600
[DEBUG] train_step 13100: starting episode collection
[DEBUG] train_step 13100: episodes collected, starting value_update
[DEBUG] train_step 13100: value_update done, starting policy_update
[DEBUG] train_step 13100: policy_update done
[step 13150] value_loss=6.913003 policy_loss=-0.138082
[step 13150] VALUE_DEBUG: target(mean=-10.58 std=8.65 min=-22.25 max=7.56) V(s)(mean=-10.68 std=8.00) reward(mean=-0.204 std=4.173) clip=50.0
[DEBUG] train_step 13150: starting episode collection
[DEBUG] train_step 13150: episodes collected, starting value_update
[DEBUG] train_step 13150: value_update done, starting policy_update
[DEBUG] train_step 13150: policy_update done
[step 13200] opnorm clamp applied
[step 13200] value_loss=4.270547 policy_loss=0.162261
[step 13200] VALUE_DEBUG: target(mean=-9.65 std=8.69 min=-17.73 max=7.20) V(s)(mean=-9.85 std=8.36) reward(mean=-0.335 std=3.585) clip=50.0
[step 13200] eval_success_rate=0.180 eval_mean_score=12.860 eval_policy_mode=greedy [solved=9/50, score_range=10.00-16.00/16.0, initial=9.00]
[step 13200] PROGRESS: filled=12.86 violations=0.00 zero_cand=0.00
[step 13200] DEBUG: ep_len=13.7 ep_ret=-8.210 stop_prob=0.000 score_chg=4.0400
[DEBUG] train_step 13200: starting episode collection
[DEBUG] train_step 13200: episodes collected, starting value_update
[DEBUG] train_step 13200: value_update done, starting policy_update
[DEBUG] train_step 13200: policy_update done
[step 13250] value_loss=15.748009 policy_loss=0.370974
[step 13250] VALUE_DEBUG: target(mean=-12.91 std=6.99 min=-22.35 max=7.70) V(s)(mean=-13.79 std=5.56) reward(mean=-0.806 std=4.473) clip=50.0
[DEBUG] train_step 13250: starting episode collection
[DEBUG] train_step 13250: episodes collected, starting value_update
[DEBUG] train_step 13250: value_update done, starting policy_update
[DEBUG] train_step 13250: policy_update done
[step 13300] opnorm clamp applied
[step 13300] value_loss=4.539783 policy_loss=-0.420819
[step 13300] VALUE_DEBUG: target(mean=-13.60 std=6.71 min=-26.17 max=6.09) V(s)(mean=-13.13 std=5.92) reward(mean=-2.043 std=5.213) clip=50.0
[step 13300] eval_success_rate=0.180 eval_mean_score=12.880 eval_policy_mode=greedy [solved=9/50, score_range=10.00-16.00/16.0, initial=9.00]
[step 13300] PROGRESS: filled=12.88 violations=0.00 zero_cand=0.00
[step 13300] DEBUG: ep_len=13.8 ep_ret=-7.941 stop_prob=0.000 score_chg=4.1150
[DEBUG] train_step 13300: starting episode collection
[DEBUG] train_step 13300: episodes collected, starting value_update
[DEBUG] train_step 13300: value_update done, starting policy_update
[DEBUG] train_step 13300: policy_update done
[step 13350] value_loss=3.277411 policy_loss=0.230095
[step 13350] VALUE_DEBUG: target(mean=-12.43 std=5.99 min=-19.79 max=3.73) V(s)(mean=-12.64 std=5.92) reward(mean=-0.623 std=4.453) clip=50.0
[DEBUG] train_step 13350: starting episode collection
[DEBUG] train_step 13350: episodes collected, starting value_update
[DEBUG] train_step 13350: value_update done, starting policy_update
[DEBUG] train_step 13350: policy_update done
[step 13400] opnorm clamp applied
[step 13400] value_loss=4.489890 policy_loss=-0.587702
[step 13400] VALUE_DEBUG: target(mean=-12.50 std=6.20 min=-23.16 max=4.99) V(s)(mean=-12.27 std=6.38) reward(mean=-0.613 std=3.446) clip=50.0
[step 13400] eval_success_rate=0.240 eval_mean_score=12.720 eval_policy_mode=greedy [solved=12/50, score_range=10.00-16.00/16.0, initial=9.00]
[step 13400] PROGRESS: filled=12.72 violations=0.00 zero_cand=0.00
[step 13400] DEBUG: ep_len=13.9 ep_ret=-8.619 stop_prob=0.000 score_chg=3.8550
[DEBUG] train_step 13400: starting episode collection
[DEBUG] train_step 13400: episodes collected, starting value_update
[DEBUG] train_step 13400: value_update done, starting policy_update
[DEBUG] train_step 13400: policy_update done
[step 13450] value_loss=6.997098 policy_loss=-0.364887
[step 13450] VALUE_DEBUG: target(mean=-11.35 std=6.66 min=-24.05 max=5.09) V(s)(mean=-10.87 std=7.20) reward(mean=-0.763 std=4.177) clip=50.0
[DEBUG] train_step 13450: starting episode collection
[DEBUG] train_step 13450: episodes collected, starting value_update
[DEBUG] train_step 13450: value_update done, starting policy_update
[DEBUG] train_step 13450: policy_update done
[step 13500] opnorm clamp applied
[step 13500] value_loss=13.547966 policy_loss=2.148927
[step 13500] VALUE_DEBUG: target(mean=-13.99 std=6.07 min=-22.26 max=4.89) V(s)(mean=-13.13 std=6.13) reward(mean=-1.193 std=3.976) clip=50.0
[step 13500] eval_success_rate=0.220 eval_mean_score=13.100 eval_policy_mode=greedy [solved=11/50, score_range=10.00-16.00/16.0, initial=9.00]
[step 13500] PROGRESS: filled=13.10 violations=0.00 zero_cand=0.00
[step 13500] DEBUG: ep_len=14.0 ep_ret=-8.454 stop_prob=0.000 score_chg=3.9900
[DEBUG] train_step 13500: starting episode collection
[DEBUG] train_step 13500: episodes collected, starting value_update
[DEBUG] train_step 13500: value_update done, starting policy_update
[DEBUG] train_step 13500: policy_update done
[step 13550] value_loss=5.574911 policy_loss=-0.002882
[step 13550] VALUE_DEBUG: target(mean=-13.19 std=5.93 min=-23.60 max=4.77) V(s)(mean=-12.92 std=5.71) reward(mean=-0.702 std=3.845) clip=50.0
[DEBUG] train_step 13550: starting episode collection
[DEBUG] train_step 13550: episodes collected, starting value_update
[DEBUG] train_step 13550: value_update done, starting policy_update
[DEBUG] train_step 13550: policy_update done
[step 13600] opnorm clamp applied
[step 13600] value_loss=4.858129 policy_loss=-0.004917
[step 13600] VALUE_DEBUG: target(mean=-13.18 std=6.10 min=-20.42 max=6.00) V(s)(mean=-12.59 std=6.16) reward(mean=-1.330 std=4.502) clip=50.0
[step 13600] eval_success_rate=0.240 eval_mean_score=13.060 eval_policy_mode=greedy [solved=12/50, score_range=9.00-16.00/16.0, initial=9.00]
[step 13600] PROGRESS: filled=13.06 violations=0.00 zero_cand=0.00
[step 13600] DEBUG: ep_len=13.9 ep_ret=-8.898 stop_prob=0.000 score_chg=3.7050
[DEBUG] train_step 13600: starting episode collection
[DEBUG] train_step 13600: episodes collected, starting value_update
[DEBUG] train_step 13600: value_update done, starting policy_update
[DEBUG] train_step 13600: policy_update done
[step 13650] value_loss=10.188528 policy_loss=0.124662
[step 13650] VALUE_DEBUG: target(mean=-12.08 std=7.00 min=-23.55 max=5.96) V(s)(mean=-12.88 std=6.14) reward(mean=0.168 std=2.558) clip=50.0
[DEBUG] train_step 13650: starting episode collection
[DEBUG] train_step 13650: episodes collected, starting value_update
[DEBUG] train_step 13650: value_update done, starting policy_update
[DEBUG] train_step 13650: policy_update done
[step 13700] opnorm clamp applied
[step 13700] value_loss=5.869415 policy_loss=0.241804
[step 13700] VALUE_DEBUG: target(mean=-12.01 std=8.45 min=-22.09 max=10.94) V(s)(mean=-11.75 std=7.52) reward(mean=-1.439 std=5.433) clip=50.0
[step 13700] eval_success_rate=0.240 eval_mean_score=13.180 eval_policy_mode=greedy [solved=12/50, score_range=9.00-16.00/16.0, initial=9.00]
[step 13700] PROGRESS: filled=13.18 violations=0.00 zero_cand=0.00
[step 13700] DEBUG: ep_len=13.7 ep_ret=-8.118 stop_prob=0.000 score_chg=4.1975
[DEBUG] train_step 13700: starting episode collection
[DEBUG] train_step 13700: episodes collected, starting value_update
[DEBUG] train_step 13700: value_update done, starting policy_update
[DEBUG] train_step 13700: policy_update done
[step 13750] value_loss=3.165784 policy_loss=-0.127084
[step 13750] VALUE_DEBUG: target(mean=-11.91 std=6.86 min=-18.39 max=5.72) V(s)(mean=-11.74 std=6.95) reward(mean=-0.538 std=3.428) clip=50.0
[DEBUG] train_step 13750: starting episode collection
[DEBUG] train_step 13750: episodes collected, starting value_update
[DEBUG] train_step 13750: value_update done, starting policy_update
[DEBUG] train_step 13750: policy_update done
[step 13800] opnorm clamp applied
[step 13800] value_loss=9.331306 policy_loss=0.620099
[step 13800] VALUE_DEBUG: target(mean=-9.46 std=8.05 min=-18.27 max=9.17) V(s)(mean=-9.39 std=8.25) reward(mean=-1.152 std=4.982) clip=50.0
[step 13800] eval_success_rate=0.180 eval_mean_score=13.000 eval_policy_mode=greedy [solved=9/50, score_range=9.00-16.00/16.0, initial=9.00]
[step 13800] PROGRESS: filled=13.00 violations=0.00 zero_cand=0.00
[step 13800] DEBUG: ep_len=13.9 ep_ret=-8.062 stop_prob=0.000 score_chg=4.1775
[DEBUG] train_step 13800: starting episode collection
[DEBUG] train_step 13800: episodes collected, starting value_update
[DEBUG] train_step 13800: value_update done, starting policy_update
[DEBUG] train_step 13800: policy_update done
[step 13850] value_loss=11.863587 policy_loss=0.404287
[step 13850] VALUE_DEBUG: target(mean=-11.63 std=7.13 min=-21.47 max=6.18) V(s)(mean=-11.31 std=6.96) reward(mean=-1.675 std=5.879) clip=50.0
[DEBUG] train_step 13850: starting episode collection
[DEBUG] train_step 13850: episodes collected, starting value_update
[DEBUG] train_step 13850: value_update done, starting policy_update
[DEBUG] train_step 13850: policy_update done
[step 13900] opnorm clamp applied
[step 13900] value_loss=3.310426 policy_loss=-0.116948
[step 13900] VALUE_DEBUG: target(mean=-11.24 std=7.82 min=-20.65 max=7.13) V(s)(mean=-10.69 std=7.53) reward(mean=-0.641 std=3.504) clip=50.0
[step 13900] eval_success_rate=0.180 eval_mean_score=13.020 eval_policy_mode=greedy [solved=9/50, score_range=10.00-16.00/16.0, initial=9.00]
[step 13900] PROGRESS: filled=13.02 violations=0.00 zero_cand=0.00
[step 13900] DEBUG: ep_len=14.1 ep_ret=-8.657 stop_prob=0.000 score_chg=3.9975
[DEBUG] train_step 13900: starting episode collection
[DEBUG] train_step 13900: episodes collected, starting value_update
[DEBUG] train_step 13900: value_update done, starting policy_update
[DEBUG] train_step 13900: policy_update done
[step 13950] value_loss=2.148322 policy_loss=-0.903341
[step 13950] VALUE_DEBUG: target(mean=-9.07 std=8.67 min=-17.16 max=8.39) V(s)(mean=-9.40 std=8.39) reward(mean=-0.861 std=4.131) clip=50.0
[DEBUG] train_step 13950: starting episode collection
[DEBUG] train_step 13950: episodes collected, starting value_update
[DEBUG] train_step 13950: value_update done, starting policy_update
[DEBUG] train_step 13950: policy_update done
[step 14000] opnorm clamp applied
[step 14000] value_loss=9.825001 policy_loss=0.284613
[step 14000] VALUE_DEBUG: target(mean=-12.12 std=8.27 min=-24.98 max=7.21) V(s)(mean=-11.35 std=7.64) reward(mean=-1.732 std=5.352) clip=50.0
[step 14000] eval_success_rate=0.240 eval_mean_score=13.260 eval_policy_mode=greedy [solved=12/50, score_range=10.00-16.00/16.0, initial=9.00]
[step 14000] PROGRESS: filled=13.26 violations=0.00 zero_cand=0.00
[step 14000] DEBUG: ep_len=13.9 ep_ret=-8.366 stop_prob=0.000 score_chg=4.1850
[Checkpoint] Saved to buiksat_trm/checkpoints/table3_hard_6to8_controlled_nomask_c_r0_s3/rl_checkpoint_step_14000.pt
[DEBUG] train_step 14000: starting episode collection
[DEBUG] train_step 14000: episodes collected, starting value_update
[DEBUG] train_step 14000: value_update done, starting policy_update
[DEBUG] train_step 14000: policy_update done
[step 14050] value_loss=7.657834 policy_loss=-0.492174
[step 14050] VALUE_DEBUG: target(mean=-11.10 std=9.34 min=-22.08 max=11.98) V(s)(mean=-11.01 std=7.91) reward(mean=-1.960 std=6.581) clip=50.0
[DEBUG] train_step 14050: starting episode collection
[DEBUG] train_step 14050: episodes collected, starting value_update
[DEBUG] train_step 14050: value_update done, starting policy_update
[DEBUG] train_step 14050: policy_update done
[step 14100] opnorm clamp applied
[step 14100] value_loss=3.375953 policy_loss=-0.041365
[step 14100] VALUE_DEBUG: target(mean=-11.93 std=5.61 min=-19.02 max=4.02) V(s)(mean=-11.97 std=5.48) reward(mean=-0.055 std=3.792) clip=50.0
[step 14100] eval_success_rate=0.200 eval_mean_score=13.140 eval_policy_mode=greedy [solved=10/50, score_range=10.00-16.00/16.0, initial=9.00]
[step 14100] PROGRESS: filled=13.14 violations=0.00 zero_cand=0.00
[step 14100] DEBUG: ep_len=14.2 ep_ret=-9.108 stop_prob=0.000 score_chg=3.9350
[DEBUG] train_step 14100: starting episode collection
[DEBUG] train_step 14100: episodes collected, starting value_update
[DEBUG] train_step 14100: value_update done, starting policy_update
[DEBUG] train_step 14100: policy_update done
[step 14150] value_loss=2.726712 policy_loss=0.047252
[step 14150] VALUE_DEBUG: target(mean=-9.02 std=8.72 min=-19.16 max=5.91) V(s)(mean=-9.20 std=8.87) reward(mean=-0.125 std=3.290) clip=50.0
[DEBUG] train_step 14150: starting episode collection
[DEBUG] train_step 14150: episodes collected, starting value_update
[DEBUG] train_step 14150: value_update done, starting policy_update
[DEBUG] train_step 14150: policy_update done
[step 14200] opnorm clamp applied
[step 14200] value_loss=2.868697 policy_loss=0.106944
[step 14200] VALUE_DEBUG: target(mean=-11.32 std=7.41 min=-18.62 max=7.78) V(s)(mean=-11.88 std=6.87) reward(mean=-1.558 std=5.781) clip=50.0
[step 14200] eval_success_rate=0.260 eval_mean_score=13.420 eval_policy_mode=greedy [solved=13/50, score_range=10.00-16.00/16.0, initial=9.00]
[step 14200] PROGRESS: filled=13.42 violations=0.00 zero_cand=0.00
[step 14200] DEBUG: ep_len=14.1 ep_ret=-8.709 stop_prob=0.000 score_chg=4.1750
[DEBUG] train_step 14200: starting episode collection
[DEBUG] train_step 14200: episodes collected, starting value_update
[DEBUG] train_step 14200: value_update done, starting policy_update
[DEBUG] train_step 14200: policy_update done
[step 14250] value_loss=4.903962 policy_loss=0.248841
[step 14250] VALUE_DEBUG: target(mean=-9.61 std=8.41 min=-19.57 max=7.35) V(s)(mean=-9.71 std=8.35) reward(mean=-0.701 std=4.566) clip=50.0
[DEBUG] train_step 14250: starting episode collection
[DEBUG] train_step 14250: episodes collected, starting value_update
[DEBUG] train_step 14250: value_update done, starting policy_update
[DEBUG] train_step 14250: policy_update done
[step 14300] opnorm clamp applied
[step 14300] value_loss=4.759145 policy_loss=0.296780
[step 14300] VALUE_DEBUG: target(mean=-9.82 std=9.16 min=-21.32 max=5.17) V(s)(mean=-9.74 std=9.41) reward(mean=-0.432 std=3.599) clip=50.0
[step 14300] eval_success_rate=0.260 eval_mean_score=13.080 eval_policy_mode=greedy [solved=13/50, score_range=9.00-16.00/16.0, initial=9.00]
[step 14300] PROGRESS: filled=13.08 violations=0.00 zero_cand=0.00
[step 14300] DEBUG: ep_len=14.1 ep_ret=-8.567 stop_prob=0.000 score_chg=4.1725
[DEBUG] train_step 14300: starting episode collection
[DEBUG] train_step 14300: episodes collected, starting value_update
[DEBUG] train_step 14300: value_update done, starting policy_update
[DEBUG] train_step 14300: policy_update done
[step 14350] value_loss=6.467989 policy_loss=0.327386
[step 14350] VALUE_DEBUG: target(mean=-12.62 std=7.33 min=-25.13 max=7.20) V(s)(mean=-12.02 std=7.34) reward(mean=-0.643 std=2.677) clip=50.0
[DEBUG] train_step 14350: starting episode collection
[DEBUG] train_step 14350: episodes collected, starting value_update
[DEBUG] train_step 14350: value_update done, starting policy_update
[DEBUG] train_step 14350: policy_update done
[step 14400] opnorm clamp applied
[step 14400] value_loss=3.376673 policy_loss=-0.022003
[step 14400] VALUE_DEBUG: target(mean=-8.75 std=9.34 min=-23.64 max=5.34) V(s)(mean=-8.41 std=9.15) reward(mean=0.129 std=1.953) clip=50.0
[step 14400] eval_success_rate=0.220 eval_mean_score=13.340 eval_policy_mode=greedy [solved=11/50, score_range=10.00-16.00/16.0, initial=9.00]
[step 14400] PROGRESS: filled=13.34 violations=0.00 zero_cand=0.00
[step 14400] DEBUG: ep_len=14.2 ep_ret=-9.238 stop_prob=0.000 score_chg=3.9850
[DEBUG] train_step 14400: starting episode collection
[DEBUG] train_step 14400: episodes collected, starting value_update
[DEBUG] train_step 14400: value_update done, starting policy_update
[DEBUG] train_step 14400: policy_update done
[step 14450] value_loss=3.129890 policy_loss=0.027630
[step 14450] VALUE_DEBUG: target(mean=-10.94 std=7.86 min=-23.52 max=5.95) V(s)(mean=-10.81 std=7.46) reward(mean=-0.685 std=4.352) clip=50.0
[DEBUG] train_step 14450: starting episode collection
[DEBUG] train_step 14450: episodes collected, starting value_update
[DEBUG] train_step 14450: value_update done, starting policy_update
[DEBUG] train_step 14450: policy_update done
[step 14500] opnorm clamp applied
[step 14500] value_loss=4.671030 policy_loss=-0.208537
[step 14500] VALUE_DEBUG: target(mean=-7.95 std=9.17 min=-18.36 max=7.45) V(s)(mean=-8.90 std=8.71) reward(mean=1.033 std=1.748) clip=50.0
[step 14500] eval_success_rate=0.220 eval_mean_score=13.380 eval_policy_mode=greedy [solved=11/50, score_range=11.00-16.00/16.0, initial=9.00]
[step 14500] PROGRESS: filled=13.38 violations=0.00 zero_cand=0.00
[step 14500] DEBUG: ep_len=13.7 ep_ret=-7.817 stop_prob=0.000 score_chg=4.2150
[DEBUG] train_step 14500: starting episode collection
[DEBUG] train_step 14500: episodes collected, starting value_update
[DEBUG] train_step 14500: value_update done, starting policy_update
[DEBUG] train_step 14500: policy_update done
[step 14550] value_loss=4.577834 policy_loss=0.098713
[step 14550] VALUE_DEBUG: target(mean=-12.58 std=6.70 min=-19.73 max=14.69) V(s)(mean=-12.72 std=6.05) reward(mean=-1.681 std=5.805) clip=50.0
[DEBUG] train_step 14550: starting episode collection
[DEBUG] train_step 14550: episodes collected, starting value_update
[DEBUG] train_step 14550: value_update done, starting policy_update
[DEBUG] train_step 14550: policy_update done
[step 14600] opnorm clamp applied
[step 14600] value_loss=3.550710 policy_loss=0.240312
[step 14600] VALUE_DEBUG: target(mean=-12.58 std=6.98 min=-18.73 max=5.77) V(s)(mean=-12.34 std=7.09) reward(mean=-0.400 std=3.383) clip=50.0
[step 14600] eval_success_rate=0.240 eval_mean_score=13.160 eval_policy_mode=greedy [solved=12/50, score_range=10.00-16.00/16.0, initial=9.00]
[step 14600] PROGRESS: filled=13.16 violations=0.00 zero_cand=0.00
[step 14600] DEBUG: ep_len=13.9 ep_ret=-8.382 stop_prob=0.000 score_chg=4.4125
[DEBUG] train_step 14600: starting episode collection
[DEBUG] train_step 14600: episodes collected, starting value_update
[DEBUG] train_step 14600: value_update done, starting policy_update
[DEBUG] train_step 14600: policy_update done
[step 14650] value_loss=2.811342 policy_loss=0.357812
[step 14650] VALUE_DEBUG: target(mean=-12.71 std=6.86 min=-24.16 max=6.76) V(s)(mean=-13.03 std=6.52) reward(mean=-0.218 std=3.327) clip=50.0
[DEBUG] train_step 14650: starting episode collection
[DEBUG] train_step 14650: episodes collected, starting value_update
[DEBUG] train_step 14650: value_update done, starting policy_update
[DEBUG] train_step 14650: policy_update done
[step 14700] opnorm clamp applied
[step 14700] value_loss=2.043744 policy_loss=0.087279
[step 14700] VALUE_DEBUG: target(mean=-12.50 std=6.62 min=-18.22 max=3.81) V(s)(mean=-13.11 std=6.17) reward(mean=-0.561 std=4.218) clip=50.0
[step 14700] eval_success_rate=0.220 eval_mean_score=13.160 eval_policy_mode=greedy [solved=11/50, score_range=10.00-16.00/16.0, initial=9.00]
[step 14700] PROGRESS: filled=13.16 violations=0.00 zero_cand=0.00
[step 14700] DEBUG: ep_len=14.2 ep_ret=-9.760 stop_prob=0.000 score_chg=3.6350
[DEBUG] train_step 14700: starting episode collection
[DEBUG] train_step 14700: episodes collected, starting value_update
[DEBUG] train_step 14700: value_update done, starting policy_update
[DEBUG] train_step 14700: policy_update done
[step 14750] value_loss=1.766766 policy_loss=-0.323608
[step 14750] VALUE_DEBUG: target(mean=-13.39 std=5.91 min=-20.63 max=6.65) V(s)(mean=-13.09 std=5.68) reward(mean=-0.639 std=3.130) clip=50.0
[DEBUG] train_step 14750: starting episode collection
[DEBUG] train_step 14750: episodes collected, starting value_update
[DEBUG] train_step 14750: value_update done, starting policy_update
[DEBUG] train_step 14750: policy_update done
[step 14800] opnorm clamp applied
[step 14800] value_loss=1.385405 policy_loss=-0.212923
[step 14800] VALUE_DEBUG: target(mean=-11.24 std=7.35 min=-19.07 max=7.22) V(s)(mean=-11.12 std=7.44) reward(mean=-0.055 std=1.951) clip=50.0
[step 14800] eval_success_rate=0.160 eval_mean_score=13.160 eval_policy_mode=greedy [solved=8/50, score_range=10.00-16.00/16.0, initial=9.00]
[step 14800] PROGRESS: filled=13.16 violations=0.00 zero_cand=0.00
[step 14800] DEBUG: ep_len=14.3 ep_ret=-9.478 stop_prob=0.000 score_chg=3.9150
[DEBUG] train_step 14800: starting episode collection
[DEBUG] train_step 14800: episodes collected, starting value_update
[DEBUG] train_step 14800: value_update done, starting policy_update
[DEBUG] train_step 14800: policy_update done
[step 14850] value_loss=1.477370 policy_loss=0.619238
[step 14850] VALUE_DEBUG: target(mean=-11.94 std=6.97 min=-18.54 max=6.47) V(s)(mean=-12.43 std=6.84) reward(mean=-0.481 std=4.181) clip=50.0
[DEBUG] train_step 14850: starting episode collection
[DEBUG] train_step 14850: episodes collected, starting value_update
[DEBUG] train_step 14850: value_update done, starting policy_update
[DEBUG] train_step 14850: policy_update done
[step 14900] opnorm clamp applied
[step 14900] value_loss=2.363148 policy_loss=-0.558849
[step 14900] VALUE_DEBUG: target(mean=-10.93 std=7.48 min=-21.94 max=6.60) V(s)(mean=-10.64 std=7.52) reward(mean=-1.115 std=4.637) clip=50.0
[step 14900] eval_success_rate=0.160 eval_mean_score=13.280 eval_policy_mode=greedy [solved=8/50, score_range=9.00-16.00/16.0, initial=9.00]
[step 14900] PROGRESS: filled=13.28 violations=0.00 zero_cand=0.00
[step 14900] DEBUG: ep_len=13.8 ep_ret=-7.621 stop_prob=0.000 score_chg=4.1500
[DEBUG] train_step 14900: starting episode collection
[DEBUG] train_step 14900: episodes collected, starting value_update
[DEBUG] train_step 14900: value_update done, starting policy_update
[DEBUG] train_step 14900: policy_update done
[step 14950] value_loss=1.346382 policy_loss=0.089608
[step 14950] VALUE_DEBUG: target(mean=-11.43 std=7.68 min=-22.81 max=6.35) V(s)(mean=-11.31 std=7.44) reward(mean=-0.025 std=3.326) clip=50.0
[DEBUG] train_step 14950: starting episode collection
[DEBUG] train_step 14950: episodes collected, starting value_update
[DEBUG] train_step 14950: value_update done, starting policy_update
[DEBUG] train_step 14950: policy_update done
[step 15000] opnorm clamp applied
[step 15000] value_loss=4.177596 policy_loss=0.383372
[step 15000] VALUE_DEBUG: target(mean=-12.19 std=5.72 min=-24.04 max=4.69) V(s)(mean=-12.34 std=5.92) reward(mean=-0.613 std=3.463) clip=50.0
[step 15000] eval_success_rate=0.200 eval_mean_score=13.200 eval_policy_mode=greedy [solved=10/50, score_range=11.00-16.00/16.0, initial=9.00]
[step 15000] PROGRESS: filled=13.20 violations=0.00 zero_cand=0.00
[step 15000] DEBUG: ep_len=14.1 ep_ret=-9.016 stop_prob=0.000 score_chg=3.7925
[Checkpoint] Saved to buiksat_trm/checkpoints/table3_hard_6to8_controlled_nomask_c_r0_s3/rl_checkpoint_step_15000.pt
[DEBUG] train_step 15000: starting episode collection
[DEBUG] train_step 15000: episodes collected, starting value_update
[DEBUG] train_step 15000: value_update done, starting policy_update
[DEBUG] train_step 15000: policy_update done
[step 15050] value_loss=11.856140 policy_loss=-0.997806
[step 15050] VALUE_DEBUG: target(mean=-13.93 std=5.34 min=-23.89 max=1.85) V(s)(mean=-14.41 std=4.43) reward(mean=-1.398 std=6.130) clip=50.0
[DEBUG] train_step 15050: starting episode collection
[DEBUG] train_step 15050: episodes collected, starting value_update
[DEBUG] train_step 15050: value_update done, starting policy_update
[DEBUG] train_step 15050: policy_update done
[step 15100] opnorm clamp applied
[step 15100] value_loss=3.189588 policy_loss=1.480158
[step 15100] VALUE_DEBUG: target(mean=-12.01 std=6.90 min=-18.83 max=5.39) V(s)(mean=-12.35 std=6.65) reward(mean=0.034 std=3.544) clip=50.0
[step 15100] eval_success_rate=0.260 eval_mean_score=13.140 eval_policy_mode=greedy [solved=13/50, score_range=10.00-16.00/16.0, initial=9.00]
[step 15100] PROGRESS: filled=13.14 violations=0.00 zero_cand=0.00
[step 15100] DEBUG: ep_len=13.9 ep_ret=-8.462 stop_prob=0.000 score_chg=3.8575
[DEBUG] train_step 15100: starting episode collection
[DEBUG] train_step 15100: episodes collected, starting value_update
[DEBUG] train_step 15100: value_update done, starting policy_update
[DEBUG] train_step 15100: policy_update done
[step 15150] value_loss=9.377190 policy_loss=0.125531
[step 15150] VALUE_DEBUG: target(mean=-11.97 std=7.93 min=-24.50 max=6.38) V(s)(mean=-12.05 std=7.22) reward(mean=-0.645 std=4.274) clip=50.0
[DEBUG] train_step 15150: starting episode collection
[DEBUG] train_step 15150: episodes collected, starting value_update
[DEBUG] train_step 15150: value_update done, starting policy_update
[DEBUG] train_step 15150: policy_update done
[step 15200] opnorm clamp applied
[step 15200] value_loss=2.785788 policy_loss=0.644201
[step 15200] VALUE_DEBUG: target(mean=-11.72 std=7.45 min=-23.47 max=5.25) V(s)(mean=-11.79 std=7.16) reward(mean=-0.275 std=3.630) clip=50.0
[step 15200] eval_success_rate=0.180 eval_mean_score=13.360 eval_policy_mode=greedy [solved=9/50, score_range=11.00-16.00/16.0, initial=9.00]
[step 15200] PROGRESS: filled=13.36 violations=0.00 zero_cand=0.00
[step 15200] DEBUG: ep_len=14.3 ep_ret=-9.458 stop_prob=0.000 score_chg=3.7875
[DEBUG] train_step 15200: starting episode collection
[DEBUG] train_step 15200: episodes collected, starting value_update
[DEBUG] train_step 15200: value_update done, starting policy_update
[DEBUG] train_step 15200: policy_update done
[step 15250] value_loss=16.342642 policy_loss=-0.404718
[step 15250] VALUE_DEBUG: target(mean=-10.25 std=8.06 min=-23.32 max=5.54) V(s)(mean=-11.15 std=7.59) reward(mean=0.009 std=2.565) clip=50.0
[DEBUG] train_step 15250: starting episode collection
[DEBUG] train_step 15250: episodes collected, starting value_update
[DEBUG] train_step 15250: value_update done, starting policy_update
[DEBUG] train_step 15250: policy_update done
[step 15300] opnorm clamp applied
[step 15300] value_loss=6.452377 policy_loss=-0.459418
[step 15300] VALUE_DEBUG: target(mean=-12.07 std=6.69 min=-22.29 max=8.01) V(s)(mean=-11.47 std=6.14) reward(mean=-0.587 std=3.680) clip=50.0
[step 15300] eval_success_rate=0.180 eval_mean_score=13.380 eval_policy_mode=greedy [solved=9/50, score_range=10.00-16.00/16.0, initial=9.00]
[step 15300] PROGRESS: filled=13.38 violations=0.00 zero_cand=0.00
[step 15300] DEBUG: ep_len=14.2 ep_ret=-9.369 stop_prob=0.000 score_chg=3.8000
[DEBUG] train_step 15300: starting episode collection
[DEBUG] train_step 15300: episodes collected, starting value_update
[DEBUG] train_step 15300: value_update done, starting policy_update
[DEBUG] train_step 15300: policy_update done
[step 15350] value_loss=10.609098 policy_loss=-0.382910
[step 15350] VALUE_DEBUG: target(mean=-11.24 std=8.35 min=-23.88 max=6.31) V(s)(mean=-10.48 std=7.33) reward(mean=-1.209 std=5.293) clip=50.0
[DEBUG] train_step 15350: starting episode collection
[DEBUG] train_step 15350: episodes collected, starting value_update
[DEBUG] train_step 15350: value_update done, starting policy_update
[DEBUG] train_step 15350: policy_update done
[step 15400] opnorm clamp applied
[step 15400] value_loss=0.417829 policy_loss=-0.208523
[step 15400] VALUE_DEBUG: target(mean=-7.93 std=8.92 min=-18.20 max=5.58) V(s)(mean=-8.10 std=9.00) reward(mean=-0.089 std=2.935) clip=50.0
[step 15400] eval_success_rate=0.180 eval_mean_score=13.000 eval_policy_mode=greedy [solved=9/50, score_range=10.00-16.00/16.0, initial=9.00]
[step 15400] PROGRESS: filled=13.00 violations=0.00 zero_cand=0.00
[step 15400] DEBUG: ep_len=14.0 ep_ret=-8.830 stop_prob=0.000 score_chg=3.9725
[DEBUG] train_step 15400: starting episode collection
[DEBUG] train_step 15400: episodes collected, starting value_update
[DEBUG] train_step 15400: value_update done, starting policy_update
[DEBUG] train_step 15400: policy_update done
[step 15450] value_loss=5.364604 policy_loss=0.514400
[step 15450] VALUE_DEBUG: target(mean=-12.53 std=7.44 min=-23.12 max=6.52) V(s)(mean=-11.83 std=7.05) reward(mean=-0.675 std=2.620) clip=50.0
[DEBUG] train_step 15450: starting episode collection
[DEBUG] train_step 15450: episodes collected, starting value_update
[DEBUG] train_step 15450: value_update done, starting policy_update
[DEBUG] train_step 15450: policy_update done
[step 15500] opnorm clamp applied
[step 15500] value_loss=3.956668 policy_loss=0.047992
[step 15500] VALUE_DEBUG: target(mean=-11.09 std=8.09 min=-21.80 max=7.10) V(s)(mean=-10.62 std=7.60) reward(mean=-0.146 std=2.006) clip=50.0
[step 15500] eval_success_rate=0.140 eval_mean_score=12.960 eval_policy_mode=greedy [solved=7/50, score_range=10.00-16.00/16.0, initial=9.00]
[step 15500] PROGRESS: filled=12.96 violations=0.00 zero_cand=0.00
[step 15500] DEBUG: ep_len=14.3 ep_ret=-9.709 stop_prob=0.000 score_chg=3.6025
[DEBUG] train_step 15500: starting episode collection
[DEBUG] train_step 15500: episodes collected, starting value_update
[DEBUG] train_step 15500: value_update done, starting policy_update
[DEBUG] train_step 15500: policy_update done
[step 15550] value_loss=2.581119 policy_loss=0.144656
[step 15550] VALUE_DEBUG: target(mean=-11.95 std=7.31 min=-20.79 max=8.17) V(s)(mean=-11.98 std=6.92) reward(mean=-1.454 std=5.103) clip=50.0
[DEBUG] train_step 15550: starting episode collection
[DEBUG] train_step 15550: episodes collected, starting value_update
[DEBUG] train_step 15550: value_update done, starting policy_update
[DEBUG] train_step 15550: policy_update done
[step 15600] opnorm clamp applied
[step 15600] value_loss=12.302603 policy_loss=0.381613
[step 15600] VALUE_DEBUG: target(mean=-10.09 std=8.37 min=-18.87 max=11.25) V(s)(mean=-11.02 std=8.01) reward(mean=-1.308 std=5.907) clip=50.0
[step 15600] eval_success_rate=0.140 eval_mean_score=12.960 eval_policy_mode=greedy [solved=7/50, score_range=10.00-16.00/16.0, initial=9.00]
[step 15600] PROGRESS: filled=12.96 violations=0.00 zero_cand=0.00
[step 15600] DEBUG: ep_len=14.4 ep_ret=-9.555 stop_prob=0.000 score_chg=4.0675
[DEBUG] train_step 15600: starting episode collection
[DEBUG] train_step 15600: episodes collected, starting value_update
[DEBUG] train_step 15600: value_update done, starting policy_update
[DEBUG] train_step 15600: policy_update done
[step 15650] value_loss=6.269739 policy_loss=0.175676
[step 15650] VALUE_DEBUG: target(mean=-10.44 std=9.58 min=-25.06 max=11.73) V(s)(mean=-9.74 std=8.65) reward(mean=-1.404 std=6.150) clip=50.0
[DEBUG] train_step 15650: starting episode collection
[DEBUG] train_step 15650: episodes collected, starting value_update
[DEBUG] train_step 15650: value_update done, starting policy_update
[DEBUG] train_step 15650: policy_update done
[step 15700] opnorm clamp applied
[step 15700] value_loss=10.349481 policy_loss=-0.388686
[step 15700] VALUE_DEBUG: target(mean=-10.29 std=8.61 min=-25.23 max=4.87) V(s)(mean=-10.06 std=8.12) reward(mean=-0.710 std=4.440) clip=50.0
[step 15700] eval_success_rate=0.140 eval_mean_score=13.240 eval_policy_mode=greedy [solved=7/50, score_range=10.00-16.00/16.0, initial=9.00]
[step 15700] PROGRESS: filled=13.24 violations=0.00 zero_cand=0.00
[step 15700] DEBUG: ep_len=14.2 ep_ret=-9.220 stop_prob=0.000 score_chg=3.8075
[DEBUG] train_step 15700: starting episode collection
[DEBUG] train_step 15700: episodes collected, starting value_update
[DEBUG] train_step 15700: value_update done, starting policy_update
[DEBUG] train_step 15700: policy_update done
[step 15750] value_loss=6.971813 policy_loss=-0.141170
[step 15750] VALUE_DEBUG: target(mean=-12.29 std=6.58 min=-23.07 max=4.42) V(s)(mean=-11.89 std=6.41) reward(mean=-0.335 std=4.006) clip=50.0
[DEBUG] train_step 15750: starting episode collection
[DEBUG] train_step 15750: episodes collected, starting value_update
[DEBUG] train_step 15750: value_update done, starting policy_update
[DEBUG] train_step 15750: policy_update done
[step 15800] opnorm clamp applied
[step 15800] value_loss=6.204064 policy_loss=-0.016842
[step 15800] VALUE_DEBUG: target(mean=-12.27 std=7.23 min=-22.02 max=6.33) V(s)(mean=-11.75 std=7.14) reward(mean=-3.667 std=7.076) clip=50.0
[step 15800] eval_success_rate=0.220 eval_mean_score=13.180 eval_policy_mode=greedy [solved=11/50, score_range=10.00-16.00/16.0, initial=9.00]
[step 15800] PROGRESS: filled=13.18 violations=0.00 zero_cand=0.00
[step 15800] DEBUG: ep_len=14.2 ep_ret=-9.442 stop_prob=0.000 score_chg=3.9175
[DEBUG] train_step 15800: starting episode collection
[DEBUG] train_step 15800: episodes collected, starting value_update
[DEBUG] train_step 15800: value_update done, starting policy_update
[DEBUG] train_step 15800: policy_update done
[step 15850] value_loss=3.480492 policy_loss=0.182892
[step 15850] VALUE_DEBUG: target(mean=-12.85 std=6.49 min=-18.35 max=5.70) V(s)(mean=-12.35 std=6.69) reward(mean=-2.207 std=6.226) clip=50.0
[DEBUG] train_step 15850: starting episode collection
[DEBUG] train_step 15850: episodes collected, starting value_update
[DEBUG] train_step 15850: value_update done, starting policy_update
[DEBUG] train_step 15850: policy_update done
[step 15900] opnorm clamp applied
[step 15900] value_loss=2.541081 policy_loss=-0.450812
[step 15900] VALUE_DEBUG: target(mean=-12.12 std=6.42 min=-20.39 max=2.99) V(s)(mean=-12.37 std=6.20) reward(mean=-0.406 std=4.749) clip=50.0
[step 15900] eval_success_rate=0.220 eval_mean_score=13.200 eval_policy_mode=greedy [solved=11/50, score_range=10.00-16.00/16.0, initial=9.00]
[step 15900] PROGRESS: filled=13.20 violations=0.00 zero_cand=0.00
[step 15900] DEBUG: ep_len=14.0 ep_ret=-9.505 stop_prob=0.000 score_chg=3.6225
[DEBUG] train_step 15900: starting episode collection
[DEBUG] train_step 15900: episodes collected, starting value_update
[DEBUG] train_step 15900: value_update done, starting policy_update
[DEBUG] train_step 15900: policy_update done
[step 15950] value_loss=5.235399 policy_loss=0.600711
[step 15950] VALUE_DEBUG: target(mean=-11.80 std=6.73 min=-22.46 max=4.54) V(s)(mean=-12.12 std=6.16) reward(mean=-0.517 std=4.645) clip=50.0
[DEBUG] train_step 15950: starting episode collection
[DEBUG] train_step 15950: episodes collected, starting value_update
[DEBUG] train_step 15950: value_update done, starting policy_update
[DEBUG] train_step 15950: policy_update done
[step 16000] opnorm clamp applied
[step 16000] value_loss=3.973719 policy_loss=-0.310530
[step 16000] VALUE_DEBUG: target(mean=-11.73 std=7.92 min=-21.82 max=9.68) V(s)(mean=-12.05 std=7.35) reward(mean=0.452 std=2.314) clip=50.0
[step 16000] eval_success_rate=0.220 eval_mean_score=13.100 eval_policy_mode=greedy [solved=11/50, score_range=10.00-16.00/16.0, initial=9.00]
[step 16000] PROGRESS: filled=13.10 violations=0.00 zero_cand=0.00
[step 16000] DEBUG: ep_len=14.1 ep_ret=-9.168 stop_prob=0.000 score_chg=3.8250
[Checkpoint] Saved to buiksat_trm/checkpoints/table3_hard_6to8_controlled_nomask_c_r0_s3/rl_checkpoint_step_16000.pt
[DEBUG] train_step 16000: starting episode collection
[DEBUG] train_step 16000: episodes collected, starting value_update
[DEBUG] train_step 16000: value_update done, starting policy_update
[DEBUG] train_step 16000: policy_update done
[step 16050] value_loss=20.287485 policy_loss=-0.452392
[step 16050] VALUE_DEBUG: target(mean=-11.42 std=7.75 min=-26.10 max=2.86) V(s)(mean=-10.78 std=7.22) reward(mean=-1.091 std=5.393) clip=50.0
[DEBUG] train_step 16050: starting episode collection
[DEBUG] train_step 16050: episodes collected, starting value_update
[DEBUG] train_step 16050: value_update done, starting policy_update
[DEBUG] train_step 16050: policy_update done
[step 16100] opnorm clamp applied
[step 16100] value_loss=0.666565 policy_loss=0.316871
[step 16100] VALUE_DEBUG: target(mean=-10.70 std=8.27 min=-18.35 max=6.46) V(s)(mean=-11.01 std=8.24) reward(mean=0.501 std=1.079) clip=50.0
[step 16100] eval_success_rate=0.220 eval_mean_score=13.100 eval_policy_mode=greedy [solved=11/50, score_range=10.00-16.00/16.0, initial=9.00]
[step 16100] PROGRESS: filled=13.10 violations=0.00 zero_cand=0.00
[step 16100] DEBUG: ep_len=14.2 ep_ret=-9.577 stop_prob=0.000 score_chg=3.7175
[DEBUG] train_step 16100: starting episode collection
[DEBUG] train_step 16100: episodes collected, starting value_update
[DEBUG] train_step 16100: value_update done, starting policy_update
[DEBUG] train_step 16100: policy_update done
[step 16150] value_loss=5.711362 policy_loss=0.314890
[step 16150] VALUE_DEBUG: target(mean=-10.66 std=8.38 min=-19.12 max=8.68) V(s)(mean=-10.67 std=7.74) reward(mean=-0.576 std=4.804) clip=50.0
[DEBUG] train_step 16150: starting episode collection
[DEBUG] train_step 16150: episodes collected, starting value_update
[DEBUG] train_step 16150: value_update done, starting policy_update
[DEBUG] train_step 16150: policy_update done
[step 16200] opnorm clamp applied
[step 16200] value_loss=8.284831 policy_loss=-0.576202
[step 16200] VALUE_DEBUG: target(mean=-12.58 std=8.04 min=-24.01 max=6.84) V(s)(mean=-12.26 std=6.53) reward(mean=-0.615 std=4.450) clip=50.0
[step 16200] eval_success_rate=0.220 eval_mean_score=13.160 eval_policy_mode=greedy [solved=11/50, score_range=10.00-16.00/16.0, initial=9.00]
[step 16200] PROGRESS: filled=13.16 violations=0.00 zero_cand=0.00
[step 16200] DEBUG: ep_len=14.0 ep_ret=-9.213 stop_prob=0.000 score_chg=3.7975
[DEBUG] train_step 16200: starting episode collection
[DEBUG] train_step 16200: episodes collected, starting value_update
[DEBUG] train_step 16200: value_update done, starting policy_update
[DEBUG] train_step 16200: policy_update done
[step 16250] value_loss=9.205212 policy_loss=0.084326
[step 16250] VALUE_DEBUG: target(mean=-11.32 std=8.10 min=-21.15 max=6.79) V(s)(mean=-10.76 std=8.08) reward(mean=-0.800 std=4.145) clip=50.0
[DEBUG] train_step 16250: starting episode collection
[DEBUG] train_step 16250: episodes collected, starting value_update
[DEBUG] train_step 16250: value_update done, starting policy_update
[DEBUG] train_step 16250: policy_update done
[step 16300] opnorm clamp applied
[step 16300] value_loss=6.827509 policy_loss=0.870490
[step 16300] VALUE_DEBUG: target(mean=-14.35 std=6.56 min=-25.38 max=1.93) V(s)(mean=-13.50 std=5.76) reward(mean=-1.043 std=2.768) clip=50.0
[step 16300] eval_success_rate=0.180 eval_mean_score=12.840 eval_policy_mode=greedy [solved=9/50, score_range=10.00-16.00/16.0, initial=9.00]
[step 16300] PROGRESS: filled=12.84 violations=0.00 zero_cand=0.00
[step 16300] DEBUG: ep_len=14.1 ep_ret=-9.569 stop_prob=0.000 score_chg=3.6600
[DEBUG] train_step 16300: starting episode collection
[DEBUG] train_step 16300: episodes collected, starting value_update
[DEBUG] train_step 16300: value_update done, starting policy_update
[DEBUG] train_step 16300: policy_update done
[step 16350] value_loss=9.742818 policy_loss=0.913507
[step 16350] VALUE_DEBUG: target(mean=-10.90 std=7.48 min=-23.94 max=6.50) V(s)(mean=-11.20 std=7.38) reward(mean=-0.862 std=5.379) clip=50.0
[DEBUG] train_step 16350: starting episode collection
[DEBUG] train_step 16350: episodes collected, starting value_update
[DEBUG] train_step 16350: value_update done, starting policy_update
[DEBUG] train_step 16350: policy_update done
[step 16400] opnorm clamp applied
[step 16400] value_loss=2.268833 policy_loss=0.473231
[step 16400] VALUE_DEBUG: target(mean=-11.20 std=6.84 min=-20.08 max=5.05) V(s)(mean=-11.07 std=7.09) reward(mean=-0.041 std=2.206) clip=50.0
[step 16400] eval_success_rate=0.180 eval_mean_score=12.920 eval_policy_mode=greedy [solved=9/50, score_range=10.00-16.00/16.0, initial=9.00]
[step 16400] PROGRESS: filled=12.92 violations=0.00 zero_cand=0.00
[step 16400] DEBUG: ep_len=14.2 ep_ret=-9.767 stop_prob=0.000 score_chg=3.7875
[DEBUG] train_step 16400: starting episode collection
[DEBUG] train_step 16400: episodes collected, starting value_update
[DEBUG] train_step 16400: value_update done, starting policy_update
[DEBUG] train_step 16400: policy_update done
[step 16450] value_loss=5.541013 policy_loss=0.521235
[step 16450] VALUE_DEBUG: target(mean=-12.28 std=8.16 min=-22.41 max=5.57) V(s)(mean=-11.86 std=7.82) reward(mean=-0.863 std=3.700) clip=50.0
[DEBUG] train_step 16450: starting episode collection
[DEBUG] train_step 16450: episodes collected, starting value_update
[DEBUG] train_step 16450: value_update done, starting policy_update
[DEBUG] train_step 16450: policy_update done
[step 16500] opnorm clamp applied
[step 16500] value_loss=7.884377 policy_loss=-0.044798
[step 16500] VALUE_DEBUG: target(mean=-9.67 std=8.55 min=-21.85 max=7.71) V(s)(mean=-10.26 std=8.01) reward(mean=0.420 std=2.806) clip=50.0
[step 16500] eval_success_rate=0.220 eval_mean_score=13.020 eval_policy_mode=greedy [solved=11/50, score_range=10.00-16.00/16.0, initial=9.00]
[step 16500] PROGRESS: filled=13.02 violations=0.00 zero_cand=0.00
[step 16500] DEBUG: ep_len=14.0 ep_ret=-8.748 stop_prob=0.000 score_chg=4.0950
[DEBUG] train_step 16500: starting episode collection
[DEBUG] train_step 16500: episodes collected, starting value_update
[DEBUG] train_step 16500: value_update done, starting policy_update
[DEBUG] train_step 16500: policy_update done
[step 16550] value_loss=10.421566 policy_loss=0.097588
[step 16550] VALUE_DEBUG: target(mean=-9.79 std=7.51 min=-17.68 max=13.17) V(s)(mean=-10.96 std=6.78) reward(mean=1.298 std=3.470) clip=50.0
[DEBUG] train_step 16550: starting episode collection
[DEBUG] train_step 16550: episodes collected, starting value_update
[DEBUG] train_step 16550: value_update done, starting policy_update
[DEBUG] train_step 16550: policy_update done
[step 16600] opnorm clamp applied
[step 16600] value_loss=4.027768 policy_loss=-0.100426
[step 16600] VALUE_DEBUG: target(mean=-10.81 std=8.65 min=-20.86 max=6.42) V(s)(mean=-10.88 std=8.39) reward(mean=-1.236 std=4.399) clip=50.0
[step 16600] eval_success_rate=0.240 eval_mean_score=13.320 eval_policy_mode=greedy [solved=12/50, score_range=10.00-16.00/16.0, initial=9.00]
[step 16600] PROGRESS: filled=13.32 violations=0.00 zero_cand=0.00
[step 16600] DEBUG: ep_len=14.1 ep_ret=-9.450 stop_prob=0.000 score_chg=3.8775
[DEBUG] train_step 16600: starting episode collection
[DEBUG] train_step 16600: episodes collected, starting value_update
[DEBUG] train_step 16600: value_update done, starting policy_update
[DEBUG] train_step 16600: policy_update done
[step 16650] value_loss=8.571950 policy_loss=-1.213341
[step 16650] VALUE_DEBUG: target(mean=-10.29 std=6.91 min=-19.02 max=5.90) V(s)(mean=-10.06 std=6.91) reward(mean=0.132 std=4.365) clip=50.0
[DEBUG] train_step 16650: starting episode collection
[DEBUG] train_step 16650: episodes collected, starting value_update
[DEBUG] train_step 16650: value_update done, starting policy_update
[DEBUG] train_step 16650: policy_update done
[step 16700] opnorm clamp applied
[step 16700] value_loss=1.878069 policy_loss=-0.264181
[step 16700] VALUE_DEBUG: target(mean=-9.65 std=8.23 min=-18.65 max=8.17) V(s)(mean=-9.97 std=7.92) reward(mean=0.352 std=1.597) clip=50.0
[step 16700] eval_success_rate=0.240 eval_mean_score=13.140 eval_policy_mode=greedy [solved=12/50, score_range=10.00-16.00/16.0, initial=9.00]
[step 16700] PROGRESS: filled=13.14 violations=0.00 zero_cand=0.00
[step 16700] DEBUG: ep_len=14.0 ep_ret=-8.812 stop_prob=0.000 score_chg=4.0000
[DEBUG] train_step 16700: starting episode collection
[DEBUG] train_step 16700: episodes collected, starting value_update
[DEBUG] train_step 16700: value_update done, starting policy_update
[DEBUG] train_step 16700: policy_update done
[step 16750] value_loss=4.257933 policy_loss=0.434177
[step 16750] VALUE_DEBUG: target(mean=-11.62 std=7.37 min=-22.10 max=6.49) V(s)(mean=-11.50 std=6.93) reward(mean=-0.531 std=4.512) clip=50.0
[DEBUG] train_step 16750: starting episode collection
[DEBUG] train_step 16750: episodes collected, starting value_update
[DEBUG] train_step 16750: value_update done, starting policy_update
[DEBUG] train_step 16750: policy_update done
[step 16800] opnorm clamp applied
[step 16800] value_loss=4.460684 policy_loss=0.391499
[step 16800] VALUE_DEBUG: target(mean=-12.69 std=5.46 min=-21.24 max=1.84) V(s)(mean=-12.39 std=5.07) reward(mean=-0.142 std=2.165) clip=50.0
[step 16800] eval_success_rate=0.240 eval_mean_score=13.200 eval_policy_mode=greedy [solved=12/50, score_range=10.00-16.00/16.0, initial=9.00]
[step 16800] PROGRESS: filled=13.20 violations=0.00 zero_cand=0.00
[step 16800] DEBUG: ep_len=13.9 ep_ret=-8.296 stop_prob=0.000 score_chg=4.2150
[DEBUG] train_step 16800: starting episode collection
[DEBUG] train_step 16800: episodes collected, starting value_update
[DEBUG] train_step 16800: value_update done, starting policy_update
[DEBUG] train_step 16800: policy_update done
[step 16850] value_loss=6.382341 policy_loss=-0.372544
[step 16850] VALUE_DEBUG: target(mean=-11.47 std=7.60 min=-23.24 max=7.08) V(s)(mean=-11.82 std=7.38) reward(mean=-0.052 std=3.862) clip=50.0
[DEBUG] train_step 16850: starting episode collection
[DEBUG] train_step 16850: episodes collected, starting value_update
[DEBUG] train_step 16850: value_update done, starting policy_update
[DEBUG] train_step 16850: policy_update done
[step 16900] opnorm clamp applied
[step 16900] value_loss=0.171743 policy_loss=1.363876
[step 16900] VALUE_DEBUG: target(mean=-13.80 std=5.28 min=-20.10 max=5.10) V(s)(mean=-13.82 std=5.41) reward(mean=-1.084 std=4.860) clip=50.0
[step 16900] eval_success_rate=0.240 eval_mean_score=13.200 eval_policy_mode=greedy [solved=12/50, score_range=10.00-16.00/16.0, initial=9.00]
[step 16900] PROGRESS: filled=13.20 violations=0.00 zero_cand=0.00
[step 16900] DEBUG: ep_len=13.9 ep_ret=-8.959 stop_prob=0.000 score_chg=3.9525
[DEBUG] train_step 16900: starting episode collection
[DEBUG] train_step 16900: episodes collected, starting value_update
[DEBUG] train_step 16900: value_update done, starting policy_update
[DEBUG] train_step 16900: policy_update done
[step 16950] value_loss=2.602495 policy_loss=-0.330135
[step 16950] VALUE_DEBUG: target(mean=-10.69 std=7.05 min=-17.90 max=3.89) V(s)(mean=-10.70 std=7.21) reward(mean=-1.241 std=5.005) clip=50.0
[DEBUG] train_step 16950: starting episode collection
[DEBUG] train_step 16950: episodes collected, starting value_update
[DEBUG] train_step 16950: value_update done, starting policy_update
[DEBUG] train_step 16950: policy_update done
[step 17000] opnorm clamp applied
[step 17000] value_loss=1.995003 policy_loss=-0.308082
[step 17000] VALUE_DEBUG: target(mean=-12.74 std=6.70 min=-20.77 max=4.74) V(s)(mean=-12.53 std=6.39) reward(mean=-0.552 std=3.186) clip=50.0
[step 17000] eval_success_rate=0.280 eval_mean_score=13.600 eval_policy_mode=greedy [solved=14/50, score_range=10.00-16.00/16.0, initial=9.00]
[step 17000] PROGRESS: filled=13.60 violations=0.00 zero_cand=0.00
[step 17000] DEBUG: ep_len=13.7 ep_ret=-8.224 stop_prob=0.000 score_chg=4.1700
[Checkpoint] Saved to buiksat_trm/checkpoints/table3_hard_6to8_controlled_nomask_c_r0_s3/rl_checkpoint_step_17000.pt
[DEBUG] train_step 17000: starting episode collection
[DEBUG] train_step 17000: episodes collected, starting value_update
[DEBUG] train_step 17000: value_update done, starting policy_update
[DEBUG] train_step 17000: policy_update done
[step 17050] value_loss=3.958942 policy_loss=-0.281898
[step 17050] VALUE_DEBUG: target(mean=-12.91 std=7.34 min=-22.62 max=6.09) V(s)(mean=-13.10 std=7.19) reward(mean=-1.772 std=5.116) clip=50.0
[DEBUG] train_step 17050: starting episode collection
[DEBUG] train_step 17050: episodes collected, starting value_update
[DEBUG] train_step 17050: value_update done, starting policy_update
[DEBUG] train_step 17050: policy_update done
[step 17100] opnorm clamp applied
[step 17100] value_loss=0.556578 policy_loss=0.134562
[step 17100] VALUE_DEBUG: target(mean=-10.63 std=7.97 min=-18.78 max=5.54) V(s)(mean=-10.39 std=7.85) reward(mean=-0.738 std=3.995) clip=50.0
[step 17100] eval_success_rate=0.280 eval_mean_score=13.400 eval_policy_mode=greedy [solved=14/50, score_range=10.00-16.00/16.0, initial=9.00]
[step 17100] PROGRESS: filled=13.40 violations=0.00 zero_cand=0.00
[step 17100] DEBUG: ep_len=13.6 ep_ret=-8.123 stop_prob=0.000 score_chg=4.1125
[DEBUG] train_step 17100: starting episode collection
[DEBUG] train_step 17100: episodes collected, starting value_update
[DEBUG] train_step 17100: value_update done, starting policy_update
[DEBUG] train_step 17100: policy_update done
[step 17150] value_loss=3.669942 policy_loss=-0.167003
[step 17150] VALUE_DEBUG: target(mean=-10.23 std=8.38 min=-21.09 max=8.72) V(s)(mean=-10.33 std=7.41) reward(mean=-0.459 std=4.254) clip=50.0
[DEBUG] train_step 17150: starting episode collection
[DEBUG] train_step 17150: episodes collected, starting value_update
[DEBUG] train_step 17150: value_update done, starting policy_update
[DEBUG] train_step 17150: policy_update done
[step 17200] opnorm clamp applied
[step 17200] value_loss=4.951640 policy_loss=0.080528
[step 17200] VALUE_DEBUG: target(mean=-11.62 std=6.90 min=-22.70 max=8.85) V(s)(mean=-11.87 std=6.45) reward(mean=-0.041 std=3.981) clip=50.0
[step 17200] eval_success_rate=0.280 eval_mean_score=13.520 eval_policy_mode=greedy [solved=14/50, score_range=10.00-16.00/16.0, initial=9.00]
[step 17200] PROGRESS: filled=13.52 violations=0.00 zero_cand=0.00
[step 17200] DEBUG: ep_len=13.4 ep_ret=-7.290 stop_prob=0.000 score_chg=4.5100
[DEBUG] train_step 17200: starting episode collection
[DEBUG] train_step 17200: episodes collected, starting value_update
[DEBUG] train_step 17200: value_update done, starting policy_update
[DEBUG] train_step 17200: policy_update done
[step 17250] value_loss=11.479515 policy_loss=0.479806
[step 17250] VALUE_DEBUG: target(mean=-10.28 std=7.86 min=-21.71 max=6.17) V(s)(mean=-9.94 std=7.16) reward(mean=-0.518 std=4.845) clip=50.0
[DEBUG] train_step 17250: starting episode collection
[DEBUG] train_step 17250: episodes collected, starting value_update
[DEBUG] train_step 17250: value_update done, starting policy_update
[DEBUG] train_step 17250: policy_update done
[step 17300] opnorm clamp applied
[step 17300] value_loss=7.179464 policy_loss=-0.591627
[step 17300] VALUE_DEBUG: target(mean=-11.48 std=7.21 min=-19.89 max=5.50) V(s)(mean=-12.18 std=7.09) reward(mean=-0.520 std=4.813) clip=50.0
[step 17300] eval_success_rate=0.280 eval_mean_score=13.580 eval_policy_mode=greedy [solved=14/50, score_range=10.00-16.00/16.0, initial=9.00]
[step 17300] PROGRESS: filled=13.58 violations=0.00 zero_cand=0.00
[step 17300] DEBUG: ep_len=13.7 ep_ret=-7.886 stop_prob=0.000 score_chg=4.2500
[DEBUG] train_step 17300: starting episode collection
[DEBUG] train_step 17300: episodes collected, starting value_update
[DEBUG] train_step 17300: value_update done, starting policy_update
[DEBUG] train_step 17300: policy_update done
[step 17350] value_loss=9.129762 policy_loss=-0.229954
[step 17350] VALUE_DEBUG: target(mean=-14.35 std=5.76 min=-28.01 max=5.13) V(s)(mean=-13.50 std=4.86) reward(mean=-1.678 std=5.922) clip=50.0
[DEBUG] train_step 17350: starting episode collection
[DEBUG] train_step 17350: episodes collected, starting value_update
[DEBUG] train_step 17350: value_update done, starting policy_update
[DEBUG] train_step 17350: policy_update done
[step 17400] opnorm clamp applied
[step 17400] value_loss=8.483162 policy_loss=-0.119469
[step 17400] VALUE_DEBUG: target(mean=-9.61 std=9.76 min=-23.40 max=14.00) V(s)(mean=-10.06 std=8.96) reward(mean=0.393 std=4.284) clip=50.0
[step 17400] eval_success_rate=0.280 eval_mean_score=13.420 eval_policy_mode=greedy [solved=14/50, score_range=10.00-16.00/16.0, initial=9.00]
[step 17400] PROGRESS: filled=13.42 violations=0.00 zero_cand=0.00
[step 17400] DEBUG: ep_len=13.7 ep_ret=-8.573 stop_prob=0.000 score_chg=4.0400
[DEBUG] train_step 17400: starting episode collection
[DEBUG] train_step 17400: episodes collected, starting value_update
[DEBUG] train_step 17400: value_update done, starting policy_update
[DEBUG] train_step 17400: policy_update done
[step 17450] value_loss=6.302235 policy_loss=0.602580
[step 17450] VALUE_DEBUG: target(mean=-10.53 std=8.93 min=-23.34 max=5.96) V(s)(mean=-10.30 std=8.45) reward(mean=-0.864 std=4.655) clip=50.0
[DEBUG] train_step 17450: starting episode collection
[DEBUG] train_step 17450: episodes collected, starting value_update
[DEBUG] train_step 17450: value_update done, starting policy_update
[DEBUG] train_step 17450: policy_update done
[step 17500] opnorm clamp applied
[step 17500] value_loss=2.606965 policy_loss=0.124193
[step 17500] VALUE_DEBUG: target(mean=-10.62 std=7.37 min=-17.31 max=4.31) V(s)(mean=-11.03 std=7.47) reward(mean=0.470 std=1.116) clip=50.0
[step 17500] eval_success_rate=0.280 eval_mean_score=13.340 eval_policy_mode=greedy [solved=14/50, score_range=10.00-16.00/16.0, initial=9.00]
[step 17500] PROGRESS: filled=13.34 violations=0.00 zero_cand=0.00
[step 17500] DEBUG: ep_len=13.8 ep_ret=-8.697 stop_prob=0.000 score_chg=4.0300
[DEBUG] train_step 17500: starting episode collection
[DEBUG] train_step 17500: episodes collected, starting value_update
[DEBUG] train_step 17500: value_update done, starting policy_update
[DEBUG] train_step 17500: policy_update done
[step 17550] value_loss=3.437720 policy_loss=0.213329
[step 17550] VALUE_DEBUG: target(mean=-10.54 std=8.03 min=-20.52 max=4.67) V(s)(mean=-11.06 std=7.82) reward(mean=-0.151 std=3.480) clip=50.0
[DEBUG] train_step 17550: starting episode collection
[DEBUG] train_step 17550: episodes collected, starting value_update
[DEBUG] train_step 17550: value_update done, starting policy_update
[DEBUG] train_step 17550: policy_update done
[step 17600] opnorm clamp applied
[step 17600] value_loss=4.579135 policy_loss=0.149487
[step 17600] VALUE_DEBUG: target(mean=-12.87 std=6.27 min=-22.09 max=4.78) V(s)(mean=-12.02 std=6.41) reward(mean=-1.450 std=4.991) clip=50.0
[step 17600] eval_success_rate=0.280 eval_mean_score=13.560 eval_policy_mode=greedy [solved=14/50, score_range=10.00-16.00/16.0, initial=9.00]
[step 17600] PROGRESS: filled=13.56 violations=0.00 zero_cand=0.00
[step 17600] DEBUG: ep_len=13.9 ep_ret=-8.117 stop_prob=0.000 score_chg=4.5125
[DEBUG] train_step 17600: starting episode collection
[DEBUG] train_step 17600: episodes collected, starting value_update
[DEBUG] train_step 17600: value_update done, starting policy_update
[DEBUG] train_step 17600: policy_update done
[step 17650] value_loss=5.354519 policy_loss=-0.605685
[step 17650] VALUE_DEBUG: target(mean=-11.01 std=8.41 min=-22.54 max=10.68) V(s)(mean=-10.66 std=7.76) reward(mean=-0.460 std=3.742) clip=50.0
[DEBUG] train_step 17650: starting episode collection
[DEBUG] train_step 17650: episodes collected, starting value_update
[DEBUG] train_step 17650: value_update done, starting policy_update
[DEBUG] train_step 17650: policy_update done
[step 17700] opnorm clamp applied
[step 17700] value_loss=7.216819 policy_loss=0.145686
[step 17700] VALUE_DEBUG: target(mean=-9.13 std=9.55 min=-23.61 max=10.99) V(s)(mean=-9.31 std=8.67) reward(mean=0.168 std=4.092) clip=50.0
[step 17700] eval_success_rate=0.280 eval_mean_score=13.380 eval_policy_mode=greedy [solved=14/50, score_range=10.00-16.00/16.0, initial=9.00]
[step 17700] PROGRESS: filled=13.38 violations=0.00 zero_cand=0.00
[step 17700] DEBUG: ep_len=13.7 ep_ret=-8.411 stop_prob=0.000 score_chg=4.1575
[DEBUG] train_step 17700: starting episode collection
[DEBUG] train_step 17700: episodes collected, starting value_update
[DEBUG] train_step 17700: value_update done, starting policy_update
[DEBUG] train_step 17700: policy_update done
[step 17750] value_loss=11.178760 policy_loss=-0.976871
[step 17750] VALUE_DEBUG: target(mean=-11.20 std=9.62 min=-30.18 max=5.90) V(s)(mean=-10.15 std=8.66) reward(mean=-1.546 std=4.317) clip=50.0
[DEBUG] train_step 17750: starting episode collection
[DEBUG] train_step 17750: episodes collected, starting value_update
[DEBUG] train_step 17750: value_update done, starting policy_update
[DEBUG] train_step 17750: policy_update done
[step 17800] opnorm clamp applied
[step 17800] value_loss=7.462463 policy_loss=-0.273970
[step 17800] VALUE_DEBUG: target(mean=-8.88 std=8.02 min=-22.62 max=7.23) V(s)(mean=-8.73 std=7.65) reward(mean=-0.235 std=4.057) clip=50.0
[step 17800] eval_success_rate=0.280 eval_mean_score=13.640 eval_policy_mode=greedy [solved=14/50, score_range=10.00-16.00/16.0, initial=9.00]
[step 17800] PROGRESS: filled=13.64 violations=0.00 zero_cand=0.00
[step 17800] DEBUG: ep_len=14.0 ep_ret=-8.848 stop_prob=0.000 score_chg=4.1100
[DEBUG] train_step 17800: starting episode collection
[DEBUG] train_step 17800: episodes collected, starting value_update
[DEBUG] train_step 17800: value_update done, starting policy_update
[DEBUG] train_step 17800: policy_update done
[step 17850] value_loss=6.076897 policy_loss=0.222992
[step 17850] VALUE_DEBUG: target(mean=-11.49 std=7.72 min=-22.41 max=5.69) V(s)(mean=-10.97 std=7.26) reward(mean=-0.147 std=2.568) clip=50.0
[DEBUG] train_step 17850: starting episode collection
[DEBUG] train_step 17850: episodes collected, starting value_update
[DEBUG] train_step 17850: value_update done, starting policy_update
[DEBUG] train_step 17850: policy_update done
[step 17900] opnorm clamp applied
[step 17900] value_loss=4.453215 policy_loss=0.042381
[step 17900] VALUE_DEBUG: target(mean=-11.77 std=6.43 min=-18.56 max=5.79) V(s)(mean=-11.47 std=6.82) reward(mean=-0.489 std=3.539) clip=50.0
[step 17900] eval_success_rate=0.240 eval_mean_score=13.560 eval_policy_mode=greedy [solved=12/50, score_range=10.00-16.00/16.0, initial=9.00]
[step 17900] PROGRESS: filled=13.56 violations=0.00 zero_cand=0.00
[step 17900] DEBUG: ep_len=13.7 ep_ret=-7.912 stop_prob=0.000 score_chg=4.0775
[DEBUG] train_step 17900: starting episode collection
[DEBUG] train_step 17900: episodes collected, starting value_update
[DEBUG] train_step 17900: value_update done, starting policy_update
[DEBUG] train_step 17900: policy_update done
[step 17950] value_loss=4.644175 policy_loss=0.487237
[step 17950] VALUE_DEBUG: target(mean=-11.99 std=7.08 min=-23.42 max=6.07) V(s)(mean=-11.96 std=6.72) reward(mean=0.168 std=2.337) clip=50.0
[DEBUG] train_step 17950: starting episode collection
[DEBUG] train_step 17950: episodes collected, starting value_update
[DEBUG] train_step 17950: value_update done, starting policy_update
[DEBUG] train_step 17950: policy_update done
[step 18000] opnorm clamp applied
[step 18000] value_loss=2.433795 policy_loss=-0.084100
[step 18000] VALUE_DEBUG: target(mean=-9.38 std=9.07 min=-18.85 max=6.48) V(s)(mean=-9.80 std=8.99) reward(mean=0.692 std=1.565) clip=50.0
[step 18000] eval_success_rate=0.260 eval_mean_score=13.420 eval_policy_mode=greedy [solved=13/50, score_range=9.00-16.00/16.0, initial=9.00]
[step 18000] PROGRESS: filled=13.42 violations=0.00 zero_cand=0.00
[step 18000] DEBUG: ep_len=13.5 ep_ret=-7.310 stop_prob=0.000 score_chg=4.4925
[Checkpoint] Saved to buiksat_trm/checkpoints/table3_hard_6to8_controlled_nomask_c_r0_s3/rl_checkpoint_step_18000.pt
[DEBUG] train_step 18000: starting episode collection
[DEBUG] train_step 18000: episodes collected, starting value_update
[DEBUG] train_step 18000: value_update done, starting policy_update
[DEBUG] train_step 18000: policy_update done
[step 18050] value_loss=1.347548 policy_loss=0.100087
[step 18050] VALUE_DEBUG: target(mean=-11.51 std=7.48 min=-19.70 max=5.76) V(s)(mean=-12.08 std=7.12) reward(mean=-0.739 std=4.242) clip=50.0
[DEBUG] train_step 18050: starting episode collection
[DEBUG] train_step 18050: episodes collected, starting value_update
[DEBUG] train_step 18050: value_update done, starting policy_update
[DEBUG] train_step 18050: policy_update done
[step 18100] opnorm clamp applied
[step 18100] value_loss=4.401854 policy_loss=0.172105
[step 18100] VALUE_DEBUG: target(mean=-12.40 std=6.82 min=-22.19 max=6.66) V(s)(mean=-13.01 std=6.73) reward(mean=-1.460 std=6.106) clip=50.0
[step 18100] eval_success_rate=0.220 eval_mean_score=13.340 eval_policy_mode=greedy [solved=11/50, score_range=10.00-16.00/16.0, initial=9.00]
[step 18100] PROGRESS: filled=13.34 violations=0.00 zero_cand=0.00
[step 18100] DEBUG: ep_len=14.1 ep_ret=-9.020 stop_prob=0.000 score_chg=4.1150
[DEBUG] train_step 18100: starting episode collection
[DEBUG] train_step 18100: episodes collected, starting value_update
[DEBUG] train_step 18100: value_update done, starting policy_update
[DEBUG] train_step 18100: policy_update done
[step 18150] value_loss=7.100321 policy_loss=0.608368
[step 18150] VALUE_DEBUG: target(mean=-12.02 std=7.53 min=-26.93 max=5.03) V(s)(mean=-11.40 std=7.71) reward(mean=-0.860 std=3.875) clip=50.0
[DEBUG] train_step 18150: starting episode collection
[DEBUG] train_step 18150: episodes collected, starting value_update
[DEBUG] train_step 18150: value_update done, starting policy_update
[DEBUG] train_step 18150: policy_update done
[step 18200] opnorm clamp applied
[step 18200] value_loss=14.037725 policy_loss=0.054470
[step 18200] VALUE_DEBUG: target(mean=-8.95 std=9.99 min=-22.62 max=9.36) V(s)(mean=-9.68 std=8.95) reward(mean=0.130 std=4.779) clip=50.0
[step 18200] eval_success_rate=0.220 eval_mean_score=13.260 eval_policy_mode=greedy [solved=11/50, score_range=10.00-16.00/16.0, initial=9.00]
[step 18200] PROGRESS: filled=13.26 violations=0.00 zero_cand=0.00
[step 18200] DEBUG: ep_len=13.6 ep_ret=-7.487 stop_prob=0.000 score_chg=4.5050
[DEBUG] train_step 18200: starting episode collection
[DEBUG] train_step 18200: episodes collected, starting value_update
[DEBUG] train_step 18200: value_update done, starting policy_update
[DEBUG] train_step 18200: policy_update done
[step 18250] value_loss=5.625844 policy_loss=-0.349676
[step 18250] VALUE_DEBUG: target(mean=-11.68 std=7.66 min=-21.40 max=5.46) V(s)(mean=-11.96 std=6.93) reward(mean=-1.240 std=4.948) clip=50.0
[DEBUG] train_step 18250: starting episode collection
[DEBUG] train_step 18250: episodes collected, starting value_update
[DEBUG] train_step 18250: value_update done, starting policy_update
[DEBUG] train_step 18250: policy_update done
[step 18300] opnorm clamp applied
[step 18300] value_loss=1.480193 policy_loss=-0.145961
[step 18300] VALUE_DEBUG: target(mean=-13.15 std=6.07 min=-22.09 max=6.73) V(s)(mean=-13.15 std=5.91) reward(mean=-0.959 std=4.821) clip=50.0
[step 18300] eval_success_rate=0.180 eval_mean_score=13.180 eval_policy_mode=greedy [solved=9/50, score_range=10.00-16.00/16.0, initial=9.00]
[step 18300] PROGRESS: filled=13.18 violations=0.00 zero_cand=0.00
[step 18300] DEBUG: ep_len=13.9 ep_ret=-8.549 stop_prob=0.000 score_chg=4.0825
[DEBUG] train_step 18300: starting episode collection
[DEBUG] train_step 18300: episodes collected, starting value_update
[DEBUG] train_step 18300: value_update done, starting policy_update
[DEBUG] train_step 18300: policy_update done
[step 18350] value_loss=3.397651 policy_loss=0.189310
[step 18350] VALUE_DEBUG: target(mean=-12.65 std=6.20 min=-21.73 max=3.35) V(s)(mean=-12.70 std=5.79) reward(mean=-0.213 std=3.725) clip=50.0
[DEBUG] train_step 18350: starting episode collection
[DEBUG] train_step 18350: episodes collected, starting value_update
[DEBUG] train_step 18350: value_update done, starting policy_update
[DEBUG] train_step 18350: policy_update done
[step 18400] opnorm clamp applied
[step 18400] value_loss=1.687330 policy_loss=-0.084344
[step 18400] VALUE_DEBUG: target(mean=-9.55 std=8.55 min=-19.23 max=7.27) V(s)(mean=-9.90 std=8.34) reward(mean=-0.521 std=5.280) clip=50.0
[step 18400] eval_success_rate=0.180 eval_mean_score=13.080 eval_policy_mode=greedy [solved=9/50, score_range=10.00-16.00/16.0, initial=9.00]
[step 18400] PROGRESS: filled=13.08 violations=0.00 zero_cand=0.00
[step 18400] DEBUG: ep_len=13.8 ep_ret=-7.512 stop_prob=0.000 score_chg=4.4950
[DEBUG] train_step 18400: starting episode collection
[DEBUG] train_step 18400: episodes collected, starting value_update
[DEBUG] train_step 18400: value_update done, starting policy_update
[DEBUG] train_step 18400: policy_update done
[step 18450] value_loss=5.044205 policy_loss=0.419821
[step 18450] VALUE_DEBUG: target(mean=-13.44 std=6.08 min=-19.25 max=6.11) V(s)(mean=-13.45 std=5.86) reward(mean=-0.401 std=4.157) clip=50.0
[DEBUG] train_step 18450: starting episode collection
[DEBUG] train_step 18450: episodes collected, starting value_update
[DEBUG] train_step 18450: value_update done, starting policy_update
[DEBUG] train_step 18450: policy_update done
[step 18500] opnorm clamp applied
[step 18500] value_loss=5.962198 policy_loss=0.461825
[step 18500] VALUE_DEBUG: target(mean=-11.53 std=8.35 min=-24.14 max=6.20) V(s)(mean=-11.70 std=7.71) reward(mean=-2.405 std=6.112) clip=50.0
[step 18500] eval_success_rate=0.180 eval_mean_score=13.000 eval_policy_mode=greedy [solved=9/50, score_range=10.00-16.00/16.0, initial=9.00]
[step 18500] PROGRESS: filled=13.00 violations=0.00 zero_cand=0.00
[step 18500] DEBUG: ep_len=13.9 ep_ret=-7.998 stop_prob=0.000 score_chg=4.3125
[DEBUG] train_step 18500: starting episode collection
[DEBUG] train_step 18500: episodes collected, starting value_update
[DEBUG] train_step 18500: value_update done, starting policy_update
[DEBUG] train_step 18500: policy_update done
[step 18550] value_loss=3.992613 policy_loss=-0.331635
[step 18550] VALUE_DEBUG: target(mean=-9.65 std=8.32 min=-21.23 max=6.19) V(s)(mean=-9.35 std=8.00) reward(mean=-0.386 std=2.828) clip=50.0
[DEBUG] train_step 18550: starting episode collection
[DEBUG] train_step 18550: episodes collected, starting value_update
[DEBUG] train_step 18550: value_update done, starting policy_update
[DEBUG] train_step 18550: policy_update done
[step 18600] opnorm clamp applied
[step 18600] value_loss=1.860960 policy_loss=0.181618
[step 18600] VALUE_DEBUG: target(mean=-11.29 std=8.17 min=-19.38 max=6.22) V(s)(mean=-10.85 std=8.06) reward(mean=-1.905 std=5.518) clip=50.0
[step 18600] eval_success_rate=0.180 eval_mean_score=13.020 eval_policy_mode=greedy [solved=9/50, score_range=10.00-16.00/16.0, initial=9.00]
[step 18600] PROGRESS: filled=13.02 violations=0.00 zero_cand=0.00
[step 18600] DEBUG: ep_len=13.7 ep_ret=-7.610 stop_prob=0.000 score_chg=4.1350
[DEBUG] train_step 18600: starting episode collection
[DEBUG] train_step 18600: episodes collected, starting value_update
[DEBUG] train_step 18600: value_update done, starting policy_update
[DEBUG] train_step 18600: policy_update done
[step 18650] value_loss=3.899723 policy_loss=-0.410538
[step 18650] VALUE_DEBUG: target(mean=-11.72 std=7.23 min=-22.09 max=4.29) V(s)(mean=-12.04 std=7.05) reward(mean=-0.903 std=5.332) clip=50.0
[DEBUG] train_step 18650: starting episode collection
[DEBUG] train_step 18650: episodes collected, starting value_update
[DEBUG] train_step 18650: value_update done, starting policy_update
[DEBUG] train_step 18650: policy_update done
[step 18700] opnorm clamp applied
[step 18700] value_loss=3.412035 policy_loss=0.033748
[step 18700] VALUE_DEBUG: target(mean=-10.57 std=7.35 min=-18.95 max=7.10) V(s)(mean=-10.30 std=7.75) reward(mean=0.198 std=2.378) clip=50.0
[step 18700] eval_success_rate=0.180 eval_mean_score=13.220 eval_policy_mode=greedy [solved=9/50, score_range=10.00-16.00/16.0, initial=9.00]
[step 18700] PROGRESS: filled=13.22 violations=0.00 zero_cand=0.00
[step 18700] DEBUG: ep_len=14.1 ep_ret=-8.688 stop_prob=0.000 score_chg=4.1450
[DEBUG] train_step 18700: starting episode collection
[DEBUG] train_step 18700: episodes collected, starting value_update
[DEBUG] train_step 18700: value_update done, starting policy_update
[DEBUG] train_step 18700: policy_update done
[step 18750] value_loss=7.075486 policy_loss=0.530599
[step 18750] VALUE_DEBUG: target(mean=-13.01 std=6.79 min=-20.45 max=10.73) V(s)(mean=-12.61 std=6.06) reward(mean=-0.023 std=2.831) clip=50.0
[DEBUG] train_step 18750: starting episode collection
[DEBUG] train_step 18750: episodes collected, starting value_update
[DEBUG] train_step 18750: value_update done, starting policy_update
[DEBUG] train_step 18750: policy_update done
[step 18800] opnorm clamp applied
[step 18800] value_loss=9.440111 policy_loss=-0.098166
[step 18800] VALUE_DEBUG: target(mean=-12.60 std=7.91 min=-23.86 max=8.91) V(s)(mean=-12.02 std=7.05) reward(mean=-1.430 std=5.702) clip=50.0
[step 18800] eval_success_rate=0.180 eval_mean_score=13.180 eval_policy_mode=greedy [solved=9/50, score_range=10.00-16.00/16.0, initial=9.00]
[step 18800] PROGRESS: filled=13.18 violations=0.00 zero_cand=0.00
[step 18800] DEBUG: ep_len=13.9 ep_ret=-8.073 stop_prob=0.000 score_chg=4.4175
[DEBUG] train_step 18800: starting episode collection
[DEBUG] train_step 18800: episodes collected, starting value_update
[DEBUG] train_step 18800: value_update done, starting policy_update
[DEBUG] train_step 18800: policy_update done
[step 18850] value_loss=2.615659 policy_loss=0.154018
[step 18850] VALUE_DEBUG: target(mean=-12.38 std=6.79 min=-24.07 max=5.45) V(s)(mean=-11.85 std=6.76) reward(mean=-1.965 std=5.036) clip=50.0
[DEBUG] train_step 18850: starting episode collection
[DEBUG] train_step 18850: episodes collected, starting value_update
[DEBUG] train_step 18850: value_update done, starting policy_update
[DEBUG] train_step 18850: policy_update done
[step 18900] opnorm clamp applied
[step 18900] value_loss=3.672365 policy_loss=0.247214
[step 18900] VALUE_DEBUG: target(mean=-12.34 std=6.70 min=-19.22 max=13.41) V(s)(mean=-12.50 std=5.73) reward(mean=-0.050 std=3.917) clip=50.0
[step 18900] eval_success_rate=0.200 eval_mean_score=13.040 eval_policy_mode=greedy [solved=10/50, score_range=10.00-16.00/16.0, initial=9.00]
[step 18900] PROGRESS: filled=13.04 violations=0.00 zero_cand=0.00
[step 18900] DEBUG: ep_len=14.0 ep_ret=-8.148 stop_prob=0.000 score_chg=4.5050
[DEBUG] train_step 18900: starting episode collection
[DEBUG] train_step 18900: episodes collected, starting value_update
[DEBUG] train_step 18900: value_update done, starting policy_update
[DEBUG] train_step 18900: policy_update done
[step 18950] value_loss=3.049199 policy_loss=-0.098550
[step 18950] VALUE_DEBUG: target(mean=-9.55 std=8.73 min=-21.41 max=7.04) V(s)(mean=-9.14 std=8.68) reward(mean=-1.518 std=4.447) clip=50.0
[DEBUG] train_step 18950: starting episode collection
[DEBUG] train_step 18950: episodes collected, starting value_update
[DEBUG] train_step 18950: value_update done, starting policy_update
[DEBUG] train_step 18950: policy_update done
[step 19000] opnorm clamp applied
[step 19000] value_loss=6.902499 policy_loss=0.308212
[step 19000] VALUE_DEBUG: target(mean=-9.69 std=7.81 min=-18.45 max=5.72) V(s)(mean=-10.45 std=7.94) reward(mean=-0.835 std=6.237) clip=50.0
[step 19000] eval_success_rate=0.160 eval_mean_score=13.060 eval_policy_mode=greedy [solved=8/50, score_range=10.00-16.00/16.0, initial=9.00]
[step 19000] PROGRESS: filled=13.06 violations=0.00 zero_cand=0.00
[step 19000] DEBUG: ep_len=14.2 ep_ret=-8.518 stop_prob=0.000 score_chg=4.3775
[Checkpoint] Saved to buiksat_trm/checkpoints/table3_hard_6to8_controlled_nomask_c_r0_s3/rl_checkpoint_step_19000.pt
[DEBUG] train_step 19000: starting episode collection
[DEBUG] train_step 19000: episodes collected, starting value_update
[DEBUG] train_step 19000: value_update done, starting policy_update
[DEBUG] train_step 19000: policy_update done
[step 19050] value_loss=2.997207 policy_loss=-0.419728
[step 19050] VALUE_DEBUG: target(mean=-12.54 std=7.43 min=-22.66 max=8.55) V(s)(mean=-12.40 std=6.96) reward(mean=-0.797 std=3.882) clip=50.0
[DEBUG] train_step 19050: starting episode collection
[DEBUG] train_step 19050: episodes collected, starting value_update
[DEBUG] train_step 19050: value_update done, starting policy_update
[DEBUG] train_step 19050: policy_update done
[step 19100] opnorm clamp applied
[step 19100] value_loss=2.060518 policy_loss=-0.163102
[step 19100] VALUE_DEBUG: target(mean=-11.97 std=7.66 min=-19.53 max=8.03) V(s)(mean=-11.69 std=7.42) reward(mean=0.004 std=1.839) clip=50.0
[step 19100] eval_success_rate=0.140 eval_mean_score=13.040 eval_policy_mode=greedy [solved=7/50, score_range=10.00-16.00/16.0, initial=9.00]
[step 19100] PROGRESS: filled=13.04 violations=0.00 zero_cand=0.00
[step 19100] DEBUG: ep_len=14.0 ep_ret=-8.178 stop_prob=0.000 score_chg=4.4550
[DEBUG] train_step 19100: starting episode collection
[DEBUG] train_step 19100: episodes collected, starting value_update
[DEBUG] train_step 19100: value_update done, starting policy_update
[DEBUG] train_step 19100: policy_update done
[step 19150] value_loss=2.635736 policy_loss=-0.090617
[step 19150] VALUE_DEBUG: target(mean=-12.22 std=7.26 min=-23.30 max=7.76) V(s)(mean=-12.08 std=6.58) reward(mean=-0.394 std=3.265) clip=50.0
[DEBUG] train_step 19150: starting episode collection
[DEBUG] train_step 19150: episodes collected, starting value_update
[DEBUG] train_step 19150: value_update done, starting policy_update
[DEBUG] train_step 19150: policy_update done
[step 19200] opnorm clamp applied
[step 19200] value_loss=4.544867 policy_loss=0.165299
[step 19200] VALUE_DEBUG: target(mean=-11.07 std=7.27 min=-17.83 max=4.65) V(s)(mean=-11.36 std=7.17) reward(mean=0.820 std=2.134) clip=50.0
[step 19200] eval_success_rate=0.160 eval_mean_score=13.080 eval_policy_mode=greedy [solved=8/50, score_range=10.00-16.00/16.0, initial=9.00]
[step 19200] PROGRESS: filled=13.08 violations=0.00 zero_cand=0.00
[step 19200] DEBUG: ep_len=14.1 ep_ret=-8.296 stop_prob=0.000 score_chg=4.2925
[DEBUG] train_step 19200: starting episode collection
[DEBUG] train_step 19200: episodes collected, starting value_update
[DEBUG] train_step 19200: value_update done, starting policy_update
[DEBUG] train_step 19200: policy_update done
[step 19250] value_loss=4.940747 policy_loss=0.042577
[step 19250] VALUE_DEBUG: target(mean=-10.29 std=7.65 min=-18.11 max=5.97) V(s)(mean=-9.89 std=8.16) reward(mean=-1.338 std=4.679) clip=50.0
[DEBUG] train_step 19250: starting episode collection
[DEBUG] train_step 19250: episodes collected, starting value_update
[DEBUG] train_step 19250: value_update done, starting policy_update
[DEBUG] train_step 19250: policy_update done
[step 19300] opnorm clamp applied
[step 19300] value_loss=6.433444 policy_loss=-0.688497
[step 19300] VALUE_DEBUG: target(mean=-12.79 std=7.61 min=-21.43 max=7.61) V(s)(mean=-13.00 std=6.53) reward(mean=-0.965 std=4.324) clip=50.0
[step 19300] eval_success_rate=0.160 eval_mean_score=13.040 eval_policy_mode=greedy [solved=8/50, score_range=10.00-16.00/16.0, initial=9.00]
[step 19300] PROGRESS: filled=13.04 violations=0.00 zero_cand=0.00
[step 19300] DEBUG: ep_len=14.0 ep_ret=-8.353 stop_prob=0.000 score_chg=4.1150
[DEBUG] train_step 19300: starting episode collection
[DEBUG] train_step 19300: episodes collected, starting value_update
[DEBUG] train_step 19300: value_update done, starting policy_update
[DEBUG] train_step 19300: policy_update done
[step 19350] value_loss=4.255907 policy_loss=0.343018
[step 19350] VALUE_DEBUG: target(mean=-9.68 std=7.85 min=-19.41 max=7.79) V(s)(mean=-9.88 std=7.88) reward(mean=0.186 std=3.398) clip=50.0
[DEBUG] train_step 19350: starting episode collection
[DEBUG] train_step 19350: episodes collected, starting value_update
[DEBUG] train_step 19350: value_update done, starting policy_update
[DEBUG] train_step 19350: policy_update done
[step 19400] opnorm clamp applied
[step 19400] value_loss=2.142988 policy_loss=0.398606
[step 19400] VALUE_DEBUG: target(mean=-13.57 std=6.56 min=-21.39 max=6.68) V(s)(mean=-13.11 std=6.19) reward(mean=-0.861 std=3.362) clip=50.0
[step 19400] eval_success_rate=0.160 eval_mean_score=13.060 eval_policy_mode=greedy [solved=8/50, score_range=10.00-16.00/16.0, initial=9.00]
[step 19400] PROGRESS: filled=13.06 violations=0.00 zero_cand=0.00
[step 19400] DEBUG: ep_len=14.0 ep_ret=-8.161 stop_prob=0.000 score_chg=4.3300
[DEBUG] train_step 19400: starting episode collection
[DEBUG] train_step 19400: episodes collected, starting value_update
[DEBUG] train_step 19400: value_update done, starting policy_update
[DEBUG] train_step 19400: policy_update done
[step 19450] value_loss=2.316934 policy_loss=0.518003
[step 19450] VALUE_DEBUG: target(mean=-12.59 std=6.99 min=-22.30 max=7.14) V(s)(mean=-12.64 std=6.89) reward(mean=-0.403 std=3.008) clip=50.0
[DEBUG] train_step 19450: starting episode collection
[DEBUG] train_step 19450: episodes collected, starting value_update
[DEBUG] train_step 19450: value_update done, starting policy_update
[DEBUG] train_step 19450: policy_update done
[step 19500] opnorm clamp applied
[step 19500] value_loss=7.015922 policy_loss=-0.579504
[step 19500] VALUE_DEBUG: target(mean=-12.33 std=7.52 min=-25.40 max=5.42) V(s)(mean=-11.55 std=7.09) reward(mean=-0.493 std=2.718) clip=50.0
[step 19500] eval_success_rate=0.200 eval_mean_score=13.000 eval_policy_mode=greedy [solved=10/50, score_range=10.00-16.00/16.0, initial=9.00]
[step 19500] PROGRESS: filled=13.00 violations=0.00 zero_cand=0.00
[step 19500] DEBUG: ep_len=14.0 ep_ret=-8.514 stop_prob=0.000 score_chg=4.0400
[DEBUG] train_step 19500: starting episode collection
[DEBUG] train_step 19500: episodes collected, starting value_update
[DEBUG] train_step 19500: value_update done, starting policy_update
[DEBUG] train_step 19500: policy_update done
[step 19550] value_loss=8.675407 policy_loss=-0.070418
[step 19550] VALUE_DEBUG: target(mean=-12.20 std=7.60 min=-21.12 max=6.81) V(s)(mean=-12.27 std=7.27) reward(mean=0.293 std=2.972) clip=50.0
[DEBUG] train_step 19550: starting episode collection
[DEBUG] train_step 19550: episodes collected, starting value_update
[DEBUG] train_step 19550: value_update done, starting policy_update
[DEBUG] train_step 19550: policy_update done
[step 19600] opnorm clamp applied
[step 19600] value_loss=3.289182 policy_loss=0.178676
[step 19600] VALUE_DEBUG: target(mean=-9.92 std=8.45 min=-19.18 max=7.58) V(s)(mean=-10.26 std=8.66) reward(mean=-0.301 std=3.819) clip=50.0
[step 19600] eval_success_rate=0.160 eval_mean_score=12.800 eval_policy_mode=greedy [solved=8/50, score_range=10.00-16.00/16.0, initial=9.00]
[step 19600] PROGRESS: filled=12.80 violations=0.00 zero_cand=0.00
[step 19600] DEBUG: ep_len=13.8 ep_ret=-8.011 stop_prob=0.000 score_chg=4.0850
[DEBUG] train_step 19600: starting episode collection
[DEBUG] train_step 19600: episodes collected, starting value_update
[DEBUG] train_step 19600: value_update done, starting policy_update
[DEBUG] train_step 19600: policy_update done
[step 19650] value_loss=6.944737 policy_loss=0.475163
[step 19650] VALUE_DEBUG: target(mean=-9.75 std=8.82 min=-21.09 max=8.20) V(s)(mean=-9.47 std=8.18) reward(mean=-1.062 std=4.782) clip=50.0
[DEBUG] train_step 19650: starting episode collection
[DEBUG] train_step 19650: episodes collected, starting value_update
[DEBUG] train_step 19650: value_update done, starting policy_update
[DEBUG] train_step 19650: policy_update done
[step 19700] opnorm clamp applied
[step 19700] value_loss=3.375123 policy_loss=-0.134126
[step 19700] VALUE_DEBUG: target(mean=-10.65 std=7.08 min=-19.31 max=6.03) V(s)(mean=-10.69 std=7.24) reward(mean=-0.177 std=3.778) clip=50.0
[step 19700] eval_success_rate=0.240 eval_mean_score=13.100 eval_policy_mode=greedy [solved=12/50, score_range=10.00-16.00/16.0, initial=9.00]
[step 19700] PROGRESS: filled=13.10 violations=0.00 zero_cand=0.00
[step 19700] DEBUG: ep_len=13.9 ep_ret=-8.075 stop_prob=0.000 score_chg=4.1700
[DEBUG] train_step 19700: starting episode collection
[DEBUG] train_step 19700: episodes collected, starting value_update
[DEBUG] train_step 19700: value_update done, starting policy_update
[DEBUG] train_step 19700: policy_update done
[step 19750] value_loss=3.101333 policy_loss=0.656146
[step 19750] VALUE_DEBUG: target(mean=-12.32 std=6.77 min=-22.09 max=4.37) V(s)(mean=-11.77 std=6.74) reward(mean=-1.242 std=4.446) clip=50.0
[DEBUG] train_step 19750: starting episode collection
[DEBUG] train_step 19750: episodes collected, starting value_update
[DEBUG] train_step 19750: value_update done, starting policy_update
[DEBUG] train_step 19750: policy_update done
[step 19800] opnorm clamp applied
[step 19800] value_loss=3.669230 policy_loss=-0.272169
[step 19800] VALUE_DEBUG: target(mean=-9.93 std=7.73 min=-19.32 max=5.66) V(s)(mean=-9.44 std=8.12) reward(mean=-1.062 std=3.747) clip=50.0
[step 19800] eval_success_rate=0.200 eval_mean_score=12.960 eval_policy_mode=greedy [solved=10/50, score_range=10.00-16.00/16.0, initial=9.00]
[step 19800] PROGRESS: filled=12.96 violations=0.00 zero_cand=0.00
[step 19800] DEBUG: ep_len=13.8 ep_ret=-8.446 stop_prob=0.000 score_chg=4.0125
[DEBUG] train_step 19800: starting episode collection
[DEBUG] train_step 19800: episodes collected, starting value_update
[DEBUG] train_step 19800: value_update done, starting policy_update
[DEBUG] train_step 19800: policy_update done
[step 19850] value_loss=1.986291 policy_loss=-0.202117
[step 19850] VALUE_DEBUG: target(mean=-12.12 std=6.91 min=-21.19 max=4.97) V(s)(mean=-12.15 std=6.36) reward(mean=-0.491 std=3.595) clip=50.0
[DEBUG] train_step 19850: starting episode collection
[DEBUG] train_step 19850: episodes collected, starting value_update
[DEBUG] train_step 19850: value_update done, starting policy_update
[DEBUG] train_step 19850: policy_update done
[step 19900] opnorm clamp applied
[step 19900] value_loss=1.700900 policy_loss=-0.288789
[step 19900] VALUE_DEBUG: target(mean=-12.37 std=6.86 min=-18.43 max=7.68) V(s)(mean=-12.51 std=7.07) reward(mean=-1.033 std=4.295) clip=50.0
[step 19900] eval_success_rate=0.200 eval_mean_score=13.120 eval_policy_mode=greedy [solved=10/50, score_range=10.00-16.00/16.0, initial=9.00]
[step 19900] PROGRESS: filled=13.12 violations=0.00 zero_cand=0.00
[step 19900] DEBUG: ep_len=13.8 ep_ret=-8.026 stop_prob=0.000 score_chg=4.2250
[DEBUG] train_step 19900: starting episode collection
[DEBUG] train_step 19900: episodes collected, starting value_update
[DEBUG] train_step 19900: value_update done, starting policy_update
[DEBUG] train_step 19900: policy_update done
[step 19950] value_loss=3.378628 policy_loss=0.076551
[step 19950] VALUE_DEBUG: target(mean=-10.83 std=8.80 min=-23.60 max=6.71) V(s)(mean=-10.64 std=8.45) reward(mean=-1.368 std=5.079) clip=50.0
[DEBUG] train_step 19950: starting episode collection
[DEBUG] train_step 19950: episodes collected, starting value_update
[DEBUG] train_step 19950: value_update done, starting policy_update
[DEBUG] train_step 19950: policy_update done
[step 20000] opnorm clamp applied
[step 20000] value_loss=10.234097 policy_loss=0.363341
[step 20000] VALUE_DEBUG: target(mean=-11.14 std=8.28 min=-22.13 max=9.36) V(s)(mean=-10.54 std=7.34) reward(mean=-0.727 std=4.285) clip=50.0
[step 20000] eval_success_rate=0.260 eval_mean_score=13.340 eval_policy_mode=greedy [solved=13/50, score_range=10.00-16.00/16.0, initial=9.00]
[step 20000] PROGRESS: filled=13.34 violations=0.00 zero_cand=0.00
[step 20000] DEBUG: ep_len=14.0 ep_ret=-8.277 stop_prob=0.000 score_chg=4.4025
[Checkpoint] Saved to buiksat_trm/checkpoints/table3_hard_6to8_controlled_nomask_c_r0_s3/rl_checkpoint_step_20000.pt
[Checkpoint] Saved to buiksat_trm/checkpoints/table3_hard_6to8_controlled_nomask_c_r0_s3/rl_checkpoint_step_20000.pt
