[2026-04-09T22:01:07.247-07:00] Buck UI: https://www.internalfb.com/buck2/46450e37-ef94-48d7-9d73-e1f19123cafd
[2026-04-09T22:01:07.459-07:00] Network: Up: 0B  Down: 0B
BUILD SUCCEEDED - starting your binary
[DATASET] dataset_paths=['buiksat_trm/data/sudoku-4x4-easy_6to8empties']
[DATASET] resolved_dataset_name=sudoku-4x4-easy_6to8empties
[DATASET] num_samples=32
[INFO] Using feasibility-aware Sudoku checker for 4x4
       score = filled - 2.0*violations - 5.0*zeroCand
       Max score: 16 (all filled, no violations)
[INFO] Training for 20000 steps (gamma=0.990, K=1, inner_unroll_n=2)
[INFO] Terminal rewards: solve=1.000, fail=-16.000
/data/repos/fbsource/buck-out/v2/art/fbcode/ca4a815cd8c16f5f/buiksat_trm/__upi_trm_train__/upi_trm_train#link-tree/upi_trm_train.py:842: UserWarning: rl_enable_contraction=True: Applying operator-norm clamping and contraction scaling to z->z path layers. This is REQUIRED for Assumption 3.2 (L_z < 1) but will modify network behavior. Pretrained weights from vanilla TRM may require fine-tuning.
  model = TinyRecursiveReasoningModel_ACTV1(trm_cfg_dict)
[INFO] Using TRM backbone (hidden=64, H=2, L=2)
[DEBUG] Policy head STOP bias: 0.00 (should be 0.0 for uniform init)
[INFO] Puzzle embeddings DISABLED (set --puzzle-emb-ndim > 0 to enable)
============================================================
TRAINER SELECTION
============================================================
INFO:2026-04-09 22:01:14 484005:484005 CuptiCallbackApi.cpp:69] Callback: domain = 3, cbid = 1
INFO:2026-04-09 22:01:14 484005:484005 CuptiActivityProfiler.cpp:93] CUDA versions. CUPTI: 22; Runtime: 12040; Driver: 12040
INFO:2026-04-09 22:01:14 484005:486282 FBConfig.cpp:330] Perfetto builder enabled: 1
INFO:2026-04-09 22:01:14 484005:486282 DynoConfigLoader.cpp:61] Setting communication fabric enabled = 0
/data/repos/fbsource/buck-out/v2/art/fbcode/ca4a815cd8c16f5f/buiksat_trm/__upi_trm_train__/upi_trm_train#link-tree/rl/upi_trm_trainer.py:96: UserWarning: rl_enable_contraction=True: Applying operator-norm clamping and contraction scaling to z->z path layers. This is REQUIRED for Assumption 3.2 (L_z < 1) but will modify network behavior. Pretrained weights from vanilla TRM may require fine-tuning.
  self.target_model = TinyRecursiveReasoningModel_ACTV1(self._config_to_dict(self.model.config)).to(device)
/data/repos/fbsource/buck-out/v2/art/fbcode/ca4a815cd8c16f5f/buiksat_trm/__upi_trm_train__/upi_trm_train#link-tree/rl/upi_trm_trainer.py:106: UserWarning: rl_enable_contraction=True: Applying operator-norm clamping and contraction scaling to z->z path layers. This is REQUIRED for Assumption 3.2 (L_z < 1) but will modify network behavior. Pretrained weights from vanilla TRM may require fine-tuning.
  self.policy_model_candidate = TinyRecursiveReasoningModel_ACTV1(
INFO:2026-04-09 22:01:14 484005:486282 DynoConfigLoader.cpp:61] Setting communication fabric enabled = 0
TritonTraceHandler: disabled because /logs does not exist
===========[FB_TRITON]=========== Triton Version: 3.5.0+fb
[TRAINER] UPI-TRM (K=1, inner_n=2)
[TRAINER] CLI --baseline: None, YAML algorithm: None
============================================================

============================================================
UPI-TRM THEORY ALIGNMENT CHECK
============================================================
⚠ Configuration has theory gaps:
  • latent_ball_radius=0 disables forward-invariant projection (Assumption 4.1). Contraction guarantees may not hold. Set latent_ball_radius > 0.
  • exact_baseline_summation=False: Using approximate baseline. This gives O(ε_A/(1-γ)) bound instead of O(α·ε_A) from Theorem 5.9. For discrete action spaces (Sudoku), enable for tighter bounds.
  • theory_exact_mixture=False: Using parameter-space interpolation for CPI, which is NOT equivalent to policy-space mixture. The CPI improvement guarantee does not strictly apply. Set theory_exact_mixture=True for theory-exact behavior (but slower due to evaluating two networks).

Theory status:
  Forward-invariant projection: ✗
  Contraction enforced (L_z < 1): ✓
  Exact baseline (Thm 5.9): ✗
  Distillation (not in theory): ✓ disabled

Is theory-exact: False
============================================================

UPI-TRM theoretical dials:
  L_z target (rl_cfg.target_Lz): 0.9
  L_V target (rl_cfg.target_Lv): 1.0
  Inner unroll n (rl_cfg.inner_unroll_n): 2
  K-step horizon K (rl_cfg.K): 1
  Mixture alpha (rl_cfg.mixture_alpha): 0.1
  Latent ball radius (rl_cfg.latent_ball_radius): 0.0
  Episodic latent: True
  Exact K-step targets: False
  Exact baseline summation: False

[INFO] STOP action mode: disabled
[WandB] Disabled by default (enable with: --wandb)
[DEBUG] train_step 0: starting episode collection
[DEBUG] Action mask: 24 valid actions out of 97 total
[DEBUG] Latent mode: episodic
[DEBUG] Episode 0, Step 0: calling _mixed_policy_dist
[DEBUG] Step 0 probs: STOP=0.000000, edits=1.000000
[DEBUG] Top 5 action probs: torch.return_types.topk(
values=tensor([0.0558, 0.0521, 0.0503, 0.0494, 0.0479], device='cuda:0'),
indices=tensor([11, 95,  9, 74, 92], device='cuda:0'))
[DEBUG] Episode 0, Step 0 complete: action=74, reward=0.8900, done=False
[DEBUG] Episode 0, Step 1: calling _mixed_policy_dist
[DEBUG] Episode 0, Step 1 complete: action=11, reward=-5.0600, done=False
[DEBUG] Episode 0, Step 2: calling _mixed_policy_dist
[DEBUG] Episode 0, Step 2 complete: action=92, reward=-7.9800, done=False
[DEBUG] Episode 0, Step 3: calling _mixed_policy_dist
[DEBUG] Episode 0, Step 3 complete: action=76, reward=-4.9300, done=False
[DEBUG] Episode 0, Step 4: calling _mixed_policy_dist
[DEBUG] Episode 0, Step 4 complete: action=92, reward=0.0700, done=False
[DEBUG] Episode 0 finished: 16 steps, done=True, reason=budget
[DEBUG] Episode 1, Step 0: calling _mixed_policy_dist
[DEBUG] Episode 1, Step 0 complete: action=87, reward=-5.0500, done=False
[DEBUG] Episode 1, Step 1: calling _mixed_policy_dist
[DEBUG] Episode 1, Step 1 complete: action=89, reward=-3.0200, done=False
[DEBUG] Episode 1, Step 2: calling _mixed_policy_dist
[DEBUG] Episode 1, Step 2 complete: action=22, reward=0.9700, done=False
[DEBUG] Episode 1, Step 3: calling _mixed_policy_dist
[DEBUG] Episode 1, Step 3 complete: action=22, reward=-0.0300, done=False
[DEBUG] Episode 1, Step 4: calling _mixed_policy_dist
[DEBUG] Episode 1, Step 4 complete: action=58, reward=-4.9800, done=False
[DEBUG] Episode 1 finished: 16 steps, done=True, reason=budget
[DEBUG] Episode 2, Step 0: calling _mixed_policy_dist
[DEBUG] Episode 2, Step 0 complete: action=10, reward=-8.0200, done=False
[DEBUG] Episode 2, Step 1: calling _mixed_policy_dist
[DEBUG] Episode 2, Step 1 complete: action=62, reward=0.9700, done=False
[DEBUG] Episode 2, Step 2: calling _mixed_policy_dist
[DEBUG] Episode 2, Step 2 complete: action=28, reward=3.9300, done=False
[DEBUG] Episode 2, Step 3: calling _mixed_policy_dist
[DEBUG] Episode 2, Step 3 complete: action=8, reward=5.8700, done=False
[DEBUG] Episode 2, Step 4: calling _mixed_policy_dist
[DEBUG] Episode 2, Step 4 complete: action=64, reward=-9.0400, done=False
[DEBUG] Episode 2 finished: 16 steps, done=True, reason=budget
[DEBUG] Episode 3, Step 0: calling _mixed_policy_dist
[DEBUG] Episode 3, Step 0 complete: action=23, reward=0.8900, done=False
[DEBUG] Episode 3, Step 1: calling _mixed_policy_dist
[DEBUG] Episode 3, Step 1 complete: action=81, reward=-8.0300, done=False
[DEBUG] Episode 3, Step 2: calling _mixed_policy_dist
[DEBUG] Episode 3, Step 2 complete: action=21, reward=-6.9600, done=False
[DEBUG] Episode 3, Step 3: calling _mixed_policy_dist
[DEBUG] Episode 3, Step 3 complete: action=20, reward=0.0400, done=False
[DEBUG] Episode 3, Step 4: calling _mixed_policy_dist
[DEBUG] Episode 3, Step 4 complete: action=33, reward=4.0000, done=False
[DEBUG] Episode 3 finished: 16 steps, done=True, reason=budget
[DEBUG] train_step 0: episodes collected, starting value_update
[DEBUG] train_step 0: value_update done, starting policy_update
[DEBUG] train_step 0: policy_update done
[DEBUG] train_step 1: starting episode collection
[DEBUG] Episode 4, Step 0: calling _mixed_policy_dist
[DEBUG] Episode 4, Step 0 complete: action=29, reward=-3.0500, done=False
[DEBUG] Episode 4, Step 1: calling _mixed_policy_dist
[DEBUG] Episode 4, Step 1 complete: action=56, reward=0.9400, done=False
[DEBUG] Episode 4, Step 2: calling _mixed_policy_dist
[DEBUG] Episode 4, Step 2 complete: action=93, reward=0.9300, done=False
[DEBUG] Episode 4, Step 3: calling _mixed_policy_dist
[DEBUG] Episode 4, Step 3 complete: action=26, reward=-3.0400, done=False
[DEBUG] Episode 4, Step 4: calling _mixed_policy_dist
[DEBUG] Episode 4, Step 4 complete: action=76, reward=-4.0000, done=False
[DEBUG] Episode 4 finished: 16 steps, done=True, reason=budget
[DEBUG] train_step 1: episodes collected, starting value_update
[DEBUG] train_step 1: value_update done, starting policy_update
[DEBUG] train_step 1: policy_update done
[DEBUG] train_step 2: starting episode collection
[DEBUG] train_step 2: episodes collected, starting value_update
[DEBUG] train_step 2: value_update done, starting policy_update
[DEBUG] train_step 2: policy_update done
[DEBUG] train_step 3: starting episode collection
[DEBUG] train_step 3: episodes collected, starting value_update
[DEBUG] train_step 3: value_update done, starting policy_update
[DEBUG] train_step 3: policy_update done
[DEBUG] train_step 4: starting episode collection
[DEBUG] train_step 4: episodes collected, starting value_update
[DEBUG] train_step 4: value_update done, starting policy_update
[DEBUG] train_step 4: policy_update done
[step 00050] value_loss=30.488506 policy_loss=-0.232448
[step 00050] VALUE_DEBUG: target(mean=-2.45 std=5.51 min=-19.91 max=5.81) V(s)(mean=-1.98 std=0.18) reward(mean=-2.284 std=5.553) clip=50.0
[DEBUG] train_step 50: starting episode collection
[DEBUG] train_step 50: episodes collected, starting value_update
[DEBUG] train_step 50: value_update done, starting policy_update
[DEBUG] train_step 50: policy_update done
[step 00100] opnorm clamp applied
[step 00100] value_loss=18.773729 policy_loss=1.127341
[step 00100] VALUE_DEBUG: target(mean=-3.77 std=4.33 min=-18.95 max=2.04) V(s)(mean=-3.30 std=0.35) reward(mean=-2.755 std=4.522) clip=50.0
[step 00100] eval_success_rate=0.000 eval_mean_score=5.820 eval_policy_mode=greedy [solved=0/50, score_range=-3.00-12.00/16.0, initial=9.00]
[step 00100] PROGRESS: filled=10.24 violations=1.16 zero_cand=0.42
[step 00100] DEBUG: ep_len=16.0 ep_ret=-30.575 stop_prob=0.000 score_chg=-15.0750
[DEBUG] train_step 100: starting episode collection
[DEBUG] train_step 100: episodes collected, starting value_update
[DEBUG] train_step 100: value_update done, starting policy_update
[DEBUG] train_step 100: policy_update done
[step 00150] value_loss=45.234745 policy_loss=-0.261642
[step 00150] VALUE_DEBUG: target(mean=-6.44 std=6.06 min=-21.96 max=6.16) V(s)(mean=-3.50 std=0.51) reward(mean=-4.691 std=6.610) clip=50.0
[DEBUG] train_step 150: starting episode collection
[DEBUG] train_step 150: episodes collected, starting value_update
[DEBUG] train_step 150: value_update done, starting policy_update
[DEBUG] train_step 150: policy_update done
[step 00200] opnorm clamp applied
[step 00200] value_loss=22.786020 policy_loss=-0.110130
[step 00200] VALUE_DEBUG: target(mean=-5.98 std=4.65 min=-16.01 max=3.08) V(s)(mean=-4.63 std=0.76) reward(mean=-3.357 std=5.202) clip=50.0
[step 00200] eval_success_rate=0.000 eval_mean_score=7.620 eval_policy_mode=greedy [solved=0/50, score_range=-1.00-11.00/16.0, initial=9.00]
[step 00200] PROGRESS: filled=10.02 violations=0.60 zero_cand=0.24
[step 00200] DEBUG: ep_len=16.0 ep_ret=-30.160 stop_prob=0.000 score_chg=-14.6675
[DEBUG] train_step 200: starting episode collection
[DEBUG] train_step 200: episodes collected, starting value_update
[DEBUG] train_step 200: value_update done, starting policy_update
[DEBUG] train_step 200: policy_update done
[step 00250] value_loss=19.343100 policy_loss=0.221968
[step 00250] VALUE_DEBUG: target(mean=-5.07 std=4.43 min=-22.01 max=5.37) V(s)(mean=-5.53 std=0.80) reward(mean=-1.514 std=4.894) clip=50.0
[DEBUG] train_step 250: starting episode collection
[DEBUG] train_step 250: episodes collected, starting value_update
[DEBUG] train_step 250: value_update done, starting policy_update
[DEBUG] train_step 250: policy_update done
[step 00300] opnorm clamp applied
[step 00300] value_loss=37.629318 policy_loss=0.013756
[step 00300] VALUE_DEBUG: target(mean=-6.40 std=6.28 min=-21.00 max=2.13) V(s)(mean=-5.45 std=0.78) reward(mean=-2.518 std=6.873) clip=50.0
[step 00300] eval_success_rate=0.000 eval_mean_score=7.320 eval_policy_mode=greedy [solved=0/50, score_range=-4.00-11.00/16.0, initial=9.00]
[step 00300] PROGRESS: filled=10.10 violations=0.54 zero_cand=0.34
[step 00300] DEBUG: ep_len=16.0 ep_ret=-29.027 stop_prob=0.000 score_chg=-13.2725
[DEBUG] train_step 300: starting episode collection
[DEBUG] train_step 300: episodes collected, starting value_update
[DEBUG] train_step 300: value_update done, starting policy_update
[DEBUG] train_step 300: policy_update done
[step 00350] value_loss=11.124649 policy_loss=0.581223
[step 00350] VALUE_DEBUG: target(mean=-6.84 std=3.37 min=-15.94 max=-1.29) V(s)(mean=-6.63 std=0.65) reward(mean=-2.086 std=4.016) clip=50.0
[DEBUG] train_step 350: starting episode collection
[DEBUG] train_step 350: episodes collected, starting value_update
[DEBUG] train_step 350: value_update done, starting policy_update
[DEBUG] train_step 350: policy_update done
[step 00400] opnorm clamp applied
[step 00400] value_loss=10.390934 policy_loss=0.053693
[step 00400] VALUE_DEBUG: target(mean=-6.13 std=3.02 min=-12.99 max=2.29) V(s)(mean=-6.46 std=1.02) reward(mean=-0.555 std=3.595) clip=50.0
[step 00400] eval_success_rate=0.000 eval_mean_score=9.040 eval_policy_mode=greedy [solved=0/50, score_range=1.00-11.00/16.0, initial=9.00]
[step 00400] PROGRESS: filled=10.00 violations=0.18 zero_cand=0.12
[step 00400] DEBUG: ep_len=16.0 ep_ret=-26.659 stop_prob=0.000 score_chg=-10.5500
[DEBUG] train_step 400: starting episode collection
[DEBUG] train_step 400: episodes collected, starting value_update
[DEBUG] train_step 400: value_update done, starting policy_update
[DEBUG] train_step 400: policy_update done
[step 00450] value_loss=22.795662 policy_loss=0.426220
[step 00450] VALUE_DEBUG: target(mean=-8.38 std=4.24 min=-19.90 max=-0.69) V(s)(mean=-7.72 std=1.22) reward(mean=-2.738 std=6.193) clip=50.0
[DEBUG] train_step 450: starting episode collection
[DEBUG] train_step 450: episodes collected, starting value_update
[DEBUG] train_step 450: value_update done, starting policy_update
[DEBUG] train_step 450: policy_update done
[step 00500] opnorm clamp applied
[step 00500] value_loss=13.834450 policy_loss=0.734778
[step 00500] VALUE_DEBUG: target(mean=-7.71 std=4.01 min=-18.02 max=-0.43) V(s)(mean=-8.95 std=1.19) reward(mean=-1.040 std=4.105) clip=50.0
[step 00500] eval_success_rate=0.000 eval_mean_score=9.680 eval_policy_mode=greedy [solved=0/50, score_range=4.00-11.00/16.0, initial=9.00]
[step 00500] PROGRESS: filled=10.04 violations=0.08 zero_cand=0.04
[step 00500] DEBUG: ep_len=16.0 ep_ret=-24.458 stop_prob=0.000 score_chg=-7.9600
[DEBUG] train_step 500: starting episode collection
[DEBUG] train_step 500: episodes collected, starting value_update
[DEBUG] train_step 500: value_update done, starting policy_update
[DEBUG] train_step 500: policy_update done
[step 00550] value_loss=36.208080 policy_loss=-0.574083
[step 00550] VALUE_DEBUG: target(mean=-10.28 std=5.43 min=-21.96 max=4.15) V(s)(mean=-9.16 std=1.02) reward(mean=-3.944 std=7.760) clip=50.0
[DEBUG] train_step 550: starting episode collection
[DEBUG] train_step 550: episodes collected, starting value_update
[DEBUG] train_step 550: value_update done, starting policy_update
[DEBUG] train_step 550: policy_update done
[step 00600] opnorm clamp applied
[step 00600] value_loss=13.067677 policy_loss=-1.061924
[step 00600] VALUE_DEBUG: target(mean=-9.60 std=3.54 min=-20.00 max=-2.85) V(s)(mean=-9.70 std=1.35) reward(mean=-1.842 std=5.352) clip=50.0
[step 00600] eval_success_rate=0.000 eval_mean_score=10.060 eval_policy_mode=greedy [solved=0/50, score_range=9.00-12.00/16.0, initial=9.00]
[step 00600] PROGRESS: filled=10.06 violations=0.00 zero_cand=0.00
[step 00600] DEBUG: ep_len=16.0 ep_ret=-22.104 stop_prob=0.000 score_chg=-5.2500
[DEBUG] train_step 600: starting episode collection
[DEBUG] train_step 600: episodes collected, starting value_update
[DEBUG] train_step 600: value_update done, starting policy_update
[DEBUG] train_step 600: policy_update done
[step 00650] value_loss=12.917630 policy_loss=0.368446
[step 00650] VALUE_DEBUG: target(mean=-10.45 std=3.74 min=-22.55 max=-4.20) V(s)(mean=-10.27 std=1.22) reward(mean=-1.953 std=4.638) clip=50.0
[DEBUG] train_step 650: starting episode collection
[DEBUG] train_step 650: episodes collected, starting value_update
[DEBUG] train_step 650: value_update done, starting policy_update
[DEBUG] train_step 650: policy_update done
[step 00700] opnorm clamp applied
[step 00700] value_loss=11.791905 policy_loss=0.532649
[step 00700] VALUE_DEBUG: target(mean=-11.27 std=3.49 min=-19.92 max=-6.03) V(s)(mean=-10.03 std=0.90) reward(mean=-2.443 std=4.863) clip=50.0
[step 00700] eval_success_rate=0.000 eval_mean_score=10.000 eval_policy_mode=greedy [solved=0/50, score_range=9.00-11.00/16.0, initial=9.00]
[step 00700] PROGRESS: filled=10.00 violations=0.00 zero_cand=0.00
[step 00700] DEBUG: ep_len=16.0 ep_ret=-20.914 stop_prob=0.000 score_chg=-3.8650
[DEBUG] train_step 700: starting episode collection
[DEBUG] train_step 700: episodes collected, starting value_update
[DEBUG] train_step 700: value_update done, starting policy_update
[DEBUG] train_step 700: policy_update done
[step 00750] value_loss=7.792736 policy_loss=0.725397
[step 00750] VALUE_DEBUG: target(mean=-11.61 std=2.96 min=-19.87 max=-6.11) V(s)(mean=-11.16 std=1.12) reward(mean=-2.023 std=4.049) clip=50.0
[DEBUG] train_step 750: starting episode collection
[DEBUG] train_step 750: episodes collected, starting value_update
[DEBUG] train_step 750: value_update done, starting policy_update
[DEBUG] train_step 750: policy_update done
[step 00800] opnorm clamp applied
[step 00800] value_loss=10.683200 policy_loss=0.167712
[step 00800] VALUE_DEBUG: target(mean=-10.34 std=3.32 min=-22.53 max=-4.12) V(s)(mean=-11.36 std=0.81) reward(mean=-0.134 std=3.529) clip=50.0
[step 00800] eval_success_rate=0.000 eval_mean_score=10.040 eval_policy_mode=greedy [solved=0/50, score_range=9.00-12.00/16.0, initial=9.00]
[step 00800] PROGRESS: filled=10.04 violations=0.00 zero_cand=0.00
[step 00800] DEBUG: ep_len=16.0 ep_ret=-20.603 stop_prob=0.000 score_chg=-3.4750
[DEBUG] train_step 800: starting episode collection
[DEBUG] train_step 800: episodes collected, starting value_update
[DEBUG] train_step 800: value_update done, starting policy_update
[DEBUG] train_step 800: policy_update done
[step 00850] value_loss=12.602533 policy_loss=0.595981
[step 00850] VALUE_DEBUG: target(mean=-12.30 std=3.21 min=-25.05 max=-8.54) V(s)(mean=-12.04 std=0.95) reward(mean=-2.837 std=6.023) clip=50.0
[DEBUG] train_step 850: starting episode collection
[DEBUG] train_step 850: episodes collected, starting value_update
[DEBUG] train_step 850: value_update done, starting policy_update
[DEBUG] train_step 850: policy_update done
[step 00900] opnorm clamp applied
[step 00900] value_loss=11.518035 policy_loss=-0.022127
[step 00900] VALUE_DEBUG: target(mean=-11.21 std=3.50 min=-20.56 max=-4.20) V(s)(mean=-11.95 std=0.78) reward(mean=-0.236 std=3.330) clip=50.0
[step 00900] eval_success_rate=0.000 eval_mean_score=10.080 eval_policy_mode=greedy [solved=0/50, score_range=9.00-12.00/16.0, initial=9.00]
[step 00900] PROGRESS: filled=10.08 violations=0.00 zero_cand=0.00
[step 00900] DEBUG: ep_len=16.0 ep_ret=-20.221 stop_prob=0.000 score_chg=-3.0025
[DEBUG] train_step 900: starting episode collection
[DEBUG] train_step 900: episodes collected, starting value_update
[DEBUG] train_step 900: value_update done, starting policy_update
[DEBUG] train_step 900: policy_update done
[step 00950] value_loss=16.597231 policy_loss=1.096811
[step 00950] VALUE_DEBUG: target(mean=-13.49 std=3.86 min=-25.57 max=-6.18) V(s)(mean=-11.65 std=1.25) reward(mean=-2.638 std=4.909) clip=50.0
[DEBUG] train_step 950: starting episode collection
[DEBUG] train_step 950: episodes collected, starting value_update
[DEBUG] train_step 950: value_update done, starting policy_update
[DEBUG] train_step 950: policy_update done
[step 01000] opnorm clamp applied
[step 01000] value_loss=9.100725 policy_loss=0.022620
[step 01000] VALUE_DEBUG: target(mean=-12.97 std=2.97 min=-22.90 max=-4.98) V(s)(mean=-12.73 std=0.57) reward(mean=-2.223 std=5.731) clip=50.0
[step 01000] eval_success_rate=0.000 eval_mean_score=10.020 eval_policy_mode=greedy [solved=0/50, score_range=9.00-11.00/16.0, initial=9.00]
[step 01000] PROGRESS: filled=10.02 violations=0.00 zero_cand=0.00
[step 01000] DEBUG: ep_len=16.0 ep_ret=-19.464 stop_prob=0.000 score_chg=-2.2225
[Checkpoint] Saved to buiksat_trm/checkpoints/table3_hard_6to8_controlled_nomask_c_r0_s7/rl_checkpoint_step_1000.pt
[DEBUG] train_step 1000: starting episode collection
[DEBUG] train_step 1000: episodes collected, starting value_update
[DEBUG] train_step 1000: value_update done, starting policy_update
[DEBUG] train_step 1000: policy_update done
[step 01050] value_loss=10.047833 policy_loss=0.267489
[step 01050] VALUE_DEBUG: target(mean=-13.21 std=3.20 min=-21.92 max=-6.18) V(s)(mean=-13.68 std=0.98) reward(mean=-2.698 std=5.789) clip=50.0
[DEBUG] train_step 1050: starting episode collection
[DEBUG] train_step 1050: episodes collected, starting value_update
[DEBUG] train_step 1050: value_update done, starting policy_update
[DEBUG] train_step 1050: policy_update done
[step 01100] opnorm clamp applied
[step 01100] value_loss=8.245884 policy_loss=-0.032220
[step 01100] VALUE_DEBUG: target(mean=-12.47 std=2.84 min=-18.52 max=-2.96) V(s)(mean=-13.18 std=1.07) reward(mean=-1.243 std=5.341) clip=50.0
[step 01100] eval_success_rate=0.000 eval_mean_score=10.000 eval_policy_mode=greedy [solved=0/50, score_range=9.00-11.00/16.0, initial=9.00]
[step 01100] PROGRESS: filled=10.00 violations=0.00 zero_cand=0.00
[step 01100] DEBUG: ep_len=16.0 ep_ret=-19.420 stop_prob=0.000 score_chg=-2.1650
[DEBUG] train_step 1100: starting episode collection
[DEBUG] train_step 1100: episodes collected, starting value_update
[DEBUG] train_step 1100: value_update done, starting policy_update
[DEBUG] train_step 1100: policy_update done
[step 01150] value_loss=11.423122 policy_loss=0.131913
[step 01150] VALUE_DEBUG: target(mean=-13.34 std=3.47 min=-20.12 max=-6.06) V(s)(mean=-12.97 std=0.86) reward(mean=-1.026 std=4.261) clip=50.0
[DEBUG] train_step 1150: starting episode collection
[DEBUG] train_step 1150: episodes collected, starting value_update
[DEBUG] train_step 1150: value_update done, starting policy_update
[DEBUG] train_step 1150: policy_update done
[step 01200] opnorm clamp applied
[step 01200] value_loss=14.335028 policy_loss=0.350961
[step 01200] VALUE_DEBUG: target(mean=-12.55 std=3.65 min=-20.37 max=-2.00) V(s)(mean=-13.68 std=0.76) reward(mean=-0.131 std=4.421) clip=50.0
[step 01200] eval_success_rate=0.000 eval_mean_score=10.040 eval_policy_mode=greedy [solved=0/50, score_range=9.00-11.00/16.0, initial=9.00]
[step 01200] PROGRESS: filled=10.04 violations=0.00 zero_cand=0.00
[step 01200] DEBUG: ep_len=16.0 ep_ret=-18.644 stop_prob=0.000 score_chg=-1.3775
[DEBUG] train_step 1200: starting episode collection
[DEBUG] train_step 1200: episodes collected, starting value_update
[DEBUG] train_step 1200: value_update done, starting policy_update
[DEBUG] train_step 1200: policy_update done
[step 01250] value_loss=14.760450 policy_loss=0.703970
[step 01250] VALUE_DEBUG: target(mean=-14.10 std=4.01 min=-21.95 max=-3.49) V(s)(mean=-13.64 std=0.72) reward(mean=-1.242 std=4.566) clip=50.0
[DEBUG] train_step 1250: starting episode collection
[DEBUG] train_step 1250: episodes collected, starting value_update
[DEBUG] train_step 1250: value_update done, starting policy_update
[DEBUG] train_step 1250: policy_update done
[step 01300] opnorm clamp applied
[step 01300] value_loss=6.978439 policy_loss=1.141468
[step 01300] VALUE_DEBUG: target(mean=-14.35 std=2.55 min=-21.98 max=-8.84) V(s)(mean=-14.38 std=0.96) reward(mean=-1.689 std=4.979) clip=50.0
[step 01300] eval_success_rate=0.000 eval_mean_score=10.180 eval_policy_mode=greedy [solved=0/50, score_range=9.00-13.00/16.0, initial=9.00]
[step 01300] PROGRESS: filled=10.18 violations=0.00 zero_cand=0.00
[step 01300] DEBUG: ep_len=16.0 ep_ret=-18.540 stop_prob=0.000 score_chg=-1.1675
[DEBUG] train_step 1300: starting episode collection
[DEBUG] train_step 1300: episodes collected, starting value_update
[DEBUG] train_step 1300: value_update done, starting policy_update
[DEBUG] train_step 1300: policy_update done
[step 01350] value_loss=4.094723 policy_loss=0.611496
[step 01350] VALUE_DEBUG: target(mean=-14.57 std=2.11 min=-19.77 max=-12.02) V(s)(mean=-14.33 std=0.91) reward(mean=-1.078 std=2.111) clip=50.0
[DEBUG] train_step 1350: starting episode collection
[DEBUG] train_step 1350: episodes collected, starting value_update
[DEBUG] train_step 1350: value_update done, starting policy_update
[DEBUG] train_step 1350: policy_update done
[step 01400] opnorm clamp applied
[step 01400] value_loss=13.148173 policy_loss=0.701488
[step 01400] VALUE_DEBUG: target(mean=-13.31 std=3.61 min=-20.31 max=-4.99) V(s)(mean=-14.32 std=0.95) reward(mean=-0.768 std=5.852) clip=50.0
[step 01400] eval_success_rate=0.000 eval_mean_score=10.040 eval_policy_mode=greedy [solved=0/50, score_range=9.00-11.00/16.0, initial=9.00]
[step 01400] PROGRESS: filled=10.04 violations=0.00 zero_cand=0.00
[step 01400] DEBUG: ep_len=16.0 ep_ret=-18.675 stop_prob=0.000 score_chg=-1.2950
[DEBUG] train_step 1400: starting episode collection
[DEBUG] train_step 1400: episodes collected, starting value_update
[DEBUG] train_step 1400: value_update done, starting policy_update
[DEBUG] train_step 1400: policy_update done
[step 01450] value_loss=15.835539 policy_loss=0.919222
[step 01450] VALUE_DEBUG: target(mean=-14.53 std=4.15 min=-24.94 max=-5.84) V(s)(mean=-14.89 std=1.13) reward(mean=-3.246 std=8.164) clip=50.0
[DEBUG] train_step 1450: starting episode collection
[DEBUG] train_step 1450: episodes collected, starting value_update
[DEBUG] train_step 1450: value_update done, starting policy_update
[DEBUG] train_step 1450: policy_update done
[step 01500] opnorm clamp applied
[step 01500] value_loss=4.602653 policy_loss=0.386441
[step 01500] VALUE_DEBUG: target(mean=-14.76 std=2.41 min=-21.02 max=-11.01) V(s)(mean=-14.62 std=1.14) reward(mean=-2.363 std=5.980) clip=50.0
[step 01500] eval_success_rate=0.000 eval_mean_score=10.040 eval_policy_mode=greedy [solved=0/50, score_range=9.00-11.00/16.0, initial=9.00]
[step 01500] PROGRESS: filled=10.04 violations=0.00 zero_cand=0.00
[step 01500] DEBUG: ep_len=16.0 ep_ret=-18.438 stop_prob=0.000 score_chg=-1.0650
[DEBUG] train_step 1500: starting episode collection
[DEBUG] train_step 1500: episodes collected, starting value_update
[DEBUG] train_step 1500: value_update done, starting policy_update
[DEBUG] train_step 1500: policy_update done
[step 01550] value_loss=2.274762 policy_loss=-1.442549
[step 01550] VALUE_DEBUG: target(mean=-14.73 std=1.50 min=-19.96 max=-12.28) V(s)(mean=-14.69 std=1.08) reward(mean=-2.449 std=5.961) clip=50.0
[DEBUG] train_step 1550: starting episode collection
[DEBUG] train_step 1550: episodes collected, starting value_update
[DEBUG] train_step 1550: value_update done, starting policy_update
[DEBUG] train_step 1550: policy_update done
[step 01600] opnorm clamp applied
[step 01600] value_loss=12.392506 policy_loss=0.389389
[step 01600] VALUE_DEBUG: target(mean=-13.84 std=3.80 min=-20.94 max=1.84) V(s)(mean=-14.88 std=1.11) reward(mean=0.201 std=2.118) clip=50.0
[step 01600] eval_success_rate=0.000 eval_mean_score=10.100 eval_policy_mode=greedy [solved=0/50, score_range=9.00-11.00/16.0, initial=9.00]
[step 01600] PROGRESS: filled=10.10 violations=0.00 zero_cand=0.00
[step 01600] DEBUG: ep_len=16.0 ep_ret=-17.979 stop_prob=0.000 score_chg=-0.6250
[DEBUG] train_step 1600: starting episode collection
[DEBUG] train_step 1600: episodes collected, starting value_update
[DEBUG] train_step 1600: value_update done, starting policy_update
[DEBUG] train_step 1600: policy_update done
[step 01650] value_loss=5.228184 policy_loss=-1.409762
[step 01650] VALUE_DEBUG: target(mean=-15.76 std=2.55 min=-23.32 max=-13.12) V(s)(mean=-15.83 std=1.01) reward(mean=-1.473 std=3.441) clip=50.0
[DEBUG] train_step 1650: starting episode collection
[DEBUG] train_step 1650: episodes collected, starting value_update
[DEBUG] train_step 1650: value_update done, starting policy_update
[DEBUG] train_step 1650: policy_update done
[step 01700] opnorm clamp applied
[step 01700] value_loss=4.948992 policy_loss=0.698190
[step 01700] VALUE_DEBUG: target(mean=-14.45 std=2.28 min=-19.53 max=-6.67) V(s)(mean=-15.18 std=0.81) reward(mean=-1.359 std=5.158) clip=50.0
[step 01700] eval_success_rate=0.000 eval_mean_score=10.060 eval_policy_mode=greedy [solved=0/50, score_range=9.00-12.00/16.0, initial=9.00]
[step 01700] PROGRESS: filled=10.06 violations=0.00 zero_cand=0.00
[step 01700] DEBUG: ep_len=15.9 ep_ret=-17.664 stop_prob=0.000 score_chg=-0.4800
[DEBUG] train_step 1700: starting episode collection
[DEBUG] train_step 1700: episodes collected, starting value_update
[DEBUG] train_step 1700: value_update done, starting policy_update
[DEBUG] train_step 1700: policy_update done
[step 01750] value_loss=7.627459 policy_loss=0.338722
[step 01750] VALUE_DEBUG: target(mean=-15.70 std=3.09 min=-23.36 max=-7.57) V(s)(mean=-15.46 std=0.89) reward(mean=-1.446 std=3.756) clip=50.0
[DEBUG] train_step 1750: starting episode collection
[DEBUG] train_step 1750: episodes collected, starting value_update
[DEBUG] train_step 1750: value_update done, starting policy_update
[DEBUG] train_step 1750: policy_update done
[step 01800] opnorm clamp applied
[step 01800] value_loss=8.052459 policy_loss=-0.138766
[step 01800] VALUE_DEBUG: target(mean=-15.11 std=2.95 min=-25.23 max=-7.11) V(s)(mean=-15.60 std=0.65) reward(mean=-1.170 std=4.746) clip=50.0
[step 01800] eval_success_rate=0.000 eval_mean_score=10.080 eval_policy_mode=greedy [solved=0/50, score_range=9.00-11.00/16.0, initial=9.00]
[step 01800] PROGRESS: filled=10.08 violations=0.00 zero_cand=0.00
[step 01800] DEBUG: ep_len=16.0 ep_ret=-18.083 stop_prob=0.000 score_chg=-0.7025
[DEBUG] train_step 1800: starting episode collection
[DEBUG] train_step 1800: episodes collected, starting value_update
[DEBUG] train_step 1800: value_update done, starting policy_update
[DEBUG] train_step 1800: policy_update done
[step 01850] value_loss=6.939023 policy_loss=-0.151608
[step 01850] VALUE_DEBUG: target(mean=-15.65 std=2.63 min=-23.63 max=-8.45) V(s)(mean=-15.20 std=1.00) reward(mean=-1.393 std=4.587) clip=50.0
[DEBUG] train_step 1850: starting episode collection
[DEBUG] train_step 1850: episodes collected, starting value_update
[DEBUG] train_step 1850: value_update done, starting policy_update
[DEBUG] train_step 1850: policy_update done
[step 01900] opnorm clamp applied
[step 01900] value_loss=5.605011 policy_loss=0.292781
[step 01900] VALUE_DEBUG: target(mean=-14.93 std=2.51 min=-20.56 max=-6.21) V(s)(mean=-14.72 std=0.88) reward(mean=-1.073 std=4.586) clip=50.0
[step 01900] eval_success_rate=0.000 eval_mean_score=10.180 eval_policy_mode=greedy [solved=0/50, score_range=9.00-12.00/16.0, initial=9.00]
[step 01900] PROGRESS: filled=10.18 violations=0.00 zero_cand=0.00
[step 01900] DEBUG: ep_len=16.0 ep_ret=-17.786 stop_prob=0.000 score_chg=-0.4450
[DEBUG] train_step 1900: starting episode collection
[DEBUG] train_step 1900: episodes collected, starting value_update
[DEBUG] train_step 1900: value_update done, starting policy_update
[DEBUG] train_step 1900: policy_update done
[step 01950] value_loss=3.004654 policy_loss=0.447247
[step 01950] VALUE_DEBUG: target(mean=-15.73 std=1.73 min=-21.48 max=-13.49) V(s)(mean=-14.93 std=1.00) reward(mean=-2.910 std=5.863) clip=50.0
[DEBUG] train_step 1950: starting episode collection
[DEBUG] train_step 1950: episodes collected, starting value_update
[DEBUG] train_step 1950: value_update done, starting policy_update
[DEBUG] train_step 1950: policy_update done
[step 02000] opnorm clamp applied
[step 02000] value_loss=4.574374 policy_loss=0.603158
[step 02000] VALUE_DEBUG: target(mean=-14.83 std=2.32 min=-18.62 max=-4.93) V(s)(mean=-15.37 std=0.95) reward(mean=0.356 std=2.165) clip=50.0
[step 02000] eval_success_rate=0.000 eval_mean_score=10.200 eval_policy_mode=greedy [solved=0/50, score_range=9.00-12.00/16.0, initial=9.00]
[step 02000] PROGRESS: filled=10.20 violations=0.00 zero_cand=0.00
[step 02000] DEBUG: ep_len=16.0 ep_ret=-17.861 stop_prob=0.000 score_chg=-0.4075
[Checkpoint] Saved to buiksat_trm/checkpoints/table3_hard_6to8_controlled_nomask_c_r0_s7/rl_checkpoint_step_2000.pt
[DEBUG] train_step 2000: starting episode collection
[DEBUG] train_step 2000: episodes collected, starting value_update
[DEBUG] train_step 2000: value_update done, starting policy_update
[DEBUG] train_step 2000: policy_update done
[step 02050] value_loss=1.449275 policy_loss=0.682649
[step 02050] VALUE_DEBUG: target(mean=-15.50 std=1.21 min=-19.40 max=-13.49) V(s)(mean=-15.25 std=0.79) reward(mean=-0.614 std=3.022) clip=50.0
[DEBUG] train_step 2050: starting episode collection
[DEBUG] train_step 2050: episodes collected, starting value_update
[DEBUG] train_step 2050: value_update done, starting policy_update
[DEBUG] train_step 2050: policy_update done
[step 02100] opnorm clamp applied
[step 02100] value_loss=3.363609 policy_loss=0.259637
[step 02100] VALUE_DEBUG: target(mean=-15.17 std=1.72 min=-17.64 max=-7.05) V(s)(mean=-15.75 std=0.98) reward(mean=-0.621 std=4.298) clip=50.0
[step 02100] eval_success_rate=0.000 eval_mean_score=10.200 eval_policy_mode=greedy [solved=0/50, score_range=9.00-11.00/16.0, initial=9.00]
[step 02100] PROGRESS: filled=10.20 violations=0.00 zero_cand=0.00
[step 02100] DEBUG: ep_len=16.0 ep_ret=-17.832 stop_prob=0.000 score_chg=-0.4875
[DEBUG] train_step 2100: starting episode collection
[DEBUG] train_step 2100: episodes collected, starting value_update
[DEBUG] train_step 2100: value_update done, starting policy_update
[DEBUG] train_step 2100: policy_update done
[step 02150] value_loss=8.394157 policy_loss=0.138277
[step 02150] VALUE_DEBUG: target(mean=-15.54 std=3.06 min=-23.94 max=-7.14) V(s)(mean=-15.81 std=0.81) reward(mean=-0.518 std=4.669) clip=50.0
[DEBUG] train_step 2150: starting episode collection
[DEBUG] train_step 2150: episodes collected, starting value_update
[DEBUG] train_step 2150: value_update done, starting policy_update
[DEBUG] train_step 2150: policy_update done
[step 02200] opnorm clamp applied
[step 02200] value_loss=6.606833 policy_loss=-0.085131
[step 02200] VALUE_DEBUG: target(mean=-16.02 std=2.58 min=-22.47 max=-10.00) V(s)(mean=-15.29 std=0.97) reward(mean=-2.488 std=6.131) clip=50.0
[step 02200] eval_success_rate=0.000 eval_mean_score=10.340 eval_policy_mode=greedy [solved=0/50, score_range=9.00-12.00/16.0, initial=9.00]
[step 02200] PROGRESS: filled=10.34 violations=0.00 zero_cand=0.00
[step 02200] DEBUG: ep_len=16.0 ep_ret=-17.376 stop_prob=0.000 score_chg=-0.0500
[DEBUG] train_step 2200: starting episode collection
[DEBUG] train_step 2200: episodes collected, starting value_update
[DEBUG] train_step 2200: value_update done, starting policy_update
[DEBUG] train_step 2200: policy_update done
[step 02250] value_loss=1.574104 policy_loss=0.681990
[step 02250] VALUE_DEBUG: target(mean=-15.51 std=1.43 min=-20.38 max=-11.03) V(s)(mean=-15.75 std=1.01) reward(mean=-0.865 std=4.064) clip=50.0
[DEBUG] train_step 2250: starting episode collection
[DEBUG] train_step 2250: episodes collected, starting value_update
[DEBUG] train_step 2250: value_update done, starting policy_update
[DEBUG] train_step 2250: policy_update done
[step 02300] opnorm clamp applied
[step 02300] value_loss=5.245373 policy_loss=0.495566
[step 02300] VALUE_DEBUG: target(mean=-15.12 std=2.60 min=-19.84 max=-5.64) V(s)(mean=-15.47 std=0.96) reward(mean=-2.152 std=6.227) clip=50.0
[step 02300] eval_success_rate=0.000 eval_mean_score=10.360 eval_policy_mode=greedy [solved=0/50, score_range=9.00-12.00/16.0, initial=9.00]
[step 02300] PROGRESS: filled=10.36 violations=0.00 zero_cand=0.00
[step 02300] DEBUG: ep_len=16.0 ep_ret=-17.473 stop_prob=0.000 score_chg=-0.0950
[DEBUG] train_step 2300: starting episode collection
[DEBUG] train_step 2300: episodes collected, starting value_update
[DEBUG] train_step 2300: value_update done, starting policy_update
[DEBUG] train_step 2300: policy_update done
[step 02350] value_loss=3.837670 policy_loss=0.974516
[step 02350] VALUE_DEBUG: target(mean=-15.31 std=2.00 min=-21.21 max=-7.41) V(s)(mean=-15.94 std=0.74) reward(mean=-1.300 std=4.728) clip=50.0
[DEBUG] train_step 2350: starting episode collection
[DEBUG] train_step 2350: episodes collected, starting value_update
[DEBUG] train_step 2350: value_update done, starting policy_update
[DEBUG] train_step 2350: policy_update done
[step 02400] opnorm clamp applied
[step 02400] value_loss=8.768217 policy_loss=0.750663
[step 02400] VALUE_DEBUG: target(mean=-15.69 std=2.81 min=-21.08 max=-4.63) V(s)(mean=-15.64 std=1.25) reward(mean=-1.675 std=5.451) clip=50.0
[step 02400] eval_success_rate=0.000 eval_mean_score=10.500 eval_policy_mode=greedy [solved=0/50, score_range=9.00-13.00/16.0, initial=9.00]
[step 02400] PROGRESS: filled=10.50 violations=0.00 zero_cand=0.00
[step 02400] DEBUG: ep_len=16.0 ep_ret=-17.145 stop_prob=0.000 score_chg=0.3125
[DEBUG] train_step 2400: starting episode collection
[DEBUG] train_step 2400: episodes collected, starting value_update
[DEBUG] train_step 2400: value_update done, starting policy_update
[DEBUG] train_step 2400: policy_update done
[step 02450] value_loss=12.029826 policy_loss=0.311635
[step 02450] VALUE_DEBUG: target(mean=-14.66 std=3.53 min=-17.94 max=1.84) V(s)(mean=-15.91 std=1.13) reward(mean=-0.472 std=4.214) clip=50.0
[DEBUG] train_step 2450: starting episode collection
[DEBUG] train_step 2450: episodes collected, starting value_update
[DEBUG] train_step 2450: value_update done, starting policy_update
[DEBUG] train_step 2450: policy_update done
[step 02500] opnorm clamp applied
[step 02500] value_loss=5.750203 policy_loss=1.227276
[step 02500] VALUE_DEBUG: target(mean=-15.42 std=2.45 min=-25.39 max=-7.67) V(s)(mean=-15.99 std=0.97) reward(mean=-1.387 std=5.231) clip=50.0
[step 02500] eval_success_rate=0.000 eval_mean_score=10.340 eval_policy_mode=greedy [solved=0/50, score_range=9.00-12.00/16.0, initial=9.00]
[step 02500] PROGRESS: filled=10.34 violations=0.00 zero_cand=0.00
[step 02500] DEBUG: ep_len=16.0 ep_ret=-16.822 stop_prob=0.000 score_chg=0.5275
[DEBUG] train_step 2500: starting episode collection
[DEBUG] train_step 2500: episodes collected, starting value_update
[DEBUG] train_step 2500: value_update done, starting policy_update
[DEBUG] train_step 2500: policy_update done
[step 02550] value_loss=10.317156 policy_loss=0.349664
[step 02550] VALUE_DEBUG: target(mean=-14.94 std=3.36 min=-24.89 max=-7.16) V(s)(mean=-15.80 std=0.84) reward(mean=-1.032 std=5.745) clip=50.0
[DEBUG] train_step 2550: starting episode collection
[DEBUG] train_step 2550: episodes collected, starting value_update
[DEBUG] train_step 2550: value_update done, starting policy_update
[DEBUG] train_step 2550: policy_update done
[step 02600] opnorm clamp applied
[step 02600] value_loss=3.832802 policy_loss=0.793095
[step 02600] VALUE_DEBUG: target(mean=-15.81 std=2.30 min=-24.53 max=-12.91) V(s)(mean=-15.45 std=1.04) reward(mean=-1.559 std=4.135) clip=50.0
[step 02600] eval_success_rate=0.000 eval_mean_score=10.300 eval_policy_mode=greedy [solved=0/50, score_range=9.00-12.00/16.0, initial=9.00]
[step 02600] PROGRESS: filled=10.30 violations=0.00 zero_cand=0.00
[step 02600] DEBUG: ep_len=16.0 ep_ret=-16.328 stop_prob=0.000 score_chg=0.7325
[DEBUG] train_step 2600: starting episode collection
[DEBUG] train_step 2600: episodes collected, starting value_update
[DEBUG] train_step 2600: value_update done, starting policy_update
[DEBUG] train_step 2600: policy_update done
[step 02650] value_loss=1.810193 policy_loss=0.430525
[step 02650] VALUE_DEBUG: target(mean=-15.46 std=1.48 min=-17.82 max=-8.72) V(s)(mean=-16.27 std=0.75) reward(mean=-0.199 std=3.058) clip=50.0
[DEBUG] train_step 2650: starting episode collection
[DEBUG] train_step 2650: episodes collected, starting value_update
[DEBUG] train_step 2650: value_update done, starting policy_update
[DEBUG] train_step 2650: policy_update done
[step 02700] opnorm clamp applied
[step 02700] value_loss=3.896936 policy_loss=-0.216354
[step 02700] VALUE_DEBUG: target(mean=-15.60 std=1.96 min=-22.70 max=-12.11) V(s)(mean=-16.07 std=0.86) reward(mean=-0.564 std=4.032) clip=50.0
[step 02700] eval_success_rate=0.000 eval_mean_score=10.620 eval_policy_mode=greedy [solved=0/50, score_range=9.00-13.00/16.0, initial=9.00]
[step 02700] PROGRESS: filled=10.62 violations=0.00 zero_cand=0.00
[step 02700] DEBUG: ep_len=15.9 ep_ret=-16.589 stop_prob=0.000 score_chg=0.6725
[DEBUG] train_step 2700: starting episode collection
[DEBUG] train_step 2700: episodes collected, starting value_update
[DEBUG] train_step 2700: value_update done, starting policy_update
[DEBUG] train_step 2700: policy_update done
[step 02750] value_loss=0.205169 policy_loss=-0.455492
[step 02750] VALUE_DEBUG: target(mean=-15.54 std=0.96 min=-17.26 max=-13.53) V(s)(mean=-15.61 std=0.88) reward(mean=-1.406 std=4.734) clip=50.0
[DEBUG] train_step 2750: starting episode collection
[DEBUG] train_step 2750: episodes collected, starting value_update
[DEBUG] train_step 2750: value_update done, starting policy_update
[DEBUG] train_step 2750: policy_update done
[step 02800] opnorm clamp applied
[step 02800] value_loss=10.088024 policy_loss=0.208168
[step 02800] VALUE_DEBUG: target(mean=-15.41 std=3.35 min=-24.97 max=-6.04) V(s)(mean=-15.23 std=0.88) reward(mean=-1.968 std=5.451) clip=50.0
[step 02800] eval_success_rate=0.000 eval_mean_score=10.860 eval_policy_mode=greedy [solved=0/50, score_range=9.00-13.00/16.0, initial=9.00]
[step 02800] PROGRESS: filled=10.86 violations=0.00 zero_cand=0.00
[step 02800] DEBUG: ep_len=16.0 ep_ret=-16.723 stop_prob=0.000 score_chg=0.6250
[DEBUG] train_step 2800: starting episode collection
[DEBUG] train_step 2800: episodes collected, starting value_update
[DEBUG] train_step 2800: value_update done, starting policy_update
[DEBUG] train_step 2800: policy_update done
[step 02850] value_loss=6.274569 policy_loss=0.578144
[step 02850] VALUE_DEBUG: target(mean=-16.44 std=2.41 min=-24.93 max=-13.08) V(s)(mean=-15.61 std=1.06) reward(mean=-0.839 std=2.388) clip=50.0
[DEBUG] train_step 2850: starting episode collection
[DEBUG] train_step 2850: episodes collected, starting value_update
[DEBUG] train_step 2850: value_update done, starting policy_update
[DEBUG] train_step 2850: policy_update done
[step 02900] opnorm clamp applied
[step 02900] value_loss=3.920772 policy_loss=0.230443
[step 02900] VALUE_DEBUG: target(mean=-16.38 std=2.08 min=-22.87 max=-13.12) V(s)(mean=-16.00 std=1.03) reward(mean=-2.622 std=5.830) clip=50.0
[step 02900] eval_success_rate=0.000 eval_mean_score=10.800 eval_policy_mode=greedy [solved=0/50, score_range=9.00-13.00/16.0, initial=9.00]
[step 02900] PROGRESS: filled=10.80 violations=0.00 zero_cand=0.00
[step 02900] DEBUG: ep_len=15.9 ep_ret=-16.539 stop_prob=0.000 score_chg=0.4900
[DEBUG] train_step 2900: starting episode collection
[DEBUG] train_step 2900: episodes collected, starting value_update
[DEBUG] train_step 2900: value_update done, starting policy_update
[DEBUG] train_step 2900: policy_update done
[step 02950] value_loss=3.497011 policy_loss=0.952101
[step 02950] VALUE_DEBUG: target(mean=-15.87 std=2.20 min=-25.42 max=-13.56) V(s)(mean=-15.53 std=0.97) reward(mean=-0.886 std=3.264) clip=50.0
[DEBUG] train_step 2950: starting episode collection
[DEBUG] train_step 2950: episodes collected, starting value_update
[DEBUG] train_step 2950: value_update done, starting policy_update
[DEBUG] train_step 2950: policy_update done
[step 03000] opnorm clamp applied
[step 03000] value_loss=8.579422 policy_loss=0.061444
[step 03000] VALUE_DEBUG: target(mean=-15.32 std=2.96 min=-25.05 max=-6.19) V(s)(mean=-15.71 std=1.20) reward(mean=-0.805 std=5.662) clip=50.0
[step 03000] eval_success_rate=0.000 eval_mean_score=10.840 eval_policy_mode=greedy [solved=0/50, score_range=9.00-13.00/16.0, initial=9.00]
[step 03000] PROGRESS: filled=10.84 violations=0.00 zero_cand=0.00
[step 03000] DEBUG: ep_len=15.9 ep_ret=-15.858 stop_prob=0.000 score_chg=1.2175
[Checkpoint] Saved to buiksat_trm/checkpoints/table3_hard_6to8_controlled_nomask_c_r0_s7/rl_checkpoint_step_3000.pt
[DEBUG] train_step 3000: starting episode collection
[DEBUG] train_step 3000: episodes collected, starting value_update
[DEBUG] train_step 3000: value_update done, starting policy_update
[DEBUG] train_step 3000: policy_update done
[step 03050] value_loss=2.860637 policy_loss=0.513075
[step 03050] VALUE_DEBUG: target(mean=-15.84 std=1.85 min=-21.68 max=-10.01) V(s)(mean=-15.91 std=1.27) reward(mean=-1.004 std=3.389) clip=50.0
[DEBUG] train_step 3050: starting episode collection
[DEBUG] train_step 3050: episodes collected, starting value_update
[DEBUG] train_step 3050: value_update done, starting policy_update
[DEBUG] train_step 3050: policy_update done
[step 03100] opnorm clamp applied
[step 03100] value_loss=8.632632 policy_loss=-0.289601
[step 03100] VALUE_DEBUG: target(mean=-15.21 std=3.16 min=-22.02 max=-2.71) V(s)(mean=-15.61 std=1.02) reward(mean=-0.449 std=5.487) clip=50.0
[step 03100] eval_success_rate=0.000 eval_mean_score=10.800 eval_policy_mode=greedy [solved=0/50, score_range=9.00-14.00/16.0, initial=9.00]
[step 03100] PROGRESS: filled=10.80 violations=0.00 zero_cand=0.00
[step 03100] DEBUG: ep_len=15.9 ep_ret=-16.296 stop_prob=0.000 score_chg=1.0350
[DEBUG] train_step 3100: starting episode collection
[DEBUG] train_step 3100: episodes collected, starting value_update
[DEBUG] train_step 3100: value_update done, starting policy_update
[DEBUG] train_step 3100: policy_update done
[step 03150] value_loss=4.790240 policy_loss=0.033556
[step 03150] VALUE_DEBUG: target(mean=-15.34 std=2.21 min=-22.28 max=-6.67) V(s)(mean=-15.62 std=1.15) reward(mean=-1.321 std=5.230) clip=50.0
[DEBUG] train_step 3150: starting episode collection
[DEBUG] train_step 3150: episodes collected, starting value_update
[DEBUG] train_step 3150: value_update done, starting policy_update
[DEBUG] train_step 3150: policy_update done
[step 03200] opnorm clamp applied
[step 03200] value_loss=1.713906 policy_loss=0.619655
[step 03200] VALUE_DEBUG: target(mean=-15.43 std=1.58 min=-20.29 max=-12.76) V(s)(mean=-15.69 std=1.18) reward(mean=-1.638 std=4.815) clip=50.0
[step 03200] eval_success_rate=0.000 eval_mean_score=10.720 eval_policy_mode=greedy [solved=0/50, score_range=9.00-13.00/16.0, initial=9.00]
[step 03200] PROGRESS: filled=10.72 violations=0.00 zero_cand=0.00
[step 03200] DEBUG: ep_len=15.8 ep_ret=-15.342 stop_prob=0.000 score_chg=1.4650
[DEBUG] train_step 3200: starting episode collection
[DEBUG] train_step 3200: episodes collected, starting value_update
[DEBUG] train_step 3200: value_update done, starting policy_update
[DEBUG] train_step 3200: policy_update done
[step 03250] value_loss=4.787623 policy_loss=0.765904
[step 03250] VALUE_DEBUG: target(mean=-15.68 std=2.32 min=-21.42 max=-9.97) V(s)(mean=-15.32 std=0.97) reward(mean=-0.349 std=2.333) clip=50.0
[DEBUG] train_step 3250: starting episode collection
[DEBUG] train_step 3250: episodes collected, starting value_update
[DEBUG] train_step 3250: value_update done, starting policy_update
[DEBUG] train_step 3250: policy_update done
[step 03300] opnorm clamp applied
[step 03300] value_loss=2.495907 policy_loss=1.539094
[step 03300] VALUE_DEBUG: target(mean=-15.58 std=2.06 min=-24.41 max=-12.14) V(s)(mean=-15.73 std=0.93) reward(mean=-0.521 std=3.089) clip=50.0
[step 03300] eval_success_rate=0.000 eval_mean_score=10.940 eval_policy_mode=greedy [solved=0/50, score_range=9.00-13.00/16.0, initial=9.00]
[step 03300] PROGRESS: filled=10.94 violations=0.00 zero_cand=0.00
[step 03300] DEBUG: ep_len=15.9 ep_ret=-15.249 stop_prob=0.000 score_chg=1.5300
[DEBUG] train_step 3300: starting episode collection
[DEBUG] train_step 3300: episodes collected, starting value_update
[DEBUG] train_step 3300: value_update done, starting policy_update
[DEBUG] train_step 3300: policy_update done
[step 03350] value_loss=3.225431 policy_loss=0.421600
[step 03350] VALUE_DEBUG: target(mean=-15.81 std=1.85 min=-22.06 max=-13.28) V(s)(mean=-15.47 std=0.82) reward(mean=-2.467 std=5.945) clip=50.0
[DEBUG] train_step 3350: starting episode collection
[DEBUG] train_step 3350: episodes collected, starting value_update
[DEBUG] train_step 3350: value_update done, starting policy_update
[DEBUG] train_step 3350: policy_update done
[step 03400] opnorm clamp applied
[step 03400] value_loss=2.236699 policy_loss=1.537761
[step 03400] VALUE_DEBUG: target(mean=-15.70 std=1.58 min=-20.73 max=-13.30) V(s)(mean=-15.24 std=1.13) reward(mean=-1.192 std=4.117) clip=50.0
[step 03400] eval_success_rate=0.000 eval_mean_score=11.100 eval_policy_mode=greedy [solved=0/50, score_range=9.00-13.00/16.0, initial=9.00]
[step 03400] PROGRESS: filled=11.10 violations=0.00 zero_cand=0.00
[step 03400] DEBUG: ep_len=15.9 ep_ret=-16.059 stop_prob=0.000 score_chg=1.0600
[DEBUG] train_step 3400: starting episode collection
[DEBUG] train_step 3400: episodes collected, starting value_update
[DEBUG] train_step 3400: value_update done, starting policy_update
[DEBUG] train_step 3400: policy_update done
[step 03450] value_loss=2.262821 policy_loss=0.823233
[step 03450] VALUE_DEBUG: target(mean=-15.58 std=1.87 min=-20.72 max=-8.89) V(s)(mean=-15.86 std=1.20) reward(mean=-1.416 std=4.977) clip=50.0
[DEBUG] train_step 3450: starting episode collection
[DEBUG] train_step 3450: episodes collected, starting value_update
[DEBUG] train_step 3450: value_update done, starting policy_update
[DEBUG] train_step 3450: policy_update done
[step 03500] opnorm clamp applied
[step 03500] value_loss=0.858793 policy_loss=-0.328447
[step 03500] VALUE_DEBUG: target(mean=-15.09 std=1.33 min=-17.98 max=-12.33) V(s)(mean=-14.80 std=1.10) reward(mean=-0.296 std=2.992) clip=50.0
[step 03500] eval_success_rate=0.000 eval_mean_score=11.360 eval_policy_mode=greedy [solved=0/50, score_range=9.00-14.00/16.0, initial=9.00]
[step 03500] PROGRESS: filled=11.36 violations=0.00 zero_cand=0.00
[step 03500] DEBUG: ep_len=15.9 ep_ret=-16.174 stop_prob=0.000 score_chg=0.9350
[DEBUG] train_step 3500: starting episode collection
[DEBUG] train_step 3500: episodes collected, starting value_update
[DEBUG] train_step 3500: value_update done, starting policy_update
[DEBUG] train_step 3500: policy_update done
[step 03550] value_loss=5.198192 policy_loss=0.079674
[step 03550] VALUE_DEBUG: target(mean=-15.83 std=2.39 min=-21.70 max=-9.44) V(s)(mean=-16.09 std=1.23) reward(mean=-1.692 std=5.117) clip=50.0
[DEBUG] train_step 3550: starting episode collection
[DEBUG] train_step 3550: episodes collected, starting value_update
[DEBUG] train_step 3550: value_update done, starting policy_update
[DEBUG] train_step 3550: policy_update done
[step 03600] opnorm clamp applied
[step 03600] value_loss=1.648881 policy_loss=0.374105
[step 03600] VALUE_DEBUG: target(mean=-16.08 std=1.58 min=-20.56 max=-12.97) V(s)(mean=-16.07 std=1.15) reward(mean=-1.107 std=4.078) clip=50.0
[step 03600] eval_success_rate=0.000 eval_mean_score=10.700 eval_policy_mode=greedy [solved=0/50, score_range=9.00-14.00/16.0, initial=9.00]
[step 03600] PROGRESS: filled=10.70 violations=0.00 zero_cand=0.00
[step 03600] DEBUG: ep_len=15.8 ep_ret=-15.313 stop_prob=0.000 score_chg=1.5775
[DEBUG] train_step 3600: starting episode collection
[DEBUG] train_step 3600: episodes collected, starting value_update
[DEBUG] train_step 3600: value_update done, starting policy_update
[DEBUG] train_step 3600: policy_update done
[step 03650] value_loss=15.677296 policy_loss=-0.001137
[step 03650] VALUE_DEBUG: target(mean=-15.29 std=4.13 min=-26.74 max=1.84) V(s)(mean=-15.74 std=1.34) reward(mean=-1.842 std=5.151) clip=50.0
[DEBUG] train_step 3650: starting episode collection
[DEBUG] train_step 3650: episodes collected, starting value_update
[DEBUG] train_step 3650: value_update done, starting policy_update
[DEBUG] train_step 3650: policy_update done
[step 03700] opnorm clamp applied
[step 03700] value_loss=7.427381 policy_loss=-0.580357
[step 03700] VALUE_DEBUG: target(mean=-15.25 std=2.84 min=-24.84 max=-6.44) V(s)(mean=-15.94 std=1.04) reward(mean=-0.846 std=5.132) clip=50.0
[step 03700] eval_success_rate=0.000 eval_mean_score=11.120 eval_policy_mode=greedy [solved=0/50, score_range=9.00-13.00/16.0, initial=9.00]
[step 03700] PROGRESS: filled=11.12 violations=0.00 zero_cand=0.00
[step 03700] DEBUG: ep_len=15.9 ep_ret=-15.412 stop_prob=0.000 score_chg=1.4250
[DEBUG] train_step 3700: starting episode collection
[DEBUG] train_step 3700: episodes collected, starting value_update
[DEBUG] train_step 3700: value_update done, starting policy_update
[DEBUG] train_step 3700: policy_update done
[step 03750] value_loss=3.816332 policy_loss=0.158754
[step 03750] VALUE_DEBUG: target(mean=-15.76 std=2.42 min=-23.70 max=-10.99) V(s)(mean=-15.56 std=1.26) reward(mean=-2.844 std=5.856) clip=50.0
[DEBUG] train_step 3750: starting episode collection
[DEBUG] train_step 3750: episodes collected, starting value_update
[DEBUG] train_step 3750: value_update done, starting policy_update
[DEBUG] train_step 3750: policy_update done
[step 03800] opnorm clamp applied
[step 03800] value_loss=3.080239 policy_loss=-0.115475
[step 03800] VALUE_DEBUG: target(mean=-15.58 std=1.84 min=-20.98 max=-8.43) V(s)(mean=-15.71 std=1.22) reward(mean=-2.504 std=6.039) clip=50.0
[step 03800] eval_success_rate=0.000 eval_mean_score=11.120 eval_policy_mode=greedy [solved=0/50, score_range=9.00-14.00/16.0, initial=9.00]
[step 03800] PROGRESS: filled=11.12 violations=0.00 zero_cand=0.00
[step 03800] DEBUG: ep_len=15.9 ep_ret=-15.979 stop_prob=0.000 score_chg=1.3450
[DEBUG] train_step 3800: starting episode collection
[DEBUG] train_step 3800: episodes collected, starting value_update
[DEBUG] train_step 3800: value_update done, starting policy_update
[DEBUG] train_step 3800: policy_update done
[step 03850] value_loss=2.819365 policy_loss=1.267038
[step 03850] VALUE_DEBUG: target(mean=-14.90 std=1.98 min=-21.59 max=-8.73) V(s)(mean=-15.31 std=1.13) reward(mean=-1.221 std=5.064) clip=50.0
[DEBUG] train_step 3850: starting episode collection
[DEBUG] train_step 3850: episodes collected, starting value_update
[DEBUG] train_step 3850: value_update done, starting policy_update
[DEBUG] train_step 3850: policy_update done
[step 03900] opnorm clamp applied
[step 03900] value_loss=4.768477 policy_loss=0.143014
[step 03900] VALUE_DEBUG: target(mean=-15.16 std=2.23 min=-20.29 max=-7.88) V(s)(mean=-15.74 std=1.11) reward(mean=-0.598 std=4.528) clip=50.0
[step 03900] eval_success_rate=0.000 eval_mean_score=11.440 eval_policy_mode=greedy [solved=0/50, score_range=9.00-15.00/16.0, initial=9.00]
[step 03900] PROGRESS: filled=11.44 violations=0.00 zero_cand=0.00
[step 03900] DEBUG: ep_len=15.9 ep_ret=-15.476 stop_prob=0.000 score_chg=1.6525
[DEBUG] train_step 3900: starting episode collection
[DEBUG] train_step 3900: episodes collected, starting value_update
[DEBUG] train_step 3900: value_update done, starting policy_update
[DEBUG] train_step 3900: policy_update done
[step 03950] value_loss=4.857057 policy_loss=0.430127
[step 03950] VALUE_DEBUG: target(mean=-15.89 std=2.34 min=-21.53 max=-9.98) V(s)(mean=-15.48 std=1.31) reward(mean=-0.347 std=2.048) clip=50.0
[DEBUG] train_step 3950: starting episode collection
[DEBUG] train_step 3950: episodes collected, starting value_update
[DEBUG] train_step 3950: value_update done, starting policy_update
[DEBUG] train_step 3950: policy_update done
[step 04000] opnorm clamp applied
[step 04000] value_loss=3.198743 policy_loss=0.335183
[step 04000] VALUE_DEBUG: target(mean=-15.38 std=2.11 min=-21.48 max=-8.36) V(s)(mean=-15.36 std=1.23) reward(mean=-1.322 std=5.088) clip=50.0
[step 04000] eval_success_rate=0.000 eval_mean_score=11.240 eval_policy_mode=greedy [solved=0/50, score_range=9.00-14.00/16.0, initial=9.00]
[step 04000] PROGRESS: filled=11.24 violations=0.00 zero_cand=0.00
[step 04000] DEBUG: ep_len=15.8 ep_ret=-14.540 stop_prob=0.000 score_chg=2.0525
[Checkpoint] Saved to buiksat_trm/checkpoints/table3_hard_6to8_controlled_nomask_c_r0_s7/rl_checkpoint_step_4000.pt
[DEBUG] train_step 4000: starting episode collection
[DEBUG] train_step 4000: episodes collected, starting value_update
[DEBUG] train_step 4000: value_update done, starting policy_update
[DEBUG] train_step 4000: policy_update done
[step 04050] value_loss=1.645261 policy_loss=-0.254597
[step 04050] VALUE_DEBUG: target(mean=-15.30 std=1.96 min=-21.53 max=-9.80) V(s)(mean=-15.49 std=1.14) reward(mean=-0.449 std=3.071) clip=50.0
[DEBUG] train_step 4050: starting episode collection
[DEBUG] train_step 4050: episodes collected, starting value_update
[DEBUG] train_step 4050: value_update done, starting policy_update
[DEBUG] train_step 4050: policy_update done
[step 04100] opnorm clamp applied
[step 04100] value_loss=6.799852 policy_loss=-0.484108
[step 04100] VALUE_DEBUG: target(mean=-15.13 std=2.78 min=-21.04 max=-5.98) V(s)(mean=-15.15 std=1.13) reward(mean=-0.390 std=3.813) clip=50.0
[step 04100] eval_success_rate=0.000 eval_mean_score=11.540 eval_policy_mode=greedy [solved=0/50, score_range=9.00-13.00/16.0, initial=9.00]
[step 04100] PROGRESS: filled=11.54 violations=0.00 zero_cand=0.00
[step 04100] DEBUG: ep_len=15.8 ep_ret=-14.491 stop_prob=0.000 score_chg=2.0050
[DEBUG] train_step 4100: starting episode collection
[DEBUG] train_step 4100: episodes collected, starting value_update
[DEBUG] train_step 4100: value_update done, starting policy_update
[DEBUG] train_step 4100: policy_update done
[step 04150] value_loss=4.087729 policy_loss=-0.033102
[step 04150] VALUE_DEBUG: target(mean=-15.64 std=2.26 min=-21.49 max=-9.64) V(s)(mean=-15.23 std=1.12) reward(mean=-0.515 std=3.431) clip=50.0
[DEBUG] train_step 4150: starting episode collection
[DEBUG] train_step 4150: episodes collected, starting value_update
[DEBUG] train_step 4150: value_update done, starting policy_update
[DEBUG] train_step 4150: policy_update done
[step 04200] opnorm clamp applied
[step 04200] value_loss=2.489982 policy_loss=0.527416
[step 04200] VALUE_DEBUG: target(mean=-15.83 std=1.81 min=-22.64 max=-12.23) V(s)(mean=-15.83 std=1.31) reward(mean=-0.756 std=3.216) clip=50.0
[step 04200] eval_success_rate=0.000 eval_mean_score=11.660 eval_policy_mode=greedy [solved=0/50, score_range=9.00-14.00/16.0, initial=9.00]
[step 04200] PROGRESS: filled=11.66 violations=0.00 zero_cand=0.00
[step 04200] DEBUG: ep_len=15.7 ep_ret=-14.392 stop_prob=0.000 score_chg=2.1650
[DEBUG] train_step 4200: starting episode collection
[DEBUG] train_step 4200: episodes collected, starting value_update
[DEBUG] train_step 4200: value_update done, starting policy_update
[DEBUG] train_step 4200: policy_update done
[step 04250] value_loss=5.040795 policy_loss=0.025751
[step 04250] VALUE_DEBUG: target(mean=-15.65 std=2.51 min=-21.06 max=-10.27) V(s)(mean=-15.16 std=1.39) reward(mean=-1.253 std=4.427) clip=50.0
[DEBUG] train_step 4250: starting episode collection
[DEBUG] train_step 4250: episodes collected, starting value_update
[DEBUG] train_step 4250: value_update done, starting policy_update
[DEBUG] train_step 4250: policy_update done
[step 04300] opnorm clamp applied
[step 04300] value_loss=2.954226 policy_loss=0.490852
[step 04300] VALUE_DEBUG: target(mean=-15.56 std=2.22 min=-24.99 max=-12.82) V(s)(mean=-15.39 std=1.05) reward(mean=-1.798 std=5.768) clip=50.0
[step 04300] eval_success_rate=0.000 eval_mean_score=11.480 eval_policy_mode=greedy [solved=0/50, score_range=9.00-14.00/16.0, initial=9.00]
[step 04300] PROGRESS: filled=11.48 violations=0.00 zero_cand=0.00
[step 04300] DEBUG: ep_len=15.6 ep_ret=-13.925 stop_prob=0.000 score_chg=2.2675
[DEBUG] train_step 4300: starting episode collection
[DEBUG] train_step 4300: episodes collected, starting value_update
[DEBUG] train_step 4300: value_update done, starting policy_update
[DEBUG] train_step 4300: policy_update done
[step 04350] value_loss=5.208309 policy_loss=1.081652
[step 04350] VALUE_DEBUG: target(mean=-15.11 std=2.43 min=-21.03 max=-8.61) V(s)(mean=-15.14 std=1.06) reward(mean=-1.045 std=4.551) clip=50.0
[DEBUG] train_step 4350: starting episode collection
[DEBUG] train_step 4350: episodes collected, starting value_update
[DEBUG] train_step 4350: value_update done, starting policy_update
[DEBUG] train_step 4350: policy_update done
[step 04400] opnorm clamp applied
[step 04400] value_loss=2.980825 policy_loss=0.238100
[step 04400] VALUE_DEBUG: target(mean=-15.28 std=2.05 min=-21.05 max=-11.80) V(s)(mean=-14.56 std=1.11) reward(mean=-0.342 std=1.620) clip=50.0
[step 04400] eval_success_rate=0.000 eval_mean_score=11.800 eval_policy_mode=greedy [solved=0/50, score_range=9.00-14.00/16.0, initial=9.00]
[step 04400] PROGRESS: filled=11.80 violations=0.00 zero_cand=0.00
[step 04400] DEBUG: ep_len=15.7 ep_ret=-14.249 stop_prob=0.000 score_chg=2.1750
[DEBUG] train_step 4400: starting episode collection
[DEBUG] train_step 4400: episodes collected, starting value_update
[DEBUG] train_step 4400: value_update done, starting policy_update
[DEBUG] train_step 4400: policy_update done
[step 04450] value_loss=7.561000 policy_loss=0.242825
[step 04450] VALUE_DEBUG: target(mean=-14.06 std=2.99 min=-19.51 max=-6.28) V(s)(mean=-14.96 std=1.19) reward(mean=0.863 std=2.596) clip=50.0
[DEBUG] train_step 4450: starting episode collection
[DEBUG] train_step 4450: episodes collected, starting value_update
[DEBUG] train_step 4450: value_update done, starting policy_update
[DEBUG] train_step 4450: policy_update done
[step 04500] opnorm clamp applied
[step 04500] value_loss=17.259451 policy_loss=0.876700
[step 04500] VALUE_DEBUG: target(mean=-14.13 std=4.39 min=-24.35 max=6.84) V(s)(mean=-14.50 std=0.94) reward(mean=-0.880 std=4.612) clip=50.0
[step 04500] eval_success_rate=0.000 eval_mean_score=11.480 eval_policy_mode=greedy [solved=0/50, score_range=9.00-15.00/16.0, initial=9.00]
[step 04500] PROGRESS: filled=11.48 violations=0.00 zero_cand=0.00
[step 04500] DEBUG: ep_len=15.8 ep_ret=-15.016 stop_prob=0.000 score_chg=2.0025
[DEBUG] train_step 4500: starting episode collection
[DEBUG] train_step 4500: episodes collected, starting value_update
[DEBUG] train_step 4500: value_update done, starting policy_update
[DEBUG] train_step 4500: policy_update done
[step 04550] value_loss=6.267482 policy_loss=-0.624764
[step 04550] VALUE_DEBUG: target(mean=-15.05 std=2.51 min=-22.15 max=-11.19) V(s)(mean=-15.08 std=1.46) reward(mean=-0.724 std=3.706) clip=50.0
[DEBUG] train_step 4550: starting episode collection
[DEBUG] train_step 4550: episodes collected, starting value_update
[DEBUG] train_step 4550: value_update done, starting policy_update
[DEBUG] train_step 4550: policy_update done
[step 04600] opnorm clamp applied
[step 04600] value_loss=2.893095 policy_loss=0.221695
[step 04600] VALUE_DEBUG: target(mean=-15.12 std=2.22 min=-20.54 max=-7.67) V(s)(mean=-14.74 std=1.05) reward(mean=-0.733 std=3.665) clip=50.0
[step 04600] eval_success_rate=0.000 eval_mean_score=11.900 eval_policy_mode=greedy [solved=0/50, score_range=9.00-15.00/16.0, initial=9.00]
[step 04600] PROGRESS: filled=11.90 violations=0.00 zero_cand=0.00
[step 04600] DEBUG: ep_len=15.5 ep_ret=-13.091 stop_prob=0.000 score_chg=2.6000
[DEBUG] train_step 4600: starting episode collection
[DEBUG] train_step 4600: episodes collected, starting value_update
[DEBUG] train_step 4600: value_update done, starting policy_update
[DEBUG] train_step 4600: policy_update done
[step 04650] value_loss=2.551219 policy_loss=-0.548583
[step 04650] VALUE_DEBUG: target(mean=-15.14 std=2.30 min=-21.07 max=-7.67) V(s)(mean=-15.24 std=1.44) reward(mean=-0.791 std=4.077) clip=50.0
[DEBUG] train_step 4650: starting episode collection
[DEBUG] train_step 4650: episodes collected, starting value_update
[DEBUG] train_step 4650: value_update done, starting policy_update
[DEBUG] train_step 4650: policy_update done
[step 04700] opnorm clamp applied
[step 04700] value_loss=10.380402 policy_loss=-0.399874
[step 04700] VALUE_DEBUG: target(mean=-15.72 std=3.29 min=-23.36 max=-10.07) V(s)(mean=-15.02 std=1.11) reward(mean=-2.684 std=6.017) clip=50.0
[step 04700] eval_success_rate=0.000 eval_mean_score=11.440 eval_policy_mode=greedy [solved=0/50, score_range=9.00-14.00/16.0, initial=9.00]
[step 04700] PROGRESS: filled=11.44 violations=0.00 zero_cand=0.00
[step 04700] DEBUG: ep_len=15.5 ep_ret=-13.364 stop_prob=0.000 score_chg=2.5950
[DEBUG] train_step 4700: starting episode collection
[DEBUG] train_step 4700: episodes collected, starting value_update
[DEBUG] train_step 4700: value_update done, starting policy_update
[DEBUG] train_step 4700: policy_update done
[step 04750] value_loss=3.213689 policy_loss=-0.318191
[step 04750] VALUE_DEBUG: target(mean=-14.41 std=2.23 min=-17.55 max=-6.47) V(s)(mean=-14.69 std=1.31) reward(mean=-0.294 std=4.481) clip=50.0
[DEBUG] train_step 4750: starting episode collection
[DEBUG] train_step 4750: episodes collected, starting value_update
[DEBUG] train_step 4750: value_update done, starting policy_update
[DEBUG] train_step 4750: policy_update done
[step 04800] opnorm clamp applied
[step 04800] value_loss=9.067318 policy_loss=0.159808
[step 04800] VALUE_DEBUG: target(mean=-15.02 std=3.28 min=-25.66 max=-6.49) V(s)(mean=-15.16 std=1.18) reward(mean=-1.945 std=6.172) clip=50.0
[step 04800] eval_success_rate=0.000 eval_mean_score=12.100 eval_policy_mode=greedy [solved=0/50, score_range=9.00-15.00/16.0, initial=9.00]
[step 04800] PROGRESS: filled=12.10 violations=0.00 zero_cand=0.00
[step 04800] DEBUG: ep_len=15.7 ep_ret=-14.220 stop_prob=0.000 score_chg=2.0975
[DEBUG] train_step 4800: starting episode collection
[DEBUG] train_step 4800: episodes collected, starting value_update
[DEBUG] train_step 4800: value_update done, starting policy_update
[DEBUG] train_step 4800: policy_update done
[step 04850] value_loss=3.688188 policy_loss=0.163996
[step 04850] VALUE_DEBUG: target(mean=-15.15 std=2.24 min=-22.02 max=-11.93) V(s)(mean=-14.86 std=1.25) reward(mean=-0.859 std=4.117) clip=50.0
[DEBUG] train_step 4850: starting episode collection
[DEBUG] train_step 4850: episodes collected, starting value_update
[DEBUG] train_step 4850: value_update done, starting policy_update
[DEBUG] train_step 4850: policy_update done
[step 04900] opnorm clamp applied
[step 04900] value_loss=4.271830 policy_loss=0.869476
[step 04900] VALUE_DEBUG: target(mean=-14.66 std=2.26 min=-21.08 max=-9.41) V(s)(mean=-15.46 std=1.51) reward(mean=-0.670 std=5.158) clip=50.0
[step 04900] eval_success_rate=0.000 eval_mean_score=12.260 eval_policy_mode=greedy [solved=0/50, score_range=9.00-14.00/16.0, initial=9.00]
[step 04900] PROGRESS: filled=12.26 violations=0.00 zero_cand=0.00
[step 04900] DEBUG: ep_len=15.6 ep_ret=-13.256 stop_prob=0.000 score_chg=2.8000
[DEBUG] train_step 4900: starting episode collection
[DEBUG] train_step 4900: episodes collected, starting value_update
[DEBUG] train_step 4900: value_update done, starting policy_update
[DEBUG] train_step 4900: policy_update done
[step 04950] value_loss=8.934887 policy_loss=1.019420
[step 04950] VALUE_DEBUG: target(mean=-14.57 std=2.94 min=-21.68 max=-4.64) V(s)(mean=-14.31 std=1.04) reward(mean=0.295 std=3.029) clip=50.0
[DEBUG] train_step 4950: starting episode collection
[DEBUG] train_step 4950: episodes collected, starting value_update
[DEBUG] train_step 4950: value_update done, starting policy_update
[DEBUG] train_step 4950: policy_update done
[step 05000] opnorm clamp applied
[step 05000] value_loss=9.016079 policy_loss=1.080655
[step 05000] VALUE_DEBUG: target(mean=-14.99 std=3.15 min=-27.02 max=-5.80) V(s)(mean=-14.21 std=1.44) reward(mean=-1.656 std=5.983) clip=50.0
[step 05000] eval_success_rate=0.000 eval_mean_score=12.240 eval_policy_mode=greedy [solved=0/50, score_range=9.00-14.00/16.0, initial=9.00]
[step 05000] PROGRESS: filled=12.24 violations=0.00 zero_cand=0.00
[step 05000] DEBUG: ep_len=15.5 ep_ret=-12.750 stop_prob=0.000 score_chg=2.7825
[Checkpoint] Saved to buiksat_trm/checkpoints/table3_hard_6to8_controlled_nomask_c_r0_s7/rl_checkpoint_step_5000.pt
[DEBUG] train_step 5000: starting episode collection
[DEBUG] train_step 5000: episodes collected, starting value_update
[DEBUG] train_step 5000: value_update done, starting policy_update
[DEBUG] train_step 5000: policy_update done
[step 05050] value_loss=7.467310 policy_loss=0.457626
[step 05050] VALUE_DEBUG: target(mean=-15.12 std=3.42 min=-24.44 max=-8.06) V(s)(mean=-14.59 std=1.43) reward(mean=-1.270 std=4.726) clip=50.0
[DEBUG] train_step 5050: starting episode collection
[DEBUG] train_step 5050: episodes collected, starting value_update
[DEBUG] train_step 5050: value_update done, starting policy_update
[DEBUG] train_step 5050: policy_update done
[step 05100] opnorm clamp applied
[step 05100] value_loss=13.564787 policy_loss=0.573518
[step 05100] VALUE_DEBUG: target(mean=-14.73 std=3.74 min=-21.88 max=1.84) V(s)(mean=-14.79 std=1.31) reward(mean=-0.137 std=2.343) clip=50.0
[step 05100] eval_success_rate=0.000 eval_mean_score=11.980 eval_policy_mode=greedy [solved=0/50, score_range=9.00-15.00/16.0, initial=9.00]
[step 05100] PROGRESS: filled=11.98 violations=0.00 zero_cand=0.00
[step 05100] DEBUG: ep_len=15.5 ep_ret=-12.324 stop_prob=0.000 score_chg=3.1100
[DEBUG] train_step 5100: starting episode collection
[DEBUG] train_step 5100: episodes collected, starting value_update
[DEBUG] train_step 5100: value_update done, starting policy_update
[DEBUG] train_step 5100: policy_update done
[step 05150] value_loss=8.563749 policy_loss=-0.993353
[step 05150] VALUE_DEBUG: target(mean=-15.08 std=2.95 min=-23.92 max=-8.91) V(s)(mean=-14.22 std=1.37) reward(mean=-0.792 std=3.912) clip=50.0
[DEBUG] train_step 5150: starting episode collection
[DEBUG] train_step 5150: episodes collected, starting value_update
[DEBUG] train_step 5150: value_update done, starting policy_update
[DEBUG] train_step 5150: policy_update done
[step 05200] opnorm clamp applied
[step 05200] value_loss=3.535684 policy_loss=0.334841
[step 05200] VALUE_DEBUG: target(mean=-14.12 std=2.08 min=-16.82 max=-6.09) V(s)(mean=-15.05 std=1.51) reward(mean=-0.361 std=4.342) clip=50.0
[step 05200] eval_success_rate=0.000 eval_mean_score=12.020 eval_policy_mode=greedy [solved=0/50, score_range=9.00-15.00/16.0, initial=9.00]
[step 05200] PROGRESS: filled=12.02 violations=0.00 zero_cand=0.00
[step 05200] DEBUG: ep_len=15.4 ep_ret=-12.740 stop_prob=0.000 score_chg=2.6225
[DEBUG] train_step 5200: starting episode collection
[DEBUG] train_step 5200: episodes collected, starting value_update
[DEBUG] train_step 5200: value_update done, starting policy_update
[DEBUG] train_step 5200: policy_update done
[step 05250] value_loss=11.016791 policy_loss=1.298419
[step 05250] VALUE_DEBUG: target(mean=-13.88 std=3.79 min=-22.16 max=1.84) V(s)(mean=-14.25 std=1.46) reward(mean=-0.259 std=3.569) clip=50.0
[DEBUG] train_step 5250: starting episode collection
[DEBUG] train_step 5250: episodes collected, starting value_update
[DEBUG] train_step 5250: value_update done, starting policy_update
[DEBUG] train_step 5250: policy_update done
[step 05300] opnorm clamp applied
[step 05300] value_loss=11.210896 policy_loss=0.127947
[step 05300] VALUE_DEBUG: target(mean=-14.67 std=3.72 min=-24.75 max=1.84) V(s)(mean=-15.62 std=1.42) reward(mean=-1.523 std=5.000) clip=50.0
[step 05300] eval_success_rate=0.040 eval_mean_score=12.520 eval_policy_mode=greedy [solved=2/50, score_range=9.00-16.00/16.0, initial=9.00]
[step 05300] PROGRESS: filled=12.52 violations=0.00 zero_cand=0.00
[step 05300] DEBUG: ep_len=15.5 ep_ret=-12.813 stop_prob=0.000 score_chg=2.8125
[DEBUG] train_step 5300: starting episode collection
[DEBUG] train_step 5300: episodes collected, starting value_update
[DEBUG] train_step 5300: value_update done, starting policy_update
[DEBUG] train_step 5300: policy_update done
[step 05350] value_loss=2.880017 policy_loss=0.677996
[step 05350] VALUE_DEBUG: target(mean=-14.39 std=2.29 min=-20.56 max=-8.70) V(s)(mean=-14.91 std=1.63) reward(mean=-0.249 std=3.316) clip=50.0
[DEBUG] train_step 5350: starting episode collection
[DEBUG] train_step 5350: episodes collected, starting value_update
[DEBUG] train_step 5350: value_update done, starting policy_update
[DEBUG] train_step 5350: policy_update done
[step 05400] opnorm clamp applied
[step 05400] value_loss=4.320699 policy_loss=-0.036237
[step 05400] VALUE_DEBUG: target(mean=-16.09 std=2.39 min=-21.89 max=-11.75) V(s)(mean=-15.43 std=1.20) reward(mean=-1.165 std=3.341) clip=50.0
[step 05400] eval_success_rate=0.000 eval_mean_score=11.980 eval_policy_mode=greedy [solved=0/50, score_range=9.00-15.00/16.0, initial=9.00]
[step 05400] PROGRESS: filled=11.98 violations=0.00 zero_cand=0.00
[step 05400] DEBUG: ep_len=15.4 ep_ret=-12.244 stop_prob=0.000 score_chg=3.1125
[DEBUG] train_step 5400: starting episode collection
[DEBUG] train_step 5400: episodes collected, starting value_update
[DEBUG] train_step 5400: value_update done, starting policy_update
[DEBUG] train_step 5400: policy_update done
[step 05450] value_loss=12.250590 policy_loss=0.833535
[step 05450] VALUE_DEBUG: target(mean=-13.99 std=4.12 min=-22.12 max=1.84) V(s)(mean=-14.13 std=1.79) reward(mean=-1.395 std=5.249) clip=50.0
[DEBUG] train_step 5450: starting episode collection
[DEBUG] train_step 5450: episodes collected, starting value_update
[DEBUG] train_step 5450: value_update done, starting policy_update
[DEBUG] train_step 5450: policy_update done
[step 05500] opnorm clamp applied
[step 05500] value_loss=7.712698 policy_loss=-0.155836
[step 05500] VALUE_DEBUG: target(mean=-14.36 std=3.29 min=-22.06 max=-7.02) V(s)(mean=-14.90 std=1.55) reward(mean=-1.478 std=4.921) clip=50.0
[step 05500] eval_success_rate=0.000 eval_mean_score=12.640 eval_policy_mode=greedy [solved=0/50, score_range=9.00-15.00/16.0, initial=9.00]
[step 05500] PROGRESS: filled=12.64 violations=0.00 zero_cand=0.00
[step 05500] DEBUG: ep_len=15.4 ep_ret=-12.383 stop_prob=0.000 score_chg=2.9250
[DEBUG] train_step 5500: starting episode collection
[DEBUG] train_step 5500: episodes collected, starting value_update
[DEBUG] train_step 5500: value_update done, starting policy_update
[DEBUG] train_step 5500: policy_update done
[step 05550] value_loss=3.089955 policy_loss=1.042421
[step 05550] VALUE_DEBUG: target(mean=-14.51 std=2.39 min=-19.72 max=-8.63) V(s)(mean=-14.43 std=1.79) reward(mean=-0.609 std=3.358) clip=50.0
[DEBUG] train_step 5550: starting episode collection
[DEBUG] train_step 5550: episodes collected, starting value_update
[DEBUG] train_step 5550: value_update done, starting policy_update
[DEBUG] train_step 5550: policy_update done
[step 05600] opnorm clamp applied
[step 05600] value_loss=5.532104 policy_loss=0.816149
[step 05600] VALUE_DEBUG: target(mean=-14.97 std=2.94 min=-22.93 max=-8.20) V(s)(mean=-14.60 std=1.84) reward(mean=-1.297 std=4.494) clip=50.0
[step 05600] eval_success_rate=0.020 eval_mean_score=12.200 eval_policy_mode=greedy [solved=1/50, score_range=9.00-16.00/16.0, initial=9.00]
[step 05600] PROGRESS: filled=12.20 violations=0.00 zero_cand=0.00
[step 05600] DEBUG: ep_len=15.3 ep_ret=-12.421 stop_prob=0.000 score_chg=2.7525
[DEBUG] train_step 5600: starting episode collection
[DEBUG] train_step 5600: episodes collected, starting value_update
[DEBUG] train_step 5600: value_update done, starting policy_update
[DEBUG] train_step 5600: policy_update done
[step 05650] value_loss=3.861377 policy_loss=-0.182325
[step 05650] VALUE_DEBUG: target(mean=-14.72 std=2.40 min=-20.84 max=-10.15) V(s)(mean=-13.82 std=1.45) reward(mean=-0.704 std=3.313) clip=50.0
[DEBUG] train_step 5650: starting episode collection
[DEBUG] train_step 5650: episodes collected, starting value_update
[DEBUG] train_step 5650: value_update done, starting policy_update
[DEBUG] train_step 5650: policy_update done
[step 05700] opnorm clamp applied
[step 05700] value_loss=1.496049 policy_loss=0.189649
[step 05700] VALUE_DEBUG: target(mean=-14.26 std=1.85 min=-19.94 max=-9.32) V(s)(mean=-14.15 std=1.71) reward(mean=-0.980 std=4.048) clip=50.0
[step 05700] eval_success_rate=0.000 eval_mean_score=11.960 eval_policy_mode=greedy [solved=0/50, score_range=9.00-15.00/16.0, initial=9.00]
[step 05700] PROGRESS: filled=11.96 violations=0.00 zero_cand=0.00
[step 05700] DEBUG: ep_len=15.2 ep_ret=-11.814 stop_prob=0.000 score_chg=3.2450
[DEBUG] train_step 5700: starting episode collection
[DEBUG] train_step 5700: episodes collected, starting value_update
[DEBUG] train_step 5700: value_update done, starting policy_update
[DEBUG] train_step 5700: policy_update done
[step 05750] value_loss=13.010599 policy_loss=0.378131
[step 05750] VALUE_DEBUG: target(mean=-14.48 std=3.85 min=-22.88 max=1.84) V(s)(mean=-14.51 std=1.31) reward(mean=-0.612 std=3.665) clip=50.0
[DEBUG] train_step 5750: starting episode collection
[DEBUG] train_step 5750: episodes collected, starting value_update
[DEBUG] train_step 5750: value_update done, starting policy_update
[DEBUG] train_step 5750: policy_update done
[step 05800] opnorm clamp applied
[step 05800] value_loss=2.911395 policy_loss=1.020923
[step 05800] VALUE_DEBUG: target(mean=-14.18 std=3.09 min=-23.06 max=-3.72) V(s)(mean=-14.27 std=1.90) reward(mean=0.145 std=1.828) clip=50.0
[step 05800] eval_success_rate=0.000 eval_mean_score=12.600 eval_policy_mode=greedy [solved=0/50, score_range=10.00-15.00/16.0, initial=9.00]
[step 05800] PROGRESS: filled=12.60 violations=0.00 zero_cand=0.00
[step 05800] DEBUG: ep_len=15.3 ep_ret=-12.633 stop_prob=0.000 score_chg=2.8750
[DEBUG] train_step 5800: starting episode collection
[DEBUG] train_step 5800: episodes collected, starting value_update
[DEBUG] train_step 5800: value_update done, starting policy_update
[DEBUG] train_step 5800: policy_update done
[step 05850] value_loss=2.323340 policy_loss=0.227490
[step 05850] VALUE_DEBUG: target(mean=-13.61 std=2.39 min=-17.11 max=-6.81) V(s)(mean=-13.70 std=2.25) reward(mean=0.234 std=1.440) clip=50.0
[DEBUG] train_step 5850: starting episode collection
[DEBUG] train_step 5850: episodes collected, starting value_update
[DEBUG] train_step 5850: value_update done, starting policy_update
[DEBUG] train_step 5850: policy_update done
[step 05900] opnorm clamp applied
[step 05900] value_loss=7.563852 policy_loss=0.583894
[step 05900] VALUE_DEBUG: target(mean=-14.89 std=3.23 min=-24.23 max=-7.72) V(s)(mean=-14.24 std=1.91) reward(mean=-1.577 std=5.282) clip=50.0
[step 05900] eval_success_rate=0.040 eval_mean_score=12.760 eval_policy_mode=greedy [solved=2/50, score_range=9.00-16.00/16.0, initial=9.00]
[step 05900] PROGRESS: filled=12.76 violations=0.00 zero_cand=0.00
[step 05900] DEBUG: ep_len=15.1 ep_ret=-11.447 stop_prob=0.000 score_chg=3.3575
[DEBUG] train_step 5900: starting episode collection
[DEBUG] train_step 5900: episodes collected, starting value_update
[DEBUG] train_step 5900: value_update done, starting policy_update
[DEBUG] train_step 5900: policy_update done
[step 05950] value_loss=4.859167 policy_loss=0.158394
[step 05950] VALUE_DEBUG: target(mean=-13.99 std=2.95 min=-18.62 max=-6.07) V(s)(mean=-13.92 std=2.12) reward(mean=-0.921 std=5.248) clip=50.0
[DEBUG] train_step 5950: starting episode collection
[DEBUG] train_step 5950: episodes collected, starting value_update
[DEBUG] train_step 5950: value_update done, starting policy_update
[DEBUG] train_step 5950: policy_update done
[step 06000] opnorm clamp applied
[step 06000] value_loss=4.498519 policy_loss=0.280858
[step 06000] VALUE_DEBUG: target(mean=-14.87 std=2.83 min=-22.10 max=-10.23) V(s)(mean=-14.58 std=2.13) reward(mean=-0.550 std=2.321) clip=50.0
[step 06000] eval_success_rate=0.040 eval_mean_score=12.540 eval_policy_mode=greedy [solved=2/50, score_range=9.00-16.00/16.0, initial=9.00]
[step 06000] PROGRESS: filled=12.54 violations=0.00 zero_cand=0.00
[step 06000] DEBUG: ep_len=15.1 ep_ret=-11.300 stop_prob=0.000 score_chg=3.3375
[Checkpoint] Saved to buiksat_trm/checkpoints/table3_hard_6to8_controlled_nomask_c_r0_s7/rl_checkpoint_step_6000.pt
[DEBUG] train_step 6000: starting episode collection
[DEBUG] train_step 6000: episodes collected, starting value_update
[DEBUG] train_step 6000: value_update done, starting policy_update
[DEBUG] train_step 6000: policy_update done
[step 06050] value_loss=8.550989 policy_loss=0.181078
[step 06050] VALUE_DEBUG: target(mean=-13.52 std=3.26 min=-21.10 max=-8.40) V(s)(mean=-12.82 std=2.18) reward(mean=-2.547 std=6.883) clip=50.0
[DEBUG] train_step 6050: starting episode collection
[DEBUG] train_step 6050: episodes collected, starting value_update
[DEBUG] train_step 6050: value_update done, starting policy_update
[DEBUG] train_step 6050: policy_update done
[step 06100] opnorm clamp applied
[step 06100] value_loss=3.223682 policy_loss=0.929853
[step 06100] VALUE_DEBUG: target(mean=-13.96 std=2.76 min=-22.21 max=-8.66) V(s)(mean=-13.49 std=1.93) reward(mean=-0.523 std=3.385) clip=50.0
[step 06100] eval_success_rate=0.140 eval_mean_score=12.860 eval_policy_mode=greedy [solved=7/50, score_range=9.00-16.00/16.0, initial=9.00]
[step 06100] PROGRESS: filled=12.86 violations=0.00 zero_cand=0.00
[step 06100] DEBUG: ep_len=15.0 ep_ret=-10.971 stop_prob=0.000 score_chg=3.5650
[DEBUG] train_step 6100: starting episode collection
[DEBUG] train_step 6100: episodes collected, starting value_update
[DEBUG] train_step 6100: value_update done, starting policy_update
[DEBUG] train_step 6100: policy_update done
[step 06150] value_loss=8.244011 policy_loss=-1.019870
[step 06150] VALUE_DEBUG: target(mean=-14.16 std=3.37 min=-23.18 max=-6.36) V(s)(mean=-13.90 std=1.94) reward(mean=-0.504 std=3.085) clip=50.0
[DEBUG] train_step 6150: starting episode collection
[DEBUG] train_step 6150: episodes collected, starting value_update
[DEBUG] train_step 6150: value_update done, starting policy_update
[DEBUG] train_step 6150: policy_update done
[step 06200] opnorm clamp applied
[step 06200] value_loss=6.202698 policy_loss=0.212311
[step 06200] VALUE_DEBUG: target(mean=-13.59 std=3.48 min=-17.68 max=1.84) V(s)(mean=-14.06 std=1.92) reward(mean=-0.120 std=3.082) clip=50.0
[step 06200] eval_success_rate=0.180 eval_mean_score=13.300 eval_policy_mode=greedy [solved=9/50, score_range=9.00-16.00/16.0, initial=9.00]
[step 06200] PROGRESS: filled=13.30 violations=0.00 zero_cand=0.00
[step 06200] DEBUG: ep_len=14.9 ep_ret=-10.894 stop_prob=0.000 score_chg=3.4825
[DEBUG] train_step 6200: starting episode collection
[DEBUG] train_step 6200: episodes collected, starting value_update
[DEBUG] train_step 6200: value_update done, starting policy_update
[DEBUG] train_step 6200: policy_update done
[step 06250] value_loss=3.050014 policy_loss=-0.412473
[step 06250] VALUE_DEBUG: target(mean=-12.95 std=2.72 min=-18.99 max=-7.22) V(s)(mean=-13.27 std=2.64) reward(mean=-0.293 std=3.181) clip=50.0
[DEBUG] train_step 6250: starting episode collection
[DEBUG] train_step 6250: episodes collected, starting value_update
[DEBUG] train_step 6250: value_update done, starting policy_update
[DEBUG] train_step 6250: policy_update done
[step 06300] opnorm clamp applied
[step 06300] value_loss=5.166235 policy_loss=-0.292787
[step 06300] VALUE_DEBUG: target(mean=-14.20 std=2.84 min=-20.62 max=-8.59) V(s)(mean=-13.63 std=2.35) reward(mean=-1.045 std=3.291) clip=50.0
[step 06300] eval_success_rate=0.020 eval_mean_score=12.680 eval_policy_mode=greedy [solved=1/50, score_range=9.00-16.00/16.0, initial=9.00]
[step 06300] PROGRESS: filled=12.68 violations=0.00 zero_cand=0.00
[step 06300] DEBUG: ep_len=14.9 ep_ret=-10.652 stop_prob=0.000 score_chg=3.5125
[DEBUG] train_step 6300: starting episode collection
[DEBUG] train_step 6300: episodes collected, starting value_update
[DEBUG] train_step 6300: value_update done, starting policy_update
[DEBUG] train_step 6300: policy_update done
[step 06350] value_loss=0.176037 policy_loss=-0.543388
[step 06350] VALUE_DEBUG: target(mean=-13.03 std=2.70 min=-17.63 max=-7.82) V(s)(mean=-12.86 std=2.76) reward(mean=0.322 std=0.498) clip=50.0
[DEBUG] train_step 6350: starting episode collection
[DEBUG] train_step 6350: episodes collected, starting value_update
[DEBUG] train_step 6350: value_update done, starting policy_update
[DEBUG] train_step 6350: policy_update done
[step 06400] opnorm clamp applied
[step 06400] value_loss=6.681745 policy_loss=-0.078088
[step 06400] VALUE_DEBUG: target(mean=-12.39 std=3.62 min=-18.08 max=0.48) V(s)(mean=-12.83 std=2.53) reward(mean=-0.391 std=4.737) clip=50.0
[step 06400] eval_success_rate=0.040 eval_mean_score=12.720 eval_policy_mode=greedy [solved=2/50, score_range=10.00-16.00/16.0, initial=9.00]
[step 06400] PROGRESS: filled=12.72 violations=0.00 zero_cand=0.00
[step 06400] DEBUG: ep_len=15.2 ep_ret=-12.173 stop_prob=0.000 score_chg=2.8250
[DEBUG] train_step 6400: starting episode collection
[DEBUG] train_step 6400: episodes collected, starting value_update
[DEBUG] train_step 6400: value_update done, starting policy_update
[DEBUG] train_step 6400: policy_update done
[step 06450] value_loss=10.580502 policy_loss=0.534642
[step 06450] VALUE_DEBUG: target(mean=-13.10 std=3.62 min=-17.59 max=1.84) V(s)(mean=-13.57 std=2.12) reward(mean=-0.872 std=5.194) clip=50.0
[DEBUG] train_step 6450: starting episode collection
[DEBUG] train_step 6450: episodes collected, starting value_update
[DEBUG] train_step 6450: value_update done, starting policy_update
[DEBUG] train_step 6450: policy_update done
[step 06500] opnorm clamp applied
[step 06500] value_loss=7.107594 policy_loss=-0.869769
[step 06500] VALUE_DEBUG: target(mean=-13.00 std=4.01 min=-20.04 max=-2.14) V(s)(mean=-14.08 std=2.50) reward(mean=-0.052 std=5.281) clip=50.0
[step 06500] eval_success_rate=0.080 eval_mean_score=13.120 eval_policy_mode=greedy [solved=4/50, score_range=10.00-16.00/16.0, initial=9.00]
[step 06500] PROGRESS: filled=13.12 violations=0.00 zero_cand=0.00
[step 06500] DEBUG: ep_len=14.6 ep_ret=-10.688 stop_prob=0.000 score_chg=3.2425
[DEBUG] train_step 6500: starting episode collection
[DEBUG] train_step 6500: episodes collected, starting value_update
[DEBUG] train_step 6500: value_update done, starting policy_update
[DEBUG] train_step 6500: policy_update done
[step 06550] value_loss=9.146699 policy_loss=-1.646973
[step 06550] VALUE_DEBUG: target(mean=-13.17 std=4.23 min=-21.29 max=1.84) V(s)(mean=-13.21 std=2.71) reward(mean=-1.307 std=5.029) clip=50.0
[DEBUG] train_step 6550: starting episode collection
[DEBUG] train_step 6550: episodes collected, starting value_update
[DEBUG] train_step 6550: value_update done, starting policy_update
[DEBUG] train_step 6550: policy_update done
[step 06600] opnorm clamp applied
[step 06600] value_loss=0.329024 policy_loss=-0.061905
[step 06600] VALUE_DEBUG: target(mean=-13.57 std=2.71 min=-17.65 max=-6.41) V(s)(mean=-13.81 std=2.97) reward(mean=-0.187 std=2.905) clip=50.0
[step 06600] eval_success_rate=0.100 eval_mean_score=13.260 eval_policy_mode=greedy [solved=5/50, score_range=10.00-16.00/16.0, initial=9.00]
[step 06600] PROGRESS: filled=13.26 violations=0.00 zero_cand=0.00
[step 06600] DEBUG: ep_len=14.8 ep_ret=-10.873 stop_prob=0.000 score_chg=3.2650
[DEBUG] train_step 6600: starting episode collection
[DEBUG] train_step 6600: episodes collected, starting value_update
[DEBUG] train_step 6600: value_update done, starting policy_update
[DEBUG] train_step 6600: policy_update done
[step 06650] value_loss=2.576337 policy_loss=0.187616
[step 06650] VALUE_DEBUG: target(mean=-13.07 std=3.34 min=-21.72 max=-6.58) V(s)(mean=-12.92 std=2.87) reward(mean=0.011 std=1.689) clip=50.0
[DEBUG] train_step 6650: starting episode collection
[DEBUG] train_step 6650: episodes collected, starting value_update
[DEBUG] train_step 6650: value_update done, starting policy_update
[DEBUG] train_step 6650: policy_update done
[step 06700] opnorm clamp applied
[step 06700] value_loss=3.160451 policy_loss=0.537340
[step 06700] VALUE_DEBUG: target(mean=-13.57 std=3.24 min=-18.46 max=-3.32) V(s)(mean=-13.76 std=2.79) reward(mean=-0.740 std=4.335) clip=50.0
[step 06700] eval_success_rate=0.040 eval_mean_score=13.020 eval_policy_mode=greedy [solved=2/50, score_range=10.00-16.00/16.0, initial=9.00]
[step 06700] PROGRESS: filled=13.02 violations=0.00 zero_cand=0.00
[step 06700] DEBUG: ep_len=14.7 ep_ret=-10.412 stop_prob=0.000 score_chg=3.3550
[DEBUG] train_step 6700: starting episode collection
[DEBUG] train_step 6700: episodes collected, starting value_update
[DEBUG] train_step 6700: value_update done, starting policy_update
[DEBUG] train_step 6700: policy_update done
[step 06750] value_loss=16.840567 policy_loss=-0.561792
[step 06750] VALUE_DEBUG: target(mean=-12.84 std=4.42 min=-19.53 max=6.84) V(s)(mean=-13.42 std=2.48) reward(mean=-0.640 std=4.383) clip=50.0
[DEBUG] train_step 6750: starting episode collection
[DEBUG] train_step 6750: episodes collected, starting value_update
[DEBUG] train_step 6750: value_update done, starting policy_update
[DEBUG] train_step 6750: policy_update done
[step 06800] opnorm clamp applied
[step 06800] value_loss=5.204763 policy_loss=-0.460361
[step 06800] VALUE_DEBUG: target(mean=-13.67 std=2.96 min=-19.17 max=-6.29) V(s)(mean=-13.51 std=3.19) reward(mean=-1.640 std=4.877) clip=50.0
[step 06800] eval_success_rate=0.120 eval_mean_score=12.740 eval_policy_mode=greedy [solved=6/50, score_range=9.00-16.00/16.0, initial=9.00]
[step 06800] PROGRESS: filled=12.74 violations=0.00 zero_cand=0.00
[step 06800] DEBUG: ep_len=14.9 ep_ret=-10.561 stop_prob=0.000 score_chg=3.5075
[DEBUG] train_step 6800: starting episode collection
[DEBUG] train_step 6800: episodes collected, starting value_update
[DEBUG] train_step 6800: value_update done, starting policy_update
[DEBUG] train_step 6800: policy_update done
[step 06850] value_loss=6.673310 policy_loss=-0.583251
[step 06850] VALUE_DEBUG: target(mean=-13.39 std=3.49 min=-20.39 max=-4.41) V(s)(mean=-12.65 std=2.13) reward(mean=-0.137 std=2.615) clip=50.0
[DEBUG] train_step 6850: starting episode collection
[DEBUG] train_step 6850: episodes collected, starting value_update
[DEBUG] train_step 6850: value_update done, starting policy_update
[DEBUG] train_step 6850: policy_update done
[step 06900] opnorm clamp applied
[step 06900] value_loss=3.795331 policy_loss=0.030393
[step 06900] VALUE_DEBUG: target(mean=-11.55 std=4.41 min=-18.04 max=1.84) V(s)(mean=-11.99 std=3.97) reward(mean=0.469 std=1.112) clip=50.0
[step 06900] eval_success_rate=0.060 eval_mean_score=13.300 eval_policy_mode=greedy [solved=3/50, score_range=10.00-16.00/16.0, initial=9.00]
[step 06900] PROGRESS: filled=13.30 violations=0.00 zero_cand=0.00
[step 06900] DEBUG: ep_len=15.2 ep_ret=-11.744 stop_prob=0.000 score_chg=3.3450
[DEBUG] train_step 6900: starting episode collection
[DEBUG] train_step 6900: episodes collected, starting value_update
[DEBUG] train_step 6900: value_update done, starting policy_update
[DEBUG] train_step 6900: policy_update done
[step 06950] value_loss=7.233713 policy_loss=-0.908005
[step 06950] VALUE_DEBUG: target(mean=-12.93 std=3.73 min=-21.43 max=-6.13) V(s)(mean=-12.63 std=3.00) reward(mean=-0.690 std=3.900) clip=50.0
[DEBUG] train_step 6950: starting episode collection
[DEBUG] train_step 6950: episodes collected, starting value_update
[DEBUG] train_step 6950: value_update done, starting policy_update
[DEBUG] train_step 6950: policy_update done
[step 07000] opnorm clamp applied
[step 07000] value_loss=16.116343 policy_loss=0.260166
[step 07000] VALUE_DEBUG: target(mean=-11.24 std=5.30 min=-17.90 max=6.84) V(s)(mean=-12.52 std=3.26) reward(mean=0.728 std=1.563) clip=50.0
[step 07000] eval_success_rate=0.140 eval_mean_score=13.120 eval_policy_mode=greedy [solved=7/50, score_range=9.00-16.00/16.0, initial=9.00]
[step 07000] PROGRESS: filled=13.12 violations=0.00 zero_cand=0.00
[step 07000] DEBUG: ep_len=14.8 ep_ret=-10.450 stop_prob=0.000 score_chg=3.6225
[Checkpoint] Saved to buiksat_trm/checkpoints/table3_hard_6to8_controlled_nomask_c_r0_s7/rl_checkpoint_step_7000.pt
[DEBUG] train_step 7000: starting episode collection
[DEBUG] train_step 7000: episodes collected, starting value_update
[DEBUG] train_step 7000: value_update done, starting policy_update
[DEBUG] train_step 7000: policy_update done
[step 07050] value_loss=4.253276 policy_loss=-0.244898
[step 07050] VALUE_DEBUG: target(mean=-11.02 std=3.89 min=-18.73 max=-4.14) V(s)(mean=-12.04 std=3.29) reward(mean=0.229 std=3.448) clip=50.0
[DEBUG] train_step 7050: starting episode collection
[DEBUG] train_step 7050: episodes collected, starting value_update
[DEBUG] train_step 7050: value_update done, starting policy_update
[DEBUG] train_step 7050: policy_update done
[step 07100] opnorm clamp applied
[step 07100] value_loss=12.548570 policy_loss=0.089220
[step 07100] VALUE_DEBUG: target(mean=-13.23 std=4.63 min=-21.95 max=-4.28) V(s)(mean=-11.90 std=3.42) reward(mean=-3.139 std=6.374) clip=50.0
[step 07100] eval_success_rate=0.100 eval_mean_score=12.920 eval_policy_mode=greedy [solved=5/50, score_range=9.00-16.00/16.0, initial=9.00]
[step 07100] PROGRESS: filled=12.92 violations=0.00 zero_cand=0.00
[step 07100] DEBUG: ep_len=14.8 ep_ret=-10.494 stop_prob=0.000 score_chg=3.5225
[DEBUG] train_step 7100: starting episode collection
[DEBUG] train_step 7100: episodes collected, starting value_update
[DEBUG] train_step 7100: value_update done, starting policy_update
[DEBUG] train_step 7100: policy_update done
[step 07150] value_loss=6.334670 policy_loss=-1.152301
[step 07150] VALUE_DEBUG: target(mean=-12.48 std=4.40 min=-21.09 max=-4.52) V(s)(mean=-12.73 std=3.94) reward(mean=-0.041 std=4.574) clip=50.0
[DEBUG] train_step 7150: starting episode collection
[DEBUG] train_step 7150: episodes collected, starting value_update
[DEBUG] train_step 7150: value_update done, starting policy_update
[DEBUG] train_step 7150: policy_update done
[step 07200] opnorm clamp applied
[step 07200] value_loss=8.182783 policy_loss=-0.670140
[step 07200] VALUE_DEBUG: target(mean=-11.43 std=4.43 min=-21.51 max=-1.92) V(s)(mean=-12.24 std=3.62) reward(mean=-0.026 std=4.272) clip=50.0
[step 07200] eval_success_rate=0.080 eval_mean_score=13.240 eval_policy_mode=greedy [solved=4/50, score_range=10.00-16.00/16.0, initial=9.00]
[step 07200] PROGRESS: filled=13.24 violations=0.00 zero_cand=0.00
[step 07200] DEBUG: ep_len=15.2 ep_ret=-11.939 stop_prob=0.000 score_chg=3.0675
[DEBUG] train_step 7200: starting episode collection
[DEBUG] train_step 7200: episodes collected, starting value_update
[DEBUG] train_step 7200: value_update done, starting policy_update
[DEBUG] train_step 7200: policy_update done
[step 07250] value_loss=6.063901 policy_loss=-1.473776
[step 07250] VALUE_DEBUG: target(mean=-10.93 std=5.31 min=-18.61 max=1.84) V(s)(mean=-11.75 std=3.93) reward(mean=0.513 std=1.287) clip=50.0
[DEBUG] train_step 7250: starting episode collection
[DEBUG] train_step 7250: episodes collected, starting value_update
[DEBUG] train_step 7250: value_update done, starting policy_update
[DEBUG] train_step 7250: policy_update done
[step 07300] opnorm clamp applied
[step 07300] value_loss=3.344491 policy_loss=0.317016
[step 07300] VALUE_DEBUG: target(mean=-12.22 std=4.32 min=-17.86 max=1.84) V(s)(mean=-12.92 std=3.85) reward(mean=0.286 std=0.549) clip=50.0
[step 07300] eval_success_rate=0.000 eval_mean_score=13.180 eval_policy_mode=greedy [solved=0/50, score_range=10.00-15.00/16.0, initial=9.00]
[step 07300] PROGRESS: filled=13.18 violations=0.00 zero_cand=0.00
[step 07300] DEBUG: ep_len=14.6 ep_ret=-10.301 stop_prob=0.000 score_chg=3.4050
[DEBUG] train_step 7300: starting episode collection
[DEBUG] train_step 7300: episodes collected, starting value_update
[DEBUG] train_step 7300: value_update done, starting policy_update
[DEBUG] train_step 7300: policy_update done
[step 07350] value_loss=18.470055 policy_loss=1.413200
[step 07350] VALUE_DEBUG: target(mean=-11.87 std=5.16 min=-18.63 max=6.84) V(s)(mean=-13.15 std=4.04) reward(mean=0.539 std=1.951) clip=50.0
[DEBUG] train_step 7350: starting episode collection
[DEBUG] train_step 7350: episodes collected, starting value_update
[DEBUG] train_step 7350: value_update done, starting policy_update
[DEBUG] train_step 7350: policy_update done
[step 07400] opnorm clamp applied
[step 07400] value_loss=3.984225 policy_loss=1.046976
[step 07400] VALUE_DEBUG: target(mean=-12.12 std=4.85 min=-24.52 max=-2.63) V(s)(mean=-11.92 std=4.57) reward(mean=-1.303 std=4.373) clip=50.0
[step 07400] eval_success_rate=0.180 eval_mean_score=13.240 eval_policy_mode=greedy [solved=9/50, score_range=10.00-16.00/16.0, initial=9.00]
[step 07400] PROGRESS: filled=13.24 violations=0.00 zero_cand=0.00
[step 07400] DEBUG: ep_len=14.6 ep_ret=-10.125 stop_prob=0.000 score_chg=3.7275
[DEBUG] train_step 7400: starting episode collection
[DEBUG] train_step 7400: episodes collected, starting value_update
[DEBUG] train_step 7400: value_update done, starting policy_update
[DEBUG] train_step 7400: policy_update done
[step 07450] value_loss=5.132098 policy_loss=-0.168906
[step 07450] VALUE_DEBUG: target(mean=-11.69 std=5.35 min=-18.77 max=4.62) V(s)(mean=-11.22 std=4.52) reward(mean=-1.058 std=4.579) clip=50.0
[DEBUG] train_step 7450: starting episode collection
[DEBUG] train_step 7450: episodes collected, starting value_update
[DEBUG] train_step 7450: value_update done, starting policy_update
[DEBUG] train_step 7450: policy_update done
[step 07500] opnorm clamp applied
[step 07500] value_loss=2.257220 policy_loss=0.337179
[step 07500] VALUE_DEBUG: target(mean=-12.33 std=4.92 min=-22.40 max=1.84) V(s)(mean=-12.20 std=3.76) reward(mean=0.201 std=1.122) clip=50.0
[step 07500] eval_success_rate=0.200 eval_mean_score=13.380 eval_policy_mode=greedy [solved=10/50, score_range=10.00-16.00/16.0, initial=9.00]
[step 07500] PROGRESS: filled=13.38 violations=0.00 zero_cand=0.00
[step 07500] DEBUG: ep_len=14.6 ep_ret=-10.320 stop_prob=0.000 score_chg=3.4875
[DEBUG] train_step 7500: starting episode collection
[DEBUG] train_step 7500: episodes collected, starting value_update
[DEBUG] train_step 7500: value_update done, starting policy_update
[DEBUG] train_step 7500: policy_update done
[step 07550] value_loss=3.171343 policy_loss=0.374148
[step 07550] VALUE_DEBUG: target(mean=-12.54 std=4.09 min=-19.58 max=-1.98) V(s)(mean=-12.19 std=3.94) reward(mean=-0.546 std=3.371) clip=50.0
[DEBUG] train_step 7550: starting episode collection
[DEBUG] train_step 7550: episodes collected, starting value_update
[DEBUG] train_step 7550: value_update done, starting policy_update
[DEBUG] train_step 7550: policy_update done
[step 07600] opnorm clamp applied
[step 07600] value_loss=5.545598 policy_loss=1.504200
[step 07600] VALUE_DEBUG: target(mean=-13.56 std=3.74 min=-20.67 max=-2.17) V(s)(mean=-13.10 std=2.91) reward(mean=-1.142 std=4.522) clip=50.0
[step 07600] eval_success_rate=0.100 eval_mean_score=13.080 eval_policy_mode=greedy [solved=5/50, score_range=9.00-16.00/16.0, initial=9.00]
[step 07600] PROGRESS: filled=13.08 violations=0.00 zero_cand=0.00
[step 07600] DEBUG: ep_len=14.5 ep_ret=-9.977 stop_prob=0.000 score_chg=3.7850
[DEBUG] train_step 7600: starting episode collection
[DEBUG] train_step 7600: episodes collected, starting value_update
[DEBUG] train_step 7600: value_update done, starting policy_update
[DEBUG] train_step 7600: policy_update done
[step 07650] value_loss=4.708590 policy_loss=-0.047622
[step 07650] VALUE_DEBUG: target(mean=-12.57 std=4.70 min=-17.83 max=-0.76) V(s)(mean=-13.32 std=4.08) reward(mean=0.153 std=3.448) clip=50.0
[DEBUG] train_step 7650: starting episode collection
[DEBUG] train_step 7650: episodes collected, starting value_update
[DEBUG] train_step 7650: value_update done, starting policy_update
[DEBUG] train_step 7650: policy_update done
[step 07700] opnorm clamp applied
[step 07700] value_loss=5.673781 policy_loss=0.171634
[step 07700] VALUE_DEBUG: target(mean=-12.23 std=5.88 min=-22.75 max=-0.04) V(s)(mean=-11.68 std=4.86) reward(mean=-0.488 std=3.673) clip=50.0
[step 07700] eval_success_rate=0.200 eval_mean_score=13.640 eval_policy_mode=greedy [solved=10/50, score_range=10.00-16.00/16.0, initial=9.00]
[step 07700] PROGRESS: filled=13.64 violations=0.00 zero_cand=0.00
[step 07700] DEBUG: ep_len=14.5 ep_ret=-9.699 stop_prob=0.000 score_chg=3.6750
[DEBUG] train_step 7700: starting episode collection
[DEBUG] train_step 7700: episodes collected, starting value_update
[DEBUG] train_step 7700: value_update done, starting policy_update
[DEBUG] train_step 7700: policy_update done
[step 07750] value_loss=2.089809 policy_loss=0.508056
[step 07750] VALUE_DEBUG: target(mean=-14.11 std=2.07 min=-19.57 max=-10.60) V(s)(mean=-13.97 std=2.02) reward(mean=0.069 std=1.626) clip=50.0
[DEBUG] train_step 7750: starting episode collection
[DEBUG] train_step 7750: episodes collected, starting value_update
[DEBUG] train_step 7750: value_update done, starting policy_update
[DEBUG] train_step 7750: policy_update done
[step 07800] opnorm clamp applied
[step 07800] value_loss=2.936329 policy_loss=-0.357213
[step 07800] VALUE_DEBUG: target(mean=-12.80 std=4.15 min=-17.45 max=-0.16) V(s)(mean=-12.32 std=4.06) reward(mean=-1.917 std=4.871) clip=50.0
[step 07800] eval_success_rate=0.240 eval_mean_score=13.780 eval_policy_mode=greedy [solved=12/50, score_range=10.00-16.00/16.0, initial=9.00]
[step 07800] PROGRESS: filled=13.78 violations=0.00 zero_cand=0.00
[step 07800] DEBUG: ep_len=14.2 ep_ret=-9.151 stop_prob=0.000 score_chg=3.7750
[DEBUG] train_step 7800: starting episode collection
[DEBUG] train_step 7800: episodes collected, starting value_update
[DEBUG] train_step 7800: value_update done, starting policy_update
[DEBUG] train_step 7800: policy_update done
[step 07850] value_loss=8.231012 policy_loss=0.484775
[step 07850] VALUE_DEBUG: target(mean=-13.32 std=4.12 min=-19.94 max=-1.81) V(s)(mean=-11.99 std=3.88) reward(mean=-1.010 std=3.821) clip=50.0
[DEBUG] train_step 7850: starting episode collection
[DEBUG] train_step 7850: episodes collected, starting value_update
[DEBUG] train_step 7850: value_update done, starting policy_update
[DEBUG] train_step 7850: policy_update done
[step 07900] opnorm clamp applied
[step 07900] value_loss=8.223887 policy_loss=0.735219
[step 07900] VALUE_DEBUG: target(mean=-11.73 std=5.27 min=-20.96 max=3.37) V(s)(mean=-12.38 std=4.43) reward(mean=-0.394 std=4.801) clip=50.0
[step 07900] eval_success_rate=0.160 eval_mean_score=13.240 eval_policy_mode=greedy [solved=8/50, score_range=10.00-16.00/16.0, initial=9.00]
[step 07900] PROGRESS: filled=13.24 violations=0.00 zero_cand=0.00
[step 07900] DEBUG: ep_len=14.2 ep_ret=-8.441 stop_prob=0.000 score_chg=4.1650
[DEBUG] train_step 7900: starting episode collection
[DEBUG] train_step 7900: episodes collected, starting value_update
[DEBUG] train_step 7900: value_update done, starting policy_update
[DEBUG] train_step 7900: policy_update done
[step 07950] value_loss=8.600861 policy_loss=-0.490395
[step 07950] VALUE_DEBUG: target(mean=-10.76 std=6.57 min=-19.78 max=1.88) V(s)(mean=-11.33 std=5.61) reward(mean=0.828 std=3.045) clip=50.0
[DEBUG] train_step 7950: starting episode collection
[DEBUG] train_step 7950: episodes collected, starting value_update
[DEBUG] train_step 7950: value_update done, starting policy_update
[DEBUG] train_step 7950: policy_update done
[step 08000] opnorm clamp applied
[step 08000] value_loss=11.081717 policy_loss=-0.381028
[step 08000] VALUE_DEBUG: target(mean=-13.05 std=6.20 min=-22.08 max=0.40) V(s)(mean=-11.87 std=4.67) reward(mean=-1.732 std=5.499) clip=50.0
[step 08000] eval_success_rate=0.160 eval_mean_score=13.600 eval_policy_mode=greedy [solved=8/50, score_range=9.00-16.00/16.0, initial=9.00]
[step 08000] PROGRESS: filled=13.60 violations=0.00 zero_cand=0.00
[step 08000] DEBUG: ep_len=14.0 ep_ret=-8.199 stop_prob=0.000 score_chg=4.2175
[Checkpoint] Saved to buiksat_trm/checkpoints/table3_hard_6to8_controlled_nomask_c_r0_s7/rl_checkpoint_step_8000.pt
[DEBUG] train_step 8000: starting episode collection
[DEBUG] train_step 8000: episodes collected, starting value_update
[DEBUG] train_step 8000: value_update done, starting policy_update
[DEBUG] train_step 8000: policy_update done
[step 08050] value_loss=15.954000 policy_loss=-0.051768
[step 08050] VALUE_DEBUG: target(mean=-11.04 std=6.31 min=-20.80 max=6.84) V(s)(mean=-11.36 std=4.82) reward(mean=-0.214 std=3.521) clip=50.0
[DEBUG] train_step 8050: starting episode collection
[DEBUG] train_step 8050: episodes collected, starting value_update
[DEBUG] train_step 8050: value_update done, starting policy_update
[DEBUG] train_step 8050: policy_update done
[step 08100] opnorm clamp applied
[step 08100] value_loss=5.560928 policy_loss=0.082849
[step 08100] VALUE_DEBUG: target(mean=-11.97 std=5.49 min=-22.17 max=1.84) V(s)(mean=-11.49 std=4.47) reward(mean=-0.048 std=1.949) clip=50.0
[step 08100] eval_success_rate=0.200 eval_mean_score=13.220 eval_policy_mode=greedy [solved=10/50, score_range=10.00-16.00/16.0, initial=9.00]
[step 08100] PROGRESS: filled=13.22 violations=0.00 zero_cand=0.00
[step 08100] DEBUG: ep_len=14.4 ep_ret=-9.130 stop_prob=0.000 score_chg=4.2525
[DEBUG] train_step 8100: starting episode collection
[DEBUG] train_step 8100: episodes collected, starting value_update
[DEBUG] train_step 8100: value_update done, starting policy_update
[DEBUG] train_step 8100: policy_update done
[step 08150] value_loss=8.693545 policy_loss=0.944613
[step 08150] VALUE_DEBUG: target(mean=-11.56 std=6.01 min=-21.08 max=-0.14) V(s)(mean=-11.22 std=4.86) reward(mean=-1.288 std=4.960) clip=50.0
[DEBUG] train_step 8150: starting episode collection
[DEBUG] train_step 8150: episodes collected, starting value_update
[DEBUG] train_step 8150: value_update done, starting policy_update
[DEBUG] train_step 8150: policy_update done
[step 08200] opnorm clamp applied
[step 08200] value_loss=7.341270 policy_loss=-0.708765
[step 08200] VALUE_DEBUG: target(mean=-12.28 std=5.33 min=-21.48 max=5.39) V(s)(mean=-12.67 std=3.70) reward(mean=-1.865 std=6.267) clip=50.0
[step 08200] eval_success_rate=0.200 eval_mean_score=13.460 eval_policy_mode=greedy [solved=10/50, score_range=10.00-16.00/16.0, initial=9.00]
[step 08200] PROGRESS: filled=13.46 violations=0.00 zero_cand=0.00
[step 08200] DEBUG: ep_len=14.3 ep_ret=-9.059 stop_prob=0.000 score_chg=3.8975
[DEBUG] train_step 8200: starting episode collection
[DEBUG] train_step 8200: episodes collected, starting value_update
[DEBUG] train_step 8200: value_update done, starting policy_update
[DEBUG] train_step 8200: policy_update done
[step 08250] value_loss=3.135248 policy_loss=1.744081
[step 08250] VALUE_DEBUG: target(mean=-11.03 std=6.05 min=-21.09 max=1.80) V(s)(mean=-10.49 std=5.85) reward(mean=-1.235 std=4.701) clip=50.0
[DEBUG] train_step 8250: starting episode collection
[DEBUG] train_step 8250: episodes collected, starting value_update
[DEBUG] train_step 8250: value_update done, starting policy_update
[DEBUG] train_step 8250: policy_update done
[step 08300] opnorm clamp applied
[step 08300] value_loss=8.254554 policy_loss=0.234940
[step 08300] VALUE_DEBUG: target(mean=-9.26 std=6.69 min=-17.62 max=8.51) V(s)(mean=-9.33 std=5.89) reward(mean=0.199 std=2.538) clip=50.0
[step 08300] eval_success_rate=0.280 eval_mean_score=13.780 eval_policy_mode=greedy [solved=14/50, score_range=10.00-16.00/16.0, initial=9.00]
[step 08300] PROGRESS: filled=13.78 violations=0.00 zero_cand=0.00
[step 08300] DEBUG: ep_len=14.2 ep_ret=-9.475 stop_prob=0.000 score_chg=3.8725
[DEBUG] train_step 8300: starting episode collection
[DEBUG] train_step 8300: episodes collected, starting value_update
[DEBUG] train_step 8300: value_update done, starting policy_update
[DEBUG] train_step 8300: policy_update done
[step 08350] value_loss=6.009929 policy_loss=-0.255085
[step 08350] VALUE_DEBUG: target(mean=-11.84 std=6.18 min=-22.84 max=6.84) V(s)(mean=-12.23 std=4.83) reward(mean=-1.122 std=5.835) clip=50.0
[DEBUG] train_step 8350: starting episode collection
[DEBUG] train_step 8350: episodes collected, starting value_update
[DEBUG] train_step 8350: value_update done, starting policy_update
[DEBUG] train_step 8350: policy_update done
[step 08400] opnorm clamp applied
[step 08400] value_loss=13.329315 policy_loss=-0.164544
[step 08400] VALUE_DEBUG: target(mean=-12.51 std=6.46 min=-24.74 max=6.84) V(s)(mean=-11.89 std=4.99) reward(mean=-0.733 std=4.574) clip=50.0
[step 08400] eval_success_rate=0.180 eval_mean_score=13.540 eval_policy_mode=greedy [solved=9/50, score_range=9.00-16.00/16.0, initial=9.00]
[step 08400] PROGRESS: filled=13.54 violations=0.00 zero_cand=0.00
[step 08400] DEBUG: ep_len=14.0 ep_ret=-8.374 stop_prob=0.000 score_chg=4.2275
[DEBUG] train_step 8400: starting episode collection
[DEBUG] train_step 8400: episodes collected, starting value_update
[DEBUG] train_step 8400: value_update done, starting policy_update
[DEBUG] train_step 8400: policy_update done
[step 08450] value_loss=13.196386 policy_loss=-0.857273
[step 08450] VALUE_DEBUG: target(mean=-12.68 std=5.21 min=-21.44 max=1.63) V(s)(mean=-11.59 std=5.16) reward(mean=-1.677 std=4.942) clip=50.0
[DEBUG] train_step 8450: starting episode collection
[DEBUG] train_step 8450: episodes collected, starting value_update
[DEBUG] train_step 8450: value_update done, starting policy_update
[DEBUG] train_step 8450: policy_update done
[step 08500] opnorm clamp applied
[step 08500] value_loss=12.089879 policy_loss=0.221506
[step 08500] VALUE_DEBUG: target(mean=-12.50 std=7.71 min=-26.05 max=1.82) V(s)(mean=-12.50 std=6.60) reward(mean=-2.256 std=6.147) clip=50.0
[step 08500] eval_success_rate=0.240 eval_mean_score=13.840 eval_policy_mode=greedy [solved=12/50, score_range=10.00-16.00/16.0, initial=9.00]
[step 08500] PROGRESS: filled=13.84 violations=0.00 zero_cand=0.00
[step 08500] DEBUG: ep_len=14.0 ep_ret=-8.444 stop_prob=0.000 score_chg=4.0775
[DEBUG] train_step 8500: starting episode collection
[DEBUG] train_step 8500: episodes collected, starting value_update
[DEBUG] train_step 8500: value_update done, starting policy_update
[DEBUG] train_step 8500: policy_update done
[step 08550] value_loss=7.090333 policy_loss=-0.980661
[step 08550] VALUE_DEBUG: target(mean=-12.09 std=6.28 min=-22.07 max=1.97) V(s)(mean=-12.05 std=6.21) reward(mean=-1.274 std=5.296) clip=50.0
[DEBUG] train_step 8550: starting episode collection
[DEBUG] train_step 8550: episodes collected, starting value_update
[DEBUG] train_step 8550: value_update done, starting policy_update
[DEBUG] train_step 8550: policy_update done
[step 08600] opnorm clamp applied
[step 08600] value_loss=2.616652 policy_loss=0.279540
[step 08600] VALUE_DEBUG: target(mean=-12.32 std=5.46 min=-19.38 max=2.03) V(s)(mean=-12.34 std=4.47) reward(mean=-0.712 std=4.132) clip=50.0
[step 08600] eval_success_rate=0.240 eval_mean_score=13.360 eval_policy_mode=greedy [solved=12/50, score_range=10.00-16.00/16.0, initial=9.00]
[step 08600] PROGRESS: filled=13.36 violations=0.00 zero_cand=0.00
[step 08600] DEBUG: ep_len=14.3 ep_ret=-9.271 stop_prob=0.000 score_chg=3.9950
[DEBUG] train_step 8600: starting episode collection
[DEBUG] train_step 8600: episodes collected, starting value_update
[DEBUG] train_step 8600: value_update done, starting policy_update
[DEBUG] train_step 8600: policy_update done
[step 08650] value_loss=7.006618 policy_loss=0.248190
[step 08650] VALUE_DEBUG: target(mean=-10.59 std=7.71 min=-20.47 max=7.04) V(s)(mean=-11.33 std=6.32) reward(mean=-0.578 std=4.275) clip=50.0
[DEBUG] train_step 8650: starting episode collection
[DEBUG] train_step 8650: episodes collected, starting value_update
[DEBUG] train_step 8650: value_update done, starting policy_update
[DEBUG] train_step 8650: policy_update done
[step 08700] opnorm clamp applied
[step 08700] value_loss=5.786374 policy_loss=0.121740
[step 08700] VALUE_DEBUG: target(mean=-10.66 std=7.63 min=-22.51 max=7.14) V(s)(mean=-10.63 std=6.26) reward(mean=0.015 std=2.717) clip=50.0
[step 08700] eval_success_rate=0.240 eval_mean_score=13.580 eval_policy_mode=greedy [solved=12/50, score_range=9.00-16.00/16.0, initial=9.00]
[step 08700] PROGRESS: filled=13.58 violations=0.00 zero_cand=0.00
[step 08700] DEBUG: ep_len=14.0 ep_ret=-9.027 stop_prob=0.000 score_chg=4.0175
[DEBUG] train_step 8700: starting episode collection
[DEBUG] train_step 8700: episodes collected, starting value_update
[DEBUG] train_step 8700: value_update done, starting policy_update
[DEBUG] train_step 8700: policy_update done
[step 08750] value_loss=4.323207 policy_loss=0.197211
[step 08750] VALUE_DEBUG: target(mean=-10.70 std=6.97 min=-22.82 max=2.22) V(s)(mean=-10.28 std=6.27) reward(mean=-0.058 std=2.494) clip=50.0
[DEBUG] train_step 8750: starting episode collection
[DEBUG] train_step 8750: episodes collected, starting value_update
[DEBUG] train_step 8750: value_update done, starting policy_update
[DEBUG] train_step 8750: policy_update done
[step 08800] opnorm clamp applied
[step 08800] value_loss=3.172132 policy_loss=0.118019
[step 08800] VALUE_DEBUG: target(mean=-11.39 std=6.52 min=-17.49 max=2.35) V(s)(mean=-11.52 std=5.81) reward(mean=-0.312 std=3.107) clip=50.0
[step 08800] eval_success_rate=0.280 eval_mean_score=13.700 eval_policy_mode=greedy [solved=14/50, score_range=10.00-16.00/16.0, initial=9.00]
[step 08800] PROGRESS: filled=13.70 violations=0.00 zero_cand=0.00
[step 08800] DEBUG: ep_len=14.2 ep_ret=-9.345 stop_prob=0.000 score_chg=3.7775
[DEBUG] train_step 8800: starting episode collection
[DEBUG] train_step 8800: episodes collected, starting value_update
[DEBUG] train_step 8800: value_update done, starting policy_update
[DEBUG] train_step 8800: policy_update done
[step 08850] value_loss=5.680105 policy_loss=-0.754778
[step 08850] VALUE_DEBUG: target(mean=-10.66 std=7.81 min=-24.33 max=2.58) V(s)(mean=-10.67 std=7.64) reward(mean=-0.741 std=2.633) clip=50.0
[DEBUG] train_step 8850: starting episode collection
[DEBUG] train_step 8850: episodes collected, starting value_update
[DEBUG] train_step 8850: value_update done, starting policy_update
[DEBUG] train_step 8850: policy_update done
[step 08900] opnorm clamp applied
[step 08900] value_loss=3.161853 policy_loss=-0.484381
[step 08900] VALUE_DEBUG: target(mean=-12.23 std=5.80 min=-21.48 max=2.67) V(s)(mean=-11.95 std=5.18) reward(mean=-0.923 std=3.391) clip=50.0
[step 08900] eval_success_rate=0.260 eval_mean_score=13.800 eval_policy_mode=greedy [solved=13/50, score_range=11.00-16.00/16.0, initial=9.00]
[step 08900] PROGRESS: filled=13.80 violations=0.00 zero_cand=0.00
[step 08900] DEBUG: ep_len=13.9 ep_ret=-8.598 stop_prob=0.000 score_chg=4.0025
[DEBUG] train_step 8900: starting episode collection
[DEBUG] train_step 8900: episodes collected, starting value_update
[DEBUG] train_step 8900: value_update done, starting policy_update
[DEBUG] train_step 8900: policy_update done
[step 08950] value_loss=14.779388 policy_loss=0.645932
[step 08950] VALUE_DEBUG: target(mean=-11.78 std=4.75 min=-19.82 max=2.97) V(s)(mean=-11.69 std=5.21) reward(mean=-0.144 std=4.028) clip=50.0
[DEBUG] train_step 8950: starting episode collection
[DEBUG] train_step 8950: episodes collected, starting value_update
[DEBUG] train_step 8950: value_update done, starting policy_update
[DEBUG] train_step 8950: policy_update done
[step 09000] opnorm clamp applied
[step 09000] value_loss=2.523180 policy_loss=-0.462800
[step 09000] VALUE_DEBUG: target(mean=-12.19 std=6.61 min=-21.65 max=3.13) V(s)(mean=-11.75 std=6.23) reward(mean=-2.184 std=5.513) clip=50.0
[step 09000] eval_success_rate=0.300 eval_mean_score=13.880 eval_policy_mode=greedy [solved=15/50, score_range=9.00-16.00/16.0, initial=9.00]
[step 09000] PROGRESS: filled=13.88 violations=0.00 zero_cand=0.00
[step 09000] DEBUG: ep_len=13.8 ep_ret=-8.767 stop_prob=0.000 score_chg=3.7475
[Checkpoint] Saved to buiksat_trm/checkpoints/table3_hard_6to8_controlled_nomask_c_r0_s7/rl_checkpoint_step_9000.pt
[DEBUG] train_step 9000: starting episode collection
[DEBUG] train_step 9000: episodes collected, starting value_update
[DEBUG] train_step 9000: value_update done, starting policy_update
[DEBUG] train_step 9000: policy_update done
[step 09050] value_loss=6.593567 policy_loss=0.292266
[step 09050] VALUE_DEBUG: target(mean=-11.94 std=6.79 min=-23.60 max=2.30) V(s)(mean=-11.65 std=6.13) reward(mean=-0.636 std=3.443) clip=50.0
[DEBUG] train_step 9050: starting episode collection
[DEBUG] train_step 9050: episodes collected, starting value_update
[DEBUG] train_step 9050: value_update done, starting policy_update
[DEBUG] train_step 9050: policy_update done
[step 09100] opnorm clamp applied
[step 09100] value_loss=3.117110 policy_loss=0.150070
[step 09100] VALUE_DEBUG: target(mean=-10.83 std=5.78 min=-21.23 max=3.45) V(s)(mean=-10.63 std=5.71) reward(mean=-1.386 std=5.131) clip=50.0
[step 09100] eval_success_rate=0.300 eval_mean_score=14.020 eval_policy_mode=greedy [solved=15/50, score_range=10.00-16.00/16.0, initial=9.00]
[step 09100] PROGRESS: filled=14.02 violations=0.00 zero_cand=0.00
[step 09100] DEBUG: ep_len=13.7 ep_ret=-7.763 stop_prob=0.000 score_chg=4.2175
[DEBUG] train_step 9100: starting episode collection
[DEBUG] train_step 9100: episodes collected, starting value_update
[DEBUG] train_step 9100: value_update done, starting policy_update
[DEBUG] train_step 9100: policy_update done
[step 09150] value_loss=7.434416 policy_loss=-0.446078
[step 09150] VALUE_DEBUG: target(mean=-11.61 std=6.60 min=-26.71 max=2.44) V(s)(mean=-11.46 std=5.58) reward(mean=0.326 std=2.895) clip=50.0
[DEBUG] train_step 9150: starting episode collection
[DEBUG] train_step 9150: episodes collected, starting value_update
[DEBUG] train_step 9150: value_update done, starting policy_update
[DEBUG] train_step 9150: policy_update done
[step 09200] opnorm clamp applied
[step 09200] value_loss=3.521865 policy_loss=0.688636
[step 09200] VALUE_DEBUG: target(mean=-10.10 std=7.65 min=-22.58 max=3.36) V(s)(mean=-9.72 std=7.24) reward(mean=-0.181 std=2.141) clip=50.0
[step 09200] eval_success_rate=0.280 eval_mean_score=13.700 eval_policy_mode=greedy [solved=14/50, score_range=9.00-16.00/16.0, initial=9.00]
[step 09200] PROGRESS: filled=13.70 violations=0.00 zero_cand=0.00
[step 09200] DEBUG: ep_len=13.9 ep_ret=-8.726 stop_prob=0.000 score_chg=3.9025
[DEBUG] train_step 9200: starting episode collection
[DEBUG] train_step 9200: episodes collected, starting value_update
[DEBUG] train_step 9200: value_update done, starting policy_update
[DEBUG] train_step 9200: policy_update done
[step 09250] value_loss=2.684324 policy_loss=-0.984721
[step 09250] VALUE_DEBUG: target(mean=-11.41 std=5.52 min=-17.47 max=2.90) V(s)(mean=-11.44 std=5.44) reward(mean=0.225 std=1.852) clip=50.0
[DEBUG] train_step 9250: starting episode collection
[DEBUG] train_step 9250: episodes collected, starting value_update
[DEBUG] train_step 9250: value_update done, starting policy_update
[DEBUG] train_step 9250: policy_update done
[step 09300] opnorm clamp applied
[step 09300] value_loss=8.840201 policy_loss=-0.405140
[step 09300] VALUE_DEBUG: target(mean=-10.59 std=7.85 min=-24.66 max=3.20) V(s)(mean=-11.02 std=7.09) reward(mean=-0.023 std=2.807) clip=50.0
[step 09300] eval_success_rate=0.280 eval_mean_score=13.460 eval_policy_mode=greedy [solved=14/50, score_range=9.00-16.00/16.0, initial=9.00]
[step 09300] PROGRESS: filled=13.46 violations=0.00 zero_cand=0.00
[step 09300] DEBUG: ep_len=13.6 ep_ret=-7.757 stop_prob=0.000 score_chg=4.0375
[DEBUG] train_step 9300: starting episode collection
[DEBUG] train_step 9300: episodes collected, starting value_update
[DEBUG] train_step 9300: value_update done, starting policy_update
[DEBUG] train_step 9300: policy_update done
[step 09350] value_loss=6.254986 policy_loss=0.169048
[step 09350] VALUE_DEBUG: target(mean=-10.94 std=7.49 min=-22.84 max=3.90) V(s)(mean=-10.67 std=6.60) reward(mean=-1.832 std=5.794) clip=50.0
[DEBUG] train_step 9350: starting episode collection
[DEBUG] train_step 9350: episodes collected, starting value_update
[DEBUG] train_step 9350: value_update done, starting policy_update
[DEBUG] train_step 9350: policy_update done
[step 09400] opnorm clamp applied
[step 09400] value_loss=9.441101 policy_loss=0.681592
[step 09400] VALUE_DEBUG: target(mean=-13.69 std=5.99 min=-25.99 max=1.84) V(s)(mean=-13.06 std=4.80) reward(mean=-2.394 std=6.339) clip=50.0
[step 09400] eval_success_rate=0.280 eval_mean_score=13.720 eval_policy_mode=greedy [solved=14/50, score_range=10.00-16.00/16.0, initial=9.00]
[step 09400] PROGRESS: filled=13.72 violations=0.00 zero_cand=0.00
[step 09400] DEBUG: ep_len=14.1 ep_ret=-9.084 stop_prob=0.000 score_chg=3.8875
[DEBUG] train_step 9400: starting episode collection
[DEBUG] train_step 9400: episodes collected, starting value_update
[DEBUG] train_step 9400: value_update done, starting policy_update
[DEBUG] train_step 9400: policy_update done
[step 09450] value_loss=10.246797 policy_loss=0.426353
[step 09450] VALUE_DEBUG: target(mean=-11.88 std=7.16 min=-22.85 max=11.21) V(s)(mean=-11.11 std=4.93) reward(mean=-0.248 std=3.900) clip=50.0
[DEBUG] train_step 9450: starting episode collection
[DEBUG] train_step 9450: episodes collected, starting value_update
[DEBUG] train_step 9450: value_update done, starting policy_update
[DEBUG] train_step 9450: policy_update done
[step 09500] opnorm clamp applied
[step 09500] value_loss=4.145259 policy_loss=0.568329
[step 09500] VALUE_DEBUG: target(mean=-10.02 std=8.02 min=-17.90 max=8.44) V(s)(mean=-9.68 std=7.14) reward(mean=-0.527 std=4.433) clip=50.0
[step 09500] eval_success_rate=0.320 eval_mean_score=13.560 eval_policy_mode=greedy [solved=16/50, score_range=9.00-16.00/16.0, initial=9.00]
[step 09500] PROGRESS: filled=13.56 violations=0.00 zero_cand=0.00
[step 09500] DEBUG: ep_len=13.5 ep_ret=-7.200 stop_prob=0.000 score_chg=4.3950
[DEBUG] train_step 9500: starting episode collection
[DEBUG] train_step 9500: episodes collected, starting value_update
[DEBUG] train_step 9500: value_update done, starting policy_update
[DEBUG] train_step 9500: policy_update done
[step 09550] value_loss=6.010627 policy_loss=-0.463695
[step 09550] VALUE_DEBUG: target(mean=-12.38 std=5.52 min=-18.56 max=5.31) V(s)(mean=-12.85 std=5.66) reward(mean=-0.114 std=3.945) clip=50.0
[DEBUG] train_step 9550: starting episode collection
[DEBUG] train_step 9550: episodes collected, starting value_update
[DEBUG] train_step 9550: value_update done, starting policy_update
[DEBUG] train_step 9550: policy_update done
[step 09600] opnorm clamp applied
[step 09600] value_loss=0.985286 policy_loss=-0.700303
[step 09600] VALUE_DEBUG: target(mean=-12.19 std=5.69 min=-17.02 max=4.26) V(s)(mean=-12.36 std=5.61) reward(mean=-0.588 std=4.078) clip=50.0
[step 09600] eval_success_rate=0.280 eval_mean_score=13.700 eval_policy_mode=greedy [solved=14/50, score_range=9.00-16.00/16.0, initial=9.00]
[step 09600] PROGRESS: filled=13.70 violations=0.00 zero_cand=0.00
[step 09600] DEBUG: ep_len=13.5 ep_ret=-7.717 stop_prob=0.000 score_chg=3.9950
[DEBUG] train_step 9600: starting episode collection
[DEBUG] train_step 9600: episodes collected, starting value_update
[DEBUG] train_step 9600: value_update done, starting policy_update
[DEBUG] train_step 9600: policy_update done
[step 09650] value_loss=2.449870 policy_loss=-0.113573
[step 09650] VALUE_DEBUG: target(mean=-13.22 std=6.04 min=-22.15 max=4.22) V(s)(mean=-13.11 std=5.83) reward(mean=-0.680 std=3.146) clip=50.0
[DEBUG] train_step 9650: starting episode collection
[DEBUG] train_step 9650: episodes collected, starting value_update
[DEBUG] train_step 9650: value_update done, starting policy_update
[DEBUG] train_step 9650: policy_update done
[step 09700] opnorm clamp applied
[step 09700] value_loss=5.123318 policy_loss=-1.457931
[step 09700] VALUE_DEBUG: target(mean=-12.76 std=5.91 min=-26.68 max=4.79) V(s)(mean=-12.94 std=5.15) reward(mean=-0.648 std=3.674) clip=50.0
[step 09700] eval_success_rate=0.360 eval_mean_score=13.780 eval_policy_mode=greedy [solved=18/50, score_range=9.00-16.00/16.0, initial=9.00]
[step 09700] PROGRESS: filled=13.78 violations=0.00 zero_cand=0.00
[step 09700] DEBUG: ep_len=13.4 ep_ret=-7.282 stop_prob=0.000 score_chg=4.0475
[DEBUG] train_step 9700: starting episode collection
[DEBUG] train_step 9700: episodes collected, starting value_update
[DEBUG] train_step 9700: value_update done, starting policy_update
[DEBUG] train_step 9700: policy_update done
[step 09750] value_loss=7.712472 policy_loss=-0.851230
[step 09750] VALUE_DEBUG: target(mean=-13.87 std=4.63 min=-20.82 max=4.94) V(s)(mean=-13.06 std=3.78) reward(mean=-1.023 std=4.680) clip=50.0
[DEBUG] train_step 9750: starting episode collection
[DEBUG] train_step 9750: episodes collected, starting value_update
[DEBUG] train_step 9750: value_update done, starting policy_update
[DEBUG] train_step 9750: policy_update done
[step 09800] opnorm clamp applied
[step 09800] value_loss=5.335385 policy_loss=0.096242
[step 09800] VALUE_DEBUG: target(mean=-10.47 std=7.66 min=-21.25 max=5.14) V(s)(mean=-10.87 std=6.79) reward(mean=-0.395 std=4.934) clip=50.0
[step 09800] eval_success_rate=0.280 eval_mean_score=13.640 eval_policy_mode=greedy [solved=14/50, score_range=9.00-16.00/16.0, initial=9.00]
[step 09800] PROGRESS: filled=13.64 violations=0.00 zero_cand=0.00
[step 09800] DEBUG: ep_len=13.3 ep_ret=-7.284 stop_prob=0.000 score_chg=3.8500
[DEBUG] train_step 9800: starting episode collection
[DEBUG] train_step 9800: episodes collected, starting value_update
[DEBUG] train_step 9800: value_update done, starting policy_update
[DEBUG] train_step 9800: policy_update done
[step 09850] value_loss=8.108152 policy_loss=-0.251949
[step 09850] VALUE_DEBUG: target(mean=-12.16 std=6.66 min=-22.20 max=5.02) V(s)(mean=-11.90 std=6.55) reward(mean=-1.988 std=5.933) clip=50.0
[DEBUG] train_step 9850: starting episode collection
[DEBUG] train_step 9850: episodes collected, starting value_update
[DEBUG] train_step 9850: value_update done, starting policy_update
[DEBUG] train_step 9850: policy_update done
[step 09900] opnorm clamp applied
[step 09900] value_loss=4.573777 policy_loss=0.221009
[step 09900] VALUE_DEBUG: target(mean=-10.21 std=7.97 min=-19.31 max=6.86) V(s)(mean=-10.18 std=7.83) reward(mean=-0.586 std=4.496) clip=50.0
[step 09900] eval_success_rate=0.240 eval_mean_score=13.680 eval_policy_mode=greedy [solved=12/50, score_range=9.00-16.00/16.0, initial=9.00]
[step 09900] PROGRESS: filled=13.68 violations=0.00 zero_cand=0.00
[step 09900] DEBUG: ep_len=13.6 ep_ret=-7.799 stop_prob=0.000 score_chg=4.0600
[DEBUG] train_step 9900: starting episode collection
[DEBUG] train_step 9900: episodes collected, starting value_update
[DEBUG] train_step 9900: value_update done, starting policy_update
[DEBUG] train_step 9900: policy_update done
[step 09950] value_loss=10.044680 policy_loss=0.021422
[step 09950] VALUE_DEBUG: target(mean=-11.83 std=6.54 min=-24.98 max=4.58) V(s)(mean=-11.69 std=5.58) reward(mean=-0.700 std=4.224) clip=50.0
[DEBUG] train_step 9950: starting episode collection
[DEBUG] train_step 9950: episodes collected, starting value_update
[DEBUG] train_step 9950: value_update done, starting policy_update
[DEBUG] train_step 9950: policy_update done
[step 10000] opnorm clamp applied
[step 10000] value_loss=14.001875 policy_loss=-0.154313
[step 10000] VALUE_DEBUG: target(mean=-12.55 std=7.20 min=-22.10 max=4.27) V(s)(mean=-10.99 std=6.16) reward(mean=-2.384 std=6.084) clip=50.0
[step 10000] eval_success_rate=0.160 eval_mean_score=13.640 eval_policy_mode=greedy [solved=8/50, score_range=9.00-16.00/16.0, initial=9.00]
[step 10000] PROGRESS: filled=13.64 violations=0.00 zero_cand=0.00
[step 10000] DEBUG: ep_len=14.1 ep_ret=-9.442 stop_prob=0.000 score_chg=3.5450
[Checkpoint] Saved to buiksat_trm/checkpoints/table3_hard_6to8_controlled_nomask_c_r0_s7/rl_checkpoint_step_10000.pt
[DEBUG] train_step 10000: starting episode collection
[DEBUG] train_step 10000: episodes collected, starting value_update
[DEBUG] train_step 10000: value_update done, starting policy_update
[DEBUG] train_step 10000: policy_update done
[step 10050] value_loss=8.532958 policy_loss=1.083313
[step 10050] VALUE_DEBUG: target(mean=-11.63 std=7.08 min=-22.03 max=5.05) V(s)(mean=-10.89 std=6.99) reward(mean=-0.447 std=2.536) clip=50.0
[DEBUG] train_step 10050: starting episode collection
[DEBUG] train_step 10050: episodes collected, starting value_update
[DEBUG] train_step 10050: value_update done, starting policy_update
[DEBUG] train_step 10050: policy_update done
[step 10100] opnorm clamp applied
[step 10100] value_loss=6.433931 policy_loss=-0.311191
[step 10100] VALUE_DEBUG: target(mean=-11.36 std=6.55 min=-18.82 max=6.84) V(s)(mean=-11.26 std=5.41) reward(mean=-0.184 std=3.955) clip=50.0
[step 10100] eval_success_rate=0.180 eval_mean_score=13.200 eval_policy_mode=greedy [solved=9/50, score_range=9.00-16.00/16.0, initial=9.00]
[step 10100] PROGRESS: filled=13.20 violations=0.00 zero_cand=0.00
[step 10100] DEBUG: ep_len=14.2 ep_ret=-9.283 stop_prob=0.000 score_chg=3.4925
[DEBUG] train_step 10100: starting episode collection
[DEBUG] train_step 10100: episodes collected, starting value_update
[DEBUG] train_step 10100: value_update done, starting policy_update
[DEBUG] train_step 10100: policy_update done
[step 10150] value_loss=1.889026 policy_loss=-0.248733
[step 10150] VALUE_DEBUG: target(mean=-13.60 std=4.24 min=-19.30 max=1.82) V(s)(mean=-13.06 std=4.41) reward(mean=-1.522 std=4.894) clip=50.0
[DEBUG] train_step 10150: starting episode collection
[DEBUG] train_step 10150: episodes collected, starting value_update
[DEBUG] train_step 10150: value_update done, starting policy_update
[DEBUG] train_step 10150: policy_update done
[step 10200] opnorm clamp applied
[step 10200] value_loss=14.819975 policy_loss=0.204086
[step 10200] VALUE_DEBUG: target(mean=-11.07 std=7.36 min=-23.55 max=5.26) V(s)(mean=-11.41 std=6.72) reward(mean=-0.495 std=3.907) clip=50.0
[step 10200] eval_success_rate=0.240 eval_mean_score=13.340 eval_policy_mode=greedy [solved=12/50, score_range=9.00-16.00/16.0, initial=9.00]
[step 10200] PROGRESS: filled=13.34 violations=0.00 zero_cand=0.00
[step 10200] DEBUG: ep_len=14.2 ep_ret=-9.082 stop_prob=0.000 score_chg=3.9100
[DEBUG] train_step 10200: starting episode collection
[DEBUG] train_step 10200: episodes collected, starting value_update
[DEBUG] train_step 10200: value_update done, starting policy_update
[DEBUG] train_step 10200: policy_update done
[step 10250] value_loss=2.483504 policy_loss=0.356739
[step 10250] VALUE_DEBUG: target(mean=-11.52 std=6.40 min=-18.43 max=5.16) V(s)(mean=-11.80 std=6.05) reward(mean=0.103 std=1.712) clip=50.0
[DEBUG] train_step 10250: starting episode collection
[DEBUG] train_step 10250: episodes collected, starting value_update
[DEBUG] train_step 10250: value_update done, starting policy_update
[DEBUG] train_step 10250: policy_update done
[step 10300] opnorm clamp applied
[step 10300] value_loss=1.493905 policy_loss=0.629000
[step 10300] VALUE_DEBUG: target(mean=-11.51 std=6.79 min=-18.05 max=5.28) V(s)(mean=-11.12 std=6.90) reward(mean=0.069 std=1.230) clip=50.0
[step 10300] eval_success_rate=0.220 eval_mean_score=13.260 eval_policy_mode=greedy [solved=11/50, score_range=9.00-16.00/16.0, initial=9.00]
[step 10300] PROGRESS: filled=13.26 violations=0.00 zero_cand=0.00
[step 10300] DEBUG: ep_len=14.3 ep_ret=-9.611 stop_prob=0.000 score_chg=3.8100
[DEBUG] train_step 10300: starting episode collection
[DEBUG] train_step 10300: episodes collected, starting value_update
[DEBUG] train_step 10300: value_update done, starting policy_update
[DEBUG] train_step 10300: policy_update done
[step 10350] value_loss=3.710993 policy_loss=-0.859456
[step 10350] VALUE_DEBUG: target(mean=-13.29 std=5.04 min=-20.84 max=5.23) V(s)(mean=-13.47 std=4.36) reward(mean=0.378 std=1.947) clip=50.0
[DEBUG] train_step 10350: starting episode collection
[DEBUG] train_step 10350: episodes collected, starting value_update
[DEBUG] train_step 10350: value_update done, starting policy_update
[DEBUG] train_step 10350: policy_update done
[step 10400] opnorm clamp applied
[step 10400] value_loss=7.308334 policy_loss=0.540127
[step 10400] VALUE_DEBUG: target(mean=-10.75 std=7.30 min=-20.67 max=8.39) V(s)(mean=-11.06 std=6.11) reward(mean=0.326 std=2.668) clip=50.0
[step 10400] eval_success_rate=0.200 eval_mean_score=13.360 eval_policy_mode=greedy [solved=10/50, score_range=9.00-16.00/16.0, initial=9.00]
[step 10400] PROGRESS: filled=13.36 violations=0.00 zero_cand=0.00
[step 10400] DEBUG: ep_len=14.0 ep_ret=-8.717 stop_prob=0.000 score_chg=3.8325
[DEBUG] train_step 10400: starting episode collection
[DEBUG] train_step 10400: episodes collected, starting value_update
[DEBUG] train_step 10400: value_update done, starting policy_update
[DEBUG] train_step 10400: policy_update done
[step 10450] value_loss=4.065454 policy_loss=-0.395083
[step 10450] VALUE_DEBUG: target(mean=-9.91 std=7.54 min=-17.27 max=5.38) V(s)(mean=-10.88 std=7.68) reward(mean=0.257 std=2.458) clip=50.0
[DEBUG] train_step 10450: starting episode collection
[DEBUG] train_step 10450: episodes collected, starting value_update
[DEBUG] train_step 10450: value_update done, starting policy_update
[DEBUG] train_step 10450: policy_update done
[step 10500] opnorm clamp applied
[step 10500] value_loss=6.960520 policy_loss=-0.650000
[step 10500] VALUE_DEBUG: target(mean=-9.36 std=7.76 min=-18.07 max=11.24) V(s)(mean=-9.90 std=7.03) reward(mean=-0.014 std=3.568) clip=50.0
[step 10500] eval_success_rate=0.260 eval_mean_score=13.300 eval_policy_mode=greedy [solved=13/50, score_range=9.00-16.00/16.0, initial=9.00]
[step 10500] PROGRESS: filled=13.30 violations=0.00 zero_cand=0.00
[step 10500] DEBUG: ep_len=13.9 ep_ret=-8.441 stop_prob=0.000 score_chg=3.9625
[DEBUG] train_step 10500: starting episode collection
[DEBUG] train_step 10500: episodes collected, starting value_update
[DEBUG] train_step 10500: value_update done, starting policy_update
[DEBUG] train_step 10500: policy_update done
[step 10550] value_loss=4.919891 policy_loss=0.505816
[step 10550] VALUE_DEBUG: target(mean=-9.42 std=8.56 min=-17.85 max=13.52) V(s)(mean=-10.29 std=7.36) reward(mean=-0.379 std=5.501) clip=50.0
[DEBUG] train_step 10550: starting episode collection
[DEBUG] train_step 10550: episodes collected, starting value_update
[DEBUG] train_step 10550: value_update done, starting policy_update
[DEBUG] train_step 10550: policy_update done
[step 10600] opnorm clamp applied
[step 10600] value_loss=4.168759 policy_loss=-0.616409
[step 10600] VALUE_DEBUG: target(mean=-12.43 std=6.71 min=-26.49 max=5.74) V(s)(mean=-12.26 std=6.39) reward(mean=-0.464 std=3.558) clip=50.0
[step 10600] eval_success_rate=0.240 eval_mean_score=13.240 eval_policy_mode=greedy [solved=12/50, score_range=9.00-16.00/16.0, initial=9.00]
[step 10600] PROGRESS: filled=13.24 violations=0.00 zero_cand=0.00
[step 10600] DEBUG: ep_len=14.0 ep_ret=-8.292 stop_prob=0.000 score_chg=4.1050
[DEBUG] train_step 10600: starting episode collection
[DEBUG] train_step 10600: episodes collected, starting value_update
[DEBUG] train_step 10600: value_update done, starting policy_update
[DEBUG] train_step 10600: policy_update done
[step 10650] value_loss=12.752046 policy_loss=0.059991
[step 10650] VALUE_DEBUG: target(mean=-10.50 std=9.43 min=-22.50 max=16.85) V(s)(mean=-10.00 std=7.73) reward(mean=-1.488 std=5.383) clip=50.0
[DEBUG] train_step 10650: starting episode collection
[DEBUG] train_step 10650: episodes collected, starting value_update
[DEBUG] train_step 10650: value_update done, starting policy_update
[DEBUG] train_step 10650: policy_update done
[step 10700] opnorm clamp applied
[step 10700] value_loss=1.886256 policy_loss=0.121761
[step 10700] VALUE_DEBUG: target(mean=-11.49 std=7.04 min=-21.72 max=6.02) V(s)(mean=-11.37 std=6.62) reward(mean=-0.839 std=4.135) clip=50.0
[step 10700] eval_success_rate=0.280 eval_mean_score=13.540 eval_policy_mode=greedy [solved=14/50, score_range=9.00-16.00/16.0, initial=9.00]
[step 10700] PROGRESS: filled=13.54 violations=0.00 zero_cand=0.00
[step 10700] DEBUG: ep_len=13.7 ep_ret=-7.748 stop_prob=0.000 score_chg=3.9200
[DEBUG] train_step 10700: starting episode collection
[DEBUG] train_step 10700: episodes collected, starting value_update
[DEBUG] train_step 10700: value_update done, starting policy_update
[DEBUG] train_step 10700: policy_update done
[step 10750] value_loss=6.861089 policy_loss=1.007008
[step 10750] VALUE_DEBUG: target(mean=-10.37 std=7.73 min=-25.05 max=6.36) V(s)(mean=-10.89 std=7.43) reward(mean=-0.332 std=5.742) clip=50.0
[DEBUG] train_step 10750: starting episode collection
[DEBUG] train_step 10750: episodes collected, starting value_update
[DEBUG] train_step 10750: value_update done, starting policy_update
[DEBUG] train_step 10750: policy_update done
[step 10800] opnorm clamp applied
[step 10800] value_loss=5.658947 policy_loss=0.317639
[step 10800] VALUE_DEBUG: target(mean=-10.83 std=7.76 min=-22.57 max=6.28) V(s)(mean=-10.59 std=7.71) reward(mean=-1.053 std=4.665) clip=50.0
[step 10800] eval_success_rate=0.180 eval_mean_score=13.240 eval_policy_mode=greedy [solved=9/50, score_range=9.00-16.00/16.0, initial=9.00]
[step 10800] PROGRESS: filled=13.24 violations=0.00 zero_cand=0.00
[step 10800] DEBUG: ep_len=13.9 ep_ret=-8.039 stop_prob=0.000 score_chg=3.9575
[DEBUG] train_step 10800: starting episode collection
[DEBUG] train_step 10800: episodes collected, starting value_update
[DEBUG] train_step 10800: value_update done, starting policy_update
[DEBUG] train_step 10800: policy_update done
[step 10850] value_loss=7.505630 policy_loss=-0.095428
[step 10850] VALUE_DEBUG: target(mean=-11.22 std=7.25 min=-21.86 max=4.15) V(s)(mean=-10.41 std=7.47) reward(mean=-1.806 std=5.384) clip=50.0
[DEBUG] train_step 10850: starting episode collection
[DEBUG] train_step 10850: episodes collected, starting value_update
[DEBUG] train_step 10850: value_update done, starting policy_update
[DEBUG] train_step 10850: policy_update done
[step 10900] opnorm clamp applied
[step 10900] value_loss=4.240150 policy_loss=-0.281507
[step 10900] VALUE_DEBUG: target(mean=-11.13 std=8.51 min=-21.06 max=11.32) V(s)(mean=-11.22 std=7.58) reward(mean=0.281 std=2.210) clip=50.0
[step 10900] eval_success_rate=0.160 eval_mean_score=12.940 eval_policy_mode=greedy [solved=8/50, score_range=9.00-16.00/16.0, initial=9.00]
[step 10900] PROGRESS: filled=12.94 violations=0.00 zero_cand=0.00
[step 10900] DEBUG: ep_len=13.9 ep_ret=-8.345 stop_prob=0.000 score_chg=3.7425
[DEBUG] train_step 10900: starting episode collection
[DEBUG] train_step 10900: episodes collected, starting value_update
[DEBUG] train_step 10900: value_update done, starting policy_update
[DEBUG] train_step 10900: policy_update done
[step 10950] value_loss=1.218823 policy_loss=-0.575762
[step 10950] VALUE_DEBUG: target(mean=-10.88 std=8.03 min=-17.74 max=6.34) V(s)(mean=-11.38 std=7.95) reward(mean=-0.772 std=4.117) clip=50.0
[DEBUG] train_step 10950: starting episode collection
[DEBUG] train_step 10950: episodes collected, starting value_update
[DEBUG] train_step 10950: value_update done, starting policy_update
[DEBUG] train_step 10950: policy_update done
[step 11000] opnorm clamp applied
[step 11000] value_loss=11.362391 policy_loss=-0.022642
[step 11000] VALUE_DEBUG: target(mean=-10.21 std=9.14 min=-24.14 max=14.14) V(s)(mean=-11.05 std=7.80) reward(mean=-0.305 std=4.922) clip=50.0
[step 11000] eval_success_rate=0.180 eval_mean_score=12.760 eval_policy_mode=greedy [solved=9/50, score_range=9.00-16.00/16.0, initial=9.00]
[step 11000] PROGRESS: filled=12.76 violations=0.00 zero_cand=0.00
[step 11000] DEBUG: ep_len=14.7 ep_ret=-10.314 stop_prob=0.000 score_chg=3.4875
[Checkpoint] Saved to buiksat_trm/checkpoints/table3_hard_6to8_controlled_nomask_c_r0_s7/rl_checkpoint_step_11000.pt
[DEBUG] train_step 11000: starting episode collection
[DEBUG] train_step 11000: episodes collected, starting value_update
[DEBUG] train_step 11000: value_update done, starting policy_update
[DEBUG] train_step 11000: policy_update done
[step 11050] value_loss=6.281214 policy_loss=-0.410428
[step 11050] VALUE_DEBUG: target(mean=-8.97 std=8.42 min=-23.60 max=6.02) V(s)(mean=-8.03 std=8.31) reward(mean=-1.178 std=4.403) clip=50.0
[DEBUG] train_step 11050: starting episode collection
[DEBUG] train_step 11050: episodes collected, starting value_update
[DEBUG] train_step 11050: value_update done, starting policy_update
[DEBUG] train_step 11050: policy_update done
[step 11100] opnorm clamp applied
[step 11100] value_loss=11.796246 policy_loss=0.091170
[step 11100] VALUE_DEBUG: target(mean=-9.55 std=8.57 min=-18.08 max=6.62) V(s)(mean=-10.14 std=8.46) reward(mean=-0.930 std=4.119) clip=50.0
[step 11100] eval_success_rate=0.120 eval_mean_score=12.440 eval_policy_mode=greedy [solved=6/50, score_range=9.00-16.00/16.0, initial=9.00]
[step 11100] PROGRESS: filled=12.44 violations=0.00 zero_cand=0.00
[step 11100] DEBUG: ep_len=14.6 ep_ret=-10.238 stop_prob=0.000 score_chg=3.4050
[DEBUG] train_step 11100: starting episode collection
[DEBUG] train_step 11100: episodes collected, starting value_update
[DEBUG] train_step 11100: value_update done, starting policy_update
[DEBUG] train_step 11100: policy_update done
[step 11150] value_loss=4.392381 policy_loss=0.683463
[step 11150] VALUE_DEBUG: target(mean=-11.22 std=7.30 min=-21.79 max=5.75) V(s)(mean=-10.66 std=7.00) reward(mean=-1.117 std=4.538) clip=50.0
[DEBUG] train_step 11150: starting episode collection
[DEBUG] train_step 11150: episodes collected, starting value_update
[DEBUG] train_step 11150: value_update done, starting policy_update
[DEBUG] train_step 11150: policy_update done
[step 11200] opnorm clamp applied
[step 11200] value_loss=10.805375 policy_loss=-0.161489
[step 11200] VALUE_DEBUG: target(mean=-11.04 std=7.71 min=-23.07 max=6.70) V(s)(mean=-11.76 std=6.89) reward(mean=-0.462 std=6.411) clip=50.0
[step 11200] eval_success_rate=0.140 eval_mean_score=13.060 eval_policy_mode=greedy [solved=7/50, score_range=9.00-16.00/16.0, initial=9.00]
[step 11200] PROGRESS: filled=13.06 violations=0.00 zero_cand=0.00
[step 11200] DEBUG: ep_len=14.3 ep_ret=-9.015 stop_prob=0.000 score_chg=3.9100
[DEBUG] train_step 11200: starting episode collection
[DEBUG] train_step 11200: episodes collected, starting value_update
[DEBUG] train_step 11200: value_update done, starting policy_update
[DEBUG] train_step 11200: policy_update done
[step 11250] value_loss=11.103664 policy_loss=-0.350666
[step 11250] VALUE_DEBUG: target(mean=-8.44 std=8.78 min=-24.51 max=7.05) V(s)(mean=-9.19 std=7.59) reward(mean=-0.298 std=5.138) clip=50.0
[DEBUG] train_step 11250: starting episode collection
[DEBUG] train_step 11250: episodes collected, starting value_update
[DEBUG] train_step 11250: value_update done, starting policy_update
[DEBUG] train_step 11250: policy_update done
[step 11300] opnorm clamp applied
[step 11300] value_loss=4.025280 policy_loss=1.090111
[step 11300] VALUE_DEBUG: target(mean=-12.77 std=5.09 min=-20.16 max=5.39) V(s)(mean=-13.33 std=5.30) reward(mean=-0.395 std=4.549) clip=50.0
[step 11300] eval_success_rate=0.120 eval_mean_score=12.740 eval_policy_mode=greedy [solved=6/50, score_range=9.00-16.00/16.0, initial=9.00]
[step 11300] PROGRESS: filled=12.74 violations=0.00 zero_cand=0.00
[step 11300] DEBUG: ep_len=14.4 ep_ret=-9.340 stop_prob=0.000 score_chg=3.9650
[DEBUG] train_step 11300: starting episode collection
[DEBUG] train_step 11300: episodes collected, starting value_update
[DEBUG] train_step 11300: value_update done, starting policy_update
[DEBUG] train_step 11300: policy_update done
[step 11350] value_loss=12.555424 policy_loss=-0.610512
[step 11350] VALUE_DEBUG: target(mean=-10.87 std=8.28 min=-21.31 max=5.77) V(s)(mean=-9.97 std=8.29) reward(mean=-1.079 std=4.175) clip=50.0
[DEBUG] train_step 11350: starting episode collection
[DEBUG] train_step 11350: episodes collected, starting value_update
[DEBUG] train_step 11350: value_update done, starting policy_update
[DEBUG] train_step 11350: policy_update done
[step 11400] opnorm clamp applied
[step 11400] value_loss=3.753139 policy_loss=-0.157532
[step 11400] VALUE_DEBUG: target(mean=-10.97 std=7.45 min=-20.68 max=5.51) V(s)(mean=-10.99 std=7.26) reward(mean=-0.573 std=3.882) clip=50.0
[step 11400] eval_success_rate=0.100 eval_mean_score=12.480 eval_policy_mode=greedy [solved=5/50, score_range=9.00-16.00/16.0, initial=9.00]
[step 11400] PROGRESS: filled=12.48 violations=0.00 zero_cand=0.00
[step 11400] DEBUG: ep_len=14.8 ep_ret=-11.212 stop_prob=0.000 score_chg=3.3875
[DEBUG] train_step 11400: starting episode collection
[DEBUG] train_step 11400: episodes collected, starting value_update
[DEBUG] train_step 11400: value_update done, starting policy_update
[DEBUG] train_step 11400: policy_update done
[step 11450] value_loss=2.345534 policy_loss=-0.992757
[step 11450] VALUE_DEBUG: target(mean=-13.12 std=6.56 min=-20.74 max=5.18) V(s)(mean=-13.08 std=6.56) reward(mean=-0.900 std=3.218) clip=50.0
[DEBUG] train_step 11450: starting episode collection
[DEBUG] train_step 11450: episodes collected, starting value_update
[DEBUG] train_step 11450: value_update done, starting policy_update
[DEBUG] train_step 11450: policy_update done
[step 11500] opnorm clamp applied
[step 11500] value_loss=8.726645 policy_loss=-0.459155
[step 11500] VALUE_DEBUG: target(mean=-11.85 std=7.21 min=-19.21 max=6.84) V(s)(mean=-12.57 std=6.22) reward(mean=-0.727 std=4.316) clip=50.0
[step 11500] eval_success_rate=0.160 eval_mean_score=12.760 eval_policy_mode=greedy [solved=8/50, score_range=9.00-16.00/16.0, initial=9.00]
[step 11500] PROGRESS: filled=12.76 violations=0.00 zero_cand=0.00
[step 11500] DEBUG: ep_len=14.7 ep_ret=-10.338 stop_prob=0.000 score_chg=3.6250
[DEBUG] train_step 11500: starting episode collection
[DEBUG] train_step 11500: episodes collected, starting value_update
[DEBUG] train_step 11500: value_update done, starting policy_update
[DEBUG] train_step 11500: policy_update done
[step 11550] value_loss=2.227644 policy_loss=-0.004376
[step 11550] VALUE_DEBUG: target(mean=-9.76 std=7.90 min=-17.63 max=8.55) V(s)(mean=-10.28 std=7.34) reward(mean=0.978 std=1.930) clip=50.0
[DEBUG] train_step 11550: starting episode collection
[DEBUG] train_step 11550: episodes collected, starting value_update
[DEBUG] train_step 11550: value_update done, starting policy_update
[DEBUG] train_step 11550: policy_update done
[step 11600] opnorm clamp applied
[step 11600] value_loss=7.966782 policy_loss=1.229099
[step 11600] VALUE_DEBUG: target(mean=-10.02 std=8.18 min=-17.84 max=9.46) V(s)(mean=-10.66 std=7.05) reward(mean=0.100 std=3.311) clip=50.0
[step 11600] eval_success_rate=0.160 eval_mean_score=12.680 eval_policy_mode=greedy [solved=8/50, score_range=9.00-16.00/16.0, initial=9.00]
[step 11600] PROGRESS: filled=12.68 violations=0.00 zero_cand=0.00
[step 11600] DEBUG: ep_len=14.5 ep_ret=-9.689 stop_prob=0.000 score_chg=3.8525
[DEBUG] train_step 11600: starting episode collection
[DEBUG] train_step 11600: episodes collected, starting value_update
[DEBUG] train_step 11600: value_update done, starting policy_update
[DEBUG] train_step 11600: policy_update done
[step 11650] value_loss=4.889943 policy_loss=-0.679004
[step 11650] VALUE_DEBUG: target(mean=-13.41 std=6.47 min=-25.10 max=4.30) V(s)(mean=-12.32 std=5.95) reward(mean=-0.397 std=2.174) clip=50.0
[DEBUG] train_step 11650: starting episode collection
[DEBUG] train_step 11650: episodes collected, starting value_update
[DEBUG] train_step 11650: value_update done, starting policy_update
[DEBUG] train_step 11650: policy_update done
[step 11700] opnorm clamp applied
[step 11700] value_loss=11.717869 policy_loss=-0.910032
[step 11700] VALUE_DEBUG: target(mean=-10.49 std=7.26 min=-25.41 max=3.68) V(s)(mean=-11.21 std=6.53) reward(mean=0.019 std=4.257) clip=50.0
[step 11700] eval_success_rate=0.160 eval_mean_score=12.600 eval_policy_mode=greedy [solved=8/50, score_range=9.00-16.00/16.0, initial=9.00]
[step 11700] PROGRESS: filled=12.60 violations=0.00 zero_cand=0.00
[step 11700] DEBUG: ep_len=14.4 ep_ret=-10.054 stop_prob=0.000 score_chg=3.7125
[DEBUG] train_step 11700: starting episode collection
[DEBUG] train_step 11700: episodes collected, starting value_update
[DEBUG] train_step 11700: value_update done, starting policy_update
[DEBUG] train_step 11700: policy_update done
[step 11750] value_loss=6.567803 policy_loss=-0.017189
[step 11750] VALUE_DEBUG: target(mean=-10.64 std=8.03 min=-20.92 max=6.84) V(s)(mean=-11.18 std=6.98) reward(mean=0.687 std=2.355) clip=50.0
[DEBUG] train_step 11750: starting episode collection
[DEBUG] train_step 11750: episodes collected, starting value_update
[DEBUG] train_step 11750: value_update done, starting policy_update
[DEBUG] train_step 11750: policy_update done
[step 11800] opnorm clamp applied
[step 11800] value_loss=6.243827 policy_loss=0.426157
[step 11800] VALUE_DEBUG: target(mean=-10.07 std=8.06 min=-18.06 max=7.52) V(s)(mean=-9.33 std=7.80) reward(mean=-0.480 std=2.580) clip=50.0
[step 11800] eval_success_rate=0.160 eval_mean_score=12.660 eval_policy_mode=greedy [solved=8/50, score_range=9.00-16.00/16.0, initial=9.00]
[step 11800] PROGRESS: filled=12.66 violations=0.00 zero_cand=0.00
[step 11800] DEBUG: ep_len=14.5 ep_ret=-9.621 stop_prob=0.000 score_chg=3.7575
[DEBUG] train_step 11800: starting episode collection
[DEBUG] train_step 11800: episodes collected, starting value_update
[DEBUG] train_step 11800: value_update done, starting policy_update
[DEBUG] train_step 11800: policy_update done
[step 11850] value_loss=3.286325 policy_loss=-0.021811
[step 11850] VALUE_DEBUG: target(mean=-10.26 std=8.46 min=-17.92 max=7.59) V(s)(mean=-10.42 std=7.59) reward(mean=-0.061 std=4.553) clip=50.0
[DEBUG] train_step 11850: starting episode collection
[DEBUG] train_step 11850: episodes collected, starting value_update
[DEBUG] train_step 11850: value_update done, starting policy_update
[DEBUG] train_step 11850: policy_update done
[step 11900] opnorm clamp applied
[step 11900] value_loss=6.951447 policy_loss=0.255577
[step 11900] VALUE_DEBUG: target(mean=-12.84 std=6.53 min=-25.95 max=5.95) V(s)(mean=-12.01 std=5.71) reward(mean=0.174 std=2.201) clip=50.0
[step 11900] eval_success_rate=0.160 eval_mean_score=12.900 eval_policy_mode=greedy [solved=8/50, score_range=9.00-16.00/16.0, initial=9.00]
[step 11900] PROGRESS: filled=12.90 violations=0.00 zero_cand=0.00
[step 11900] DEBUG: ep_len=14.2 ep_ret=-8.665 stop_prob=0.000 score_chg=3.9075
[DEBUG] train_step 11900: starting episode collection
[DEBUG] train_step 11900: episodes collected, starting value_update
[DEBUG] train_step 11900: value_update done, starting policy_update
[DEBUG] train_step 11900: policy_update done
[step 11950] value_loss=6.198543 policy_loss=0.288221
[step 11950] VALUE_DEBUG: target(mean=-8.77 std=8.84 min=-22.03 max=6.80) V(s)(mean=-8.74 std=8.07) reward(mean=-0.486 std=3.776) clip=50.0
[DEBUG] train_step 11950: starting episode collection
[DEBUG] train_step 11950: episodes collected, starting value_update
[DEBUG] train_step 11950: value_update done, starting policy_update
[DEBUG] train_step 11950: policy_update done
[step 12000] opnorm clamp applied
[step 12000] value_loss=1.567222 policy_loss=0.353086
[step 12000] VALUE_DEBUG: target(mean=-9.00 std=8.76 min=-18.87 max=5.40) V(s)(mean=-8.45 std=8.60) reward(mean=-0.705 std=3.460) clip=50.0
[step 12000] eval_success_rate=0.240 eval_mean_score=13.040 eval_policy_mode=greedy [solved=12/50, score_range=9.00-16.00/16.0, initial=9.00]
[step 12000] PROGRESS: filled=13.04 violations=0.00 zero_cand=0.00
[step 12000] DEBUG: ep_len=13.9 ep_ret=-8.183 stop_prob=0.000 score_chg=4.0625
[Checkpoint] Saved to buiksat_trm/checkpoints/table3_hard_6to8_controlled_nomask_c_r0_s7/rl_checkpoint_step_12000.pt
[DEBUG] train_step 12000: starting episode collection
[DEBUG] train_step 12000: episodes collected, starting value_update
[DEBUG] train_step 12000: value_update done, starting policy_update
[DEBUG] train_step 12000: policy_update done
[step 12050] value_loss=1.205901 policy_loss=-0.323119
[step 12050] VALUE_DEBUG: target(mean=-11.65 std=7.72 min=-19.87 max=4.06) V(s)(mean=-11.54 std=7.26) reward(mean=0.157 std=1.086) clip=50.0
[DEBUG] train_step 12050: starting episode collection
[DEBUG] train_step 12050: episodes collected, starting value_update
[DEBUG] train_step 12050: value_update done, starting policy_update
[DEBUG] train_step 12050: policy_update done
[step 12100] opnorm clamp applied
[step 12100] value_loss=7.934989 policy_loss=0.181499
[step 12100] VALUE_DEBUG: target(mean=-9.93 std=7.46 min=-17.37 max=8.88) V(s)(mean=-9.31 std=7.39) reward(mean=-1.397 std=4.457) clip=50.0
[step 12100] eval_success_rate=0.240 eval_mean_score=13.320 eval_policy_mode=greedy [solved=12/50, score_range=9.00-16.00/16.0, initial=9.00]
[step 12100] PROGRESS: filled=13.32 violations=0.00 zero_cand=0.00
[step 12100] DEBUG: ep_len=13.5 ep_ret=-6.944 stop_prob=0.000 score_chg=4.2625
[DEBUG] train_step 12100: starting episode collection
[DEBUG] train_step 12100: episodes collected, starting value_update
[DEBUG] train_step 12100: value_update done, starting policy_update
[DEBUG] train_step 12100: policy_update done
[step 12150] value_loss=1.727635 policy_loss=0.676865
[step 12150] VALUE_DEBUG: target(mean=-11.73 std=8.00 min=-24.45 max=4.25) V(s)(mean=-11.82 std=7.71) reward(mean=-0.677 std=4.241) clip=50.0
[DEBUG] train_step 12150: starting episode collection
[DEBUG] train_step 12150: episodes collected, starting value_update
[DEBUG] train_step 12150: value_update done, starting policy_update
[DEBUG] train_step 12150: policy_update done
[step 12200] opnorm clamp applied
[step 12200] value_loss=6.376972 policy_loss=-0.182120
[step 12200] VALUE_DEBUG: target(mean=-13.40 std=6.54 min=-24.63 max=4.58) V(s)(mean=-12.78 std=5.81) reward(mean=-1.958 std=5.207) clip=50.0
[step 12200] eval_success_rate=0.260 eval_mean_score=13.020 eval_policy_mode=greedy [solved=13/50, score_range=9.00-16.00/16.0, initial=9.00]
[step 12200] PROGRESS: filled=13.02 violations=0.00 zero_cand=0.00
[step 12200] DEBUG: ep_len=13.9 ep_ret=-8.197 stop_prob=0.000 score_chg=4.1525
[DEBUG] train_step 12200: starting episode collection
[DEBUG] train_step 12200: episodes collected, starting value_update
[DEBUG] train_step 12200: value_update done, starting policy_update
[DEBUG] train_step 12200: policy_update done
[step 12250] value_loss=1.663359 policy_loss=-0.151460
[step 12250] VALUE_DEBUG: target(mean=-7.31 std=8.27 min=-20.04 max=5.26) V(s)(mean=-7.51 std=8.01) reward(mean=0.162 std=1.086) clip=50.0
[DEBUG] train_step 12250: starting episode collection
[DEBUG] train_step 12250: episodes collected, starting value_update
[DEBUG] train_step 12250: value_update done, starting policy_update
[DEBUG] train_step 12250: policy_update done
[step 12300] opnorm clamp applied
[step 12300] value_loss=15.392930 policy_loss=0.903262
[step 12300] VALUE_DEBUG: target(mean=-9.61 std=8.69 min=-26.89 max=7.78) V(s)(mean=-9.98 std=8.13) reward(mean=-0.952 std=5.436) clip=50.0
[step 12300] eval_success_rate=0.260 eval_mean_score=13.480 eval_policy_mode=greedy [solved=13/50, score_range=9.00-16.00/16.0, initial=9.00]
[step 12300] PROGRESS: filled=13.48 violations=0.00 zero_cand=0.00
[step 12300] DEBUG: ep_len=13.4 ep_ret=-7.209 stop_prob=0.000 score_chg=4.0325
[DEBUG] train_step 12300: starting episode collection
[DEBUG] train_step 12300: episodes collected, starting value_update
[DEBUG] train_step 12300: value_update done, starting policy_update
[DEBUG] train_step 12300: policy_update done
[step 12350] value_loss=8.529858 policy_loss=0.756470
[step 12350] VALUE_DEBUG: target(mean=-8.15 std=8.20 min=-23.00 max=7.47) V(s)(mean=-8.14 std=7.83) reward(mean=-0.337 std=4.874) clip=50.0
[DEBUG] train_step 12350: starting episode collection
[DEBUG] train_step 12350: episodes collected, starting value_update
[DEBUG] train_step 12350: value_update done, starting policy_update
[DEBUG] train_step 12350: policy_update done
[step 12400] opnorm clamp applied
[step 12400] value_loss=14.067698 policy_loss=-1.064015
[step 12400] VALUE_DEBUG: target(mean=-9.35 std=8.69 min=-26.18 max=4.61) V(s)(mean=-8.54 std=8.19) reward(mean=-1.297 std=5.263) clip=50.0
[step 12400] eval_success_rate=0.340 eval_mean_score=13.460 eval_policy_mode=greedy [solved=17/50, score_range=9.00-16.00/16.0, initial=9.00]
[step 12400] PROGRESS: filled=13.46 violations=0.00 zero_cand=0.00
[step 12400] DEBUG: ep_len=13.2 ep_ret=-6.517 stop_prob=0.000 score_chg=4.3425
[DEBUG] train_step 12400: starting episode collection
[DEBUG] train_step 12400: episodes collected, starting value_update
[DEBUG] train_step 12400: value_update done, starting policy_update
[DEBUG] train_step 12400: policy_update done
[step 12450] value_loss=7.502337 policy_loss=-0.078391
[step 12450] VALUE_DEBUG: target(mean=-13.61 std=6.32 min=-22.62 max=2.23) V(s)(mean=-12.58 std=6.53) reward(mean=-1.296 std=4.556) clip=50.0
[DEBUG] train_step 12450: starting episode collection
[DEBUG] train_step 12450: episodes collected, starting value_update
[DEBUG] train_step 12450: value_update done, starting policy_update
[DEBUG] train_step 12450: policy_update done
[step 12500] opnorm clamp applied
[step 12500] value_loss=2.457980 policy_loss=1.872598
[step 12500] VALUE_DEBUG: target(mean=-8.85 std=8.90 min=-18.45 max=9.36) V(s)(mean=-9.37 std=8.37) reward(mean=-1.026 std=4.578) clip=50.0
[step 12500] eval_success_rate=0.380 eval_mean_score=13.460 eval_policy_mode=greedy [solved=19/50, score_range=9.00-16.00/16.0, initial=9.00]
[step 12500] PROGRESS: filled=13.46 violations=0.00 zero_cand=0.00
[step 12500] DEBUG: ep_len=12.8 ep_ret=-5.824 stop_prob=0.000 score_chg=4.4100
[DEBUG] train_step 12500: starting episode collection
[DEBUG] train_step 12500: episodes collected, starting value_update
[DEBUG] train_step 12500: value_update done, starting policy_update
[DEBUG] train_step 12500: policy_update done
[step 12550] value_loss=1.265442 policy_loss=-0.274283
[step 12550] VALUE_DEBUG: target(mean=-11.97 std=6.63 min=-18.09 max=3.06) V(s)(mean=-12.55 std=6.86) reward(mean=-0.142 std=1.127) clip=50.0
[DEBUG] train_step 12550: starting episode collection
[DEBUG] train_step 12550: episodes collected, starting value_update
[DEBUG] train_step 12550: value_update done, starting policy_update
[DEBUG] train_step 12550: policy_update done
[step 12600] opnorm clamp applied
[step 12600] value_loss=8.058006 policy_loss=-0.342015
[step 12600] VALUE_DEBUG: target(mean=-12.08 std=6.82 min=-25.17 max=5.42) V(s)(mean=-11.87 std=6.04) reward(mean=0.172 std=2.854) clip=50.0
[step 12600] eval_success_rate=0.340 eval_mean_score=13.680 eval_policy_mode=greedy [solved=17/50, score_range=9.00-16.00/16.0, initial=9.00]
[step 12600] PROGRESS: filled=13.68 violations=0.00 zero_cand=0.00
[step 12600] DEBUG: ep_len=13.0 ep_ret=-6.166 stop_prob=0.000 score_chg=4.6525
[DEBUG] train_step 12600: starting episode collection
[DEBUG] train_step 12600: episodes collected, starting value_update
[DEBUG] train_step 12600: value_update done, starting policy_update
[DEBUG] train_step 12600: policy_update done
[step 12650] value_loss=10.895853 policy_loss=0.332392
[step 12650] VALUE_DEBUG: target(mean=-10.73 std=8.89 min=-23.79 max=9.08) V(s)(mean=-10.48 std=7.81) reward(mean=-1.641 std=5.845) clip=50.0
[DEBUG] train_step 12650: starting episode collection
[DEBUG] train_step 12650: episodes collected, starting value_update
[DEBUG] train_step 12650: value_update done, starting policy_update
[DEBUG] train_step 12650: policy_update done
[step 12700] opnorm clamp applied
[step 12700] value_loss=3.958850 policy_loss=0.133820
[step 12700] VALUE_DEBUG: target(mean=-10.81 std=7.05 min=-22.87 max=2.18) V(s)(mean=-11.24 std=6.80) reward(mean=0.095 std=2.061) clip=50.0
[step 12700] eval_success_rate=0.360 eval_mean_score=13.560 eval_policy_mode=greedy [solved=18/50, score_range=9.00-16.00/16.0, initial=9.00]
[step 12700] PROGRESS: filled=13.56 violations=0.00 zero_cand=0.00
[step 12700] DEBUG: ep_len=13.0 ep_ret=-5.734 stop_prob=0.000 score_chg=4.4850
[DEBUG] train_step 12700: starting episode collection
[DEBUG] train_step 12700: episodes collected, starting value_update
[DEBUG] train_step 12700: value_update done, starting policy_update
[DEBUG] train_step 12700: policy_update done
[step 12750] value_loss=4.529059 policy_loss=-0.457174
[step 12750] VALUE_DEBUG: target(mean=-8.02 std=9.20 min=-25.04 max=6.65) V(s)(mean=-7.97 std=8.30) reward(mean=-0.081 std=4.809) clip=50.0
[DEBUG] train_step 12750: starting episode collection
[DEBUG] train_step 12750: episodes collected, starting value_update
[DEBUG] train_step 12750: value_update done, starting policy_update
[DEBUG] train_step 12750: policy_update done
[step 12800] opnorm clamp applied
[step 12800] value_loss=2.847613 policy_loss=-0.129778
[step 12800] VALUE_DEBUG: target(mean=-8.60 std=8.30 min=-19.71 max=4.50) V(s)(mean=-9.04 std=7.95) reward(mean=-0.064 std=3.153) clip=50.0
[step 12800] eval_success_rate=0.280 eval_mean_score=13.760 eval_policy_mode=greedy [solved=14/50, score_range=9.00-16.00/16.0, initial=9.00]
[step 12800] PROGRESS: filled=13.76 violations=0.00 zero_cand=0.00
[step 12800] DEBUG: ep_len=13.0 ep_ret=-6.062 stop_prob=0.000 score_chg=4.2725
[DEBUG] train_step 12800: starting episode collection
[DEBUG] train_step 12800: episodes collected, starting value_update
[DEBUG] train_step 12800: value_update done, starting policy_update
[DEBUG] train_step 12800: policy_update done
[step 12850] value_loss=5.610729 policy_loss=0.157966
[step 12850] VALUE_DEBUG: target(mean=-8.99 std=8.19 min=-17.91 max=4.10) V(s)(mean=-8.58 std=8.48) reward(mean=-0.119 std=2.257) clip=50.0
[DEBUG] train_step 12850: starting episode collection
[DEBUG] train_step 12850: episodes collected, starting value_update
[DEBUG] train_step 12850: value_update done, starting policy_update
[DEBUG] train_step 12850: policy_update done
[step 12900] opnorm clamp applied
[step 12900] value_loss=8.470263 policy_loss=-0.293023
[step 12900] VALUE_DEBUG: target(mean=-9.60 std=8.27 min=-19.63 max=12.59) V(s)(mean=-10.13 std=7.63) reward(mean=-0.145 std=4.308) clip=50.0
[step 12900] eval_success_rate=0.320 eval_mean_score=13.340 eval_policy_mode=greedy [solved=16/50, score_range=9.00-16.00/16.0, initial=9.00]
[step 12900] PROGRESS: filled=13.34 violations=0.00 zero_cand=0.00
[step 12900] DEBUG: ep_len=13.0 ep_ret=-5.828 stop_prob=0.000 score_chg=4.4025
[DEBUG] train_step 12900: starting episode collection
[DEBUG] train_step 12900: episodes collected, starting value_update
[DEBUG] train_step 12900: value_update done, starting policy_update
[DEBUG] train_step 12900: policy_update done
[step 12950] value_loss=5.559625 policy_loss=-0.731964
[step 12950] VALUE_DEBUG: target(mean=-7.97 std=7.53 min=-17.89 max=8.50) V(s)(mean=-8.09 std=7.29) reward(mean=0.692 std=2.843) clip=50.0
[DEBUG] train_step 12950: starting episode collection
[DEBUG] train_step 12950: episodes collected, starting value_update
[DEBUG] train_step 12950: value_update done, starting policy_update
[DEBUG] train_step 12950: policy_update done
[step 13000] opnorm clamp applied
[step 13000] value_loss=12.378680 policy_loss=0.200142
[step 13000] VALUE_DEBUG: target(mean=-8.75 std=8.92 min=-21.27 max=5.71) V(s)(mean=-9.03 std=7.67) reward(mean=-0.995 std=4.138) clip=50.0
[step 13000] eval_success_rate=0.280 eval_mean_score=13.400 eval_policy_mode=greedy [solved=14/50, score_range=9.00-16.00/16.0, initial=9.00]
[step 13000] PROGRESS: filled=13.40 violations=0.00 zero_cand=0.00
[step 13000] DEBUG: ep_len=13.0 ep_ret=-5.799 stop_prob=0.000 score_chg=4.6250
[Checkpoint] Saved to buiksat_trm/checkpoints/table3_hard_6to8_controlled_nomask_c_r0_s7/rl_checkpoint_step_13000.pt
[DEBUG] train_step 13000: starting episode collection
[DEBUG] train_step 13000: episodes collected, starting value_update
[DEBUG] train_step 13000: value_update done, starting policy_update
[DEBUG] train_step 13000: policy_update done
[step 13050] value_loss=10.333328 policy_loss=-0.715280
[step 13050] VALUE_DEBUG: target(mean=-10.96 std=7.31 min=-19.14 max=3.30) V(s)(mean=-10.23 std=7.62) reward(mean=-1.893 std=5.682) clip=50.0
[DEBUG] train_step 13050: starting episode collection
[DEBUG] train_step 13050: episodes collected, starting value_update
[DEBUG] train_step 13050: value_update done, starting policy_update
[DEBUG] train_step 13050: policy_update done
[step 13100] opnorm clamp applied
[step 13100] value_loss=5.368975 policy_loss=-0.500067
[step 13100] VALUE_DEBUG: target(mean=-10.17 std=7.90 min=-18.68 max=6.84) V(s)(mean=-10.22 std=7.72) reward(mean=0.414 std=3.031) clip=50.0
[step 13100] eval_success_rate=0.320 eval_mean_score=13.880 eval_policy_mode=greedy [solved=16/50, score_range=9.00-16.00/16.0, initial=9.00]
[step 13100] PROGRESS: filled=13.88 violations=0.00 zero_cand=0.00
[step 13100] DEBUG: ep_len=13.1 ep_ret=-5.618 stop_prob=0.000 score_chg=4.7750
[DEBUG] train_step 13100: starting episode collection
[DEBUG] train_step 13100: episodes collected, starting value_update
[DEBUG] train_step 13100: value_update done, starting policy_update
[DEBUG] train_step 13100: policy_update done
[step 13150] value_loss=19.016876 policy_loss=-0.638493
[step 13150] VALUE_DEBUG: target(mean=-10.73 std=7.89 min=-23.08 max=10.00) V(s)(mean=-10.31 std=6.86) reward(mean=-0.715 std=5.338) clip=50.0
[DEBUG] train_step 13150: starting episode collection
[DEBUG] train_step 13150: episodes collected, starting value_update
[DEBUG] train_step 13150: value_update done, starting policy_update
[DEBUG] train_step 13150: policy_update done
[step 13200] opnorm clamp applied
[step 13200] value_loss=9.274469 policy_loss=0.878794
[step 13200] VALUE_DEBUG: target(mean=-10.91 std=7.45 min=-26.94 max=7.19) V(s)(mean=-11.29 std=6.44) reward(mean=-0.015 std=3.972) clip=50.0
[step 13200] eval_success_rate=0.360 eval_mean_score=13.660 eval_policy_mode=greedy [solved=18/50, score_range=9.00-16.00/16.0, initial=9.00]
[step 13200] PROGRESS: filled=13.66 violations=0.00 zero_cand=0.00
[step 13200] DEBUG: ep_len=12.8 ep_ret=-5.403 stop_prob=0.000 score_chg=4.6575
[DEBUG] train_step 13200: starting episode collection
[DEBUG] train_step 13200: episodes collected, starting value_update
[DEBUG] train_step 13200: value_update done, starting policy_update
[DEBUG] train_step 13200: policy_update done
[step 13250] value_loss=6.299506 policy_loss=-0.625797
[step 13250] VALUE_DEBUG: target(mean=-9.85 std=7.33 min=-22.76 max=7.11) V(s)(mean=-9.96 std=7.10) reward(mean=0.293 std=2.960) clip=50.0
[DEBUG] train_step 13250: starting episode collection
[DEBUG] train_step 13250: episodes collected, starting value_update
[DEBUG] train_step 13250: value_update done, starting policy_update
[DEBUG] train_step 13250: policy_update done
[step 13300] opnorm clamp applied
[step 13300] value_loss=4.387113 policy_loss=0.296012
[step 13300] VALUE_DEBUG: target(mean=-11.20 std=7.71 min=-23.63 max=4.12) V(s)(mean=-10.72 std=7.11) reward(mean=-1.857 std=5.368) clip=50.0
[step 13300] eval_success_rate=0.240 eval_mean_score=13.460 eval_policy_mode=greedy [solved=12/50, score_range=9.00-16.00/16.0, initial=9.00]
[step 13300] PROGRESS: filled=13.46 violations=0.00 zero_cand=0.00
[step 13300] DEBUG: ep_len=13.4 ep_ret=-6.639 stop_prob=0.000 score_chg=4.3600
[DEBUG] train_step 13300: starting episode collection
[DEBUG] train_step 13300: episodes collected, starting value_update
[DEBUG] train_step 13300: value_update done, starting policy_update
[DEBUG] train_step 13300: policy_update done
[step 13350] value_loss=11.354935 policy_loss=0.301299
[step 13350] VALUE_DEBUG: target(mean=-9.73 std=7.12 min=-19.15 max=3.36) V(s)(mean=-10.64 std=6.49) reward(mean=0.476 std=1.373) clip=50.0
[DEBUG] train_step 13350: starting episode collection
[DEBUG] train_step 13350: episodes collected, starting value_update
[DEBUG] train_step 13350: value_update done, starting policy_update
[DEBUG] train_step 13350: policy_update done
[step 13400] opnorm clamp applied
[step 13400] value_loss=5.513238 policy_loss=0.739710
[step 13400] VALUE_DEBUG: target(mean=-10.33 std=7.30 min=-19.68 max=4.08) V(s)(mean=-10.38 std=7.15) reward(mean=-0.054 std=2.936) clip=50.0
[step 13400] eval_success_rate=0.300 eval_mean_score=13.560 eval_policy_mode=greedy [solved=15/50, score_range=9.00-16.00/16.0, initial=9.00]
[step 13400] PROGRESS: filled=13.56 violations=0.00 zero_cand=0.00
[step 13400] DEBUG: ep_len=13.3 ep_ret=-6.855 stop_prob=0.000 score_chg=4.3175
[DEBUG] train_step 13400: starting episode collection
[DEBUG] train_step 13400: episodes collected, starting value_update
[DEBUG] train_step 13400: value_update done, starting policy_update
[DEBUG] train_step 13400: policy_update done
[step 13450] value_loss=5.939317 policy_loss=0.023437
[step 13450] VALUE_DEBUG: target(mean=-10.97 std=7.94 min=-22.73 max=4.82) V(s)(mean=-10.91 std=7.77) reward(mean=-1.309 std=4.913) clip=50.0
[DEBUG] train_step 13450: starting episode collection
[DEBUG] train_step 13450: episodes collected, starting value_update
[DEBUG] train_step 13450: value_update done, starting policy_update
[DEBUG] train_step 13450: policy_update done
[step 13500] opnorm clamp applied
[step 13500] value_loss=10.460473 policy_loss=0.299441
[step 13500] VALUE_DEBUG: target(mean=-10.06 std=7.67 min=-21.45 max=3.60) V(s)(mean=-9.78 std=7.25) reward(mean=-0.964 std=4.685) clip=50.0
[step 13500] eval_success_rate=0.260 eval_mean_score=13.600 eval_policy_mode=greedy [solved=13/50, score_range=9.00-16.00/16.0, initial=9.00]
[step 13500] PROGRESS: filled=13.60 violations=0.00 zero_cand=0.00
[step 13500] DEBUG: ep_len=13.8 ep_ret=-7.497 stop_prob=0.000 score_chg=4.3225
[DEBUG] train_step 13500: starting episode collection
[DEBUG] train_step 13500: episodes collected, starting value_update
[DEBUG] train_step 13500: value_update done, starting policy_update
[DEBUG] train_step 13500: policy_update done
[step 13550] value_loss=1.060410 policy_loss=0.427394
[step 13550] VALUE_DEBUG: target(mean=-11.15 std=7.82 min=-19.51 max=6.47) V(s)(mean=-11.47 std=7.73) reward(mean=0.192 std=3.298) clip=50.0
[DEBUG] train_step 13550: starting episode collection
[DEBUG] train_step 13550: episodes collected, starting value_update
[DEBUG] train_step 13550: value_update done, starting policy_update
[DEBUG] train_step 13550: policy_update done
[step 13600] opnorm clamp applied
[step 13600] value_loss=4.780957 policy_loss=-0.411605
[step 13600] VALUE_DEBUG: target(mean=-10.06 std=7.94 min=-22.63 max=7.19) V(s)(mean=-9.23 std=6.97) reward(mean=-0.709 std=3.854) clip=50.0
[step 13600] eval_success_rate=0.260 eval_mean_score=13.500 eval_policy_mode=greedy [solved=13/50, score_range=9.00-16.00/16.0, initial=9.00]
[step 13600] PROGRESS: filled=13.50 violations=0.00 zero_cand=0.00
[step 13600] DEBUG: ep_len=13.6 ep_ret=-7.470 stop_prob=0.000 score_chg=4.3400
[DEBUG] train_step 13600: starting episode collection
[DEBUG] train_step 13600: episodes collected, starting value_update
[DEBUG] train_step 13600: value_update done, starting policy_update
[DEBUG] train_step 13600: policy_update done
[step 13650] value_loss=6.402745 policy_loss=0.326163
[step 13650] VALUE_DEBUG: target(mean=-7.61 std=8.68 min=-24.15 max=6.73) V(s)(mean=-8.00 std=8.32) reward(mean=-0.244 std=3.713) clip=50.0
[DEBUG] train_step 13650: starting episode collection
[DEBUG] train_step 13650: episodes collected, starting value_update
[DEBUG] train_step 13650: value_update done, starting policy_update
[DEBUG] train_step 13650: policy_update done
[step 13700] opnorm clamp applied
[step 13700] value_loss=7.660210 policy_loss=-0.277345
[step 13700] VALUE_DEBUG: target(mean=-12.65 std=6.63 min=-21.88 max=6.45) V(s)(mean=-12.59 std=5.42) reward(mean=0.258 std=2.930) clip=50.0
[step 13700] eval_success_rate=0.260 eval_mean_score=13.540 eval_policy_mode=greedy [solved=13/50, score_range=9.00-16.00/16.0, initial=9.00]
[step 13700] PROGRESS: filled=13.54 violations=0.00 zero_cand=0.00
[step 13700] DEBUG: ep_len=13.7 ep_ret=-7.685 stop_prob=0.000 score_chg=4.4950
[DEBUG] train_step 13700: starting episode collection
[DEBUG] train_step 13700: episodes collected, starting value_update
[DEBUG] train_step 13700: value_update done, starting policy_update
[DEBUG] train_step 13700: policy_update done
[step 13750] value_loss=10.170805 policy_loss=-0.214696
[step 13750] VALUE_DEBUG: target(mean=-8.76 std=7.74 min=-22.98 max=5.55) V(s)(mean=-8.70 std=8.03) reward(mean=0.071 std=2.926) clip=50.0
[DEBUG] train_step 13750: starting episode collection
[DEBUG] train_step 13750: episodes collected, starting value_update
[DEBUG] train_step 13750: value_update done, starting policy_update
[DEBUG] train_step 13750: policy_update done
[step 13800] opnorm clamp applied
[step 13800] value_loss=7.149385 policy_loss=0.077412
[step 13800] VALUE_DEBUG: target(mean=-12.50 std=7.74 min=-20.70 max=9.60) V(s)(mean=-12.42 std=6.10) reward(mean=0.382 std=3.027) clip=50.0
[step 13800] eval_success_rate=0.320 eval_mean_score=13.620 eval_policy_mode=greedy [solved=16/50, score_range=9.00-16.00/16.0, initial=9.00]
[step 13800] PROGRESS: filled=13.62 violations=0.00 zero_cand=0.00
[step 13800] DEBUG: ep_len=13.7 ep_ret=-7.508 stop_prob=0.000 score_chg=4.4000
[DEBUG] train_step 13800: starting episode collection
[DEBUG] train_step 13800: episodes collected, starting value_update
[DEBUG] train_step 13800: value_update done, starting policy_update
[DEBUG] train_step 13800: policy_update done
[step 13850] value_loss=2.889693 policy_loss=0.594920
[step 13850] VALUE_DEBUG: target(mean=-11.09 std=7.63 min=-21.79 max=4.97) V(s)(mean=-10.85 std=7.69) reward(mean=-0.555 std=3.309) clip=50.0
[DEBUG] train_step 13850: starting episode collection
[DEBUG] train_step 13850: episodes collected, starting value_update
[DEBUG] train_step 13850: value_update done, starting policy_update
[DEBUG] train_step 13850: policy_update done
[step 13900] opnorm clamp applied
[step 13900] value_loss=3.872386 policy_loss=-0.324280
[step 13900] VALUE_DEBUG: target(mean=-11.87 std=5.99 min=-18.49 max=3.69) V(s)(mean=-12.00 std=5.84) reward(mean=0.602 std=2.165) clip=50.0
[step 13900] eval_success_rate=0.360 eval_mean_score=13.900 eval_policy_mode=greedy [solved=18/50, score_range=9.00-16.00/16.0, initial=9.00]
[step 13900] PROGRESS: filled=13.90 violations=0.00 zero_cand=0.00
[step 13900] DEBUG: ep_len=12.9 ep_ret=-5.497 stop_prob=0.000 score_chg=4.6175
[DEBUG] train_step 13900: starting episode collection
[DEBUG] train_step 13900: episodes collected, starting value_update
[DEBUG] train_step 13900: value_update done, starting policy_update
[DEBUG] train_step 13900: policy_update done
[step 13950] value_loss=5.627960 policy_loss=-0.605212
[step 13950] VALUE_DEBUG: target(mean=-7.26 std=8.55 min=-20.35 max=8.71) V(s)(mean=-7.28 std=7.84) reward(mean=0.355 std=2.250) clip=50.0
[DEBUG] train_step 13950: starting episode collection
[DEBUG] train_step 13950: episodes collected, starting value_update
[DEBUG] train_step 13950: value_update done, starting policy_update
[DEBUG] train_step 13950: policy_update done
[step 14000] opnorm clamp applied
[step 14000] value_loss=3.199954 policy_loss=0.871118
[step 14000] VALUE_DEBUG: target(mean=-9.99 std=8.44 min=-19.60 max=5.34) V(s)(mean=-9.84 std=8.24) reward(mean=-0.434 std=3.817) clip=50.0
[step 14000] eval_success_rate=0.360 eval_mean_score=13.900 eval_policy_mode=greedy [solved=18/50, score_range=9.00-16.00/16.0, initial=9.00]
[step 14000] PROGRESS: filled=13.94 violations=0.02 zero_cand=0.00
[step 14000] DEBUG: ep_len=12.8 ep_ret=-5.076 stop_prob=0.000 score_chg=4.7375
[Checkpoint] Saved to buiksat_trm/checkpoints/table3_hard_6to8_controlled_nomask_c_r0_s7/rl_checkpoint_step_14000.pt
[DEBUG] train_step 14000: starting episode collection
[DEBUG] train_step 14000: episodes collected, starting value_update
[DEBUG] train_step 14000: value_update done, starting policy_update
[DEBUG] train_step 14000: policy_update done
[step 14050] value_loss=6.559602 policy_loss=-0.270772
[step 14050] VALUE_DEBUG: target(mean=-10.92 std=8.19 min=-18.51 max=5.78) V(s)(mean=-10.49 std=8.41) reward(mean=-0.521 std=3.370) clip=50.0
[DEBUG] train_step 14050: starting episode collection
[DEBUG] train_step 14050: episodes collected, starting value_update
[DEBUG] train_step 14050: value_update done, starting policy_update
[DEBUG] train_step 14050: policy_update done
[step 14100] opnorm clamp applied
[step 14100] value_loss=3.534878 policy_loss=-0.961767
[step 14100] VALUE_DEBUG: target(mean=-9.60 std=8.10 min=-23.18 max=6.31) V(s)(mean=-8.90 std=7.79) reward(mean=-0.074 std=2.425) clip=50.0
[step 14100] eval_success_rate=0.280 eval_mean_score=13.840 eval_policy_mode=greedy [solved=14/50, score_range=10.00-16.00/16.0, initial=9.00]
[step 14100] PROGRESS: filled=13.84 violations=0.00 zero_cand=0.00
[step 14100] DEBUG: ep_len=13.5 ep_ret=-7.404 stop_prob=0.000 score_chg=4.2450
[DEBUG] train_step 14100: starting episode collection
[DEBUG] train_step 14100: episodes collected, starting value_update
[DEBUG] train_step 14100: value_update done, starting policy_update
[DEBUG] train_step 14100: policy_update done
[step 14150] value_loss=1.150800 policy_loss=-1.371026
[step 14150] VALUE_DEBUG: target(mean=-11.18 std=7.14 min=-17.85 max=5.11) V(s)(mean=-10.99 std=6.94) reward(mean=-1.212 std=4.815) clip=50.0
[DEBUG] train_step 14150: starting episode collection
[DEBUG] train_step 14150: episodes collected, starting value_update
[DEBUG] train_step 14150: value_update done, starting policy_update
[DEBUG] train_step 14150: policy_update done
[step 14200] opnorm clamp applied
[step 14200] value_loss=4.752450 policy_loss=0.395863
[step 14200] VALUE_DEBUG: target(mean=-11.41 std=7.52 min=-21.40 max=5.52) V(s)(mean=-11.34 std=6.90) reward(mean=0.233 std=2.248) clip=50.0
[step 14200] eval_success_rate=0.300 eval_mean_score=13.560 eval_policy_mode=greedy [solved=15/50, score_range=9.00-16.00/16.0, initial=9.00]
[step 14200] PROGRESS: filled=13.56 violations=0.00 zero_cand=0.00
[step 14200] DEBUG: ep_len=13.2 ep_ret=-6.514 stop_prob=0.000 score_chg=4.5875
[DEBUG] train_step 14200: starting episode collection
[DEBUG] train_step 14200: episodes collected, starting value_update
[DEBUG] train_step 14200: value_update done, starting policy_update
[DEBUG] train_step 14200: policy_update done
[step 14250] value_loss=7.360215 policy_loss=0.071066
[step 14250] VALUE_DEBUG: target(mean=-9.18 std=8.81 min=-22.03 max=6.08) V(s)(mean=-9.11 std=8.20) reward(mean=-0.799 std=5.702) clip=50.0
[DEBUG] train_step 14250: starting episode collection
[DEBUG] train_step 14250: episodes collected, starting value_update
[DEBUG] train_step 14250: value_update done, starting policy_update
[DEBUG] train_step 14250: policy_update done
[step 14300] opnorm clamp applied
[step 14300] value_loss=5.302042 policy_loss=0.365926
[step 14300] VALUE_DEBUG: target(mean=-11.08 std=7.65 min=-21.58 max=5.29) V(s)(mean=-10.53 std=8.06) reward(mean=-2.298 std=5.103) clip=50.0
[step 14300] eval_success_rate=0.320 eval_mean_score=13.560 eval_policy_mode=greedy [solved=16/50, score_range=9.00-16.00/16.0, initial=9.00]
[step 14300] PROGRESS: filled=13.56 violations=0.00 zero_cand=0.00
[step 14300] DEBUG: ep_len=12.9 ep_ret=-5.471 stop_prob=0.000 score_chg=4.6775
[DEBUG] train_step 14300: starting episode collection
[DEBUG] train_step 14300: episodes collected, starting value_update
[DEBUG] train_step 14300: value_update done, starting policy_update
[DEBUG] train_step 14300: policy_update done
[step 14350] value_loss=9.588791 policy_loss=-0.368249
[step 14350] VALUE_DEBUG: target(mean=-8.80 std=9.88 min=-22.14 max=7.62) V(s)(mean=-8.84 std=8.34) reward(mean=-1.487 std=5.680) clip=50.0
[DEBUG] train_step 14350: starting episode collection
[DEBUG] train_step 14350: episodes collected, starting value_update
[DEBUG] train_step 14350: value_update done, starting policy_update
[DEBUG] train_step 14350: policy_update done
[step 14400] opnorm clamp applied
[step 14400] value_loss=2.213027 policy_loss=-0.332536
[step 14400] VALUE_DEBUG: target(mean=-7.84 std=8.19 min=-17.61 max=7.36) V(s)(mean=-8.08 std=7.71) reward(mean=-0.280 std=4.332) clip=50.0
[step 14400] eval_success_rate=0.300 eval_mean_score=13.460 eval_policy_mode=greedy [solved=15/50, score_range=9.00-16.00/16.0, initial=9.00]
[step 14400] PROGRESS: filled=13.46 violations=0.00 zero_cand=0.00
[step 14400] DEBUG: ep_len=13.0 ep_ret=-6.265 stop_prob=0.000 score_chg=4.5450
[DEBUG] train_step 14400: starting episode collection
[DEBUG] train_step 14400: episodes collected, starting value_update
[DEBUG] train_step 14400: value_update done, starting policy_update
[DEBUG] train_step 14400: policy_update done
[step 14450] value_loss=5.450394 policy_loss=-0.273526
[step 14450] VALUE_DEBUG: target(mean=-10.81 std=8.20 min=-21.42 max=6.20) V(s)(mean=-11.19 std=7.95) reward(mean=-0.104 std=3.418) clip=50.0
[DEBUG] train_step 14450: starting episode collection
[DEBUG] train_step 14450: episodes collected, starting value_update
[DEBUG] train_step 14450: value_update done, starting policy_update
[DEBUG] train_step 14450: policy_update done
[step 14500] opnorm clamp applied
[step 14500] value_loss=4.055932 policy_loss=-0.304952
[step 14500] VALUE_DEBUG: target(mean=-9.88 std=8.58 min=-22.04 max=5.45) V(s)(mean=-9.46 std=8.32) reward(mean=-1.554 std=4.979) clip=50.0
[step 14500] eval_success_rate=0.300 eval_mean_score=13.540 eval_policy_mode=greedy [solved=15/50, score_range=9.00-16.00/16.0, initial=9.00]
[step 14500] PROGRESS: filled=13.54 violations=0.00 zero_cand=0.00
[step 14500] DEBUG: ep_len=13.3 ep_ret=-6.979 stop_prob=0.000 score_chg=4.3900
[DEBUG] train_step 14500: starting episode collection
[DEBUG] train_step 14500: episodes collected, starting value_update
[DEBUG] train_step 14500: value_update done, starting policy_update
[DEBUG] train_step 14500: policy_update done
[step 14550] value_loss=5.420738 policy_loss=-0.016153
[step 14550] VALUE_DEBUG: target(mean=-6.96 std=8.91 min=-17.59 max=8.63) V(s)(mean=-6.99 std=8.74) reward(mean=-0.027 std=3.878) clip=50.0
[DEBUG] train_step 14550: starting episode collection
[DEBUG] train_step 14550: episodes collected, starting value_update
[DEBUG] train_step 14550: value_update done, starting policy_update
[DEBUG] train_step 14550: policy_update done
[step 14600] opnorm clamp applied
[step 14600] value_loss=2.878920 policy_loss=-0.626145
[step 14600] VALUE_DEBUG: target(mean=-10.09 std=7.85 min=-19.97 max=4.42) V(s)(mean=-9.73 std=7.69) reward(mean=-0.821 std=4.739) clip=50.0
[step 14600] eval_success_rate=0.300 eval_mean_score=13.440 eval_policy_mode=greedy [solved=15/50, score_range=9.00-16.00/16.0, initial=9.00]
[step 14600] PROGRESS: filled=13.44 violations=0.00 zero_cand=0.00
[step 14600] DEBUG: ep_len=13.2 ep_ret=-6.440 stop_prob=0.000 score_chg=4.5450
[DEBUG] train_step 14600: starting episode collection
[DEBUG] train_step 14600: episodes collected, starting value_update
[DEBUG] train_step 14600: value_update done, starting policy_update
[DEBUG] train_step 14600: policy_update done
[step 14650] value_loss=9.053117 policy_loss=0.206293
[step 14650] VALUE_DEBUG: target(mean=-8.21 std=8.32 min=-17.43 max=11.13) V(s)(mean=-8.81 std=7.94) reward(mean=-0.218 std=4.854) clip=50.0
[DEBUG] train_step 14650: starting episode collection
[DEBUG] train_step 14650: episodes collected, starting value_update
[DEBUG] train_step 14650: value_update done, starting policy_update
[DEBUG] train_step 14650: policy_update done
[step 14700] opnorm clamp applied
[step 14700] value_loss=5.110713 policy_loss=0.384587
[step 14700] VALUE_DEBUG: target(mean=-9.58 std=7.86 min=-18.37 max=6.45) V(s)(mean=-9.92 std=7.88) reward(mean=-0.523 std=4.581) clip=50.0
[step 14700] eval_success_rate=0.220 eval_mean_score=13.460 eval_policy_mode=greedy [solved=11/50, score_range=9.00-16.00/16.0, initial=9.00]
[step 14700] PROGRESS: filled=13.46 violations=0.00 zero_cand=0.00
[step 14700] DEBUG: ep_len=13.2 ep_ret=-6.822 stop_prob=0.000 score_chg=4.1875
[DEBUG] train_step 14700: starting episode collection
[DEBUG] train_step 14700: episodes collected, starting value_update
[DEBUG] train_step 14700: value_update done, starting policy_update
[DEBUG] train_step 14700: policy_update done
[step 14750] value_loss=11.429814 policy_loss=0.296772
[step 14750] VALUE_DEBUG: target(mean=-8.79 std=8.33 min=-24.70 max=5.70) V(s)(mean=-9.15 std=8.34) reward(mean=0.391 std=3.340) clip=50.0
[DEBUG] train_step 14750: starting episode collection
[DEBUG] train_step 14750: episodes collected, starting value_update
[DEBUG] train_step 14750: value_update done, starting policy_update
[DEBUG] train_step 14750: policy_update done
[step 14800] opnorm clamp applied
[step 14800] value_loss=5.491847 policy_loss=0.927345
[step 14800] VALUE_DEBUG: target(mean=-5.37 std=9.48 min=-17.05 max=9.55) V(s)(mean=-6.32 std=9.19) reward(mean=1.160 std=2.734) clip=50.0
[step 14800] eval_success_rate=0.280 eval_mean_score=13.360 eval_policy_mode=greedy [solved=14/50, score_range=9.00-16.00/16.0, initial=9.00]
[step 14800] PROGRESS: filled=13.36 violations=0.00 zero_cand=0.00
[step 14800] DEBUG: ep_len=13.6 ep_ret=-6.941 stop_prob=0.000 score_chg=4.5275
[DEBUG] train_step 14800: starting episode collection
[DEBUG] train_step 14800: episodes collected, starting value_update
[DEBUG] train_step 14800: value_update done, starting policy_update
[DEBUG] train_step 14800: policy_update done
[step 14850] value_loss=3.787670 policy_loss=0.869225
[step 14850] VALUE_DEBUG: target(mean=-8.91 std=8.52 min=-22.41 max=6.13) V(s)(mean=-9.13 std=8.09) reward(mean=-1.118 std=5.348) clip=50.0
[DEBUG] train_step 14850: starting episode collection
[DEBUG] train_step 14850: episodes collected, starting value_update
[DEBUG] train_step 14850: value_update done, starting policy_update
[DEBUG] train_step 14850: policy_update done
[step 14900] opnorm clamp applied
[step 14900] value_loss=6.082400 policy_loss=-0.426832
[step 14900] VALUE_DEBUG: target(mean=-8.22 std=8.60 min=-18.14 max=5.46) V(s)(mean=-8.55 std=8.70) reward(mean=-0.181 std=4.192) clip=50.0
[step 14900] eval_success_rate=0.260 eval_mean_score=13.520 eval_policy_mode=greedy [solved=13/50, score_range=9.00-16.00/16.0, initial=9.00]
[step 14900] PROGRESS: filled=13.52 violations=0.00 zero_cand=0.00
[step 14900] DEBUG: ep_len=13.2 ep_ret=-6.477 stop_prob=0.000 score_chg=4.2700
[DEBUG] train_step 14900: starting episode collection
[DEBUG] train_step 14900: episodes collected, starting value_update
[DEBUG] train_step 14900: value_update done, starting policy_update
[DEBUG] train_step 14900: policy_update done
[step 14950] value_loss=6.269402 policy_loss=-0.071369
[step 14950] VALUE_DEBUG: target(mean=-9.74 std=9.26 min=-22.82 max=11.86) V(s)(mean=-9.11 std=8.74) reward(mean=-0.890 std=4.587) clip=50.0
[DEBUG] train_step 14950: starting episode collection
[DEBUG] train_step 14950: episodes collected, starting value_update
[DEBUG] train_step 14950: value_update done, starting policy_update
[DEBUG] train_step 14950: policy_update done
[step 15000] opnorm clamp applied
[step 15000] value_loss=7.039285 policy_loss=0.569522
[step 15000] VALUE_DEBUG: target(mean=-8.59 std=9.00 min=-22.45 max=7.09) V(s)(mean=-9.11 std=8.31) reward(mean=0.129 std=3.767) clip=50.0
[step 15000] eval_success_rate=0.280 eval_mean_score=13.160 eval_policy_mode=greedy [solved=14/50, score_range=9.00-16.00/16.0, initial=9.00]
[step 15000] PROGRESS: filled=13.16 violations=0.00 zero_cand=0.00
[step 15000] DEBUG: ep_len=13.3 ep_ret=-7.072 stop_prob=0.000 score_chg=4.2125
[Checkpoint] Saved to buiksat_trm/checkpoints/table3_hard_6to8_controlled_nomask_c_r0_s7/rl_checkpoint_step_15000.pt
[DEBUG] train_step 15000: starting episode collection
[DEBUG] train_step 15000: episodes collected, starting value_update
[DEBUG] train_step 15000: value_update done, starting policy_update
[DEBUG] train_step 15000: policy_update done
[step 15050] value_loss=2.519887 policy_loss=-0.148976
[step 15050] VALUE_DEBUG: target(mean=-8.48 std=8.70 min=-18.41 max=5.80) V(s)(mean=-8.30 std=8.62) reward(mean=-1.000 std=4.265) clip=50.0
[DEBUG] train_step 15050: starting episode collection
[DEBUG] train_step 15050: episodes collected, starting value_update
[DEBUG] train_step 15050: value_update done, starting policy_update
[DEBUG] train_step 15050: policy_update done
[step 15100] opnorm clamp applied
[step 15100] value_loss=13.986497 policy_loss=0.644441
[step 15100] VALUE_DEBUG: target(mean=-10.80 std=7.79 min=-22.64 max=4.05) V(s)(mean=-10.53 std=7.57) reward(mean=-1.292 std=5.473) clip=50.0
[step 15100] eval_success_rate=0.300 eval_mean_score=13.420 eval_policy_mode=greedy [solved=15/50, score_range=9.00-16.00/16.0, initial=9.00]
[step 15100] PROGRESS: filled=13.42 violations=0.00 zero_cand=0.00
[step 15100] DEBUG: ep_len=13.7 ep_ret=-7.740 stop_prob=0.000 score_chg=4.1200
[DEBUG] train_step 15100: starting episode collection
[DEBUG] train_step 15100: episodes collected, starting value_update
[DEBUG] train_step 15100: value_update done, starting policy_update
[DEBUG] train_step 15100: policy_update done
[step 15150] value_loss=6.686105 policy_loss=-0.117545
[step 15150] VALUE_DEBUG: target(mean=-11.72 std=7.27 min=-23.99 max=5.90) V(s)(mean=-11.84 std=6.24) reward(mean=-1.511 std=4.544) clip=50.0
[DEBUG] train_step 15150: starting episode collection
[DEBUG] train_step 15150: episodes collected, starting value_update
[DEBUG] train_step 15150: value_update done, starting policy_update
[DEBUG] train_step 15150: policy_update done
[step 15200] opnorm clamp applied
[step 15200] value_loss=10.736521 policy_loss=-0.974517
[step 15200] VALUE_DEBUG: target(mean=-9.17 std=8.66 min=-20.93 max=12.23) V(s)(mean=-8.48 std=8.29) reward(mean=-0.671 std=3.379) clip=50.0
[step 15200] eval_success_rate=0.320 eval_mean_score=13.520 eval_policy_mode=greedy [solved=16/50, score_range=9.00-16.00/16.0, initial=9.00]
[step 15200] PROGRESS: filled=13.52 violations=0.00 zero_cand=0.00
[step 15200] DEBUG: ep_len=12.7 ep_ret=-5.453 stop_prob=0.000 score_chg=4.4375
[DEBUG] train_step 15200: starting episode collection
[DEBUG] train_step 15200: episodes collected, starting value_update
[DEBUG] train_step 15200: value_update done, starting policy_update
[DEBUG] train_step 15200: policy_update done
[step 15250] value_loss=11.667126 policy_loss=0.312457
[step 15250] VALUE_DEBUG: target(mean=-8.09 std=8.93 min=-20.21 max=5.75) V(s)(mean=-7.48 std=8.25) reward(mean=-1.499 std=5.723) clip=50.0
[DEBUG] train_step 15250: starting episode collection
[DEBUG] train_step 15250: episodes collected, starting value_update
[DEBUG] train_step 15250: value_update done, starting policy_update
[DEBUG] train_step 15250: policy_update done
[step 15300] opnorm clamp applied
[step 15300] value_loss=2.776946 policy_loss=0.992520
[step 15300] VALUE_DEBUG: target(mean=-7.02 std=8.53 min=-16.85 max=10.42) V(s)(mean=-7.00 std=8.22) reward(mean=-0.166 std=3.324) clip=50.0
[step 15300] eval_success_rate=0.320 eval_mean_score=13.440 eval_policy_mode=greedy [solved=16/50, score_range=9.00-16.00/16.0, initial=9.00]
[step 15300] PROGRESS: filled=13.44 violations=0.00 zero_cand=0.00
[step 15300] DEBUG: ep_len=13.1 ep_ret=-6.218 stop_prob=0.000 score_chg=4.4900
[DEBUG] train_step 15300: starting episode collection
[DEBUG] train_step 15300: episodes collected, starting value_update
[DEBUG] train_step 15300: value_update done, starting policy_update
[DEBUG] train_step 15300: policy_update done
[step 15350] value_loss=12.076920 policy_loss=-0.509853
[step 15350] VALUE_DEBUG: target(mean=-8.93 std=8.33 min=-23.50 max=5.41) V(s)(mean=-8.27 std=7.64) reward(mean=-1.552 std=4.929) clip=50.0
[DEBUG] train_step 15350: starting episode collection
[DEBUG] train_step 15350: episodes collected, starting value_update
[DEBUG] train_step 15350: value_update done, starting policy_update
[DEBUG] train_step 15350: policy_update done
[step 15400] opnorm clamp applied
[step 15400] value_loss=19.496529 policy_loss=0.078720
[step 15400] VALUE_DEBUG: target(mean=-7.54 std=8.85 min=-19.78 max=8.71) V(s)(mean=-8.19 std=7.83) reward(mean=0.478 std=3.543) clip=50.0
[step 15400] eval_success_rate=0.300 eval_mean_score=13.280 eval_policy_mode=greedy [solved=15/50, score_range=9.00-16.00/16.0, initial=9.00]
[step 15400] PROGRESS: filled=13.28 violations=0.00 zero_cand=0.00
[step 15400] DEBUG: ep_len=13.3 ep_ret=-6.224 stop_prob=0.000 score_chg=4.4025
[DEBUG] train_step 15400: starting episode collection
[DEBUG] train_step 15400: episodes collected, starting value_update
[DEBUG] train_step 15400: value_update done, starting policy_update
[DEBUG] train_step 15400: policy_update done
[step 15450] value_loss=3.007811 policy_loss=-0.532220
[step 15450] VALUE_DEBUG: target(mean=-7.97 std=8.64 min=-22.00 max=4.52) V(s)(mean=-8.01 std=8.39) reward(mean=-0.052 std=3.361) clip=50.0
[DEBUG] train_step 15450: starting episode collection
[DEBUG] train_step 15450: episodes collected, starting value_update
[DEBUG] train_step 15450: value_update done, starting policy_update
[DEBUG] train_step 15450: policy_update done
[step 15500] opnorm clamp applied
[step 15500] value_loss=2.658494 policy_loss=-0.482340
[step 15500] VALUE_DEBUG: target(mean=-9.39 std=7.71 min=-18.54 max=3.70) V(s)(mean=-9.06 std=7.94) reward(mean=-0.528 std=3.253) clip=50.0
[step 15500] eval_success_rate=0.320 eval_mean_score=13.340 eval_policy_mode=greedy [solved=16/50, score_range=9.00-16.00/16.0, initial=9.00]
[step 15500] PROGRESS: filled=13.34 violations=0.00 zero_cand=0.00
[step 15500] DEBUG: ep_len=13.2 ep_ret=-6.632 stop_prob=0.000 score_chg=4.5350
[DEBUG] train_step 15500: starting episode collection
[DEBUG] train_step 15500: episodes collected, starting value_update
[DEBUG] train_step 15500: value_update done, starting policy_update
[DEBUG] train_step 15500: policy_update done
[step 15550] value_loss=6.031034 policy_loss=0.078742
[step 15550] VALUE_DEBUG: target(mean=-7.82 std=7.93 min=-18.02 max=8.47) V(s)(mean=-7.84 std=7.98) reward(mean=-0.856 std=4.798) clip=50.0
[DEBUG] train_step 15550: starting episode collection
[DEBUG] train_step 15550: episodes collected, starting value_update
[DEBUG] train_step 15550: value_update done, starting policy_update
[DEBUG] train_step 15550: policy_update done
[step 15600] opnorm clamp applied
[step 15600] value_loss=3.375349 policy_loss=1.291897
[step 15600] VALUE_DEBUG: target(mean=-10.78 std=7.44 min=-21.51 max=5.44) V(s)(mean=-10.59 std=7.19) reward(mean=-0.177 std=2.419) clip=50.0
[step 15600] eval_success_rate=0.320 eval_mean_score=13.340 eval_policy_mode=greedy [solved=16/50, score_range=9.00-16.00/16.0, initial=9.00]
[step 15600] PROGRESS: filled=13.34 violations=0.00 zero_cand=0.00
[step 15600] DEBUG: ep_len=12.7 ep_ret=-4.455 stop_prob=0.000 score_chg=5.0275
[DEBUG] train_step 15600: starting episode collection
[DEBUG] train_step 15600: episodes collected, starting value_update
[DEBUG] train_step 15600: value_update done, starting policy_update
[DEBUG] train_step 15600: policy_update done
[step 15650] value_loss=11.769685 policy_loss=0.567928
[step 15650] VALUE_DEBUG: target(mean=-9.45 std=9.22 min=-20.85 max=11.59) V(s)(mean=-9.41 std=8.15) reward(mean=-1.209 std=5.634) clip=50.0
[DEBUG] train_step 15650: starting episode collection
[DEBUG] train_step 15650: episodes collected, starting value_update
[DEBUG] train_step 15650: value_update done, starting policy_update
[DEBUG] train_step 15650: policy_update done
[step 15700] opnorm clamp applied
[step 15700] value_loss=3.110275 policy_loss=-0.505792
[step 15700] VALUE_DEBUG: target(mean=-7.97 std=8.46 min=-17.89 max=7.84) V(s)(mean=-7.79 std=8.41) reward(mean=0.168 std=2.006) clip=50.0
[step 15700] eval_success_rate=0.340 eval_mean_score=13.620 eval_policy_mode=greedy [solved=17/50, score_range=9.00-16.00/16.0, initial=9.00]
[step 15700] PROGRESS: filled=13.62 violations=0.00 zero_cand=0.00
[step 15700] DEBUG: ep_len=12.9 ep_ret=-5.628 stop_prob=0.000 score_chg=4.5550
[DEBUG] train_step 15700: starting episode collection
[DEBUG] train_step 15700: episodes collected, starting value_update
[DEBUG] train_step 15700: value_update done, starting policy_update
[DEBUG] train_step 15700: policy_update done
[step 15750] value_loss=6.950475 policy_loss=0.430153
[step 15750] VALUE_DEBUG: target(mean=-9.81 std=8.33 min=-25.61 max=5.08) V(s)(mean=-8.96 std=8.03) reward(mean=-1.294 std=4.715) clip=50.0
[DEBUG] train_step 15750: starting episode collection
[DEBUG] train_step 15750: episodes collected, starting value_update
[DEBUG] train_step 15750: value_update done, starting policy_update
[DEBUG] train_step 15750: policy_update done
[step 15800] opnorm clamp applied
[step 15800] value_loss=6.629945 policy_loss=0.116738
[step 15800] VALUE_DEBUG: target(mean=-9.53 std=7.74 min=-19.43 max=3.79) V(s)(mean=-9.81 std=7.85) reward(mean=-1.369 std=4.671) clip=50.0
[step 15800] eval_success_rate=0.360 eval_mean_score=13.700 eval_policy_mode=greedy [solved=18/50, score_range=9.00-16.00/16.0, initial=9.00]
[step 15800] PROGRESS: filled=13.70 violations=0.00 zero_cand=0.00
[step 15800] DEBUG: ep_len=13.0 ep_ret=-4.939 stop_prob=0.000 score_chg=4.8350
[DEBUG] train_step 15800: starting episode collection
[DEBUG] train_step 15800: episodes collected, starting value_update
[DEBUG] train_step 15800: value_update done, starting policy_update
[DEBUG] train_step 15800: policy_update done
[step 15850] value_loss=9.464281 policy_loss=-0.006543
[step 15850] VALUE_DEBUG: target(mean=-8.82 std=7.75 min=-18.22 max=5.53) V(s)(mean=-8.83 std=7.55) reward(mean=-0.402 std=4.564) clip=50.0
[DEBUG] train_step 15850: starting episode collection
[DEBUG] train_step 15850: episodes collected, starting value_update
[DEBUG] train_step 15850: value_update done, starting policy_update
[DEBUG] train_step 15850: policy_update done
[step 15900] opnorm clamp applied
[step 15900] value_loss=4.193445 policy_loss=-0.328654
[step 15900] VALUE_DEBUG: target(mean=-9.53 std=7.86 min=-20.54 max=9.62) V(s)(mean=-9.78 std=7.37) reward(mean=0.365 std=2.275) clip=50.0
[step 15900] eval_success_rate=0.360 eval_mean_score=13.680 eval_policy_mode=greedy [solved=18/50, score_range=9.00-16.00/16.0, initial=9.00]
[step 15900] PROGRESS: filled=13.68 violations=0.00 zero_cand=0.00
[step 15900] DEBUG: ep_len=12.8 ep_ret=-5.344 stop_prob=0.000 score_chg=4.5300
[DEBUG] train_step 15900: starting episode collection
[DEBUG] train_step 15900: episodes collected, starting value_update
[DEBUG] train_step 15900: value_update done, starting policy_update
[DEBUG] train_step 15900: policy_update done
[step 15950] value_loss=4.408770 policy_loss=-0.289150
[step 15950] VALUE_DEBUG: target(mean=-9.63 std=8.47 min=-23.14 max=8.35) V(s)(mean=-9.42 std=8.14) reward(mean=-0.529 std=3.587) clip=50.0
[DEBUG] train_step 15950: starting episode collection
[DEBUG] train_step 15950: episodes collected, starting value_update
[DEBUG] train_step 15950: value_update done, starting policy_update
[DEBUG] train_step 15950: policy_update done
[step 16000] opnorm clamp applied
[step 16000] value_loss=1.995289 policy_loss=0.263229
[step 16000] VALUE_DEBUG: target(mean=-11.02 std=7.56 min=-21.48 max=7.08) V(s)(mean=-11.15 std=7.57) reward(mean=-2.613 std=6.030) clip=50.0
[step 16000] eval_success_rate=0.340 eval_mean_score=13.740 eval_policy_mode=greedy [solved=17/50, score_range=9.00-16.00/16.0, initial=9.00]
[step 16000] PROGRESS: filled=13.74 violations=0.00 zero_cand=0.00
[step 16000] DEBUG: ep_len=12.7 ep_ret=-4.696 stop_prob=0.000 score_chg=4.6550
[Checkpoint] Saved to buiksat_trm/checkpoints/table3_hard_6to8_controlled_nomask_c_r0_s7/rl_checkpoint_step_16000.pt
[DEBUG] train_step 16000: starting episode collection
[DEBUG] train_step 16000: episodes collected, starting value_update
[DEBUG] train_step 16000: value_update done, starting policy_update
[DEBUG] train_step 16000: policy_update done
[step 16050] value_loss=0.766769 policy_loss=-0.736662
[step 16050] VALUE_DEBUG: target(mean=-10.47 std=6.75 min=-17.98 max=3.59) V(s)(mean=-10.95 std=6.93) reward(mean=-0.250 std=3.165) clip=50.0
[DEBUG] train_step 16050: starting episode collection
[DEBUG] train_step 16050: episodes collected, starting value_update
[DEBUG] train_step 16050: value_update done, starting policy_update
[DEBUG] train_step 16050: policy_update done
[step 16100] opnorm clamp applied
[step 16100] value_loss=10.866367 policy_loss=-0.199150
[step 16100] VALUE_DEBUG: target(mean=-8.47 std=9.44 min=-24.91 max=10.31) V(s)(mean=-7.75 std=8.89) reward(mean=-1.173 std=6.094) clip=50.0
[step 16100] eval_success_rate=0.340 eval_mean_score=13.500 eval_policy_mode=greedy [solved=17/50, score_range=9.00-16.00/16.0, initial=9.00]
[step 16100] PROGRESS: filled=13.50 violations=0.00 zero_cand=0.00
[step 16100] DEBUG: ep_len=13.0 ep_ret=-5.460 stop_prob=0.000 score_chg=4.7875
[DEBUG] train_step 16100: starting episode collection
[DEBUG] train_step 16100: episodes collected, starting value_update
[DEBUG] train_step 16100: value_update done, starting policy_update
[DEBUG] train_step 16100: policy_update done
[step 16150] value_loss=5.758899 policy_loss=-0.237192
[step 16150] VALUE_DEBUG: target(mean=-10.48 std=8.28 min=-21.59 max=6.30) V(s)(mean=-10.46 std=7.76) reward(mean=-0.395 std=3.508) clip=50.0
[DEBUG] train_step 16150: starting episode collection
[DEBUG] train_step 16150: episodes collected, starting value_update
[DEBUG] train_step 16150: value_update done, starting policy_update
[DEBUG] train_step 16150: policy_update done
[step 16200] opnorm clamp applied
[step 16200] value_loss=5.834668 policy_loss=0.137518
[step 16200] VALUE_DEBUG: target(mean=-11.22 std=8.25 min=-22.94 max=4.49) V(s)(mean=-10.38 std=7.41) reward(mean=-1.557 std=4.437) clip=50.0
[step 16200] eval_success_rate=0.380 eval_mean_score=13.920 eval_policy_mode=greedy [solved=19/50, score_range=9.00-16.00/16.0, initial=9.00]
[step 16200] PROGRESS: filled=13.92 violations=0.00 zero_cand=0.00
[step 16200] DEBUG: ep_len=12.8 ep_ret=-5.155 stop_prob=0.000 score_chg=4.6325
[DEBUG] train_step 16200: starting episode collection
[DEBUG] train_step 16200: episodes collected, starting value_update
[DEBUG] train_step 16200: value_update done, starting policy_update
[DEBUG] train_step 16200: policy_update done
[step 16250] value_loss=5.007991 policy_loss=-0.014451
[step 16250] VALUE_DEBUG: target(mean=-8.14 std=8.68 min=-24.99 max=6.55) V(s)(mean=-7.75 std=8.12) reward(mean=0.069 std=3.215) clip=50.0
[DEBUG] train_step 16250: starting episode collection
[DEBUG] train_step 16250: episodes collected, starting value_update
[DEBUG] train_step 16250: value_update done, starting policy_update
[DEBUG] train_step 16250: policy_update done
[step 16300] opnorm clamp applied
[step 16300] value_loss=12.503265 policy_loss=0.344981
[step 16300] VALUE_DEBUG: target(mean=-9.53 std=8.22 min=-25.77 max=4.82) V(s)(mean=-8.91 std=7.40) reward(mean=-0.923 std=5.214) clip=50.0
[step 16300] eval_success_rate=0.340 eval_mean_score=13.740 eval_policy_mode=greedy [solved=17/50, score_range=9.00-16.00/16.0, initial=9.00]
[step 16300] PROGRESS: filled=13.74 violations=0.00 zero_cand=0.00
[step 16300] DEBUG: ep_len=13.3 ep_ret=-5.632 stop_prob=0.000 score_chg=4.6700
[DEBUG] train_step 16300: starting episode collection
[DEBUG] train_step 16300: episodes collected, starting value_update
[DEBUG] train_step 16300: value_update done, starting policy_update
[DEBUG] train_step 16300: policy_update done
[step 16350] value_loss=4.263824 policy_loss=-0.036067
[step 16350] VALUE_DEBUG: target(mean=-7.71 std=8.64 min=-17.30 max=11.86) V(s)(mean=-8.60 std=7.95) reward(mean=0.605 std=4.131) clip=50.0
[DEBUG] train_step 16350: starting episode collection
[DEBUG] train_step 16350: episodes collected, starting value_update
[DEBUG] train_step 16350: value_update done, starting policy_update
[DEBUG] train_step 16350: policy_update done
[step 16400] opnorm clamp applied
[step 16400] value_loss=3.615484 policy_loss=0.057562
[step 16400] VALUE_DEBUG: target(mean=-7.94 std=8.30 min=-16.65 max=6.39) V(s)(mean=-7.80 std=8.29) reward(mean=0.324 std=1.957) clip=50.0
[step 16400] eval_success_rate=0.280 eval_mean_score=13.620 eval_policy_mode=greedy [solved=14/50, score_range=9.00-16.00/16.0, initial=9.00]
[step 16400] PROGRESS: filled=13.62 violations=0.00 zero_cand=0.00
[step 16400] DEBUG: ep_len=13.1 ep_ret=-5.515 stop_prob=0.000 score_chg=4.7750
[DEBUG] train_step 16400: starting episode collection
[DEBUG] train_step 16400: episodes collected, starting value_update
[DEBUG] train_step 16400: value_update done, starting policy_update
[DEBUG] train_step 16400: policy_update done
[step 16450] value_loss=1.922889 policy_loss=-0.063568
[step 16450] VALUE_DEBUG: target(mean=-9.98 std=8.22 min=-18.25 max=6.27) V(s)(mean=-9.82 std=8.19) reward(mean=-0.025 std=1.575) clip=50.0
[DEBUG] train_step 16450: starting episode collection
[DEBUG] train_step 16450: episodes collected, starting value_update
[DEBUG] train_step 16450: value_update done, starting policy_update
[DEBUG] train_step 16450: policy_update done
[step 16500] opnorm clamp applied
[step 16500] value_loss=0.908555 policy_loss=-0.561686
[step 16500] VALUE_DEBUG: target(mean=-8.96 std=8.45 min=-17.88 max=4.43) V(s)(mean=-9.32 std=8.47) reward(mean=-0.620 std=4.468) clip=50.0
[step 16500] eval_success_rate=0.320 eval_mean_score=13.600 eval_policy_mode=greedy [solved=16/50, score_range=9.00-16.00/16.0, initial=9.00]
[step 16500] PROGRESS: filled=13.60 violations=0.00 zero_cand=0.00
[step 16500] DEBUG: ep_len=13.6 ep_ret=-7.112 stop_prob=0.000 score_chg=4.3925
[DEBUG] train_step 16500: starting episode collection
[DEBUG] train_step 16500: episodes collected, starting value_update
[DEBUG] train_step 16500: value_update done, starting policy_update
[DEBUG] train_step 16500: policy_update done
[step 16550] value_loss=6.038821 policy_loss=0.004667
[step 16550] VALUE_DEBUG: target(mean=-10.78 std=7.10 min=-23.67 max=6.20) V(s)(mean=-10.43 std=7.23) reward(mean=-0.137 std=2.655) clip=50.0
[DEBUG] train_step 16550: starting episode collection
[DEBUG] train_step 16550: episodes collected, starting value_update
[DEBUG] train_step 16550: value_update done, starting policy_update
[DEBUG] train_step 16550: policy_update done
[step 16600] opnorm clamp applied
[step 16600] value_loss=4.439393 policy_loss=-0.550920
[step 16600] VALUE_DEBUG: target(mean=-8.68 std=7.90 min=-19.65 max=5.86) V(s)(mean=-8.52 std=8.38) reward(mean=0.103 std=2.700) clip=50.0
[step 16600] eval_success_rate=0.280 eval_mean_score=13.740 eval_policy_mode=greedy [solved=14/50, score_range=9.00-16.00/16.0, initial=9.00]
[step 16600] PROGRESS: filled=13.74 violations=0.00 zero_cand=0.00
[step 16600] DEBUG: ep_len=13.4 ep_ret=-6.211 stop_prob=0.000 score_chg=4.7550
[DEBUG] train_step 16600: starting episode collection
[DEBUG] train_step 16600: episodes collected, starting value_update
[DEBUG] train_step 16600: value_update done, starting policy_update
[DEBUG] train_step 16600: policy_update done
[step 16650] value_loss=1.900271 policy_loss=-0.160238
[step 16650] VALUE_DEBUG: target(mean=-8.23 std=7.49 min=-18.70 max=5.77) V(s)(mean=-8.34 std=7.68) reward(mean=0.259 std=1.755) clip=50.0
[DEBUG] train_step 16650: starting episode collection
[DEBUG] train_step 16650: episodes collected, starting value_update
[DEBUG] train_step 16650: value_update done, starting policy_update
[DEBUG] train_step 16650: policy_update done
[step 16700] opnorm clamp applied
[step 16700] value_loss=3.874822 policy_loss=-0.688521
[step 16700] VALUE_DEBUG: target(mean=-8.19 std=7.82 min=-20.70 max=5.67) V(s)(mean=-8.87 std=7.70) reward(mean=0.882 std=2.169) clip=50.0
[step 16700] eval_success_rate=0.320 eval_mean_score=13.780 eval_policy_mode=greedy [solved=16/50, score_range=9.00-16.00/16.0, initial=9.00]
[step 16700] PROGRESS: filled=13.78 violations=0.00 zero_cand=0.00
[step 16700] DEBUG: ep_len=13.6 ep_ret=-7.283 stop_prob=0.000 score_chg=4.4025
[DEBUG] train_step 16700: starting episode collection
[DEBUG] train_step 16700: episodes collected, starting value_update
[DEBUG] train_step 16700: value_update done, starting policy_update
[DEBUG] train_step 16700: policy_update done
[step 16750] value_loss=5.752719 policy_loss=0.116428
[step 16750] VALUE_DEBUG: target(mean=-6.75 std=9.10 min=-17.83 max=11.90) V(s)(mean=-7.02 std=8.38) reward(mean=0.041 std=3.569) clip=50.0
[DEBUG] train_step 16750: starting episode collection
[DEBUG] train_step 16750: episodes collected, starting value_update
[DEBUG] train_step 16750: value_update done, starting policy_update
[DEBUG] train_step 16750: policy_update done
[step 16800] opnorm clamp applied
[step 16800] value_loss=9.986329 policy_loss=-0.401365
[step 16800] VALUE_DEBUG: target(mean=-10.04 std=7.55 min=-23.81 max=6.99) V(s)(mean=-10.71 std=7.09) reward(mean=0.789 std=2.860) clip=50.0
[step 16800] eval_success_rate=0.320 eval_mean_score=13.720 eval_policy_mode=greedy [solved=16/50, score_range=9.00-16.00/16.0, initial=9.00]
[step 16800] PROGRESS: filled=13.72 violations=0.00 zero_cand=0.00
[step 16800] DEBUG: ep_len=13.3 ep_ret=-6.503 stop_prob=0.000 score_chg=4.4850
[DEBUG] train_step 16800: starting episode collection
[DEBUG] train_step 16800: episodes collected, starting value_update
[DEBUG] train_step 16800: value_update done, starting policy_update
[DEBUG] train_step 16800: policy_update done
[step 16850] value_loss=8.329651 policy_loss=0.303158
[step 16850] VALUE_DEBUG: target(mean=-8.55 std=8.56 min=-23.39 max=5.29) V(s)(mean=-7.86 std=8.57) reward(mean=-0.676 std=2.738) clip=50.0
[DEBUG] train_step 16850: starting episode collection
[DEBUG] train_step 16850: episodes collected, starting value_update
[DEBUG] train_step 16850: value_update done, starting policy_update
[DEBUG] train_step 16850: policy_update done
[step 16900] opnorm clamp applied
[step 16900] value_loss=6.816634 policy_loss=-0.002830
[step 16900] VALUE_DEBUG: target(mean=-7.99 std=8.73 min=-17.35 max=13.05) V(s)(mean=-8.44 std=8.32) reward(mean=-0.441 std=4.693) clip=50.0
[step 16900] eval_success_rate=0.280 eval_mean_score=13.860 eval_policy_mode=greedy [solved=14/50, score_range=9.00-16.00/16.0, initial=9.00]
[step 16900] PROGRESS: filled=13.86 violations=0.00 zero_cand=0.00
[step 16900] DEBUG: ep_len=13.5 ep_ret=-7.119 stop_prob=0.000 score_chg=4.6200
[DEBUG] train_step 16900: starting episode collection
[DEBUG] train_step 16900: episodes collected, starting value_update
[DEBUG] train_step 16900: value_update done, starting policy_update
[DEBUG] train_step 16900: policy_update done
[step 16950] value_loss=9.440185 policy_loss=0.417166
[step 16950] VALUE_DEBUG: target(mean=-9.90 std=7.47 min=-17.52 max=5.63) V(s)(mean=-8.79 std=7.88) reward(mean=-1.679 std=5.012) clip=50.0
[DEBUG] train_step 16950: starting episode collection
[DEBUG] train_step 16950: episodes collected, starting value_update
[DEBUG] train_step 16950: value_update done, starting policy_update
[DEBUG] train_step 16950: policy_update done
[step 17000] opnorm clamp applied
[step 17000] value_loss=15.327323 policy_loss=-0.044067
[step 17000] VALUE_DEBUG: target(mean=-8.28 std=9.62 min=-22.87 max=9.74) V(s)(mean=-8.00 std=9.03) reward(mean=-0.434 std=4.824) clip=50.0
[step 17000] eval_success_rate=0.300 eval_mean_score=13.940 eval_policy_mode=greedy [solved=15/50, score_range=9.00-16.00/16.0, initial=9.00]
[step 17000] PROGRESS: filled=13.94 violations=0.00 zero_cand=0.00
[step 17000] DEBUG: ep_len=13.5 ep_ret=-7.305 stop_prob=0.000 score_chg=4.5100
[Checkpoint] Saved to buiksat_trm/checkpoints/table3_hard_6to8_controlled_nomask_c_r0_s7/rl_checkpoint_step_17000.pt
[DEBUG] train_step 17000: starting episode collection
[DEBUG] train_step 17000: episodes collected, starting value_update
[DEBUG] train_step 17000: value_update done, starting policy_update
[DEBUG] train_step 17000: policy_update done
[step 17050] value_loss=1.963705 policy_loss=0.293093
[step 17050] VALUE_DEBUG: target(mean=-8.78 std=8.18 min=-22.00 max=7.20) V(s)(mean=-8.44 std=7.72) reward(mean=-0.552 std=3.645) clip=50.0
[DEBUG] train_step 17050: starting episode collection
[DEBUG] train_step 17050: episodes collected, starting value_update
[DEBUG] train_step 17050: value_update done, starting policy_update
[DEBUG] train_step 17050: policy_update done
[step 17100] opnorm clamp applied
[step 17100] value_loss=2.057398 policy_loss=0.162757
[step 17100] VALUE_DEBUG: target(mean=-8.91 std=7.76 min=-17.69 max=8.71) V(s)(mean=-9.14 std=7.52) reward(mean=0.111 std=3.398) clip=50.0
[step 17100] eval_success_rate=0.300 eval_mean_score=13.920 eval_policy_mode=greedy [solved=15/50, score_range=9.00-16.00/16.0, initial=9.00]
[step 17100] PROGRESS: filled=13.92 violations=0.00 zero_cand=0.00
[step 17100] DEBUG: ep_len=13.3 ep_ret=-6.867 stop_prob=0.000 score_chg=4.5875
[DEBUG] train_step 17100: starting episode collection
[DEBUG] train_step 17100: episodes collected, starting value_update
[DEBUG] train_step 17100: value_update done, starting policy_update
[DEBUG] train_step 17100: policy_update done
[step 17150] value_loss=9.020742 policy_loss=0.407178
[step 17150] VALUE_DEBUG: target(mean=-8.51 std=8.15 min=-17.60 max=4.99) V(s)(mean=-9.79 std=7.99) reward(mean=0.624 std=2.118) clip=50.0
[DEBUG] train_step 17150: starting episode collection
[DEBUG] train_step 17150: episodes collected, starting value_update
[DEBUG] train_step 17150: value_update done, starting policy_update
[DEBUG] train_step 17150: policy_update done
[step 17200] opnorm clamp applied
[step 17200] value_loss=8.253572 policy_loss=0.073333
[step 17200] VALUE_DEBUG: target(mean=-8.91 std=9.61 min=-24.05 max=7.01) V(s)(mean=-8.49 std=8.37) reward(mean=-1.581 std=5.352) clip=50.0
[step 17200] eval_success_rate=0.300 eval_mean_score=13.960 eval_policy_mode=greedy [solved=15/50, score_range=9.00-16.00/16.0, initial=9.00]
[step 17200] PROGRESS: filled=13.96 violations=0.00 zero_cand=0.00
[step 17200] DEBUG: ep_len=13.6 ep_ret=-7.139 stop_prob=0.000 score_chg=4.6625
[DEBUG] train_step 17200: starting episode collection
[DEBUG] train_step 17200: episodes collected, starting value_update
[DEBUG] train_step 17200: value_update done, starting policy_update
[DEBUG] train_step 17200: policy_update done
[step 17250] value_loss=3.598824 policy_loss=0.842480
[step 17250] VALUE_DEBUG: target(mean=-11.54 std=7.00 min=-22.09 max=8.31) V(s)(mean=-11.69 std=6.35) reward(mean=-0.707 std=4.633) clip=50.0
[DEBUG] train_step 17250: starting episode collection
[DEBUG] train_step 17250: episodes collected, starting value_update
[DEBUG] train_step 17250: value_update done, starting policy_update
[DEBUG] train_step 17250: policy_update done
[step 17300] opnorm clamp applied
[step 17300] value_loss=3.549921 policy_loss=-1.070169
[step 17300] VALUE_DEBUG: target(mean=-8.05 std=8.47 min=-18.64 max=8.26) V(s)(mean=-7.88 std=7.95) reward(mean=-0.766 std=3.348) clip=50.0
[step 17300] eval_success_rate=0.300 eval_mean_score=13.900 eval_policy_mode=greedy [solved=15/50, score_range=9.00-16.00/16.0, initial=9.00]
[step 17300] PROGRESS: filled=13.90 violations=0.00 zero_cand=0.00
[step 17300] DEBUG: ep_len=13.8 ep_ret=-7.386 stop_prob=0.000 score_chg=4.6000
[DEBUG] train_step 17300: starting episode collection
[DEBUG] train_step 17300: episodes collected, starting value_update
[DEBUG] train_step 17300: value_update done, starting policy_update
[DEBUG] train_step 17300: policy_update done
[step 17350] value_loss=28.841892 policy_loss=-0.638177
[step 17350] VALUE_DEBUG: target(mean=-9.48 std=8.62 min=-17.36 max=7.55) V(s)(mean=-8.17 std=8.73) reward(mean=-1.922 std=5.614) clip=50.0
[DEBUG] train_step 17350: starting episode collection
[DEBUG] train_step 17350: episodes collected, starting value_update
[DEBUG] train_step 17350: value_update done, starting policy_update
[DEBUG] train_step 17350: policy_update done
[step 17400] opnorm clamp applied
[step 17400] value_loss=24.949541 policy_loss=0.244563
[step 17400] VALUE_DEBUG: target(mean=-9.39 std=8.49 min=-19.75 max=4.41) V(s)(mean=-8.74 std=8.48) reward(mean=-1.023 std=4.488) clip=50.0
[step 17400] eval_success_rate=0.300 eval_mean_score=13.800 eval_policy_mode=greedy [solved=15/50, score_range=9.00-16.00/16.0, initial=9.00]
[step 17400] PROGRESS: filled=13.80 violations=0.00 zero_cand=0.00
[step 17400] DEBUG: ep_len=13.7 ep_ret=-6.967 stop_prob=0.000 score_chg=4.8075
[DEBUG] train_step 17400: starting episode collection
[DEBUG] train_step 17400: episodes collected, starting value_update
[DEBUG] train_step 17400: value_update done, starting policy_update
[DEBUG] train_step 17400: policy_update done
[step 17450] value_loss=0.364254 policy_loss=-0.451206
[step 17450] VALUE_DEBUG: target(mean=-8.27 std=8.23 min=-17.98 max=6.88) V(s)(mean=-8.29 std=8.09) reward(mean=-0.246 std=3.247) clip=50.0
[DEBUG] train_step 17450: starting episode collection
[DEBUG] train_step 17450: episodes collected, starting value_update
[DEBUG] train_step 17450: value_update done, starting policy_update
[DEBUG] train_step 17450: policy_update done
[step 17500] opnorm clamp applied
[step 17500] value_loss=1.585112 policy_loss=0.726065
[step 17500] VALUE_DEBUG: target(mean=-9.50 std=8.79 min=-17.45 max=8.92) V(s)(mean=-9.83 std=8.52) reward(mean=-0.406 std=4.394) clip=50.0
[step 17500] eval_success_rate=0.300 eval_mean_score=13.680 eval_policy_mode=greedy [solved=15/50, score_range=9.00-16.00/16.0, initial=9.00]
[step 17500] PROGRESS: filled=13.68 violations=0.00 zero_cand=0.00
[step 17500] DEBUG: ep_len=13.7 ep_ret=-7.252 stop_prob=0.000 score_chg=4.5425
[DEBUG] train_step 17500: starting episode collection
[DEBUG] train_step 17500: episodes collected, starting value_update
[DEBUG] train_step 17500: value_update done, starting policy_update
[DEBUG] train_step 17500: policy_update done
[step 17550] value_loss=2.317866 policy_loss=-0.142799
[step 17550] VALUE_DEBUG: target(mean=-3.70 std=8.25 min=-17.75 max=6.16) V(s)(mean=-3.68 std=8.28) reward(mean=0.527 std=1.818) clip=50.0
[DEBUG] train_step 17550: starting episode collection
[DEBUG] train_step 17550: episodes collected, starting value_update
[DEBUG] train_step 17550: value_update done, starting policy_update
[DEBUG] train_step 17550: policy_update done
[step 17600] opnorm clamp applied
[step 17600] value_loss=8.662169 policy_loss=-0.828052
[step 17600] VALUE_DEBUG: target(mean=-10.60 std=7.29 min=-22.06 max=5.79) V(s)(mean=-10.44 std=7.18) reward(mean=-0.839 std=5.458) clip=50.0
[step 17600] eval_success_rate=0.320 eval_mean_score=13.820 eval_policy_mode=greedy [solved=16/50, score_range=9.00-16.00/16.0, initial=9.00]
[step 17600] PROGRESS: filled=13.82 violations=0.00 zero_cand=0.00
[step 17600] DEBUG: ep_len=13.5 ep_ret=-7.111 stop_prob=0.000 score_chg=4.7775
[DEBUG] train_step 17600: starting episode collection
[DEBUG] train_step 17600: episodes collected, starting value_update
[DEBUG] train_step 17600: value_update done, starting policy_update
[DEBUG] train_step 17600: policy_update done
[step 17650] value_loss=6.998415 policy_loss=0.122378
[step 17650] VALUE_DEBUG: target(mean=-11.37 std=7.81 min=-25.16 max=3.12) V(s)(mean=-10.66 std=7.59) reward(mean=-1.170 std=3.714) clip=50.0
[DEBUG] train_step 17650: starting episode collection
[DEBUG] train_step 17650: episodes collected, starting value_update
[DEBUG] train_step 17650: value_update done, starting policy_update
[DEBUG] train_step 17650: policy_update done
[step 17700] opnorm clamp applied
[step 17700] value_loss=5.143342 policy_loss=-0.811270
[step 17700] VALUE_DEBUG: target(mean=-8.04 std=9.48 min=-23.06 max=11.80) V(s)(mean=-8.28 std=8.34) reward(mean=-1.639 std=5.889) clip=50.0
[step 17700] eval_success_rate=0.280 eval_mean_score=13.720 eval_policy_mode=greedy [solved=14/50, score_range=10.00-16.00/16.0, initial=9.00]
[step 17700] PROGRESS: filled=13.72 violations=0.00 zero_cand=0.00
[step 17700] DEBUG: ep_len=13.1 ep_ret=-5.742 stop_prob=0.000 score_chg=4.8475
[DEBUG] train_step 17700: starting episode collection
[DEBUG] train_step 17700: episodes collected, starting value_update
[DEBUG] train_step 17700: value_update done, starting policy_update
[DEBUG] train_step 17700: policy_update done
[step 17750] value_loss=16.945414 policy_loss=0.470871
[step 17750] VALUE_DEBUG: target(mean=-7.50 std=9.79 min=-24.09 max=7.65) V(s)(mean=-7.46 std=8.87) reward(mean=0.382 std=4.230) clip=50.0
[DEBUG] train_step 17750: starting episode collection
[DEBUG] train_step 17750: episodes collected, starting value_update
[DEBUG] train_step 17750: value_update done, starting policy_update
[DEBUG] train_step 17750: policy_update done
[step 17800] opnorm clamp applied
[step 17800] value_loss=5.158310 policy_loss=0.548658
[step 17800] VALUE_DEBUG: target(mean=-9.60 std=7.82 min=-20.85 max=7.16) V(s)(mean=-9.74 std=7.71) reward(mean=-1.374 std=5.298) clip=50.0
[step 17800] eval_success_rate=0.240 eval_mean_score=13.480 eval_policy_mode=greedy [solved=12/50, score_range=9.00-16.00/16.0, initial=9.00]
[step 17800] PROGRESS: filled=13.48 violations=0.00 zero_cand=0.00
[step 17800] DEBUG: ep_len=13.3 ep_ret=-6.131 stop_prob=0.000 score_chg=4.8475
[DEBUG] train_step 17800: starting episode collection
[DEBUG] train_step 17800: episodes collected, starting value_update
[DEBUG] train_step 17800: value_update done, starting policy_update
[DEBUG] train_step 17800: policy_update done
[step 17850] value_loss=7.912848 policy_loss=0.313548
[step 17850] VALUE_DEBUG: target(mean=-7.48 std=8.92 min=-25.77 max=6.84) V(s)(mean=-8.09 std=7.77) reward(mean=0.033 std=5.128) clip=50.0
[DEBUG] train_step 17850: starting episode collection
[DEBUG] train_step 17850: episodes collected, starting value_update
[DEBUG] train_step 17850: value_update done, starting policy_update
[DEBUG] train_step 17850: policy_update done
[step 17900] opnorm clamp applied
[step 17900] value_loss=7.341270 policy_loss=-0.612288
[step 17900] VALUE_DEBUG: target(mean=-9.73 std=8.39 min=-19.52 max=3.79) V(s)(mean=-10.33 std=8.14) reward(mean=-0.060 std=4.195) clip=50.0
[step 17900] eval_success_rate=0.280 eval_mean_score=13.600 eval_policy_mode=greedy [solved=14/50, score_range=9.00-16.00/16.0, initial=9.00]
[step 17900] PROGRESS: filled=13.60 violations=0.00 zero_cand=0.00
[step 17900] DEBUG: ep_len=13.2 ep_ret=-5.922 stop_prob=0.000 score_chg=4.6100
[DEBUG] train_step 17900: starting episode collection
[DEBUG] train_step 17900: episodes collected, starting value_update
[DEBUG] train_step 17900: value_update done, starting policy_update
[DEBUG] train_step 17900: policy_update done
[step 17950] value_loss=3.806656 policy_loss=-0.206007
[step 17950] VALUE_DEBUG: target(mean=-6.96 std=9.15 min=-17.50 max=16.41) V(s)(mean=-7.39 std=8.77) reward(mean=0.473 std=3.177) clip=50.0
[DEBUG] train_step 17950: starting episode collection
[DEBUG] train_step 17950: episodes collected, starting value_update
[DEBUG] train_step 17950: value_update done, starting policy_update
[DEBUG] train_step 17950: policy_update done
[step 18000] opnorm clamp applied
[step 18000] value_loss=10.133930 policy_loss=0.332863
[step 18000] VALUE_DEBUG: target(mean=-4.61 std=8.78 min=-16.79 max=9.35) V(s)(mean=-4.86 std=8.13) reward(mean=0.848 std=3.814) clip=50.0
[step 18000] eval_success_rate=0.340 eval_mean_score=13.760 eval_policy_mode=greedy [solved=17/50, score_range=9.00-16.00/16.0, initial=9.00]
[step 18000] PROGRESS: filled=13.76 violations=0.00 zero_cand=0.00
[step 18000] DEBUG: ep_len=13.1 ep_ret=-5.067 stop_prob=0.000 score_chg=5.1150
[Checkpoint] Saved to buiksat_trm/checkpoints/table3_hard_6to8_controlled_nomask_c_r0_s7/rl_checkpoint_step_18000.pt
[DEBUG] train_step 18000: starting episode collection
[DEBUG] train_step 18000: episodes collected, starting value_update
[DEBUG] train_step 18000: value_update done, starting policy_update
[DEBUG] train_step 18000: policy_update done
[step 18050] value_loss=4.280714 policy_loss=-0.322909
[step 18050] VALUE_DEBUG: target(mean=-5.60 std=8.33 min=-17.46 max=6.97) V(s)(mean=-5.34 std=8.44) reward(mean=-0.280 std=3.765) clip=50.0
[DEBUG] train_step 18050: starting episode collection
[DEBUG] train_step 18050: episodes collected, starting value_update
[DEBUG] train_step 18050: value_update done, starting policy_update
[DEBUG] train_step 18050: policy_update done
[step 18100] opnorm clamp applied
[step 18100] value_loss=20.231161 policy_loss=-0.377848
[step 18100] VALUE_DEBUG: target(mean=-8.62 std=9.52 min=-25.06 max=6.80) V(s)(mean=-8.27 std=8.86) reward(mean=-0.486 std=4.636) clip=50.0
[step 18100] eval_success_rate=0.340 eval_mean_score=13.880 eval_policy_mode=greedy [solved=17/50, score_range=9.00-16.00/16.0, initial=9.00]
[step 18100] PROGRESS: filled=13.88 violations=0.00 zero_cand=0.00
[step 18100] DEBUG: ep_len=12.9 ep_ret=-4.874 stop_prob=0.000 score_chg=5.0825
[DEBUG] train_step 18100: starting episode collection
[DEBUG] train_step 18100: episodes collected, starting value_update
[DEBUG] train_step 18100: value_update done, starting policy_update
[DEBUG] train_step 18100: policy_update done
[step 18150] value_loss=1.912850 policy_loss=0.020991
[step 18150] VALUE_DEBUG: target(mean=-8.40 std=8.22 min=-17.05 max=6.79) V(s)(mean=-8.75 std=7.71) reward(mean=-0.318 std=4.156) clip=50.0
[DEBUG] train_step 18150: starting episode collection
[DEBUG] train_step 18150: episodes collected, starting value_update
[DEBUG] train_step 18150: value_update done, starting policy_update
[DEBUG] train_step 18150: policy_update done
[step 18200] opnorm clamp applied
[step 18200] value_loss=2.532554 policy_loss=-0.863206
[step 18200] VALUE_DEBUG: target(mean=-8.97 std=8.77 min=-19.77 max=6.65) V(s)(mean=-8.99 std=7.84) reward(mean=-0.274 std=3.610) clip=50.0
[step 18200] eval_success_rate=0.340 eval_mean_score=13.580 eval_policy_mode=greedy [solved=17/50, score_range=9.00-16.00/16.0, initial=9.00]
[step 18200] PROGRESS: filled=13.58 violations=0.00 zero_cand=0.00
[step 18200] DEBUG: ep_len=13.0 ep_ret=-5.711 stop_prob=0.000 score_chg=4.9425
[DEBUG] train_step 18200: starting episode collection
[DEBUG] train_step 18200: episodes collected, starting value_update
[DEBUG] train_step 18200: value_update done, starting policy_update
[DEBUG] train_step 18200: policy_update done
[step 18250] value_loss=3.047727 policy_loss=0.384430
[step 18250] VALUE_DEBUG: target(mean=-5.27 std=9.01 min=-17.70 max=12.27) V(s)(mean=-6.04 std=8.44) reward(mean=0.716 std=2.395) clip=50.0
[DEBUG] train_step 18250: starting episode collection
[DEBUG] train_step 18250: episodes collected, starting value_update
[DEBUG] train_step 18250: value_update done, starting policy_update
[DEBUG] train_step 18250: policy_update done
[step 18300] opnorm clamp applied
[step 18300] value_loss=3.596641 policy_loss=-0.278725
[step 18300] VALUE_DEBUG: target(mean=-10.52 std=7.38 min=-23.01 max=7.06) V(s)(mean=-10.21 std=7.33) reward(mean=-2.389 std=5.607) clip=50.0
[step 18300] eval_success_rate=0.340 eval_mean_score=13.540 eval_policy_mode=greedy [solved=17/50, score_range=9.00-16.00/16.0, initial=9.00]
[step 18300] PROGRESS: filled=13.54 violations=0.00 zero_cand=0.00
[step 18300] DEBUG: ep_len=13.1 ep_ret=-6.007 stop_prob=0.000 score_chg=4.9400
[DEBUG] train_step 18300: starting episode collection
[DEBUG] train_step 18300: episodes collected, starting value_update
[DEBUG] train_step 18300: value_update done, starting policy_update
[DEBUG] train_step 18300: policy_update done
[step 18350] value_loss=4.949218 policy_loss=-0.255704
[step 18350] VALUE_DEBUG: target(mean=-10.37 std=8.44 min=-22.09 max=6.54) V(s)(mean=-10.76 std=7.59) reward(mean=-1.147 std=6.013) clip=50.0
[DEBUG] train_step 18350: starting episode collection
[DEBUG] train_step 18350: episodes collected, starting value_update
[DEBUG] train_step 18350: value_update done, starting policy_update
[DEBUG] train_step 18350: policy_update done
[step 18400] opnorm clamp applied
[step 18400] value_loss=13.421791 policy_loss=-0.349531
[step 18400] VALUE_DEBUG: target(mean=-11.41 std=7.56 min=-22.09 max=5.12) V(s)(mean=-10.66 std=7.21) reward(mean=-1.147 std=5.626) clip=50.0
[step 18400] eval_success_rate=0.340 eval_mean_score=13.540 eval_policy_mode=greedy [solved=17/50, score_range=9.00-16.00/16.0, initial=9.00]
[step 18400] PROGRESS: filled=13.54 violations=0.00 zero_cand=0.00
[step 18400] DEBUG: ep_len=13.2 ep_ret=-5.913 stop_prob=0.000 score_chg=4.9350
[DEBUG] train_step 18400: starting episode collection
[DEBUG] train_step 18400: episodes collected, starting value_update
[DEBUG] train_step 18400: value_update done, starting policy_update
[DEBUG] train_step 18400: policy_update done
[step 18450] value_loss=7.187075 policy_loss=0.116927
[step 18450] VALUE_DEBUG: target(mean=-11.08 std=6.54 min=-27.89 max=4.03) V(s)(mean=-10.66 std=6.24) reward(mean=-1.388 std=3.779) clip=50.0
[DEBUG] train_step 18450: starting episode collection
[DEBUG] train_step 18450: episodes collected, starting value_update
[DEBUG] train_step 18450: value_update done, starting policy_update
[DEBUG] train_step 18450: policy_update done
[step 18500] opnorm clamp applied
[step 18500] value_loss=15.531151 policy_loss=-0.185333
[step 18500] VALUE_DEBUG: target(mean=-7.49 std=9.02 min=-22.09 max=5.45) V(s)(mean=-7.32 std=8.76) reward(mean=-0.709 std=5.428) clip=50.0
[step 18500] eval_success_rate=0.340 eval_mean_score=13.620 eval_policy_mode=greedy [solved=17/50, score_range=9.00-16.00/16.0, initial=9.00]
[step 18500] PROGRESS: filled=13.62 violations=0.00 zero_cand=0.00
[step 18500] DEBUG: ep_len=12.7 ep_ret=-4.660 stop_prob=0.000 score_chg=5.0575
[DEBUG] train_step 18500: starting episode collection
[DEBUG] train_step 18500: episodes collected, starting value_update
[DEBUG] train_step 18500: value_update done, starting policy_update
[DEBUG] train_step 18500: policy_update done
[step 18550] value_loss=15.679165 policy_loss=-0.700837
[step 18550] VALUE_DEBUG: target(mean=-10.17 std=6.91 min=-22.29 max=3.49) V(s)(mean=-9.83 std=6.97) reward(mean=-1.429 std=5.545) clip=50.0
[DEBUG] train_step 18550: starting episode collection
[DEBUG] train_step 18550: episodes collected, starting value_update
[DEBUG] train_step 18550: value_update done, starting policy_update
[DEBUG] train_step 18550: policy_update done
[step 18600] opnorm clamp applied
[step 18600] value_loss=3.174145 policy_loss=0.251958
[step 18600] VALUE_DEBUG: target(mean=-7.92 std=8.74 min=-20.78 max=6.84) V(s)(mean=-7.82 std=8.67) reward(mean=-1.085 std=4.464) clip=50.0
[step 18600] eval_success_rate=0.340 eval_mean_score=13.700 eval_policy_mode=greedy [solved=17/50, score_range=9.00-16.00/16.0, initial=9.00]
[step 18600] PROGRESS: filled=13.70 violations=0.00 zero_cand=0.00
[step 18600] DEBUG: ep_len=13.0 ep_ret=-5.825 stop_prob=0.000 score_chg=4.8050
[DEBUG] train_step 18600: starting episode collection
[DEBUG] train_step 18600: episodes collected, starting value_update
[DEBUG] train_step 18600: value_update done, starting policy_update
[DEBUG] train_step 18600: policy_update done
[step 18650] value_loss=4.168155 policy_loss=-0.204001
[step 18650] VALUE_DEBUG: target(mean=-7.34 std=9.04 min=-23.16 max=6.19) V(s)(mean=-6.99 std=8.91) reward(mean=-1.839 std=5.029) clip=50.0
[DEBUG] train_step 18650: starting episode collection
[DEBUG] train_step 18650: episodes collected, starting value_update
[DEBUG] train_step 18650: value_update done, starting policy_update
[DEBUG] train_step 18650: policy_update done
[step 18700] opnorm clamp applied
[step 18700] value_loss=5.641077 policy_loss=0.128991
[step 18700] VALUE_DEBUG: target(mean=-8.58 std=8.28 min=-18.37 max=7.73) V(s)(mean=-8.09 std=7.90) reward(mean=0.092 std=2.371) clip=50.0
[step 18700] eval_success_rate=0.340 eval_mean_score=13.740 eval_policy_mode=greedy [solved=17/50, score_range=9.00-16.00/16.0, initial=9.00]
[step 18700] PROGRESS: filled=13.74 violations=0.00 zero_cand=0.00
[step 18700] DEBUG: ep_len=12.9 ep_ret=-5.359 stop_prob=0.000 score_chg=4.8250
[DEBUG] train_step 18700: starting episode collection
[DEBUG] train_step 18700: episodes collected, starting value_update
[DEBUG] train_step 18700: value_update done, starting policy_update
[DEBUG] train_step 18700: policy_update done
[step 18750] value_loss=9.071722 policy_loss=-0.206537
[step 18750] VALUE_DEBUG: target(mean=-9.05 std=8.41 min=-19.24 max=5.58) V(s)(mean=-8.66 std=8.36) reward(mean=-0.221 std=4.397) clip=50.0
[DEBUG] train_step 18750: starting episode collection
[DEBUG] train_step 18750: episodes collected, starting value_update
[DEBUG] train_step 18750: value_update done, starting policy_update
[DEBUG] train_step 18750: policy_update done
[step 18800] opnorm clamp applied
[step 18800] value_loss=5.039678 policy_loss=0.403697
[step 18800] VALUE_DEBUG: target(mean=-8.11 std=8.83 min=-23.12 max=5.87) V(s)(mean=-7.56 std=8.11) reward(mean=-0.710 std=3.459) clip=50.0
[step 18800] eval_success_rate=0.340 eval_mean_score=13.760 eval_policy_mode=greedy [solved=17/50, score_range=9.00-16.00/16.0, initial=9.00]
[step 18800] PROGRESS: filled=13.76 violations=0.00 zero_cand=0.00
[step 18800] DEBUG: ep_len=13.2 ep_ret=-5.831 stop_prob=0.000 score_chg=4.8575
[DEBUG] train_step 18800: starting episode collection
[DEBUG] train_step 18800: episodes collected, starting value_update
[DEBUG] train_step 18800: value_update done, starting policy_update
[DEBUG] train_step 18800: policy_update done
[step 18850] value_loss=5.939823 policy_loss=-0.446397
[step 18850] VALUE_DEBUG: target(mean=-10.67 std=7.37 min=-17.77 max=6.03) V(s)(mean=-11.31 std=6.44) reward(mean=-0.245 std=3.574) clip=50.0
[DEBUG] train_step 18850: starting episode collection
[DEBUG] train_step 18850: episodes collected, starting value_update
[DEBUG] train_step 18850: value_update done, starting policy_update
[DEBUG] train_step 18850: policy_update done
[step 18900] opnorm clamp applied
[step 18900] value_loss=3.834946 policy_loss=-0.430845
[step 18900] VALUE_DEBUG: target(mean=-7.58 std=8.72 min=-19.54 max=9.14) V(s)(mean=-7.74 std=8.18) reward(mean=-0.022 std=3.948) clip=50.0
[step 18900] eval_success_rate=0.400 eval_mean_score=13.940 eval_policy_mode=greedy [solved=20/50, score_range=9.00-16.00/16.0, initial=9.00]
[step 18900] PROGRESS: filled=13.94 violations=0.00 zero_cand=0.00
[step 18900] DEBUG: ep_len=13.2 ep_ret=-6.502 stop_prob=0.000 score_chg=4.6250
[DEBUG] train_step 18900: starting episode collection
[DEBUG] train_step 18900: episodes collected, starting value_update
[DEBUG] train_step 18900: value_update done, starting policy_update
[DEBUG] train_step 18900: policy_update done
[step 18950] value_loss=12.388561 policy_loss=0.242223
[step 18950] VALUE_DEBUG: target(mean=-10.52 std=8.11 min=-23.97 max=5.66) V(s)(mean=-10.20 std=7.21) reward(mean=-2.274 std=6.367) clip=50.0
[DEBUG] train_step 18950: starting episode collection
[DEBUG] train_step 18950: episodes collected, starting value_update
[DEBUG] train_step 18950: value_update done, starting policy_update
[DEBUG] train_step 18950: policy_update done
[step 19000] opnorm clamp applied
[step 19000] value_loss=3.150498 policy_loss=0.759257
[step 19000] VALUE_DEBUG: target(mean=-10.09 std=7.82 min=-21.16 max=5.50) V(s)(mean=-9.75 std=8.06) reward(mean=-0.991 std=3.420) clip=50.0
[step 19000] eval_success_rate=0.360 eval_mean_score=13.660 eval_policy_mode=greedy [solved=18/50, score_range=9.00-16.00/16.0, initial=9.00]
[step 19000] PROGRESS: filled=13.66 violations=0.00 zero_cand=0.00
[step 19000] DEBUG: ep_len=12.8 ep_ret=-5.191 stop_prob=0.000 score_chg=4.8375
[Checkpoint] Saved to buiksat_trm/checkpoints/table3_hard_6to8_controlled_nomask_c_r0_s7/rl_checkpoint_step_19000.pt
[DEBUG] train_step 19000: starting episode collection
[DEBUG] train_step 19000: episodes collected, starting value_update
[DEBUG] train_step 19000: value_update done, starting policy_update
[DEBUG] train_step 19000: policy_update done
[step 19050] value_loss=7.235987 policy_loss=-1.002183
[step 19050] VALUE_DEBUG: target(mean=-8.46 std=8.71 min=-19.90 max=6.41) V(s)(mean=-8.27 std=8.84) reward(mean=-0.171 std=2.515) clip=50.0
[DEBUG] train_step 19050: starting episode collection
[DEBUG] train_step 19050: episodes collected, starting value_update
[DEBUG] train_step 19050: value_update done, starting policy_update
[DEBUG] train_step 19050: policy_update done
[step 19100] opnorm clamp applied
[step 19100] value_loss=1.832020 policy_loss=0.658447
[step 19100] VALUE_DEBUG: target(mean=-6.23 std=9.25 min=-18.17 max=7.80) V(s)(mean=-6.16 std=9.10) reward(mean=0.346 std=1.490) clip=50.0
[step 19100] eval_success_rate=0.440 eval_mean_score=13.960 eval_policy_mode=greedy [solved=22/50, score_range=9.00-16.00/16.0, initial=9.00]
[step 19100] PROGRESS: filled=13.96 violations=0.00 zero_cand=0.00
[step 19100] DEBUG: ep_len=12.8 ep_ret=-5.454 stop_prob=0.000 score_chg=4.8000
[DEBUG] train_step 19100: starting episode collection
[DEBUG] train_step 19100: episodes collected, starting value_update
[DEBUG] train_step 19100: value_update done, starting policy_update
[DEBUG] train_step 19100: policy_update done
[step 19150] value_loss=3.125830 policy_loss=-0.373243
[step 19150] VALUE_DEBUG: target(mean=-12.66 std=5.36 min=-19.65 max=3.25) V(s)(mean=-12.54 std=5.60) reward(mean=-0.556 std=3.507) clip=50.0
[DEBUG] train_step 19150: starting episode collection
[DEBUG] train_step 19150: episodes collected, starting value_update
[DEBUG] train_step 19150: value_update done, starting policy_update
[DEBUG] train_step 19150: policy_update done
[step 19200] opnorm clamp applied
[step 19200] value_loss=4.176792 policy_loss=-0.228135
[step 19200] VALUE_DEBUG: target(mean=-10.27 std=8.72 min=-25.54 max=6.50) V(s)(mean=-9.75 std=8.13) reward(mean=-1.143 std=3.764) clip=50.0
[step 19200] eval_success_rate=0.400 eval_mean_score=13.700 eval_policy_mode=greedy [solved=20/50, score_range=9.00-16.00/16.0, initial=9.00]
[step 19200] PROGRESS: filled=13.70 violations=0.00 zero_cand=0.00
[step 19200] DEBUG: ep_len=13.0 ep_ret=-6.093 stop_prob=0.000 score_chg=4.7500
[DEBUG] train_step 19200: starting episode collection
[DEBUG] train_step 19200: episodes collected, starting value_update
[DEBUG] train_step 19200: value_update done, starting policy_update
[DEBUG] train_step 19200: policy_update done
[step 19250] value_loss=17.087788 policy_loss=0.092817
[step 19250] VALUE_DEBUG: target(mean=-10.29 std=8.91 min=-22.45 max=15.58) V(s)(mean=-10.05 std=7.75) reward(mean=-0.330 std=5.035) clip=50.0
[DEBUG] train_step 19250: starting episode collection
[DEBUG] train_step 19250: episodes collected, starting value_update
[DEBUG] train_step 19250: value_update done, starting policy_update
[DEBUG] train_step 19250: policy_update done
[step 19300] opnorm clamp applied
[step 19300] value_loss=9.801397 policy_loss=-0.805010
[step 19300] VALUE_DEBUG: target(mean=-11.19 std=7.57 min=-18.86 max=4.96) V(s)(mean=-10.93 std=7.74) reward(mean=-1.718 std=5.477) clip=50.0
[step 19300] eval_success_rate=0.440 eval_mean_score=13.900 eval_policy_mode=greedy [solved=22/50, score_range=9.00-16.00/16.0, initial=9.00]
[step 19300] PROGRESS: filled=13.90 violations=0.00 zero_cand=0.00
[step 19300] DEBUG: ep_len=12.8 ep_ret=-5.361 stop_prob=0.000 score_chg=5.0475
[DEBUG] train_step 19300: starting episode collection
[DEBUG] train_step 19300: episodes collected, starting value_update
[DEBUG] train_step 19300: value_update done, starting policy_update
[DEBUG] train_step 19300: policy_update done
[step 19350] value_loss=6.529707 policy_loss=0.510343
[step 19350] VALUE_DEBUG: target(mean=-6.79 std=9.25 min=-21.05 max=7.91) V(s)(mean=-7.51 std=8.55) reward(mean=-0.338 std=4.760) clip=50.0
[DEBUG] train_step 19350: starting episode collection
[DEBUG] train_step 19350: episodes collected, starting value_update
[DEBUG] train_step 19350: value_update done, starting policy_update
[DEBUG] train_step 19350: policy_update done
[step 19400] opnorm clamp applied
[step 19400] value_loss=3.506302 policy_loss=-0.645876
[step 19400] VALUE_DEBUG: target(mean=-9.77 std=7.89 min=-18.27 max=5.58) V(s)(mean=-10.34 std=7.69) reward(mean=-0.840 std=3.615) clip=50.0
[step 19400] eval_success_rate=0.400 eval_mean_score=13.700 eval_policy_mode=greedy [solved=20/50, score_range=9.00-16.00/16.0, initial=9.00]
[step 19400] PROGRESS: filled=13.70 violations=0.00 zero_cand=0.00
[step 19400] DEBUG: ep_len=12.9 ep_ret=-5.618 stop_prob=0.000 score_chg=4.8200
[DEBUG] train_step 19400: starting episode collection
[DEBUG] train_step 19400: episodes collected, starting value_update
[DEBUG] train_step 19400: value_update done, starting policy_update
[DEBUG] train_step 19400: policy_update done
[step 19450] value_loss=0.759110 policy_loss=-1.280887
[step 19450] VALUE_DEBUG: target(mean=-10.03 std=7.67 min=-19.05 max=4.50) V(s)(mean=-9.96 std=7.46) reward(mean=0.319 std=1.592) clip=50.0
[DEBUG] train_step 19450: starting episode collection
[DEBUG] train_step 19450: episodes collected, starting value_update
[DEBUG] train_step 19450: value_update done, starting policy_update
[DEBUG] train_step 19450: policy_update done
[step 19500] opnorm clamp applied
[step 19500] value_loss=1.908068 policy_loss=0.280676
[step 19500] VALUE_DEBUG: target(mean=-9.05 std=7.77 min=-20.15 max=3.71) V(s)(mean=-8.99 std=7.92) reward(mean=-0.248 std=3.385) clip=50.0
[step 19500] eval_success_rate=0.340 eval_mean_score=13.560 eval_policy_mode=greedy [solved=17/50, score_range=9.00-16.00/16.0, initial=9.00]
[step 19500] PROGRESS: filled=13.56 violations=0.00 zero_cand=0.00
[step 19500] DEBUG: ep_len=12.7 ep_ret=-4.937 stop_prob=0.000 score_chg=5.0350
[DEBUG] train_step 19500: starting episode collection
[DEBUG] train_step 19500: episodes collected, starting value_update
[DEBUG] train_step 19500: value_update done, starting policy_update
[DEBUG] train_step 19500: policy_update done
[step 19550] value_loss=2.138045 policy_loss=0.733951
[step 19550] VALUE_DEBUG: target(mean=-11.15 std=7.69 min=-19.12 max=6.85) V(s)(mean=-11.40 std=7.51) reward(mean=-0.598 std=4.309) clip=50.0
[DEBUG] train_step 19550: starting episode collection
[DEBUG] train_step 19550: episodes collected, starting value_update
[DEBUG] train_step 19550: value_update done, starting policy_update
[DEBUG] train_step 19550: policy_update done
[step 19600] opnorm clamp applied
[step 19600] value_loss=5.254419 policy_loss=0.227492
[step 19600] VALUE_DEBUG: target(mean=-8.27 std=7.50 min=-16.52 max=5.22) V(s)(mean=-8.20 std=7.73) reward(mean=-0.588 std=3.863) clip=50.0
[step 19600] eval_success_rate=0.340 eval_mean_score=13.460 eval_policy_mode=greedy [solved=17/50, score_range=9.00-16.00/16.0, initial=9.00]
[step 19600] PROGRESS: filled=13.46 violations=0.00 zero_cand=0.00
[step 19600] DEBUG: ep_len=13.1 ep_ret=-5.755 stop_prob=0.000 score_chg=4.7600
[DEBUG] train_step 19600: starting episode collection
[DEBUG] train_step 19600: episodes collected, starting value_update
[DEBUG] train_step 19600: value_update done, starting policy_update
[DEBUG] train_step 19600: policy_update done
[step 19650] value_loss=2.892494 policy_loss=-0.531877
[step 19650] VALUE_DEBUG: target(mean=-12.30 std=6.37 min=-21.98 max=5.26) V(s)(mean=-12.35 std=5.71) reward(mean=0.045 std=2.221) clip=50.0
[DEBUG] train_step 19650: starting episode collection
[DEBUG] train_step 19650: episodes collected, starting value_update
[DEBUG] train_step 19650: value_update done, starting policy_update
[DEBUG] train_step 19650: policy_update done
[step 19700] opnorm clamp applied
[step 19700] value_loss=2.945216 policy_loss=0.129405
[step 19700] VALUE_DEBUG: target(mean=-7.38 std=8.68 min=-19.36 max=7.10) V(s)(mean=-7.37 std=8.46) reward(mean=-0.806 std=4.469) clip=50.0
[step 19700] eval_success_rate=0.340 eval_mean_score=13.360 eval_policy_mode=greedy [solved=17/50, score_range=9.00-16.00/16.0, initial=9.00]
[step 19700] PROGRESS: filled=13.36 violations=0.00 zero_cand=0.00
[step 19700] DEBUG: ep_len=12.7 ep_ret=-4.823 stop_prob=0.000 score_chg=4.8875
[DEBUG] train_step 19700: starting episode collection
[DEBUG] train_step 19700: episodes collected, starting value_update
[DEBUG] train_step 19700: value_update done, starting policy_update
[DEBUG] train_step 19700: policy_update done
[step 19750] value_loss=0.418775 policy_loss=-0.227287
[step 19750] VALUE_DEBUG: target(mean=-8.64 std=8.32 min=-18.02 max=4.79) V(s)(mean=-8.81 std=8.32) reward(mean=0.151 std=3.187) clip=50.0
[DEBUG] train_step 19750: starting episode collection
[DEBUG] train_step 19750: episodes collected, starting value_update
[DEBUG] train_step 19750: value_update done, starting policy_update
[DEBUG] train_step 19750: policy_update done
[step 19800] opnorm clamp applied
[step 19800] value_loss=1.990433 policy_loss=-0.509409
[step 19800] VALUE_DEBUG: target(mean=-8.60 std=8.69 min=-21.11 max=6.35) V(s)(mean=-8.64 std=8.48) reward(mean=-1.120 std=5.009) clip=50.0
[step 19800] eval_success_rate=0.340 eval_mean_score=13.300 eval_policy_mode=greedy [solved=17/50, score_range=9.00-16.00/16.0, initial=9.00]
[step 19800] PROGRESS: filled=13.30 violations=0.00 zero_cand=0.00
[step 19800] DEBUG: ep_len=12.9 ep_ret=-5.404 stop_prob=0.000 score_chg=4.8725
[DEBUG] train_step 19800: starting episode collection
[DEBUG] train_step 19800: episodes collected, starting value_update
[DEBUG] train_step 19800: value_update done, starting policy_update
[DEBUG] train_step 19800: policy_update done
[step 19850] value_loss=4.760026 policy_loss=0.175109
[step 19850] VALUE_DEBUG: target(mean=-7.50 std=8.12 min=-18.50 max=4.90) V(s)(mean=-7.52 std=7.82) reward(mean=-0.183 std=3.486) clip=50.0
[DEBUG] train_step 19850: starting episode collection
[DEBUG] train_step 19850: episodes collected, starting value_update
[DEBUG] train_step 19850: value_update done, starting policy_update
[DEBUG] train_step 19850: policy_update done
[step 19900] opnorm clamp applied
[step 19900] value_loss=4.097399 policy_loss=-0.340927
[step 19900] VALUE_DEBUG: target(mean=-8.99 std=8.05 min=-18.84 max=5.35) V(s)(mean=-9.10 std=8.04) reward(mean=0.489 std=2.496) clip=50.0
[step 19900] eval_success_rate=0.380 eval_mean_score=13.620 eval_policy_mode=greedy [solved=19/50, score_range=9.00-16.00/16.0, initial=9.00]
[step 19900] PROGRESS: filled=13.62 violations=0.00 zero_cand=0.00
[step 19900] DEBUG: ep_len=12.6 ep_ret=-5.075 stop_prob=0.000 score_chg=4.8200
[DEBUG] train_step 19900: starting episode collection
[DEBUG] train_step 19900: episodes collected, starting value_update
[DEBUG] train_step 19900: value_update done, starting policy_update
[DEBUG] train_step 19900: policy_update done
[step 19950] value_loss=3.088702 policy_loss=0.144257
[step 19950] VALUE_DEBUG: target(mean=-9.83 std=6.56 min=-20.19 max=1.92) V(s)(mean=-9.83 std=6.62) reward(mean=-0.523 std=3.771) clip=50.0
[DEBUG] train_step 19950: starting episode collection
[DEBUG] train_step 19950: episodes collected, starting value_update
[DEBUG] train_step 19950: value_update done, starting policy_update
[DEBUG] train_step 19950: policy_update done
[step 20000] opnorm clamp applied
[step 20000] value_loss=6.540414 policy_loss=0.002290
[step 20000] VALUE_DEBUG: target(mean=-6.71 std=8.32 min=-17.67 max=8.73) V(s)(mean=-7.05 std=8.50) reward(mean=0.444 std=2.272) clip=50.0
[step 20000] eval_success_rate=0.340 eval_mean_score=13.460 eval_policy_mode=greedy [solved=17/50, score_range=9.00-16.00/16.0, initial=9.00]
[step 20000] PROGRESS: filled=13.46 violations=0.00 zero_cand=0.00
[step 20000] DEBUG: ep_len=12.9 ep_ret=-5.399 stop_prob=0.000 score_chg=4.7950
[Checkpoint] Saved to buiksat_trm/checkpoints/table3_hard_6to8_controlled_nomask_c_r0_s7/rl_checkpoint_step_20000.pt
[Checkpoint] Saved to buiksat_trm/checkpoints/table3_hard_6to8_controlled_nomask_c_r0_s7/rl_checkpoint_step_20000.pt
