[2026-04-07T15:39:21.030-07:00] Buck UI: https://www.internalfb.com/buck2/3362e9c5-31e8-4f1d-93a1-dc4a546fc94b
[2026-04-07T15:39:21.146-07:00] Network: Up: 0B  Down: 0B
BUILD SUCCEEDED - starting your binary
[DATASET] dataset_paths=['buiksat_trm/data/sudoku-4x4-easy_6to8empties']
[DATASET] resolved_dataset_name=sudoku-4x4-easy_6to8empties
[DATASET] num_samples=32
[INFO] Using feasibility-aware Sudoku checker for 4x4
       score = filled - 2.0*violations - 5.0*zeroCand
       Max score: 16 (all filled, no violations)
[INFO] Training for 20000 steps (gamma=0.990, K=1, inner_unroll_n=2)
[INFO] Terminal rewards: solve=1.000, fail=-16.000
/data/repos/fbsource/buck-out/v2/art/fbcode/ca4a815cd8c16f5f/buiksat_trm/__upi_trm_train__/upi_trm_train#link-tree/upi_trm_train.py:842: UserWarning: rl_enable_contraction=True: Applying operator-norm clamping and contraction scaling to z->z path layers. This is REQUIRED for Assumption 3.2 (L_z < 1) but will modify network behavior. Pretrained weights from vanilla TRM may require fine-tuning.
  model = TinyRecursiveReasoningModel_ACTV1(trm_cfg_dict)
[INFO] Using TRM backbone (hidden=64, H=2, L=2)
[DEBUG] Policy head STOP bias: 0.00 (should be 0.0 for uniform init)
[INFO] Puzzle embeddings DISABLED (set --puzzle-emb-ndim > 0 to enable)
============================================================
TRAINER SELECTION
============================================================
INFO:2026-04-07 15:39:26 1526600:1526600 CuptiCallbackApi.cpp:69] Callback: domain = 3, cbid = 1
INFO:2026-04-07 15:39:26 1526600:1526600 CuptiActivityProfiler.cpp:93] CUDA versions. CUPTI: 22; Runtime: 12040; Driver: 12040
INFO:2026-04-07 15:39:26 1526600:1527346 FBConfig.cpp:330] Perfetto builder enabled: 1
INFO:2026-04-07 15:39:26 1526600:1527346 DynoConfigLoader.cpp:61] Setting communication fabric enabled = 0
/data/repos/fbsource/buck-out/v2/art/fbcode/ca4a815cd8c16f5f/buiksat_trm/__upi_trm_train__/upi_trm_train#link-tree/rl/upi_trm_trainer.py:96: UserWarning: rl_enable_contraction=True: Applying operator-norm clamping and contraction scaling to z->z path layers. This is REQUIRED for Assumption 3.2 (L_z < 1) but will modify network behavior. Pretrained weights from vanilla TRM may require fine-tuning.
  self.target_model = TinyRecursiveReasoningModel_ACTV1(self._config_to_dict(self.model.config)).to(device)
/data/repos/fbsource/buck-out/v2/art/fbcode/ca4a815cd8c16f5f/buiksat_trm/__upi_trm_train__/upi_trm_train#link-tree/rl/upi_trm_trainer.py:106: UserWarning: rl_enable_contraction=True: Applying operator-norm clamping and contraction scaling to z->z path layers. This is REQUIRED for Assumption 3.2 (L_z < 1) but will modify network behavior. Pretrained weights from vanilla TRM may require fine-tuning.
  self.policy_model_candidate = TinyRecursiveReasoningModel_ACTV1(
INFO:2026-04-07 15:39:26 1526600:1527346 DynoConfigLoader.cpp:61] Setting communication fabric enabled = 0
TritonTraceHandler: disabled because /logs does not exist
===========[FB_TRITON]=========== Triton Version: 3.5.0+fb
[TRAINER] UPI-TRM (K=1, inner_n=2)
[TRAINER] CLI --baseline: None, YAML algorithm: None
============================================================

============================================================
UPI-TRM THEORY ALIGNMENT CHECK
============================================================
⚠ Configuration has theory gaps:
  • exact_baseline_summation=False: Using approximate baseline. This gives O(ε_A/(1-γ)) bound instead of O(α·ε_A) from Theorem 5.9. For discrete action spaces (Sudoku), enable for tighter bounds.
  • theory_exact_mixture=False: Using parameter-space interpolation for CPI, which is NOT equivalent to policy-space mixture. The CPI improvement guarantee does not strictly apply. Set theory_exact_mixture=True for theory-exact behavior (but slower due to evaluating two networks).

Theory status:
  Forward-invariant projection: ✓
  Contraction enforced (L_z < 1): ✓
  Exact baseline (Thm 5.9): ✗
  Distillation (not in theory): ✓ disabled

Is theory-exact: False
============================================================

UPI-TRM theoretical dials:
  L_z target (rl_cfg.target_Lz): 0.9
  L_V target (rl_cfg.target_Lv): 1.0
  Inner unroll n (rl_cfg.inner_unroll_n): 2
  K-step horizon K (rl_cfg.K): 1
  Mixture alpha (rl_cfg.mixture_alpha): 0.1
  Latent ball radius (rl_cfg.latent_ball_radius): 10.0
  Episodic latent: True
  Exact K-step targets: False
  Exact baseline summation: False

[INFO] STOP action mode: disabled
[INFO] Forward-invariant projection enabled (R=10.0)
[WandB] Disabled by default (enable with: --wandb)
[DEBUG] train_step 0: starting episode collection
[DEBUG] Action mask: 32 valid actions out of 97 total
[DEBUG] Latent mode: episodic
[DEBUG] Episode 0, Step 0: calling _mixed_policy_dist
[DEBUG] Step 0 probs: STOP=0.000000, edits=1.000000
[DEBUG] Top 5 action probs: torch.return_types.topk(
values=tensor([0.0425, 0.0420, 0.0407, 0.0407, 0.0381], device='cuda:0'),
indices=tensor([75, 77, 52, 35, 39], device='cuda:0'))
[DEBUG] Episode 0, Step 0 complete: action=28, reward=0.9100, done=False
[DEBUG] Episode 0, Step 1: calling _mixed_policy_dist
[DEBUG] Episode 0, Step 1 complete: action=81, reward=-9.0000, done=False
[DEBUG] Episode 0, Step 2: calling _mixed_policy_dist
[DEBUG] Episode 0, Step 2 complete: action=39, reward=-5.9400, done=False
[DEBUG] Episode 0, Step 3: calling _mixed_policy_dist
[DEBUG] Episode 0, Step 3 complete: action=33, reward=2.0400, done=False
[DEBUG] Episode 0, Step 4: calling _mixed_policy_dist
[DEBUG] Episode 0, Step 4 complete: action=33, reward=0.0400, done=False
[DEBUG] Episode 0 finished: 16 steps, done=True, reason=budget
[DEBUG] Episode 1, Step 0: calling _mixed_policy_dist
[DEBUG] Episode 1, Step 0 complete: action=87, reward=-8.0100, done=False
[DEBUG] Episode 1, Step 1: calling _mixed_policy_dist
[DEBUG] Episode 1, Step 1 complete: action=2, reward=-5.9500, done=False
[DEBUG] Episode 1, Step 2: calling _mixed_policy_dist
[DEBUG] Episode 1, Step 2 complete: action=28, reward=1.0400, done=False
[DEBUG] Episode 1, Step 3: calling _mixed_policy_dist
[DEBUG] Episode 1, Step 3 complete: action=5, reward=6.9700, done=False
[DEBUG] Episode 1, Step 4: calling _mixed_policy_dist
[DEBUG] Episode 1, Step 4 complete: action=3, reward=-6.9600, done=False
[DEBUG] Episode 1 finished: 16 steps, done=True, reason=budget
[DEBUG] Episode 2, Step 0: calling _mixed_policy_dist
[DEBUG] Episode 2, Step 0 complete: action=35, reward=0.8900, done=False
[DEBUG] Episode 2, Step 1: calling _mixed_policy_dist
[DEBUG] Episode 2, Step 1 complete: action=69, reward=-6.0500, done=False
[DEBUG] Episode 2, Step 2: calling _mixed_policy_dist
[DEBUG] Episode 2, Step 2 complete: action=32, reward=-6.9800, done=False
[DEBUG] Episode 2, Step 3: calling _mixed_policy_dist
[DEBUG] Episode 2, Step 3 complete: action=95, reward=-2.9500, done=False
[DEBUG] Episode 2, Step 4: calling _mixed_policy_dist
[DEBUG] Episode 2, Step 4 complete: action=20, reward=2.0300, done=False
[DEBUG] Episode 2 finished: 16 steps, done=True, reason=budget
[DEBUG] Episode 3, Step 0: calling _mixed_policy_dist
[DEBUG] Episode 3, Step 0 complete: action=28, reward=-5.0500, done=False
[DEBUG] Episode 3, Step 1: calling _mixed_policy_dist
[DEBUG] Episode 3, Step 1 complete: action=56, reward=0.9400, done=False
[DEBUG] Episode 3, Step 2: calling _mixed_policy_dist
[DEBUG] Episode 3, Step 2 complete: action=26, reward=5.8800, done=False
[DEBUG] Episode 3, Step 3: calling _mixed_policy_dist
[DEBUG] Episode 3, Step 3 complete: action=23, reward=0.8700, done=False
[DEBUG] Episode 3, Step 4: calling _mixed_policy_dist
[DEBUG] Episode 3, Step 4 complete: action=26, reward=-0.1300, done=False
[DEBUG] Episode 3 finished: 16 steps, done=True, reason=budget
[DEBUG] train_step 0: episodes collected, starting value_update
[DEBUG] train_step 0: value_update done, starting policy_update
[DEBUG] train_step 0: policy_update done
[DEBUG] train_step 1: starting episode collection
[DEBUG] Episode 4, Step 0: calling _mixed_policy_dist
[DEBUG] Episode 4, Step 0 complete: action=56, reward=0.8900, done=False
[DEBUG] Episode 4, Step 1: calling _mixed_policy_dist
[DEBUG] Episode 4, Step 1 complete: action=88, reward=-5.0600, done=False
[DEBUG] Episode 4, Step 2: calling _mixed_policy_dist
[DEBUG] Episode 4, Step 2 complete: action=86, reward=-0.0600, done=False
[DEBUG] Episode 4, Step 3: calling _mixed_policy_dist
[DEBUG] Episode 4, Step 3 complete: action=28, reward=0.9300, done=False
[DEBUG] Episode 4, Step 4: calling _mixed_policy_dist
[DEBUG] Episode 4, Step 4 complete: action=5, reward=-7.9900, done=False
[DEBUG] Episode 4 finished: 16 steps, done=True, reason=budget
[DEBUG] train_step 1: episodes collected, starting value_update
[DEBUG] train_step 1: value_update done, starting policy_update
[DEBUG] train_step 1: policy_update done
[DEBUG] train_step 2: starting episode collection
[DEBUG] train_step 2: episodes collected, starting value_update
[DEBUG] train_step 2: value_update done, starting policy_update
[DEBUG] train_step 2: policy_update done
[DEBUG] train_step 3: starting episode collection
[DEBUG] train_step 3: episodes collected, starting value_update
[DEBUG] train_step 3: value_update done, starting policy_update
[DEBUG] train_step 3: policy_update done
[DEBUG] train_step 4: starting episode collection
[DEBUG] train_step 4: episodes collected, starting value_update
[DEBUG] train_step 4: value_update done, starting policy_update
[DEBUG] train_step 4: policy_update done
[step 00050] value_loss=39.096283 policy_loss=0.312385
[step 00050] VALUE_DEBUG: target(mean=-1.84 std=6.24 min=-21.95 max=5.62) V(s)(mean=-1.59 std=0.20) reward(mean=-1.597 std=6.322) clip=50.0
[DEBUG] train_step 50: starting episode collection
[DEBUG] train_step 50: episodes collected, starting value_update
[DEBUG] train_step 50: value_update done, starting policy_update
[DEBUG] train_step 50: policy_update done
[step 00100] opnorm clamp applied
[step 00100] value_loss=24.798252 policy_loss=0.502262
[step 00100] VALUE_DEBUG: target(mean=-3.90 std=4.87 min=-20.02 max=3.22) V(s)(mean=-2.83 std=0.34) reward(mean=-2.875 std=5.032) clip=50.0
[step 00100] eval_success_rate=0.000 eval_mean_score=5.000 eval_policy_mode=greedy [solved=0/50, score_range=-6.00-12.00/16.0, initial=9.00]
[step 00100] PROGRESS: filled=10.26 violations=1.58 zero_cand=0.42
[step 00100] DEBUG: ep_len=16.0 ep_ret=-30.372 stop_prob=0.000 score_chg=-14.9475
[DEBUG] train_step 100: starting episode collection
[DEBUG] train_step 100: episodes collected, starting value_update
[DEBUG] train_step 100: value_update done, starting policy_update
[DEBUG] train_step 100: policy_update done
[step 00150] value_loss=18.036964 policy_loss=0.293881
[step 00150] VALUE_DEBUG: target(mean=-3.74 std=4.25 min=-19.92 max=2.32) V(s)(mean=-3.92 std=0.41) reward(mean=-1.897 std=4.460) clip=50.0
[DEBUG] train_step 150: starting episode collection
[DEBUG] train_step 150: episodes collected, starting value_update
[DEBUG] train_step 150: value_update done, starting policy_update
[DEBUG] train_step 150: policy_update done
[step 00200] opnorm clamp applied
[step 00200] value_loss=27.454399 policy_loss=-0.392283
[step 00200] VALUE_DEBUG: target(mean=-3.71 std=5.19 min=-15.92 max=8.77) V(s)(mean=-4.01 std=0.62) reward(mean=-1.257 std=5.601) clip=50.0
[step 00200] eval_success_rate=0.000 eval_mean_score=8.260 eval_policy_mode=greedy [solved=0/50, score_range=-1.00-11.00/16.0, initial=9.00]
[step 00200] PROGRESS: filled=10.08 violations=0.46 zero_cand=0.18
[step 00200] DEBUG: ep_len=16.0 ep_ret=-30.639 stop_prob=0.000 score_chg=-15.1400
[DEBUG] train_step 200: starting episode collection
[DEBUG] train_step 200: episodes collected, starting value_update
[DEBUG] train_step 200: value_update done, starting policy_update
[DEBUG] train_step 200: policy_update done
[step 00250] value_loss=23.196899 policy_loss=0.162213
[step 00250] VALUE_DEBUG: target(mean=-4.70 std=4.63 min=-17.90 max=2.73) V(s)(mean=-5.27 std=0.70) reward(mean=-1.434 std=5.236) clip=50.0
[DEBUG] train_step 250: starting episode collection
[DEBUG] train_step 250: episodes collected, starting value_update
[DEBUG] train_step 250: value_update done, starting policy_update
[DEBUG] train_step 250: policy_update done
[step 00300] opnorm clamp applied
[step 00300] value_loss=18.468073 policy_loss=-0.361327
[step 00300] VALUE_DEBUG: target(mean=-5.59 std=4.19 min=-15.90 max=1.74) V(s)(mean=-5.84 std=0.73) reward(mean=-1.526 std=4.595) clip=50.0
[step 00300] eval_success_rate=0.000 eval_mean_score=8.840 eval_policy_mode=greedy [solved=0/50, score_range=2.00-11.00/16.0, initial=9.00]
[step 00300] PROGRESS: filled=10.04 violations=0.30 zero_cand=0.12
[step 00300] DEBUG: ep_len=16.0 ep_ret=-28.609 stop_prob=0.000 score_chg=-12.8475
[DEBUG] train_step 300: starting episode collection
[DEBUG] train_step 300: episodes collected, starting value_update
[DEBUG] train_step 300: value_update done, starting policy_update
[DEBUG] train_step 300: policy_update done
[step 00350] value_loss=20.674419 policy_loss=-0.075115
[step 00350] VALUE_DEBUG: target(mean=-6.13 std=4.46 min=-19.84 max=1.59) V(s)(mean=-6.54 std=0.95) reward(mean=-1.368 std=5.240) clip=50.0
[DEBUG] train_step 350: starting episode collection
[DEBUG] train_step 350: episodes collected, starting value_update
[DEBUG] train_step 350: value_update done, starting policy_update
[DEBUG] train_step 350: policy_update done
[step 00400] opnorm clamp applied
[step 00400] value_loss=22.774023 policy_loss=0.796382
[step 00400] VALUE_DEBUG: target(mean=-7.42 std=4.32 min=-20.96 max=0.07) V(s)(mean=-8.61 std=1.23) reward(mean=-2.117 std=5.961) clip=50.0
[step 00400] eval_success_rate=0.000 eval_mean_score=9.640 eval_policy_mode=greedy [solved=0/50, score_range=5.00-11.00/16.0, initial=9.00]
[step 00400] PROGRESS: filled=10.10 violations=0.18 zero_cand=0.02
[step 00400] DEBUG: ep_len=16.0 ep_ret=-25.511 stop_prob=0.000 score_chg=-9.2825
[DEBUG] train_step 400: starting episode collection
[DEBUG] train_step 400: episodes collected, starting value_update
[DEBUG] train_step 400: value_update done, starting policy_update
[DEBUG] train_step 400: policy_update done
[step 00450] value_loss=26.706379 policy_loss=-0.569600
[step 00450] VALUE_DEBUG: target(mean=-6.59 std=4.68 min=-17.92 max=3.41) V(s)(mean=-8.80 std=1.00) reward(mean=-0.715 std=6.110) clip=50.0
[DEBUG] train_step 450: starting episode collection
[DEBUG] train_step 450: episodes collected, starting value_update
[DEBUG] train_step 450: value_update done, starting policy_update
[DEBUG] train_step 450: policy_update done
[step 00500] opnorm clamp applied
[step 00500] value_loss=11.347936 policy_loss=-1.083809
[step 00500] VALUE_DEBUG: target(mean=-6.98 std=2.82 min=-13.70 max=1.13) V(s)(mean=-8.75 std=1.05) reward(mean=0.498 std=2.730) clip=50.0
[step 00500] eval_success_rate=0.000 eval_mean_score=9.760 eval_policy_mode=greedy [solved=0/50, score_range=6.00-11.00/16.0, initial=9.00]
[step 00500] PROGRESS: filled=10.00 violations=0.12 zero_cand=0.00
[step 00500] DEBUG: ep_len=16.0 ep_ret=-23.684 stop_prob=0.000 score_chg=-7.0750
[DEBUG] train_step 500: starting episode collection
[DEBUG] train_step 500: episodes collected, starting value_update
[DEBUG] train_step 500: value_update done, starting policy_update
[DEBUG] train_step 500: policy_update done
[step 00550] value_loss=10.014733 policy_loss=-0.165487
[step 00550] VALUE_DEBUG: target(mean=-9.30 std=3.52 min=-19.83 max=-3.15) V(s)(mean=-8.44 std=1.30) reward(mean=-2.166 std=3.839) clip=50.0
[DEBUG] train_step 550: starting episode collection
[DEBUG] train_step 550: episodes collected, starting value_update
[DEBUG] train_step 550: value_update done, starting policy_update
[DEBUG] train_step 550: policy_update done
[step 00600] opnorm clamp applied
[step 00600] value_loss=16.030411 policy_loss=0.813218
[step 00600] VALUE_DEBUG: target(mean=-9.57 std=3.79 min=-17.12 max=-2.86) V(s)(mean=-8.78 std=1.20) reward(mean=-1.926 std=4.906) clip=50.0
[step 00600] eval_success_rate=0.000 eval_mean_score=9.500 eval_policy_mode=greedy [solved=0/50, score_range=3.00-11.00/16.0, initial=9.00]
[step 00600] PROGRESS: filled=10.06 violations=0.18 zero_cand=0.04
[step 00600] DEBUG: ep_len=15.9 ep_ret=-21.213 stop_prob=0.000 score_chg=-4.4300
[DEBUG] train_step 600: starting episode collection
[DEBUG] train_step 600: episodes collected, starting value_update
[DEBUG] train_step 600: value_update done, starting policy_update
[DEBUG] train_step 600: policy_update done
[step 00650] value_loss=20.954651 policy_loss=-0.106243
[step 00650] VALUE_DEBUG: target(mean=-10.78 std=4.75 min=-20.93 max=-3.30) V(s)(mean=-9.88 std=1.00) reward(mean=-2.822 std=6.254) clip=50.0
[DEBUG] train_step 650: starting episode collection
[DEBUG] train_step 650: episodes collected, starting value_update
[DEBUG] train_step 650: value_update done, starting policy_update
[DEBUG] train_step 650: policy_update done
[step 00700] opnorm clamp applied
[step 00700] value_loss=7.494288 policy_loss=-1.486925
[step 00700] VALUE_DEBUG: target(mean=-9.13 std=2.73 min=-17.06 max=-3.63) V(s)(mean=-10.01 std=1.27) reward(mean=-0.219 std=3.694) clip=50.0
[step 00700] eval_success_rate=0.000 eval_mean_score=10.000 eval_policy_mode=greedy [solved=0/50, score_range=9.00-12.00/16.0, initial=9.00]
[step 00700] PROGRESS: filled=10.08 violations=0.04 zero_cand=0.00
[step 00700] DEBUG: ep_len=16.0 ep_ret=-20.570 stop_prob=0.000 score_chg=-3.5100
[DEBUG] train_step 700: starting episode collection
[DEBUG] train_step 700: episodes collected, starting value_update
[DEBUG] train_step 700: value_update done, starting policy_update
[DEBUG] train_step 700: policy_update done
[step 00750] value_loss=11.302655 policy_loss=0.623944
[step 00750] VALUE_DEBUG: target(mean=-10.18 std=3.54 min=-17.88 max=-2.67) V(s)(mean=-9.95 std=0.87) reward(mean=-0.797 std=3.356) clip=50.0
[DEBUG] train_step 750: starting episode collection
[DEBUG] train_step 750: episodes collected, starting value_update
[DEBUG] train_step 750: value_update done, starting policy_update
[DEBUG] train_step 750: policy_update done
[step 00800] opnorm clamp applied
[step 00800] value_loss=11.307072 policy_loss=0.174468
[step 00800] VALUE_DEBUG: target(mean=-11.42 std=3.31 min=-19.86 max=-2.68) V(s)(mean=-11.09 std=1.02) reward(mean=-2.215 std=5.493) clip=50.0
[step 00800] eval_success_rate=0.000 eval_mean_score=10.060 eval_policy_mode=greedy [solved=0/50, score_range=9.00-12.00/16.0, initial=9.00]
[step 00800] PROGRESS: filled=10.06 violations=0.00 zero_cand=0.00
[step 00800] DEBUG: ep_len=16.0 ep_ret=-19.706 stop_prob=0.000 score_chg=-2.5625
[DEBUG] train_step 800: starting episode collection
[DEBUG] train_step 800: episodes collected, starting value_update
[DEBUG] train_step 800: value_update done, starting policy_update
[DEBUG] train_step 800: policy_update done
[step 00850] value_loss=5.660371 policy_loss=-0.704360
[step 00850] VALUE_DEBUG: target(mean=-11.27 std=2.42 min=-15.96 max=-3.04) V(s)(mean=-11.28 std=0.92) reward(mean=-0.951 std=3.474) clip=50.0
[DEBUG] train_step 850: starting episode collection
[DEBUG] train_step 850: episodes collected, starting value_update
[DEBUG] train_step 850: value_update done, starting policy_update
[DEBUG] train_step 850: policy_update done
[step 00900] opnorm clamp applied
[step 00900] value_loss=11.520274 policy_loss=-0.674530
[step 00900] VALUE_DEBUG: target(mean=-12.10 std=3.90 min=-20.73 max=-3.05) V(s)(mean=-11.36 std=1.28) reward(mean=-2.277 std=5.458) clip=50.0
[step 00900] eval_success_rate=0.000 eval_mean_score=9.980 eval_policy_mode=greedy [solved=0/50, score_range=9.00-11.00/16.0, initial=9.00]
[step 00900] PROGRESS: filled=10.06 violations=0.04 zero_cand=0.00
[step 00900] DEBUG: ep_len=15.9 ep_ret=-19.031 stop_prob=0.000 score_chg=-1.9375
[DEBUG] train_step 900: starting episode collection
[DEBUG] train_step 900: episodes collected, starting value_update
[DEBUG] train_step 900: value_update done, starting policy_update
[DEBUG] train_step 900: policy_update done
[step 00950] value_loss=21.462074 policy_loss=1.308399
[step 00950] VALUE_DEBUG: target(mean=-12.03 std=4.39 min=-21.98 max=-2.16) V(s)(mean=-11.58 std=1.03) reward(mean=-2.573 std=7.306) clip=50.0
[DEBUG] train_step 950: starting episode collection
[DEBUG] train_step 950: episodes collected, starting value_update
[DEBUG] train_step 950: value_update done, starting policy_update
[DEBUG] train_step 950: policy_update done
[step 01000] opnorm clamp applied
[step 01000] value_loss=10.194121 policy_loss=-0.191470
[step 01000] VALUE_DEBUG: target(mean=-12.31 std=3.43 min=-22.55 max=-2.57) V(s)(mean=-13.09 std=1.12) reward(mean=-1.515 std=5.027) clip=50.0
[step 01000] eval_success_rate=0.000 eval_mean_score=10.040 eval_policy_mode=greedy [solved=0/50, score_range=9.00-12.00/16.0, initial=9.00]
[step 01000] PROGRESS: filled=10.04 violations=0.00 zero_cand=0.00
[step 01000] DEBUG: ep_len=16.0 ep_ret=-18.131 stop_prob=0.000 score_chg=-0.8925
[Checkpoint] Saved to buiksat_trm/checkpoints/table3_hard_6to8_controlled_nomask_c_r10_s0/rl_checkpoint_step_1000.pt
[DEBUG] train_step 1000: starting episode collection
[DEBUG] train_step 1000: episodes collected, starting value_update
[DEBUG] train_step 1000: value_update done, starting policy_update
[DEBUG] train_step 1000: policy_update done
[step 01050] value_loss=5.104599 policy_loss=1.136328
[step 01050] VALUE_DEBUG: target(mean=-11.81 std=2.51 min=-16.49 max=-5.03) V(s)(mean=-12.18 std=0.95) reward(mean=-0.073 std=2.388) clip=50.0
[DEBUG] train_step 1050: starting episode collection
[DEBUG] train_step 1050: episodes collected, starting value_update
[DEBUG] train_step 1050: value_update done, starting policy_update
[DEBUG] train_step 1050: policy_update done
[step 01100] opnorm clamp applied
[step 01100] value_loss=11.393970 policy_loss=0.195319
[step 01100] VALUE_DEBUG: target(mean=-13.13 std=3.83 min=-20.81 max=-5.20) V(s)(mean=-12.91 std=1.06) reward(mean=-2.201 std=5.613) clip=50.0
[step 01100] eval_success_rate=0.000 eval_mean_score=10.140 eval_policy_mode=greedy [solved=0/50, score_range=9.00-11.00/16.0, initial=9.00]
[step 01100] PROGRESS: filled=10.14 violations=0.00 zero_cand=0.00
[step 01100] DEBUG: ep_len=15.9 ep_ret=-18.147 stop_prob=0.000 score_chg=-1.1000
[DEBUG] train_step 1100: starting episode collection
[DEBUG] train_step 1100: episodes collected, starting value_update
[DEBUG] train_step 1100: value_update done, starting policy_update
[DEBUG] train_step 1100: policy_update done
[step 01150] value_loss=4.651803 policy_loss=0.680851
[step 01150] VALUE_DEBUG: target(mean=-13.50 std=2.26 min=-19.66 max=-10.53) V(s)(mean=-13.84 std=1.01) reward(mean=-1.764 std=3.744) clip=50.0
[DEBUG] train_step 1150: starting episode collection
[DEBUG] train_step 1150: episodes collected, starting value_update
[DEBUG] train_step 1150: value_update done, starting policy_update
[DEBUG] train_step 1150: policy_update done
[step 01200] opnorm clamp applied
[step 01200] value_loss=12.121924 policy_loss=-0.805045
[step 01200] VALUE_DEBUG: target(mean=-13.01 std=3.59 min=-24.44 max=-3.59) V(s)(mean=-13.10 std=0.87) reward(mean=-1.561 std=5.067) clip=50.0
[step 01200] eval_success_rate=0.000 eval_mean_score=10.160 eval_policy_mode=greedy [solved=0/50, score_range=9.00-12.00/16.0, initial=9.00]
[step 01200] PROGRESS: filled=10.16 violations=0.00 zero_cand=0.00
[step 01200] DEBUG: ep_len=15.9 ep_ret=-17.721 stop_prob=0.000 score_chg=-0.8600
[DEBUG] train_step 1200: starting episode collection
[DEBUG] train_step 1200: episodes collected, starting value_update
[DEBUG] train_step 1200: value_update done, starting policy_update
[DEBUG] train_step 1200: policy_update done
[step 01250] value_loss=15.001362 policy_loss=1.363075
[step 01250] VALUE_DEBUG: target(mean=-14.42 std=4.44 min=-24.59 max=-5.50) V(s)(mean=-13.22 std=1.34) reward(mean=-1.786 std=3.897) clip=50.0
[DEBUG] train_step 1250: starting episode collection
[DEBUG] train_step 1250: episodes collected, starting value_update
[DEBUG] train_step 1250: value_update done, starting policy_update
[DEBUG] train_step 1250: policy_update done
[step 01300] opnorm clamp applied
[step 01300] value_loss=9.699809 policy_loss=0.634155
[step 01300] VALUE_DEBUG: target(mean=-14.69 std=3.23 min=-24.64 max=-7.79) V(s)(mean=-14.50 std=0.90) reward(mean=-1.762 std=4.092) clip=50.0
[step 01300] eval_success_rate=0.000 eval_mean_score=10.020 eval_policy_mode=greedy [solved=0/50, score_range=9.00-11.00/16.0, initial=9.00]
[step 01300] PROGRESS: filled=10.10 violations=0.04 zero_cand=0.00
[step 01300] DEBUG: ep_len=15.9 ep_ret=-17.474 stop_prob=0.000 score_chg=-0.5650
[DEBUG] train_step 1300: starting episode collection
[DEBUG] train_step 1300: episodes collected, starting value_update
[DEBUG] train_step 1300: value_update done, starting policy_update
[DEBUG] train_step 1300: policy_update done
[step 01350] value_loss=6.406728 policy_loss=0.487069
[step 01350] VALUE_DEBUG: target(mean=-12.84 std=2.52 min=-22.83 max=-7.82) V(s)(mean=-13.62 std=0.79) reward(mean=-0.112 std=3.709) clip=50.0
[DEBUG] train_step 1350: starting episode collection
[DEBUG] train_step 1350: episodes collected, starting value_update
[DEBUG] train_step 1350: value_update done, starting policy_update
[DEBUG] train_step 1350: policy_update done
[step 01400] opnorm clamp applied
[step 01400] value_loss=4.785230 policy_loss=0.359375
[step 01400] VALUE_DEBUG: target(mean=-13.87 std=2.34 min=-21.98 max=-10.33) V(s)(mean=-13.17 std=1.07) reward(mean=-1.228 std=3.433) clip=50.0
[step 01400] eval_success_rate=0.000 eval_mean_score=10.020 eval_policy_mode=greedy [solved=0/50, score_range=9.00-11.00/16.0, initial=9.00]
[step 01400] PROGRESS: filled=10.10 violations=0.04 zero_cand=0.00
[step 01400] DEBUG: ep_len=15.9 ep_ret=-17.788 stop_prob=0.000 score_chg=-0.8575
[DEBUG] train_step 1400: starting episode collection
[DEBUG] train_step 1400: episodes collected, starting value_update
[DEBUG] train_step 1400: value_update done, starting policy_update
[DEBUG] train_step 1400: policy_update done
[step 01450] value_loss=8.268027 policy_loss=1.050413
[step 01450] VALUE_DEBUG: target(mean=-14.40 std=2.94 min=-22.14 max=-5.87) V(s)(mean=-14.28 std=1.19) reward(mean=-1.916 std=5.237) clip=50.0
[DEBUG] train_step 1450: starting episode collection
[DEBUG] train_step 1450: episodes collected, starting value_update
[DEBUG] train_step 1450: value_update done, starting policy_update
[DEBUG] train_step 1450: policy_update done
[step 01500] opnorm clamp applied
[step 01500] value_loss=13.914680 policy_loss=0.428056
[step 01500] VALUE_DEBUG: target(mean=-14.33 std=3.98 min=-25.44 max=-2.54) V(s)(mean=-14.71 std=1.24) reward(mean=-1.764 std=5.839) clip=50.0
[step 01500] eval_success_rate=0.000 eval_mean_score=10.080 eval_policy_mode=greedy [solved=0/50, score_range=9.00-12.00/16.0, initial=9.00]
[step 01500] PROGRESS: filled=10.08 violations=0.00 zero_cand=0.00
[step 01500] DEBUG: ep_len=16.0 ep_ret=-18.112 stop_prob=0.000 score_chg=-0.7975
[DEBUG] train_step 1500: starting episode collection
[DEBUG] train_step 1500: episodes collected, starting value_update
[DEBUG] train_step 1500: value_update done, starting policy_update
[DEBUG] train_step 1500: policy_update done
[step 01550] value_loss=14.754042 policy_loss=0.418343
[step 01550] VALUE_DEBUG: target(mean=-14.26 std=3.80 min=-24.97 max=-6.20) V(s)(mean=-14.15 std=0.80) reward(mean=-1.519 std=6.914) clip=50.0
[DEBUG] train_step 1550: starting episode collection
[DEBUG] train_step 1550: episodes collected, starting value_update
[DEBUG] train_step 1550: value_update done, starting policy_update
[DEBUG] train_step 1550: policy_update done
[step 01600] opnorm clamp applied
[step 01600] value_loss=7.952538 policy_loss=-0.377754
[step 01600] VALUE_DEBUG: target(mean=-14.76 std=2.80 min=-22.90 max=-8.28) V(s)(mean=-14.78 std=1.09) reward(mean=-1.513 std=4.663) clip=50.0
[step 01600] eval_success_rate=0.000 eval_mean_score=10.220 eval_policy_mode=greedy [solved=0/50, score_range=9.00-12.00/16.0, initial=9.00]
[step 01600] PROGRESS: filled=10.22 violations=0.00 zero_cand=0.00
[step 01600] DEBUG: ep_len=15.9 ep_ret=-17.287 stop_prob=0.000 score_chg=-0.1875
[DEBUG] train_step 1600: starting episode collection
[DEBUG] train_step 1600: episodes collected, starting value_update
[DEBUG] train_step 1600: value_update done, starting policy_update
[DEBUG] train_step 1600: policy_update done
[step 01650] value_loss=7.837796 policy_loss=0.887705
[step 01650] VALUE_DEBUG: target(mean=-15.13 std=2.88 min=-23.81 max=-9.32) V(s)(mean=-15.04 std=1.38) reward(mean=-1.252 std=3.844) clip=50.0
[DEBUG] train_step 1650: starting episode collection
[DEBUG] train_step 1650: episodes collected, starting value_update
[DEBUG] train_step 1650: value_update done, starting policy_update
[DEBUG] train_step 1650: policy_update done
[step 01700] opnorm clamp applied
[step 01700] value_loss=16.288473 policy_loss=-0.227416
[step 01700] VALUE_DEBUG: target(mean=-15.46 std=4.40 min=-30.58 max=-3.99) V(s)(mean=-15.08 std=1.00) reward(mean=-1.715 std=5.560) clip=50.0
[step 01700] eval_success_rate=0.000 eval_mean_score=10.080 eval_policy_mode=greedy [solved=0/50, score_range=9.00-11.00/16.0, initial=9.00]
[step 01700] PROGRESS: filled=10.08 violations=0.00 zero_cand=0.00
[step 01700] DEBUG: ep_len=15.9 ep_ret=-17.728 stop_prob=0.000 score_chg=-0.5600
[DEBUG] train_step 1700: starting episode collection
[DEBUG] train_step 1700: episodes collected, starting value_update
[DEBUG] train_step 1700: value_update done, starting policy_update
[DEBUG] train_step 1700: policy_update done
[step 01750] value_loss=9.933252 policy_loss=0.681085
[step 01750] VALUE_DEBUG: target(mean=-14.42 std=3.28 min=-21.26 max=-5.82) V(s)(mean=-14.59 std=0.91) reward(mean=-0.960 std=4.977) clip=50.0
[DEBUG] train_step 1750: starting episode collection
[DEBUG] train_step 1750: episodes collected, starting value_update
[DEBUG] train_step 1750: value_update done, starting policy_update
[DEBUG] train_step 1750: policy_update done
[step 01800] opnorm clamp applied
[step 01800] value_loss=7.201236 policy_loss=0.469798
[step 01800] VALUE_DEBUG: target(mean=-15.24 std=2.76 min=-23.23 max=-9.79) V(s)(mean=-15.48 std=1.03) reward(mean=-3.257 std=7.018) clip=50.0
[step 01800] eval_success_rate=0.000 eval_mean_score=10.320 eval_policy_mode=greedy [solved=0/50, score_range=9.00-12.00/16.0, initial=9.00]
[step 01800] PROGRESS: filled=10.32 violations=0.00 zero_cand=0.00
[step 01800] DEBUG: ep_len=15.9 ep_ret=-16.787 stop_prob=0.000 score_chg=0.1150
[DEBUG] train_step 1800: starting episode collection
[DEBUG] train_step 1800: episodes collected, starting value_update
[DEBUG] train_step 1800: value_update done, starting policy_update
[DEBUG] train_step 1800: policy_update done
[step 01850] value_loss=5.381916 policy_loss=0.433903
[step 01850] VALUE_DEBUG: target(mean=-15.00 std=2.73 min=-21.09 max=-8.01) V(s)(mean=-15.21 std=1.24) reward(mean=-2.081 std=6.061) clip=50.0
[DEBUG] train_step 1850: starting episode collection
[DEBUG] train_step 1850: episodes collected, starting value_update
[DEBUG] train_step 1850: value_update done, starting policy_update
[DEBUG] train_step 1850: policy_update done
[step 01900] opnorm clamp applied
[step 01900] value_loss=3.871962 policy_loss=0.937692
[step 01900] VALUE_DEBUG: target(mean=-14.85 std=2.42 min=-22.07 max=-9.33) V(s)(mean=-15.50 std=1.31) reward(mean=-0.417 std=3.336) clip=50.0
[step 01900] eval_success_rate=0.000 eval_mean_score=10.400 eval_policy_mode=greedy [solved=0/50, score_range=9.00-12.00/16.0, initial=9.00]
[step 01900] PROGRESS: filled=10.40 violations=0.00 zero_cand=0.00
[step 01900] DEBUG: ep_len=15.9 ep_ret=-16.936 stop_prob=0.000 score_chg=-0.0550
[DEBUG] train_step 1900: starting episode collection
[DEBUG] train_step 1900: episodes collected, starting value_update
[DEBUG] train_step 1900: value_update done, starting policy_update
[DEBUG] train_step 1900: policy_update done
[step 01950] value_loss=18.845188 policy_loss=-0.062457
[step 01950] VALUE_DEBUG: target(mean=-14.77 std=4.69 min=-24.91 max=-5.42) V(s)(mean=-14.81 std=1.31) reward(mean=-0.918 std=6.060) clip=50.0
[DEBUG] train_step 1950: starting episode collection
[DEBUG] train_step 1950: episodes collected, starting value_update
[DEBUG] train_step 1950: value_update done, starting policy_update
[DEBUG] train_step 1950: policy_update done
[step 02000] opnorm clamp applied
[step 02000] value_loss=5.166115 policy_loss=0.962495
[step 02000] VALUE_DEBUG: target(mean=-15.49 std=2.27 min=-22.02 max=-11.80) V(s)(mean=-14.56 std=1.28) reward(mean=-2.598 std=5.866) clip=50.0
[step 02000] eval_success_rate=0.000 eval_mean_score=10.460 eval_policy_mode=greedy [solved=0/50, score_range=9.00-13.00/16.0, initial=9.00]
[step 02000] PROGRESS: filled=10.46 violations=0.00 zero_cand=0.00
[step 02000] DEBUG: ep_len=15.9 ep_ret=-16.413 stop_prob=0.000 score_chg=0.4550
[Checkpoint] Saved to buiksat_trm/checkpoints/table3_hard_6to8_controlled_nomask_c_r10_s0/rl_checkpoint_step_2000.pt
[DEBUG] train_step 2000: starting episode collection
[DEBUG] train_step 2000: episodes collected, starting value_update
[DEBUG] train_step 2000: value_update done, starting policy_update
[DEBUG] train_step 2000: policy_update done
[step 02050] value_loss=1.541040 policy_loss=0.056721
[step 02050] VALUE_DEBUG: target(mean=-14.74 std=1.47 min=-17.67 max=-8.64) V(s)(mean=-14.79 std=0.69) reward(mean=-0.431 std=3.075) clip=50.0
[DEBUG] train_step 2050: starting episode collection
[DEBUG] train_step 2050: episodes collected, starting value_update
[DEBUG] train_step 2050: value_update done, starting policy_update
[DEBUG] train_step 2050: policy_update done
[step 02100] opnorm clamp applied
[step 02100] value_loss=3.002351 policy_loss=0.343120
[step 02100] VALUE_DEBUG: target(mean=-14.82 std=1.92 min=-21.89 max=-11.78) V(s)(mean=-15.12 std=1.25) reward(mean=-1.657 std=4.478) clip=50.0
[step 02100] eval_success_rate=0.000 eval_mean_score=10.460 eval_policy_mode=greedy [solved=0/50, score_range=9.00-13.00/16.0, initial=9.00]
[step 02100] PROGRESS: filled=10.46 violations=0.00 zero_cand=0.00
[step 02100] DEBUG: ep_len=15.9 ep_ret=-16.829 stop_prob=0.000 score_chg=0.1550
[DEBUG] train_step 2100: starting episode collection
[DEBUG] train_step 2100: episodes collected, starting value_update
[DEBUG] train_step 2100: value_update done, starting policy_update
[DEBUG] train_step 2100: policy_update done
[step 02150] value_loss=5.189284 policy_loss=0.849226
[step 02150] VALUE_DEBUG: target(mean=-15.20 std=2.57 min=-24.80 max=-8.69) V(s)(mean=-15.60 std=1.15) reward(mean=-0.584 std=3.559) clip=50.0
[DEBUG] train_step 2150: starting episode collection
[DEBUG] train_step 2150: episodes collected, starting value_update
[DEBUG] train_step 2150: value_update done, starting policy_update
[DEBUG] train_step 2150: policy_update done
[step 02200] opnorm clamp applied
[step 02200] value_loss=1.737322 policy_loss=-0.007876
[step 02200] VALUE_DEBUG: target(mean=-14.68 std=1.40 min=-16.14 max=-8.57) V(s)(mean=-15.38 std=0.77) reward(mean=-0.591 std=4.162) clip=50.0
[step 02200] eval_success_rate=0.000 eval_mean_score=10.420 eval_policy_mode=greedy [solved=0/50, score_range=9.00-12.00/16.0, initial=9.00]
[step 02200] PROGRESS: filled=10.42 violations=0.00 zero_cand=0.00
[step 02200] DEBUG: ep_len=15.9 ep_ret=-16.118 stop_prob=0.000 score_chg=0.6875
[DEBUG] train_step 2200: starting episode collection
[DEBUG] train_step 2200: episodes collected, starting value_update
[DEBUG] train_step 2200: value_update done, starting policy_update
[DEBUG] train_step 2200: policy_update done
[step 02250] value_loss=5.669074 policy_loss=0.264446
[step 02250] VALUE_DEBUG: target(mean=-15.28 std=2.31 min=-21.42 max=-10.53) V(s)(mean=-14.70 std=1.17) reward(mean=-0.929 std=4.001) clip=50.0
[DEBUG] train_step 2250: starting episode collection
[DEBUG] train_step 2250: episodes collected, starting value_update
[DEBUG] train_step 2250: value_update done, starting policy_update
[DEBUG] train_step 2250: policy_update done
[step 02300] opnorm clamp applied
[step 02300] value_loss=0.308973 policy_loss=0.082508
[step 02300] VALUE_DEBUG: target(mean=-14.25 std=1.40 min=-16.56 max=-10.94) V(s)(mean=-14.16 std=1.29) reward(mean=-0.213 std=2.878) clip=50.0
[step 02300] eval_success_rate=0.000 eval_mean_score=10.220 eval_policy_mode=greedy [solved=0/50, score_range=9.00-12.00/16.0, initial=9.00]
[step 02300] PROGRESS: filled=10.22 violations=0.00 zero_cand=0.00
[step 02300] DEBUG: ep_len=15.9 ep_ret=-16.335 stop_prob=0.000 score_chg=0.6475
[DEBUG] train_step 2300: starting episode collection
[DEBUG] train_step 2300: episodes collected, starting value_update
[DEBUG] train_step 2300: value_update done, starting policy_update
[DEBUG] train_step 2300: policy_update done
[step 02350] value_loss=3.394377 policy_loss=0.616120
[step 02350] VALUE_DEBUG: target(mean=-15.07 std=2.13 min=-20.96 max=-9.40) V(s)(mean=-15.52 std=1.29) reward(mean=-1.502 std=5.270) clip=50.0
[DEBUG] train_step 2350: starting episode collection
[DEBUG] train_step 2350: episodes collected, starting value_update
[DEBUG] train_step 2350: value_update done, starting policy_update
[DEBUG] train_step 2350: policy_update done
[step 02400] opnorm clamp applied
[step 02400] value_loss=3.993721 policy_loss=0.016738
[step 02400] VALUE_DEBUG: target(mean=-14.64 std=2.21 min=-21.08 max=-8.80) V(s)(mean=-15.13 std=1.15) reward(mean=-0.702 std=4.269) clip=50.0
[step 02400] eval_success_rate=0.000 eval_mean_score=10.560 eval_policy_mode=greedy [solved=0/50, score_range=9.00-12.00/16.0, initial=9.00]
[step 02400] PROGRESS: filled=10.56 violations=0.00 zero_cand=0.00
[step 02400] DEBUG: ep_len=15.8 ep_ret=-15.687 stop_prob=0.000 score_chg=0.8950
[DEBUG] train_step 2400: starting episode collection
[DEBUG] train_step 2400: episodes collected, starting value_update
[DEBUG] train_step 2400: value_update done, starting policy_update
[DEBUG] train_step 2400: policy_update done
[step 02450] value_loss=4.604068 policy_loss=0.898944
[step 02450] VALUE_DEBUG: target(mean=-14.83 std=2.05 min=-22.09 max=-11.51) V(s)(mean=-14.41 std=1.26) reward(mean=-0.413 std=4.047) clip=50.0
[DEBUG] train_step 2450: starting episode collection
[DEBUG] train_step 2450: episodes collected, starting value_update
[DEBUG] train_step 2450: value_update done, starting policy_update
[DEBUG] train_step 2450: policy_update done
[step 02500] opnorm clamp applied
[step 02500] value_loss=2.405076 policy_loss=0.354786
[step 02500] VALUE_DEBUG: target(mean=-15.40 std=2.20 min=-24.38 max=-11.58) V(s)(mean=-15.34 std=1.32) reward(mean=-0.965 std=3.728) clip=50.0
[step 02500] eval_success_rate=0.000 eval_mean_score=10.800 eval_policy_mode=greedy [solved=0/50, score_range=9.00-13.00/16.0, initial=9.00]
[step 02500] PROGRESS: filled=10.80 violations=0.00 zero_cand=0.00
[step 02500] DEBUG: ep_len=15.9 ep_ret=-15.901 stop_prob=0.000 score_chg=0.9500
[DEBUG] train_step 2500: starting episode collection
[DEBUG] train_step 2500: episodes collected, starting value_update
[DEBUG] train_step 2500: value_update done, starting policy_update
[DEBUG] train_step 2500: policy_update done
[step 02550] value_loss=19.794785 policy_loss=0.528810
[step 02550] VALUE_DEBUG: target(mean=-14.74 std=4.82 min=-22.97 max=6.84) V(s)(mean=-15.26 std=1.29) reward(mean=-1.647 std=5.605) clip=50.0
[DEBUG] train_step 2550: starting episode collection
[DEBUG] train_step 2550: episodes collected, starting value_update
[DEBUG] train_step 2550: value_update done, starting policy_update
[DEBUG] train_step 2550: policy_update done
[step 02600] opnorm clamp applied
[step 02600] value_loss=5.456494 policy_loss=-0.266164
[step 02600] VALUE_DEBUG: target(mean=-15.39 std=2.75 min=-21.41 max=-5.39) V(s)(mean=-15.13 std=1.14) reward(mean=-1.685 std=5.217) clip=50.0
[step 02600] eval_success_rate=0.000 eval_mean_score=10.520 eval_policy_mode=greedy [solved=0/50, score_range=9.00-13.00/16.0, initial=9.00]
[step 02600] PROGRESS: filled=10.52 violations=0.00 zero_cand=0.00
[step 02600] DEBUG: ep_len=15.7 ep_ret=-14.901 stop_prob=0.000 score_chg=1.3825
[DEBUG] train_step 2600: starting episode collection
[DEBUG] train_step 2600: episodes collected, starting value_update
[DEBUG] train_step 2600: value_update done, starting policy_update
[DEBUG] train_step 2600: policy_update done
[step 02650] value_loss=4.028296 policy_loss=0.122367
[step 02650] VALUE_DEBUG: target(mean=-15.03 std=2.51 min=-24.00 max=-9.62) V(s)(mean=-14.66 std=1.49) reward(mean=-0.063 std=2.039) clip=50.0
[DEBUG] train_step 2650: starting episode collection
[DEBUG] train_step 2650: episodes collected, starting value_update
[DEBUG] train_step 2650: value_update done, starting policy_update
[DEBUG] train_step 2650: policy_update done
[step 02700] opnorm clamp applied
[step 02700] value_loss=2.661579 policy_loss=0.252761
[step 02700] VALUE_DEBUG: target(mean=-15.53 std=2.12 min=-22.15 max=-11.87) V(s)(mean=-14.94 std=1.30) reward(mean=-0.871 std=3.104) clip=50.0
[step 02700] eval_success_rate=0.000 eval_mean_score=10.920 eval_policy_mode=greedy [solved=0/50, score_range=9.00-13.00/16.0, initial=9.00]
[step 02700] PROGRESS: filled=10.92 violations=0.00 zero_cand=0.00
[step 02700] DEBUG: ep_len=15.7 ep_ret=-14.764 stop_prob=0.000 score_chg=1.5200
[DEBUG] train_step 2700: starting episode collection
[DEBUG] train_step 2700: episodes collected, starting value_update
[DEBUG] train_step 2700: value_update done, starting policy_update
[DEBUG] train_step 2700: policy_update done
[step 02750] value_loss=6.834780 policy_loss=0.068760
[step 02750] VALUE_DEBUG: target(mean=-15.16 std=2.84 min=-21.81 max=-7.35) V(s)(mean=-15.17 std=1.39) reward(mean=-0.370 std=3.748) clip=50.0
[DEBUG] train_step 2750: starting episode collection
[DEBUG] train_step 2750: episodes collected, starting value_update
[DEBUG] train_step 2750: value_update done, starting policy_update
[DEBUG] train_step 2750: policy_update done
[step 02800] opnorm clamp applied
[step 02800] value_loss=3.089661 policy_loss=0.157549
[step 02800] VALUE_DEBUG: target(mean=-15.50 std=2.14 min=-21.61 max=-12.26) V(s)(mean=-15.35 std=1.06) reward(mean=-1.912 std=4.885) clip=50.0
[step 02800] eval_success_rate=0.000 eval_mean_score=10.780 eval_policy_mode=greedy [solved=0/50, score_range=9.00-14.00/16.0, initial=9.00]
[step 02800] PROGRESS: filled=10.78 violations=0.00 zero_cand=0.00
[step 02800] DEBUG: ep_len=15.7 ep_ret=-14.918 stop_prob=0.000 score_chg=1.3525
[DEBUG] train_step 2800: starting episode collection
[DEBUG] train_step 2800: episodes collected, starting value_update
[DEBUG] train_step 2800: value_update done, starting policy_update
[DEBUG] train_step 2800: policy_update done
[step 02850] value_loss=3.817772 policy_loss=0.050266
[step 02850] VALUE_DEBUG: target(mean=-15.43 std=2.08 min=-21.07 max=-10.13) V(s)(mean=-14.88 std=0.96) reward(mean=-2.188 std=5.020) clip=50.0
[DEBUG] train_step 2850: starting episode collection
[DEBUG] train_step 2850: episodes collected, starting value_update
[DEBUG] train_step 2850: value_update done, starting policy_update
[DEBUG] train_step 2850: policy_update done
[step 02900] opnorm clamp applied
[step 02900] value_loss=5.596198 policy_loss=0.814458
[step 02900] VALUE_DEBUG: target(mean=-16.00 std=2.34 min=-23.07 max=-11.75) V(s)(mean=-15.35 std=1.03) reward(mean=-2.539 std=6.187) clip=50.0
[step 02900] eval_success_rate=0.000 eval_mean_score=11.000 eval_policy_mode=greedy [solved=0/50, score_range=9.00-14.00/16.0, initial=9.00]
[step 02900] PROGRESS: filled=11.00 violations=0.00 zero_cand=0.00
[step 02900] DEBUG: ep_len=15.7 ep_ret=-14.774 stop_prob=0.000 score_chg=1.3925
[DEBUG] train_step 2900: starting episode collection
[DEBUG] train_step 2900: episodes collected, starting value_update
[DEBUG] train_step 2900: value_update done, starting policy_update
[DEBUG] train_step 2900: policy_update done
[step 02950] value_loss=12.679330 policy_loss=-0.095569
[step 02950] VALUE_DEBUG: target(mean=-14.70 std=3.89 min=-22.96 max=-3.90) V(s)(mean=-15.20 std=1.68) reward(mean=-0.066 std=4.475) clip=50.0
[DEBUG] train_step 2950: starting episode collection
[DEBUG] train_step 2950: episodes collected, starting value_update
[DEBUG] train_step 2950: value_update done, starting policy_update
[DEBUG] train_step 2950: policy_update done
[step 03000] opnorm clamp applied
[step 03000] value_loss=0.546065 policy_loss=0.168264
[step 03000] VALUE_DEBUG: target(mean=-15.08 std=1.50 min=-16.76 max=-10.28) V(s)(mean=-15.69 std=1.35) reward(mean=-1.260 std=4.780) clip=50.0
[step 03000] eval_success_rate=0.000 eval_mean_score=11.040 eval_policy_mode=greedy [solved=0/50, score_range=9.00-13.00/16.0, initial=9.00]
[step 03000] PROGRESS: filled=11.04 violations=0.00 zero_cand=0.00
[step 03000] DEBUG: ep_len=15.6 ep_ret=-14.753 stop_prob=0.000 score_chg=1.2825
[Checkpoint] Saved to buiksat_trm/checkpoints/table3_hard_6to8_controlled_nomask_c_r10_s0/rl_checkpoint_step_3000.pt
[DEBUG] train_step 3000: starting episode collection
[DEBUG] train_step 3000: episodes collected, starting value_update
[DEBUG] train_step 3000: value_update done, starting policy_update
[DEBUG] train_step 3000: policy_update done
[step 03050] value_loss=7.043235 policy_loss=0.806772
[step 03050] VALUE_DEBUG: target(mean=-16.22 std=2.64 min=-23.73 max=-11.64) V(s)(mean=-15.37 std=1.33) reward(mean=-1.959 std=4.436) clip=50.0
[DEBUG] train_step 3050: starting episode collection
[DEBUG] train_step 3050: episodes collected, starting value_update
[DEBUG] train_step 3050: value_update done, starting policy_update
[DEBUG] train_step 3050: policy_update done
[step 03100] opnorm clamp applied
[step 03100] value_loss=2.004448 policy_loss=-0.211399
[step 03100] VALUE_DEBUG: target(mean=-15.37 std=2.09 min=-21.22 max=-10.37) V(s)(mean=-15.00 std=1.30) reward(mean=-0.696 std=3.125) clip=50.0
[step 03100] eval_success_rate=0.000 eval_mean_score=11.020 eval_policy_mode=greedy [solved=0/50, score_range=9.00-13.00/16.0, initial=9.00]
[step 03100] PROGRESS: filled=11.02 violations=0.00 zero_cand=0.00
[step 03100] DEBUG: ep_len=15.6 ep_ret=-14.490 stop_prob=0.000 score_chg=1.3750
[DEBUG] train_step 3100: starting episode collection
[DEBUG] train_step 3100: episodes collected, starting value_update
[DEBUG] train_step 3100: value_update done, starting policy_update
[DEBUG] train_step 3100: policy_update done
[step 03150] value_loss=8.124760 policy_loss=0.832332
[step 03150] VALUE_DEBUG: target(mean=-15.04 std=3.03 min=-22.38 max=-7.32) V(s)(mean=-15.08 std=1.53) reward(mean=-0.744 std=3.433) clip=50.0
[DEBUG] train_step 3150: starting episode collection
[DEBUG] train_step 3150: episodes collected, starting value_update
[DEBUG] train_step 3150: value_update done, starting policy_update
[DEBUG] train_step 3150: policy_update done
[step 03200] opnorm clamp applied
[step 03200] value_loss=3.255809 policy_loss=0.154011
[step 03200] VALUE_DEBUG: target(mean=-14.94 std=2.17 min=-23.48 max=-10.69) V(s)(mean=-14.86 std=1.34) reward(mean=-0.569 std=3.259) clip=50.0
[step 03200] eval_success_rate=0.000 eval_mean_score=10.980 eval_policy_mode=greedy [solved=0/50, score_range=9.00-13.00/16.0, initial=9.00]
[step 03200] PROGRESS: filled=10.98 violations=0.00 zero_cand=0.00
[step 03200] DEBUG: ep_len=15.7 ep_ret=-14.691 stop_prob=0.000 score_chg=1.5625
[DEBUG] train_step 3200: starting episode collection
[DEBUG] train_step 3200: episodes collected, starting value_update
[DEBUG] train_step 3200: value_update done, starting policy_update
[DEBUG] train_step 3200: policy_update done
[step 03250] value_loss=2.773024 policy_loss=-0.001971
[step 03250] VALUE_DEBUG: target(mean=-15.35 std=2.30 min=-21.30 max=-10.08) V(s)(mean=-15.12 std=1.67) reward(mean=-1.222 std=4.250) clip=50.0
[DEBUG] train_step 3250: starting episode collection
[DEBUG] train_step 3250: episodes collected, starting value_update
[DEBUG] train_step 3250: value_update done, starting policy_update
[DEBUG] train_step 3250: policy_update done
[step 03300] opnorm clamp applied
[step 03300] value_loss=4.850483 policy_loss=0.408366
[step 03300] VALUE_DEBUG: target(mean=-14.92 std=2.94 min=-21.35 max=-8.32) V(s)(mean=-14.74 std=1.59) reward(mean=-1.070 std=4.524) clip=50.0
[step 03300] eval_success_rate=0.000 eval_mean_score=11.180 eval_policy_mode=greedy [solved=0/50, score_range=9.00-13.00/16.0, initial=9.00]
[step 03300] PROGRESS: filled=11.18 violations=0.00 zero_cand=0.00
[step 03300] DEBUG: ep_len=15.8 ep_ret=-15.172 stop_prob=0.000 score_chg=1.3050
[DEBUG] train_step 3300: starting episode collection
[DEBUG] train_step 3300: episodes collected, starting value_update
[DEBUG] train_step 3300: value_update done, starting policy_update
[DEBUG] train_step 3300: policy_update done
[step 03350] value_loss=7.081465 policy_loss=-0.066907
[step 03350] VALUE_DEBUG: target(mean=-15.80 std=2.54 min=-24.60 max=-10.84) V(s)(mean=-14.67 std=1.21) reward(mean=-0.564 std=2.238) clip=50.0
[DEBUG] train_step 3350: starting episode collection
[DEBUG] train_step 3350: episodes collected, starting value_update
[DEBUG] train_step 3350: value_update done, starting policy_update
[DEBUG] train_step 3350: policy_update done
[step 03400] opnorm clamp applied
[step 03400] value_loss=5.314972 policy_loss=0.650242
[step 03400] VALUE_DEBUG: target(mean=-14.72 std=2.77 min=-21.52 max=-8.70) V(s)(mean=-14.68 std=1.55) reward(mean=-0.261 std=2.346) clip=50.0
[step 03400] eval_success_rate=0.000 eval_mean_score=11.300 eval_policy_mode=greedy [solved=0/50, score_range=9.00-14.00/16.0, initial=9.00]
[step 03400] PROGRESS: filled=11.30 violations=0.00 zero_cand=0.00
[step 03400] DEBUG: ep_len=15.8 ep_ret=-14.924 stop_prob=0.000 score_chg=1.4750
[DEBUG] train_step 3400: starting episode collection
[DEBUG] train_step 3400: episodes collected, starting value_update
[DEBUG] train_step 3400: value_update done, starting policy_update
[DEBUG] train_step 3400: policy_update done
[step 03450] value_loss=4.030444 policy_loss=0.437894
[step 03450] VALUE_DEBUG: target(mean=-14.85 std=2.74 min=-20.52 max=-3.59) V(s)(mean=-15.43 std=1.70) reward(mean=-0.080 std=3.516) clip=50.0
[DEBUG] train_step 3450: starting episode collection
[DEBUG] train_step 3450: episodes collected, starting value_update
[DEBUG] train_step 3450: value_update done, starting policy_update
[DEBUG] train_step 3450: policy_update done
[step 03500] opnorm clamp applied
[step 03500] value_loss=2.223378 policy_loss=0.515786
[step 03500] VALUE_DEBUG: target(mean=-15.26 std=1.90 min=-20.51 max=-10.48) V(s)(mean=-14.90 std=1.34) reward(mean=-1.857 std=5.531) clip=50.0
[step 03500] eval_success_rate=0.000 eval_mean_score=11.340 eval_policy_mode=greedy [solved=0/50, score_range=10.00-13.00/16.0, initial=9.00]
[step 03500] PROGRESS: filled=11.34 violations=0.00 zero_cand=0.00
[step 03500] DEBUG: ep_len=15.7 ep_ret=-15.036 stop_prob=0.000 score_chg=1.3775
[DEBUG] train_step 3500: starting episode collection
[DEBUG] train_step 3500: episodes collected, starting value_update
[DEBUG] train_step 3500: value_update done, starting policy_update
[DEBUG] train_step 3500: policy_update done
[step 03550] value_loss=4.173844 policy_loss=-0.551670
[step 03550] VALUE_DEBUG: target(mean=-14.44 std=2.66 min=-22.63 max=-5.61) V(s)(mean=-14.77 std=1.64) reward(mean=-1.793 std=5.783) clip=50.0
[DEBUG] train_step 3550: starting episode collection
[DEBUG] train_step 3550: episodes collected, starting value_update
[DEBUG] train_step 3550: value_update done, starting policy_update
[DEBUG] train_step 3550: policy_update done
[step 03600] opnorm clamp applied
[step 03600] value_loss=4.821936 policy_loss=0.538317
[step 03600] VALUE_DEBUG: target(mean=-14.55 std=2.77 min=-24.31 max=-9.26) V(s)(mean=-14.88 std=1.63) reward(mean=-1.723 std=5.392) clip=50.0
[step 03600] eval_success_rate=0.000 eval_mean_score=11.440 eval_policy_mode=greedy [solved=0/50, score_range=9.00-14.00/16.0, initial=9.00]
[step 03600] PROGRESS: filled=11.44 violations=0.00 zero_cand=0.00
[step 03600] DEBUG: ep_len=15.7 ep_ret=-14.189 stop_prob=0.000 score_chg=1.9750
[DEBUG] train_step 3600: starting episode collection
[DEBUG] train_step 3600: episodes collected, starting value_update
[DEBUG] train_step 3600: value_update done, starting policy_update
[DEBUG] train_step 3600: policy_update done
[step 03650] value_loss=10.134504 policy_loss=0.369000
[step 03650] VALUE_DEBUG: target(mean=-14.10 std=3.60 min=-21.71 max=1.84) V(s)(mean=-14.52 std=1.56) reward(mean=-0.454 std=3.064) clip=50.0
[DEBUG] train_step 3650: starting episode collection
[DEBUG] train_step 3650: episodes collected, starting value_update
[DEBUG] train_step 3650: value_update done, starting policy_update
[DEBUG] train_step 3650: policy_update done
[step 03700] opnorm clamp applied
[step 03700] value_loss=6.484341 policy_loss=-0.525705
[step 03700] VALUE_DEBUG: target(mean=-13.80 std=3.44 min=-19.77 max=1.84) V(s)(mean=-14.12 std=1.88) reward(mean=-0.548 std=3.429) clip=50.0
[step 03700] eval_success_rate=0.000 eval_mean_score=11.420 eval_policy_mode=greedy [solved=0/50, score_range=9.00-15.00/16.0, initial=9.00]
[step 03700] PROGRESS: filled=11.42 violations=0.00 zero_cand=0.00
[step 03700] DEBUG: ep_len=15.5 ep_ret=-13.321 stop_prob=0.000 score_chg=2.1675
[DEBUG] train_step 3700: starting episode collection
[DEBUG] train_step 3700: episodes collected, starting value_update
[DEBUG] train_step 3700: value_update done, starting policy_update
[DEBUG] train_step 3700: policy_update done
[step 03750] value_loss=3.191935 policy_loss=-0.503018
[step 03750] VALUE_DEBUG: target(mean=-15.19 std=2.30 min=-24.04 max=-9.95) V(s)(mean=-15.02 std=1.64) reward(mean=-1.265 std=5.095) clip=50.0
[DEBUG] train_step 3750: starting episode collection
[DEBUG] train_step 3750: episodes collected, starting value_update
[DEBUG] train_step 3750: value_update done, starting policy_update
[DEBUG] train_step 3750: policy_update done
[step 03800] opnorm clamp applied
[step 03800] value_loss=10.338589 policy_loss=0.783292
[step 03800] VALUE_DEBUG: target(mean=-15.73 std=3.32 min=-26.61 max=-10.15) V(s)(mean=-15.03 std=1.64) reward(mean=-2.094 std=5.059) clip=50.0
[step 03800] eval_success_rate=0.000 eval_mean_score=11.600 eval_policy_mode=greedy [solved=0/50, score_range=9.00-14.00/16.0, initial=9.00]
[step 03800] PROGRESS: filled=11.60 violations=0.00 zero_cand=0.00
[step 03800] DEBUG: ep_len=15.5 ep_ret=-13.326 stop_prob=0.000 score_chg=2.0475
[DEBUG] train_step 3800: starting episode collection
[DEBUG] train_step 3800: episodes collected, starting value_update
[DEBUG] train_step 3800: value_update done, starting policy_update
[DEBUG] train_step 3800: policy_update done
[step 03850] value_loss=4.910707 policy_loss=-0.161343
[step 03850] VALUE_DEBUG: target(mean=-15.18 std=2.73 min=-21.90 max=-9.80) V(s)(mean=-14.97 std=1.27) reward(mean=-0.723 std=3.537) clip=50.0
[DEBUG] train_step 3850: starting episode collection
[DEBUG] train_step 3850: episodes collected, starting value_update
[DEBUG] train_step 3850: value_update done, starting policy_update
[DEBUG] train_step 3850: policy_update done
[step 03900] opnorm clamp applied
[step 03900] value_loss=3.201428 policy_loss=0.118265
[step 03900] VALUE_DEBUG: target(mean=-14.78 std=2.04 min=-17.86 max=-6.60) V(s)(mean=-14.55 std=1.38) reward(mean=0.234 std=1.730) clip=50.0
[step 03900] eval_success_rate=0.000 eval_mean_score=11.900 eval_policy_mode=greedy [solved=0/50, score_range=9.00-14.00/16.0, initial=9.00]
[step 03900] PROGRESS: filled=11.90 violations=0.00 zero_cand=0.00
[step 03900] DEBUG: ep_len=15.7 ep_ret=-14.130 stop_prob=0.000 score_chg=2.3750
[DEBUG] train_step 3900: starting episode collection
[DEBUG] train_step 3900: episodes collected, starting value_update
[DEBUG] train_step 3900: value_update done, starting policy_update
[DEBUG] train_step 3900: policy_update done
[step 03950] value_loss=11.824938 policy_loss=-0.509472
[step 03950] VALUE_DEBUG: target(mean=-13.91 std=4.00 min=-22.18 max=1.84) V(s)(mean=-14.07 std=1.48) reward(mean=-0.916 std=4.430) clip=50.0
[DEBUG] train_step 3950: starting episode collection
[DEBUG] train_step 3950: episodes collected, starting value_update
[DEBUG] train_step 3950: value_update done, starting policy_update
[DEBUG] train_step 3950: policy_update done
[step 04000] opnorm clamp applied
[step 04000] value_loss=7.477030 policy_loss=0.535143
[step 04000] VALUE_DEBUG: target(mean=-14.32 std=3.13 min=-23.61 max=-6.97) V(s)(mean=-14.28 std=2.26) reward(mean=-0.261 std=3.777) clip=50.0
[step 04000] eval_success_rate=0.000 eval_mean_score=11.760 eval_policy_mode=greedy [solved=0/50, score_range=9.00-14.00/16.0, initial=9.00]
[step 04000] PROGRESS: filled=11.76 violations=0.00 zero_cand=0.00
[step 04000] DEBUG: ep_len=15.5 ep_ret=-13.232 stop_prob=0.000 score_chg=2.4800
[Checkpoint] Saved to buiksat_trm/checkpoints/table3_hard_6to8_controlled_nomask_c_r10_s0/rl_checkpoint_step_4000.pt
[DEBUG] train_step 4000: starting episode collection
[DEBUG] train_step 4000: episodes collected, starting value_update
[DEBUG] train_step 4000: value_update done, starting policy_update
[DEBUG] train_step 4000: policy_update done
[step 04050] value_loss=5.098851 policy_loss=0.490082
[step 04050] VALUE_DEBUG: target(mean=-14.93 std=3.13 min=-23.76 max=-8.52) V(s)(mean=-14.59 std=1.87) reward(mean=-2.352 std=6.150) clip=50.0
[DEBUG] train_step 4050: starting episode collection
[DEBUG] train_step 4050: episodes collected, starting value_update
[DEBUG] train_step 4050: value_update done, starting policy_update
[DEBUG] train_step 4050: policy_update done
[step 04100] opnorm clamp applied
[step 04100] value_loss=6.016963 policy_loss=0.275018
[step 04100] VALUE_DEBUG: target(mean=-15.52 std=2.96 min=-24.74 max=-10.04) V(s)(mean=-14.61 std=1.74) reward(mean=-1.878 std=4.887) clip=50.0
[step 04100] eval_success_rate=0.000 eval_mean_score=11.380 eval_policy_mode=greedy [solved=0/50, score_range=9.00-14.00/16.0, initial=9.00]
[step 04100] PROGRESS: filled=11.38 violations=0.00 zero_cand=0.00
[step 04100] DEBUG: ep_len=15.4 ep_ret=-13.020 stop_prob=0.000 score_chg=2.4000
[DEBUG] train_step 4100: starting episode collection
[DEBUG] train_step 4100: episodes collected, starting value_update
[DEBUG] train_step 4100: value_update done, starting policy_update
[DEBUG] train_step 4100: policy_update done
[step 04150] value_loss=4.172712 policy_loss=1.002205
[step 04150] VALUE_DEBUG: target(mean=-14.11 std=2.43 min=-19.38 max=-5.94) V(s)(mean=-14.45 std=1.76) reward(mean=-2.226 std=6.165) clip=50.0
[DEBUG] train_step 4150: starting episode collection
[DEBUG] train_step 4150: episodes collected, starting value_update
[DEBUG] train_step 4150: value_update done, starting policy_update
[DEBUG] train_step 4150: policy_update done
[step 04200] opnorm clamp applied
[step 04200] value_loss=3.799608 policy_loss=0.077767
[step 04200] VALUE_DEBUG: target(mean=-15.05 std=2.25 min=-22.42 max=-10.65) V(s)(mean=-15.14 std=1.70) reward(mean=-1.354 std=4.238) clip=50.0
[step 04200] eval_success_rate=0.000 eval_mean_score=11.760 eval_policy_mode=greedy [solved=0/50, score_range=9.00-15.00/16.0, initial=9.00]
[step 04200] PROGRESS: filled=11.76 violations=0.00 zero_cand=0.00
[step 04200] DEBUG: ep_len=15.2 ep_ret=-11.850 stop_prob=0.000 score_chg=2.6050
[DEBUG] train_step 4200: starting episode collection
[DEBUG] train_step 4200: episodes collected, starting value_update
[DEBUG] train_step 4200: value_update done, starting policy_update
[DEBUG] train_step 4200: policy_update done
[step 04250] value_loss=15.067844 policy_loss=-0.555924
[step 04250] VALUE_DEBUG: target(mean=-13.25 std=4.31 min=-21.49 max=1.84) V(s)(mean=-14.22 std=1.46) reward(mean=-1.013 std=4.894) clip=50.0
[DEBUG] train_step 4250: starting episode collection
[DEBUG] train_step 4250: episodes collected, starting value_update
[DEBUG] train_step 4250: value_update done, starting policy_update
[DEBUG] train_step 4250: policy_update done
[step 04300] opnorm clamp applied
[step 04300] value_loss=6.163427 policy_loss=0.495312
[step 04300] VALUE_DEBUG: target(mean=-15.47 std=2.88 min=-21.02 max=-9.25) V(s)(mean=-14.44 std=1.55) reward(mean=-1.933 std=4.916) clip=50.0
[step 04300] eval_success_rate=0.000 eval_mean_score=11.820 eval_policy_mode=greedy [solved=0/50, score_range=10.00-14.00/16.0, initial=9.00]
[step 04300] PROGRESS: filled=11.82 violations=0.00 zero_cand=0.00
[step 04300] DEBUG: ep_len=15.3 ep_ret=-12.864 stop_prob=0.000 score_chg=2.2350
[DEBUG] train_step 4300: starting episode collection
[DEBUG] train_step 4300: episodes collected, starting value_update
[DEBUG] train_step 4300: value_update done, starting policy_update
[DEBUG] train_step 4300: policy_update done
[step 04350] value_loss=13.555832 policy_loss=0.067318
[step 04350] VALUE_DEBUG: target(mean=-13.76 std=4.07 min=-22.05 max=1.84) V(s)(mean=-14.98 std=1.98) reward(mean=-0.010 std=3.561) clip=50.0
[DEBUG] train_step 4350: starting episode collection
[DEBUG] train_step 4350: episodes collected, starting value_update
[DEBUG] train_step 4350: value_update done, starting policy_update
[DEBUG] train_step 4350: policy_update done
[step 04400] opnorm clamp applied
[step 04400] value_loss=6.925098 policy_loss=-0.533124
[step 04400] VALUE_DEBUG: target(mean=-14.40 std=3.05 min=-20.46 max=-5.12) V(s)(mean=-14.93 std=2.07) reward(mean=-1.987 std=6.493) clip=50.0
[step 04400] eval_success_rate=0.000 eval_mean_score=12.300 eval_policy_mode=greedy [solved=0/50, score_range=10.00-15.00/16.0, initial=9.00]
[step 04400] PROGRESS: filled=12.30 violations=0.00 zero_cand=0.00
[step 04400] DEBUG: ep_len=15.3 ep_ret=-12.832 stop_prob=0.000 score_chg=2.4125
[DEBUG] train_step 4400: starting episode collection
[DEBUG] train_step 4400: episodes collected, starting value_update
[DEBUG] train_step 4400: value_update done, starting policy_update
[DEBUG] train_step 4400: policy_update done
[step 04450] value_loss=2.420438 policy_loss=0.419592
[step 04450] VALUE_DEBUG: target(mean=-14.85 std=2.32 min=-23.51 max=-10.13) V(s)(mean=-15.10 std=1.69) reward(mean=-0.321 std=3.237) clip=50.0
[DEBUG] train_step 4450: starting episode collection
[DEBUG] train_step 4450: episodes collected, starting value_update
[DEBUG] train_step 4450: value_update done, starting policy_update
[DEBUG] train_step 4450: policy_update done
[step 04500] opnorm clamp applied
[step 04500] value_loss=6.304820 policy_loss=0.639455
[step 04500] VALUE_DEBUG: target(mean=-14.69 std=2.76 min=-22.01 max=-8.95) V(s)(mean=-14.67 std=2.04) reward(mean=-2.067 std=6.277) clip=50.0
[step 04500] eval_success_rate=0.020 eval_mean_score=11.780 eval_policy_mode=greedy [solved=1/50, score_range=9.00-16.00/16.0, initial=9.00]
[step 04500] PROGRESS: filled=11.78 violations=0.00 zero_cand=0.00
[step 04500] DEBUG: ep_len=15.4 ep_ret=-12.840 stop_prob=0.000 score_chg=2.3250
[DEBUG] train_step 4500: starting episode collection
[DEBUG] train_step 4500: episodes collected, starting value_update
[DEBUG] train_step 4500: value_update done, starting policy_update
[DEBUG] train_step 4500: policy_update done
[step 04550] value_loss=9.074430 policy_loss=-0.074425
[step 04550] VALUE_DEBUG: target(mean=-13.92 std=3.54 min=-20.04 max=-1.77) V(s)(mean=-14.76 std=2.14) reward(mean=-0.415 std=4.080) clip=50.0
[DEBUG] train_step 4550: starting episode collection
[DEBUG] train_step 4550: episodes collected, starting value_update
[DEBUG] train_step 4550: value_update done, starting policy_update
[DEBUG] train_step 4550: policy_update done
[step 04600] opnorm clamp applied
[step 04600] value_loss=7.233787 policy_loss=-0.511104
[step 04600] VALUE_DEBUG: target(mean=-15.00 std=2.97 min=-21.58 max=-6.57) V(s)(mean=-15.48 std=1.99) reward(mean=-0.999 std=4.715) clip=50.0
[step 04600] eval_success_rate=0.060 eval_mean_score=11.880 eval_policy_mode=greedy [solved=3/50, score_range=9.00-16.00/16.0, initial=9.00]
[step 04600] PROGRESS: filled=11.88 violations=0.00 zero_cand=0.00
[step 04600] DEBUG: ep_len=15.1 ep_ret=-12.009 stop_prob=0.000 score_chg=2.3525
[DEBUG] train_step 4600: starting episode collection
[DEBUG] train_step 4600: episodes collected, starting value_update
[DEBUG] train_step 4600: value_update done, starting policy_update
[DEBUG] train_step 4600: policy_update done
[step 04650] value_loss=13.434702 policy_loss=0.776744
[step 04650] VALUE_DEBUG: target(mean=-13.87 std=4.76 min=-23.62 max=1.84) V(s)(mean=-14.00 std=2.86) reward(mean=-0.606 std=3.819) clip=50.0
[DEBUG] train_step 4650: starting episode collection
[DEBUG] train_step 4650: episodes collected, starting value_update
[DEBUG] train_step 4650: value_update done, starting policy_update
[DEBUG] train_step 4650: policy_update done
[step 04700] opnorm clamp applied
[step 04700] value_loss=8.948574 policy_loss=-0.483063
[step 04700] VALUE_DEBUG: target(mean=-12.68 std=3.39 min=-17.07 max=-2.56) V(s)(mean=-13.98 std=2.03) reward(mean=1.330 std=2.824) clip=50.0
[step 04700] eval_success_rate=0.000 eval_mean_score=12.060 eval_policy_mode=greedy [solved=0/50, score_range=10.00-15.00/16.0, initial=9.00]
[step 04700] PROGRESS: filled=12.06 violations=0.00 zero_cand=0.00
[step 04700] DEBUG: ep_len=15.1 ep_ret=-11.750 stop_prob=0.000 score_chg=2.5450
[DEBUG] train_step 4700: starting episode collection
[DEBUG] train_step 4700: episodes collected, starting value_update
[DEBUG] train_step 4700: value_update done, starting policy_update
[DEBUG] train_step 4700: policy_update done
[step 04750] value_loss=1.596461 policy_loss=1.198267
[step 04750] VALUE_DEBUG: target(mean=-14.22 std=2.89 min=-21.14 max=-8.96) V(s)(mean=-13.93 std=2.47) reward(mean=-1.576 std=4.839) clip=50.0
[DEBUG] train_step 4750: starting episode collection
[DEBUG] train_step 4750: episodes collected, starting value_update
[DEBUG] train_step 4750: value_update done, starting policy_update
[DEBUG] train_step 4750: policy_update done
[step 04800] opnorm clamp applied
[step 04800] value_loss=3.573605 policy_loss=0.338282
[step 04800] VALUE_DEBUG: target(mean=-13.94 std=3.01 min=-17.58 max=-7.48) V(s)(mean=-13.78 std=2.50) reward(mean=-0.924 std=4.323) clip=50.0
[step 04800] eval_success_rate=0.060 eval_mean_score=12.680 eval_policy_mode=greedy [solved=3/50, score_range=9.00-16.00/16.0, initial=9.00]
[step 04800] PROGRESS: filled=12.68 violations=0.00 zero_cand=0.00
[step 04800] DEBUG: ep_len=15.1 ep_ret=-11.598 stop_prob=0.000 score_chg=2.7250
[DEBUG] train_step 4800: starting episode collection
[DEBUG] train_step 4800: episodes collected, starting value_update
[DEBUG] train_step 4800: value_update done, starting policy_update
[DEBUG] train_step 4800: policy_update done
[step 04850] value_loss=14.458701 policy_loss=0.254398
[step 04850] VALUE_DEBUG: target(mean=-11.85 std=4.30 min=-17.03 max=1.84) V(s)(mean=-13.31 std=2.53) reward(mean=0.694 std=3.994) clip=50.0
[DEBUG] train_step 4850: starting episode collection
[DEBUG] train_step 4850: episodes collected, starting value_update
[DEBUG] train_step 4850: value_update done, starting policy_update
[DEBUG] train_step 4850: policy_update done
[step 04900] opnorm clamp applied
[step 04900] value_loss=6.671796 policy_loss=-0.097017
[step 04900] VALUE_DEBUG: target(mean=-13.57 std=3.42 min=-22.62 max=-7.09) V(s)(mean=-14.36 std=2.58) reward(mean=-0.864 std=4.539) clip=50.0
[step 04900] eval_success_rate=0.000 eval_mean_score=12.260 eval_policy_mode=greedy [solved=0/50, score_range=9.00-15.00/16.0, initial=9.00]
[step 04900] PROGRESS: filled=12.26 violations=0.00 zero_cand=0.00
[step 04900] DEBUG: ep_len=14.8 ep_ret=-10.509 stop_prob=0.000 score_chg=3.2500
[DEBUG] train_step 4900: starting episode collection
[DEBUG] train_step 4900: episodes collected, starting value_update
[DEBUG] train_step 4900: value_update done, starting policy_update
[DEBUG] train_step 4900: policy_update done
[step 04950] value_loss=6.971654 policy_loss=0.632232
[step 04950] VALUE_DEBUG: target(mean=-14.35 std=3.62 min=-24.93 max=-7.47) V(s)(mean=-14.41 std=2.50) reward(mean=-0.802 std=3.966) clip=50.0
[DEBUG] train_step 4950: starting episode collection
[DEBUG] train_step 4950: episodes collected, starting value_update
[DEBUG] train_step 4950: value_update done, starting policy_update
[DEBUG] train_step 4950: policy_update done
[step 05000] opnorm clamp applied
[step 05000] value_loss=16.483049 policy_loss=0.551726
[step 05000] VALUE_DEBUG: target(mean=-13.74 std=4.27 min=-24.47 max=1.84) V(s)(mean=-13.41 std=2.00) reward(mean=-1.073 std=4.158) clip=50.0
[step 05000] eval_success_rate=0.000 eval_mean_score=12.660 eval_policy_mode=greedy [solved=0/50, score_range=9.00-15.00/16.0, initial=9.00]
[step 05000] PROGRESS: filled=12.66 violations=0.00 zero_cand=0.00
[step 05000] DEBUG: ep_len=14.6 ep_ret=-10.116 stop_prob=0.000 score_chg=2.9750
[Checkpoint] Saved to buiksat_trm/checkpoints/table3_hard_6to8_controlled_nomask_c_r10_s0/rl_checkpoint_step_5000.pt
[DEBUG] train_step 5000: starting episode collection
[DEBUG] train_step 5000: episodes collected, starting value_update
[DEBUG] train_step 5000: value_update done, starting policy_update
[DEBUG] train_step 5000: policy_update done
[step 05050] value_loss=3.846392 policy_loss=0.460297
[step 05050] VALUE_DEBUG: target(mean=-13.18 std=2.66 min=-19.46 max=-7.82) V(s)(mean=-12.90 std=2.43) reward(mean=-0.352 std=3.310) clip=50.0
[DEBUG] train_step 5050: starting episode collection
[DEBUG] train_step 5050: episodes collected, starting value_update
[DEBUG] train_step 5050: value_update done, starting policy_update
[DEBUG] train_step 5050: policy_update done
[step 05100] opnorm clamp applied
[step 05100] value_loss=12.581472 policy_loss=-0.793425
[step 05100] VALUE_DEBUG: target(mean=-14.15 std=3.93 min=-21.15 max=-1.88) V(s)(mean=-14.01 std=2.15) reward(mean=-1.224 std=5.215) clip=50.0
[step 05100] eval_success_rate=0.160 eval_mean_score=12.760 eval_policy_mode=greedy [solved=8/50, score_range=9.00-16.00/16.0, initial=9.00]
[step 05100] PROGRESS: filled=12.76 violations=0.00 zero_cand=0.00
[step 05100] DEBUG: ep_len=14.8 ep_ret=-10.595 stop_prob=0.000 score_chg=3.0750
[DEBUG] train_step 5100: starting episode collection
[DEBUG] train_step 5100: episodes collected, starting value_update
[DEBUG] train_step 5100: value_update done, starting policy_update
[DEBUG] train_step 5100: policy_update done
[step 05150] value_loss=10.485718 policy_loss=-0.731508
[step 05150] VALUE_DEBUG: target(mean=-13.32 std=4.26 min=-21.88 max=1.84) V(s)(mean=-13.29 std=2.55) reward(mean=-0.455 std=3.864) clip=50.0
[DEBUG] train_step 5150: starting episode collection
[DEBUG] train_step 5150: episodes collected, starting value_update
[DEBUG] train_step 5150: value_update done, starting policy_update
[DEBUG] train_step 5150: policy_update done
[step 05200] opnorm clamp applied
[step 05200] value_loss=5.610110 policy_loss=0.408305
[step 05200] VALUE_DEBUG: target(mean=-13.51 std=3.85 min=-21.22 max=1.84) V(s)(mean=-14.22 std=2.54) reward(mean=-0.808 std=3.908) clip=50.0
[step 05200] eval_success_rate=0.080 eval_mean_score=12.360 eval_policy_mode=greedy [solved=4/50, score_range=9.00-16.00/16.0, initial=9.00]
[step 05200] PROGRESS: filled=12.36 violations=0.00 zero_cand=0.00
[step 05200] DEBUG: ep_len=15.0 ep_ret=-11.611 stop_prob=0.000 score_chg=2.5500
[DEBUG] train_step 5200: starting episode collection
[DEBUG] train_step 5200: episodes collected, starting value_update
[DEBUG] train_step 5200: value_update done, starting policy_update
[DEBUG] train_step 5200: policy_update done
[step 05250] value_loss=8.408476 policy_loss=-0.007600
[step 05250] VALUE_DEBUG: target(mean=-12.98 std=4.77 min=-25.34 max=1.84) V(s)(mean=-13.66 std=2.63) reward(mean=-1.479 std=5.600) clip=50.0
[DEBUG] train_step 5250: starting episode collection
[DEBUG] train_step 5250: episodes collected, starting value_update
[DEBUG] train_step 5250: value_update done, starting policy_update
[DEBUG] train_step 5250: policy_update done
[step 05300] opnorm clamp applied
[step 05300] value_loss=2.527791 policy_loss=0.145294
[step 05300] VALUE_DEBUG: target(mean=-12.65 std=3.42 min=-22.42 max=-6.08) V(s)(mean=-12.38 std=2.87) reward(mean=-0.573 std=4.187) clip=50.0
[step 05300] eval_success_rate=0.180 eval_mean_score=12.800 eval_policy_mode=greedy [solved=9/50, score_range=9.00-16.00/16.0, initial=9.00]
[step 05300] PROGRESS: filled=12.80 violations=0.00 zero_cand=0.00
[step 05300] DEBUG: ep_len=14.7 ep_ret=-10.465 stop_prob=0.000 score_chg=3.2125
[DEBUG] train_step 5300: starting episode collection
[DEBUG] train_step 5300: episodes collected, starting value_update
[DEBUG] train_step 5300: value_update done, starting policy_update
[DEBUG] train_step 5300: policy_update done
[step 05350] value_loss=2.580565 policy_loss=0.482881
[step 05350] VALUE_DEBUG: target(mean=-13.57 std=2.61 min=-17.49 max=-7.56) V(s)(mean=-13.67 std=2.66) reward(mean=-0.832 std=4.235) clip=50.0
[DEBUG] train_step 5350: starting episode collection
[DEBUG] train_step 5350: episodes collected, starting value_update
[DEBUG] train_step 5350: value_update done, starting policy_update
[DEBUG] train_step 5350: policy_update done
[step 05400] opnorm clamp applied
[step 05400] value_loss=3.761260 policy_loss=1.750960
[step 05400] VALUE_DEBUG: target(mean=-13.41 std=3.39 min=-21.15 max=-6.01) V(s)(mean=-13.15 std=2.81) reward(mean=-0.130 std=2.150) clip=50.0
[step 05400] eval_success_rate=0.120 eval_mean_score=12.480 eval_policy_mode=greedy [solved=6/50, score_range=9.00-16.00/16.0, initial=9.00]
[step 05400] PROGRESS: filled=12.48 violations=0.00 zero_cand=0.00
[step 05400] DEBUG: ep_len=14.6 ep_ret=-10.324 stop_prob=0.000 score_chg=3.2100
[DEBUG] train_step 5400: starting episode collection
[DEBUG] train_step 5400: episodes collected, starting value_update
[DEBUG] train_step 5400: value_update done, starting policy_update
[DEBUG] train_step 5400: policy_update done
[step 05450] value_loss=4.143955 policy_loss=-0.706402
[step 05450] VALUE_DEBUG: target(mean=-13.57 std=2.81 min=-17.53 max=-7.35) V(s)(mean=-13.87 std=2.31) reward(mean=-0.920 std=4.710) clip=50.0
[DEBUG] train_step 5450: starting episode collection
[DEBUG] train_step 5450: episodes collected, starting value_update
[DEBUG] train_step 5450: value_update done, starting policy_update
[DEBUG] train_step 5450: policy_update done
[step 05500] opnorm clamp applied
[step 05500] value_loss=10.813483 policy_loss=-0.233725
[step 05500] VALUE_DEBUG: target(mean=-12.44 std=3.87 min=-17.49 max=1.84) V(s)(mean=-13.63 std=2.60) reward(mean=0.732 std=2.015) clip=50.0
[step 05500] eval_success_rate=0.100 eval_mean_score=12.900 eval_policy_mode=greedy [solved=5/50, score_range=9.00-16.00/16.0, initial=9.00]
[step 05500] PROGRESS: filled=12.90 violations=0.00 zero_cand=0.00
[step 05500] DEBUG: ep_len=14.7 ep_ret=-10.690 stop_prob=0.000 score_chg=3.1525
[DEBUG] train_step 5500: starting episode collection
[DEBUG] train_step 5500: episodes collected, starting value_update
[DEBUG] train_step 5500: value_update done, starting policy_update
[DEBUG] train_step 5500: policy_update done
[step 05550] value_loss=6.325843 policy_loss=-0.375540
[step 05550] VALUE_DEBUG: target(mean=-13.62 std=3.77 min=-22.08 max=-3.13) V(s)(mean=-13.39 std=2.77) reward(mean=-0.104 std=2.696) clip=50.0
[DEBUG] train_step 5550: starting episode collection
[DEBUG] train_step 5550: episodes collected, starting value_update
[DEBUG] train_step 5550: value_update done, starting policy_update
[DEBUG] train_step 5550: policy_update done
[step 05600] opnorm clamp applied
[step 05600] value_loss=20.529953 policy_loss=0.333046
[step 05600] VALUE_DEBUG: target(mean=-12.24 std=5.31 min=-17.12 max=6.84) V(s)(mean=-13.58 std=2.27) reward(mean=-0.052 std=4.276) clip=50.0
[step 05600] eval_success_rate=0.120 eval_mean_score=13.080 eval_policy_mode=greedy [solved=6/50, score_range=10.00-16.00/16.0, initial=9.00]
[step 05600] PROGRESS: filled=13.08 violations=0.00 zero_cand=0.00
[step 05600] DEBUG: ep_len=14.8 ep_ret=-10.457 stop_prob=0.000 score_chg=3.4025
[DEBUG] train_step 5600: starting episode collection
[DEBUG] train_step 5600: episodes collected, starting value_update
[DEBUG] train_step 5600: value_update done, starting policy_update
[DEBUG] train_step 5600: policy_update done
[step 05650] value_loss=1.626800 policy_loss=1.365890
[step 05650] VALUE_DEBUG: target(mean=-13.66 std=3.23 min=-17.41 max=-4.89) V(s)(mean=-13.84 std=2.94) reward(mean=-1.547 std=5.611) clip=50.0
[DEBUG] train_step 5650: starting episode collection
[DEBUG] train_step 5650: episodes collected, starting value_update
[DEBUG] train_step 5650: value_update done, starting policy_update
[DEBUG] train_step 5650: policy_update done
[step 05700] opnorm clamp applied
[step 05700] value_loss=17.944553 policy_loss=0.580837
[step 05700] VALUE_DEBUG: target(mean=-11.13 std=5.10 min=-22.08 max=6.84) V(s)(mean=-11.02 std=2.66) reward(mean=-0.693 std=5.212) clip=50.0
[step 05700] eval_success_rate=0.160 eval_mean_score=12.800 eval_policy_mode=greedy [solved=8/50, score_range=10.00-16.00/16.0, initial=9.00]
[step 05700] PROGRESS: filled=12.80 violations=0.00 zero_cand=0.00
[step 05700] DEBUG: ep_len=14.6 ep_ret=-10.175 stop_prob=0.000 score_chg=3.5075
[DEBUG] train_step 5700: starting episode collection
[DEBUG] train_step 5700: episodes collected, starting value_update
[DEBUG] train_step 5700: value_update done, starting policy_update
[DEBUG] train_step 5700: policy_update done
[step 05750] value_loss=3.388644 policy_loss=0.168007
[step 05750] VALUE_DEBUG: target(mean=-12.95 std=3.60 min=-20.77 max=-4.53) V(s)(mean=-12.90 std=3.12) reward(mean=0.048 std=1.832) clip=50.0
[DEBUG] train_step 5750: starting episode collection
[DEBUG] train_step 5750: episodes collected, starting value_update
[DEBUG] train_step 5750: value_update done, starting policy_update
[DEBUG] train_step 5750: policy_update done
[step 05800] opnorm clamp applied
[step 05800] value_loss=16.713415 policy_loss=0.697000
[step 05800] VALUE_DEBUG: target(mean=-11.70 std=5.32 min=-20.37 max=1.84) V(s)(mean=-12.74 std=3.12) reward(mean=-0.115 std=3.823) clip=50.0
[step 05800] eval_success_rate=0.120 eval_mean_score=12.940 eval_policy_mode=greedy [solved=6/50, score_range=9.00-16.00/16.0, initial=9.00]
[step 05800] PROGRESS: filled=12.94 violations=0.00 zero_cand=0.00
[step 05800] DEBUG: ep_len=14.5 ep_ret=-10.157 stop_prob=0.000 score_chg=3.5200
[DEBUG] train_step 5800: starting episode collection
[DEBUG] train_step 5800: episodes collected, starting value_update
[DEBUG] train_step 5800: value_update done, starting policy_update
[DEBUG] train_step 5800: policy_update done
[step 05850] value_loss=7.558631 policy_loss=-0.346678
[step 05850] VALUE_DEBUG: target(mean=-12.49 std=3.67 min=-16.93 max=1.84) V(s)(mean=-13.15 std=2.73) reward(mean=0.323 std=0.558) clip=50.0
[DEBUG] train_step 5850: starting episode collection
[DEBUG] train_step 5850: episodes collected, starting value_update
[DEBUG] train_step 5850: value_update done, starting policy_update
[DEBUG] train_step 5850: policy_update done
[step 05900] opnorm clamp applied
[step 05900] value_loss=4.310220 policy_loss=0.731509
[step 05900] VALUE_DEBUG: target(mean=-13.09 std=3.52 min=-20.34 max=-4.69) V(s)(mean=-13.62 std=2.92) reward(mean=-0.615 std=3.796) clip=50.0
[step 05900] eval_success_rate=0.080 eval_mean_score=13.280 eval_policy_mode=greedy [solved=4/50, score_range=10.00-16.00/16.0, initial=9.00]
[step 05900] PROGRESS: filled=13.28 violations=0.00 zero_cand=0.00
[step 05900] DEBUG: ep_len=14.3 ep_ret=-9.725 stop_prob=0.000 score_chg=3.2725
[DEBUG] train_step 5900: starting episode collection
[DEBUG] train_step 5900: episodes collected, starting value_update
[DEBUG] train_step 5900: value_update done, starting policy_update
[DEBUG] train_step 5900: policy_update done
[step 05950] value_loss=8.366199 policy_loss=-0.465333
[step 05950] VALUE_DEBUG: target(mean=-13.11 std=4.91 min=-25.22 max=1.84) V(s)(mean=-12.38 std=3.66) reward(mean=-0.363 std=2.564) clip=50.0
[DEBUG] train_step 5950: starting episode collection
[DEBUG] train_step 5950: episodes collected, starting value_update
[DEBUG] train_step 5950: value_update done, starting policy_update
[DEBUG] train_step 5950: policy_update done
[step 06000] opnorm clamp applied
[step 06000] value_loss=8.838062 policy_loss=0.457500
[step 06000] VALUE_DEBUG: target(mean=-14.09 std=3.90 min=-23.00 max=-4.82) V(s)(mean=-14.74 std=2.10) reward(mean=-0.665 std=4.994) clip=50.0
[step 06000] eval_success_rate=0.120 eval_mean_score=13.120 eval_policy_mode=greedy [solved=6/50, score_range=11.00-16.00/16.0, initial=9.00]
[step 06000] PROGRESS: filled=13.12 violations=0.00 zero_cand=0.00
[step 06000] DEBUG: ep_len=14.1 ep_ret=-8.983 stop_prob=0.000 score_chg=3.3775
[Checkpoint] Saved to buiksat_trm/checkpoints/table3_hard_6to8_controlled_nomask_c_r10_s0/rl_checkpoint_step_6000.pt
[DEBUG] train_step 6000: starting episode collection
[DEBUG] train_step 6000: episodes collected, starting value_update
[DEBUG] train_step 6000: value_update done, starting policy_update
[DEBUG] train_step 6000: policy_update done
[step 06050] value_loss=3.445735 policy_loss=0.212621
[step 06050] VALUE_DEBUG: target(mean=-12.17 std=4.12 min=-17.41 max=-2.57) V(s)(mean=-12.61 std=4.14) reward(mean=-0.308 std=4.459) clip=50.0
[DEBUG] train_step 6050: starting episode collection
[DEBUG] train_step 6050: episodes collected, starting value_update
[DEBUG] train_step 6050: value_update done, starting policy_update
[DEBUG] train_step 6050: policy_update done
[step 06100] opnorm clamp applied
[step 06100] value_loss=7.547486 policy_loss=-1.024874
[step 06100] VALUE_DEBUG: target(mean=-13.52 std=5.04 min=-22.08 max=1.38) V(s)(mean=-12.99 std=3.62) reward(mean=-2.672 std=7.239) clip=50.0
[step 06100] eval_success_rate=0.120 eval_mean_score=12.920 eval_policy_mode=greedy [solved=6/50, score_range=10.00-16.00/16.0, initial=9.00]
[step 06100] PROGRESS: filled=12.92 violations=0.00 zero_cand=0.00
[step 06100] DEBUG: ep_len=14.4 ep_ret=-9.817 stop_prob=0.000 score_chg=3.5550
[DEBUG] train_step 6100: starting episode collection
[DEBUG] train_step 6100: episodes collected, starting value_update
[DEBUG] train_step 6100: value_update done, starting policy_update
[DEBUG] train_step 6100: policy_update done
[step 06150] value_loss=4.812339 policy_loss=-0.673151
[step 06150] VALUE_DEBUG: target(mean=-13.83 std=3.79 min=-20.54 max=-2.78) V(s)(mean=-13.95 std=3.21) reward(mean=-0.949 std=4.386) clip=50.0
[DEBUG] train_step 6150: starting episode collection
[DEBUG] train_step 6150: episodes collected, starting value_update
[DEBUG] train_step 6150: value_update done, starting policy_update
[DEBUG] train_step 6150: policy_update done
[step 06200] opnorm clamp applied
[step 06200] value_loss=9.112241 policy_loss=0.186426
[step 06200] VALUE_DEBUG: target(mean=-11.75 std=5.96 min=-27.01 max=1.84) V(s)(mean=-12.03 std=4.61) reward(mean=-1.053 std=5.693) clip=50.0
[step 06200] eval_success_rate=0.060 eval_mean_score=12.840 eval_policy_mode=greedy [solved=3/50, score_range=10.00-16.00/16.0, initial=9.00]
[step 06200] PROGRESS: filled=12.84 violations=0.00 zero_cand=0.00
[step 06200] DEBUG: ep_len=14.4 ep_ret=-10.246 stop_prob=0.000 score_chg=3.1975
[DEBUG] train_step 6200: starting episode collection
[DEBUG] train_step 6200: episodes collected, starting value_update
[DEBUG] train_step 6200: value_update done, starting policy_update
[DEBUG] train_step 6200: policy_update done
[step 06250] value_loss=6.837436 policy_loss=-0.117158
[step 06250] VALUE_DEBUG: target(mean=-13.56 std=3.56 min=-22.60 max=-7.79) V(s)(mean=-13.13 std=2.94) reward(mean=-1.535 std=4.443) clip=50.0
[DEBUG] train_step 6250: starting episode collection
[DEBUG] train_step 6250: episodes collected, starting value_update
[DEBUG] train_step 6250: value_update done, starting policy_update
[DEBUG] train_step 6250: policy_update done
[step 06300] opnorm clamp applied
[step 06300] value_loss=5.168147 policy_loss=-0.029597
[step 06300] VALUE_DEBUG: target(mean=-11.53 std=4.88 min=-17.38 max=1.84) V(s)(mean=-11.77 std=4.43) reward(mean=-0.528 std=3.981) clip=50.0
[step 06300] eval_success_rate=0.200 eval_mean_score=13.100 eval_policy_mode=greedy [solved=10/50, score_range=10.00-16.00/16.0, initial=9.00]
[step 06300] PROGRESS: filled=13.10 violations=0.00 zero_cand=0.00
[step 06300] DEBUG: ep_len=14.3 ep_ret=-9.072 stop_prob=0.000 score_chg=3.5975
[DEBUG] train_step 6300: starting episode collection
[DEBUG] train_step 6300: episodes collected, starting value_update
[DEBUG] train_step 6300: value_update done, starting policy_update
[DEBUG] train_step 6300: policy_update done
[step 06350] value_loss=5.334025 policy_loss=-2.037360
[step 06350] VALUE_DEBUG: target(mean=-13.02 std=4.09 min=-19.59 max=1.29) V(s)(mean=-12.87 std=3.01) reward(mean=0.051 std=2.467) clip=50.0
[DEBUG] train_step 6350: starting episode collection
[DEBUG] train_step 6350: episodes collected, starting value_update
[DEBUG] train_step 6350: value_update done, starting policy_update
[DEBUG] train_step 6350: policy_update done
[step 06400] opnorm clamp applied
[step 06400] value_loss=14.212818 policy_loss=0.908889
[step 06400] VALUE_DEBUG: target(mean=-13.04 std=5.32 min=-21.99 max=1.84) V(s)(mean=-12.98 std=3.29) reward(mean=-0.782 std=4.087) clip=50.0
[step 06400] eval_success_rate=0.220 eval_mean_score=13.180 eval_policy_mode=greedy [solved=11/50, score_range=10.00-16.00/16.0, initial=9.00]
[step 06400] PROGRESS: filled=13.18 violations=0.00 zero_cand=0.00
[step 06400] DEBUG: ep_len=13.9 ep_ret=-9.014 stop_prob=0.000 score_chg=3.4650
[DEBUG] train_step 6400: starting episode collection
[DEBUG] train_step 6400: episodes collected, starting value_update
[DEBUG] train_step 6400: value_update done, starting policy_update
[DEBUG] train_step 6400: policy_update done
[step 06450] value_loss=10.036941 policy_loss=-0.368568
[step 06450] VALUE_DEBUG: target(mean=-12.37 std=5.37 min=-20.94 max=6.84) V(s)(mean=-12.52 std=3.81) reward(mean=-0.495 std=3.336) clip=50.0
[DEBUG] train_step 6450: starting episode collection
[DEBUG] train_step 6450: episodes collected, starting value_update
[DEBUG] train_step 6450: value_update done, starting policy_update
[DEBUG] train_step 6450: policy_update done
[step 06500] opnorm clamp applied
[step 06500] value_loss=2.422824 policy_loss=-0.214533
[step 06500] VALUE_DEBUG: target(mean=-10.98 std=4.46 min=-16.46 max=0.66) V(s)(mean=-11.38 std=4.73) reward(mean=-0.803 std=3.505) clip=50.0
[step 06500] eval_success_rate=0.240 eval_mean_score=13.320 eval_policy_mode=greedy [solved=12/50, score_range=9.00-16.00/16.0, initial=9.00]
[step 06500] PROGRESS: filled=13.32 violations=0.00 zero_cand=0.00
[step 06500] DEBUG: ep_len=13.7 ep_ret=-8.095 stop_prob=0.000 score_chg=3.5250
[DEBUG] train_step 6500: starting episode collection
[DEBUG] train_step 6500: episodes collected, starting value_update
[DEBUG] train_step 6500: value_update done, starting policy_update
[DEBUG] train_step 6500: policy_update done
[step 06550] value_loss=12.510495 policy_loss=0.245553
[step 06550] VALUE_DEBUG: target(mean=-11.62 std=5.97 min=-22.57 max=6.84) V(s)(mean=-12.18 std=4.76) reward(mean=0.301 std=2.298) clip=50.0
[DEBUG] train_step 6550: starting episode collection
[DEBUG] train_step 6550: episodes collected, starting value_update
[DEBUG] train_step 6550: value_update done, starting policy_update
[DEBUG] train_step 6550: policy_update done
[step 06600] opnorm clamp applied
[step 06600] value_loss=8.776662 policy_loss=0.333457
[step 06600] VALUE_DEBUG: target(mean=-10.59 std=5.68 min=-17.56 max=2.36) V(s)(mean=-11.27 std=5.16) reward(mean=0.505 std=3.892) clip=50.0
[step 06600] eval_success_rate=0.300 eval_mean_score=13.420 eval_policy_mode=greedy [solved=15/50, score_range=10.00-16.00/16.0, initial=9.00]
[step 06600] PROGRESS: filled=13.42 violations=0.00 zero_cand=0.00
[step 06600] DEBUG: ep_len=13.8 ep_ret=-7.916 stop_prob=0.000 score_chg=3.6450
[DEBUG] train_step 6600: starting episode collection
[DEBUG] train_step 6600: episodes collected, starting value_update
[DEBUG] train_step 6600: value_update done, starting policy_update
[DEBUG] train_step 6600: policy_update done
[step 06650] value_loss=8.406866 policy_loss=1.075346
[step 06650] VALUE_DEBUG: target(mean=-14.13 std=5.32 min=-22.23 max=0.17) V(s)(mean=-13.50 std=4.35) reward(mean=-2.037 std=5.731) clip=50.0
[DEBUG] train_step 6650: starting episode collection
[DEBUG] train_step 6650: episodes collected, starting value_update
[DEBUG] train_step 6650: value_update done, starting policy_update
[DEBUG] train_step 6650: policy_update done
[step 06700] opnorm clamp applied
[step 06700] value_loss=5.296208 policy_loss=-0.041227
[step 06700] VALUE_DEBUG: target(mean=-12.32 std=3.98 min=-16.89 max=-2.71) V(s)(mean=-12.25 std=3.96) reward(mean=-0.677 std=5.393) clip=50.0
[step 06700] eval_success_rate=0.360 eval_mean_score=13.640 eval_policy_mode=greedy [solved=18/50, score_range=10.00-16.00/16.0, initial=9.00]
[step 06700] PROGRESS: filled=13.64 violations=0.00 zero_cand=0.00
[step 06700] DEBUG: ep_len=13.8 ep_ret=-8.579 stop_prob=0.000 score_chg=3.6725
[DEBUG] train_step 6700: starting episode collection
[DEBUG] train_step 6700: episodes collected, starting value_update
[DEBUG] train_step 6700: value_update done, starting policy_update
[DEBUG] train_step 6700: policy_update done
[step 06750] value_loss=15.742352 policy_loss=0.722504
[step 06750] VALUE_DEBUG: target(mean=-11.31 std=6.44 min=-21.78 max=6.84) V(s)(mean=-11.80 std=4.16) reward(mean=-1.073 std=5.636) clip=50.0
[DEBUG] train_step 6750: starting episode collection
[DEBUG] train_step 6750: episodes collected, starting value_update
[DEBUG] train_step 6750: value_update done, starting policy_update
[DEBUG] train_step 6750: policy_update done
[step 06800] opnorm clamp applied
[step 06800] value_loss=6.145869 policy_loss=-0.281344
[step 06800] VALUE_DEBUG: target(mean=-12.40 std=5.53 min=-17.67 max=1.84) V(s)(mean=-13.01 std=4.94) reward(mean=-0.343 std=3.047) clip=50.0
[step 06800] eval_success_rate=0.280 eval_mean_score=13.360 eval_policy_mode=greedy [solved=14/50, score_range=10.00-16.00/16.0, initial=9.00]
[step 06800] PROGRESS: filled=13.36 violations=0.00 zero_cand=0.00
[step 06800] DEBUG: ep_len=13.3 ep_ret=-6.807 stop_prob=0.000 score_chg=3.9750
[DEBUG] train_step 6800: starting episode collection
[DEBUG] train_step 6800: episodes collected, starting value_update
[DEBUG] train_step 6800: value_update done, starting policy_update
[DEBUG] train_step 6800: policy_update done
[step 06850] value_loss=6.618198 policy_loss=1.041152
[step 06850] VALUE_DEBUG: target(mean=-9.84 std=6.13 min=-17.67 max=1.84) V(s)(mean=-11.14 std=5.46) reward(mean=0.253 std=3.336) clip=50.0
[DEBUG] train_step 6850: starting episode collection
[DEBUG] train_step 6850: episodes collected, starting value_update
[DEBUG] train_step 6850: value_update done, starting policy_update
[DEBUG] train_step 6850: policy_update done
[step 06900] opnorm clamp applied
[step 06900] value_loss=6.740344 policy_loss=0.073398
[step 06900] VALUE_DEBUG: target(mean=-13.24 std=5.29 min=-19.04 max=1.84) V(s)(mean=-13.70 std=4.23) reward(mean=-0.174 std=2.203) clip=50.0
[step 06900] eval_success_rate=0.300 eval_mean_score=13.620 eval_policy_mode=greedy [solved=15/50, score_range=11.00-16.00/16.0, initial=9.00]
[step 06900] PROGRESS: filled=13.62 violations=0.00 zero_cand=0.00
[step 06900] DEBUG: ep_len=13.3 ep_ret=-7.158 stop_prob=0.000 score_chg=3.7000
[DEBUG] train_step 6900: starting episode collection
[DEBUG] train_step 6900: episodes collected, starting value_update
[DEBUG] train_step 6900: value_update done, starting policy_update
[DEBUG] train_step 6900: policy_update done
[step 06950] value_loss=3.676224 policy_loss=-1.207267
[step 06950] VALUE_DEBUG: target(mean=-12.03 std=4.57 min=-19.61 max=-0.40) V(s)(mean=-12.61 std=3.56) reward(mean=0.607 std=2.070) clip=50.0
[DEBUG] train_step 6950: starting episode collection
[DEBUG] train_step 6950: episodes collected, starting value_update
[DEBUG] train_step 6950: value_update done, starting policy_update
[DEBUG] train_step 6950: policy_update done
[step 07000] opnorm clamp applied
[step 07000] value_loss=3.065226 policy_loss=0.199292
[step 07000] VALUE_DEBUG: target(mean=-11.57 std=4.50 min=-17.18 max=-0.93) V(s)(mean=-12.22 std=4.48) reward(mean=-0.832 std=5.141) clip=50.0
[step 07000] eval_success_rate=0.300 eval_mean_score=13.420 eval_policy_mode=greedy [solved=15/50, score_range=9.00-16.00/16.0, initial=9.00]
[step 07000] PROGRESS: filled=13.42 violations=0.00 zero_cand=0.00
[step 07000] DEBUG: ep_len=13.3 ep_ret=-6.574 stop_prob=0.000 score_chg=4.0700
[Checkpoint] Saved to buiksat_trm/checkpoints/table3_hard_6to8_controlled_nomask_c_r10_s0/rl_checkpoint_step_7000.pt
[DEBUG] train_step 7000: starting episode collection
[DEBUG] train_step 7000: episodes collected, starting value_update
[DEBUG] train_step 7000: value_update done, starting policy_update
[DEBUG] train_step 7000: policy_update done
[step 07050] value_loss=12.243376 policy_loss=-1.059215
[step 07050] VALUE_DEBUG: target(mean=-11.22 std=7.31 min=-25.00 max=6.84) V(s)(mean=-11.70 std=5.09) reward(mean=-0.781 std=4.473) clip=50.0
[DEBUG] train_step 7050: starting episode collection
[DEBUG] train_step 7050: episodes collected, starting value_update
[DEBUG] train_step 7050: value_update done, starting policy_update
[DEBUG] train_step 7050: policy_update done
[step 07100] opnorm clamp applied
[step 07100] value_loss=8.491632 policy_loss=-0.486099
[step 07100] VALUE_DEBUG: target(mean=-12.70 std=5.25 min=-25.10 max=1.84) V(s)(mean=-12.91 std=4.07) reward(mean=-0.398 std=3.608) clip=50.0
[step 07100] eval_success_rate=0.360 eval_mean_score=13.520 eval_policy_mode=greedy [solved=18/50, score_range=11.00-16.00/16.0, initial=9.00]
[step 07100] PROGRESS: filled=13.52 violations=0.00 zero_cand=0.00
[step 07100] DEBUG: ep_len=12.9 ep_ret=-6.272 stop_prob=0.000 score_chg=3.9525
[DEBUG] train_step 7100: starting episode collection
[DEBUG] train_step 7100: episodes collected, starting value_update
[DEBUG] train_step 7100: value_update done, starting policy_update
[DEBUG] train_step 7100: policy_update done
[step 07150] value_loss=10.697790 policy_loss=-1.061109
[step 07150] VALUE_DEBUG: target(mean=-11.76 std=5.40 min=-22.44 max=1.84) V(s)(mean=-12.42 std=4.57) reward(mean=-0.213 std=3.017) clip=50.0
[DEBUG] train_step 7150: starting episode collection
[DEBUG] train_step 7150: episodes collected, starting value_update
[DEBUG] train_step 7150: value_update done, starting policy_update
[DEBUG] train_step 7150: policy_update done
[step 07200] opnorm clamp applied
[step 07200] value_loss=4.795719 policy_loss=0.041202
[step 07200] VALUE_DEBUG: target(mean=-11.11 std=6.07 min=-21.82 max=1.84) V(s)(mean=-11.30 std=5.37) reward(mean=-0.150 std=3.445) clip=50.0
[step 07200] eval_success_rate=0.360 eval_mean_score=13.760 eval_policy_mode=greedy [solved=18/50, score_range=11.00-16.00/16.0, initial=9.00]
[step 07200] PROGRESS: filled=13.76 violations=0.00 zero_cand=0.00
[step 07200] DEBUG: ep_len=12.9 ep_ret=-6.440 stop_prob=0.000 score_chg=4.0875
[DEBUG] train_step 7200: starting episode collection
[DEBUG] train_step 7200: episodes collected, starting value_update
[DEBUG] train_step 7200: value_update done, starting policy_update
[DEBUG] train_step 7200: policy_update done
[step 07250] value_loss=11.311033 policy_loss=-0.263609
[step 07250] VALUE_DEBUG: target(mean=-9.14 std=7.56 min=-25.52 max=6.07) V(s)(mean=-8.63 std=6.13) reward(mean=-0.271 std=4.368) clip=50.0
[DEBUG] train_step 7250: starting episode collection
[DEBUG] train_step 7250: episodes collected, starting value_update
[DEBUG] train_step 7250: value_update done, starting policy_update
[DEBUG] train_step 7250: policy_update done
[step 07300] opnorm clamp applied
[step 07300] value_loss=5.642821 policy_loss=-0.401366
[step 07300] VALUE_DEBUG: target(mean=-11.55 std=4.98 min=-17.09 max=1.84) V(s)(mean=-11.63 std=4.73) reward(mean=-0.855 std=5.153) clip=50.0
[step 07300] eval_success_rate=0.360 eval_mean_score=13.760 eval_policy_mode=greedy [solved=18/50, score_range=11.00-16.00/16.0, initial=9.00]
[step 07300] PROGRESS: filled=13.76 violations=0.00 zero_cand=0.00
[step 07300] DEBUG: ep_len=13.4 ep_ret=-7.686 stop_prob=0.000 score_chg=3.8425
[DEBUG] train_step 7300: starting episode collection
[DEBUG] train_step 7300: episodes collected, starting value_update
[DEBUG] train_step 7300: value_update done, starting policy_update
[DEBUG] train_step 7300: policy_update done
[step 07350] value_loss=11.609448 policy_loss=0.395725
[step 07350] VALUE_DEBUG: target(mean=-12.81 std=6.27 min=-25.21 max=1.86) V(s)(mean=-11.84 std=5.69) reward(mean=-1.854 std=4.253) clip=50.0
[DEBUG] train_step 7350: starting episode collection
[DEBUG] train_step 7350: episodes collected, starting value_update
[DEBUG] train_step 7350: value_update done, starting policy_update
[DEBUG] train_step 7350: policy_update done
[step 07400] opnorm clamp applied
[step 07400] value_loss=6.705594 policy_loss=0.545728
[step 07400] VALUE_DEBUG: target(mean=-13.97 std=4.15 min=-26.75 max=-5.57) V(s)(mean=-13.81 std=3.33) reward(mean=-2.334 std=5.915) clip=50.0
[step 07400] eval_success_rate=0.300 eval_mean_score=13.720 eval_policy_mode=greedy [solved=15/50, score_range=10.00-16.00/16.0, initial=9.00]
[step 07400] PROGRESS: filled=13.72 violations=0.00 zero_cand=0.00
[step 07400] DEBUG: ep_len=13.5 ep_ret=-7.693 stop_prob=0.000 score_chg=3.9600
[DEBUG] train_step 7400: starting episode collection
[DEBUG] train_step 7400: episodes collected, starting value_update
[DEBUG] train_step 7400: value_update done, starting policy_update
[DEBUG] train_step 7400: policy_update done
[step 07450] value_loss=8.089550 policy_loss=0.511961
[step 07450] VALUE_DEBUG: target(mean=-8.95 std=6.63 min=-16.92 max=3.96) V(s)(mean=-9.53 std=6.19) reward(mean=-0.866 std=6.294) clip=50.0
[DEBUG] train_step 7450: starting episode collection
[DEBUG] train_step 7450: episodes collected, starting value_update
[DEBUG] train_step 7450: value_update done, starting policy_update
[DEBUG] train_step 7450: policy_update done
[step 07500] opnorm clamp applied
[step 07500] value_loss=6.031862 policy_loss=0.784330
[step 07500] VALUE_DEBUG: target(mean=-13.09 std=6.07 min=-22.49 max=2.42) V(s)(mean=-13.54 std=4.86) reward(mean=-0.587 std=3.313) clip=50.0
[step 07500] eval_success_rate=0.320 eval_mean_score=13.640 eval_policy_mode=greedy [solved=16/50, score_range=9.00-16.00/16.0, initial=9.00]
[step 07500] PROGRESS: filled=13.64 violations=0.00 zero_cand=0.00
[step 07500] DEBUG: ep_len=13.3 ep_ret=-7.648 stop_prob=0.000 score_chg=3.8550
[DEBUG] train_step 7500: starting episode collection
[DEBUG] train_step 7500: episodes collected, starting value_update
[DEBUG] train_step 7500: value_update done, starting policy_update
[DEBUG] train_step 7500: policy_update done
[step 07550] value_loss=3.933944 policy_loss=-0.224767
[step 07550] VALUE_DEBUG: target(mean=-11.16 std=6.56 min=-16.90 max=10.53) V(s)(mean=-10.64 std=5.37) reward(mean=-0.640 std=4.406) clip=50.0
[DEBUG] train_step 7550: starting episode collection
[DEBUG] train_step 7550: episodes collected, starting value_update
[DEBUG] train_step 7550: value_update done, starting policy_update
[DEBUG] train_step 7550: policy_update done
[step 07600] opnorm clamp applied
[step 07600] value_loss=10.992514 policy_loss=0.839732
[step 07600] VALUE_DEBUG: target(mean=-9.12 std=7.80 min=-21.08 max=7.86) V(s)(mean=-10.04 std=6.40) reward(mean=-0.641 std=6.059) clip=50.0
[step 07600] eval_success_rate=0.340 eval_mean_score=13.780 eval_policy_mode=greedy [solved=17/50, score_range=11.00-16.00/16.0, initial=9.00]
[step 07600] PROGRESS: filled=13.78 violations=0.00 zero_cand=0.00
[step 07600] DEBUG: ep_len=13.2 ep_ret=-6.974 stop_prob=0.000 score_chg=3.9675
[DEBUG] train_step 7600: starting episode collection
[DEBUG] train_step 7600: episodes collected, starting value_update
[DEBUG] train_step 7600: value_update done, starting policy_update
[DEBUG] train_step 7600: policy_update done
[step 07650] value_loss=3.897727 policy_loss=0.817433
[step 07650] VALUE_DEBUG: target(mean=-11.72 std=6.14 min=-18.17 max=7.98) V(s)(mean=-11.89 std=5.67) reward(mean=-1.276 std=5.024) clip=50.0
[DEBUG] train_step 7650: starting episode collection
[DEBUG] train_step 7650: episodes collected, starting value_update
[DEBUG] train_step 7650: value_update done, starting policy_update
[DEBUG] train_step 7650: policy_update done
[step 07700] opnorm clamp applied
[step 07700] value_loss=6.470488 policy_loss=0.226355
[step 07700] VALUE_DEBUG: target(mean=-10.78 std=6.87 min=-20.82 max=4.08) V(s)(mean=-11.16 std=6.16) reward(mean=-0.981 std=5.530) clip=50.0
[step 07700] eval_success_rate=0.360 eval_mean_score=13.640 eval_policy_mode=greedy [solved=18/50, score_range=9.00-16.00/16.0, initial=9.00]
[step 07700] PROGRESS: filled=13.64 violations=0.00 zero_cand=0.00
[step 07700] DEBUG: ep_len=13.1 ep_ret=-7.042 stop_prob=0.000 score_chg=3.8250
[DEBUG] train_step 7700: starting episode collection
[DEBUG] train_step 7700: episodes collected, starting value_update
[DEBUG] train_step 7700: value_update done, starting policy_update
[DEBUG] train_step 7700: policy_update done
[step 07750] value_loss=5.347333 policy_loss=0.257430
[step 07750] VALUE_DEBUG: target(mean=-12.22 std=5.37 min=-21.88 max=0.74) V(s)(mean=-11.56 std=5.43) reward(mean=-1.138 std=3.560) clip=50.0
[DEBUG] train_step 7750: starting episode collection
[DEBUG] train_step 7750: episodes collected, starting value_update
[DEBUG] train_step 7750: value_update done, starting policy_update
[DEBUG] train_step 7750: policy_update done
[step 07800] opnorm clamp applied
[step 07800] value_loss=4.727364 policy_loss=0.147923
[step 07800] VALUE_DEBUG: target(mean=-10.92 std=6.95 min=-24.03 max=3.77) V(s)(mean=-10.23 std=6.23) reward(mean=-0.461 std=3.615) clip=50.0
[step 07800] eval_success_rate=0.320 eval_mean_score=13.620 eval_policy_mode=greedy [solved=16/50, score_range=9.00-16.00/16.0, initial=9.00]
[step 07800] PROGRESS: filled=13.62 violations=0.00 zero_cand=0.00
[step 07800] DEBUG: ep_len=13.3 ep_ret=-7.254 stop_prob=0.000 score_chg=3.8550
[DEBUG] train_step 7800: starting episode collection
[DEBUG] train_step 7800: episodes collected, starting value_update
[DEBUG] train_step 7800: value_update done, starting policy_update
[DEBUG] train_step 7800: policy_update done
[step 07850] value_loss=5.037639 policy_loss=0.104015
[step 07850] VALUE_DEBUG: target(mean=-11.02 std=6.67 min=-21.18 max=2.50) V(s)(mean=-11.09 std=5.76) reward(mean=-0.245 std=3.485) clip=50.0
[DEBUG] train_step 7850: starting episode collection
[DEBUG] train_step 7850: episodes collected, starting value_update
[DEBUG] train_step 7850: value_update done, starting policy_update
[DEBUG] train_step 7850: policy_update done
[step 07900] opnorm clamp applied
[step 07900] value_loss=2.717697 policy_loss=-0.832176
[step 07900] VALUE_DEBUG: target(mean=-11.16 std=6.74 min=-18.25 max=4.49) V(s)(mean=-11.03 std=6.89) reward(mean=-0.993 std=4.242) clip=50.0
[step 07900] eval_success_rate=0.360 eval_mean_score=13.660 eval_policy_mode=greedy [solved=18/50, score_range=9.00-16.00/16.0, initial=9.00]
[step 07900] PROGRESS: filled=13.66 violations=0.00 zero_cand=0.00
[step 07900] DEBUG: ep_len=13.4 ep_ret=-7.794 stop_prob=0.000 score_chg=3.7900
[DEBUG] train_step 7900: starting episode collection
[DEBUG] train_step 7900: episodes collected, starting value_update
[DEBUG] train_step 7900: value_update done, starting policy_update
[DEBUG] train_step 7900: policy_update done
[step 07950] value_loss=3.524763 policy_loss=0.574604
[step 07950] VALUE_DEBUG: target(mean=-10.14 std=7.88 min=-19.63 max=8.28) V(s)(mean=-10.47 std=6.82) reward(mean=0.486 std=1.959) clip=50.0
[DEBUG] train_step 7950: starting episode collection
[DEBUG] train_step 7950: episodes collected, starting value_update
[DEBUG] train_step 7950: value_update done, starting policy_update
[DEBUG] train_step 7950: policy_update done
[step 08000] opnorm clamp applied
[step 08000] value_loss=6.667664 policy_loss=0.830682
[step 08000] VALUE_DEBUG: target(mean=-8.92 std=8.24 min=-23.01 max=3.02) V(s)(mean=-8.39 std=7.08) reward(mean=-0.023 std=3.057) clip=50.0
[step 08000] eval_success_rate=0.360 eval_mean_score=13.720 eval_policy_mode=greedy [solved=18/50, score_range=9.00-16.00/16.0, initial=9.00]
[step 08000] PROGRESS: filled=13.72 violations=0.00 zero_cand=0.00
[step 08000] DEBUG: ep_len=13.1 ep_ret=-7.178 stop_prob=0.000 score_chg=3.8175
[Checkpoint] Saved to buiksat_trm/checkpoints/table3_hard_6to8_controlled_nomask_c_r10_s0/rl_checkpoint_step_8000.pt
[DEBUG] train_step 8000: starting episode collection
[DEBUG] train_step 8000: episodes collected, starting value_update
[DEBUG] train_step 8000: value_update done, starting policy_update
[DEBUG] train_step 8000: policy_update done
[step 08050] value_loss=12.510454 policy_loss=0.004761
[step 08050] VALUE_DEBUG: target(mean=-9.75 std=7.94 min=-22.14 max=4.74) V(s)(mean=-9.96 std=7.07) reward(mean=-0.493 std=3.538) clip=50.0
[DEBUG] train_step 8050: starting episode collection
[DEBUG] train_step 8050: episodes collected, starting value_update
[DEBUG] train_step 8050: value_update done, starting policy_update
[DEBUG] train_step 8050: policy_update done
[step 08100] opnorm clamp applied
[step 08100] value_loss=0.555384 policy_loss=0.193048
[step 08100] VALUE_DEBUG: target(mean=-9.91 std=7.99 min=-18.43 max=4.92) V(s)(mean=-9.57 std=7.63) reward(mean=-0.622 std=4.044) clip=50.0
[step 08100] eval_success_rate=0.360 eval_mean_score=13.700 eval_policy_mode=greedy [solved=18/50, score_range=9.00-16.00/16.0, initial=9.00]
[step 08100] PROGRESS: filled=13.70 violations=0.00 zero_cand=0.00
[step 08100] DEBUG: ep_len=13.1 ep_ret=-6.887 stop_prob=0.000 score_chg=4.0350
[DEBUG] train_step 8100: starting episode collection
[DEBUG] train_step 8100: episodes collected, starting value_update
[DEBUG] train_step 8100: value_update done, starting policy_update
[DEBUG] train_step 8100: policy_update done
[step 08150] value_loss=15.488544 policy_loss=-0.722498
[step 08150] VALUE_DEBUG: target(mean=-10.86 std=7.76 min=-21.67 max=6.84) V(s)(mean=-11.50 std=6.51) reward(mean=-0.422 std=3.779) clip=50.0
[DEBUG] train_step 8150: starting episode collection
[DEBUG] train_step 8150: episodes collected, starting value_update
[DEBUG] train_step 8150: value_update done, starting policy_update
[DEBUG] train_step 8150: policy_update done
[step 08200] opnorm clamp applied
[step 08200] value_loss=8.368395 policy_loss=0.161865
[step 08200] VALUE_DEBUG: target(mean=-10.63 std=6.89 min=-19.57 max=4.71) V(s)(mean=-10.16 std=7.12) reward(mean=-0.994 std=4.725) clip=50.0
[step 08200] eval_success_rate=0.360 eval_mean_score=13.660 eval_policy_mode=greedy [solved=18/50, score_range=9.00-16.00/16.0, initial=9.00]
[step 08200] PROGRESS: filled=13.66 violations=0.00 zero_cand=0.00
[step 08200] DEBUG: ep_len=12.8 ep_ret=-6.143 stop_prob=0.000 score_chg=4.2500
[DEBUG] train_step 8200: starting episode collection
[DEBUG] train_step 8200: episodes collected, starting value_update
[DEBUG] train_step 8200: value_update done, starting policy_update
[DEBUG] train_step 8200: policy_update done
[step 08250] value_loss=1.919717 policy_loss=0.107812
[step 08250] VALUE_DEBUG: target(mean=-12.81 std=6.14 min=-22.44 max=2.09) V(s)(mean=-12.61 std=6.02) reward(mean=-0.512 std=3.191) clip=50.0
[DEBUG] train_step 8250: starting episode collection
[DEBUG] train_step 8250: episodes collected, starting value_update
[DEBUG] train_step 8250: value_update done, starting policy_update
[DEBUG] train_step 8250: policy_update done
[step 08300] opnorm clamp applied
[step 08300] value_loss=1.414493 policy_loss=-0.119945
[step 08300] VALUE_DEBUG: target(mean=-10.28 std=7.27 min=-17.06 max=5.32) V(s)(mean=-10.19 std=7.22) reward(mean=0.255 std=3.197) clip=50.0
[step 08300] eval_success_rate=0.340 eval_mean_score=13.960 eval_policy_mode=greedy [solved=17/50, score_range=10.00-16.00/16.0, initial=9.00]
[step 08300] PROGRESS: filled=13.96 violations=0.00 zero_cand=0.00
[step 08300] DEBUG: ep_len=13.1 ep_ret=-6.922 stop_prob=0.000 score_chg=4.0000
[DEBUG] train_step 8300: starting episode collection
[DEBUG] train_step 8300: episodes collected, starting value_update
[DEBUG] train_step 8300: value_update done, starting policy_update
[DEBUG] train_step 8300: policy_update done
[step 08350] value_loss=6.065291 policy_loss=0.938521
[step 08350] VALUE_DEBUG: target(mean=-10.06 std=7.83 min=-22.38 max=4.80) V(s)(mean=-9.43 std=7.60) reward(mean=-0.386 std=2.429) clip=50.0
[DEBUG] train_step 8350: starting episode collection
[DEBUG] train_step 8350: episodes collected, starting value_update
[DEBUG] train_step 8350: value_update done, starting policy_update
[DEBUG] train_step 8350: policy_update done
[step 08400] opnorm clamp applied
[step 08400] value_loss=3.749212 policy_loss=0.207905
[step 08400] VALUE_DEBUG: target(mean=-8.75 std=7.54 min=-17.51 max=6.74) V(s)(mean=-8.53 std=7.68) reward(mean=0.006 std=1.899) clip=50.0
[step 08400] eval_success_rate=0.300 eval_mean_score=13.440 eval_policy_mode=greedy [solved=15/50, score_range=9.00-16.00/16.0, initial=9.00]
[step 08400] PROGRESS: filled=13.52 violations=0.04 zero_cand=0.00
[step 08400] DEBUG: ep_len=13.2 ep_ret=-7.103 stop_prob=0.000 score_chg=4.1000
[DEBUG] train_step 8400: starting episode collection
[DEBUG] train_step 8400: episodes collected, starting value_update
[DEBUG] train_step 8400: value_update done, starting policy_update
[DEBUG] train_step 8400: policy_update done
[step 08450] value_loss=2.595890 policy_loss=0.748792
[step 08450] VALUE_DEBUG: target(mean=-11.32 std=7.77 min=-21.62 max=5.28) V(s)(mean=-11.10 std=7.10) reward(mean=-0.337 std=3.101) clip=50.0
[DEBUG] train_step 8450: starting episode collection
[DEBUG] train_step 8450: episodes collected, starting value_update
[DEBUG] train_step 8450: value_update done, starting policy_update
[DEBUG] train_step 8450: policy_update done
[step 08500] opnorm clamp applied
[step 08500] value_loss=4.808595 policy_loss=0.902220
[step 08500] VALUE_DEBUG: target(mean=-8.99 std=9.28 min=-25.84 max=6.84) V(s)(mean=-8.77 std=8.18) reward(mean=-0.588 std=4.584) clip=50.0
[step 08500] eval_success_rate=0.240 eval_mean_score=13.580 eval_policy_mode=greedy [solved=12/50, score_range=9.00-16.00/16.0, initial=9.00]
[step 08500] PROGRESS: filled=13.58 violations=0.00 zero_cand=0.00
[step 08500] DEBUG: ep_len=13.5 ep_ret=-7.822 stop_prob=0.000 score_chg=3.8875
[DEBUG] train_step 8500: starting episode collection
[DEBUG] train_step 8500: episodes collected, starting value_update
[DEBUG] train_step 8500: value_update done, starting policy_update
[DEBUG] train_step 8500: policy_update done
[step 08550] value_loss=18.810509 policy_loss=1.357162
[step 08550] VALUE_DEBUG: target(mean=-12.64 std=6.03 min=-23.79 max=6.84) V(s)(mean=-13.01 std=4.78) reward(mean=-0.617 std=4.655) clip=50.0
[DEBUG] train_step 8550: starting episode collection
[DEBUG] train_step 8550: episodes collected, starting value_update
[DEBUG] train_step 8550: value_update done, starting policy_update
[DEBUG] train_step 8550: policy_update done
[step 08600] opnorm clamp applied
[step 08600] value_loss=6.084130 policy_loss=-0.003481
[step 08600] VALUE_DEBUG: target(mean=-8.80 std=7.90 min=-18.60 max=10.36) V(s)(mean=-9.89 std=7.65) reward(mean=0.695 std=3.636) clip=50.0
[step 08600] eval_success_rate=0.260 eval_mean_score=13.220 eval_policy_mode=greedy [solved=13/50, score_range=9.00-16.00/16.0, initial=9.00]
[step 08600] PROGRESS: filled=13.22 violations=0.00 zero_cand=0.00
[step 08600] DEBUG: ep_len=13.8 ep_ret=-8.280 stop_prob=0.000 score_chg=3.7925
[DEBUG] train_step 8600: starting episode collection
[DEBUG] train_step 8600: episodes collected, starting value_update
[DEBUG] train_step 8600: value_update done, starting policy_update
[DEBUG] train_step 8600: policy_update done
[step 08650] value_loss=9.601332 policy_loss=-0.321583
[step 08650] VALUE_DEBUG: target(mean=-14.13 std=6.20 min=-24.24 max=3.28) V(s)(mean=-12.74 std=6.01) reward(mean=-2.582 std=5.133) clip=50.0
[DEBUG] train_step 8650: starting episode collection
[DEBUG] train_step 8650: episodes collected, starting value_update
[DEBUG] train_step 8650: value_update done, starting policy_update
[DEBUG] train_step 8650: policy_update done
[step 08700] opnorm clamp applied
[step 08700] value_loss=7.022366 policy_loss=1.763988
[step 08700] VALUE_DEBUG: target(mean=-11.97 std=7.26 min=-22.68 max=4.58) V(s)(mean=-11.12 std=7.42) reward(mean=-1.799 std=4.791) clip=50.0
[step 08700] eval_success_rate=0.180 eval_mean_score=13.540 eval_policy_mode=greedy [solved=9/50, score_range=11.00-16.00/16.0, initial=9.00]
[step 08700] PROGRESS: filled=13.54 violations=0.00 zero_cand=0.00
[step 08700] DEBUG: ep_len=13.8 ep_ret=-8.524 stop_prob=0.000 score_chg=3.5725
[DEBUG] train_step 8700: starting episode collection
[DEBUG] train_step 8700: episodes collected, starting value_update
[DEBUG] train_step 8700: value_update done, starting policy_update
[DEBUG] train_step 8700: policy_update done
[step 08750] value_loss=6.885672 policy_loss=1.003629
[step 08750] VALUE_DEBUG: target(mean=-11.95 std=8.22 min=-22.20 max=10.61) V(s)(mean=-11.28 std=7.15) reward(mean=-1.203 std=4.589) clip=50.0
[DEBUG] train_step 8750: starting episode collection
[DEBUG] train_step 8750: episodes collected, starting value_update
[DEBUG] train_step 8750: value_update done, starting policy_update
[DEBUG] train_step 8750: policy_update done
[step 08800] opnorm clamp applied
[step 08800] value_loss=2.354350 policy_loss=-0.196683
[step 08800] VALUE_DEBUG: target(mean=-11.45 std=6.95 min=-21.28 max=5.86) V(s)(mean=-11.29 std=6.78) reward(mean=-0.896 std=4.192) clip=50.0
[step 08800] eval_success_rate=0.180 eval_mean_score=13.360 eval_policy_mode=greedy [solved=9/50, score_range=9.00-16.00/16.0, initial=9.00]
[step 08800] PROGRESS: filled=13.36 violations=0.00 zero_cand=0.00
[step 08800] DEBUG: ep_len=14.3 ep_ret=-9.217 stop_prob=0.000 score_chg=3.8775
[DEBUG] train_step 8800: starting episode collection
[DEBUG] train_step 8800: episodes collected, starting value_update
[DEBUG] train_step 8800: value_update done, starting policy_update
[DEBUG] train_step 8800: policy_update done
[step 08850] value_loss=2.062244 policy_loss=-0.006696
[step 08850] VALUE_DEBUG: target(mean=-7.80 std=9.14 min=-19.02 max=6.59) V(s)(mean=-7.98 std=9.31) reward(mean=-1.704 std=5.544) clip=50.0
[DEBUG] train_step 8850: starting episode collection
[DEBUG] train_step 8850: episodes collected, starting value_update
[DEBUG] train_step 8850: value_update done, starting policy_update
[DEBUG] train_step 8850: policy_update done
[step 08900] opnorm clamp applied
[step 08900] value_loss=3.087216 policy_loss=-0.729243
[step 08900] VALUE_DEBUG: target(mean=-9.47 std=9.39 min=-26.34 max=5.98) V(s)(mean=-9.41 std=8.92) reward(mean=-0.365 std=3.381) clip=50.0
[step 08900] eval_success_rate=0.140 eval_mean_score=13.220 eval_policy_mode=greedy [solved=7/50, score_range=9.00-16.00/16.0, initial=9.00]
[step 08900] PROGRESS: filled=13.22 violations=0.00 zero_cand=0.00
[step 08900] DEBUG: ep_len=14.3 ep_ret=-9.043 stop_prob=0.000 score_chg=4.2150
[DEBUG] train_step 8900: starting episode collection
[DEBUG] train_step 8900: episodes collected, starting value_update
[DEBUG] train_step 8900: value_update done, starting policy_update
[DEBUG] train_step 8900: policy_update done
[step 08950] value_loss=3.884098 policy_loss=-0.592017
[step 08950] VALUE_DEBUG: target(mean=-9.88 std=8.67 min=-19.95 max=6.54) V(s)(mean=-10.31 std=8.48) reward(mean=-0.649 std=3.281) clip=50.0
[DEBUG] train_step 8950: starting episode collection
[DEBUG] train_step 8950: episodes collected, starting value_update
[DEBUG] train_step 8950: value_update done, starting policy_update
[DEBUG] train_step 8950: policy_update done
[step 09000] opnorm clamp applied
[step 09000] value_loss=9.981503 policy_loss=-0.301606
[step 09000] VALUE_DEBUG: target(mean=-8.46 std=9.73 min=-24.26 max=10.65) V(s)(mean=-9.59 std=8.95) reward(mean=0.667 std=4.438) clip=50.0
[step 09000] eval_success_rate=0.180 eval_mean_score=13.240 eval_policy_mode=greedy [solved=9/50, score_range=9.00-16.00/16.0, initial=9.00]
[step 09000] PROGRESS: filled=13.24 violations=0.00 zero_cand=0.00
[step 09000] DEBUG: ep_len=14.6 ep_ret=-9.981 stop_prob=0.000 score_chg=3.6250
[Checkpoint] Saved to buiksat_trm/checkpoints/table3_hard_6to8_controlled_nomask_c_r10_s0/rl_checkpoint_step_9000.pt
[DEBUG] train_step 9000: starting episode collection
[DEBUG] train_step 9000: episodes collected, starting value_update
[DEBUG] train_step 9000: value_update done, starting policy_update
[DEBUG] train_step 9000: policy_update done
[step 09050] value_loss=4.482831 policy_loss=-0.425641
[step 09050] VALUE_DEBUG: target(mean=-10.56 std=8.89 min=-20.25 max=8.74) V(s)(mean=-9.89 std=8.36) reward(mean=-1.518 std=5.103) clip=50.0
[DEBUG] train_step 9050: starting episode collection
[DEBUG] train_step 9050: episodes collected, starting value_update
[DEBUG] train_step 9050: value_update done, starting policy_update
[DEBUG] train_step 9050: policy_update done
[step 09100] opnorm clamp applied
[step 09100] value_loss=7.476636 policy_loss=-0.084273
[step 09100] VALUE_DEBUG: target(mean=-9.89 std=9.49 min=-22.27 max=10.45) V(s)(mean=-9.65 std=8.35) reward(mean=0.110 std=2.848) clip=50.0
[step 09100] eval_success_rate=0.160 eval_mean_score=13.020 eval_policy_mode=greedy [solved=8/50, score_range=9.00-16.00/16.0, initial=9.00]
[step 09100] PROGRESS: filled=13.02 violations=0.00 zero_cand=0.00
[step 09100] DEBUG: ep_len=14.3 ep_ret=-9.037 stop_prob=0.000 score_chg=3.9875
[DEBUG] train_step 9100: starting episode collection
[DEBUG] train_step 9100: episodes collected, starting value_update
[DEBUG] train_step 9100: value_update done, starting policy_update
[DEBUG] train_step 9100: policy_update done
[step 09150] value_loss=6.464597 policy_loss=-0.379464
[step 09150] VALUE_DEBUG: target(mean=-10.68 std=9.06 min=-23.13 max=5.61) V(s)(mean=-9.99 std=8.20) reward(mean=-0.926 std=3.814) clip=50.0
[DEBUG] train_step 9150: starting episode collection
[DEBUG] train_step 9150: episodes collected, starting value_update
[DEBUG] train_step 9150: value_update done, starting policy_update
[DEBUG] train_step 9150: policy_update done
[step 09200] opnorm clamp applied
[step 09200] value_loss=5.426102 policy_loss=1.153876
[step 09200] VALUE_DEBUG: target(mean=-9.64 std=9.18 min=-21.08 max=6.84) V(s)(mean=-9.27 std=8.83) reward(mean=-2.090 std=6.999) clip=50.0
[step 09200] eval_success_rate=0.180 eval_mean_score=13.400 eval_policy_mode=greedy [solved=9/50, score_range=9.00-16.00/16.0, initial=9.00]
[step 09200] PROGRESS: filled=13.40 violations=0.00 zero_cand=0.00
[step 09200] DEBUG: ep_len=14.1 ep_ret=-8.780 stop_prob=0.000 score_chg=3.9375
[DEBUG] train_step 9200: starting episode collection
[DEBUG] train_step 9200: episodes collected, starting value_update
[DEBUG] train_step 9200: value_update done, starting policy_update
[DEBUG] train_step 9200: policy_update done
[step 09250] value_loss=8.600735 policy_loss=-0.584116
[step 09250] VALUE_DEBUG: target(mean=-13.53 std=6.82 min=-23.79 max=6.31) V(s)(mean=-13.22 std=5.88) reward(mean=-2.229 std=6.179) clip=50.0
[DEBUG] train_step 9250: starting episode collection
[DEBUG] train_step 9250: episodes collected, starting value_update
[DEBUG] train_step 9250: value_update done, starting policy_update
[DEBUG] train_step 9250: policy_update done
[step 09300] opnorm clamp applied
[step 09300] value_loss=0.742311 policy_loss=0.149454
[step 09300] VALUE_DEBUG: target(mean=-12.07 std=7.23 min=-20.31 max=5.67) V(s)(mean=-12.64 std=7.24) reward(mean=-0.303 std=2.869) clip=50.0
[step 09300] eval_success_rate=0.220 eval_mean_score=13.320 eval_policy_mode=greedy [solved=11/50, score_range=9.00-16.00/16.0, initial=9.00]
[step 09300] PROGRESS: filled=13.32 violations=0.00 zero_cand=0.00
[step 09300] DEBUG: ep_len=14.1 ep_ret=-8.601 stop_prob=0.000 score_chg=4.0425
[DEBUG] train_step 9300: starting episode collection
[DEBUG] train_step 9300: episodes collected, starting value_update
[DEBUG] train_step 9300: value_update done, starting policy_update
[DEBUG] train_step 9300: policy_update done
[step 09350] value_loss=12.691958 policy_loss=-0.343525
[step 09350] VALUE_DEBUG: target(mean=-7.54 std=9.96 min=-24.87 max=9.31) V(s)(mean=-7.36 std=9.21) reward(mean=-0.102 std=3.601) clip=50.0
[DEBUG] train_step 9350: starting episode collection
[DEBUG] train_step 9350: episodes collected, starting value_update
[DEBUG] train_step 9350: value_update done, starting policy_update
[DEBUG] train_step 9350: policy_update done
[step 09400] opnorm clamp applied
[step 09400] value_loss=8.684015 policy_loss=-0.533389
[step 09400] VALUE_DEBUG: target(mean=-7.33 std=9.52 min=-17.10 max=11.71) V(s)(mean=-7.43 std=8.89) reward(mean=0.348 std=4.139) clip=50.0
[step 09400] eval_success_rate=0.220 eval_mean_score=13.460 eval_policy_mode=greedy [solved=11/50, score_range=9.00-16.00/16.0, initial=9.00]
[step 09400] PROGRESS: filled=13.46 violations=0.00 zero_cand=0.00
[step 09400] DEBUG: ep_len=14.2 ep_ret=-8.667 stop_prob=0.000 score_chg=4.2475
[DEBUG] train_step 9400: starting episode collection
[DEBUG] train_step 9400: episodes collected, starting value_update
[DEBUG] train_step 9400: value_update done, starting policy_update
[DEBUG] train_step 9400: policy_update done
[step 09450] value_loss=8.717070 policy_loss=-0.888817
[step 09450] VALUE_DEBUG: target(mean=-8.79 std=9.44 min=-22.12 max=6.10) V(s)(mean=-8.16 std=9.24) reward(mean=-0.298 std=3.132) clip=50.0
[DEBUG] train_step 9450: starting episode collection
[DEBUG] train_step 9450: episodes collected, starting value_update
[DEBUG] train_step 9450: value_update done, starting policy_update
[DEBUG] train_step 9450: policy_update done
[step 09500] opnorm clamp applied
[step 09500] value_loss=13.802153 policy_loss=0.198319
[step 09500] VALUE_DEBUG: target(mean=-11.51 std=7.71 min=-19.65 max=8.15) V(s)(mean=-10.52 std=7.58) reward(mean=-1.271 std=5.032) clip=50.0
[step 09500] eval_success_rate=0.200 eval_mean_score=13.040 eval_policy_mode=greedy [solved=10/50, score_range=9.00-16.00/16.0, initial=9.00]
[step 09500] PROGRESS: filled=13.04 violations=0.00 zero_cand=0.00
[step 09500] DEBUG: ep_len=14.1 ep_ret=-8.266 stop_prob=0.000 score_chg=4.3575
[DEBUG] train_step 9500: starting episode collection
[DEBUG] train_step 9500: episodes collected, starting value_update
[DEBUG] train_step 9500: value_update done, starting policy_update
[DEBUG] train_step 9500: policy_update done
[step 09550] value_loss=2.951572 policy_loss=-0.305665
[step 09550] VALUE_DEBUG: target(mean=-10.23 std=8.19 min=-18.54 max=8.29) V(s)(mean=-10.80 std=7.70) reward(mean=0.570 std=3.595) clip=50.0
[DEBUG] train_step 9550: starting episode collection
[DEBUG] train_step 9550: episodes collected, starting value_update
[DEBUG] train_step 9550: value_update done, starting policy_update
[DEBUG] train_step 9550: policy_update done
[step 09600] opnorm clamp applied
[step 09600] value_loss=20.397299 policy_loss=0.997591
[step 09600] VALUE_DEBUG: target(mean=-10.34 std=8.43 min=-18.24 max=7.16) V(s)(mean=-10.31 std=8.94) reward(mean=-1.025 std=5.421) clip=50.0
[step 09600] eval_success_rate=0.160 eval_mean_score=12.940 eval_policy_mode=greedy [solved=8/50, score_range=9.00-16.00/16.0, initial=9.00]
[step 09600] PROGRESS: filled=12.94 violations=0.00 zero_cand=0.00
[step 09600] DEBUG: ep_len=14.3 ep_ret=-9.386 stop_prob=0.000 score_chg=3.7200
[DEBUG] train_step 9600: starting episode collection
[DEBUG] train_step 9600: episodes collected, starting value_update
[DEBUG] train_step 9600: value_update done, starting policy_update
[DEBUG] train_step 9600: policy_update done
[step 09650] value_loss=6.559669 policy_loss=0.049258
[step 09650] VALUE_DEBUG: target(mean=-10.28 std=8.64 min=-20.87 max=7.40) V(s)(mean=-9.89 std=7.82) reward(mean=-1.614 std=6.072) clip=50.0
[DEBUG] train_step 9650: starting episode collection
[DEBUG] train_step 9650: episodes collected, starting value_update
[DEBUG] train_step 9650: value_update done, starting policy_update
[DEBUG] train_step 9650: policy_update done
[step 09700] opnorm clamp applied
[step 09700] value_loss=10.543636 policy_loss=0.780725
[step 09700] VALUE_DEBUG: target(mean=-10.01 std=9.04 min=-21.50 max=9.58) V(s)(mean=-10.82 std=8.20) reward(mean=0.813 std=1.849) clip=50.0
[step 09700] eval_success_rate=0.140 eval_mean_score=13.000 eval_policy_mode=greedy [solved=7/50, score_range=9.00-16.00/16.0, initial=9.00]
[step 09700] PROGRESS: filled=13.00 violations=0.00 zero_cand=0.00
[step 09700] DEBUG: ep_len=14.4 ep_ret=-8.517 stop_prob=0.000 score_chg=4.4500
[DEBUG] train_step 9700: starting episode collection
[DEBUG] train_step 9700: episodes collected, starting value_update
[DEBUG] train_step 9700: value_update done, starting policy_update
[DEBUG] train_step 9700: policy_update done
[step 09750] value_loss=4.306417 policy_loss=-0.225719
[step 09750] VALUE_DEBUG: target(mean=-9.19 std=8.62 min=-18.34 max=12.99) V(s)(mean=-10.03 std=8.25) reward(mean=-1.022 std=5.233) clip=50.0
[DEBUG] train_step 9750: starting episode collection
[DEBUG] train_step 9750: episodes collected, starting value_update
[DEBUG] train_step 9750: value_update done, starting policy_update
[DEBUG] train_step 9750: policy_update done
[step 09800] opnorm clamp applied
[step 09800] value_loss=3.338020 policy_loss=-0.495943
[step 09800] VALUE_DEBUG: target(mean=-9.28 std=8.50 min=-20.36 max=5.64) V(s)(mean=-8.96 std=8.35) reward(mean=-0.823 std=3.316) clip=50.0
[step 09800] eval_success_rate=0.240 eval_mean_score=13.240 eval_policy_mode=greedy [solved=12/50, score_range=9.00-16.00/16.0, initial=9.00]
[step 09800] PROGRESS: filled=13.24 violations=0.00 zero_cand=0.00
[step 09800] DEBUG: ep_len=14.1 ep_ret=-8.039 stop_prob=0.000 score_chg=4.4100
[DEBUG] train_step 9800: starting episode collection
[DEBUG] train_step 9800: episodes collected, starting value_update
[DEBUG] train_step 9800: value_update done, starting policy_update
[DEBUG] train_step 9800: policy_update done
[step 09850] value_loss=5.266809 policy_loss=0.607287
[step 09850] VALUE_DEBUG: target(mean=-12.61 std=6.55 min=-25.46 max=4.80) V(s)(mean=-12.73 std=6.18) reward(mean=-1.987 std=5.655) clip=50.0
[DEBUG] train_step 9850: starting episode collection
[DEBUG] train_step 9850: episodes collected, starting value_update
[DEBUG] train_step 9850: value_update done, starting policy_update
[DEBUG] train_step 9850: policy_update done
[step 09900] opnorm clamp applied
[step 09900] value_loss=1.183337 policy_loss=-0.095654
[step 09900] VALUE_DEBUG: target(mean=-8.71 std=8.59 min=-18.24 max=5.17) V(s)(mean=-8.86 std=8.46) reward(mean=0.158 std=3.109) clip=50.0
[step 09900] eval_success_rate=0.200 eval_mean_score=13.100 eval_policy_mode=greedy [solved=10/50, score_range=9.00-16.00/16.0, initial=9.00]
[step 09900] PROGRESS: filled=13.10 violations=0.00 zero_cand=0.00
[step 09900] DEBUG: ep_len=13.4 ep_ret=-6.128 stop_prob=0.000 score_chg=4.4975
[DEBUG] train_step 9900: starting episode collection
[DEBUG] train_step 9900: episodes collected, starting value_update
[DEBUG] train_step 9900: value_update done, starting policy_update
[DEBUG] train_step 9900: policy_update done
[step 09950] value_loss=8.928627 policy_loss=1.523323
[step 09950] VALUE_DEBUG: target(mean=-8.79 std=8.05 min=-19.14 max=6.18) V(s)(mean=-10.14 std=8.16) reward(mean=-0.055 std=4.746) clip=50.0
[DEBUG] train_step 9950: starting episode collection
[DEBUG] train_step 9950: episodes collected, starting value_update
[DEBUG] train_step 9950: value_update done, starting policy_update
[DEBUG] train_step 9950: policy_update done
[step 10000] opnorm clamp applied
[step 10000] value_loss=3.008360 policy_loss=0.090615
[step 10000] VALUE_DEBUG: target(mean=-7.10 std=9.43 min=-19.11 max=11.02) V(s)(mean=-7.95 std=9.28) reward(mean=-0.271 std=4.323) clip=50.0
[step 10000] eval_success_rate=0.220 eval_mean_score=13.240 eval_policy_mode=greedy [solved=11/50, score_range=9.00-16.00/16.0, initial=9.00]
[step 10000] PROGRESS: filled=13.24 violations=0.00 zero_cand=0.00
[step 10000] DEBUG: ep_len=13.6 ep_ret=-6.296 stop_prob=0.000 score_chg=4.8075
[Checkpoint] Saved to buiksat_trm/checkpoints/table3_hard_6to8_controlled_nomask_c_r10_s0/rl_checkpoint_step_10000.pt
[DEBUG] train_step 10000: starting episode collection
[DEBUG] train_step 10000: episodes collected, starting value_update
[DEBUG] train_step 10000: value_update done, starting policy_update
[DEBUG] train_step 10000: policy_update done
[step 10050] value_loss=4.162983 policy_loss=0.782989
[step 10050] VALUE_DEBUG: target(mean=-10.29 std=8.35 min=-18.89 max=11.20) V(s)(mean=-11.01 std=8.04) reward(mean=-0.524 std=3.872) clip=50.0
[DEBUG] train_step 10050: starting episode collection
[DEBUG] train_step 10050: episodes collected, starting value_update
[DEBUG] train_step 10050: value_update done, starting policy_update
[DEBUG] train_step 10050: policy_update done
[step 10100] opnorm clamp applied
[step 10100] value_loss=3.295932 policy_loss=-0.415512
[step 10100] VALUE_DEBUG: target(mean=-9.18 std=7.82 min=-18.03 max=6.34) V(s)(mean=-8.70 std=8.10) reward(mean=0.065 std=1.769) clip=50.0
[step 10100] eval_success_rate=0.160 eval_mean_score=13.280 eval_policy_mode=greedy [solved=8/50, score_range=9.00-16.00/16.0, initial=9.00]
[step 10100] PROGRESS: filled=13.28 violations=0.00 zero_cand=0.00
[step 10100] DEBUG: ep_len=13.9 ep_ret=-7.652 stop_prob=0.000 score_chg=4.4475
[DEBUG] train_step 10100: starting episode collection
[DEBUG] train_step 10100: episodes collected, starting value_update
[DEBUG] train_step 10100: value_update done, starting policy_update
[DEBUG] train_step 10100: policy_update done
[step 10150] value_loss=3.582490 policy_loss=0.227994
[step 10150] VALUE_DEBUG: target(mean=-8.37 std=9.08 min=-19.54 max=7.94) V(s)(mean=-8.85 std=8.28) reward(mean=-0.530 std=4.520) clip=50.0
[DEBUG] train_step 10150: starting episode collection
[DEBUG] train_step 10150: episodes collected, starting value_update
[DEBUG] train_step 10150: value_update done, starting policy_update
[DEBUG] train_step 10150: policy_update done
[step 10200] opnorm clamp applied
[step 10200] value_loss=6.712124 policy_loss=-0.592009
[step 10200] VALUE_DEBUG: target(mean=-9.10 std=8.42 min=-20.31 max=6.84) V(s)(mean=-9.57 std=8.30) reward(mean=0.514 std=2.954) clip=50.0
[step 10200] eval_success_rate=0.160 eval_mean_score=13.240 eval_policy_mode=greedy [solved=8/50, score_range=9.00-16.00/16.0, initial=9.00]
[step 10200] PROGRESS: filled=13.24 violations=0.00 zero_cand=0.00
[step 10200] DEBUG: ep_len=13.4 ep_ret=-6.158 stop_prob=0.000 score_chg=4.7625
[DEBUG] train_step 10200: starting episode collection
[DEBUG] train_step 10200: episodes collected, starting value_update
[DEBUG] train_step 10200: value_update done, starting policy_update
[DEBUG] train_step 10200: policy_update done
[step 10250] value_loss=11.384499 policy_loss=-0.221290
[step 10250] VALUE_DEBUG: target(mean=-6.69 std=9.41 min=-22.01 max=7.37) V(s)(mean=-7.68 std=8.77) reward(mean=-0.331 std=4.690) clip=50.0
[DEBUG] train_step 10250: starting episode collection
[DEBUG] train_step 10250: episodes collected, starting value_update
[DEBUG] train_step 10250: value_update done, starting policy_update
[DEBUG] train_step 10250: policy_update done
[step 10300] opnorm clamp applied
[step 10300] value_loss=3.296158 policy_loss=-0.380978
[step 10300] VALUE_DEBUG: target(mean=-9.22 std=8.26 min=-18.16 max=5.54) V(s)(mean=-9.34 std=7.79) reward(mean=-0.647 std=4.368) clip=50.0
[step 10300] eval_success_rate=0.200 eval_mean_score=13.020 eval_policy_mode=greedy [solved=10/50, score_range=9.00-16.00/16.0, initial=9.00]
[step 10300] PROGRESS: filled=13.02 violations=0.00 zero_cand=0.00
[step 10300] DEBUG: ep_len=13.7 ep_ret=-6.844 stop_prob=0.000 score_chg=4.4425
[DEBUG] train_step 10300: starting episode collection
[DEBUG] train_step 10300: episodes collected, starting value_update
[DEBUG] train_step 10300: value_update done, starting policy_update
[DEBUG] train_step 10300: policy_update done
[step 10350] value_loss=2.282676 policy_loss=-0.129084
[step 10350] VALUE_DEBUG: target(mean=-7.61 std=8.96 min=-17.51 max=6.84) V(s)(mean=-7.43 std=8.52) reward(mean=0.571 std=1.557) clip=50.0
[DEBUG] train_step 10350: starting episode collection
[DEBUG] train_step 10350: episodes collected, starting value_update
[DEBUG] train_step 10350: value_update done, starting policy_update
[DEBUG] train_step 10350: policy_update done
[step 10400] opnorm clamp applied
[step 10400] value_loss=6.110963 policy_loss=-0.294285
[step 10400] VALUE_DEBUG: target(mean=-8.44 std=8.36 min=-25.39 max=5.71) V(s)(mean=-8.14 std=7.83) reward(mean=-0.927 std=4.784) clip=50.0
[step 10400] eval_success_rate=0.160 eval_mean_score=13.120 eval_policy_mode=greedy [solved=8/50, score_range=9.00-16.00/16.0, initial=9.00]
[step 10400] PROGRESS: filled=13.12 violations=0.00 zero_cand=0.00
[step 10400] DEBUG: ep_len=14.0 ep_ret=-7.455 stop_prob=0.000 score_chg=4.4775
[DEBUG] train_step 10400: starting episode collection
[DEBUG] train_step 10400: episodes collected, starting value_update
[DEBUG] train_step 10400: value_update done, starting policy_update
[DEBUG] train_step 10400: policy_update done
[step 10450] value_loss=7.507853 policy_loss=-0.898303
[step 10450] VALUE_DEBUG: target(mean=-8.68 std=8.57 min=-16.87 max=13.40) V(s)(mean=-9.12 std=8.32) reward(mean=0.379 std=2.663) clip=50.0
[DEBUG] train_step 10450: starting episode collection
[DEBUG] train_step 10450: episodes collected, starting value_update
[DEBUG] train_step 10450: value_update done, starting policy_update
[DEBUG] train_step 10450: policy_update done
[step 10500] opnorm clamp applied
[step 10500] value_loss=6.407243 policy_loss=-0.061391
[step 10500] VALUE_DEBUG: target(mean=-10.72 std=7.48 min=-19.57 max=5.91) V(s)(mean=-11.34 std=7.63) reward(mean=0.483 std=2.570) clip=50.0
[step 10500] eval_success_rate=0.260 eval_mean_score=13.400 eval_policy_mode=greedy [solved=13/50, score_range=9.00-16.00/16.0, initial=9.00]
[step 10500] PROGRESS: filled=13.40 violations=0.00 zero_cand=0.00
[step 10500] DEBUG: ep_len=13.7 ep_ret=-7.365 stop_prob=0.000 score_chg=4.4850
[DEBUG] train_step 10500: starting episode collection
[DEBUG] train_step 10500: episodes collected, starting value_update
[DEBUG] train_step 10500: value_update done, starting policy_update
[DEBUG] train_step 10500: policy_update done
[step 10550] value_loss=4.493790 policy_loss=0.377459
[step 10550] VALUE_DEBUG: target(mean=-10.51 std=8.37 min=-19.36 max=8.26) V(s)(mean=-10.58 std=8.00) reward(mean=-1.114 std=4.387) clip=50.0
[DEBUG] train_step 10550: starting episode collection
[DEBUG] train_step 10550: episodes collected, starting value_update
[DEBUG] train_step 10550: value_update done, starting policy_update
[DEBUG] train_step 10550: policy_update done
[step 10600] opnorm clamp applied
[step 10600] value_loss=3.438966 policy_loss=0.773067
[step 10600] VALUE_DEBUG: target(mean=-10.33 std=7.26 min=-17.65 max=6.84) V(s)(mean=-10.78 std=6.73) reward(mean=-0.303 std=4.520) clip=50.0
[step 10600] eval_success_rate=0.280 eval_mean_score=13.320 eval_policy_mode=greedy [solved=14/50, score_range=9.00-16.00/16.0, initial=9.00]
[step 10600] PROGRESS: filled=13.32 violations=0.00 zero_cand=0.00
[step 10600] DEBUG: ep_len=13.5 ep_ret=-6.204 stop_prob=0.000 score_chg=4.7725
[DEBUG] train_step 10600: starting episode collection
[DEBUG] train_step 10600: episodes collected, starting value_update
[DEBUG] train_step 10600: value_update done, starting policy_update
[DEBUG] train_step 10600: policy_update done
[step 10650] value_loss=5.545547 policy_loss=0.657990
[step 10650] VALUE_DEBUG: target(mean=-8.06 std=8.72 min=-22.12 max=8.03) V(s)(mean=-7.89 std=8.66) reward(mean=-1.048 std=4.957) clip=50.0
[DEBUG] train_step 10650: starting episode collection
[DEBUG] train_step 10650: episodes collected, starting value_update
[DEBUG] train_step 10650: value_update done, starting policy_update
[DEBUG] train_step 10650: policy_update done
[step 10700] opnorm clamp applied
[step 10700] value_loss=1.574087 policy_loss=0.456680
[step 10700] VALUE_DEBUG: target(mean=-6.33 std=8.99 min=-16.72 max=6.46) V(s)(mean=-6.82 std=8.57) reward(mean=0.062 std=3.101) clip=50.0
[step 10700] eval_success_rate=0.340 eval_mean_score=13.320 eval_policy_mode=greedy [solved=17/50, score_range=9.00-16.00/16.0, initial=9.00]
[step 10700] PROGRESS: filled=13.32 violations=0.00 zero_cand=0.00
[step 10700] DEBUG: ep_len=12.8 ep_ret=-4.822 stop_prob=0.000 score_chg=4.9050
[DEBUG] train_step 10700: starting episode collection
[DEBUG] train_step 10700: episodes collected, starting value_update
[DEBUG] train_step 10700: value_update done, starting policy_update
[DEBUG] train_step 10700: policy_update done
[step 10750] value_loss=10.331256 policy_loss=-0.631559
[step 10750] VALUE_DEBUG: target(mean=-9.62 std=8.45 min=-23.74 max=9.86) V(s)(mean=-9.44 std=8.49) reward(mean=-1.543 std=4.425) clip=50.0
[DEBUG] train_step 10750: starting episode collection
[DEBUG] train_step 10750: episodes collected, starting value_update
[DEBUG] train_step 10750: value_update done, starting policy_update
[DEBUG] train_step 10750: policy_update done
[step 10800] opnorm clamp applied
[step 10800] value_loss=11.083958 policy_loss=0.279260
[step 10800] VALUE_DEBUG: target(mean=-9.74 std=9.77 min=-27.46 max=6.84) V(s)(mean=-9.77 std=8.40) reward(mean=-0.739 std=5.224) clip=50.0
[step 10800] eval_success_rate=0.260 eval_mean_score=13.460 eval_policy_mode=greedy [solved=13/50, score_range=9.00-16.00/16.0, initial=9.00]
[step 10800] PROGRESS: filled=13.46 violations=0.00 zero_cand=0.00
[step 10800] DEBUG: ep_len=13.2 ep_ret=-5.886 stop_prob=0.000 score_chg=4.7675
[DEBUG] train_step 10800: starting episode collection
[DEBUG] train_step 10800: episodes collected, starting value_update
[DEBUG] train_step 10800: value_update done, starting policy_update
[DEBUG] train_step 10800: policy_update done
[step 10850] value_loss=4.127168 policy_loss=0.290643
[step 10850] VALUE_DEBUG: target(mean=-10.18 std=7.69 min=-19.57 max=6.38) V(s)(mean=-10.18 std=7.40) reward(mean=-1.704 std=5.130) clip=50.0
[DEBUG] train_step 10850: starting episode collection
[DEBUG] train_step 10850: episodes collected, starting value_update
[DEBUG] train_step 10850: value_update done, starting policy_update
[DEBUG] train_step 10850: policy_update done
[step 10900] opnorm clamp applied
[step 10900] value_loss=5.440898 policy_loss=0.980555
[step 10900] VALUE_DEBUG: target(mean=-13.27 std=6.61 min=-28.98 max=3.22) V(s)(mean=-13.01 std=5.79) reward(mean=-0.300 std=4.048) clip=50.0
[step 10900] eval_success_rate=0.380 eval_mean_score=13.900 eval_policy_mode=greedy [solved=19/50, score_range=9.00-16.00/16.0, initial=9.00]
[step 10900] PROGRESS: filled=13.90 violations=0.00 zero_cand=0.00
[step 10900] DEBUG: ep_len=13.0 ep_ret=-4.960 stop_prob=0.000 score_chg=5.0325
[DEBUG] train_step 10900: starting episode collection
[DEBUG] train_step 10900: episodes collected, starting value_update
[DEBUG] train_step 10900: value_update done, starting policy_update
[DEBUG] train_step 10900: policy_update done
[step 10950] value_loss=9.126207 policy_loss=-0.036919
[step 10950] VALUE_DEBUG: target(mean=-10.34 std=7.28 min=-21.73 max=5.83) V(s)(mean=-10.49 std=7.48) reward(mean=-0.771 std=4.340) clip=50.0
[DEBUG] train_step 10950: starting episode collection
[DEBUG] train_step 10950: episodes collected, starting value_update
[DEBUG] train_step 10950: value_update done, starting policy_update
[DEBUG] train_step 10950: policy_update done
[step 11000] opnorm clamp applied
[step 11000] value_loss=4.543176 policy_loss=0.188419
[step 11000] VALUE_DEBUG: target(mean=-8.78 std=7.88 min=-20.92 max=5.16) V(s)(mean=-9.01 std=7.25) reward(mean=0.886 std=2.400) clip=50.0
[step 11000] eval_success_rate=0.300 eval_mean_score=13.880 eval_policy_mode=greedy [solved=15/50, score_range=10.00-16.00/16.0, initial=9.00]
[step 11000] PROGRESS: filled=13.88 violations=0.00 zero_cand=0.00
[step 11000] DEBUG: ep_len=12.9 ep_ret=-4.612 stop_prob=0.000 score_chg=5.1975
[Checkpoint] Saved to buiksat_trm/checkpoints/table3_hard_6to8_controlled_nomask_c_r10_s0/rl_checkpoint_step_11000.pt
[DEBUG] train_step 11000: starting episode collection
[DEBUG] train_step 11000: episodes collected, starting value_update
[DEBUG] train_step 11000: value_update done, starting policy_update
[DEBUG] train_step 11000: policy_update done
[step 11050] value_loss=2.276829 policy_loss=-0.241640
[step 11050] VALUE_DEBUG: target(mean=-7.79 std=8.95 min=-21.16 max=8.91) V(s)(mean=-8.02 std=8.21) reward(mean=0.475 std=1.597) clip=50.0
[DEBUG] train_step 11050: starting episode collection
[DEBUG] train_step 11050: episodes collected, starting value_update
[DEBUG] train_step 11050: value_update done, starting policy_update
[DEBUG] train_step 11050: policy_update done
[step 11100] opnorm clamp applied
[step 11100] value_loss=6.518360 policy_loss=-0.639829
[step 11100] VALUE_DEBUG: target(mean=-9.48 std=7.29 min=-18.20 max=6.27) V(s)(mean=-9.51 std=7.61) reward(mean=-0.298 std=3.698) clip=50.0
[step 11100] eval_success_rate=0.320 eval_mean_score=14.000 eval_policy_mode=greedy [solved=16/50, score_range=10.00-16.00/16.0, initial=9.00]
[step 11100] PROGRESS: filled=14.00 violations=0.00 zero_cand=0.00
[step 11100] DEBUG: ep_len=13.1 ep_ret=-5.932 stop_prob=0.000 score_chg=4.5725
[DEBUG] train_step 11100: starting episode collection
[DEBUG] train_step 11100: episodes collected, starting value_update
[DEBUG] train_step 11100: value_update done, starting policy_update
[DEBUG] train_step 11100: policy_update done
[step 11150] value_loss=7.732544 policy_loss=0.936857
[step 11150] VALUE_DEBUG: target(mean=-7.97 std=8.30 min=-23.11 max=13.76) V(s)(mean=-8.25 std=7.21) reward(mean=-0.111 std=3.969) clip=50.0
[DEBUG] train_step 11150: starting episode collection
[DEBUG] train_step 11150: episodes collected, starting value_update
[DEBUG] train_step 11150: value_update done, starting policy_update
[DEBUG] train_step 11150: policy_update done
[step 11200] opnorm clamp applied
[step 11200] value_loss=7.566548 policy_loss=0.823945
[step 11200] VALUE_DEBUG: target(mean=-10.88 std=7.11 min=-20.62 max=2.83) V(s)(mean=-10.61 std=7.30) reward(mean=-1.171 std=3.868) clip=50.0
[step 11200] eval_success_rate=0.340 eval_mean_score=13.960 eval_policy_mode=greedy [solved=17/50, score_range=10.00-16.00/16.0, initial=9.00]
[step 11200] PROGRESS: filled=13.96 violations=0.00 zero_cand=0.00
[step 11200] DEBUG: ep_len=12.7 ep_ret=-4.817 stop_prob=0.000 score_chg=4.8175
[DEBUG] train_step 11200: starting episode collection
[DEBUG] train_step 11200: episodes collected, starting value_update
[DEBUG] train_step 11200: value_update done, starting policy_update
[DEBUG] train_step 11200: policy_update done
[step 11250] value_loss=6.520972 policy_loss=-0.134065
[step 11250] VALUE_DEBUG: target(mean=-7.59 std=8.92 min=-17.06 max=11.97) V(s)(mean=-8.05 std=8.43) reward(mean=-0.777 std=5.506) clip=50.0
[DEBUG] train_step 11250: starting episode collection
[DEBUG] train_step 11250: episodes collected, starting value_update
[DEBUG] train_step 11250: value_update done, starting policy_update
[DEBUG] train_step 11250: policy_update done
[step 11300] opnorm clamp applied
[step 11300] value_loss=8.135619 policy_loss=-0.172510
[step 11300] VALUE_DEBUG: target(mean=-8.07 std=7.48 min=-20.12 max=8.22) V(s)(mean=-7.89 std=6.61) reward(mean=0.384 std=2.721) clip=50.0
[step 11300] eval_success_rate=0.360 eval_mean_score=13.900 eval_policy_mode=greedy [solved=18/50, score_range=9.00-16.00/16.0, initial=9.00]
[step 11300] PROGRESS: filled=13.90 violations=0.00 zero_cand=0.00
[step 11300] DEBUG: ep_len=12.7 ep_ret=-4.852 stop_prob=0.000 score_chg=5.0350
[DEBUG] train_step 11300: starting episode collection
[DEBUG] train_step 11300: episodes collected, starting value_update
[DEBUG] train_step 11300: value_update done, starting policy_update
[DEBUG] train_step 11300: policy_update done
[step 11350] value_loss=2.023815 policy_loss=-1.039058
[step 11350] VALUE_DEBUG: target(mean=-9.40 std=8.57 min=-20.07 max=4.87) V(s)(mean=-9.11 std=8.44) reward(mean=-1.020 std=4.499) clip=50.0
[DEBUG] train_step 11350: starting episode collection
[DEBUG] train_step 11350: episodes collected, starting value_update
[DEBUG] train_step 11350: value_update done, starting policy_update
[DEBUG] train_step 11350: policy_update done
[step 11400] opnorm clamp applied
[step 11400] value_loss=3.295444 policy_loss=0.433153
[step 11400] VALUE_DEBUG: target(mean=-7.81 std=7.78 min=-18.89 max=6.07) V(s)(mean=-7.66 std=8.11) reward(mean=-0.334 std=3.409) clip=50.0
[step 11400] eval_success_rate=0.240 eval_mean_score=13.660 eval_policy_mode=greedy [solved=12/50, score_range=10.00-16.00/16.0, initial=9.00]
[step 11400] PROGRESS: filled=13.66 violations=0.00 zero_cand=0.00
[step 11400] DEBUG: ep_len=13.0 ep_ret=-5.613 stop_prob=0.000 score_chg=4.9625
[DEBUG] train_step 11400: starting episode collection
[DEBUG] train_step 11400: episodes collected, starting value_update
[DEBUG] train_step 11400: value_update done, starting policy_update
[DEBUG] train_step 11400: policy_update done
[step 11450] value_loss=4.151463 policy_loss=-0.850483
[step 11450] VALUE_DEBUG: target(mean=-11.20 std=7.07 min=-19.42 max=10.33) V(s)(mean=-11.61 std=6.88) reward(mean=-1.124 std=5.207) clip=50.0
[DEBUG] train_step 11450: starting episode collection
[DEBUG] train_step 11450: episodes collected, starting value_update
[DEBUG] train_step 11450: value_update done, starting policy_update
[DEBUG] train_step 11450: policy_update done
[step 11500] opnorm clamp applied
[step 11500] value_loss=9.307005 policy_loss=0.599558
[step 11500] VALUE_DEBUG: target(mean=-9.90 std=8.11 min=-21.78 max=4.83) V(s)(mean=-9.33 std=7.45) reward(mean=-0.712 std=4.265) clip=50.0
[step 11500] eval_success_rate=0.200 eval_mean_score=13.340 eval_policy_mode=greedy [solved=10/50, score_range=9.00-16.00/16.0, initial=9.00]
[step 11500] PROGRESS: filled=13.34 violations=0.00 zero_cand=0.00
[step 11500] DEBUG: ep_len=13.3 ep_ret=-6.105 stop_prob=0.000 score_chg=4.7825
[DEBUG] train_step 11500: starting episode collection
[DEBUG] train_step 11500: episodes collected, starting value_update
[DEBUG] train_step 11500: value_update done, starting policy_update
[DEBUG] train_step 11500: policy_update done
[step 11550] value_loss=7.152580 policy_loss=-0.814237
[step 11550] VALUE_DEBUG: target(mean=-13.38 std=5.04 min=-21.04 max=0.09) V(s)(mean=-12.67 std=5.08) reward(mean=-1.332 std=3.891) clip=50.0
[DEBUG] train_step 11550: starting episode collection
[DEBUG] train_step 11550: episodes collected, starting value_update
[DEBUG] train_step 11550: value_update done, starting policy_update
[DEBUG] train_step 11550: policy_update done
[step 11600] opnorm clamp applied
[step 11600] value_loss=4.289960 policy_loss=-0.131103
[step 11600] VALUE_DEBUG: target(mean=-11.00 std=7.58 min=-20.62 max=6.23) V(s)(mean=-10.69 std=6.75) reward(mean=0.063 std=2.167) clip=50.0
[step 11600] eval_success_rate=0.280 eval_mean_score=13.360 eval_policy_mode=greedy [solved=14/50, score_range=9.00-16.00/16.0, initial=9.00]
[step 11600] PROGRESS: filled=13.36 violations=0.00 zero_cand=0.00
[step 11600] DEBUG: ep_len=13.1 ep_ret=-5.403 stop_prob=0.000 score_chg=4.8250
[DEBUG] train_step 11600: starting episode collection
[DEBUG] train_step 11600: episodes collected, starting value_update
[DEBUG] train_step 11600: value_update done, starting policy_update
[DEBUG] train_step 11600: policy_update done
[step 11650] value_loss=6.145763 policy_loss=0.829499
[step 11650] VALUE_DEBUG: target(mean=-7.54 std=8.55 min=-22.23 max=6.15) V(s)(mean=-6.98 std=8.32) reward(mean=-1.052 std=4.236) clip=50.0
[DEBUG] train_step 11650: starting episode collection
[DEBUG] train_step 11650: episodes collected, starting value_update
[DEBUG] train_step 11650: value_update done, starting policy_update
[DEBUG] train_step 11650: policy_update done
[step 11700] opnorm clamp applied
[step 11700] value_loss=8.066254 policy_loss=0.272567
[step 11700] VALUE_DEBUG: target(mean=-9.30 std=7.59 min=-22.98 max=3.31) V(s)(mean=-9.00 std=7.80) reward(mean=-0.173 std=2.995) clip=50.0
[step 11700] eval_success_rate=0.260 eval_mean_score=13.520 eval_policy_mode=greedy [solved=13/50, score_range=9.00-16.00/16.0, initial=9.00]
[step 11700] PROGRESS: filled=13.52 violations=0.00 zero_cand=0.00
[step 11700] DEBUG: ep_len=13.1 ep_ret=-5.948 stop_prob=0.000 score_chg=4.7300
[DEBUG] train_step 11700: starting episode collection
[DEBUG] train_step 11700: episodes collected, starting value_update
[DEBUG] train_step 11700: value_update done, starting policy_update
[DEBUG] train_step 11700: policy_update done
[step 11750] value_loss=5.000733 policy_loss=-0.244709
[step 11750] VALUE_DEBUG: target(mean=-10.29 std=8.16 min=-21.09 max=7.74) V(s)(mean=-10.02 std=8.06) reward(mean=-2.115 std=5.826) clip=50.0
[DEBUG] train_step 11750: starting episode collection
[DEBUG] train_step 11750: episodes collected, starting value_update
[DEBUG] train_step 11750: value_update done, starting policy_update
[DEBUG] train_step 11750: policy_update done
[step 11800] opnorm clamp applied
[step 11800] value_loss=4.044492 policy_loss=0.186625
[step 11800] VALUE_DEBUG: target(mean=-7.37 std=8.41 min=-21.58 max=5.65) V(s)(mean=-7.42 std=7.93) reward(mean=0.386 std=2.176) clip=50.0
[step 11800] eval_success_rate=0.300 eval_mean_score=13.460 eval_policy_mode=greedy [solved=15/50, score_range=9.00-16.00/16.0, initial=9.00]
[step 11800] PROGRESS: filled=13.46 violations=0.00 zero_cand=0.00
[step 11800] DEBUG: ep_len=13.2 ep_ret=-6.568 stop_prob=0.000 score_chg=4.5575
[DEBUG] train_step 11800: starting episode collection
[DEBUG] train_step 11800: episodes collected, starting value_update
[DEBUG] train_step 11800: value_update done, starting policy_update
[DEBUG] train_step 11800: policy_update done
[step 11850] value_loss=6.083138 policy_loss=-0.088322
[step 11850] VALUE_DEBUG: target(mean=-9.77 std=7.74 min=-18.08 max=5.61) V(s)(mean=-9.64 std=8.23) reward(mean=-1.147 std=4.057) clip=50.0
[DEBUG] train_step 11850: starting episode collection
[DEBUG] train_step 11850: episodes collected, starting value_update
[DEBUG] train_step 11850: value_update done, starting policy_update
[DEBUG] train_step 11850: policy_update done
[step 11900] opnorm clamp applied
[step 11900] value_loss=8.075701 policy_loss=-0.059102
[step 11900] VALUE_DEBUG: target(mean=-9.46 std=9.48 min=-25.55 max=7.73) V(s)(mean=-9.63 std=7.73) reward(mean=0.690 std=3.189) clip=50.0
[step 11900] eval_success_rate=0.280 eval_mean_score=13.600 eval_policy_mode=greedy [solved=14/50, score_range=9.00-16.00/16.0, initial=9.00]
[step 11900] PROGRESS: filled=13.60 violations=0.00 zero_cand=0.00
[step 11900] DEBUG: ep_len=13.3 ep_ret=-6.532 stop_prob=0.000 score_chg=4.4850
[DEBUG] train_step 11900: starting episode collection
[DEBUG] train_step 11900: episodes collected, starting value_update
[DEBUG] train_step 11900: value_update done, starting policy_update
[DEBUG] train_step 11900: policy_update done
[step 11950] value_loss=3.169376 policy_loss=-0.090723
[step 11950] VALUE_DEBUG: target(mean=-6.96 std=8.94 min=-21.50 max=6.72) V(s)(mean=-6.97 std=8.67) reward(mean=-0.959 std=5.020) clip=50.0
[DEBUG] train_step 11950: starting episode collection
[DEBUG] train_step 11950: episodes collected, starting value_update
[DEBUG] train_step 11950: value_update done, starting policy_update
[DEBUG] train_step 11950: policy_update done
[step 12000] opnorm clamp applied
[step 12000] value_loss=10.595539 policy_loss=-0.298107
[step 12000] VALUE_DEBUG: target(mean=-11.04 std=7.06 min=-23.74 max=3.47) V(s)(mean=-10.15 std=7.58) reward(mean=-1.742 std=4.652) clip=50.0
[step 12000] eval_success_rate=0.240 eval_mean_score=13.480 eval_policy_mode=greedy [solved=12/50, score_range=9.00-16.00/16.0, initial=9.00]
[step 12000] PROGRESS: filled=13.48 violations=0.00 zero_cand=0.00
[step 12000] DEBUG: ep_len=13.3 ep_ret=-5.911 stop_prob=0.000 score_chg=4.8600
[Checkpoint] Saved to buiksat_trm/checkpoints/table3_hard_6to8_controlled_nomask_c_r10_s0/rl_checkpoint_step_12000.pt
[DEBUG] train_step 12000: starting episode collection
[DEBUG] train_step 12000: episodes collected, starting value_update
[DEBUG] train_step 12000: value_update done, starting policy_update
[DEBUG] train_step 12000: policy_update done
[step 12050] value_loss=7.112434 policy_loss=0.291538
[step 12050] VALUE_DEBUG: target(mean=-7.75 std=8.33 min=-23.65 max=8.37) V(s)(mean=-8.23 std=7.57) reward(mean=0.174 std=4.141) clip=50.0
[DEBUG] train_step 12050: starting episode collection
[DEBUG] train_step 12050: episodes collected, starting value_update
[DEBUG] train_step 12050: value_update done, starting policy_update
[DEBUG] train_step 12050: policy_update done
[step 12100] opnorm clamp applied
[step 12100] value_loss=6.368903 policy_loss=0.478281
[step 12100] VALUE_DEBUG: target(mean=-7.81 std=8.17 min=-18.42 max=7.16) V(s)(mean=-8.68 std=7.87) reward(mean=0.994 std=2.102) clip=50.0
[step 12100] eval_success_rate=0.360 eval_mean_score=13.920 eval_policy_mode=greedy [solved=18/50, score_range=9.00-16.00/16.0, initial=9.00]
[step 12100] PROGRESS: filled=13.92 violations=0.00 zero_cand=0.00
[step 12100] DEBUG: ep_len=13.0 ep_ret=-4.975 stop_prob=0.000 score_chg=4.8525
[DEBUG] train_step 12100: starting episode collection
[DEBUG] train_step 12100: episodes collected, starting value_update
[DEBUG] train_step 12100: value_update done, starting policy_update
[DEBUG] train_step 12100: policy_update done
[step 12150] value_loss=12.595779 policy_loss=0.468907
[step 12150] VALUE_DEBUG: target(mean=-9.81 std=8.34 min=-20.87 max=6.84) V(s)(mean=-8.98 std=7.63) reward(mean=-1.518 std=5.181) clip=50.0
[DEBUG] train_step 12150: starting episode collection
[DEBUG] train_step 12150: episodes collected, starting value_update
[DEBUG] train_step 12150: value_update done, starting policy_update
[DEBUG] train_step 12150: policy_update done
[step 12200] opnorm clamp applied
[step 12200] value_loss=6.139298 policy_loss=-0.200130
[step 12200] VALUE_DEBUG: target(mean=-7.76 std=9.16 min=-20.59 max=10.42) V(s)(mean=-8.00 std=8.61) reward(mean=-0.603 std=4.850) clip=50.0
[step 12200] eval_success_rate=0.400 eval_mean_score=13.680 eval_policy_mode=greedy [solved=20/50, score_range=9.00-16.00/16.0, initial=9.00]
[step 12200] PROGRESS: filled=13.68 violations=0.00 zero_cand=0.00
[step 12200] DEBUG: ep_len=12.9 ep_ret=-4.704 stop_prob=0.000 score_chg=5.2275
[DEBUG] train_step 12200: starting episode collection
[DEBUG] train_step 12200: episodes collected, starting value_update
[DEBUG] train_step 12200: value_update done, starting policy_update
[DEBUG] train_step 12200: policy_update done
[step 12250] value_loss=4.981717 policy_loss=-0.811975
[step 12250] VALUE_DEBUG: target(mean=-9.87 std=8.32 min=-20.87 max=6.23) V(s)(mean=-10.01 std=7.92) reward(mean=-0.427 std=4.688) clip=50.0
[DEBUG] train_step 12250: starting episode collection
[DEBUG] train_step 12250: episodes collected, starting value_update
[DEBUG] train_step 12250: value_update done, starting policy_update
[DEBUG] train_step 12250: policy_update done
[step 12300] opnorm clamp applied
[step 12300] value_loss=3.760729 policy_loss=0.444115
[step 12300] VALUE_DEBUG: target(mean=-9.01 std=8.45 min=-20.98 max=6.84) V(s)(mean=-9.14 std=8.23) reward(mean=0.469 std=2.445) clip=50.0
[step 12300] eval_success_rate=0.400 eval_mean_score=13.580 eval_policy_mode=greedy [solved=20/50, score_range=9.00-16.00/16.0, initial=9.00]
[step 12300] PROGRESS: filled=13.58 violations=0.00 zero_cand=0.00
[step 12300] DEBUG: ep_len=12.7 ep_ret=-4.509 stop_prob=0.000 score_chg=5.2625
[DEBUG] train_step 12300: starting episode collection
[DEBUG] train_step 12300: episodes collected, starting value_update
[DEBUG] train_step 12300: value_update done, starting policy_update
[DEBUG] train_step 12300: policy_update done
[step 12350] value_loss=2.756968 policy_loss=-0.016880
[step 12350] VALUE_DEBUG: target(mean=-7.73 std=8.90 min=-18.69 max=5.98) V(s)(mean=-7.58 std=8.74) reward(mean=0.315 std=1.587) clip=50.0
[DEBUG] train_step 12350: starting episode collection
[DEBUG] train_step 12350: episodes collected, starting value_update
[DEBUG] train_step 12350: value_update done, starting policy_update
[DEBUG] train_step 12350: policy_update done
[step 12400] opnorm clamp applied
[step 12400] value_loss=6.510576 policy_loss=-0.097261
[step 12400] VALUE_DEBUG: target(mean=-7.59 std=8.64 min=-19.65 max=10.16) V(s)(mean=-7.67 std=8.14) reward(mean=-0.549 std=4.035) clip=50.0
[step 12400] eval_success_rate=0.360 eval_mean_score=13.380 eval_policy_mode=greedy [solved=18/50, score_range=10.00-16.00/16.0, initial=9.00]
[step 12400] PROGRESS: filled=13.38 violations=0.00 zero_cand=0.00
[step 12400] DEBUG: ep_len=12.4 ep_ret=-4.059 stop_prob=0.000 score_chg=5.1650
[DEBUG] train_step 12400: starting episode collection
[DEBUG] train_step 12400: episodes collected, starting value_update
[DEBUG] train_step 12400: value_update done, starting policy_update
[DEBUG] train_step 12400: policy_update done
[step 12450] value_loss=3.056602 policy_loss=0.687958
[step 12450] VALUE_DEBUG: target(mean=-6.76 std=8.37 min=-18.06 max=5.04) V(s)(mean=-6.69 std=8.68) reward(mean=-1.029 std=4.418) clip=50.0
[DEBUG] train_step 12450: starting episode collection
[DEBUG] train_step 12450: episodes collected, starting value_update
[DEBUG] train_step 12450: value_update done, starting policy_update
[DEBUG] train_step 12450: policy_update done
[step 12500] opnorm clamp applied
[step 12500] value_loss=10.433249 policy_loss=0.132073
[step 12500] VALUE_DEBUG: target(mean=-8.47 std=7.76 min=-17.29 max=5.16) V(s)(mean=-8.86 std=8.40) reward(mean=0.660 std=3.454) clip=50.0
[step 12500] eval_success_rate=0.340 eval_mean_score=13.720 eval_policy_mode=greedy [solved=17/50, score_range=10.00-16.00/16.0, initial=9.00]
[step 12500] PROGRESS: filled=13.72 violations=0.00 zero_cand=0.00
[step 12500] DEBUG: ep_len=12.5 ep_ret=-4.487 stop_prob=0.000 score_chg=5.0800
[DEBUG] train_step 12500: starting episode collection
[DEBUG] train_step 12500: episodes collected, starting value_update
[DEBUG] train_step 12500: value_update done, starting policy_update
[DEBUG] train_step 12500: policy_update done
[step 12550] value_loss=2.626873 policy_loss=-0.168892
[step 12550] VALUE_DEBUG: target(mean=-9.74 std=7.27 min=-20.21 max=3.92) V(s)(mean=-9.58 std=7.19) reward(mean=0.071 std=1.580) clip=50.0
[DEBUG] train_step 12550: starting episode collection
[DEBUG] train_step 12550: episodes collected, starting value_update
[DEBUG] train_step 12550: value_update done, starting policy_update
[DEBUG] train_step 12550: policy_update done
[step 12600] opnorm clamp applied
[step 12600] value_loss=2.408019 policy_loss=-0.039837
[step 12600] VALUE_DEBUG: target(mean=-10.88 std=7.83 min=-18.11 max=7.66) V(s)(mean=-11.34 std=7.34) reward(mean=0.040 std=3.074) clip=50.0
[step 12600] eval_success_rate=0.380 eval_mean_score=13.880 eval_policy_mode=greedy [solved=19/50, score_range=10.00-16.00/16.0, initial=9.00]
[step 12600] PROGRESS: filled=13.88 violations=0.00 zero_cand=0.00
[step 12600] DEBUG: ep_len=12.8 ep_ret=-4.971 stop_prob=0.000 score_chg=5.0275
[DEBUG] train_step 12600: starting episode collection
[DEBUG] train_step 12600: episodes collected, starting value_update
[DEBUG] train_step 12600: value_update done, starting policy_update
[DEBUG] train_step 12600: policy_update done
[step 12650] value_loss=6.844940 policy_loss=0.929154
[step 12650] VALUE_DEBUG: target(mean=-9.86 std=8.01 min=-23.89 max=5.27) V(s)(mean=-9.81 std=7.05) reward(mean=-0.901 std=4.393) clip=50.0
[DEBUG] train_step 12650: starting episode collection
[DEBUG] train_step 12650: episodes collected, starting value_update
[DEBUG] train_step 12650: value_update done, starting policy_update
[DEBUG] train_step 12650: policy_update done
[step 12700] opnorm clamp applied
[step 12700] value_loss=7.270908 policy_loss=0.600640
[step 12700] VALUE_DEBUG: target(mean=-8.64 std=9.05 min=-19.76 max=11.61) V(s)(mean=-8.77 std=8.06) reward(mean=0.817 std=2.954) clip=50.0
[step 12700] eval_success_rate=0.440 eval_mean_score=13.980 eval_policy_mode=greedy [solved=22/50, score_range=9.00-16.00/16.0, initial=9.00]
[step 12700] PROGRESS: filled=13.98 violations=0.00 zero_cand=0.00
[step 12700] DEBUG: ep_len=12.8 ep_ret=-5.522 stop_prob=0.000 score_chg=4.6000
[DEBUG] train_step 12700: starting episode collection
[DEBUG] train_step 12700: episodes collected, starting value_update
[DEBUG] train_step 12700: value_update done, starting policy_update
[DEBUG] train_step 12700: policy_update done
[step 12750] value_loss=9.863970 policy_loss=0.474895
[step 12750] VALUE_DEBUG: target(mean=-9.47 std=8.35 min=-21.67 max=8.56) V(s)(mean=-8.93 std=8.66) reward(mean=-0.180 std=3.132) clip=50.0
[DEBUG] train_step 12750: starting episode collection
[DEBUG] train_step 12750: episodes collected, starting value_update
[DEBUG] train_step 12750: value_update done, starting policy_update
[DEBUG] train_step 12750: policy_update done
[step 12800] opnorm clamp applied
[step 12800] value_loss=6.030292 policy_loss=0.718744
[step 12800] VALUE_DEBUG: target(mean=-5.88 std=9.46 min=-18.51 max=8.43) V(s)(mean=-6.72 std=8.74) reward(mean=0.691 std=3.712) clip=50.0
[step 12800] eval_success_rate=0.360 eval_mean_score=13.580 eval_policy_mode=greedy [solved=18/50, score_range=10.00-16.00/16.0, initial=9.00]
[step 12800] PROGRESS: filled=13.58 violations=0.00 zero_cand=0.00
[step 12800] DEBUG: ep_len=12.7 ep_ret=-4.804 stop_prob=0.000 score_chg=4.9100
[DEBUG] train_step 12800: starting episode collection
[DEBUG] train_step 12800: episodes collected, starting value_update
[DEBUG] train_step 12800: value_update done, starting policy_update
[DEBUG] train_step 12800: policy_update done
[step 12850] value_loss=6.467821 policy_loss=-0.137667
[step 12850] VALUE_DEBUG: target(mean=-9.26 std=8.14 min=-22.28 max=5.59) V(s)(mean=-8.77 std=7.89) reward(mean=-0.901 std=4.057) clip=50.0
[DEBUG] train_step 12850: starting episode collection
[DEBUG] train_step 12850: episodes collected, starting value_update
[DEBUG] train_step 12850: value_update done, starting policy_update
[DEBUG] train_step 12850: policy_update done
[step 12900] opnorm clamp applied
[step 12900] value_loss=2.777618 policy_loss=-0.222956
[step 12900] VALUE_DEBUG: target(mean=-7.68 std=9.09 min=-20.84 max=6.37) V(s)(mean=-7.83 std=9.10) reward(mean=0.033 std=3.658) clip=50.0
[step 12900] eval_success_rate=0.300 eval_mean_score=13.860 eval_policy_mode=greedy [solved=15/50, score_range=10.00-16.00/16.0, initial=9.00]
[step 12900] PROGRESS: filled=13.86 violations=0.00 zero_cand=0.00
[step 12900] DEBUG: ep_len=12.9 ep_ret=-5.234 stop_prob=0.000 score_chg=4.8325
[DEBUG] train_step 12900: starting episode collection
[DEBUG] train_step 12900: episodes collected, starting value_update
[DEBUG] train_step 12900: value_update done, starting policy_update
[DEBUG] train_step 12900: policy_update done
[step 12950] value_loss=17.130302 policy_loss=0.167383
[step 12950] VALUE_DEBUG: target(mean=-10.53 std=8.37 min=-21.51 max=5.33) V(s)(mean=-9.10 std=7.89) reward(mean=-1.889 std=4.902) clip=50.0
[DEBUG] train_step 12950: starting episode collection
[DEBUG] train_step 12950: episodes collected, starting value_update
[DEBUG] train_step 12950: value_update done, starting policy_update
[DEBUG] train_step 12950: policy_update done
[step 13000] opnorm clamp applied
[step 13000] value_loss=1.775367 policy_loss=-0.707522
[step 13000] VALUE_DEBUG: target(mean=-7.35 std=9.17 min=-18.08 max=9.72) V(s)(mean=-7.50 std=8.78) reward(mean=0.154 std=3.411) clip=50.0
[step 13000] eval_success_rate=0.340 eval_mean_score=13.760 eval_policy_mode=greedy [solved=17/50, score_range=10.00-16.00/16.0, initial=9.00]
[step 13000] PROGRESS: filled=13.76 violations=0.00 zero_cand=0.00
[step 13000] DEBUG: ep_len=13.2 ep_ret=-5.707 stop_prob=0.000 score_chg=4.8325
[Checkpoint] Saved to buiksat_trm/checkpoints/table3_hard_6to8_controlled_nomask_c_r10_s0/rl_checkpoint_step_13000.pt
[DEBUG] train_step 13000: starting episode collection
[DEBUG] train_step 13000: episodes collected, starting value_update
[DEBUG] train_step 13000: value_update done, starting policy_update
[DEBUG] train_step 13000: policy_update done
[step 13050] value_loss=7.617195 policy_loss=-0.090876
[step 13050] VALUE_DEBUG: target(mean=-7.58 std=9.69 min=-25.18 max=11.29) V(s)(mean=-8.22 std=8.61) reward(mean=0.537 std=4.172) clip=50.0
[DEBUG] train_step 13050: starting episode collection
[DEBUG] train_step 13050: episodes collected, starting value_update
[DEBUG] train_step 13050: value_update done, starting policy_update
[DEBUG] train_step 13050: policy_update done
[step 13100] opnorm clamp applied
[step 13100] value_loss=4.510160 policy_loss=-0.050823
[step 13100] VALUE_DEBUG: target(mean=-7.89 std=8.70 min=-16.42 max=12.96) V(s)(mean=-8.57 std=8.00) reward(mean=0.984 std=2.110) clip=50.0
[step 13100] eval_success_rate=0.240 eval_mean_score=13.300 eval_policy_mode=greedy [solved=12/50, score_range=10.00-16.00/16.0, initial=9.00]
[step 13100] PROGRESS: filled=13.30 violations=0.00 zero_cand=0.00
[step 13100] DEBUG: ep_len=13.5 ep_ret=-6.732 stop_prob=0.000 score_chg=4.7000
[DEBUG] train_step 13100: starting episode collection
[DEBUG] train_step 13100: episodes collected, starting value_update
[DEBUG] train_step 13100: value_update done, starting policy_update
[DEBUG] train_step 13100: policy_update done
[step 13150] value_loss=4.700237 policy_loss=0.038572
[step 13150] VALUE_DEBUG: target(mean=-7.55 std=9.33 min=-22.65 max=5.76) V(s)(mean=-7.04 std=8.55) reward(mean=-1.397 std=5.233) clip=50.0
[DEBUG] train_step 13150: starting episode collection
[DEBUG] train_step 13150: episodes collected, starting value_update
[DEBUG] train_step 13150: value_update done, starting policy_update
[DEBUG] train_step 13150: policy_update done
[step 13200] opnorm clamp applied
[step 13200] value_loss=6.068646 policy_loss=0.661084
[step 13200] VALUE_DEBUG: target(mean=-9.31 std=7.29 min=-22.09 max=5.70) V(s)(mean=-9.19 std=7.63) reward(mean=-0.275 std=4.707) clip=50.0
[step 13200] eval_success_rate=0.160 eval_mean_score=13.300 eval_policy_mode=greedy [solved=8/50, score_range=9.00-16.00/16.0, initial=9.00]
[step 13200] PROGRESS: filled=13.30 violations=0.00 zero_cand=0.00
[step 13200] DEBUG: ep_len=13.6 ep_ret=-6.923 stop_prob=0.000 score_chg=4.6000
[DEBUG] train_step 13200: starting episode collection
[DEBUG] train_step 13200: episodes collected, starting value_update
[DEBUG] train_step 13200: value_update done, starting policy_update
[DEBUG] train_step 13200: policy_update done
[step 13250] value_loss=4.331593 policy_loss=-0.003709
[step 13250] VALUE_DEBUG: target(mean=-10.11 std=8.27 min=-20.12 max=8.65) V(s)(mean=-10.06 std=7.81) reward(mean=-0.083 std=1.851) clip=50.0
[DEBUG] train_step 13250: starting episode collection
[DEBUG] train_step 13250: episodes collected, starting value_update
[DEBUG] train_step 13250: value_update done, starting policy_update
[DEBUG] train_step 13250: policy_update done
[step 13300] opnorm clamp applied
[step 13300] value_loss=9.612093 policy_loss=-1.050391
[step 13300] VALUE_DEBUG: target(mean=-8.49 std=8.42 min=-25.37 max=4.82) V(s)(mean=-7.62 std=8.24) reward(mean=-0.714 std=4.055) clip=50.0
[step 13300] eval_success_rate=0.200 eval_mean_score=13.560 eval_policy_mode=greedy [solved=10/50, score_range=10.00-16.00/16.0, initial=9.00]
[step 13300] PROGRESS: filled=13.56 violations=0.00 zero_cand=0.00
[step 13300] DEBUG: ep_len=14.0 ep_ret=-7.334 stop_prob=0.000 score_chg=4.6100
[DEBUG] train_step 13300: starting episode collection
[DEBUG] train_step 13300: episodes collected, starting value_update
[DEBUG] train_step 13300: value_update done, starting policy_update
[DEBUG] train_step 13300: policy_update done
[step 13350] value_loss=1.894071 policy_loss=0.481681
[step 13350] VALUE_DEBUG: target(mean=-7.59 std=8.29 min=-16.49 max=5.63) V(s)(mean=-8.11 std=8.54) reward(mean=0.500 std=1.613) clip=50.0
[DEBUG] train_step 13350: starting episode collection
[DEBUG] train_step 13350: episodes collected, starting value_update
[DEBUG] train_step 13350: value_update done, starting policy_update
[DEBUG] train_step 13350: policy_update done
[step 13400] opnorm clamp applied
[step 13400] value_loss=9.048271 policy_loss=0.654373
[step 13400] VALUE_DEBUG: target(mean=-8.10 std=8.05 min=-20.29 max=5.52) V(s)(mean=-8.25 std=7.62) reward(mean=-0.327 std=3.330) clip=50.0
[step 13400] eval_success_rate=0.240 eval_mean_score=13.520 eval_policy_mode=greedy [solved=12/50, score_range=9.00-16.00/16.0, initial=9.00]
[step 13400] PROGRESS: filled=13.52 violations=0.00 zero_cand=0.00
[step 13400] DEBUG: ep_len=14.0 ep_ret=-7.553 stop_prob=0.000 score_chg=4.7950
[DEBUG] train_step 13400: starting episode collection
[DEBUG] train_step 13400: episodes collected, starting value_update
[DEBUG] train_step 13400: value_update done, starting policy_update
[DEBUG] train_step 13400: policy_update done
[step 13450] value_loss=4.267759 policy_loss=-0.484242
[step 13450] VALUE_DEBUG: target(mean=-8.12 std=8.56 min=-17.41 max=8.15) V(s)(mean=-8.58 std=8.37) reward(mean=-0.528 std=5.557) clip=50.0
[DEBUG] train_step 13450: starting episode collection
[DEBUG] train_step 13450: episodes collected, starting value_update
[DEBUG] train_step 13450: value_update done, starting policy_update
[DEBUG] train_step 13450: policy_update done
[step 13500] opnorm clamp applied
[step 13500] value_loss=1.217162 policy_loss=0.978739
[step 13500] VALUE_DEBUG: target(mean=-7.68 std=8.82 min=-17.42 max=6.84) V(s)(mean=-8.08 std=8.60) reward(mean=-0.946 std=5.060) clip=50.0
[step 13500] eval_success_rate=0.200 eval_mean_score=13.500 eval_policy_mode=greedy [solved=10/50, score_range=9.00-16.00/16.0, initial=9.00]
[step 13500] PROGRESS: filled=13.50 violations=0.00 zero_cand=0.00
[step 13500] DEBUG: ep_len=14.1 ep_ret=-8.076 stop_prob=0.000 score_chg=4.5700
[DEBUG] train_step 13500: starting episode collection
[DEBUG] train_step 13500: episodes collected, starting value_update
[DEBUG] train_step 13500: value_update done, starting policy_update
[DEBUG] train_step 13500: policy_update done
[step 13550] value_loss=4.506987 policy_loss=-0.134505
[step 13550] VALUE_DEBUG: target(mean=-9.50 std=7.82 min=-18.44 max=6.18) V(s)(mean=-9.59 std=7.69) reward(mean=-0.486 std=4.886) clip=50.0
[DEBUG] train_step 13550: starting episode collection
[DEBUG] train_step 13550: episodes collected, starting value_update
[DEBUG] train_step 13550: value_update done, starting policy_update
[DEBUG] train_step 13550: policy_update done
[step 13600] opnorm clamp applied
[step 13600] value_loss=2.756914 policy_loss=-0.110790
[step 13600] VALUE_DEBUG: target(mean=-8.84 std=8.58 min=-20.61 max=8.61) V(s)(mean=-8.62 std=8.62) reward(mean=-2.402 std=6.265) clip=50.0
[step 13600] eval_success_rate=0.160 eval_mean_score=13.420 eval_policy_mode=greedy [solved=8/50, score_range=9.00-16.00/16.0, initial=9.00]
[step 13600] PROGRESS: filled=13.42 violations=0.00 zero_cand=0.00
[step 13600] DEBUG: ep_len=13.8 ep_ret=-6.785 stop_prob=0.000 score_chg=4.8250
[DEBUG] train_step 13600: starting episode collection
[DEBUG] train_step 13600: episodes collected, starting value_update
[DEBUG] train_step 13600: value_update done, starting policy_update
[DEBUG] train_step 13600: policy_update done
[step 13650] value_loss=2.365299 policy_loss=-0.810957
[step 13650] VALUE_DEBUG: target(mean=-9.48 std=9.23 min=-20.61 max=7.23) V(s)(mean=-9.30 std=8.87) reward(mean=-0.402 std=3.635) clip=50.0
[DEBUG] train_step 13650: starting episode collection
[DEBUG] train_step 13650: episodes collected, starting value_update
[DEBUG] train_step 13650: value_update done, starting policy_update
[DEBUG] train_step 13650: policy_update done
[step 13700] opnorm clamp applied
[step 13700] value_loss=25.128098 policy_loss=-0.904955
[step 13700] VALUE_DEBUG: target(mean=-10.53 std=7.63 min=-17.57 max=6.84) V(s)(mean=-9.64 std=8.25) reward(mean=-1.653 std=5.387) clip=50.0
[step 13700] eval_success_rate=0.240 eval_mean_score=13.420 eval_policy_mode=greedy [solved=12/50, score_range=9.00-16.00/16.0, initial=9.00]
[step 13700] PROGRESS: filled=13.42 violations=0.00 zero_cand=0.00
[step 13700] DEBUG: ep_len=13.3 ep_ret=-6.291 stop_prob=0.000 score_chg=4.5925
[DEBUG] train_step 13700: starting episode collection
[DEBUG] train_step 13700: episodes collected, starting value_update
[DEBUG] train_step 13700: value_update done, starting policy_update
[DEBUG] train_step 13700: policy_update done
[step 13750] value_loss=11.213139 policy_loss=0.240718
[step 13750] VALUE_DEBUG: target(mean=-8.35 std=8.23 min=-18.41 max=7.71) V(s)(mean=-8.21 std=8.15) reward(mean=-0.597 std=5.293) clip=50.0
[DEBUG] train_step 13750: starting episode collection
[DEBUG] train_step 13750: episodes collected, starting value_update
[DEBUG] train_step 13750: value_update done, starting policy_update
[DEBUG] train_step 13750: policy_update done
[step 13800] opnorm clamp applied
[step 13800] value_loss=7.165691 policy_loss=0.102627
[step 13800] VALUE_DEBUG: target(mean=-7.96 std=9.09 min=-21.06 max=6.42) V(s)(mean=-8.12 std=8.55) reward(mean=-1.209 std=4.406) clip=50.0
[step 13800] eval_success_rate=0.240 eval_mean_score=13.220 eval_policy_mode=greedy [solved=12/50, score_range=9.00-16.00/16.0, initial=9.00]
[step 13800] PROGRESS: filled=13.22 violations=0.00 zero_cand=0.00
[step 13800] DEBUG: ep_len=13.7 ep_ret=-6.903 stop_prob=0.000 score_chg=4.6275
[DEBUG] train_step 13800: starting episode collection
[DEBUG] train_step 13800: episodes collected, starting value_update
[DEBUG] train_step 13800: value_update done, starting policy_update
[DEBUG] train_step 13800: policy_update done
[step 13850] value_loss=13.228312 policy_loss=-0.447246
[step 13850] VALUE_DEBUG: target(mean=-6.50 std=8.31 min=-17.27 max=5.87) V(s)(mean=-7.29 std=8.48) reward(mean=-0.397 std=4.567) clip=50.0
[DEBUG] train_step 13850: starting episode collection
[DEBUG] train_step 13850: episodes collected, starting value_update
[DEBUG] train_step 13850: value_update done, starting policy_update
[DEBUG] train_step 13850: policy_update done
[step 13900] opnorm clamp applied
[step 13900] value_loss=18.251619 policy_loss=0.072002
[step 13900] VALUE_DEBUG: target(mean=-6.48 std=10.12 min=-23.06 max=14.09) V(s)(mean=-7.82 std=9.02) reward(mean=-0.533 std=6.036) clip=50.0
[step 13900] eval_success_rate=0.280 eval_mean_score=13.400 eval_policy_mode=greedy [solved=14/50, score_range=10.00-16.00/16.0, initial=9.00]
[step 13900] PROGRESS: filled=13.40 violations=0.00 zero_cand=0.00
[step 13900] DEBUG: ep_len=13.5 ep_ret=-6.304 stop_prob=0.000 score_chg=4.5300
[DEBUG] train_step 13900: starting episode collection
[DEBUG] train_step 13900: episodes collected, starting value_update
[DEBUG] train_step 13900: value_update done, starting policy_update
[DEBUG] train_step 13900: policy_update done
[step 13950] value_loss=7.995395 policy_loss=-0.409553
[step 13950] VALUE_DEBUG: target(mean=-6.11 std=9.79 min=-20.14 max=12.02) V(s)(mean=-6.61 std=9.00) reward(mean=0.382 std=3.934) clip=50.0
[DEBUG] train_step 13950: starting episode collection
[DEBUG] train_step 13950: episodes collected, starting value_update
[DEBUG] train_step 13950: value_update done, starting policy_update
[DEBUG] train_step 13950: policy_update done
[step 14000] opnorm clamp applied
[step 14000] value_loss=26.098179 policy_loss=-0.127670
[step 14000] VALUE_DEBUG: target(mean=-8.88 std=8.45 min=-22.09 max=7.20) V(s)(mean=-8.62 std=7.74) reward(mean=-2.366 std=6.879) clip=50.0
[step 14000] eval_success_rate=0.240 eval_mean_score=13.000 eval_policy_mode=greedy [solved=12/50, score_range=10.00-16.00/16.0, initial=9.00]
[step 14000] PROGRESS: filled=13.00 violations=0.00 zero_cand=0.00
[step 14000] DEBUG: ep_len=13.5 ep_ret=-5.832 stop_prob=0.000 score_chg=4.9925
[Checkpoint] Saved to buiksat_trm/checkpoints/table3_hard_6to8_controlled_nomask_c_r10_s0/rl_checkpoint_step_14000.pt
[DEBUG] train_step 14000: starting episode collection
[DEBUG] train_step 14000: episodes collected, starting value_update
[DEBUG] train_step 14000: value_update done, starting policy_update
[DEBUG] train_step 14000: policy_update done
[step 14050] value_loss=6.215982 policy_loss=-0.035448
[step 14050] VALUE_DEBUG: target(mean=-10.82 std=7.36 min=-22.27 max=8.18) V(s)(mean=-10.59 std=6.95) reward(mean=-1.863 std=6.344) clip=50.0
[DEBUG] train_step 14050: starting episode collection
[DEBUG] train_step 14050: episodes collected, starting value_update
[DEBUG] train_step 14050: value_update done, starting policy_update
[DEBUG] train_step 14050: policy_update done
[step 14100] opnorm clamp applied
[step 14100] value_loss=6.291234 policy_loss=0.416373
[step 14100] VALUE_DEBUG: target(mean=-8.36 std=8.94 min=-21.94 max=6.79) V(s)(mean=-8.03 std=8.33) reward(mean=-0.868 std=3.666) clip=50.0
[step 14100] eval_success_rate=0.220 eval_mean_score=12.900 eval_policy_mode=greedy [solved=11/50, score_range=10.00-16.00/16.0, initial=9.00]
[step 14100] PROGRESS: filled=12.90 violations=0.00 zero_cand=0.00
[step 14100] DEBUG: ep_len=13.6 ep_ret=-6.260 stop_prob=0.000 score_chg=4.7900
[DEBUG] train_step 14100: starting episode collection
[DEBUG] train_step 14100: episodes collected, starting value_update
[DEBUG] train_step 14100: value_update done, starting policy_update
[DEBUG] train_step 14100: policy_update done
[step 14150] value_loss=5.239358 policy_loss=-0.239954
[step 14150] VALUE_DEBUG: target(mean=-7.91 std=8.96 min=-22.92 max=8.60) V(s)(mean=-7.58 std=8.65) reward(mean=-0.896 std=3.614) clip=50.0
[DEBUG] train_step 14150: starting episode collection
[DEBUG] train_step 14150: episodes collected, starting value_update
[DEBUG] train_step 14150: value_update done, starting policy_update
[DEBUG] train_step 14150: policy_update done
[step 14200] opnorm clamp applied
[step 14200] value_loss=2.500697 policy_loss=-0.606376
[step 14200] VALUE_DEBUG: target(mean=-7.10 std=8.01 min=-17.43 max=6.35) V(s)(mean=-7.73 std=8.12) reward(mean=0.886 std=1.415) clip=50.0
[step 14200] eval_success_rate=0.180 eval_mean_score=12.680 eval_policy_mode=greedy [solved=9/50, score_range=10.00-16.00/16.0, initial=9.00]
[step 14200] PROGRESS: filled=12.68 violations=0.00 zero_cand=0.00
[step 14200] DEBUG: ep_len=13.6 ep_ret=-6.369 stop_prob=0.000 score_chg=4.6550
[DEBUG] train_step 14200: starting episode collection
[DEBUG] train_step 14200: episodes collected, starting value_update
[DEBUG] train_step 14200: value_update done, starting policy_update
[DEBUG] train_step 14200: policy_update done
[step 14250] value_loss=3.994205 policy_loss=-0.683761
[step 14250] VALUE_DEBUG: target(mean=-8.86 std=8.29 min=-19.77 max=6.03) V(s)(mean=-8.80 std=8.36) reward(mean=-0.561 std=3.515) clip=50.0
[DEBUG] train_step 14250: starting episode collection
[DEBUG] train_step 14250: episodes collected, starting value_update
[DEBUG] train_step 14250: value_update done, starting policy_update
[DEBUG] train_step 14250: policy_update done
[step 14300] opnorm clamp applied
[step 14300] value_loss=0.164434 policy_loss=0.124513
[step 14300] VALUE_DEBUG: target(mean=-9.99 std=8.22 min=-18.18 max=5.66) V(s)(mean=-10.24 std=8.34) reward(mean=-0.372 std=2.863) clip=50.0
[step 14300] eval_success_rate=0.180 eval_mean_score=12.840 eval_policy_mode=greedy [solved=9/50, score_range=10.00-16.00/16.0, initial=9.00]
[step 14300] PROGRESS: filled=12.84 violations=0.00 zero_cand=0.00
[step 14300] DEBUG: ep_len=13.8 ep_ret=-7.655 stop_prob=0.000 score_chg=4.4275
[DEBUG] train_step 14300: starting episode collection
[DEBUG] train_step 14300: episodes collected, starting value_update
[DEBUG] train_step 14300: value_update done, starting policy_update
[DEBUG] train_step 14300: policy_update done
[step 14350] value_loss=1.723463 policy_loss=0.397452
[step 14350] VALUE_DEBUG: target(mean=-7.65 std=9.61 min=-19.70 max=6.37) V(s)(mean=-8.08 std=9.22) reward(mean=-0.215 std=3.272) clip=50.0
[DEBUG] train_step 14350: starting episode collection
[DEBUG] train_step 14350: episodes collected, starting value_update
[DEBUG] train_step 14350: value_update done, starting policy_update
[DEBUG] train_step 14350: policy_update done
[step 14400] opnorm clamp applied
[step 14400] value_loss=1.013413 policy_loss=0.169133
[step 14400] VALUE_DEBUG: target(mean=-8.34 std=8.62 min=-18.24 max=6.10) V(s)(mean=-8.70 std=8.83) reward(mean=0.655 std=1.110) clip=50.0
[step 14400] eval_success_rate=0.220 eval_mean_score=13.080 eval_policy_mode=greedy [solved=11/50, score_range=10.00-16.00/16.0, initial=9.00]
[step 14400] PROGRESS: filled=13.08 violations=0.00 zero_cand=0.00
[step 14400] DEBUG: ep_len=13.6 ep_ret=-6.549 stop_prob=0.000 score_chg=4.6700
[DEBUG] train_step 14400: starting episode collection
[DEBUG] train_step 14400: episodes collected, starting value_update
[DEBUG] train_step 14400: value_update done, starting policy_update
[DEBUG] train_step 14400: policy_update done
[step 14450] value_loss=4.819048 policy_loss=0.323808
[step 14450] VALUE_DEBUG: target(mean=-7.59 std=9.20 min=-18.29 max=13.41) V(s)(mean=-8.37 std=8.57) reward(mean=-0.240 std=4.729) clip=50.0
[DEBUG] train_step 14450: starting episode collection
[DEBUG] train_step 14450: episodes collected, starting value_update
[DEBUG] train_step 14450: value_update done, starting policy_update
[DEBUG] train_step 14450: policy_update done
[step 14500] opnorm clamp applied
[step 14500] value_loss=9.829917 policy_loss=-0.383642
[step 14500] VALUE_DEBUG: target(mean=-8.18 std=8.21 min=-17.68 max=5.72) V(s)(mean=-7.40 std=8.44) reward(mean=-1.683 std=5.034) clip=50.0
[step 14500] eval_success_rate=0.280 eval_mean_score=13.460 eval_policy_mode=greedy [solved=14/50, score_range=10.00-16.00/16.0, initial=9.00]
[step 14500] PROGRESS: filled=13.46 violations=0.00 zero_cand=0.00
[step 14500] DEBUG: ep_len=13.2 ep_ret=-5.652 stop_prob=0.000 score_chg=5.0650
[DEBUG] train_step 14500: starting episode collection
[DEBUG] train_step 14500: episodes collected, starting value_update
[DEBUG] train_step 14500: value_update done, starting policy_update
[DEBUG] train_step 14500: policy_update done
[step 14550] value_loss=4.409415 policy_loss=-0.369782
[step 14550] VALUE_DEBUG: target(mean=-11.20 std=7.83 min=-25.04 max=5.97) V(s)(mean=-10.59 std=7.22) reward(mean=-1.929 std=5.809) clip=50.0
[DEBUG] train_step 14550: starting episode collection
[DEBUG] train_step 14550: episodes collected, starting value_update
[DEBUG] train_step 14550: value_update done, starting policy_update
[DEBUG] train_step 14550: policy_update done
[step 14600] opnorm clamp applied
[step 14600] value_loss=2.893903 policy_loss=-0.201439
[step 14600] VALUE_DEBUG: target(mean=-10.71 std=7.76 min=-22.14 max=4.79) V(s)(mean=-10.83 std=7.33) reward(mean=-1.180 std=5.265) clip=50.0
[step 14600] eval_success_rate=0.220 eval_mean_score=13.040 eval_policy_mode=greedy [solved=11/50, score_range=10.00-16.00/16.0, initial=9.00]
[step 14600] PROGRESS: filled=13.04 violations=0.00 zero_cand=0.00
[step 14600] DEBUG: ep_len=13.2 ep_ret=-6.080 stop_prob=0.000 score_chg=4.8325
[DEBUG] train_step 14600: starting episode collection
[DEBUG] train_step 14600: episodes collected, starting value_update
[DEBUG] train_step 14600: value_update done, starting policy_update
[DEBUG] train_step 14600: policy_update done
[step 14650] value_loss=4.343042 policy_loss=0.848103
[step 14650] VALUE_DEBUG: target(mean=-9.86 std=7.71 min=-19.16 max=5.98) V(s)(mean=-9.61 std=8.17) reward(mean=-1.801 std=5.117) clip=50.0
[DEBUG] train_step 14650: starting episode collection
[DEBUG] train_step 14650: episodes collected, starting value_update
[DEBUG] train_step 14650: value_update done, starting policy_update
[DEBUG] train_step 14650: policy_update done
[step 14700] opnorm clamp applied
[step 14700] value_loss=5.199746 policy_loss=0.079646
[step 14700] VALUE_DEBUG: target(mean=-7.06 std=8.24 min=-22.06 max=6.46) V(s)(mean=-6.82 std=8.45) reward(mean=-0.434 std=2.876) clip=50.0
[step 14700] eval_success_rate=0.280 eval_mean_score=13.280 eval_policy_mode=greedy [solved=14/50, score_range=10.00-16.00/16.0, initial=9.00]
[step 14700] PROGRESS: filled=13.28 violations=0.00 zero_cand=0.00
[step 14700] DEBUG: ep_len=13.4 ep_ret=-6.145 stop_prob=0.000 score_chg=4.8850
[DEBUG] train_step 14700: starting episode collection
[DEBUG] train_step 14700: episodes collected, starting value_update
[DEBUG] train_step 14700: value_update done, starting policy_update
[DEBUG] train_step 14700: policy_update done
[step 14750] value_loss=4.161503 policy_loss=-0.022557
[step 14750] VALUE_DEBUG: target(mean=-11.12 std=7.69 min=-21.78 max=7.81) V(s)(mean=-10.90 std=7.20) reward(mean=-1.960 std=5.706) clip=50.0
[DEBUG] train_step 14750: starting episode collection
[DEBUG] train_step 14750: episodes collected, starting value_update
[DEBUG] train_step 14750: value_update done, starting policy_update
[DEBUG] train_step 14750: policy_update done
[step 14800] opnorm clamp applied
[step 14800] value_loss=4.297454 policy_loss=-0.818408
[step 14800] VALUE_DEBUG: target(mean=-8.08 std=8.73 min=-21.31 max=8.20) V(s)(mean=-7.95 std=7.97) reward(mean=-0.301 std=3.640) clip=50.0
[step 14800] eval_success_rate=0.300 eval_mean_score=13.320 eval_policy_mode=greedy [solved=15/50, score_range=10.00-16.00/16.0, initial=9.00]
[step 14800] PROGRESS: filled=13.32 violations=0.00 zero_cand=0.00
[step 14800] DEBUG: ep_len=13.1 ep_ret=-5.715 stop_prob=0.000 score_chg=4.8875
[DEBUG] train_step 14800: starting episode collection
[DEBUG] train_step 14800: episodes collected, starting value_update
[DEBUG] train_step 14800: value_update done, starting policy_update
[DEBUG] train_step 14800: policy_update done
[step 14850] value_loss=5.317133 policy_loss=-0.537717
[step 14850] VALUE_DEBUG: target(mean=-6.99 std=8.88 min=-17.16 max=12.71) V(s)(mean=-7.42 std=7.99) reward(mean=0.537 std=3.941) clip=50.0
[DEBUG] train_step 14850: starting episode collection
[DEBUG] train_step 14850: episodes collected, starting value_update
[DEBUG] train_step 14850: value_update done, starting policy_update
[DEBUG] train_step 14850: policy_update done
[step 14900] opnorm clamp applied
[step 14900] value_loss=3.628968 policy_loss=-0.340220
[step 14900] VALUE_DEBUG: target(mean=-9.13 std=8.22 min=-22.08 max=5.73) V(s)(mean=-8.95 std=8.08) reward(mean=-0.955 std=5.259) clip=50.0
[step 14900] eval_success_rate=0.400 eval_mean_score=13.740 eval_policy_mode=greedy [solved=20/50, score_range=10.00-16.00/16.0, initial=9.00]
[step 14900] PROGRESS: filled=13.74 violations=0.00 zero_cand=0.00
[step 14900] DEBUG: ep_len=12.8 ep_ret=-4.578 stop_prob=0.000 score_chg=5.0400
[DEBUG] train_step 14900: starting episode collection
[DEBUG] train_step 14900: episodes collected, starting value_update
[DEBUG] train_step 14900: value_update done, starting policy_update
[DEBUG] train_step 14900: policy_update done
[step 14950] value_loss=4.903178 policy_loss=-0.309287
[step 14950] VALUE_DEBUG: target(mean=-9.75 std=7.65 min=-17.15 max=9.15) V(s)(mean=-10.04 std=7.38) reward(mean=0.132 std=2.541) clip=50.0
[DEBUG] train_step 14950: starting episode collection
[DEBUG] train_step 14950: episodes collected, starting value_update
[DEBUG] train_step 14950: value_update done, starting policy_update
[DEBUG] train_step 14950: policy_update done
[step 15000] opnorm clamp applied
[step 15000] value_loss=4.087219 policy_loss=-0.609434
[step 15000] VALUE_DEBUG: target(mean=-8.04 std=7.90 min=-21.28 max=5.75) V(s)(mean=-7.65 std=7.88) reward(mean=-1.332 std=4.296) clip=50.0
[step 15000] eval_success_rate=0.440 eval_mean_score=13.640 eval_policy_mode=greedy [solved=22/50, score_range=10.00-16.00/16.0, initial=9.00]
[step 15000] PROGRESS: filled=13.64 violations=0.00 zero_cand=0.00
[step 15000] DEBUG: ep_len=12.4 ep_ret=-3.968 stop_prob=0.000 score_chg=5.1525
[Checkpoint] Saved to buiksat_trm/checkpoints/table3_hard_6to8_controlled_nomask_c_r10_s0/rl_checkpoint_step_15000.pt
[DEBUG] train_step 15000: starting episode collection
[DEBUG] train_step 15000: episodes collected, starting value_update
[DEBUG] train_step 15000: value_update done, starting policy_update
[DEBUG] train_step 15000: policy_update done
[step 15050] value_loss=9.393890 policy_loss=-0.656392
[step 15050] VALUE_DEBUG: target(mean=-8.32 std=8.52 min=-22.02 max=10.53) V(s)(mean=-8.10 std=7.84) reward(mean=-0.205 std=3.232) clip=50.0
[DEBUG] train_step 15050: starting episode collection
[DEBUG] train_step 15050: episodes collected, starting value_update
[DEBUG] train_step 15050: value_update done, starting policy_update
[DEBUG] train_step 15050: policy_update done
[step 15100] opnorm clamp applied
[step 15100] value_loss=2.821408 policy_loss=-0.367225
[step 15100] VALUE_DEBUG: target(mean=-10.13 std=7.96 min=-19.93 max=6.00) V(s)(mean=-10.28 std=7.84) reward(mean=-2.309 std=6.224) clip=50.0
[step 15100] eval_success_rate=0.360 eval_mean_score=13.760 eval_policy_mode=greedy [solved=18/50, score_range=10.00-16.00/16.0, initial=9.00]
[step 15100] PROGRESS: filled=13.76 violations=0.00 zero_cand=0.00
[step 15100] DEBUG: ep_len=13.0 ep_ret=-5.616 stop_prob=0.000 score_chg=4.7850
[DEBUG] train_step 15100: starting episode collection
[DEBUG] train_step 15100: episodes collected, starting value_update
[DEBUG] train_step 15100: value_update done, starting policy_update
[DEBUG] train_step 15100: policy_update done
[step 15150] value_loss=4.231501 policy_loss=-0.050434
[step 15150] VALUE_DEBUG: target(mean=-9.99 std=6.52 min=-16.65 max=2.11) V(s)(mean=-9.62 std=6.68) reward(mean=-0.842 std=4.727) clip=50.0
[DEBUG] train_step 15150: starting episode collection
[DEBUG] train_step 15150: episodes collected, starting value_update
[DEBUG] train_step 15150: value_update done, starting policy_update
[DEBUG] train_step 15150: policy_update done
[step 15200] opnorm clamp applied
[step 15200] value_loss=0.281074 policy_loss=-0.016624
[step 15200] VALUE_DEBUG: target(mean=-9.11 std=7.76 min=-17.24 max=4.58) V(s)(mean=-9.33 std=7.97) reward(mean=-1.148 std=4.839) clip=50.0
[step 15200] eval_success_rate=0.400 eval_mean_score=13.980 eval_policy_mode=greedy [solved=20/50, score_range=10.00-16.00/16.0, initial=9.00]
[step 15200] PROGRESS: filled=13.98 violations=0.00 zero_cand=0.00
[step 15200] DEBUG: ep_len=12.7 ep_ret=-5.000 stop_prob=0.000 score_chg=5.0550
[DEBUG] train_step 15200: starting episode collection
[DEBUG] train_step 15200: episodes collected, starting value_update
[DEBUG] train_step 15200: value_update done, starting policy_update
[DEBUG] train_step 15200: policy_update done
[step 15250] value_loss=3.216047 policy_loss=-0.389039
[step 15250] VALUE_DEBUG: target(mean=-5.59 std=8.82 min=-18.29 max=9.11) V(s)(mean=-5.97 std=8.08) reward(mean=0.039 std=3.618) clip=50.0
[DEBUG] train_step 15250: starting episode collection
[DEBUG] train_step 15250: episodes collected, starting value_update
[DEBUG] train_step 15250: value_update done, starting policy_update
[DEBUG] train_step 15250: policy_update done
[step 15300] opnorm clamp applied
[step 15300] value_loss=3.398223 policy_loss=-0.779785
[step 15300] VALUE_DEBUG: target(mean=-5.57 std=9.22 min=-17.37 max=11.67) V(s)(mean=-6.47 std=8.68) reward(mean=0.476 std=3.470) clip=50.0
[step 15300] eval_success_rate=0.480 eval_mean_score=13.940 eval_policy_mode=greedy [solved=24/50, score_range=10.00-16.00/16.0, initial=9.00]
[step 15300] PROGRESS: filled=13.94 violations=0.00 zero_cand=0.00
[step 15300] DEBUG: ep_len=12.5 ep_ret=-4.264 stop_prob=0.000 score_chg=5.0025
[DEBUG] train_step 15300: starting episode collection
[DEBUG] train_step 15300: episodes collected, starting value_update
[DEBUG] train_step 15300: value_update done, starting policy_update
[DEBUG] train_step 15300: policy_update done
[step 15350] value_loss=6.577937 policy_loss=-0.441272
[step 15350] VALUE_DEBUG: target(mean=-9.03 std=8.59 min=-22.37 max=8.97) V(s)(mean=-8.76 std=7.95) reward(mean=0.139 std=2.665) clip=50.0
[DEBUG] train_step 15350: starting episode collection
[DEBUG] train_step 15350: episodes collected, starting value_update
[DEBUG] train_step 15350: value_update done, starting policy_update
[DEBUG] train_step 15350: policy_update done
[step 15400] opnorm clamp applied
[step 15400] value_loss=3.191748 policy_loss=0.158397
[step 15400] VALUE_DEBUG: target(mean=-7.09 std=8.51 min=-16.98 max=5.83) V(s)(mean=-7.39 std=8.29) reward(mean=0.123 std=3.470) clip=50.0
[step 15400] eval_success_rate=0.480 eval_mean_score=14.140 eval_policy_mode=greedy [solved=24/50, score_range=10.00-16.00/16.0, initial=9.00]
[step 15400] PROGRESS: filled=14.14 violations=0.00 zero_cand=0.00
[step 15400] DEBUG: ep_len=12.3 ep_ret=-3.730 stop_prob=0.000 score_chg=5.2125
[DEBUG] train_step 15400: starting episode collection
[DEBUG] train_step 15400: episodes collected, starting value_update
[DEBUG] train_step 15400: value_update done, starting policy_update
[DEBUG] train_step 15400: policy_update done
[step 15450] value_loss=5.396838 policy_loss=-1.358193
[step 15450] VALUE_DEBUG: target(mean=-8.64 std=8.60 min=-22.02 max=6.84) V(s)(mean=-9.16 std=8.02) reward(mean=-0.277 std=5.217) clip=50.0
[DEBUG] train_step 15450: starting episode collection
[DEBUG] train_step 15450: episodes collected, starting value_update
[DEBUG] train_step 15450: value_update done, starting policy_update
[DEBUG] train_step 15450: policy_update done
[step 15500] opnorm clamp applied
[step 15500] value_loss=18.208130 policy_loss=0.183303
[step 15500] VALUE_DEBUG: target(mean=-8.49 std=9.28 min=-20.89 max=6.90) V(s)(mean=-8.35 std=8.16) reward(mean=-1.213 std=5.584) clip=50.0
[step 15500] eval_success_rate=0.440 eval_mean_score=14.080 eval_policy_mode=greedy [solved=22/50, score_range=10.00-16.00/16.0, initial=9.00]
[step 15500] PROGRESS: filled=14.08 violations=0.00 zero_cand=0.00
[step 15500] DEBUG: ep_len=12.4 ep_ret=-3.870 stop_prob=0.000 score_chg=5.2700
[DEBUG] train_step 15500: starting episode collection
[DEBUG] train_step 15500: episodes collected, starting value_update
[DEBUG] train_step 15500: value_update done, starting policy_update
[DEBUG] train_step 15500: policy_update done
[step 15550] value_loss=13.259348 policy_loss=-1.389992
[step 15550] VALUE_DEBUG: target(mean=-8.84 std=8.30 min=-20.02 max=3.42) V(s)(mean=-8.67 std=7.88) reward(mean=-1.371 std=4.579) clip=50.0
[DEBUG] train_step 15550: starting episode collection
[DEBUG] train_step 15550: episodes collected, starting value_update
[DEBUG] train_step 15550: value_update done, starting policy_update
[DEBUG] train_step 15550: policy_update done
[step 15600] opnorm clamp applied
[step 15600] value_loss=2.658587 policy_loss=-0.738555
[step 15600] VALUE_DEBUG: target(mean=-8.06 std=8.66 min=-17.66 max=6.54) V(s)(mean=-8.41 std=8.59) reward(mean=0.314 std=1.398) clip=50.0
[step 15600] eval_success_rate=0.480 eval_mean_score=14.420 eval_policy_mode=greedy [solved=24/50, score_range=10.00-16.00/16.0, initial=9.00]
[step 15600] PROGRESS: filled=14.42 violations=0.00 zero_cand=0.00
[step 15600] DEBUG: ep_len=12.4 ep_ret=-3.845 stop_prob=0.000 score_chg=5.2125
[DEBUG] train_step 15600: starting episode collection
[DEBUG] train_step 15600: episodes collected, starting value_update
[DEBUG] train_step 15600: value_update done, starting policy_update
[DEBUG] train_step 15600: policy_update done
[step 15650] value_loss=6.797451 policy_loss=0.279451
[step 15650] VALUE_DEBUG: target(mean=-11.61 std=7.62 min=-21.46 max=6.36) V(s)(mean=-11.59 std=6.96) reward(mean=-1.180 std=4.248) clip=50.0
[DEBUG] train_step 15650: starting episode collection
[DEBUG] train_step 15650: episodes collected, starting value_update
[DEBUG] train_step 15650: value_update done, starting policy_update
[DEBUG] train_step 15650: policy_update done
[step 15700] opnorm clamp applied
[step 15700] value_loss=5.328865 policy_loss=-0.328643
[step 15700] VALUE_DEBUG: target(mean=-7.31 std=8.81 min=-18.33 max=7.79) V(s)(mean=-7.15 std=8.63) reward(mean=-0.250 std=3.568) clip=50.0
[step 15700] eval_success_rate=0.400 eval_mean_score=13.920 eval_policy_mode=greedy [solved=20/50, score_range=9.00-16.00/16.0, initial=9.00]
[step 15700] PROGRESS: filled=13.92 violations=0.00 zero_cand=0.00
[step 15700] DEBUG: ep_len=12.2 ep_ret=-3.412 stop_prob=0.000 score_chg=5.3250
[DEBUG] train_step 15700: starting episode collection
[DEBUG] train_step 15700: episodes collected, starting value_update
[DEBUG] train_step 15700: value_update done, starting policy_update
[DEBUG] train_step 15700: policy_update done
[step 15750] value_loss=3.170408 policy_loss=-0.269306
[step 15750] VALUE_DEBUG: target(mean=-8.17 std=9.15 min=-17.60 max=8.82) V(s)(mean=-8.73 std=8.71) reward(mean=-0.249 std=4.367) clip=50.0
[DEBUG] train_step 15750: starting episode collection
[DEBUG] train_step 15750: episodes collected, starting value_update
[DEBUG] train_step 15750: value_update done, starting policy_update
[DEBUG] train_step 15750: policy_update done
[step 15800] opnorm clamp applied
[step 15800] value_loss=6.057786 policy_loss=0.769434
[step 15800] VALUE_DEBUG: target(mean=-11.95 std=6.77 min=-21.06 max=5.21) V(s)(mean=-10.94 std=7.24) reward(mean=-1.238 std=3.565) clip=50.0
[step 15800] eval_success_rate=0.400 eval_mean_score=14.280 eval_policy_mode=greedy [solved=20/50, score_range=10.00-16.00/16.0, initial=9.00]
[step 15800] PROGRESS: filled=14.28 violations=0.00 zero_cand=0.00
[step 15800] DEBUG: ep_len=12.7 ep_ret=-4.698 stop_prob=0.000 score_chg=5.2625
[DEBUG] train_step 15800: starting episode collection
[DEBUG] train_step 15800: episodes collected, starting value_update
[DEBUG] train_step 15800: value_update done, starting policy_update
[DEBUG] train_step 15800: policy_update done
[step 15850] value_loss=3.751215 policy_loss=-0.307893
[step 15850] VALUE_DEBUG: target(mean=-10.12 std=7.34 min=-17.57 max=6.02) V(s)(mean=-9.80 std=7.57) reward(mean=-0.705 std=4.296) clip=50.0
[DEBUG] train_step 15850: starting episode collection
[DEBUG] train_step 15850: episodes collected, starting value_update
[DEBUG] train_step 15850: value_update done, starting policy_update
[DEBUG] train_step 15850: policy_update done
[step 15900] opnorm clamp applied
[step 15900] value_loss=5.486625 policy_loss=-0.244568
[step 15900] VALUE_DEBUG: target(mean=-5.69 std=8.89 min=-21.21 max=9.00) V(s)(mean=-5.46 std=8.61) reward(mean=0.507 std=2.795) clip=50.0
[step 15900] eval_success_rate=0.440 eval_mean_score=14.280 eval_policy_mode=greedy [solved=22/50, score_range=10.00-16.00/16.0, initial=9.00]
[step 15900] PROGRESS: filled=14.28 violations=0.00 zero_cand=0.00
[step 15900] DEBUG: ep_len=12.5 ep_ret=-4.229 stop_prob=0.000 score_chg=5.2350
[DEBUG] train_step 15900: starting episode collection
[DEBUG] train_step 15900: episodes collected, starting value_update
[DEBUG] train_step 15900: value_update done, starting policy_update
[DEBUG] train_step 15900: policy_update done
[step 15950] value_loss=1.301158 policy_loss=0.498231
[step 15950] VALUE_DEBUG: target(mean=-9.57 std=8.28 min=-22.09 max=7.43) V(s)(mean=-9.28 std=7.85) reward(mean=-1.153 std=5.636) clip=50.0
[DEBUG] train_step 15950: starting episode collection
[DEBUG] train_step 15950: episodes collected, starting value_update
[DEBUG] train_step 15950: value_update done, starting policy_update
[DEBUG] train_step 15950: policy_update done
[step 16000] opnorm clamp applied
[step 16000] value_loss=2.045148 policy_loss=0.104002
[step 16000] VALUE_DEBUG: target(mean=-10.15 std=7.54 min=-18.91 max=5.71) V(s)(mean=-9.82 std=7.30) reward(mean=-0.716 std=4.360) clip=50.0
[step 16000] eval_success_rate=0.440 eval_mean_score=14.280 eval_policy_mode=greedy [solved=22/50, score_range=10.00-16.00/16.0, initial=9.00]
[step 16000] PROGRESS: filled=14.28 violations=0.00 zero_cand=0.00
[step 16000] DEBUG: ep_len=12.5 ep_ret=-4.092 stop_prob=0.000 score_chg=5.2900
[Checkpoint] Saved to buiksat_trm/checkpoints/table3_hard_6to8_controlled_nomask_c_r10_s0/rl_checkpoint_step_16000.pt
[DEBUG] train_step 16000: starting episode collection
[DEBUG] train_step 16000: episodes collected, starting value_update
[DEBUG] train_step 16000: value_update done, starting policy_update
[DEBUG] train_step 16000: policy_update done
[step 16050] value_loss=2.762779 policy_loss=-0.749335
[step 16050] VALUE_DEBUG: target(mean=-10.05 std=7.75 min=-18.97 max=8.01) V(s)(mean=-9.86 std=7.40) reward(mean=0.068 std=1.825) clip=50.0
[DEBUG] train_step 16050: starting episode collection
[DEBUG] train_step 16050: episodes collected, starting value_update
[DEBUG] train_step 16050: value_update done, starting policy_update
[DEBUG] train_step 16050: policy_update done
[step 16100] opnorm clamp applied
[step 16100] value_loss=3.593486 policy_loss=0.365399
[step 16100] VALUE_DEBUG: target(mean=-10.38 std=7.92 min=-22.09 max=6.52) V(s)(mean=-10.26 std=7.57) reward(mean=-1.464 std=5.692) clip=50.0
[step 16100] eval_success_rate=0.480 eval_mean_score=14.200 eval_policy_mode=greedy [solved=24/50, score_range=11.00-16.00/16.0, initial=9.00]
[step 16100] PROGRESS: filled=14.20 violations=0.00 zero_cand=0.00
[step 16100] DEBUG: ep_len=12.4 ep_ret=-3.961 stop_prob=0.000 score_chg=5.2650
[DEBUG] train_step 16100: starting episode collection
[DEBUG] train_step 16100: episodes collected, starting value_update
[DEBUG] train_step 16100: value_update done, starting policy_update
[DEBUG] train_step 16100: policy_update done
[step 16150] value_loss=7.251868 policy_loss=-0.513601
[step 16150] VALUE_DEBUG: target(mean=-8.51 std=8.69 min=-21.27 max=6.84) V(s)(mean=-7.93 std=7.90) reward(mean=-1.143 std=4.907) clip=50.0
[DEBUG] train_step 16150: starting episode collection
[DEBUG] train_step 16150: episodes collected, starting value_update
[DEBUG] train_step 16150: value_update done, starting policy_update
[DEBUG] train_step 16150: policy_update done
[step 16200] opnorm clamp applied
[step 16200] value_loss=4.907217 policy_loss=0.351716
[step 16200] VALUE_DEBUG: target(mean=-7.27 std=8.58 min=-20.95 max=7.20) V(s)(mean=-7.14 std=8.09) reward(mean=-0.075 std=2.601) clip=50.0
[step 16200] eval_success_rate=0.460 eval_mean_score=14.220 eval_policy_mode=greedy [solved=23/50, score_range=10.00-16.00/16.0, initial=9.00]
[step 16200] PROGRESS: filled=14.22 violations=0.00 zero_cand=0.00
[step 16200] DEBUG: ep_len=12.1 ep_ret=-3.298 stop_prob=0.000 score_chg=5.2750
[DEBUG] train_step 16200: starting episode collection
[DEBUG] train_step 16200: episodes collected, starting value_update
[DEBUG] train_step 16200: value_update done, starting policy_update
[DEBUG] train_step 16200: policy_update done
[step 16250] value_loss=8.835336 policy_loss=0.551911
[step 16250] VALUE_DEBUG: target(mean=-7.27 std=9.03 min=-18.00 max=8.47) V(s)(mean=-7.02 std=8.54) reward(mean=-1.708 std=5.304) clip=50.0
[DEBUG] train_step 16250: starting episode collection
[DEBUG] train_step 16250: episodes collected, starting value_update
[DEBUG] train_step 16250: value_update done, starting policy_update
[DEBUG] train_step 16250: policy_update done
[step 16300] opnorm clamp applied
[step 16300] value_loss=1.168886 policy_loss=-0.181772
[step 16300] VALUE_DEBUG: target(mean=-9.89 std=7.86 min=-18.07 max=5.42) V(s)(mean=-9.49 std=7.60) reward(mean=-0.918 std=3.633) clip=50.0
[step 16300] eval_success_rate=0.440 eval_mean_score=14.080 eval_policy_mode=greedy [solved=22/50, score_range=10.00-16.00/16.0, initial=9.00]
[step 16300] PROGRESS: filled=14.08 violations=0.00 zero_cand=0.00
[step 16300] DEBUG: ep_len=12.3 ep_ret=-3.568 stop_prob=0.000 score_chg=5.2550
[DEBUG] train_step 16300: starting episode collection
[DEBUG] train_step 16300: episodes collected, starting value_update
[DEBUG] train_step 16300: value_update done, starting policy_update
[DEBUG] train_step 16300: policy_update done
[step 16350] value_loss=3.692178 policy_loss=0.288497
[step 16350] VALUE_DEBUG: target(mean=-6.83 std=8.44 min=-17.25 max=6.02) V(s)(mean=-6.65 std=8.90) reward(mean=0.188 std=2.150) clip=50.0
[DEBUG] train_step 16350: starting episode collection
[DEBUG] train_step 16350: episodes collected, starting value_update
[DEBUG] train_step 16350: value_update done, starting policy_update
[DEBUG] train_step 16350: policy_update done
[step 16400] opnorm clamp applied
[step 16400] value_loss=4.412137 policy_loss=-0.709533
[step 16400] VALUE_DEBUG: target(mean=-8.46 std=8.35 min=-21.86 max=7.38) V(s)(mean=-7.95 std=8.30) reward(mean=-0.398 std=3.679) clip=50.0
[step 16400] eval_success_rate=0.440 eval_mean_score=14.040 eval_policy_mode=greedy [solved=22/50, score_range=10.00-16.00/16.0, initial=9.00]
[step 16400] PROGRESS: filled=14.04 violations=0.00 zero_cand=0.00
[step 16400] DEBUG: ep_len=12.4 ep_ret=-3.889 stop_prob=0.000 score_chg=5.1625
[DEBUG] train_step 16400: starting episode collection
[DEBUG] train_step 16400: episodes collected, starting value_update
[DEBUG] train_step 16400: value_update done, starting policy_update
[DEBUG] train_step 16400: policy_update done
[step 16450] value_loss=6.161860 policy_loss=0.004886
[step 16450] VALUE_DEBUG: target(mean=-8.42 std=8.57 min=-20.40 max=5.62) V(s)(mean=-7.53 std=8.05) reward(mean=-1.143 std=3.666) clip=50.0
[DEBUG] train_step 16450: starting episode collection
[DEBUG] train_step 16450: episodes collected, starting value_update
[DEBUG] train_step 16450: value_update done, starting policy_update
[DEBUG] train_step 16450: policy_update done
[step 16500] opnorm clamp applied
[step 16500] value_loss=1.609813 policy_loss=0.439082
[step 16500] VALUE_DEBUG: target(mean=-7.74 std=8.45 min=-21.34 max=6.10) V(s)(mean=-7.76 std=8.12) reward(mean=0.152 std=3.383) clip=50.0
[step 16500] eval_success_rate=0.440 eval_mean_score=14.240 eval_policy_mode=greedy [solved=22/50, score_range=10.00-16.00/16.0, initial=9.00]
[step 16500] PROGRESS: filled=14.24 violations=0.00 zero_cand=0.00
[step 16500] DEBUG: ep_len=11.9 ep_ret=-2.333 stop_prob=0.000 score_chg=5.6175
[DEBUG] train_step 16500: starting episode collection
[DEBUG] train_step 16500: episodes collected, starting value_update
[DEBUG] train_step 16500: value_update done, starting policy_update
[DEBUG] train_step 16500: policy_update done
[step 16550] value_loss=3.689448 policy_loss=0.232447
[step 16550] VALUE_DEBUG: target(mean=-6.01 std=9.56 min=-22.16 max=10.25) V(s)(mean=-6.29 std=8.66) reward(mean=-0.122 std=3.507) clip=50.0
[DEBUG] train_step 16550: starting episode collection
[DEBUG] train_step 16550: episodes collected, starting value_update
[DEBUG] train_step 16550: value_update done, starting policy_update
[DEBUG] train_step 16550: policy_update done
[step 16600] opnorm clamp applied
[step 16600] value_loss=7.625214 policy_loss=-0.320667
[step 16600] VALUE_DEBUG: target(mean=-9.76 std=9.44 min=-23.29 max=8.70) V(s)(mean=-10.12 std=8.41) reward(mean=-0.622 std=3.374) clip=50.0
[step 16600] eval_success_rate=0.440 eval_mean_score=14.200 eval_policy_mode=greedy [solved=22/50, score_range=10.00-16.00/16.0, initial=9.00]
[step 16600] PROGRESS: filled=14.20 violations=0.00 zero_cand=0.00
[step 16600] DEBUG: ep_len=12.4 ep_ret=-3.832 stop_prob=0.000 score_chg=5.1850
[DEBUG] train_step 16600: starting episode collection
[DEBUG] train_step 16600: episodes collected, starting value_update
[DEBUG] train_step 16600: value_update done, starting policy_update
[DEBUG] train_step 16600: policy_update done
[step 16650] value_loss=14.559317 policy_loss=-0.635223
[step 16650] VALUE_DEBUG: target(mean=-9.79 std=7.90 min=-19.00 max=7.17) V(s)(mean=-10.42 std=6.96) reward(mean=0.872 std=3.002) clip=50.0
[DEBUG] train_step 16650: starting episode collection
[DEBUG] train_step 16650: episodes collected, starting value_update
[DEBUG] train_step 16650: value_update done, starting policy_update
[DEBUG] train_step 16650: policy_update done
[step 16700] opnorm clamp applied
[step 16700] value_loss=2.984872 policy_loss=-0.373035
[step 16700] VALUE_DEBUG: target(mean=-8.23 std=9.05 min=-16.83 max=7.28) V(s)(mean=-8.21 std=8.76) reward(mean=0.351 std=2.005) clip=50.0
[step 16700] eval_success_rate=0.440 eval_mean_score=14.140 eval_policy_mode=greedy [solved=22/50, score_range=10.00-16.00/16.0, initial=9.00]
[step 16700] PROGRESS: filled=14.14 violations=0.00 zero_cand=0.00
[step 16700] DEBUG: ep_len=13.0 ep_ret=-5.122 stop_prob=0.000 score_chg=5.1750
[DEBUG] train_step 16700: starting episode collection
[DEBUG] train_step 16700: episodes collected, starting value_update
[DEBUG] train_step 16700: value_update done, starting policy_update
[DEBUG] train_step 16700: policy_update done
[step 16750] value_loss=1.926246 policy_loss=-0.308163
[step 16750] VALUE_DEBUG: target(mean=-7.45 std=8.56 min=-21.77 max=5.30) V(s)(mean=-7.20 std=8.27) reward(mean=0.251 std=1.502) clip=50.0
[DEBUG] train_step 16750: starting episode collection
[DEBUG] train_step 16750: episodes collected, starting value_update
[DEBUG] train_step 16750: value_update done, starting policy_update
[DEBUG] train_step 16750: policy_update done
[step 16800] opnorm clamp applied
[step 16800] value_loss=6.414797 policy_loss=-0.703441
[step 16800] VALUE_DEBUG: target(mean=-7.98 std=7.56 min=-19.69 max=5.58) V(s)(mean=-7.39 std=7.95) reward(mean=-0.204 std=2.889) clip=50.0
[step 16800] eval_success_rate=0.400 eval_mean_score=14.260 eval_policy_mode=greedy [solved=20/50, score_range=10.00-16.00/16.0, initial=9.00]
[step 16800] PROGRESS: filled=14.26 violations=0.00 zero_cand=0.00
[step 16800] DEBUG: ep_len=12.2 ep_ret=-3.348 stop_prob=0.000 score_chg=5.2025
[DEBUG] train_step 16800: starting episode collection
[DEBUG] train_step 16800: episodes collected, starting value_update
[DEBUG] train_step 16800: value_update done, starting policy_update
[DEBUG] train_step 16800: policy_update done
[step 16850] value_loss=5.925155 policy_loss=-0.307446
[step 16850] VALUE_DEBUG: target(mean=-9.60 std=8.18 min=-19.19 max=5.44) V(s)(mean=-9.60 std=8.09) reward(mean=-1.116 std=4.555) clip=50.0
[DEBUG] train_step 16850: starting episode collection
[DEBUG] train_step 16850: episodes collected, starting value_update
[DEBUG] train_step 16850: value_update done, starting policy_update
[DEBUG] train_step 16850: policy_update done
[step 16900] opnorm clamp applied
[step 16900] value_loss=4.027429 policy_loss=-0.045806
[step 16900] VALUE_DEBUG: target(mean=-8.26 std=9.11 min=-24.73 max=3.57) V(s)(mean=-7.65 std=8.77) reward(mean=-1.593 std=5.064) clip=50.0
[step 16900] eval_success_rate=0.380 eval_mean_score=14.000 eval_policy_mode=greedy [solved=19/50, score_range=10.00-16.00/16.0, initial=9.00]
[step 16900] PROGRESS: filled=14.00 violations=0.00 zero_cand=0.00
[step 16900] DEBUG: ep_len=12.7 ep_ret=-4.689 stop_prob=0.000 score_chg=4.8675
[DEBUG] train_step 16900: starting episode collection
[DEBUG] train_step 16900: episodes collected, starting value_update
[DEBUG] train_step 16900: value_update done, starting policy_update
[DEBUG] train_step 16900: policy_update done
[step 16950] value_loss=1.508657 policy_loss=-0.486456
[step 16950] VALUE_DEBUG: target(mean=-10.49 std=7.52 min=-20.01 max=4.99) V(s)(mean=-10.25 std=7.25) reward(mean=-0.063 std=1.399) clip=50.0
[DEBUG] train_step 16950: starting episode collection
[DEBUG] train_step 16950: episodes collected, starting value_update
[DEBUG] train_step 16950: value_update done, starting policy_update
[DEBUG] train_step 16950: policy_update done
[step 17000] opnorm clamp applied
[step 17000] value_loss=9.317659 policy_loss=0.147783
[step 17000] VALUE_DEBUG: target(mean=-7.81 std=9.61 min=-22.42 max=10.99) V(s)(mean=-7.85 std=8.62) reward(mean=-0.896 std=5.685) clip=50.0
[step 17000] eval_success_rate=0.320 eval_mean_score=13.920 eval_policy_mode=greedy [solved=16/50, score_range=10.00-16.00/16.0, initial=9.00]
[step 17000] PROGRESS: filled=13.92 violations=0.00 zero_cand=0.00
[step 17000] DEBUG: ep_len=12.9 ep_ret=-5.153 stop_prob=0.000 score_chg=4.8825
[Checkpoint] Saved to buiksat_trm/checkpoints/table3_hard_6to8_controlled_nomask_c_r10_s0/rl_checkpoint_step_17000.pt
[DEBUG] train_step 17000: starting episode collection
[DEBUG] train_step 17000: episodes collected, starting value_update
[DEBUG] train_step 17000: value_update done, starting policy_update
[DEBUG] train_step 17000: policy_update done
[step 17050] value_loss=3.014434 policy_loss=-0.270499
[step 17050] VALUE_DEBUG: target(mean=-7.47 std=7.84 min=-16.59 max=6.98) V(s)(mean=-7.36 std=8.03) reward(mean=-0.150 std=3.617) clip=50.0
[DEBUG] train_step 17050: starting episode collection
[DEBUG] train_step 17050: episodes collected, starting value_update
[DEBUG] train_step 17050: value_update done, starting policy_update
[DEBUG] train_step 17050: policy_update done
[step 17100] opnorm clamp applied
[step 17100] value_loss=4.715906 policy_loss=-0.308891
[step 17100] VALUE_DEBUG: target(mean=-6.55 std=8.92 min=-20.23 max=6.25) V(s)(mean=-5.91 std=8.25) reward(mean=-0.624 std=3.462) clip=50.0
[step 17100] eval_success_rate=0.320 eval_mean_score=14.160 eval_policy_mode=greedy [solved=16/50, score_range=10.00-16.00/16.0, initial=9.00]
[step 17100] PROGRESS: filled=14.16 violations=0.00 zero_cand=0.00
[step 17100] DEBUG: ep_len=12.9 ep_ret=-4.818 stop_prob=0.000 score_chg=5.1025
[DEBUG] train_step 17100: starting episode collection
[DEBUG] train_step 17100: episodes collected, starting value_update
[DEBUG] train_step 17100: value_update done, starting policy_update
[DEBUG] train_step 17100: policy_update done
[step 17150] value_loss=2.366475 policy_loss=-0.204421
[step 17150] VALUE_DEBUG: target(mean=-5.14 std=8.07 min=-17.41 max=5.76) V(s)(mean=-5.17 std=8.34) reward(mean=0.626 std=1.833) clip=50.0
[DEBUG] train_step 17150: starting episode collection
[DEBUG] train_step 17150: episodes collected, starting value_update
[DEBUG] train_step 17150: value_update done, starting policy_update
[DEBUG] train_step 17150: policy_update done
[step 17200] opnorm clamp applied
[step 17200] value_loss=1.421175 policy_loss=-1.052231
[step 17200] VALUE_DEBUG: target(mean=-10.10 std=7.13 min=-17.18 max=5.55) V(s)(mean=-10.34 std=7.08) reward(mean=-0.027 std=3.432) clip=50.0
[step 17200] eval_success_rate=0.280 eval_mean_score=14.120 eval_policy_mode=greedy [solved=14/50, score_range=11.00-16.00/16.0, initial=9.00]
[step 17200] PROGRESS: filled=14.12 violations=0.00 zero_cand=0.00
[step 17200] DEBUG: ep_len=13.3 ep_ret=-5.618 stop_prob=0.000 score_chg=4.9775
[DEBUG] train_step 17200: starting episode collection
[DEBUG] train_step 17200: episodes collected, starting value_update
[DEBUG] train_step 17200: value_update done, starting policy_update
[DEBUG] train_step 17200: policy_update done
[step 17250] value_loss=7.711279 policy_loss=-0.563939
[step 17250] VALUE_DEBUG: target(mean=-7.49 std=8.96 min=-20.16 max=12.35) V(s)(mean=-7.66 std=8.19) reward(mean=0.628 std=2.918) clip=50.0
[DEBUG] train_step 17250: starting episode collection
[DEBUG] train_step 17250: episodes collected, starting value_update
[DEBUG] train_step 17250: value_update done, starting policy_update
[DEBUG] train_step 17250: policy_update done
[step 17300] opnorm clamp applied
[step 17300] value_loss=1.732566 policy_loss=-0.470469
[step 17300] VALUE_DEBUG: target(mean=-9.03 std=8.84 min=-19.67 max=9.01) V(s)(mean=-9.08 std=8.31) reward(mean=-1.176 std=5.022) clip=50.0
[step 17300] eval_success_rate=0.260 eval_mean_score=13.880 eval_policy_mode=greedy [solved=13/50, score_range=10.00-16.00/16.0, initial=9.00]
[step 17300] PROGRESS: filled=13.88 violations=0.00 zero_cand=0.00
[step 17300] DEBUG: ep_len=13.3 ep_ret=-5.294 stop_prob=0.000 score_chg=4.9250
[DEBUG] train_step 17300: starting episode collection
[DEBUG] train_step 17300: episodes collected, starting value_update
[DEBUG] train_step 17300: value_update done, starting policy_update
[DEBUG] train_step 17300: policy_update done
[step 17350] value_loss=2.722789 policy_loss=-0.005074
[step 17350] VALUE_DEBUG: target(mean=-8.16 std=8.36 min=-20.57 max=6.01) V(s)(mean=-7.83 std=8.10) reward(mean=-0.208 std=3.475) clip=50.0
[DEBUG] train_step 17350: starting episode collection
[DEBUG] train_step 17350: episodes collected, starting value_update
[DEBUG] train_step 17350: value_update done, starting policy_update
[DEBUG] train_step 17350: policy_update done
[step 17400] opnorm clamp applied
[step 17400] value_loss=3.653538 policy_loss=-0.533278
[step 17400] VALUE_DEBUG: target(mean=-6.74 std=9.25 min=-16.36 max=13.49) V(s)(mean=-7.32 std=8.61) reward(mean=-0.437 std=4.827) clip=50.0
[step 17400] eval_success_rate=0.340 eval_mean_score=13.920 eval_policy_mode=greedy [solved=17/50, score_range=10.00-16.00/16.0, initial=9.00]
[step 17400] PROGRESS: filled=13.92 violations=0.00 zero_cand=0.00
[step 17400] DEBUG: ep_len=13.0 ep_ret=-4.802 stop_prob=0.000 score_chg=4.8300
[DEBUG] train_step 17400: starting episode collection
[DEBUG] train_step 17400: episodes collected, starting value_update
[DEBUG] train_step 17400: value_update done, starting policy_update
[DEBUG] train_step 17400: policy_update done
[step 17450] value_loss=3.923734 policy_loss=0.858088
[step 17450] VALUE_DEBUG: target(mean=-9.00 std=8.67 min=-18.58 max=13.81) V(s)(mean=-9.35 std=7.81) reward(mean=0.344 std=3.655) clip=50.0
[DEBUG] train_step 17450: starting episode collection
[DEBUG] train_step 17450: episodes collected, starting value_update
[DEBUG] train_step 17450: value_update done, starting policy_update
[DEBUG] train_step 17450: policy_update done
[step 17500] opnorm clamp applied
[step 17500] value_loss=4.797903 policy_loss=-0.728403
[step 17500] VALUE_DEBUG: target(mean=-6.97 std=9.64 min=-17.39 max=10.74) V(s)(mean=-7.26 std=8.62) reward(mean=-0.835 std=5.155) clip=50.0
[step 17500] eval_success_rate=0.320 eval_mean_score=13.800 eval_policy_mode=greedy [solved=16/50, score_range=10.00-16.00/16.0, initial=9.00]
[step 17500] PROGRESS: filled=13.80 violations=0.00 zero_cand=0.00
[step 17500] DEBUG: ep_len=12.9 ep_ret=-4.593 stop_prob=0.000 score_chg=5.1400
[DEBUG] train_step 17500: starting episode collection
[DEBUG] train_step 17500: episodes collected, starting value_update
[DEBUG] train_step 17500: value_update done, starting policy_update
[DEBUG] train_step 17500: policy_update done
[step 17550] value_loss=2.338917 policy_loss=0.055659
[step 17550] VALUE_DEBUG: target(mean=-7.50 std=8.81 min=-18.33 max=10.08) V(s)(mean=-7.83 std=8.36) reward(mean=-0.860 std=4.374) clip=50.0
[DEBUG] train_step 17550: starting episode collection
[DEBUG] train_step 17550: episodes collected, starting value_update
[DEBUG] train_step 17550: value_update done, starting policy_update
[DEBUG] train_step 17550: policy_update done
[step 17600] opnorm clamp applied
[step 17600] value_loss=5.855042 policy_loss=-0.022041
[step 17600] VALUE_DEBUG: target(mean=-7.74 std=8.67 min=-19.00 max=6.81) V(s)(mean=-8.14 std=8.58) reward(mean=0.129 std=3.513) clip=50.0
[step 17600] eval_success_rate=0.320 eval_mean_score=13.700 eval_policy_mode=greedy [solved=16/50, score_range=10.00-16.00/16.0, initial=9.00]
[step 17600] PROGRESS: filled=13.70 violations=0.00 zero_cand=0.00
[step 17600] DEBUG: ep_len=12.9 ep_ret=-4.769 stop_prob=0.000 score_chg=5.0925
[DEBUG] train_step 17600: starting episode collection
[DEBUG] train_step 17600: episodes collected, starting value_update
[DEBUG] train_step 17600: value_update done, starting policy_update
[DEBUG] train_step 17600: policy_update done
[step 17650] value_loss=6.676058 policy_loss=-0.605284
[step 17650] VALUE_DEBUG: target(mean=-7.45 std=9.17 min=-20.79 max=9.52) V(s)(mean=-8.11 std=8.70) reward(mean=-0.090 std=4.274) clip=50.0
[DEBUG] train_step 17650: starting episode collection
[DEBUG] train_step 17650: episodes collected, starting value_update
[DEBUG] train_step 17650: value_update done, starting policy_update
[DEBUG] train_step 17650: policy_update done
[step 17700] opnorm clamp applied
[step 17700] value_loss=8.682446 policy_loss=1.152862
[step 17700] VALUE_DEBUG: target(mean=-7.56 std=9.87 min=-25.59 max=6.44) V(s)(mean=-6.43 std=8.82) reward(mean=-1.359 std=3.958) clip=50.0
[step 17700] eval_success_rate=0.360 eval_mean_score=13.900 eval_policy_mode=greedy [solved=18/50, score_range=10.00-16.00/16.0, initial=9.00]
[step 17700] PROGRESS: filled=13.90 violations=0.00 zero_cand=0.00
[step 17700] DEBUG: ep_len=12.9 ep_ret=-4.786 stop_prob=0.000 score_chg=5.1025
[DEBUG] train_step 17700: starting episode collection
[DEBUG] train_step 17700: episodes collected, starting value_update
[DEBUG] train_step 17700: value_update done, starting policy_update
[DEBUG] train_step 17700: policy_update done
[step 17750] value_loss=3.521900 policy_loss=-0.075399
[step 17750] VALUE_DEBUG: target(mean=-7.93 std=8.50 min=-21.20 max=8.35) V(s)(mean=-7.97 std=8.30) reward(mean=-0.248 std=3.642) clip=50.0
[DEBUG] train_step 17750: starting episode collection
[DEBUG] train_step 17750: episodes collected, starting value_update
[DEBUG] train_step 17750: value_update done, starting policy_update
[DEBUG] train_step 17750: policy_update done
[step 17800] opnorm clamp applied
[step 17800] value_loss=15.460361 policy_loss=0.316526
[step 17800] VALUE_DEBUG: target(mean=-8.34 std=9.11 min=-20.99 max=10.75) V(s)(mean=-7.52 std=8.71) reward(mean=-0.895 std=4.863) clip=50.0
[step 17800] eval_success_rate=0.360 eval_mean_score=13.560 eval_policy_mode=greedy [solved=18/50, score_range=10.00-16.00/16.0, initial=9.00]
[step 17800] PROGRESS: filled=13.56 violations=0.00 zero_cand=0.00
[step 17800] DEBUG: ep_len=13.0 ep_ret=-4.744 stop_prob=0.000 score_chg=5.1575
[DEBUG] train_step 17800: starting episode collection
[DEBUG] train_step 17800: episodes collected, starting value_update
[DEBUG] train_step 17800: value_update done, starting policy_update
[DEBUG] train_step 17800: policy_update done
[step 17850] value_loss=13.672198 policy_loss=-0.636585
[step 17850] VALUE_DEBUG: target(mean=-5.05 std=9.75 min=-18.17 max=13.61) V(s)(mean=-5.90 std=9.50) reward(mean=0.162 std=4.123) clip=50.0
[DEBUG] train_step 17850: starting episode collection
[DEBUG] train_step 17850: episodes collected, starting value_update
[DEBUG] train_step 17850: value_update done, starting policy_update
[DEBUG] train_step 17850: policy_update done
[step 17900] opnorm clamp applied
[step 17900] value_loss=2.475376 policy_loss=0.457146
[step 17900] VALUE_DEBUG: target(mean=-8.16 std=8.34 min=-16.89 max=6.51) V(s)(mean=-7.79 std=8.64) reward(mean=-0.219 std=2.094) clip=50.0
[step 17900] eval_success_rate=0.360 eval_mean_score=13.520 eval_policy_mode=greedy [solved=18/50, score_range=10.00-16.00/16.0, initial=9.00]
[step 17900] PROGRESS: filled=13.52 violations=0.00 zero_cand=0.00
[step 17900] DEBUG: ep_len=13.1 ep_ret=-5.831 stop_prob=0.000 score_chg=4.8325
[DEBUG] train_step 17900: starting episode collection
[DEBUG] train_step 17900: episodes collected, starting value_update
[DEBUG] train_step 17900: value_update done, starting policy_update
[DEBUG] train_step 17900: policy_update done
[step 17950] value_loss=3.111761 policy_loss=-0.565599
[step 17950] VALUE_DEBUG: target(mean=-7.26 std=9.49 min=-17.00 max=11.68) V(s)(mean=-7.99 std=8.91) reward(mean=0.847 std=1.795) clip=50.0
[DEBUG] train_step 17950: starting episode collection
[DEBUG] train_step 17950: episodes collected, starting value_update
[DEBUG] train_step 17950: value_update done, starting policy_update
[DEBUG] train_step 17950: policy_update done
[step 18000] opnorm clamp applied
[step 18000] value_loss=0.513978 policy_loss=0.058683
[step 18000] VALUE_DEBUG: target(mean=-6.97 std=8.51 min=-18.42 max=6.50) V(s)(mean=-7.15 std=8.54) reward(mean=0.252 std=1.449) clip=50.0
[step 18000] eval_success_rate=0.320 eval_mean_score=13.480 eval_policy_mode=greedy [solved=16/50, score_range=10.00-16.00/16.0, initial=9.00]
[step 18000] PROGRESS: filled=13.48 violations=0.00 zero_cand=0.00
[step 18000] DEBUG: ep_len=13.2 ep_ret=-5.750 stop_prob=0.000 score_chg=5.0750
[Checkpoint] Saved to buiksat_trm/checkpoints/table3_hard_6to8_controlled_nomask_c_r10_s0/rl_checkpoint_step_18000.pt
[DEBUG] train_step 18000: starting episode collection
[DEBUG] train_step 18000: episodes collected, starting value_update
[DEBUG] train_step 18000: value_update done, starting policy_update
[DEBUG] train_step 18000: policy_update done
[step 18050] value_loss=5.357464 policy_loss=0.015037
[step 18050] VALUE_DEBUG: target(mean=-5.17 std=9.67 min=-17.10 max=14.40) V(s)(mean=-5.28 std=8.94) reward(mean=-0.114 std=3.883) clip=50.0
[DEBUG] train_step 18050: starting episode collection
[DEBUG] train_step 18050: episodes collected, starting value_update
[DEBUG] train_step 18050: value_update done, starting policy_update
[DEBUG] train_step 18050: policy_update done
[step 18100] opnorm clamp applied
[step 18100] value_loss=1.615606 policy_loss=0.046332
[step 18100] VALUE_DEBUG: target(mean=-7.89 std=8.44 min=-17.15 max=6.93) V(s)(mean=-7.52 std=8.44) reward(mean=-0.810 std=4.150) clip=50.0
[step 18100] eval_success_rate=0.320 eval_mean_score=13.560 eval_policy_mode=greedy [solved=16/50, score_range=10.00-16.00/16.0, initial=9.00]
[step 18100] PROGRESS: filled=13.56 violations=0.00 zero_cand=0.00
[step 18100] DEBUG: ep_len=12.9 ep_ret=-4.929 stop_prob=0.000 score_chg=5.1125
[DEBUG] train_step 18100: starting episode collection
[DEBUG] train_step 18100: episodes collected, starting value_update
[DEBUG] train_step 18100: value_update done, starting policy_update
[DEBUG] train_step 18100: policy_update done
[step 18150] value_loss=4.107135 policy_loss=-0.641892
[step 18150] VALUE_DEBUG: target(mean=-6.51 std=8.33 min=-18.45 max=5.28) V(s)(mean=-6.50 std=8.87) reward(mean=-0.992 std=4.389) clip=50.0
[DEBUG] train_step 18150: starting episode collection
[DEBUG] train_step 18150: episodes collected, starting value_update
[DEBUG] train_step 18150: value_update done, starting policy_update
[DEBUG] train_step 18150: policy_update done
[step 18200] opnorm clamp applied
[step 18200] value_loss=4.534157 policy_loss=-0.464556
[step 18200] VALUE_DEBUG: target(mean=-6.92 std=8.54 min=-16.95 max=6.74) V(s)(mean=-6.57 std=8.59) reward(mean=-0.466 std=3.575) clip=50.0
[step 18200] eval_success_rate=0.380 eval_mean_score=13.440 eval_policy_mode=greedy [solved=19/50, score_range=10.00-16.00/16.0, initial=9.00]
[step 18200] PROGRESS: filled=13.44 violations=0.00 zero_cand=0.00
[step 18200] DEBUG: ep_len=12.7 ep_ret=-3.964 stop_prob=0.000 score_chg=5.3475
[DEBUG] train_step 18200: starting episode collection
[DEBUG] train_step 18200: episodes collected, starting value_update
[DEBUG] train_step 18200: value_update done, starting policy_update
[DEBUG] train_step 18200: policy_update done
[step 18250] value_loss=20.267637 policy_loss=-0.284372
[step 18250] VALUE_DEBUG: target(mean=-7.29 std=8.57 min=-22.09 max=6.23) V(s)(mean=-6.55 std=8.61) reward(mean=-1.372 std=5.869) clip=50.0
[DEBUG] train_step 18250: starting episode collection
[DEBUG] train_step 18250: episodes collected, starting value_update
[DEBUG] train_step 18250: value_update done, starting policy_update
[DEBUG] train_step 18250: policy_update done
[step 18300] opnorm clamp applied
[step 18300] value_loss=2.565958 policy_loss=0.710124
[step 18300] VALUE_DEBUG: target(mean=-7.49 std=9.15 min=-18.67 max=6.96) V(s)(mean=-7.72 std=8.59) reward(mean=0.312 std=3.815) clip=50.0
[step 18300] eval_success_rate=0.380 eval_mean_score=13.520 eval_policy_mode=greedy [solved=19/50, score_range=10.00-16.00/16.0, initial=9.00]
[step 18300] PROGRESS: filled=13.52 violations=0.00 zero_cand=0.00
[step 18300] DEBUG: ep_len=12.8 ep_ret=-4.420 stop_prob=0.000 score_chg=4.9950
[DEBUG] train_step 18300: starting episode collection
[DEBUG] train_step 18300: episodes collected, starting value_update
[DEBUG] train_step 18300: value_update done, starting policy_update
[DEBUG] train_step 18300: policy_update done
[step 18350] value_loss=1.693883 policy_loss=0.112147
[step 18350] VALUE_DEBUG: target(mean=-6.88 std=9.43 min=-16.61 max=7.84) V(s)(mean=-7.38 std=9.21) reward(mean=-0.311 std=4.319) clip=50.0
[DEBUG] train_step 18350: starting episode collection
[DEBUG] train_step 18350: episodes collected, starting value_update
[DEBUG] train_step 18350: value_update done, starting policy_update
[DEBUG] train_step 18350: policy_update done
[step 18400] opnorm clamp applied
[step 18400] value_loss=3.422983 policy_loss=-0.371706
[step 18400] VALUE_DEBUG: target(mean=-7.10 std=8.88 min=-18.93 max=6.84) V(s)(mean=-7.22 std=8.28) reward(mean=0.344 std=2.278) clip=50.0
[step 18400] eval_success_rate=0.340 eval_mean_score=13.360 eval_policy_mode=greedy [solved=17/50, score_range=10.00-16.00/16.0, initial=9.00]
[step 18400] PROGRESS: filled=13.36 violations=0.00 zero_cand=0.00
[step 18400] DEBUG: ep_len=12.8 ep_ret=-4.778 stop_prob=0.000 score_chg=4.9025
[DEBUG] train_step 18400: starting episode collection
[DEBUG] train_step 18400: episodes collected, starting value_update
[DEBUG] train_step 18400: value_update done, starting policy_update
[DEBUG] train_step 18400: policy_update done
[step 18450] value_loss=11.694868 policy_loss=0.316928
[step 18450] VALUE_DEBUG: target(mean=-7.36 std=9.87 min=-22.60 max=7.22) V(s)(mean=-7.19 std=8.74) reward(mean=-2.281 std=6.487) clip=50.0
[DEBUG] train_step 18450: starting episode collection
[DEBUG] train_step 18450: episodes collected, starting value_update
[DEBUG] train_step 18450: value_update done, starting policy_update
[DEBUG] train_step 18450: policy_update done
[step 18500] opnorm clamp applied
[step 18500] value_loss=7.633595 policy_loss=-0.253918
[step 18500] VALUE_DEBUG: target(mean=-8.39 std=9.57 min=-19.00 max=15.14) V(s)(mean=-8.98 std=8.26) reward(mean=-0.149 std=5.154) clip=50.0
[step 18500] eval_success_rate=0.280 eval_mean_score=13.260 eval_policy_mode=greedy [solved=14/50, score_range=10.00-16.00/16.0, initial=9.00]
[step 18500] PROGRESS: filled=13.26 violations=0.00 zero_cand=0.00
[step 18500] DEBUG: ep_len=13.6 ep_ret=-6.207 stop_prob=0.000 score_chg=4.9425
[DEBUG] train_step 18500: starting episode collection
[DEBUG] train_step 18500: episodes collected, starting value_update
[DEBUG] train_step 18500: value_update done, starting policy_update
[DEBUG] train_step 18500: policy_update done
[step 18550] value_loss=3.405406 policy_loss=-0.556527
[step 18550] VALUE_DEBUG: target(mean=-6.89 std=9.33 min=-17.77 max=8.24) V(s)(mean=-7.19 std=9.23) reward(mean=0.533 std=2.579) clip=50.0
[DEBUG] train_step 18550: starting episode collection
[DEBUG] train_step 18550: episodes collected, starting value_update
[DEBUG] train_step 18550: value_update done, starting policy_update
[DEBUG] train_step 18550: policy_update done
[step 18600] opnorm clamp applied
[step 18600] value_loss=1.912834 policy_loss=-0.267659
[step 18600] VALUE_DEBUG: target(mean=-5.80 std=9.12 min=-18.79 max=9.20) V(s)(mean=-6.29 std=8.98) reward(mean=0.753 std=1.426) clip=50.0
[step 18600] eval_success_rate=0.280 eval_mean_score=13.320 eval_policy_mode=greedy [solved=14/50, score_range=10.00-16.00/16.0, initial=9.00]
[step 18600] PROGRESS: filled=13.32 violations=0.00 zero_cand=0.00
[step 18600] DEBUG: ep_len=13.1 ep_ret=-5.325 stop_prob=0.000 score_chg=4.8700
[DEBUG] train_step 18600: starting episode collection
[DEBUG] train_step 18600: episodes collected, starting value_update
[DEBUG] train_step 18600: value_update done, starting policy_update
[DEBUG] train_step 18600: policy_update done
[step 18650] value_loss=4.837278 policy_loss=-0.592647
[step 18650] VALUE_DEBUG: target(mean=-7.42 std=8.16 min=-20.02 max=6.19) V(s)(mean=-6.88 std=8.51) reward(mean=-1.179 std=4.604) clip=50.0
[DEBUG] train_step 18650: starting episode collection
[DEBUG] train_step 18650: episodes collected, starting value_update
[DEBUG] train_step 18650: value_update done, starting policy_update
[DEBUG] train_step 18650: policy_update done
[step 18700] opnorm clamp applied
[step 18700] value_loss=1.506678 policy_loss=0.506163
[step 18700] VALUE_DEBUG: target(mean=-10.04 std=8.36 min=-20.00 max=5.77) V(s)(mean=-9.80 std=8.09) reward(mean=-1.177 std=4.216) clip=50.0
[step 18700] eval_success_rate=0.320 eval_mean_score=13.460 eval_policy_mode=greedy [solved=16/50, score_range=10.00-16.00/16.0, initial=9.00]
[step 18700] PROGRESS: filled=13.46 violations=0.00 zero_cand=0.00
[step 18700] DEBUG: ep_len=12.8 ep_ret=-4.041 stop_prob=0.000 score_chg=5.1225
[DEBUG] train_step 18700: starting episode collection
[DEBUG] train_step 18700: episodes collected, starting value_update
[DEBUG] train_step 18700: value_update done, starting policy_update
[DEBUG] train_step 18700: policy_update done
[step 18750] value_loss=5.926360 policy_loss=0.437760
[step 18750] VALUE_DEBUG: target(mean=-7.43 std=9.04 min=-20.59 max=7.97) V(s)(mean=-7.62 std=8.38) reward(mean=0.312 std=2.925) clip=50.0
[DEBUG] train_step 18750: starting episode collection
[DEBUG] train_step 18750: episodes collected, starting value_update
[DEBUG] train_step 18750: value_update done, starting policy_update
[DEBUG] train_step 18750: policy_update done
[step 18800] opnorm clamp applied
[step 18800] value_loss=3.557317 policy_loss=0.055976
[step 18800] VALUE_DEBUG: target(mean=-9.54 std=8.99 min=-22.07 max=6.99) V(s)(mean=-9.44 std=8.30) reward(mean=-0.558 std=3.830) clip=50.0
[step 18800] eval_success_rate=0.320 eval_mean_score=13.520 eval_policy_mode=greedy [solved=16/50, score_range=10.00-16.00/16.0, initial=9.00]
[step 18800] PROGRESS: filled=13.52 violations=0.00 zero_cand=0.00
[step 18800] DEBUG: ep_len=12.7 ep_ret=-3.804 stop_prob=0.000 score_chg=5.3800
[DEBUG] train_step 18800: starting episode collection
[DEBUG] train_step 18800: episodes collected, starting value_update
[DEBUG] train_step 18800: value_update done, starting policy_update
[DEBUG] train_step 18800: policy_update done
[step 18850] value_loss=7.838760 policy_loss=-0.029609
[step 18850] VALUE_DEBUG: target(mean=-6.26 std=8.46 min=-21.55 max=5.89) V(s)(mean=-5.85 std=8.23) reward(mean=-0.428 std=3.924) clip=50.0
[DEBUG] train_step 18850: starting episode collection
[DEBUG] train_step 18850: episodes collected, starting value_update
[DEBUG] train_step 18850: value_update done, starting policy_update
[DEBUG] train_step 18850: policy_update done
[step 18900] opnorm clamp applied
[step 18900] value_loss=6.128479 policy_loss=-0.097128
[step 18900] VALUE_DEBUG: target(mean=-6.31 std=9.03 min=-24.16 max=9.17) V(s)(mean=-5.94 std=8.43) reward(mean=0.013 std=2.769) clip=50.0
[step 18900] eval_success_rate=0.260 eval_mean_score=13.400 eval_policy_mode=greedy [solved=13/50, score_range=9.00-16.00/16.0, initial=9.00]
[step 18900] PROGRESS: filled=13.40 violations=0.00 zero_cand=0.00
[step 18900] DEBUG: ep_len=12.8 ep_ret=-3.883 stop_prob=0.000 score_chg=5.3350
[DEBUG] train_step 18900: starting episode collection
[DEBUG] train_step 18900: episodes collected, starting value_update
[DEBUG] train_step 18900: value_update done, starting policy_update
[DEBUG] train_step 18900: policy_update done
[step 18950] value_loss=3.499476 policy_loss=-0.545879
[step 18950] VALUE_DEBUG: target(mean=-5.49 std=9.06 min=-18.34 max=6.50) V(s)(mean=-5.79 std=8.80) reward(mean=0.387 std=3.119) clip=50.0
[DEBUG] train_step 18950: starting episode collection
[DEBUG] train_step 18950: episodes collected, starting value_update
[DEBUG] train_step 18950: value_update done, starting policy_update
[DEBUG] train_step 18950: policy_update done
[step 19000] opnorm clamp applied
[step 19000] value_loss=5.924791 policy_loss=0.034136
[step 19000] VALUE_DEBUG: target(mean=-8.90 std=8.81 min=-19.35 max=10.70) V(s)(mean=-9.12 std=8.38) reward(mean=0.419 std=2.983) clip=50.0
[step 19000] eval_success_rate=0.340 eval_mean_score=13.660 eval_policy_mode=greedy [solved=17/50, score_range=9.00-16.00/16.0, initial=9.00]
[step 19000] PROGRESS: filled=13.66 violations=0.00 zero_cand=0.00
[step 19000] DEBUG: ep_len=12.7 ep_ret=-3.876 stop_prob=0.000 score_chg=5.4325
[Checkpoint] Saved to buiksat_trm/checkpoints/table3_hard_6to8_controlled_nomask_c_r10_s0/rl_checkpoint_step_19000.pt
[DEBUG] train_step 19000: starting episode collection
[DEBUG] train_step 19000: episodes collected, starting value_update
[DEBUG] train_step 19000: value_update done, starting policy_update
[DEBUG] train_step 19000: policy_update done
[step 19050] value_loss=16.078880 policy_loss=-0.172163
[step 19050] VALUE_DEBUG: target(mean=-8.39 std=9.06 min=-22.71 max=5.40) V(s)(mean=-8.79 std=8.42) reward(mean=-1.426 std=5.706) clip=50.0
[DEBUG] train_step 19050: starting episode collection
[DEBUG] train_step 19050: episodes collected, starting value_update
[DEBUG] train_step 19050: value_update done, starting policy_update
[DEBUG] train_step 19050: policy_update done
[step 19100] opnorm clamp applied
[step 19100] value_loss=3.441535 policy_loss=-0.373697
[step 19100] VALUE_DEBUG: target(mean=-8.43 std=7.86 min=-19.94 max=5.38) V(s)(mean=-7.76 std=7.43) reward(mean=-2.055 std=5.062) clip=50.0
[step 19100] eval_success_rate=0.300 eval_mean_score=13.180 eval_policy_mode=greedy [solved=15/50, score_range=9.00-16.00/16.0, initial=9.00]
[step 19100] PROGRESS: filled=13.18 violations=0.00 zero_cand=0.00
[step 19100] DEBUG: ep_len=12.9 ep_ret=-4.165 stop_prob=0.000 score_chg=5.2025
[DEBUG] train_step 19100: starting episode collection
[DEBUG] train_step 19100: episodes collected, starting value_update
[DEBUG] train_step 19100: value_update done, starting policy_update
[DEBUG] train_step 19100: policy_update done
[step 19150] value_loss=9.217728 policy_loss=0.001603
[step 19150] VALUE_DEBUG: target(mean=-7.05 std=9.10 min=-21.81 max=7.38) V(s)(mean=-6.14 std=8.65) reward(mean=-1.023 std=4.290) clip=50.0
[DEBUG] train_step 19150: starting episode collection
[DEBUG] train_step 19150: episodes collected, starting value_update
[DEBUG] train_step 19150: value_update done, starting policy_update
[DEBUG] train_step 19150: policy_update done
[step 19200] opnorm clamp applied
[step 19200] value_loss=14.085381 policy_loss=0.881549
[step 19200] VALUE_DEBUG: target(mean=-5.63 std=8.59 min=-16.96 max=7.33) V(s)(mean=-4.88 std=8.66) reward(mean=-0.432 std=3.811) clip=50.0
[step 19200] eval_success_rate=0.260 eval_mean_score=13.140 eval_policy_mode=greedy [solved=13/50, score_range=9.00-16.00/16.0, initial=9.00]
[step 19200] PROGRESS: filled=13.14 violations=0.00 zero_cand=0.00
[step 19200] DEBUG: ep_len=12.6 ep_ret=-3.362 stop_prob=0.000 score_chg=5.2300
[DEBUG] train_step 19200: starting episode collection
[DEBUG] train_step 19200: episodes collected, starting value_update
[DEBUG] train_step 19200: value_update done, starting policy_update
[DEBUG] train_step 19200: policy_update done
[step 19250] value_loss=6.446438 policy_loss=0.001334
[step 19250] VALUE_DEBUG: target(mean=-8.61 std=9.11 min=-18.88 max=16.67) V(s)(mean=-8.85 std=7.98) reward(mean=0.132 std=3.808) clip=50.0
[DEBUG] train_step 19250: starting episode collection
[DEBUG] train_step 19250: episodes collected, starting value_update
[DEBUG] train_step 19250: value_update done, starting policy_update
[DEBUG] train_step 19250: policy_update done
[step 19300] opnorm clamp applied
[step 19300] value_loss=13.470964 policy_loss=-0.948747
[step 19300] VALUE_DEBUG: target(mean=-6.16 std=8.97 min=-16.47 max=7.59) V(s)(mean=-7.06 std=8.38) reward(mean=-1.097 std=5.973) clip=50.0
[step 19300] eval_success_rate=0.320 eval_mean_score=13.320 eval_policy_mode=greedy [solved=16/50, score_range=9.00-16.00/16.0, initial=9.00]
[step 19300] PROGRESS: filled=13.32 violations=0.00 zero_cand=0.00
[step 19300] DEBUG: ep_len=12.8 ep_ret=-4.008 stop_prob=0.000 score_chg=5.1800
[DEBUG] train_step 19300: starting episode collection
[DEBUG] train_step 19300: episodes collected, starting value_update
[DEBUG] train_step 19300: value_update done, starting policy_update
[DEBUG] train_step 19300: policy_update done
[step 19350] value_loss=1.328643 policy_loss=0.250542
[step 19350] VALUE_DEBUG: target(mean=-7.46 std=8.75 min=-18.14 max=6.67) V(s)(mean=-7.42 std=8.67) reward(mean=0.103 std=1.375) clip=50.0
[DEBUG] train_step 19350: starting episode collection
[DEBUG] train_step 19350: episodes collected, starting value_update
[DEBUG] train_step 19350: value_update done, starting policy_update
[DEBUG] train_step 19350: policy_update done
[step 19400] opnorm clamp applied
[step 19400] value_loss=21.807610 policy_loss=-0.502569
[step 19400] VALUE_DEBUG: target(mean=-8.62 std=9.90 min=-26.08 max=13.79) V(s)(mean=-8.45 std=8.36) reward(mean=-0.520 std=5.084) clip=50.0
[step 19400] eval_success_rate=0.340 eval_mean_score=13.360 eval_policy_mode=greedy [solved=17/50, score_range=9.00-16.00/16.0, initial=9.00]
[step 19400] PROGRESS: filled=13.36 violations=0.00 zero_cand=0.00
[step 19400] DEBUG: ep_len=12.8 ep_ret=-4.768 stop_prob=0.000 score_chg=4.7975
[DEBUG] train_step 19400: starting episode collection
[DEBUG] train_step 19400: episodes collected, starting value_update
[DEBUG] train_step 19400: value_update done, starting policy_update
[DEBUG] train_step 19400: policy_update done
[step 19450] value_loss=6.257852 policy_loss=-0.745482
[step 19450] VALUE_DEBUG: target(mean=-8.27 std=8.44 min=-23.52 max=6.22) V(s)(mean=-7.82 std=8.61) reward(mean=-1.275 std=4.774) clip=50.0
[DEBUG] train_step 19450: starting episode collection
[DEBUG] train_step 19450: episodes collected, starting value_update
[DEBUG] train_step 19450: value_update done, starting policy_update
[DEBUG] train_step 19450: policy_update done
[step 19500] opnorm clamp applied
[step 19500] value_loss=6.436410 policy_loss=-0.138859
[step 19500] VALUE_DEBUG: target(mean=-9.19 std=8.58 min=-18.11 max=11.07) V(s)(mean=-9.32 std=8.29) reward(mean=0.072 std=4.033) clip=50.0
[step 19500] eval_success_rate=0.360 eval_mean_score=13.300 eval_policy_mode=greedy [solved=18/50, score_range=9.00-16.00/16.0, initial=9.00]
[step 19500] PROGRESS: filled=13.30 violations=0.00 zero_cand=0.00
[step 19500] DEBUG: ep_len=12.5 ep_ret=-3.339 stop_prob=0.000 score_chg=5.2425
[DEBUG] train_step 19500: starting episode collection
[DEBUG] train_step 19500: episodes collected, starting value_update
[DEBUG] train_step 19500: value_update done, starting policy_update
[DEBUG] train_step 19500: policy_update done
[step 19550] value_loss=3.148201 policy_loss=-0.167621
[step 19550] VALUE_DEBUG: target(mean=-7.47 std=9.62 min=-21.08 max=12.21) V(s)(mean=-7.39 std=8.86) reward(mean=-0.502 std=3.707) clip=50.0
[DEBUG] train_step 19550: starting episode collection
[DEBUG] train_step 19550: episodes collected, starting value_update
[DEBUG] train_step 19550: value_update done, starting policy_update
[DEBUG] train_step 19550: policy_update done
[step 19600] opnorm clamp applied
[step 19600] value_loss=1.042518 policy_loss=-0.305089
[step 19600] VALUE_DEBUG: target(mean=-8.32 std=7.92 min=-16.88 max=5.42) V(s)(mean=-8.61 std=7.92) reward(mean=-0.014 std=3.110) clip=50.0
[step 19600] eval_success_rate=0.360 eval_mean_score=13.180 eval_policy_mode=greedy [solved=18/50, score_range=9.00-16.00/16.0, initial=9.00]
[step 19600] PROGRESS: filled=13.18 violations=0.00 zero_cand=0.00
[step 19600] DEBUG: ep_len=12.9 ep_ret=-4.744 stop_prob=0.000 score_chg=5.0225
[DEBUG] train_step 19600: starting episode collection
[DEBUG] train_step 19600: episodes collected, starting value_update
[DEBUG] train_step 19600: value_update done, starting policy_update
[DEBUG] train_step 19600: policy_update done
[step 19650] value_loss=17.133913 policy_loss=-0.011518
[step 19650] VALUE_DEBUG: target(mean=-10.50 std=7.69 min=-21.66 max=4.89) V(s)(mean=-9.44 std=7.56) reward(mean=-0.771 std=4.508) clip=50.0
[DEBUG] train_step 19650: starting episode collection
[DEBUG] train_step 19650: episodes collected, starting value_update
[DEBUG] train_step 19650: value_update done, starting policy_update
[DEBUG] train_step 19650: policy_update done
[step 19700] opnorm clamp applied
[step 19700] value_loss=11.791256 policy_loss=-0.018512
[step 19700] VALUE_DEBUG: target(mean=-6.97 std=9.65 min=-18.74 max=13.38) V(s)(mean=-6.26 std=9.12) reward(mean=-0.776 std=4.757) clip=50.0
[step 19700] eval_success_rate=0.360 eval_mean_score=13.420 eval_policy_mode=greedy [solved=18/50, score_range=9.00-16.00/16.0, initial=9.00]
[step 19700] PROGRESS: filled=13.42 violations=0.00 zero_cand=0.00
[step 19700] DEBUG: ep_len=12.9 ep_ret=-5.549 stop_prob=0.000 score_chg=4.6550
[DEBUG] train_step 19700: starting episode collection
[DEBUG] train_step 19700: episodes collected, starting value_update
[DEBUG] train_step 19700: value_update done, starting policy_update
[DEBUG] train_step 19700: policy_update done
[step 19750] value_loss=8.247536 policy_loss=-0.355917
[step 19750] VALUE_DEBUG: target(mean=-9.86 std=7.57 min=-25.76 max=4.41) V(s)(mean=-9.21 std=7.32) reward(mean=-0.958 std=4.389) clip=50.0
[DEBUG] train_step 19750: starting episode collection
[DEBUG] train_step 19750: episodes collected, starting value_update
[DEBUG] train_step 19750: value_update done, starting policy_update
[DEBUG] train_step 19750: policy_update done
[step 19800] opnorm clamp applied
[step 19800] value_loss=3.059697 policy_loss=-0.125753
[step 19800] VALUE_DEBUG: target(mean=-7.97 std=9.50 min=-24.96 max=9.70) V(s)(mean=-8.02 std=8.83) reward(mean=0.197 std=2.629) clip=50.0
[step 19800] eval_success_rate=0.320 eval_mean_score=13.260 eval_policy_mode=greedy [solved=16/50, score_range=9.00-16.00/16.0, initial=9.00]
[step 19800] PROGRESS: filled=13.26 violations=0.00 zero_cand=0.00
[step 19800] DEBUG: ep_len=12.7 ep_ret=-4.406 stop_prob=0.000 score_chg=5.0350
[DEBUG] train_step 19800: starting episode collection
[DEBUG] train_step 19800: episodes collected, starting value_update
[DEBUG] train_step 19800: value_update done, starting policy_update
[DEBUG] train_step 19800: policy_update done
[step 19850] value_loss=9.340187 policy_loss=-1.242321
[step 19850] VALUE_DEBUG: target(mean=-7.92 std=8.90 min=-20.32 max=5.44) V(s)(mean=-7.21 std=8.63) reward(mean=-1.300 std=4.882) clip=50.0
[DEBUG] train_step 19850: starting episode collection
[DEBUG] train_step 19850: episodes collected, starting value_update
[DEBUG] train_step 19850: value_update done, starting policy_update
[DEBUG] train_step 19850: policy_update done
[step 19900] opnorm clamp applied
[step 19900] value_loss=11.769735 policy_loss=0.178022
[step 19900] VALUE_DEBUG: target(mean=-9.83 std=8.02 min=-17.42 max=6.84) V(s)(mean=-10.54 std=7.36) reward(mean=0.717 std=1.436) clip=50.0
[step 19900] eval_success_rate=0.360 eval_mean_score=13.320 eval_policy_mode=greedy [solved=18/50, score_range=9.00-16.00/16.0, initial=9.00]
[step 19900] PROGRESS: filled=13.32 violations=0.00 zero_cand=0.00
[step 19900] DEBUG: ep_len=12.7 ep_ret=-4.345 stop_prob=0.000 score_chg=5.0575
[DEBUG] train_step 19900: starting episode collection
[DEBUG] train_step 19900: episodes collected, starting value_update
[DEBUG] train_step 19900: value_update done, starting policy_update
[DEBUG] train_step 19900: policy_update done
[step 19950] value_loss=1.644064 policy_loss=-0.150617
[step 19950] VALUE_DEBUG: target(mean=-5.89 std=9.16 min=-17.24 max=6.42) V(s)(mean=-5.68 std=8.87) reward(mean=-0.037 std=3.249) clip=50.0
[DEBUG] train_step 19950: starting episode collection
[DEBUG] train_step 19950: episodes collected, starting value_update
[DEBUG] train_step 19950: value_update done, starting policy_update
[DEBUG] train_step 19950: policy_update done
[step 20000] opnorm clamp applied
[step 20000] value_loss=9.309404 policy_loss=-0.330423
[step 20000] VALUE_DEBUG: target(mean=-7.89 std=8.36 min=-17.94 max=6.78) V(s)(mean=-7.33 std=8.26) reward(mean=-0.676 std=4.361) clip=50.0
[step 20000] eval_success_rate=0.360 eval_mean_score=13.380 eval_policy_mode=greedy [solved=18/50, score_range=9.00-16.00/16.0, initial=9.00]
[step 20000] PROGRESS: filled=13.38 violations=0.00 zero_cand=0.00
[step 20000] DEBUG: ep_len=12.6 ep_ret=-3.976 stop_prob=0.000 score_chg=5.2200
[Checkpoint] Saved to buiksat_trm/checkpoints/table3_hard_6to8_controlled_nomask_c_r10_s0/rl_checkpoint_step_20000.pt
[Checkpoint] Saved to buiksat_trm/checkpoints/table3_hard_6to8_controlled_nomask_c_r10_s0/rl_checkpoint_step_20000.pt
