[2026-04-08T20:43:53.284-07:00] Buck UI: https://www.internalfb.com/buck2/42a48fb6-38e1-46f4-a54e-12ee5a28d50b
[2026-04-08T20:43:53.503-07:00] Network: Up: 0B  Down: 0B
BUILD SUCCEEDED - starting your binary
[DATASET] dataset_paths=['buiksat_trm/data/sudoku-4x4-easy_6to8empties']
[DATASET] resolved_dataset_name=sudoku-4x4-easy_6to8empties
[DATASET] num_samples=32
[INFO] Using feasibility-aware Sudoku checker for 4x4
       score = filled - 2.0*violations - 5.0*zeroCand
       Max score: 16 (all filled, no violations)
[INFO] Training for 20000 steps (gamma=0.990, K=1, inner_unroll_n=2)
[INFO] Terminal rewards: solve=1.000, fail=-16.000
[INFO] Using TRM backbone (hidden=64, H=2, L=2)
[DEBUG] Policy head STOP bias: 0.00 (should be 0.0 for uniform init)
[INFO] Puzzle embeddings DISABLED (set --puzzle-emb-ndim > 0 to enable)
============================================================
TRAINER SELECTION
============================================================
INFO:2026-04-08 20:43:59 3769555:3769555 CuptiCallbackApi.cpp:69] Callback: domain = 3, cbid = 1
INFO:2026-04-08 20:43:59 3769555:3769555 CuptiActivityProfiler.cpp:93] CUDA versions. CUPTI: 22; Runtime: 12040; Driver: 12040
INFO:2026-04-08 20:43:59 3769555:3771471 FBConfig.cpp:330] Perfetto builder enabled: 1
INFO:2026-04-08 20:43:59 3769555:3771471 DynoConfigLoader.cpp:61] Setting communication fabric enabled = 0
INFO:2026-04-08 20:44:00 3769555:3771471 DynoConfigLoader.cpp:61] Setting communication fabric enabled = 0
TritonTraceHandler: disabled because /logs does not exist
===========[FB_TRITON]=========== Triton Version: 3.5.0+fb
[TRAINER] UPI-TRM (K=1, inner_n=2)
[TRAINER] CLI --baseline: None, YAML algorithm: None
============================================================

============================================================
UPI-TRM THEORY ALIGNMENT CHECK
============================================================
⚠ Configuration has theory gaps:
  • enable_contraction=False disables spectral normalization (Assumption 4.2). L_z < 1 contraction not enforced.
  • exact_baseline_summation=False: Using approximate baseline. This gives O(ε_A/(1-γ)) bound instead of O(α·ε_A) from Theorem 5.9. For discrete action spaces (Sudoku), enable for tighter bounds.
  • theory_exact_mixture=False: Using parameter-space interpolation for CPI, which is NOT equivalent to policy-space mixture. The CPI improvement guarantee does not strictly apply. Set theory_exact_mixture=True for theory-exact behavior (but slower due to evaluating two networks).

Theory status:
  Forward-invariant projection: ✓
  Contraction enforced (L_z < 1): ✗
  Exact baseline (Thm 5.9): ✗
  Distillation (not in theory): ✓ disabled

Is theory-exact: False
============================================================

UPI-TRM theoretical dials:
  L_z target (rl_cfg.target_Lz): 0.9
  L_V target (rl_cfg.target_Lv): 1.0
  Inner unroll n (rl_cfg.inner_unroll_n): 2
  K-step horizon K (rl_cfg.K): 1
  Mixture alpha (rl_cfg.mixture_alpha): 0.1
  Latent ball radius (rl_cfg.latent_ball_radius): 10.0
  Episodic latent: True
  Exact K-step targets: False
  Exact baseline summation: False

[INFO] STOP action mode: disabled
[INFO] Forward-invariant projection enabled (R=10.0)
[WandB] Disabled by default (enable with: --wandb)
[DEBUG] train_step 0: starting episode collection
[DEBUG] Action mask: 28 valid actions out of 97 total
[DEBUG] Latent mode: episodic
[DEBUG] Episode 0, Step 0: calling _mixed_policy_dist
[DEBUG] Step 0 probs: STOP=0.000000, edits=1.000000
[DEBUG] Top 5 action probs: torch.return_types.topk(
values=tensor([0.0448, 0.0440, 0.0416, 0.0402, 0.0398], device='cuda:0'),
indices=tensor([94,  4, 16, 35, 88], device='cuda:0'))
[DEBUG] Episode 0, Step 0 complete: action=95, reward=-6.0300, done=False
[DEBUG] Episode 0, Step 1: calling _mixed_policy_dist
[DEBUG] Episode 0, Step 1 complete: action=86, reward=-0.0300, done=False
[DEBUG] Episode 0, Step 2: calling _mixed_policy_dist
[DEBUG] Episode 0, Step 2 complete: action=5, reward=0.9600, done=False
[DEBUG] Episode 0, Step 3: calling _mixed_policy_dist
[DEBUG] Episode 0, Step 3 complete: action=15, reward=-3.0100, done=False
[DEBUG] Episode 0, Step 4: calling _mixed_policy_dist
[DEBUG] Episode 0, Step 4 complete: action=11, reward=-4.9600, done=False
[DEBUG] Episode 0 finished: 16 steps, done=True, reason=budget
[DEBUG] Episode 1, Step 0: calling _mixed_policy_dist
[DEBUG] Episode 1, Step 0 complete: action=94, reward=0.9100, done=False
[DEBUG] Episode 1, Step 1: calling _mixed_policy_dist
[DEBUG] Episode 1, Step 1 complete: action=82, reward=-6.0300, done=False
[DEBUG] Episode 1, Step 2: calling _mixed_policy_dist
[DEBUG] Episode 1, Step 2 complete: action=47, reward=-7.9500, done=False
[DEBUG] Episode 1, Step 3: calling _mixed_policy_dist
[DEBUG] Episode 1, Step 3 complete: action=27, reward=2.0300, done=False
[DEBUG] Episode 1, Step 4: calling _mixed_policy_dist
[DEBUG] Episode 1, Step 4 complete: action=62, reward=-4.9200, done=False
[DEBUG] Episode 1 finished: 16 steps, done=True, reason=budget
[DEBUG] Episode 2, Step 0: calling _mixed_policy_dist
[DEBUG] Episode 2, Step 0 complete: action=32, reward=0.9000, done=False
[DEBUG] Episode 2, Step 1: calling _mixed_policy_dist
[DEBUG] Episode 2, Step 1 complete: action=33, reward=-2.0800, done=False
[DEBUG] Episode 2, Step 2: calling _mixed_policy_dist
[DEBUG] Episode 2, Step 2 complete: action=9, reward=-3.0500, done=False
[DEBUG] Episode 2, Step 3: calling _mixed_policy_dist
[DEBUG] Episode 2, Step 3 complete: action=11, reward=-3.0200, done=False
[DEBUG] Episode 2, Step 4: calling _mixed_policy_dist
[DEBUG] Episode 2, Step 4 complete: action=88, reward=-7.9400, done=False
[DEBUG] Episode 2 finished: 16 steps, done=True, reason=budget
[DEBUG] Episode 3, Step 0: calling _mixed_policy_dist
[DEBUG] Episode 3, Step 0 complete: action=2, reward=-5.0400, done=False
[DEBUG] Episode 3, Step 1: calling _mixed_policy_dist
[DEBUG] Episode 3, Step 1 complete: action=68, reward=-4.9900, done=False
[DEBUG] Episode 3, Step 2: calling _mixed_policy_dist
[DEBUG] Episode 3, Step 2 complete: action=71, reward=0.0100, done=False
[DEBUG] Episode 3, Step 3: calling _mixed_policy_dist
[DEBUG] Episode 3, Step 3 complete: action=26, reward=-4.9400, done=False
[DEBUG] Episode 3, Step 4: calling _mixed_policy_dist
[DEBUG] Episode 3, Step 4 complete: action=76, reward=-0.9300, done=False
[DEBUG] Episode 3 finished: 16 steps, done=True, reason=budget
[DEBUG] train_step 0: episodes collected, starting value_update
[DEBUG] train_step 0: value_update done, starting policy_update
[DEBUG] train_step 0: policy_update done
[DEBUG] train_step 1: starting episode collection
[DEBUG] Episode 4, Step 0: calling _mixed_policy_dist
[DEBUG] Episode 4, Step 0 complete: action=17, reward=-6.0200, done=False
[DEBUG] Episode 4, Step 1: calling _mixed_policy_dist
[DEBUG] Episode 4, Step 1 complete: action=45, reward=-7.9400, done=False
[DEBUG] Episode 4, Step 2: calling _mixed_policy_dist
[DEBUG] Episode 4, Step 2 complete: action=53, reward=-5.8800, done=False
[DEBUG] Episode 4, Step 3: calling _mixed_policy_dist
[DEBUG] Episode 4, Step 3 complete: action=68, reward=-0.8700, done=False
[DEBUG] Episode 4, Step 4: calling _mixed_policy_dist
[DEBUG] Episode 4, Step 4 complete: action=27, reward=4.0900, done=False
[DEBUG] Episode 4 finished: 16 steps, done=True, reason=budget
[DEBUG] train_step 1: episodes collected, starting value_update
[DEBUG] train_step 1: value_update done, starting policy_update
[DEBUG] train_step 1: policy_update done
[DEBUG] train_step 2: starting episode collection
[DEBUG] train_step 2: episodes collected, starting value_update
[DEBUG] train_step 2: value_update done, starting policy_update
[DEBUG] train_step 2: policy_update done
[DEBUG] train_step 3: starting episode collection
[DEBUG] train_step 3: episodes collected, starting value_update
[DEBUG] train_step 3: value_update done, starting policy_update
[DEBUG] train_step 3: policy_update done
[DEBUG] train_step 4: starting episode collection
[DEBUG] train_step 4: episodes collected, starting value_update
[DEBUG] train_step 4: value_update done, starting policy_update
[DEBUG] train_step 4: policy_update done
[step 00050] value_loss=11.851999 policy_loss=0.190180
[step 00050] VALUE_DEBUG: target(mean=-1.97 std=3.46 min=-8.41 max=6.02) V(s)(mean=-1.67 std=0.22) reward(mean=-1.693 std=3.451) clip=50.0
[DEBUG] train_step 50: starting episode collection
[DEBUG] train_step 50: episodes collected, starting value_update
[DEBUG] train_step 50: value_update done, starting policy_update
[DEBUG] train_step 50: policy_update done
[step 00100] value_loss=18.043003 policy_loss=0.328315
[step 00100] VALUE_DEBUG: target(mean=-3.16 std=4.25 min=-17.94 max=3.20) V(s)(mean=-2.72 std=0.42) reward(mean=-2.203 std=4.432) clip=50.0
[step 00100] eval_success_rate=0.000 eval_mean_score=5.440 eval_policy_mode=greedy [solved=0/50, score_range=-5.00-12.00/16.0, initial=9.00]
[step 00100] PROGRESS: filled=10.44 violations=1.60 zero_cand=0.36
[step 00100] DEBUG: ep_len=16.0 ep_ret=-30.969 stop_prob=0.000 score_chg=-15.5575
[DEBUG] train_step 100: starting episode collection
[DEBUG] train_step 100: episodes collected, starting value_update
[DEBUG] train_step 100: value_update done, starting policy_update
[DEBUG] train_step 100: policy_update done
[step 00150] value_loss=11.969595 policy_loss=-0.047072
[step 00150] VALUE_DEBUG: target(mean=-4.16 std=3.44 min=-14.00 max=2.22) V(s)(mean=-3.64 std=0.56) reward(mean=-2.285 std=3.631) clip=50.0
[DEBUG] train_step 150: starting episode collection
[DEBUG] train_step 150: episodes collected, starting value_update
[DEBUG] train_step 150: value_update done, starting policy_update
[DEBUG] train_step 150: policy_update done
[step 00200] value_loss=13.908879 policy_loss=-0.417363
[step 00200] VALUE_DEBUG: target(mean=-3.08 std=3.72 min=-12.24 max=5.18) V(s)(mean=-3.02 std=0.69) reward(mean=-0.421 std=3.611) clip=50.0
[step 00200] eval_success_rate=0.000 eval_mean_score=8.640 eval_policy_mode=greedy [solved=0/50, score_range=-1.00-12.00/16.0, initial=9.00]
[step 00200] PROGRESS: filled=10.04 violations=0.20 zero_cand=0.20
[step 00200] DEBUG: ep_len=16.0 ep_ret=-30.385 stop_prob=0.000 score_chg=-14.9125
[DEBUG] train_step 200: starting episode collection
[DEBUG] train_step 200: episodes collected, starting value_update
[DEBUG] train_step 200: value_update done, starting policy_update
[DEBUG] train_step 200: policy_update done
[step 00250] value_loss=22.580273 policy_loss=-0.523987
[step 00250] VALUE_DEBUG: target(mean=-4.67 std=4.95 min=-15.94 max=5.83) V(s)(mean=-4.98 std=0.78) reward(mean=-1.323 std=5.070) clip=50.0
[DEBUG] train_step 250: starting episode collection
[DEBUG] train_step 250: episodes collected, starting value_update
[DEBUG] train_step 250: value_update done, starting policy_update
[DEBUG] train_step 250: policy_update done
[step 00300] value_loss=14.953287 policy_loss=-0.289468
[step 00300] VALUE_DEBUG: target(mean=-5.35 std=3.88 min=-13.98 max=2.05) V(s)(mean=-5.09 std=0.76) reward(mean=-1.463 std=4.609) clip=50.0
[step 00300] eval_success_rate=0.000 eval_mean_score=8.320 eval_policy_mode=greedy [solved=0/50, score_range=0.00-11.00/16.0, initial=9.00]
[step 00300] PROGRESS: filled=10.04 violations=0.26 zero_cand=0.24
[step 00300] DEBUG: ep_len=16.0 ep_ret=-29.232 stop_prob=0.000 score_chg=-13.5850
[DEBUG] train_step 300: starting episode collection
[DEBUG] train_step 300: episodes collected, starting value_update
[DEBUG] train_step 300: value_update done, starting policy_update
[DEBUG] train_step 300: policy_update done
[step 00350] value_loss=22.834724 policy_loss=0.069037
[step 00350] VALUE_DEBUG: target(mean=-6.12 std=4.94 min=-21.88 max=2.14) V(s)(mean=-6.27 std=0.96) reward(mean=-1.454 std=5.780) clip=50.0
[DEBUG] train_step 350: starting episode collection
[DEBUG] train_step 350: episodes collected, starting value_update
[DEBUG] train_step 350: value_update done, starting policy_update
[DEBUG] train_step 350: policy_update done
[step 00400] value_loss=18.207806 policy_loss=-0.226819
[step 00400] VALUE_DEBUG: target(mean=-7.73 std=4.18 min=-17.86 max=-1.57) V(s)(mean=-6.03 std=1.22) reward(mean=-2.618 std=5.470) clip=50.0
[step 00400] eval_success_rate=0.000 eval_mean_score=7.760 eval_policy_mode=greedy [solved=0/50, score_range=-2.00-11.00/16.0, initial=9.00]
[step 00400] PROGRESS: filled=10.10 violations=0.52 zero_cand=0.26
[step 00400] DEBUG: ep_len=16.0 ep_ret=-27.275 stop_prob=0.000 score_chg=-11.2850
[DEBUG] train_step 400: starting episode collection
[DEBUG] train_step 400: episodes collected, starting value_update
[DEBUG] train_step 400: value_update done, starting policy_update
[DEBUG] train_step 400: policy_update done
[step 00450] value_loss=21.640343 policy_loss=-1.144632
[step 00450] VALUE_DEBUG: target(mean=-8.64 std=4.73 min=-24.99 max=-4.20) V(s)(mean=-7.62 std=1.16) reward(mean=-2.679 std=5.682) clip=50.0
[DEBUG] train_step 450: starting episode collection
[DEBUG] train_step 450: episodes collected, starting value_update
[DEBUG] train_step 450: value_update done, starting policy_update
[DEBUG] train_step 450: policy_update done
[step 00500] value_loss=18.558084 policy_loss=-0.213189
[step 00500] VALUE_DEBUG: target(mean=-8.54 std=4.32 min=-19.88 max=-0.49) V(s)(mean=-8.44 std=1.43) reward(mean=-2.399 std=5.963) clip=50.0
[step 00500] eval_success_rate=0.000 eval_mean_score=9.260 eval_policy_mode=greedy [solved=0/50, score_range=2.00-11.00/16.0, initial=9.00]
[step 00500] PROGRESS: filled=10.00 violations=0.12 zero_cand=0.10
[step 00500] DEBUG: ep_len=16.0 ep_ret=-24.735 stop_prob=0.000 score_chg=-8.2900
[DEBUG] train_step 500: starting episode collection
[DEBUG] train_step 500: episodes collected, starting value_update
[DEBUG] train_step 500: value_update done, starting policy_update
[DEBUG] train_step 500: policy_update done
[step 00550] value_loss=5.582200 policy_loss=-0.361505
[step 00550] VALUE_DEBUG: target(mean=-7.94 std=2.85 min=-17.42 max=-1.51) V(s)(mean=-8.07 std=1.20) reward(mean=-0.713 std=2.354) clip=50.0
[DEBUG] train_step 550: starting episode collection
[DEBUG] train_step 550: episodes collected, starting value_update
[DEBUG] train_step 550: value_update done, starting policy_update
[DEBUG] train_step 550: policy_update done
[step 00600] value_loss=21.209427 policy_loss=0.111520
[step 00600] VALUE_DEBUG: target(mean=-9.72 std=5.22 min=-19.39 max=2.83) V(s)(mean=-8.56 std=1.59) reward(mean=-2.941 std=6.079) clip=50.0
[step 00600] eval_success_rate=0.000 eval_mean_score=9.800 eval_policy_mode=greedy [solved=0/50, score_range=4.00-11.00/16.0, initial=9.00]
[step 00600] PROGRESS: filled=10.00 violations=0.00 zero_cand=0.04
[step 00600] DEBUG: ep_len=16.0 ep_ret=-22.357 stop_prob=0.000 score_chg=-5.5675
[DEBUG] train_step 600: starting episode collection
[DEBUG] train_step 600: episodes collected, starting value_update
[DEBUG] train_step 600: value_update done, starting policy_update
[DEBUG] train_step 600: policy_update done
[step 00650] value_loss=13.307095 policy_loss=1.065340
[step 00650] VALUE_DEBUG: target(mean=-9.23 std=3.85 min=-17.09 max=-0.83) V(s)(mean=-8.43 std=1.43) reward(mean=-1.249 std=3.574) clip=50.0
[DEBUG] train_step 650: starting episode collection
[DEBUG] train_step 650: episodes collected, starting value_update
[DEBUG] train_step 650: value_update done, starting policy_update
[DEBUG] train_step 650: policy_update done
[step 00700] value_loss=17.469830 policy_loss=-0.606868
[step 00700] VALUE_DEBUG: target(mean=-10.72 std=4.72 min=-21.49 max=-0.77) V(s)(mean=-9.89 std=1.83) reward(mean=-2.786 std=4.846) clip=50.0
[step 00700] eval_success_rate=0.000 eval_mean_score=10.100 eval_policy_mode=greedy [solved=0/50, score_range=9.00-12.00/16.0, initial=9.00]
[step 00700] PROGRESS: filled=10.10 violations=0.00 zero_cand=0.00
[step 00700] DEBUG: ep_len=16.0 ep_ret=-20.769 stop_prob=0.000 score_chg=-3.8575
[DEBUG] train_step 700: starting episode collection
[DEBUG] train_step 700: episodes collected, starting value_update
[DEBUG] train_step 700: value_update done, starting policy_update
[DEBUG] train_step 700: policy_update done
[step 00750] value_loss=17.105984 policy_loss=0.074171
[step 00750] VALUE_DEBUG: target(mean=-10.92 std=4.19 min=-21.96 max=-1.06) V(s)(mean=-10.04 std=1.63) reward(mean=-2.281 std=5.032) clip=50.0
[DEBUG] train_step 750: starting episode collection
[DEBUG] train_step 750: episodes collected, starting value_update
[DEBUG] train_step 750: value_update done, starting policy_update
[DEBUG] train_step 750: policy_update done
[step 00800] value_loss=24.406881 policy_loss=0.118821
[step 00800] VALUE_DEBUG: target(mean=-10.85 std=4.52 min=-22.09 max=0.30) V(s)(mean=-9.50 std=1.49) reward(mean=-2.422 std=6.402) clip=50.0
[step 00800] eval_success_rate=0.000 eval_mean_score=10.020 eval_policy_mode=greedy [solved=0/50, score_range=9.00-11.00/16.0, initial=9.00]
[step 00800] PROGRESS: filled=10.02 violations=0.00 zero_cand=0.00
[step 00800] DEBUG: ep_len=16.0 ep_ret=-19.556 stop_prob=0.000 score_chg=-2.5175
[DEBUG] train_step 800: starting episode collection
[DEBUG] train_step 800: episodes collected, starting value_update
[DEBUG] train_step 800: value_update done, starting policy_update
[DEBUG] train_step 800: policy_update done
[step 00850] value_loss=7.132408 policy_loss=1.174529
[step 00850] VALUE_DEBUG: target(mean=-8.92 std=3.10 min=-16.31 max=-3.76) V(s)(mean=-9.83 std=1.82) reward(mean=0.256 std=2.582) clip=50.0
[DEBUG] train_step 850: starting episode collection
[DEBUG] train_step 850: episodes collected, starting value_update
[DEBUG] train_step 850: value_update done, starting policy_update
[DEBUG] train_step 850: policy_update done
[step 00900] value_loss=10.890974 policy_loss=0.238755
[step 00900] VALUE_DEBUG: target(mean=-12.06 std=3.45 min=-20.80 max=-7.45) V(s)(mean=-10.74 std=1.53) reward(mean=-2.368 std=4.599) clip=50.0
[step 00900] eval_success_rate=0.000 eval_mean_score=10.120 eval_policy_mode=greedy [solved=0/50, score_range=9.00-11.00/16.0, initial=9.00]
[step 00900] PROGRESS: filled=10.12 violations=0.00 zero_cand=0.00
[step 00900] DEBUG: ep_len=16.0 ep_ret=-18.653 stop_prob=0.000 score_chg=-1.3550
[DEBUG] train_step 900: starting episode collection
[DEBUG] train_step 900: episodes collected, starting value_update
[DEBUG] train_step 900: value_update done, starting policy_update
[DEBUG] train_step 900: policy_update done
[step 00950] value_loss=8.087208 policy_loss=-0.004636
[step 00950] VALUE_DEBUG: target(mean=-10.50 std=3.20 min=-18.90 max=-3.55) V(s)(mean=-11.14 std=1.36) reward(mean=-1.121 std=5.288) clip=50.0
[DEBUG] train_step 950: starting episode collection
[DEBUG] train_step 950: episodes collected, starting value_update
[DEBUG] train_step 950: value_update done, starting policy_update
[DEBUG] train_step 950: policy_update done
[step 01000] value_loss=15.151796 policy_loss=0.858585
[step 01000] VALUE_DEBUG: target(mean=-11.12 std=3.80 min=-18.56 max=-1.94) V(s)(mean=-10.61 std=1.00) reward(mean=-1.633 std=5.704) clip=50.0
[step 01000] eval_success_rate=0.000 eval_mean_score=10.080 eval_policy_mode=greedy [solved=0/50, score_range=9.00-12.00/16.0, initial=9.00]
[step 01000] PROGRESS: filled=10.08 violations=0.00 zero_cand=0.00
[step 01000] DEBUG: ep_len=15.9 ep_ret=-18.417 stop_prob=0.000 score_chg=-1.4300
[Checkpoint] Saved to buiksat_trm/checkpoints/table3_hard_6to8_controlled_nomask_nc_r10_s3/rl_checkpoint_step_1000.pt
[DEBUG] train_step 1000: starting episode collection
[DEBUG] train_step 1000: episodes collected, starting value_update
[DEBUG] train_step 1000: value_update done, starting policy_update
[DEBUG] train_step 1000: policy_update done
[step 01050] value_loss=7.524681 policy_loss=0.327240
[step 01050] VALUE_DEBUG: target(mean=-11.58 std=2.83 min=-18.94 max=-6.76) V(s)(mean=-11.62 std=1.25) reward(mean=-0.775 std=2.550) clip=50.0
[DEBUG] train_step 1050: starting episode collection
[DEBUG] train_step 1050: episodes collected, starting value_update
[DEBUG] train_step 1050: value_update done, starting policy_update
[DEBUG] train_step 1050: policy_update done
[step 01100] value_loss=7.160594 policy_loss=0.204953
[step 01100] VALUE_DEBUG: target(mean=-12.26 std=3.02 min=-19.34 max=-6.25) V(s)(mean=-12.51 std=1.24) reward(mean=-1.626 std=4.323) clip=50.0
[step 01100] eval_success_rate=0.000 eval_mean_score=10.040 eval_policy_mode=greedy [solved=0/50, score_range=9.00-11.00/16.0, initial=9.00]
[step 01100] PROGRESS: filled=10.04 violations=0.00 zero_cand=0.00
[step 01100] DEBUG: ep_len=15.9 ep_ret=-17.821 stop_prob=0.000 score_chg=-0.7600
[DEBUG] train_step 1100: starting episode collection
[DEBUG] train_step 1100: episodes collected, starting value_update
[DEBUG] train_step 1100: value_update done, starting policy_update
[DEBUG] train_step 1100: policy_update done
[step 01150] value_loss=7.390372 policy_loss=0.435764
[step 01150] VALUE_DEBUG: target(mean=-11.94 std=2.97 min=-20.48 max=-7.22) V(s)(mean=-12.72 std=1.25) reward(mean=-1.293 std=4.366) clip=50.0
[DEBUG] train_step 1150: starting episode collection
[DEBUG] train_step 1150: episodes collected, starting value_update
[DEBUG] train_step 1150: value_update done, starting policy_update
[DEBUG] train_step 1150: policy_update done
[step 01200] value_loss=10.156960 policy_loss=0.949986
[step 01200] VALUE_DEBUG: target(mean=-13.30 std=3.45 min=-24.47 max=-8.78) V(s)(mean=-12.50 std=1.18) reward(mean=-2.305 std=5.290) clip=50.0
[step 01200] eval_success_rate=0.000 eval_mean_score=10.100 eval_policy_mode=greedy [solved=0/50, score_range=9.00-12.00/16.0, initial=9.00]
[step 01200] PROGRESS: filled=10.10 violations=0.00 zero_cand=0.00
[step 01200] DEBUG: ep_len=16.0 ep_ret=-17.755 stop_prob=0.000 score_chg=-0.6300
[DEBUG] train_step 1200: starting episode collection
[DEBUG] train_step 1200: episodes collected, starting value_update
[DEBUG] train_step 1200: value_update done, starting policy_update
[DEBUG] train_step 1200: policy_update done
[step 01250] value_loss=7.186806 policy_loss=0.658468
[step 01250] VALUE_DEBUG: target(mean=-12.46 std=2.90 min=-18.31 max=-6.63) V(s)(mean=-12.56 std=1.18) reward(mean=-1.813 std=5.065) clip=50.0
[DEBUG] train_step 1250: starting episode collection
[DEBUG] train_step 1250: episodes collected, starting value_update
[DEBUG] train_step 1250: value_update done, starting policy_update
[DEBUG] train_step 1250: policy_update done
[step 01300] value_loss=9.757900 policy_loss=0.207574
[step 01300] VALUE_DEBUG: target(mean=-13.50 std=3.02 min=-21.32 max=-8.52) V(s)(mean=-13.23 std=1.05) reward(mean=-1.890 std=4.758) clip=50.0
[step 01300] eval_success_rate=0.000 eval_mean_score=10.160 eval_policy_mode=greedy [solved=0/50, score_range=9.00-13.00/16.0, initial=9.00]
[step 01300] PROGRESS: filled=10.16 violations=0.00 zero_cand=0.00
[step 01300] DEBUG: ep_len=16.0 ep_ret=-17.799 stop_prob=0.000 score_chg=-0.5050
[DEBUG] train_step 1300: starting episode collection
[DEBUG] train_step 1300: episodes collected, starting value_update
[DEBUG] train_step 1300: value_update done, starting policy_update
[DEBUG] train_step 1300: policy_update done
[step 01350] value_loss=6.997129 policy_loss=0.779443
[step 01350] VALUE_DEBUG: target(mean=-13.49 std=2.88 min=-23.86 max=-10.71) V(s)(mean=-12.84 std=0.94) reward(mean=-1.743 std=4.249) clip=50.0
[DEBUG] train_step 1350: starting episode collection
[DEBUG] train_step 1350: episodes collected, starting value_update
[DEBUG] train_step 1350: value_update done, starting policy_update
[DEBUG] train_step 1350: policy_update done
[step 01400] value_loss=12.116937 policy_loss=0.515943
[step 01400] VALUE_DEBUG: target(mean=-12.95 std=3.96 min=-22.06 max=-3.30) V(s)(mean=-13.34 std=1.13) reward(mean=-1.457 std=5.389) clip=50.0
[step 01400] eval_success_rate=0.000 eval_mean_score=10.040 eval_policy_mode=greedy [solved=0/50, score_range=9.00-11.00/16.0, initial=9.00]
[step 01400] PROGRESS: filled=10.04 violations=0.00 zero_cand=0.00
[step 01400] DEBUG: ep_len=16.0 ep_ret=-17.706 stop_prob=0.000 score_chg=-0.5100
[DEBUG] train_step 1400: starting episode collection
[DEBUG] train_step 1400: episodes collected, starting value_update
[DEBUG] train_step 1400: value_update done, starting policy_update
[DEBUG] train_step 1400: policy_update done
[step 01450] value_loss=13.036119 policy_loss=0.844572
[step 01450] VALUE_DEBUG: target(mean=-13.58 std=3.67 min=-24.05 max=-2.71) V(s)(mean=-13.45 std=0.83) reward(mean=-1.320 std=5.131) clip=50.0
[DEBUG] train_step 1450: starting episode collection
[DEBUG] train_step 1450: episodes collected, starting value_update
[DEBUG] train_step 1450: value_update done, starting policy_update
[DEBUG] train_step 1450: policy_update done
[step 01500] value_loss=12.764435 policy_loss=0.703001
[step 01500] VALUE_DEBUG: target(mean=-13.84 std=3.75 min=-23.67 max=-6.77) V(s)(mean=-14.27 std=1.39) reward(mean=-0.987 std=4.541) clip=50.0
[step 01500] eval_success_rate=0.000 eval_mean_score=10.320 eval_policy_mode=greedy [solved=0/50, score_range=9.00-13.00/16.0, initial=9.00]
[step 01500] PROGRESS: filled=10.32 violations=0.00 zero_cand=0.00
[step 01500] DEBUG: ep_len=15.9 ep_ret=-16.791 stop_prob=0.000 score_chg=0.2000
[DEBUG] train_step 1500: starting episode collection
[DEBUG] train_step 1500: episodes collected, starting value_update
[DEBUG] train_step 1500: value_update done, starting policy_update
[DEBUG] train_step 1500: policy_update done
[step 01550] value_loss=12.711132 policy_loss=1.023635
[step 01550] VALUE_DEBUG: target(mean=-14.08 std=3.66 min=-21.49 max=-6.00) V(s)(mean=-14.08 std=0.81) reward(mean=-1.530 std=5.170) clip=50.0
[DEBUG] train_step 1550: starting episode collection
[DEBUG] train_step 1550: episodes collected, starting value_update
[DEBUG] train_step 1550: value_update done, starting policy_update
[DEBUG] train_step 1550: policy_update done
[step 01600] value_loss=14.504378 policy_loss=0.321382
[step 01600] VALUE_DEBUG: target(mean=-14.91 std=3.92 min=-23.42 max=-7.56) V(s)(mean=-15.09 std=1.16) reward(mean=-1.774 std=5.597) clip=50.0
[step 01600] eval_success_rate=0.000 eval_mean_score=10.140 eval_policy_mode=greedy [solved=0/50, score_range=9.00-12.00/16.0, initial=9.00]
[step 01600] PROGRESS: filled=10.14 violations=0.00 zero_cand=0.00
[step 01600] DEBUG: ep_len=15.9 ep_ret=-16.414 stop_prob=0.000 score_chg=0.7300
[DEBUG] train_step 1600: starting episode collection
[DEBUG] train_step 1600: episodes collected, starting value_update
[DEBUG] train_step 1600: value_update done, starting policy_update
[DEBUG] train_step 1600: policy_update done
[step 01650] value_loss=6.133293 policy_loss=1.184453
[step 01650] VALUE_DEBUG: target(mean=-14.59 std=2.59 min=-25.22 max=-10.04) V(s)(mean=-14.35 std=0.90) reward(mean=-2.119 std=5.156) clip=50.0
[DEBUG] train_step 1650: starting episode collection
[DEBUG] train_step 1650: episodes collected, starting value_update
[DEBUG] train_step 1650: value_update done, starting policy_update
[DEBUG] train_step 1650: policy_update done
[step 01700] value_loss=9.092211 policy_loss=0.886885
[step 01700] VALUE_DEBUG: target(mean=-13.53 std=2.70 min=-21.94 max=-5.28) V(s)(mean=-14.41 std=0.92) reward(mean=-1.070 std=5.498) clip=50.0
[step 01700] eval_success_rate=0.000 eval_mean_score=10.300 eval_policy_mode=greedy [solved=0/50, score_range=9.00-13.00/16.0, initial=9.00]
[step 01700] PROGRESS: filled=10.30 violations=0.00 zero_cand=0.00
[step 01700] DEBUG: ep_len=15.9 ep_ret=-16.907 stop_prob=0.000 score_chg=0.0375
[DEBUG] train_step 1700: starting episode collection
[DEBUG] train_step 1700: episodes collected, starting value_update
[DEBUG] train_step 1700: value_update done, starting policy_update
[DEBUG] train_step 1700: policy_update done
[step 01750] value_loss=4.549685 policy_loss=0.278378
[step 01750] VALUE_DEBUG: target(mean=-13.87 std=1.93 min=-21.12 max=-8.93) V(s)(mean=-14.78 std=1.09) reward(mean=-0.268 std=3.365) clip=50.0
[DEBUG] train_step 1750: starting episode collection
[DEBUG] train_step 1750: episodes collected, starting value_update
[DEBUG] train_step 1750: value_update done, starting policy_update
[DEBUG] train_step 1750: policy_update done
[step 01800] value_loss=7.497583 policy_loss=0.329075
[step 01800] VALUE_DEBUG: target(mean=-14.40 std=2.72 min=-25.52 max=-6.98) V(s)(mean=-14.29 std=1.03) reward(mean=-1.231 std=4.715) clip=50.0
[step 01800] eval_success_rate=0.000 eval_mean_score=10.320 eval_policy_mode=greedy [solved=0/50, score_range=9.00-12.00/16.0, initial=9.00]
[step 01800] PROGRESS: filled=10.32 violations=0.00 zero_cand=0.00
[step 01800] DEBUG: ep_len=16.0 ep_ret=-16.708 stop_prob=0.000 score_chg=0.6325
[DEBUG] train_step 1800: starting episode collection
[DEBUG] train_step 1800: episodes collected, starting value_update
[DEBUG] train_step 1800: value_update done, starting policy_update
[DEBUG] train_step 1800: policy_update done
[step 01850] value_loss=1.818385 policy_loss=0.009504
[step 01850] VALUE_DEBUG: target(mean=-14.32 std=1.48 min=-16.31 max=-7.89) V(s)(mean=-14.67 std=0.72) reward(mean=-0.756 std=4.024) clip=50.0
[DEBUG] train_step 1850: starting episode collection
[DEBUG] train_step 1850: episodes collected, starting value_update
[DEBUG] train_step 1850: value_update done, starting policy_update
[DEBUG] train_step 1850: policy_update done
[step 01900] value_loss=1.638037 policy_loss=0.254387
[step 01900] VALUE_DEBUG: target(mean=-14.22 std=1.43 min=-19.28 max=-10.56) V(s)(mean=-14.20 std=0.63) reward(mean=-0.358 std=3.058) clip=50.0
[step 01900] eval_success_rate=0.000 eval_mean_score=10.420 eval_policy_mode=greedy [solved=0/50, score_range=9.00-12.00/16.0, initial=9.00]
[step 01900] PROGRESS: filled=10.42 violations=0.00 zero_cand=0.00
[step 01900] DEBUG: ep_len=15.9 ep_ret=-16.179 stop_prob=0.000 score_chg=0.7575
[DEBUG] train_step 1900: starting episode collection
[DEBUG] train_step 1900: episodes collected, starting value_update
[DEBUG] train_step 1900: value_update done, starting policy_update
[DEBUG] train_step 1900: policy_update done
[step 01950] value_loss=3.314327 policy_loss=0.858292
[step 01950] VALUE_DEBUG: target(mean=-14.83 std=2.07 min=-19.93 max=-11.88) V(s)(mean=-14.47 std=1.09) reward(mean=-1.295 std=4.195) clip=50.0
[DEBUG] train_step 1950: starting episode collection
[DEBUG] train_step 1950: episodes collected, starting value_update
[DEBUG] train_step 1950: value_update done, starting policy_update
[DEBUG] train_step 1950: policy_update done
[step 02000] value_loss=5.332489 policy_loss=0.538490
[step 02000] VALUE_DEBUG: target(mean=-14.26 std=2.51 min=-20.44 max=-5.95) V(s)(mean=-14.82 std=1.18) reward(mean=-0.527 std=3.736) clip=50.0
[step 02000] eval_success_rate=0.000 eval_mean_score=10.440 eval_policy_mode=greedy [solved=0/50, score_range=9.00-12.00/16.0, initial=9.00]
[step 02000] PROGRESS: filled=10.44 violations=0.00 zero_cand=0.00
[step 02000] DEBUG: ep_len=15.9 ep_ret=-15.841 stop_prob=0.000 score_chg=1.0750
[Checkpoint] Saved to buiksat_trm/checkpoints/table3_hard_6to8_controlled_nomask_nc_r10_s3/rl_checkpoint_step_2000.pt
[DEBUG] train_step 2000: starting episode collection
[DEBUG] train_step 2000: episodes collected, starting value_update
[DEBUG] train_step 2000: value_update done, starting policy_update
[DEBUG] train_step 2000: policy_update done
[step 02050] value_loss=5.395915 policy_loss=0.604081
[step 02050] VALUE_DEBUG: target(mean=-15.23 std=2.28 min=-20.37 max=-10.92) V(s)(mean=-14.62 std=0.98) reward(mean=-1.278 std=3.497) clip=50.0
[DEBUG] train_step 2050: starting episode collection
[DEBUG] train_step 2050: episodes collected, starting value_update
[DEBUG] train_step 2050: value_update done, starting policy_update
[DEBUG] train_step 2050: policy_update done
[step 02100] value_loss=9.946974 policy_loss=1.104779
[step 02100] VALUE_DEBUG: target(mean=-15.75 std=3.21 min=-24.00 max=-10.36) V(s)(mean=-14.92 std=0.91) reward(mean=-1.542 std=3.962) clip=50.0
[step 02100] eval_success_rate=0.000 eval_mean_score=10.220 eval_policy_mode=greedy [solved=0/50, score_range=9.00-12.00/16.0, initial=9.00]
[step 02100] PROGRESS: filled=10.22 violations=0.00 zero_cand=0.00
[step 02100] DEBUG: ep_len=15.9 ep_ret=-16.031 stop_prob=0.000 score_chg=0.9950
[DEBUG] train_step 2100: starting episode collection
[DEBUG] train_step 2100: episodes collected, starting value_update
[DEBUG] train_step 2100: value_update done, starting policy_update
[DEBUG] train_step 2100: policy_update done
[step 02150] value_loss=3.505641 policy_loss=0.941902
[step 02150] VALUE_DEBUG: target(mean=-14.16 std=1.97 min=-22.35 max=-10.14) V(s)(mean=-14.46 std=1.02) reward(mean=-0.790 std=3.250) clip=50.0
[DEBUG] train_step 2150: starting episode collection
[DEBUG] train_step 2150: episodes collected, starting value_update
[DEBUG] train_step 2150: value_update done, starting policy_update
[DEBUG] train_step 2150: policy_update done
[step 02200] value_loss=0.889847 policy_loss=0.414952
[step 02200] VALUE_DEBUG: target(mean=-14.80 std=1.33 min=-18.23 max=-11.94) V(s)(mean=-14.95 std=1.00) reward(mean=-1.055 std=3.983) clip=50.0
[step 02200] eval_success_rate=0.000 eval_mean_score=10.520 eval_policy_mode=greedy [solved=0/50, score_range=9.00-12.00/16.0, initial=9.00]
[step 02200] PROGRESS: filled=10.52 violations=0.00 zero_cand=0.00
[step 02200] DEBUG: ep_len=15.8 ep_ret=-16.054 stop_prob=0.000 score_chg=0.8475
[DEBUG] train_step 2200: starting episode collection
[DEBUG] train_step 2200: episodes collected, starting value_update
[DEBUG] train_step 2200: value_update done, starting policy_update
[DEBUG] train_step 2200: policy_update done
[step 02250] value_loss=6.111898 policy_loss=0.530880
[step 02250] VALUE_DEBUG: target(mean=-14.65 std=2.70 min=-24.45 max=-6.23) V(s)(mean=-14.50 std=1.01) reward(mean=-0.434 std=3.688) clip=50.0
[DEBUG] train_step 2250: starting episode collection
[DEBUG] train_step 2250: episodes collected, starting value_update
[DEBUG] train_step 2250: value_update done, starting policy_update
[DEBUG] train_step 2250: policy_update done
[step 02300] value_loss=2.611429 policy_loss=0.221363
[step 02300] VALUE_DEBUG: target(mean=-15.22 std=1.54 min=-22.54 max=-13.24) V(s)(mean=-15.37 std=0.94) reward(mean=-1.594 std=4.845) clip=50.0
[step 02300] eval_success_rate=0.000 eval_mean_score=10.620 eval_policy_mode=greedy [solved=0/50, score_range=9.00-13.00/16.0, initial=9.00]
[step 02300] PROGRESS: filled=10.62 violations=0.00 zero_cand=0.00
[step 02300] DEBUG: ep_len=15.9 ep_ret=-15.912 stop_prob=0.000 score_chg=1.1525
[DEBUG] train_step 2300: starting episode collection
[DEBUG] train_step 2300: episodes collected, starting value_update
[DEBUG] train_step 2300: value_update done, starting policy_update
[DEBUG] train_step 2300: policy_update done
[step 02350] value_loss=2.925067 policy_loss=0.064375
[step 02350] VALUE_DEBUG: target(mean=-15.10 std=2.24 min=-21.73 max=-11.57) V(s)(mean=-14.73 std=1.28) reward(mean=-2.908 std=6.249) clip=50.0
[DEBUG] train_step 2350: starting episode collection
[DEBUG] train_step 2350: episodes collected, starting value_update
[DEBUG] train_step 2350: value_update done, starting policy_update
[DEBUG] train_step 2350: policy_update done
[step 02400] value_loss=13.495073 policy_loss=0.394801
[step 02400] VALUE_DEBUG: target(mean=-14.89 std=3.83 min=-21.13 max=1.84) V(s)(mean=-14.92 std=0.62) reward(mean=-0.847 std=3.521) clip=50.0
[step 02400] eval_success_rate=0.000 eval_mean_score=10.680 eval_policy_mode=greedy [solved=0/50, score_range=9.00-13.00/16.0, initial=9.00]
[step 02400] PROGRESS: filled=10.68 violations=0.00 zero_cand=0.00
[step 02400] DEBUG: ep_len=15.8 ep_ret=-15.274 stop_prob=0.000 score_chg=1.4400
[DEBUG] train_step 2400: starting episode collection
[DEBUG] train_step 2400: episodes collected, starting value_update
[DEBUG] train_step 2400: value_update done, starting policy_update
[DEBUG] train_step 2400: policy_update done
[step 02450] value_loss=10.451548 policy_loss=-0.050557
[step 02450] VALUE_DEBUG: target(mean=-15.85 std=2.89 min=-24.09 max=-8.80) V(s)(mean=-15.18 std=0.91) reward(mean=-1.249 std=4.087) clip=50.0
[DEBUG] train_step 2450: starting episode collection
[DEBUG] train_step 2450: episodes collected, starting value_update
[DEBUG] train_step 2450: value_update done, starting policy_update
[DEBUG] train_step 2450: policy_update done
[step 02500] value_loss=3.014430 policy_loss=0.163047
[step 02500] VALUE_DEBUG: target(mean=-14.64 std=2.52 min=-21.08 max=-5.85) V(s)(mean=-14.90 std=1.21) reward(mean=-1.348 std=4.883) clip=50.0
[step 02500] eval_success_rate=0.000 eval_mean_score=10.800 eval_policy_mode=greedy [solved=0/50, score_range=9.00-13.00/16.0, initial=9.00]
[step 02500] PROGRESS: filled=10.80 violations=0.00 zero_cand=0.00
[step 02500] DEBUG: ep_len=15.8 ep_ret=-15.523 stop_prob=0.000 score_chg=1.5025
[DEBUG] train_step 2500: starting episode collection
[DEBUG] train_step 2500: episodes collected, starting value_update
[DEBUG] train_step 2500: value_update done, starting policy_update
[DEBUG] train_step 2500: policy_update done
[step 02550] value_loss=5.610466 policy_loss=0.358516
[step 02550] VALUE_DEBUG: target(mean=-14.43 std=2.43 min=-19.91 max=-5.92) V(s)(mean=-15.33 std=1.04) reward(mean=-0.390 std=4.568) clip=50.0
[DEBUG] train_step 2550: starting episode collection
[DEBUG] train_step 2550: episodes collected, starting value_update
[DEBUG] train_step 2550: value_update done, starting policy_update
[DEBUG] train_step 2550: policy_update done
[step 02600] value_loss=6.365070 policy_loss=0.500259
[step 02600] VALUE_DEBUG: target(mean=-14.79 std=2.66 min=-24.76 max=-6.51) V(s)(mean=-14.73 std=1.51) reward(mean=-2.520 std=6.277) clip=50.0
[step 02600] eval_success_rate=0.000 eval_mean_score=10.680 eval_policy_mode=greedy [solved=0/50, score_range=9.00-13.00/16.0, initial=9.00]
[step 02600] PROGRESS: filled=10.68 violations=0.00 zero_cand=0.00
[step 02600] DEBUG: ep_len=15.8 ep_ret=-14.668 stop_prob=0.000 score_chg=1.8525
[DEBUG] train_step 2600: starting episode collection
[DEBUG] train_step 2600: episodes collected, starting value_update
[DEBUG] train_step 2600: value_update done, starting policy_update
[DEBUG] train_step 2600: policy_update done
[step 02650] value_loss=3.767347 policy_loss=0.261288
[step 02650] VALUE_DEBUG: target(mean=-14.22 std=2.28 min=-21.05 max=-6.24) V(s)(mean=-14.26 std=1.48) reward(mean=-0.085 std=3.477) clip=50.0
[DEBUG] train_step 2650: starting episode collection
[DEBUG] train_step 2650: episodes collected, starting value_update
[DEBUG] train_step 2650: value_update done, starting policy_update
[DEBUG] train_step 2650: policy_update done
[step 02700] value_loss=4.370637 policy_loss=-0.461238
[step 02700] VALUE_DEBUG: target(mean=-15.61 std=2.19 min=-22.58 max=-12.43) V(s)(mean=-15.42 std=0.89) reward(mean=-1.648 std=4.287) clip=50.0
[step 02700] eval_success_rate=0.000 eval_mean_score=11.080 eval_policy_mode=greedy [solved=0/50, score_range=9.00-15.00/16.0, initial=9.00]
[step 02700] PROGRESS: filled=11.08 violations=0.00 zero_cand=0.00
[step 02700] DEBUG: ep_len=15.8 ep_ret=-15.162 stop_prob=0.000 score_chg=1.7575
[DEBUG] train_step 2700: starting episode collection
[DEBUG] train_step 2700: episodes collected, starting value_update
[DEBUG] train_step 2700: value_update done, starting policy_update
[DEBUG] train_step 2700: policy_update done
[step 02750] value_loss=0.203264 policy_loss=0.510892
[step 02750] VALUE_DEBUG: target(mean=-14.67 std=1.13 min=-16.47 max=-12.13) V(s)(mean=-14.76 std=0.95) reward(mean=-0.230 std=2.893) clip=50.0
[DEBUG] train_step 2750: starting episode collection
[DEBUG] train_step 2750: episodes collected, starting value_update
[DEBUG] train_step 2750: value_update done, starting policy_update
[DEBUG] train_step 2750: policy_update done
[step 02800] value_loss=7.161997 policy_loss=0.615040
[step 02800] VALUE_DEBUG: target(mean=-14.55 std=2.97 min=-25.16 max=-8.78) V(s)(mean=-14.82 std=1.25) reward(mean=-1.880 std=6.417) clip=50.0
[step 02800] eval_success_rate=0.000 eval_mean_score=11.020 eval_policy_mode=greedy [solved=0/50, score_range=9.00-13.00/16.0, initial=9.00]
[step 02800] PROGRESS: filled=11.02 violations=0.00 zero_cand=0.00
[step 02800] DEBUG: ep_len=15.9 ep_ret=-15.624 stop_prob=0.000 score_chg=1.4800
[DEBUG] train_step 2800: starting episode collection
[DEBUG] train_step 2800: episodes collected, starting value_update
[DEBUG] train_step 2800: value_update done, starting policy_update
[DEBUG] train_step 2800: policy_update done
[step 02850] value_loss=5.370815 policy_loss=0.306803
[step 02850] VALUE_DEBUG: target(mean=-15.09 std=2.15 min=-19.08 max=-7.03) V(s)(mean=-14.83 std=1.15) reward(mean=-0.662 std=3.515) clip=50.0
[DEBUG] train_step 2850: starting episode collection
[DEBUG] train_step 2850: episodes collected, starting value_update
[DEBUG] train_step 2850: value_update done, starting policy_update
[DEBUG] train_step 2850: policy_update done
[step 02900] value_loss=15.952026 policy_loss=-0.475769
[step 02900] VALUE_DEBUG: target(mean=-15.06 std=4.31 min=-23.00 max=1.84) V(s)(mean=-14.89 std=1.67) reward(mean=-2.317 std=4.694) clip=50.0
[step 02900] eval_success_rate=0.000 eval_mean_score=11.060 eval_policy_mode=greedy [solved=0/50, score_range=9.00-13.00/16.0, initial=9.00]
[step 02900] PROGRESS: filled=11.06 violations=0.00 zero_cand=0.00
[step 02900] DEBUG: ep_len=15.8 ep_ret=-14.925 stop_prob=0.000 score_chg=1.8650
[DEBUG] train_step 2900: starting episode collection
[DEBUG] train_step 2900: episodes collected, starting value_update
[DEBUG] train_step 2900: value_update done, starting policy_update
[DEBUG] train_step 2900: policy_update done
[step 02950] value_loss=9.688908 policy_loss=0.409354
[step 02950] VALUE_DEBUG: target(mean=-14.53 std=3.59 min=-27.11 max=-7.00) V(s)(mean=-14.86 std=1.66) reward(mean=-0.447 std=4.285) clip=50.0
[DEBUG] train_step 2950: starting episode collection
[DEBUG] train_step 2950: episodes collected, starting value_update
[DEBUG] train_step 2950: value_update done, starting policy_update
[DEBUG] train_step 2950: policy_update done
[step 03000] value_loss=4.863894 policy_loss=-0.605195
[step 03000] VALUE_DEBUG: target(mean=-14.38 std=2.72 min=-21.30 max=-5.82) V(s)(mean=-14.44 std=1.25) reward(mean=-0.509 std=3.551) clip=50.0
[step 03000] eval_success_rate=0.000 eval_mean_score=10.920 eval_policy_mode=greedy [solved=0/50, score_range=9.00-13.00/16.0, initial=9.00]
[step 03000] PROGRESS: filled=10.92 violations=0.00 zero_cand=0.00
[step 03000] DEBUG: ep_len=15.8 ep_ret=-15.139 stop_prob=0.000 score_chg=1.6825
[Checkpoint] Saved to buiksat_trm/checkpoints/table3_hard_6to8_controlled_nomask_nc_r10_s3/rl_checkpoint_step_3000.pt
[DEBUG] train_step 3000: starting episode collection
[DEBUG] train_step 3000: episodes collected, starting value_update
[DEBUG] train_step 3000: value_update done, starting policy_update
[DEBUG] train_step 3000: policy_update done
[step 03050] value_loss=1.938430 policy_loss=0.333805
[step 03050] VALUE_DEBUG: target(mean=-14.72 std=2.31 min=-20.46 max=-9.37) V(s)(mean=-14.75 std=1.56) reward(mean=-2.074 std=5.558) clip=50.0
[DEBUG] train_step 3050: starting episode collection
[DEBUG] train_step 3050: episodes collected, starting value_update
[DEBUG] train_step 3050: value_update done, starting policy_update
[DEBUG] train_step 3050: policy_update done
[step 03100] value_loss=2.189512 policy_loss=0.643672
[step 03100] VALUE_DEBUG: target(mean=-14.10 std=1.56 min=-17.38 max=-10.87) V(s)(mean=-14.81 std=1.21) reward(mean=-0.175 std=3.189) clip=50.0
[step 03100] eval_success_rate=0.000 eval_mean_score=11.120 eval_policy_mode=greedy [solved=0/50, score_range=9.00-13.00/16.0, initial=9.00]
[step 03100] PROGRESS: filled=11.12 violations=0.00 zero_cand=0.00
[step 03100] DEBUG: ep_len=15.7 ep_ret=-14.314 stop_prob=0.000 score_chg=2.0375
[DEBUG] train_step 3100: starting episode collection
[DEBUG] train_step 3100: episodes collected, starting value_update
[DEBUG] train_step 3100: value_update done, starting policy_update
[DEBUG] train_step 3100: policy_update done
[step 03150] value_loss=9.225671 policy_loss=0.193900
[step 03150] VALUE_DEBUG: target(mean=-13.58 std=3.22 min=-18.34 max=-4.51) V(s)(mean=-14.74 std=1.75) reward(mean=1.027 std=3.058) clip=50.0
[DEBUG] train_step 3150: starting episode collection
[DEBUG] train_step 3150: episodes collected, starting value_update
[DEBUG] train_step 3150: value_update done, starting policy_update
[DEBUG] train_step 3150: policy_update done
[step 03200] value_loss=5.747719 policy_loss=1.281917
[step 03200] VALUE_DEBUG: target(mean=-14.17 std=2.60 min=-21.99 max=-6.22) V(s)(mean=-14.74 std=1.35) reward(mean=-0.387 std=5.205) clip=50.0
[step 03200] eval_success_rate=0.000 eval_mean_score=11.040 eval_policy_mode=greedy [solved=0/50, score_range=9.00-14.00/16.0, initial=9.00]
[step 03200] PROGRESS: filled=11.04 violations=0.00 zero_cand=0.00
[step 03200] DEBUG: ep_len=15.8 ep_ret=-14.749 stop_prob=0.000 score_chg=1.9050
[DEBUG] train_step 3200: starting episode collection
[DEBUG] train_step 3200: episodes collected, starting value_update
[DEBUG] train_step 3200: value_update done, starting policy_update
[DEBUG] train_step 3200: policy_update done
[step 03250] value_loss=1.508462 policy_loss=0.670819
[step 03250] VALUE_DEBUG: target(mean=-14.89 std=1.56 min=-19.36 max=-12.34) V(s)(mean=-14.33 std=1.12) reward(mean=-1.072 std=4.037) clip=50.0
[DEBUG] train_step 3250: starting episode collection
[DEBUG] train_step 3250: episodes collected, starting value_update
[DEBUG] train_step 3250: value_update done, starting policy_update
[DEBUG] train_step 3250: policy_update done
[step 03300] value_loss=1.226896 policy_loss=0.124383
[step 03300] VALUE_DEBUG: target(mean=-15.25 std=1.74 min=-20.43 max=-11.53) V(s)(mean=-15.12 std=1.36) reward(mean=-1.641 std=4.721) clip=50.0
[step 03300] eval_success_rate=0.000 eval_mean_score=10.960 eval_policy_mode=greedy [solved=0/50, score_range=9.00-13.00/16.0, initial=9.00]
[step 03300] PROGRESS: filled=10.96 violations=0.00 zero_cand=0.00
[step 03300] DEBUG: ep_len=15.7 ep_ret=-14.042 stop_prob=0.000 score_chg=2.1425
[DEBUG] train_step 3300: starting episode collection
[DEBUG] train_step 3300: episodes collected, starting value_update
[DEBUG] train_step 3300: value_update done, starting policy_update
[DEBUG] train_step 3300: policy_update done
[step 03350] value_loss=6.332205 policy_loss=-0.277067
[step 03350] VALUE_DEBUG: target(mean=-15.50 std=2.60 min=-25.65 max=-12.03) V(s)(mean=-14.86 std=1.17) reward(mean=-1.037 std=3.705) clip=50.0
[DEBUG] train_step 3350: starting episode collection
[DEBUG] train_step 3350: episodes collected, starting value_update
[DEBUG] train_step 3350: value_update done, starting policy_update
[DEBUG] train_step 3350: policy_update done
[step 03400] value_loss=3.092646 policy_loss=0.398828
[step 03400] VALUE_DEBUG: target(mean=-15.50 std=2.24 min=-22.21 max=-11.78) V(s)(mean=-14.90 std=1.29) reward(mean=-3.101 std=6.006) clip=50.0
[step 03400] eval_success_rate=0.000 eval_mean_score=11.340 eval_policy_mode=greedy [solved=0/50, score_range=9.00-15.00/16.0, initial=9.00]
[step 03400] PROGRESS: filled=11.34 violations=0.00 zero_cand=0.00
[step 03400] DEBUG: ep_len=15.8 ep_ret=-15.030 stop_prob=0.000 score_chg=1.9875
[DEBUG] train_step 3400: starting episode collection
[DEBUG] train_step 3400: episodes collected, starting value_update
[DEBUG] train_step 3400: value_update done, starting policy_update
[DEBUG] train_step 3400: policy_update done
[step 03450] value_loss=5.402902 policy_loss=0.352343
[step 03450] VALUE_DEBUG: target(mean=-14.63 std=2.98 min=-23.07 max=-7.90) V(s)(mean=-14.77 std=1.52) reward(mean=-1.358 std=5.386) clip=50.0
[DEBUG] train_step 3450: starting episode collection
[DEBUG] train_step 3450: episodes collected, starting value_update
[DEBUG] train_step 3450: value_update done, starting policy_update
[DEBUG] train_step 3450: policy_update done
[step 03500] value_loss=3.676731 policy_loss=0.573783
[step 03500] VALUE_DEBUG: target(mean=-15.84 std=1.81 min=-22.33 max=-13.50) V(s)(mean=-15.21 std=1.15) reward(mean=-2.513 std=5.309) clip=50.0
[step 03500] eval_success_rate=0.000 eval_mean_score=10.660 eval_policy_mode=greedy [solved=0/50, score_range=9.00-13.00/16.0, initial=9.00]
[step 03500] PROGRESS: filled=10.66 violations=0.00 zero_cand=0.00
[step 03500] DEBUG: ep_len=15.7 ep_ret=-14.410 stop_prob=0.000 score_chg=2.1750
[DEBUG] train_step 3500: starting episode collection
[DEBUG] train_step 3500: episodes collected, starting value_update
[DEBUG] train_step 3500: value_update done, starting policy_update
[DEBUG] train_step 3500: policy_update done
[step 03550] value_loss=4.113429 policy_loss=0.374849
[step 03550] VALUE_DEBUG: target(mean=-14.76 std=2.51 min=-21.48 max=-9.14) V(s)(mean=-14.04 std=1.26) reward(mean=-0.161 std=2.017) clip=50.0
[DEBUG] train_step 3550: starting episode collection
[DEBUG] train_step 3550: episodes collected, starting value_update
[DEBUG] train_step 3550: value_update done, starting policy_update
[DEBUG] train_step 3550: policy_update done
[step 03600] value_loss=2.795712 policy_loss=-0.335890
[step 03600] VALUE_DEBUG: target(mean=-14.53 std=2.15 min=-17.50 max=-6.56) V(s)(mean=-15.06 std=1.52) reward(mean=-0.077 std=3.278) clip=50.0
[step 03600] eval_success_rate=0.000 eval_mean_score=10.920 eval_policy_mode=greedy [solved=0/50, score_range=9.00-14.00/16.0, initial=9.00]
[step 03600] PROGRESS: filled=10.92 violations=0.00 zero_cand=0.00
[step 03600] DEBUG: ep_len=15.6 ep_ret=-13.823 stop_prob=0.000 score_chg=2.2075
[DEBUG] train_step 3600: starting episode collection
[DEBUG] train_step 3600: episodes collected, starting value_update
[DEBUG] train_step 3600: value_update done, starting policy_update
[DEBUG] train_step 3600: policy_update done
[step 03650] value_loss=6.174501 policy_loss=0.041627
[step 03650] VALUE_DEBUG: target(mean=-14.84 std=2.94 min=-25.04 max=-5.53) V(s)(mean=-14.89 std=1.40) reward(mean=-1.457 std=6.042) clip=50.0
[DEBUG] train_step 3650: starting episode collection
[DEBUG] train_step 3650: episodes collected, starting value_update
[DEBUG] train_step 3650: value_update done, starting policy_update
[DEBUG] train_step 3650: policy_update done
[step 03700] value_loss=1.342466 policy_loss=1.077107
[step 03700] VALUE_DEBUG: target(mean=-14.54 std=2.26 min=-17.99 max=-6.26) V(s)(mean=-14.49 std=1.74) reward(mean=-1.701 std=5.554) clip=50.0
[step 03700] eval_success_rate=0.000 eval_mean_score=11.320 eval_policy_mode=greedy [solved=0/50, score_range=9.00-15.00/16.0, initial=9.00]
[step 03700] PROGRESS: filled=11.32 violations=0.00 zero_cand=0.00
[step 03700] DEBUG: ep_len=15.7 ep_ret=-13.966 stop_prob=0.000 score_chg=2.3775
[DEBUG] train_step 3700: starting episode collection
[DEBUG] train_step 3700: episodes collected, starting value_update
[DEBUG] train_step 3700: value_update done, starting policy_update
[DEBUG] train_step 3700: policy_update done
[step 03750] value_loss=6.858150 policy_loss=0.729647
[step 03750] VALUE_DEBUG: target(mean=-14.77 std=3.53 min=-23.41 max=-7.25) V(s)(mean=-14.93 std=1.77) reward(mean=-2.533 std=7.626) clip=50.0
[DEBUG] train_step 3750: starting episode collection
[DEBUG] train_step 3750: episodes collected, starting value_update
[DEBUG] train_step 3750: value_update done, starting policy_update
[DEBUG] train_step 3750: policy_update done
[step 03800] value_loss=16.753349 policy_loss=-0.650491
[step 03800] VALUE_DEBUG: target(mean=-13.94 std=4.00 min=-21.97 max=1.84) V(s)(mean=-14.28 std=1.68) reward(mean=-0.707 std=4.803) clip=50.0
[step 03800] eval_success_rate=0.000 eval_mean_score=11.380 eval_policy_mode=greedy [solved=0/50, score_range=9.00-14.00/16.0, initial=9.00]
[step 03800] PROGRESS: filled=11.38 violations=0.00 zero_cand=0.00
[step 03800] DEBUG: ep_len=15.8 ep_ret=-14.549 stop_prob=0.000 score_chg=1.9625
[DEBUG] train_step 3800: starting episode collection
[DEBUG] train_step 3800: episodes collected, starting value_update
[DEBUG] train_step 3800: value_update done, starting policy_update
[DEBUG] train_step 3800: policy_update done
[step 03850] value_loss=5.253023 policy_loss=0.749949
[step 03850] VALUE_DEBUG: target(mean=-13.93 std=2.87 min=-18.05 max=-5.02) V(s)(mean=-14.35 std=1.75) reward(mean=-2.230 std=6.998) clip=50.0
[DEBUG] train_step 3850: starting episode collection
[DEBUG] train_step 3850: episodes collected, starting value_update
[DEBUG] train_step 3850: value_update done, starting policy_update
[DEBUG] train_step 3850: policy_update done
[step 03900] value_loss=8.203296 policy_loss=0.260086
[step 03900] VALUE_DEBUG: target(mean=-14.79 std=2.97 min=-22.08 max=-7.15) V(s)(mean=-14.40 std=1.40) reward(mean=-1.518 std=5.293) clip=50.0
[step 03900] eval_success_rate=0.000 eval_mean_score=11.700 eval_policy_mode=greedy [solved=0/50, score_range=9.00-15.00/16.0, initial=9.00]
[step 03900] PROGRESS: filled=11.70 violations=0.00 zero_cand=0.00
[step 03900] DEBUG: ep_len=15.6 ep_ret=-13.962 stop_prob=0.000 score_chg=2.3800
[DEBUG] train_step 3900: starting episode collection
[DEBUG] train_step 3900: episodes collected, starting value_update
[DEBUG] train_step 3900: value_update done, starting policy_update
[DEBUG] train_step 3900: policy_update done
[step 03950] value_loss=8.306419 policy_loss=-0.079275
[step 03950] VALUE_DEBUG: target(mean=-15.77 std=3.58 min=-24.98 max=-8.72) V(s)(mean=-15.00 std=1.51) reward(mean=-0.634 std=2.748) clip=50.0
[DEBUG] train_step 3950: starting episode collection
[DEBUG] train_step 3950: episodes collected, starting value_update
[DEBUG] train_step 3950: value_update done, starting policy_update
[DEBUG] train_step 3950: policy_update done
[step 04000] value_loss=4.709179 policy_loss=-0.181254
[step 04000] VALUE_DEBUG: target(mean=-14.93 std=2.63 min=-21.35 max=-8.28) V(s)(mean=-14.89 std=1.37) reward(mean=-0.606 std=4.653) clip=50.0
[step 04000] eval_success_rate=0.080 eval_mean_score=11.980 eval_policy_mode=greedy [solved=4/50, score_range=9.00-16.00/16.0, initial=9.00]
[step 04000] PROGRESS: filled=11.98 violations=0.00 zero_cand=0.00
[step 04000] DEBUG: ep_len=15.6 ep_ret=-13.966 stop_prob=0.000 score_chg=2.4525
[Checkpoint] Saved to buiksat_trm/checkpoints/table3_hard_6to8_controlled_nomask_nc_r10_s3/rl_checkpoint_step_4000.pt
[DEBUG] train_step 4000: starting episode collection
[DEBUG] train_step 4000: episodes collected, starting value_update
[DEBUG] train_step 4000: value_update done, starting policy_update
[DEBUG] train_step 4000: policy_update done
[step 04050] value_loss=5.937800 policy_loss=-0.749533
[step 04050] VALUE_DEBUG: target(mean=-14.96 std=2.44 min=-23.33 max=-10.34) V(s)(mean=-14.94 std=1.21) reward(mean=-1.573 std=5.725) clip=50.0
[DEBUG] train_step 4050: starting episode collection
[DEBUG] train_step 4050: episodes collected, starting value_update
[DEBUG] train_step 4050: value_update done, starting policy_update
[DEBUG] train_step 4050: policy_update done
[step 04100] value_loss=11.247981 policy_loss=-0.412724
[step 04100] VALUE_DEBUG: target(mean=-14.50 std=4.03 min=-24.31 max=1.84) V(s)(mean=-14.84 std=1.39) reward(mean=-0.108 std=2.403) clip=50.0
[step 04100] eval_success_rate=0.000 eval_mean_score=11.600 eval_policy_mode=greedy [solved=0/50, score_range=9.00-15.00/16.0, initial=9.00]
[step 04100] PROGRESS: filled=11.60 violations=0.00 zero_cand=0.00
[step 04100] DEBUG: ep_len=15.6 ep_ret=-13.511 stop_prob=0.000 score_chg=2.6950
[DEBUG] train_step 4100: starting episode collection
[DEBUG] train_step 4100: episodes collected, starting value_update
[DEBUG] train_step 4100: value_update done, starting policy_update
[DEBUG] train_step 4100: policy_update done
[step 04150] value_loss=3.762750 policy_loss=1.340533
[step 04150] VALUE_DEBUG: target(mean=-14.15 std=2.25 min=-20.09 max=-9.01) V(s)(mean=-14.95 std=1.65) reward(mean=0.204 std=1.829) clip=50.0
[DEBUG] train_step 4150: starting episode collection
[DEBUG] train_step 4150: episodes collected, starting value_update
[DEBUG] train_step 4150: value_update done, starting policy_update
[DEBUG] train_step 4150: policy_update done
[step 04200] value_loss=15.241248 policy_loss=-0.087869
[step 04200] VALUE_DEBUG: target(mean=-13.80 std=4.21 min=-22.66 max=1.84) V(s)(mean=-14.44 std=1.56) reward(mean=-0.108 std=3.661) clip=50.0
[step 04200] eval_success_rate=0.000 eval_mean_score=11.580 eval_policy_mode=greedy [solved=0/50, score_range=9.00-15.00/16.0, initial=9.00]
[step 04200] PROGRESS: filled=11.58 violations=0.00 zero_cand=0.00
[step 04200] DEBUG: ep_len=15.4 ep_ret=-12.644 stop_prob=0.000 score_chg=3.0200
[DEBUG] train_step 4200: starting episode collection
[DEBUG] train_step 4200: episodes collected, starting value_update
[DEBUG] train_step 4200: value_update done, starting policy_update
[DEBUG] train_step 4200: policy_update done
[step 04250] value_loss=2.953464 policy_loss=-0.214540
[step 04250] VALUE_DEBUG: target(mean=-14.41 std=2.38 min=-23.47 max=-9.46) V(s)(mean=-14.59 std=1.38) reward(mean=0.111 std=1.658) clip=50.0
[DEBUG] train_step 4250: starting episode collection
[DEBUG] train_step 4250: episodes collected, starting value_update
[DEBUG] train_step 4250: value_update done, starting policy_update
[DEBUG] train_step 4250: policy_update done
[step 04300] value_loss=7.902690 policy_loss=-0.508541
[step 04300] VALUE_DEBUG: target(mean=-14.44 std=3.31 min=-22.94 max=-5.27) V(s)(mean=-14.46 std=1.61) reward(mean=-1.600 std=5.407) clip=50.0
[step 04300] eval_success_rate=0.040 eval_mean_score=11.540 eval_policy_mode=greedy [solved=2/50, score_range=9.00-16.00/16.0, initial=9.00]
[step 04300] PROGRESS: filled=11.54 violations=0.00 zero_cand=0.00
[step 04300] DEBUG: ep_len=15.5 ep_ret=-12.649 stop_prob=0.000 score_chg=2.9900
[DEBUG] train_step 4300: starting episode collection
[DEBUG] train_step 4300: episodes collected, starting value_update
[DEBUG] train_step 4300: value_update done, starting policy_update
[DEBUG] train_step 4300: policy_update done
[step 04350] value_loss=2.815646 policy_loss=-0.074820
[step 04350] VALUE_DEBUG: target(mean=-15.14 std=2.02 min=-21.48 max=-10.32) V(s)(mean=-14.93 std=2.16) reward(mean=-0.677 std=3.189) clip=50.0
[DEBUG] train_step 4350: starting episode collection
[DEBUG] train_step 4350: episodes collected, starting value_update
[DEBUG] train_step 4350: value_update done, starting policy_update
[DEBUG] train_step 4350: policy_update done
[step 04400] value_loss=3.384567 policy_loss=-0.060803
[step 04400] VALUE_DEBUG: target(mean=-15.20 std=2.08 min=-20.56 max=-9.79) V(s)(mean=-14.55 std=1.89) reward(mean=-0.978 std=3.016) clip=50.0
[step 04400] eval_success_rate=0.000 eval_mean_score=11.200 eval_policy_mode=greedy [solved=0/50, score_range=9.00-14.00/16.0, initial=9.00]
[step 04400] PROGRESS: filled=11.20 violations=0.00 zero_cand=0.00
[step 04400] DEBUG: ep_len=15.6 ep_ret=-12.629 stop_prob=0.000 score_chg=3.1975
[DEBUG] train_step 4400: starting episode collection
[DEBUG] train_step 4400: episodes collected, starting value_update
[DEBUG] train_step 4400: value_update done, starting policy_update
[DEBUG] train_step 4400: policy_update done
[step 04450] value_loss=12.178787 policy_loss=-0.154909
[step 04450] VALUE_DEBUG: target(mean=-13.73 std=3.79 min=-18.91 max=1.84) V(s)(mean=-14.84 std=1.66) reward(mean=0.106 std=3.585) clip=50.0
[DEBUG] train_step 4450: starting episode collection
[DEBUG] train_step 4450: episodes collected, starting value_update
[DEBUG] train_step 4450: value_update done, starting policy_update
[DEBUG] train_step 4450: policy_update done
[step 04500] value_loss=2.679710 policy_loss=0.411922
[step 04500] VALUE_DEBUG: target(mean=-14.88 std=2.28 min=-22.03 max=-10.60) V(s)(mean=-14.67 std=1.43) reward(mean=-1.614 std=5.502) clip=50.0
[step 04500] eval_success_rate=0.040 eval_mean_score=11.780 eval_policy_mode=greedy [solved=2/50, score_range=9.00-16.00/16.0, initial=9.00]
[step 04500] PROGRESS: filled=11.78 violations=0.00 zero_cand=0.00
[step 04500] DEBUG: ep_len=15.4 ep_ret=-12.407 stop_prob=0.000 score_chg=2.9950
[DEBUG] train_step 4500: starting episode collection
[DEBUG] train_step 4500: episodes collected, starting value_update
[DEBUG] train_step 4500: value_update done, starting policy_update
[DEBUG] train_step 4500: policy_update done
[step 04550] value_loss=5.926259 policy_loss=-0.332732
[step 04550] VALUE_DEBUG: target(mean=-14.28 std=2.95 min=-22.67 max=-8.59) V(s)(mean=-14.37 std=1.61) reward(mean=-1.480 std=5.433) clip=50.0
[DEBUG] train_step 4550: starting episode collection
[DEBUG] train_step 4550: episodes collected, starting value_update
[DEBUG] train_step 4550: value_update done, starting policy_update
[DEBUG] train_step 4550: policy_update done
[step 04600] value_loss=1.839259 policy_loss=-0.146943
[step 04600] VALUE_DEBUG: target(mean=-14.36 std=2.40 min=-21.86 max=-9.33) V(s)(mean=-13.98 std=1.81) reward(mean=-0.577 std=2.978) clip=50.0
[step 04600] eval_success_rate=0.000 eval_mean_score=11.600 eval_policy_mode=greedy [solved=0/50, score_range=9.00-15.00/16.0, initial=9.00]
[step 04600] PROGRESS: filled=11.60 violations=0.00 zero_cand=0.00
[step 04600] DEBUG: ep_len=15.4 ep_ret=-11.580 stop_prob=0.000 score_chg=3.4950
[DEBUG] train_step 4600: starting episode collection
[DEBUG] train_step 4600: episodes collected, starting value_update
[DEBUG] train_step 4600: value_update done, starting policy_update
[DEBUG] train_step 4600: policy_update done
[step 04650] value_loss=6.059052 policy_loss=0.971646
[step 04650] VALUE_DEBUG: target(mean=-14.29 std=3.09 min=-22.41 max=-5.66) V(s)(mean=-14.67 std=2.36) reward(mean=-0.760 std=4.602) clip=50.0
[DEBUG] train_step 4650: starting episode collection
[DEBUG] train_step 4650: episodes collected, starting value_update
[DEBUG] train_step 4650: value_update done, starting policy_update
[DEBUG] train_step 4650: policy_update done
[step 04700] value_loss=4.567025 policy_loss=0.025867
[step 04700] VALUE_DEBUG: target(mean=-14.28 std=3.28 min=-24.13 max=-8.03) V(s)(mean=-14.13 std=2.19) reward(mean=-2.017 std=5.791) clip=50.0
[step 04700] eval_success_rate=0.040 eval_mean_score=11.700 eval_policy_mode=greedy [solved=2/50, score_range=9.00-16.00/16.0, initial=9.00]
[step 04700] PROGRESS: filled=11.70 violations=0.00 zero_cand=0.00
[step 04700] DEBUG: ep_len=15.3 ep_ret=-11.991 stop_prob=0.000 score_chg=3.2150
[DEBUG] train_step 4700: starting episode collection
[DEBUG] train_step 4700: episodes collected, starting value_update
[DEBUG] train_step 4700: value_update done, starting policy_update
[DEBUG] train_step 4700: policy_update done
[step 04750] value_loss=4.596822 policy_loss=0.497653
[step 04750] VALUE_DEBUG: target(mean=-14.22 std=2.94 min=-20.17 max=-7.33) V(s)(mean=-13.78 std=2.29) reward(mean=-1.024 std=4.361) clip=50.0
[DEBUG] train_step 4750: starting episode collection
[DEBUG] train_step 4750: episodes collected, starting value_update
[DEBUG] train_step 4750: value_update done, starting policy_update
[DEBUG] train_step 4750: policy_update done
[step 04800] value_loss=3.525994 policy_loss=1.769814
[step 04800] VALUE_DEBUG: target(mean=-14.81 std=2.59 min=-21.17 max=-8.09) V(s)(mean=-14.59 std=1.64) reward(mean=-1.162 std=4.304) clip=50.0
[step 04800] eval_success_rate=0.080 eval_mean_score=11.940 eval_policy_mode=greedy [solved=4/50, score_range=9.00-16.00/16.0, initial=9.00]
[step 04800] PROGRESS: filled=11.94 violations=0.00 zero_cand=0.00
[step 04800] DEBUG: ep_len=15.4 ep_ret=-12.314 stop_prob=0.000 score_chg=3.1500
[DEBUG] train_step 4800: starting episode collection
[DEBUG] train_step 4800: episodes collected, starting value_update
[DEBUG] train_step 4800: value_update done, starting policy_update
[DEBUG] train_step 4800: policy_update done
[step 04850] value_loss=6.496615 policy_loss=-0.130306
[step 04850] VALUE_DEBUG: target(mean=-15.12 std=2.83 min=-22.38 max=-8.25) V(s)(mean=-14.44 std=1.19) reward(mean=-1.661 std=4.581) clip=50.0
[DEBUG] train_step 4850: starting episode collection
[DEBUG] train_step 4850: episodes collected, starting value_update
[DEBUG] train_step 4850: value_update done, starting policy_update
[DEBUG] train_step 4850: policy_update done
[step 04900] value_loss=3.485034 policy_loss=0.506351
[step 04900] VALUE_DEBUG: target(mean=-13.85 std=2.15 min=-18.66 max=-9.09) V(s)(mean=-13.90 std=1.92) reward(mean=-0.428 std=3.354) clip=50.0
[step 04900] eval_success_rate=0.040 eval_mean_score=11.980 eval_policy_mode=greedy [solved=2/50, score_range=9.00-16.00/16.0, initial=9.00]
[step 04900] PROGRESS: filled=11.98 violations=0.00 zero_cand=0.00
[step 04900] DEBUG: ep_len=15.4 ep_ret=-12.151 stop_prob=0.000 score_chg=3.0750
[DEBUG] train_step 4900: starting episode collection
[DEBUG] train_step 4900: episodes collected, starting value_update
[DEBUG] train_step 4900: value_update done, starting policy_update
[DEBUG] train_step 4900: policy_update done
[step 04950] value_loss=3.084031 policy_loss=-0.252337
[step 04950] VALUE_DEBUG: target(mean=-15.18 std=2.30 min=-21.65 max=-11.00) V(s)(mean=-14.82 std=1.72) reward(mean=-1.301 std=4.190) clip=50.0
[DEBUG] train_step 4950: starting episode collection
[DEBUG] train_step 4950: episodes collected, starting value_update
[DEBUG] train_step 4950: value_update done, starting policy_update
[DEBUG] train_step 4950: policy_update done
[step 05000] value_loss=5.173312 policy_loss=-0.151206
[step 05000] VALUE_DEBUG: target(mean=-14.76 std=2.60 min=-22.19 max=-8.62) V(s)(mean=-15.13 std=1.65) reward(mean=-0.393 std=3.621) clip=50.0
[step 05000] eval_success_rate=0.080 eval_mean_score=12.320 eval_policy_mode=greedy [solved=4/50, score_range=9.00-16.00/16.0, initial=9.00]
[step 05000] PROGRESS: filled=12.32 violations=0.00 zero_cand=0.00
[step 05000] DEBUG: ep_len=15.4 ep_ret=-12.481 stop_prob=0.000 score_chg=3.1225
[Checkpoint] Saved to buiksat_trm/checkpoints/table3_hard_6to8_controlled_nomask_nc_r10_s3/rl_checkpoint_step_5000.pt
[DEBUG] train_step 5000: starting episode collection
[DEBUG] train_step 5000: episodes collected, starting value_update
[DEBUG] train_step 5000: value_update done, starting policy_update
[DEBUG] train_step 5000: policy_update done
[step 05050] value_loss=3.939205 policy_loss=0.184468
[step 05050] VALUE_DEBUG: target(mean=-13.61 std=3.01 min=-17.25 max=-6.00) V(s)(mean=-14.73 std=2.37) reward(mean=-0.399 std=4.354) clip=50.0
[DEBUG] train_step 5050: starting episode collection
[DEBUG] train_step 5050: episodes collected, starting value_update
[DEBUG] train_step 5050: value_update done, starting policy_update
[DEBUG] train_step 5050: policy_update done
[step 05100] value_loss=6.918411 policy_loss=-0.066726
[step 05100] VALUE_DEBUG: target(mean=-14.75 std=2.94 min=-21.08 max=-6.50) V(s)(mean=-14.89 std=1.36) reward(mean=0.197 std=2.795) clip=50.0
[step 05100] eval_success_rate=0.000 eval_mean_score=12.480 eval_policy_mode=greedy [solved=0/50, score_range=9.00-15.00/16.0, initial=9.00]
[step 05100] PROGRESS: filled=12.48 violations=0.00 zero_cand=0.00
[step 05100] DEBUG: ep_len=15.3 ep_ret=-10.954 stop_prob=0.000 score_chg=3.7700
[DEBUG] train_step 5100: starting episode collection
[DEBUG] train_step 5100: episodes collected, starting value_update
[DEBUG] train_step 5100: value_update done, starting policy_update
[DEBUG] train_step 5100: policy_update done
[step 05150] value_loss=4.582819 policy_loss=1.127028
[step 05150] VALUE_DEBUG: target(mean=-13.86 std=2.95 min=-21.87 max=-2.86) V(s)(mean=-14.32 std=1.57) reward(mean=0.046 std=3.633) clip=50.0
[DEBUG] train_step 5150: starting episode collection
[DEBUG] train_step 5150: episodes collected, starting value_update
[DEBUG] train_step 5150: value_update done, starting policy_update
[DEBUG] train_step 5150: policy_update done
[step 05200] value_loss=5.990621 policy_loss=1.750548
[step 05200] VALUE_DEBUG: target(mean=-13.96 std=3.14 min=-22.98 max=-6.32) V(s)(mean=-13.56 std=1.49) reward(mean=-1.268 std=5.410) clip=50.0
[step 05200] eval_success_rate=0.040 eval_mean_score=12.420 eval_policy_mode=greedy [solved=2/50, score_range=9.00-16.00/16.0, initial=9.00]
[step 05200] PROGRESS: filled=12.42 violations=0.00 zero_cand=0.00
[step 05200] DEBUG: ep_len=15.2 ep_ret=-11.524 stop_prob=0.000 score_chg=3.6900
[DEBUG] train_step 5200: starting episode collection
[DEBUG] train_step 5200: episodes collected, starting value_update
[DEBUG] train_step 5200: value_update done, starting policy_update
[DEBUG] train_step 5200: policy_update done
[step 05250] value_loss=7.985631 policy_loss=1.061714
[step 05250] VALUE_DEBUG: target(mean=-13.23 std=4.00 min=-17.39 max=1.84) V(s)(mean=-13.79 std=2.26) reward(mean=-0.325 std=3.259) clip=50.0
[DEBUG] train_step 5250: starting episode collection
[DEBUG] train_step 5250: episodes collected, starting value_update
[DEBUG] train_step 5250: value_update done, starting policy_update
[DEBUG] train_step 5250: policy_update done
[step 05300] value_loss=16.283766 policy_loss=0.319228
[step 05300] VALUE_DEBUG: target(mean=-13.54 std=4.69 min=-21.32 max=6.84) V(s)(mean=-13.42 std=2.21) reward(mean=-1.142 std=3.946) clip=50.0
[step 05300] eval_success_rate=0.120 eval_mean_score=12.660 eval_policy_mode=greedy [solved=6/50, score_range=9.00-16.00/16.0, initial=9.00]
[step 05300] PROGRESS: filled=12.66 violations=0.00 zero_cand=0.00
[step 05300] DEBUG: ep_len=15.1 ep_ret=-11.424 stop_prob=0.000 score_chg=3.5700
[DEBUG] train_step 5300: starting episode collection
[DEBUG] train_step 5300: episodes collected, starting value_update
[DEBUG] train_step 5300: value_update done, starting policy_update
[DEBUG] train_step 5300: policy_update done
[step 05350] value_loss=13.908709 policy_loss=-0.329191
[step 05350] VALUE_DEBUG: target(mean=-12.94 std=3.90 min=-18.33 max=1.84) V(s)(mean=-13.94 std=1.84) reward(mean=-0.008 std=4.015) clip=50.0
[DEBUG] train_step 5350: starting episode collection
[DEBUG] train_step 5350: episodes collected, starting value_update
[DEBUG] train_step 5350: value_update done, starting policy_update
[DEBUG] train_step 5350: policy_update done
[step 05400] value_loss=7.294886 policy_loss=0.642269
[step 05400] VALUE_DEBUG: target(mean=-14.62 std=3.41 min=-24.55 max=-5.75) V(s)(mean=-14.08 std=2.14) reward(mean=-1.066 std=3.823) clip=50.0
[step 05400] eval_success_rate=0.060 eval_mean_score=12.560 eval_policy_mode=greedy [solved=3/50, score_range=9.00-16.00/16.0, initial=9.00]
[step 05400] PROGRESS: filled=12.56 violations=0.00 zero_cand=0.00
[step 05400] DEBUG: ep_len=15.1 ep_ret=-10.895 stop_prob=0.000 score_chg=3.6900
[DEBUG] train_step 5400: starting episode collection
[DEBUG] train_step 5400: episodes collected, starting value_update
[DEBUG] train_step 5400: value_update done, starting policy_update
[DEBUG] train_step 5400: policy_update done
[step 05450] value_loss=2.072796 policy_loss=1.222159
[step 05450] VALUE_DEBUG: target(mean=-13.89 std=2.33 min=-22.08 max=-9.22) V(s)(mean=-13.25 std=1.66) reward(mean=-1.862 std=6.033) clip=50.0
[DEBUG] train_step 5450: starting episode collection
[DEBUG] train_step 5450: episodes collected, starting value_update
[DEBUG] train_step 5450: value_update done, starting policy_update
[DEBUG] train_step 5450: policy_update done
[step 05500] value_loss=7.127266 policy_loss=-0.472433
[step 05500] VALUE_DEBUG: target(mean=-14.43 std=3.27 min=-21.93 max=-5.46) V(s)(mean=-14.28 std=1.90) reward(mean=-1.857 std=5.407) clip=50.0
[step 05500] eval_success_rate=0.120 eval_mean_score=12.580 eval_policy_mode=greedy [solved=6/50, score_range=9.00-16.00/16.0, initial=9.00]
[step 05500] PROGRESS: filled=12.58 violations=0.00 zero_cand=0.00
[step 05500] DEBUG: ep_len=15.1 ep_ret=-11.135 stop_prob=0.000 score_chg=3.7550
[DEBUG] train_step 5500: starting episode collection
[DEBUG] train_step 5500: episodes collected, starting value_update
[DEBUG] train_step 5500: value_update done, starting policy_update
[DEBUG] train_step 5500: policy_update done
[step 05550] value_loss=2.986481 policy_loss=0.378365
[step 05550] VALUE_DEBUG: target(mean=-13.67 std=3.14 min=-21.69 max=-4.75) V(s)(mean=-13.43 std=2.70) reward(mean=-1.047 std=3.470) clip=50.0
[DEBUG] train_step 5550: starting episode collection
[DEBUG] train_step 5550: episodes collected, starting value_update
[DEBUG] train_step 5550: value_update done, starting policy_update
[DEBUG] train_step 5550: policy_update done
[step 05600] value_loss=0.612634 policy_loss=-0.220622
[step 05600] VALUE_DEBUG: target(mean=-12.97 std=2.54 min=-17.05 max=-7.20) V(s)(mean=-12.70 std=2.29) reward(mean=-0.560 std=3.371) clip=50.0
[step 05600] eval_success_rate=0.080 eval_mean_score=12.580 eval_policy_mode=greedy [solved=4/50, score_range=9.00-16.00/16.0, initial=9.00]
[step 05600] PROGRESS: filled=12.58 violations=0.00 zero_cand=0.00
[step 05600] DEBUG: ep_len=14.9 ep_ret=-11.159 stop_prob=0.000 score_chg=3.3175
[DEBUG] train_step 5600: starting episode collection
[DEBUG] train_step 5600: episodes collected, starting value_update
[DEBUG] train_step 5600: value_update done, starting policy_update
[DEBUG] train_step 5600: policy_update done
[step 05650] value_loss=12.950250 policy_loss=1.004085
[step 05650] VALUE_DEBUG: target(mean=-12.72 std=4.63 min=-26.61 max=1.84) V(s)(mean=-12.67 std=3.08) reward(mean=-0.299 std=2.462) clip=50.0
[DEBUG] train_step 5650: starting episode collection
[DEBUG] train_step 5650: episodes collected, starting value_update
[DEBUG] train_step 5650: value_update done, starting policy_update
[DEBUG] train_step 5650: policy_update done
[step 05700] value_loss=15.793867 policy_loss=-0.579836
[step 05700] VALUE_DEBUG: target(mean=-13.21 std=5.06 min=-21.76 max=6.84) V(s)(mean=-14.08 std=2.89) reward(mean=0.286 std=2.445) clip=50.0
[step 05700] eval_success_rate=0.040 eval_mean_score=13.020 eval_policy_mode=greedy [solved=2/50, score_range=9.00-16.00/16.0, initial=9.00]
[step 05700] PROGRESS: filled=13.02 violations=0.00 zero_cand=0.00
[step 05700] DEBUG: ep_len=14.9 ep_ret=-10.324 stop_prob=0.000 score_chg=3.8425
[DEBUG] train_step 5700: starting episode collection
[DEBUG] train_step 5700: episodes collected, starting value_update
[DEBUG] train_step 5700: value_update done, starting policy_update
[DEBUG] train_step 5700: policy_update done
[step 05750] value_loss=5.009752 policy_loss=-0.214800
[step 05750] VALUE_DEBUG: target(mean=-13.66 std=3.18 min=-22.20 max=-6.06) V(s)(mean=-13.33 std=2.55) reward(mean=-0.612 std=3.432) clip=50.0
[DEBUG] train_step 5750: starting episode collection
[DEBUG] train_step 5750: episodes collected, starting value_update
[DEBUG] train_step 5750: value_update done, starting policy_update
[DEBUG] train_step 5750: policy_update done
[step 05800] value_loss=7.218821 policy_loss=0.711742
[step 05800] VALUE_DEBUG: target(mean=-13.02 std=3.50 min=-21.08 max=-4.05) V(s)(mean=-13.66 std=2.48) reward(mean=-0.900 std=5.873) clip=50.0
[step 05800] eval_success_rate=0.080 eval_mean_score=12.880 eval_policy_mode=greedy [solved=4/50, score_range=10.00-16.00/16.0, initial=9.00]
[step 05800] PROGRESS: filled=12.88 violations=0.00 zero_cand=0.00
[step 05800] DEBUG: ep_len=14.8 ep_ret=-9.789 stop_prob=0.000 score_chg=4.1500
[DEBUG] train_step 5800: starting episode collection
[DEBUG] train_step 5800: episodes collected, starting value_update
[DEBUG] train_step 5800: value_update done, starting policy_update
[DEBUG] train_step 5800: policy_update done
[step 05850] value_loss=12.093255 policy_loss=0.607255
[step 05850] VALUE_DEBUG: target(mean=-12.43 std=4.16 min=-21.04 max=1.84) V(s)(mean=-13.27 std=2.91) reward(mean=-1.023 std=3.655) clip=50.0
[DEBUG] train_step 5850: starting episode collection
[DEBUG] train_step 5850: episodes collected, starting value_update
[DEBUG] train_step 5850: value_update done, starting policy_update
[DEBUG] train_step 5850: policy_update done
[step 05900] value_loss=0.675327 policy_loss=0.169685
[step 05900] VALUE_DEBUG: target(mean=-12.76 std=2.90 min=-16.59 max=-5.83) V(s)(mean=-12.75 std=2.92) reward(mean=-0.113 std=1.957) clip=50.0
[step 05900] eval_success_rate=0.120 eval_mean_score=12.980 eval_policy_mode=greedy [solved=6/50, score_range=10.00-16.00/16.0, initial=9.00]
[step 05900] PROGRESS: filled=12.98 violations=0.00 zero_cand=0.00
[step 05900] DEBUG: ep_len=14.6 ep_ret=-9.145 stop_prob=0.000 score_chg=4.0750
[DEBUG] train_step 5900: starting episode collection
[DEBUG] train_step 5900: episodes collected, starting value_update
[DEBUG] train_step 5900: value_update done, starting policy_update
[DEBUG] train_step 5900: policy_update done
[step 05950] value_loss=9.791487 policy_loss=-0.004950
[step 05950] VALUE_DEBUG: target(mean=-13.50 std=3.57 min=-23.08 max=-6.11) V(s)(mean=-13.44 std=2.57) reward(mean=-0.144 std=3.238) clip=50.0
[DEBUG] train_step 5950: starting episode collection
[DEBUG] train_step 5950: episodes collected, starting value_update
[DEBUG] train_step 5950: value_update done, starting policy_update
[DEBUG] train_step 5950: policy_update done
[step 06000] value_loss=6.172262 policy_loss=1.246892
[step 06000] VALUE_DEBUG: target(mean=-12.58 std=4.04 min=-17.00 max=6.84) V(s)(mean=-13.00 std=2.45) reward(mean=0.669 std=1.665) clip=50.0
[step 06000] eval_success_rate=0.100 eval_mean_score=12.880 eval_policy_mode=greedy [solved=5/50, score_range=10.00-16.00/16.0, initial=9.00]
[step 06000] PROGRESS: filled=12.88 violations=0.00 zero_cand=0.00
[step 06000] DEBUG: ep_len=14.4 ep_ret=-8.282 stop_prob=0.000 score_chg=4.0400
[Checkpoint] Saved to buiksat_trm/checkpoints/table3_hard_6to8_controlled_nomask_nc_r10_s3/rl_checkpoint_step_6000.pt
[DEBUG] train_step 6000: starting episode collection
[DEBUG] train_step 6000: episodes collected, starting value_update
[DEBUG] train_step 6000: value_update done, starting policy_update
[DEBUG] train_step 6000: policy_update done
[step 06050] value_loss=15.297752 policy_loss=0.881532
[step 06050] VALUE_DEBUG: target(mean=-11.64 std=5.58 min=-20.96 max=6.84) V(s)(mean=-13.01 std=2.99) reward(mean=0.795 std=2.670) clip=50.0
[DEBUG] train_step 6050: starting episode collection
[DEBUG] train_step 6050: episodes collected, starting value_update
[DEBUG] train_step 6050: value_update done, starting policy_update
[DEBUG] train_step 6050: policy_update done
[step 06100] value_loss=6.205009 policy_loss=1.529824
[step 06100] VALUE_DEBUG: target(mean=-13.18 std=3.44 min=-20.13 max=-5.60) V(s)(mean=-12.16 std=3.12) reward(mean=-0.827 std=3.581) clip=50.0
[step 06100] eval_success_rate=0.140 eval_mean_score=13.120 eval_policy_mode=greedy [solved=7/50, score_range=9.00-16.00/16.0, initial=9.00]
[step 06100] PROGRESS: filled=13.12 violations=0.00 zero_cand=0.00
[step 06100] DEBUG: ep_len=14.2 ep_ret=-7.932 stop_prob=0.000 score_chg=4.2825
[DEBUG] train_step 6100: starting episode collection
[DEBUG] train_step 6100: episodes collected, starting value_update
[DEBUG] train_step 6100: value_update done, starting policy_update
[DEBUG] train_step 6100: policy_update done
[step 06150] value_loss=3.758671 policy_loss=-0.134845
[step 06150] VALUE_DEBUG: target(mean=-13.04 std=3.27 min=-20.13 max=-3.08) V(s)(mean=-13.14 std=2.77) reward(mean=-0.867 std=4.410) clip=50.0
[DEBUG] train_step 6150: starting episode collection
[DEBUG] train_step 6150: episodes collected, starting value_update
[DEBUG] train_step 6150: value_update done, starting policy_update
[DEBUG] train_step 6150: policy_update done
[step 06200] value_loss=3.328650 policy_loss=0.077221
[step 06200] VALUE_DEBUG: target(mean=-14.07 std=2.82 min=-22.09 max=-6.61) V(s)(mean=-14.31 std=2.39) reward(mean=-1.428 std=5.632) clip=50.0
[step 06200] eval_success_rate=0.200 eval_mean_score=13.780 eval_policy_mode=greedy [solved=10/50, score_range=11.00-16.00/16.0, initial=9.00]
[step 06200] PROGRESS: filled=13.78 violations=0.00 zero_cand=0.00
[step 06200] DEBUG: ep_len=14.1 ep_ret=-7.709 stop_prob=0.000 score_chg=4.5500
[DEBUG] train_step 6200: starting episode collection
[DEBUG] train_step 6200: episodes collected, starting value_update
[DEBUG] train_step 6200: value_update done, starting policy_update
[DEBUG] train_step 6200: policy_update done
[step 06250] value_loss=8.806992 policy_loss=0.855512
[step 06250] VALUE_DEBUG: target(mean=-12.36 std=5.16 min=-22.87 max=6.84) V(s)(mean=-13.12 std=3.56) reward(mean=0.128 std=3.624) clip=50.0
[DEBUG] train_step 6250: starting episode collection
[DEBUG] train_step 6250: episodes collected, starting value_update
[DEBUG] train_step 6250: value_update done, starting policy_update
[DEBUG] train_step 6250: policy_update done
[step 06300] value_loss=1.027590 policy_loss=1.132765
[step 06300] VALUE_DEBUG: target(mean=-13.41 std=2.76 min=-17.12 max=-2.35) V(s)(mean=-13.59 std=2.65) reward(mean=-1.532 std=5.534) clip=50.0
[step 06300] eval_success_rate=0.120 eval_mean_score=13.140 eval_policy_mode=greedy [solved=6/50, score_range=9.00-16.00/16.0, initial=9.00]
[step 06300] PROGRESS: filled=13.14 violations=0.00 zero_cand=0.00
[step 06300] DEBUG: ep_len=14.2 ep_ret=-8.114 stop_prob=0.000 score_chg=4.2800
[DEBUG] train_step 6300: starting episode collection
[DEBUG] train_step 6300: episodes collected, starting value_update
[DEBUG] train_step 6300: value_update done, starting policy_update
[DEBUG] train_step 6300: policy_update done
[step 06350] value_loss=12.271872 policy_loss=1.190588
[step 06350] VALUE_DEBUG: target(mean=-12.85 std=6.03 min=-22.91 max=6.84) V(s)(mean=-13.37 std=3.26) reward(mean=-1.181 std=4.606) clip=50.0
[DEBUG] train_step 6350: starting episode collection
[DEBUG] train_step 6350: episodes collected, starting value_update
[DEBUG] train_step 6350: value_update done, starting policy_update
[DEBUG] train_step 6350: policy_update done
[step 06400] value_loss=5.774750 policy_loss=-1.039549
[step 06400] VALUE_DEBUG: target(mean=-13.46 std=3.39 min=-23.18 max=-4.88) V(s)(mean=-13.02 std=2.43) reward(mean=-1.806 std=5.432) clip=50.0
[step 06400] eval_success_rate=0.180 eval_mean_score=13.100 eval_policy_mode=greedy [solved=9/50, score_range=10.00-16.00/16.0, initial=9.00]
[step 06400] PROGRESS: filled=13.10 violations=0.00 zero_cand=0.00
[step 06400] DEBUG: ep_len=14.0 ep_ret=-7.664 stop_prob=0.000 score_chg=4.2550
[DEBUG] train_step 6400: starting episode collection
[DEBUG] train_step 6400: episodes collected, starting value_update
[DEBUG] train_step 6400: value_update done, starting policy_update
[DEBUG] train_step 6400: policy_update done
[step 06450] value_loss=2.515048 policy_loss=0.606647
[step 06450] VALUE_DEBUG: target(mean=-13.00 std=2.87 min=-19.12 max=-6.99) V(s)(mean=-13.91 std=2.22) reward(mean=-0.428 std=3.588) clip=50.0
[DEBUG] train_step 6450: starting episode collection
[DEBUG] train_step 6450: episodes collected, starting value_update
[DEBUG] train_step 6450: value_update done, starting policy_update
[DEBUG] train_step 6450: policy_update done
[step 06500] value_loss=0.466780 policy_loss=0.727887
[step 06500] VALUE_DEBUG: target(mean=-13.35 std=2.67 min=-17.76 max=-4.66) V(s)(mean=-13.47 std=2.47) reward(mean=0.225 std=0.640) clip=50.0
[step 06500] eval_success_rate=0.160 eval_mean_score=13.260 eval_policy_mode=greedy [solved=8/50, score_range=10.00-16.00/16.0, initial=9.00]
[step 06500] PROGRESS: filled=13.26 violations=0.00 zero_cand=0.00
[step 06500] DEBUG: ep_len=14.2 ep_ret=-8.335 stop_prob=0.000 score_chg=4.0500
[DEBUG] train_step 6500: starting episode collection
[DEBUG] train_step 6500: episodes collected, starting value_update
[DEBUG] train_step 6500: value_update done, starting policy_update
[DEBUG] train_step 6500: policy_update done
[step 06550] value_loss=7.107283 policy_loss=-0.020626
[step 06550] VALUE_DEBUG: target(mean=-11.93 std=4.70 min=-22.13 max=1.84) V(s)(mean=-11.63 std=4.25) reward(mean=-0.362 std=3.882) clip=50.0
[DEBUG] train_step 6550: starting episode collection
[DEBUG] train_step 6550: episodes collected, starting value_update
[DEBUG] train_step 6550: value_update done, starting policy_update
[DEBUG] train_step 6550: policy_update done
[step 06600] value_loss=3.787141 policy_loss=-0.873761
[step 06600] VALUE_DEBUG: target(mean=-13.62 std=4.04 min=-17.44 max=0.28) V(s)(mean=-12.76 std=3.73) reward(mean=-0.861 std=3.386) clip=50.0
[step 06600] eval_success_rate=0.180 eval_mean_score=13.400 eval_policy_mode=greedy [solved=9/50, score_range=9.00-16.00/16.0, initial=9.00]
[step 06600] PROGRESS: filled=13.40 violations=0.00 zero_cand=0.00
[step 06600] DEBUG: ep_len=14.2 ep_ret=-7.436 stop_prob=0.000 score_chg=4.6100
[DEBUG] train_step 6600: starting episode collection
[DEBUG] train_step 6600: episodes collected, starting value_update
[DEBUG] train_step 6600: value_update done, starting policy_update
[DEBUG] train_step 6600: policy_update done
[step 06650] value_loss=3.377199 policy_loss=0.917016
[step 06650] VALUE_DEBUG: target(mean=-11.92 std=4.19 min=-17.51 max=1.84) V(s)(mean=-11.94 std=3.46) reward(mean=-0.709 std=4.240) clip=50.0
[DEBUG] train_step 6650: starting episode collection
[DEBUG] train_step 6650: episodes collected, starting value_update
[DEBUG] train_step 6650: value_update done, starting policy_update
[DEBUG] train_step 6650: policy_update done
[step 06700] value_loss=7.735391 policy_loss=0.221033
[step 06700] VALUE_DEBUG: target(mean=-12.81 std=4.91 min=-25.06 max=-0.76) V(s)(mean=-12.64 std=3.84) reward(mean=-1.022 std=5.646) clip=50.0
[step 06700] eval_success_rate=0.180 eval_mean_score=12.700 eval_policy_mode=greedy [solved=9/50, score_range=9.00-16.00/16.0, initial=9.00]
[step 06700] PROGRESS: filled=12.70 violations=0.00 zero_cand=0.00
[step 06700] DEBUG: ep_len=14.4 ep_ret=-8.569 stop_prob=0.000 score_chg=4.0625
[DEBUG] train_step 6700: starting episode collection
[DEBUG] train_step 6700: episodes collected, starting value_update
[DEBUG] train_step 6700: value_update done, starting policy_update
[DEBUG] train_step 6700: policy_update done
[step 06750] value_loss=5.017178 policy_loss=0.607788
[step 06750] VALUE_DEBUG: target(mean=-12.19 std=3.56 min=-16.15 max=-2.77) V(s)(mean=-11.98 std=3.71) reward(mean=-1.146 std=4.979) clip=50.0
[DEBUG] train_step 6750: starting episode collection
[DEBUG] train_step 6750: episodes collected, starting value_update
[DEBUG] train_step 6750: value_update done, starting policy_update
[DEBUG] train_step 6750: policy_update done
[step 06800] value_loss=8.165112 policy_loss=-0.130412
[step 06800] VALUE_DEBUG: target(mean=-12.17 std=4.94 min=-21.09 max=1.84) V(s)(mean=-11.68 std=3.32) reward(mean=-1.081 std=5.100) clip=50.0
[step 06800] eval_success_rate=0.200 eval_mean_score=13.540 eval_policy_mode=greedy [solved=10/50, score_range=9.00-16.00/16.0, initial=9.00]
[step 06800] PROGRESS: filled=13.54 violations=0.00 zero_cand=0.00
[step 06800] DEBUG: ep_len=13.7 ep_ret=-7.182 stop_prob=0.000 score_chg=4.1275
[DEBUG] train_step 6800: starting episode collection
[DEBUG] train_step 6800: episodes collected, starting value_update
[DEBUG] train_step 6800: value_update done, starting policy_update
[DEBUG] train_step 6800: policy_update done
[step 06850] value_loss=7.552997 policy_loss=-0.620451
[step 06850] VALUE_DEBUG: target(mean=-12.66 std=3.92 min=-24.95 max=-4.26) V(s)(mean=-12.48 std=2.80) reward(mean=0.023 std=3.110) clip=50.0
[DEBUG] train_step 6850: starting episode collection
[DEBUG] train_step 6850: episodes collected, starting value_update
[DEBUG] train_step 6850: value_update done, starting policy_update
[DEBUG] train_step 6850: policy_update done
[step 06900] value_loss=5.523299 policy_loss=-0.147704
[step 06900] VALUE_DEBUG: target(mean=-12.04 std=3.89 min=-17.84 max=-4.05) V(s)(mean=-11.63 std=4.24) reward(mean=-1.245 std=4.706) clip=50.0
[step 06900] eval_success_rate=0.220 eval_mean_score=13.660 eval_policy_mode=greedy [solved=11/50, score_range=9.00-16.00/16.0, initial=9.00]
[step 06900] PROGRESS: filled=13.66 violations=0.00 zero_cand=0.00
[step 06900] DEBUG: ep_len=13.6 ep_ret=-6.352 stop_prob=0.000 score_chg=4.3575
[DEBUG] train_step 6900: starting episode collection
[DEBUG] train_step 6900: episodes collected, starting value_update
[DEBUG] train_step 6900: value_update done, starting policy_update
[DEBUG] train_step 6900: policy_update done
[step 06950] value_loss=3.171465 policy_loss=-1.306211
[step 06950] VALUE_DEBUG: target(mean=-11.83 std=4.60 min=-20.37 max=-0.18) V(s)(mean=-11.89 std=4.27) reward(mean=-0.142 std=3.218) clip=50.0
[DEBUG] train_step 6950: starting episode collection
[DEBUG] train_step 6950: episodes collected, starting value_update
[DEBUG] train_step 6950: value_update done, starting policy_update
[DEBUG] train_step 6950: policy_update done
[step 07000] value_loss=13.764999 policy_loss=0.349921
[step 07000] VALUE_DEBUG: target(mean=-10.60 std=6.05 min=-21.16 max=1.84) V(s)(mean=-11.46 std=4.14) reward(mean=0.607 std=3.005) clip=50.0
[step 07000] eval_success_rate=0.260 eval_mean_score=13.240 eval_policy_mode=greedy [solved=13/50, score_range=9.00-16.00/16.0, initial=9.00]
[step 07000] PROGRESS: filled=13.24 violations=0.00 zero_cand=0.00
[step 07000] DEBUG: ep_len=13.3 ep_ret=-5.699 stop_prob=0.000 score_chg=4.5300
[Checkpoint] Saved to buiksat_trm/checkpoints/table3_hard_6to8_controlled_nomask_nc_r10_s3/rl_checkpoint_step_7000.pt
[DEBUG] train_step 7000: starting episode collection
[DEBUG] train_step 7000: episodes collected, starting value_update
[DEBUG] train_step 7000: value_update done, starting policy_update
[DEBUG] train_step 7000: policy_update done
[step 07050] value_loss=13.119522 policy_loss=-0.582588
[step 07050] VALUE_DEBUG: target(mean=-10.92 std=4.41 min=-17.12 max=1.93) V(s)(mean=-11.95 std=2.80) reward(mean=0.354 std=5.614) clip=50.0
[DEBUG] train_step 7050: starting episode collection
[DEBUG] train_step 7050: episodes collected, starting value_update
[DEBUG] train_step 7050: value_update done, starting policy_update
[DEBUG] train_step 7050: policy_update done
[step 07100] value_loss=7.531941 policy_loss=0.613675
[step 07100] VALUE_DEBUG: target(mean=-12.19 std=4.70 min=-21.88 max=-0.98) V(s)(mean=-11.07 std=4.39) reward(mean=-1.640 std=4.448) clip=50.0
[step 07100] eval_success_rate=0.340 eval_mean_score=13.740 eval_policy_mode=greedy [solved=17/50, score_range=10.00-16.00/16.0, initial=9.00]
[step 07100] PROGRESS: filled=13.74 violations=0.00 zero_cand=0.00
[step 07100] DEBUG: ep_len=13.4 ep_ret=-6.550 stop_prob=0.000 score_chg=4.4525
[DEBUG] train_step 7100: starting episode collection
[DEBUG] train_step 7100: episodes collected, starting value_update
[DEBUG] train_step 7100: value_update done, starting policy_update
[DEBUG] train_step 7100: policy_update done
[step 07150] value_loss=14.384722 policy_loss=-0.698925
[step 07150] VALUE_DEBUG: target(mean=-9.99 std=5.93 min=-18.68 max=1.84) V(s)(mean=-10.59 std=4.87) reward(mean=0.226 std=2.726) clip=50.0
[DEBUG] train_step 7150: starting episode collection
[DEBUG] train_step 7150: episodes collected, starting value_update
[DEBUG] train_step 7150: value_update done, starting policy_update
[DEBUG] train_step 7150: policy_update done
[step 07200] value_loss=10.972446 policy_loss=0.658732
[step 07200] VALUE_DEBUG: target(mean=-10.25 std=5.27 min=-16.91 max=4.20) V(s)(mean=-10.13 std=4.37) reward(mean=0.353 std=4.922) clip=50.0
[step 07200] eval_success_rate=0.360 eval_mean_score=14.020 eval_policy_mode=greedy [solved=18/50, score_range=9.00-16.00/16.0, initial=9.00]
[step 07200] PROGRESS: filled=14.02 violations=0.00 zero_cand=0.00
[step 07200] DEBUG: ep_len=13.4 ep_ret=-6.096 stop_prob=0.000 score_chg=4.3350
[DEBUG] train_step 7200: starting episode collection
[DEBUG] train_step 7200: episodes collected, starting value_update
[DEBUG] train_step 7200: value_update done, starting policy_update
[DEBUG] train_step 7200: policy_update done
[step 07250] value_loss=6.856411 policy_loss=-0.180211
[step 07250] VALUE_DEBUG: target(mean=-11.49 std=4.83 min=-16.74 max=1.84) V(s)(mean=-12.62 std=3.36) reward(mean=0.792 std=1.565) clip=50.0
[DEBUG] train_step 7250: starting episode collection
[DEBUG] train_step 7250: episodes collected, starting value_update
[DEBUG] train_step 7250: value_update done, starting policy_update
[DEBUG] train_step 7250: policy_update done
[step 07300] value_loss=6.250131 policy_loss=1.120177
[step 07300] VALUE_DEBUG: target(mean=-10.24 std=5.48 min=-19.27 max=1.84) V(s)(mean=-10.04 std=4.65) reward(mean=-0.113 std=1.629) clip=50.0
[step 07300] eval_success_rate=0.380 eval_mean_score=13.780 eval_policy_mode=greedy [solved=19/50, score_range=10.00-16.00/16.0, initial=9.00]
[step 07300] PROGRESS: filled=13.78 violations=0.00 zero_cand=0.00
[step 07300] DEBUG: ep_len=13.0 ep_ret=-5.071 stop_prob=0.000 score_chg=4.7700
[DEBUG] train_step 7300: starting episode collection
[DEBUG] train_step 7300: episodes collected, starting value_update
[DEBUG] train_step 7300: value_update done, starting policy_update
[DEBUG] train_step 7300: policy_update done
[step 07350] value_loss=4.881269 policy_loss=0.441291
[step 07350] VALUE_DEBUG: target(mean=-11.21 std=5.43 min=-22.42 max=0.06) V(s)(mean=-10.89 std=4.48) reward(mean=0.343 std=1.960) clip=50.0
[DEBUG] train_step 7350: starting episode collection
[DEBUG] train_step 7350: episodes collected, starting value_update
[DEBUG] train_step 7350: value_update done, starting policy_update
[DEBUG] train_step 7350: policy_update done
[step 07400] value_loss=5.086050 policy_loss=0.183587
[step 07400] VALUE_DEBUG: target(mean=-10.88 std=5.84 min=-22.02 max=0.88) V(s)(mean=-10.61 std=5.01) reward(mean=-1.241 std=5.086) clip=50.0
[step 07400] eval_success_rate=0.380 eval_mean_score=13.620 eval_policy_mode=greedy [solved=19/50, score_range=10.00-16.00/16.0, initial=9.00]
[step 07400] PROGRESS: filled=13.62 violations=0.00 zero_cand=0.00
[step 07400] DEBUG: ep_len=13.1 ep_ret=-6.070 stop_prob=0.000 score_chg=4.4100
[DEBUG] train_step 7400: starting episode collection
[DEBUG] train_step 7400: episodes collected, starting value_update
[DEBUG] train_step 7400: value_update done, starting policy_update
[DEBUG] train_step 7400: policy_update done
[step 07450] value_loss=9.793185 policy_loss=-0.363296
[step 07450] VALUE_DEBUG: target(mean=-11.54 std=5.08 min=-22.00 max=3.80) V(s)(mean=-11.84 std=4.01) reward(mean=-1.083 std=6.659) clip=50.0
[DEBUG] train_step 7450: starting episode collection
[DEBUG] train_step 7450: episodes collected, starting value_update
[DEBUG] train_step 7450: value_update done, starting policy_update
[DEBUG] train_step 7450: policy_update done
[step 07500] value_loss=2.925236 policy_loss=-0.071595
[step 07500] VALUE_DEBUG: target(mean=-10.50 std=5.82 min=-19.09 max=2.74) V(s)(mean=-10.82 std=5.29) reward(mean=-0.305 std=4.549) clip=50.0
[step 07500] eval_success_rate=0.420 eval_mean_score=13.860 eval_policy_mode=greedy [solved=21/50, score_range=10.00-16.00/16.0, initial=9.00]
[step 07500] PROGRESS: filled=13.86 violations=0.00 zero_cand=0.00
[step 07500] DEBUG: ep_len=12.5 ep_ret=-4.354 stop_prob=0.000 score_chg=4.3850
[DEBUG] train_step 7500: starting episode collection
[DEBUG] train_step 7500: episodes collected, starting value_update
[DEBUG] train_step 7500: value_update done, starting policy_update
[DEBUG] train_step 7500: policy_update done
[step 07550] value_loss=8.738874 policy_loss=-1.675414
[step 07550] VALUE_DEBUG: target(mean=-11.50 std=3.72 min=-19.37 max=-1.70) V(s)(mean=-11.45 std=3.60) reward(mean=-1.048 std=4.504) clip=50.0
[DEBUG] train_step 7550: starting episode collection
[DEBUG] train_step 7550: episodes collected, starting value_update
[DEBUG] train_step 7550: value_update done, starting policy_update
[DEBUG] train_step 7550: policy_update done
[step 07600] value_loss=1.967508 policy_loss=0.468698
[step 07600] VALUE_DEBUG: target(mean=-9.23 std=5.77 min=-16.28 max=1.91) V(s)(mean=-9.39 std=5.28) reward(mean=0.567 std=1.156) clip=50.0
[step 07600] eval_success_rate=0.380 eval_mean_score=13.840 eval_policy_mode=greedy [solved=19/50, score_range=10.00-16.00/16.0, initial=9.00]
[step 07600] PROGRESS: filled=13.84 violations=0.00 zero_cand=0.00
[step 07600] DEBUG: ep_len=12.7 ep_ret=-5.141 stop_prob=0.000 score_chg=4.6900
[DEBUG] train_step 7600: starting episode collection
[DEBUG] train_step 7600: episodes collected, starting value_update
[DEBUG] train_step 7600: value_update done, starting policy_update
[DEBUG] train_step 7600: policy_update done
[step 07650] value_loss=7.168413 policy_loss=-0.271135
[step 07650] VALUE_DEBUG: target(mean=-11.50 std=5.60 min=-20.27 max=1.84) V(s)(mean=-11.17 std=5.04) reward(mean=-0.463 std=3.869) clip=50.0
[DEBUG] train_step 7650: starting episode collection
[DEBUG] train_step 7650: episodes collected, starting value_update
[DEBUG] train_step 7650: value_update done, starting policy_update
[DEBUG] train_step 7650: policy_update done
[step 07700] value_loss=4.340248 policy_loss=-0.485830
[step 07700] VALUE_DEBUG: target(mean=-10.12 std=5.58 min=-24.18 max=1.84) V(s)(mean=-10.94 std=4.82) reward(mean=-0.060 std=3.293) clip=50.0
[step 07700] eval_success_rate=0.420 eval_mean_score=13.800 eval_policy_mode=greedy [solved=21/50, score_range=10.00-16.00/16.0, initial=9.00]
[step 07700] PROGRESS: filled=13.80 violations=0.00 zero_cand=0.00
[step 07700] DEBUG: ep_len=12.8 ep_ret=-4.791 stop_prob=0.000 score_chg=4.8150
[DEBUG] train_step 7700: starting episode collection
[DEBUG] train_step 7700: episodes collected, starting value_update
[DEBUG] train_step 7700: value_update done, starting policy_update
[DEBUG] train_step 7700: policy_update done
[step 07750] value_loss=10.978125 policy_loss=-0.445741
[step 07750] VALUE_DEBUG: target(mean=-11.08 std=5.60 min=-24.99 max=1.84) V(s)(mean=-10.68 std=4.98) reward(mean=-0.741 std=5.356) clip=50.0
[DEBUG] train_step 7750: starting episode collection
[DEBUG] train_step 7750: episodes collected, starting value_update
[DEBUG] train_step 7750: value_update done, starting policy_update
[DEBUG] train_step 7750: policy_update done
[step 07800] value_loss=6.819718 policy_loss=-2.284704
[step 07800] VALUE_DEBUG: target(mean=-8.30 std=5.65 min=-17.77 max=6.84) V(s)(mean=-8.16 std=5.34) reward(mean=0.261 std=2.029) clip=50.0
[step 07800] eval_success_rate=0.500 eval_mean_score=14.300 eval_policy_mode=greedy [solved=25/50, score_range=10.00-16.00/16.0, initial=9.00]
[step 07800] PROGRESS: filled=14.30 violations=0.00 zero_cand=0.00
[step 07800] DEBUG: ep_len=12.2 ep_ret=-3.655 stop_prob=0.000 score_chg=4.8800
[DEBUG] train_step 7800: starting episode collection
[DEBUG] train_step 7800: episodes collected, starting value_update
[DEBUG] train_step 7800: value_update done, starting policy_update
[DEBUG] train_step 7800: policy_update done
[step 07850] value_loss=7.973600 policy_loss=0.248272
[step 07850] VALUE_DEBUG: target(mean=-10.19 std=6.81 min=-19.80 max=6.45) V(s)(mean=-10.41 std=5.88) reward(mean=-1.076 std=4.792) clip=50.0
[DEBUG] train_step 7850: starting episode collection
[DEBUG] train_step 7850: episodes collected, starting value_update
[DEBUG] train_step 7850: value_update done, starting policy_update
[DEBUG] train_step 7850: policy_update done
[step 07900] value_loss=6.874833 policy_loss=-0.874729
[step 07900] VALUE_DEBUG: target(mean=-9.51 std=6.56 min=-20.57 max=4.87) V(s)(mean=-9.02 std=5.38) reward(mean=-0.269 std=4.232) clip=50.0
[step 07900] eval_success_rate=0.400 eval_mean_score=13.920 eval_policy_mode=greedy [solved=20/50, score_range=11.00-16.00/16.0, initial=9.00]
[step 07900] PROGRESS: filled=13.92 violations=0.00 zero_cand=0.00
[step 07900] DEBUG: ep_len=12.5 ep_ret=-4.222 stop_prob=0.000 score_chg=5.0125
[DEBUG] train_step 7900: starting episode collection
[DEBUG] train_step 7900: episodes collected, starting value_update
[DEBUG] train_step 7900: value_update done, starting policy_update
[DEBUG] train_step 7900: policy_update done
[step 07950] value_loss=9.214535 policy_loss=2.093132
[step 07950] VALUE_DEBUG: target(mean=-12.43 std=5.02 min=-18.61 max=0.53) V(s)(mean=-12.12 std=4.93) reward(mean=-0.487 std=3.030) clip=50.0
[DEBUG] train_step 7950: starting episode collection
[DEBUG] train_step 7950: episodes collected, starting value_update
[DEBUG] train_step 7950: value_update done, starting policy_update
[DEBUG] train_step 7950: policy_update done
[step 08000] value_loss=7.240188 policy_loss=0.865995
[step 08000] VALUE_DEBUG: target(mean=-11.57 std=6.07 min=-22.08 max=1.86) V(s)(mean=-11.53 std=5.09) reward(mean=-0.487 std=4.624) clip=50.0
[step 08000] eval_success_rate=0.360 eval_mean_score=13.840 eval_policy_mode=greedy [solved=18/50, score_range=10.00-16.00/16.0, initial=9.00]
[step 08000] PROGRESS: filled=13.84 violations=0.00 zero_cand=0.00
[step 08000] DEBUG: ep_len=12.5 ep_ret=-4.417 stop_prob=0.000 score_chg=4.7600
[Checkpoint] Saved to buiksat_trm/checkpoints/table3_hard_6to8_controlled_nomask_nc_r10_s3/rl_checkpoint_step_8000.pt
[DEBUG] train_step 8000: starting episode collection
[DEBUG] train_step 8000: episodes collected, starting value_update
[DEBUG] train_step 8000: value_update done, starting policy_update
[DEBUG] train_step 8000: policy_update done
[step 08050] value_loss=6.453856 policy_loss=-0.112168
[step 08050] VALUE_DEBUG: target(mean=-10.52 std=5.20 min=-21.63 max=2.66) V(s)(mean=-10.24 std=4.60) reward(mean=-0.581 std=3.704) clip=50.0
[DEBUG] train_step 8050: starting episode collection
[DEBUG] train_step 8050: episodes collected, starting value_update
[DEBUG] train_step 8050: value_update done, starting policy_update
[DEBUG] train_step 8050: policy_update done
[step 08100] value_loss=5.498622 policy_loss=0.512420
[step 08100] VALUE_DEBUG: target(mean=-10.85 std=5.65 min=-18.72 max=0.88) V(s)(mean=-10.32 std=5.31) reward(mean=-0.613 std=3.470) clip=50.0
[step 08100] eval_success_rate=0.540 eval_mean_score=14.380 eval_policy_mode=greedy [solved=27/50, score_range=10.00-16.00/16.0, initial=9.00]
[step 08100] PROGRESS: filled=14.38 violations=0.00 zero_cand=0.00
[step 08100] DEBUG: ep_len=12.9 ep_ret=-4.738 stop_prob=0.000 score_chg=4.8050
[DEBUG] train_step 8100: starting episode collection
[DEBUG] train_step 8100: episodes collected, starting value_update
[DEBUG] train_step 8100: value_update done, starting policy_update
[DEBUG] train_step 8100: policy_update done
[step 08150] value_loss=7.823938 policy_loss=0.187920
[step 08150] VALUE_DEBUG: target(mean=-11.13 std=6.00 min=-23.00 max=1.84) V(s)(mean=-10.42 std=5.46) reward(mean=-1.104 std=3.502) clip=50.0
[DEBUG] train_step 8150: starting episode collection
[DEBUG] train_step 8150: episodes collected, starting value_update
[DEBUG] train_step 8150: value_update done, starting policy_update
[DEBUG] train_step 8150: policy_update done
[step 08200] value_loss=1.330507 policy_loss=-0.703383
[step 08200] VALUE_DEBUG: target(mean=-10.89 std=6.16 min=-21.67 max=2.85) V(s)(mean=-10.87 std=5.81) reward(mean=-0.368 std=2.929) clip=50.0
[step 08200] eval_success_rate=0.460 eval_mean_score=13.980 eval_policy_mode=greedy [solved=23/50, score_range=10.00-16.00/16.0, initial=9.00]
[step 08200] PROGRESS: filled=13.98 violations=0.00 zero_cand=0.00
[step 08200] DEBUG: ep_len=12.4 ep_ret=-3.842 stop_prob=0.000 score_chg=5.0975
[DEBUG] train_step 8200: starting episode collection
[DEBUG] train_step 8200: episodes collected, starting value_update
[DEBUG] train_step 8200: value_update done, starting policy_update
[DEBUG] train_step 8200: policy_update done
[step 08250] value_loss=7.777221 policy_loss=-0.077941
[step 08250] VALUE_DEBUG: target(mean=-9.68 std=7.17 min=-22.24 max=4.82) V(s)(mean=-9.02 std=6.30) reward(mean=0.167 std=3.013) clip=50.0
[DEBUG] train_step 8250: starting episode collection
[DEBUG] train_step 8250: episodes collected, starting value_update
[DEBUG] train_step 8250: value_update done, starting policy_update
[DEBUG] train_step 8250: policy_update done
[step 08300] value_loss=5.279385 policy_loss=-0.460036
[step 08300] VALUE_DEBUG: target(mean=-9.38 std=7.92 min=-19.79 max=2.69) V(s)(mean=-9.48 std=7.24) reward(mean=-0.700 std=4.541) clip=50.0
[step 08300] eval_success_rate=0.480 eval_mean_score=13.980 eval_policy_mode=greedy [solved=24/50, score_range=9.00-16.00/16.0, initial=9.00]
[step 08300] PROGRESS: filled=13.98 violations=0.00 zero_cand=0.00
[step 08300] DEBUG: ep_len=12.6 ep_ret=-4.086 stop_prob=0.000 score_chg=4.8250
[DEBUG] train_step 8300: starting episode collection
[DEBUG] train_step 8300: episodes collected, starting value_update
[DEBUG] train_step 8300: value_update done, starting policy_update
[DEBUG] train_step 8300: policy_update done
[step 08350] value_loss=5.697210 policy_loss=0.411689
[step 08350] VALUE_DEBUG: target(mean=-4.98 std=7.61 min=-18.58 max=6.84) V(s)(mean=-5.80 std=7.39) reward(mean=1.099 std=1.876) clip=50.0
[DEBUG] train_step 8350: starting episode collection
[DEBUG] train_step 8350: episodes collected, starting value_update
[DEBUG] train_step 8350: value_update done, starting policy_update
[DEBUG] train_step 8350: policy_update done
[step 08400] value_loss=8.937551 policy_loss=-0.617786
[step 08400] VALUE_DEBUG: target(mean=-7.64 std=8.41 min=-17.43 max=13.33) V(s)(mean=-8.11 std=7.50) reward(mean=0.419 std=2.747) clip=50.0
[step 08400] eval_success_rate=0.420 eval_mean_score=14.080 eval_policy_mode=greedy [solved=21/50, score_range=10.00-16.00/16.0, initial=9.00]
[step 08400] PROGRESS: filled=14.08 violations=0.00 zero_cand=0.00
[step 08400] DEBUG: ep_len=12.5 ep_ret=-3.885 stop_prob=0.000 score_chg=4.9350
[DEBUG] train_step 8400: starting episode collection
[DEBUG] train_step 8400: episodes collected, starting value_update
[DEBUG] train_step 8400: value_update done, starting policy_update
[DEBUG] train_step 8400: policy_update done
[step 08450] value_loss=4.914176 policy_loss=-0.581704
[step 08450] VALUE_DEBUG: target(mean=-10.00 std=7.23 min=-18.23 max=6.84) V(s)(mean=-10.39 std=6.77) reward(mean=-0.116 std=3.592) clip=50.0
[DEBUG] train_step 8450: starting episode collection
[DEBUG] train_step 8450: episodes collected, starting value_update
[DEBUG] train_step 8450: value_update done, starting policy_update
[DEBUG] train_step 8450: policy_update done
[step 08500] value_loss=8.104544 policy_loss=-0.234811
[step 08500] VALUE_DEBUG: target(mean=-10.09 std=7.31 min=-18.84 max=8.19) V(s)(mean=-10.61 std=6.82) reward(mean=-0.843 std=4.820) clip=50.0
[step 08500] eval_success_rate=0.460 eval_mean_score=13.840 eval_policy_mode=greedy [solved=23/50, score_range=9.00-16.00/16.0, initial=9.00]
[step 08500] PROGRESS: filled=13.84 violations=0.00 zero_cand=0.00
[step 08500] DEBUG: ep_len=12.8 ep_ret=-4.418 stop_prob=0.000 score_chg=4.7500
[DEBUG] train_step 8500: starting episode collection
[DEBUG] train_step 8500: episodes collected, starting value_update
[DEBUG] train_step 8500: value_update done, starting policy_update
[DEBUG] train_step 8500: policy_update done
[step 08550] value_loss=6.486446 policy_loss=-0.137477
[step 08550] VALUE_DEBUG: target(mean=-8.30 std=7.53 min=-19.06 max=7.29) V(s)(mean=-8.93 std=7.69) reward(mean=0.395 std=1.995) clip=50.0
[DEBUG] train_step 8550: starting episode collection
[DEBUG] train_step 8550: episodes collected, starting value_update
[DEBUG] train_step 8550: value_update done, starting policy_update
[DEBUG] train_step 8550: policy_update done
[step 08600] value_loss=13.711292 policy_loss=0.356247
[step 08600] VALUE_DEBUG: target(mean=-10.11 std=7.40 min=-24.11 max=6.84) V(s)(mean=-10.02 std=6.98) reward(mean=-0.492 std=4.920) clip=50.0
[step 08600] eval_success_rate=0.360 eval_mean_score=13.900 eval_policy_mode=greedy [solved=18/50, score_range=9.00-16.00/16.0, initial=9.00]
[step 08600] PROGRESS: filled=13.90 violations=0.00 zero_cand=0.00
[step 08600] DEBUG: ep_len=12.8 ep_ret=-4.711 stop_prob=0.000 score_chg=4.7675
[DEBUG] train_step 8600: starting episode collection
[DEBUG] train_step 8600: episodes collected, starting value_update
[DEBUG] train_step 8600: value_update done, starting policy_update
[DEBUG] train_step 8600: policy_update done
[step 08650] value_loss=4.553236 policy_loss=-0.098530
[step 08650] VALUE_DEBUG: target(mean=-5.84 std=8.02 min=-19.07 max=3.70) V(s)(mean=-5.02 std=8.45) reward(mean=-0.617 std=3.277) clip=50.0
[DEBUG] train_step 8650: starting episode collection
[DEBUG] train_step 8650: episodes collected, starting value_update
[DEBUG] train_step 8650: value_update done, starting policy_update
[DEBUG] train_step 8650: policy_update done
[step 08700] value_loss=4.148094 policy_loss=-0.481396
[step 08700] VALUE_DEBUG: target(mean=-7.88 std=7.96 min=-25.06 max=3.76) V(s)(mean=-8.00 std=7.42) reward(mean=0.006 std=1.850) clip=50.0
[step 08700] eval_success_rate=0.480 eval_mean_score=14.260 eval_policy_mode=greedy [solved=24/50, score_range=10.00-16.00/16.0, initial=9.00]
[step 08700] PROGRESS: filled=14.26 violations=0.00 zero_cand=0.00
[step 08700] DEBUG: ep_len=12.7 ep_ret=-4.381 stop_prob=0.000 score_chg=5.1100
[DEBUG] train_step 8700: starting episode collection
[DEBUG] train_step 8700: episodes collected, starting value_update
[DEBUG] train_step 8700: value_update done, starting policy_update
[DEBUG] train_step 8700: policy_update done
[step 08750] value_loss=5.548901 policy_loss=0.102710
[step 08750] VALUE_DEBUG: target(mean=-6.65 std=8.38 min=-18.30 max=9.65) V(s)(mean=-7.47 std=8.08) reward(mean=0.135 std=3.889) clip=50.0
[DEBUG] train_step 8750: starting episode collection
[DEBUG] train_step 8750: episodes collected, starting value_update
[DEBUG] train_step 8750: value_update done, starting policy_update
[DEBUG] train_step 8750: policy_update done
[step 08800] value_loss=15.905566 policy_loss=-0.232716
[step 08800] VALUE_DEBUG: target(mean=-10.09 std=7.99 min=-21.88 max=6.84) V(s)(mean=-9.97 std=7.52) reward(mean=-0.895 std=4.807) clip=50.0
[step 08800] eval_success_rate=0.440 eval_mean_score=13.620 eval_policy_mode=greedy [solved=22/50, score_range=9.00-16.00/16.0, initial=9.00]
[step 08800] PROGRESS: filled=13.62 violations=0.00 zero_cand=0.00
[step 08800] DEBUG: ep_len=12.3 ep_ret=-3.101 stop_prob=0.000 score_chg=5.0925
[DEBUG] train_step 8800: starting episode collection
[DEBUG] train_step 8800: episodes collected, starting value_update
[DEBUG] train_step 8800: value_update done, starting policy_update
[DEBUG] train_step 8800: policy_update done
[step 08850] value_loss=2.278657 policy_loss=-0.085781
[step 08850] VALUE_DEBUG: target(mean=-9.73 std=7.47 min=-18.68 max=4.30) V(s)(mean=-9.90 std=7.47) reward(mean=-0.498 std=4.390) clip=50.0
[DEBUG] train_step 8850: starting episode collection
[DEBUG] train_step 8850: episodes collected, starting value_update
[DEBUG] train_step 8850: value_update done, starting policy_update
[DEBUG] train_step 8850: policy_update done
[step 08900] value_loss=19.869009 policy_loss=-0.488091
[step 08900] VALUE_DEBUG: target(mean=-6.67 std=9.03 min=-24.28 max=11.70) V(s)(mean=-7.29 std=7.53) reward(mean=0.196 std=5.149) clip=50.0
[step 08900] eval_success_rate=0.460 eval_mean_score=13.820 eval_policy_mode=greedy [solved=23/50, score_range=9.00-16.00/16.0, initial=9.00]
[step 08900] PROGRESS: filled=13.82 violations=0.00 zero_cand=0.00
[step 08900] DEBUG: ep_len=12.6 ep_ret=-3.937 stop_prob=0.000 score_chg=4.8800
[DEBUG] train_step 8900: starting episode collection
[DEBUG] train_step 8900: episodes collected, starting value_update
[DEBUG] train_step 8900: value_update done, starting policy_update
[DEBUG] train_step 8900: policy_update done
[step 08950] value_loss=19.431740 policy_loss=0.699642
[step 08950] VALUE_DEBUG: target(mean=-7.99 std=8.62 min=-18.23 max=12.34) V(s)(mean=-7.48 std=8.13) reward(mean=-1.325 std=5.344) clip=50.0
[DEBUG] train_step 8950: starting episode collection
[DEBUG] train_step 8950: episodes collected, starting value_update
[DEBUG] train_step 8950: value_update done, starting policy_update
[DEBUG] train_step 8950: policy_update done
[step 09000] value_loss=6.119113 policy_loss=-0.040863
[step 09000] VALUE_DEBUG: target(mean=-4.53 std=8.05 min=-17.07 max=8.07) V(s)(mean=-4.06 std=7.29) reward(mean=-0.711 std=4.561) clip=50.0
[step 09000] eval_success_rate=0.440 eval_mean_score=13.820 eval_policy_mode=greedy [solved=22/50, score_range=9.00-16.00/16.0, initial=9.00]
[step 09000] PROGRESS: filled=13.82 violations=0.00 zero_cand=0.00
[step 09000] DEBUG: ep_len=12.7 ep_ret=-4.377 stop_prob=0.000 score_chg=4.8300
[Checkpoint] Saved to buiksat_trm/checkpoints/table3_hard_6to8_controlled_nomask_nc_r10_s3/rl_checkpoint_step_9000.pt
[DEBUG] train_step 9000: starting episode collection
[DEBUG] train_step 9000: episodes collected, starting value_update
[DEBUG] train_step 9000: value_update done, starting policy_update
[DEBUG] train_step 9000: policy_update done
[step 09050] value_loss=4.489647 policy_loss=-0.121218
[step 09050] VALUE_DEBUG: target(mean=-7.72 std=7.78 min=-17.53 max=4.40) V(s)(mean=-8.14 std=7.53) reward(mean=-0.393 std=4.662) clip=50.0
[DEBUG] train_step 9050: starting episode collection
[DEBUG] train_step 9050: episodes collected, starting value_update
[DEBUG] train_step 9050: value_update done, starting policy_update
[DEBUG] train_step 9050: policy_update done
[step 09100] value_loss=4.667600 policy_loss=-0.306396
[step 09100] VALUE_DEBUG: target(mean=-9.28 std=7.84 min=-20.20 max=8.31) V(s)(mean=-9.15 std=7.73) reward(mean=0.136 std=1.987) clip=50.0
[step 09100] eval_success_rate=0.440 eval_mean_score=13.880 eval_policy_mode=greedy [solved=22/50, score_range=9.00-16.00/16.0, initial=9.00]
[step 09100] PROGRESS: filled=13.88 violations=0.00 zero_cand=0.00
[step 09100] DEBUG: ep_len=13.1 ep_ret=-5.560 stop_prob=0.000 score_chg=4.5175
[DEBUG] train_step 9100: starting episode collection
[DEBUG] train_step 9100: episodes collected, starting value_update
[DEBUG] train_step 9100: value_update done, starting policy_update
[DEBUG] train_step 9100: policy_update done
[step 09150] value_loss=5.742602 policy_loss=0.200188
[step 09150] VALUE_DEBUG: target(mean=-8.85 std=8.34 min=-19.36 max=12.78) V(s)(mean=-9.29 std=7.41) reward(mean=-0.205 std=4.157) clip=50.0
[DEBUG] train_step 9150: starting episode collection
[DEBUG] train_step 9150: episodes collected, starting value_update
[DEBUG] train_step 9150: value_update done, starting policy_update
[DEBUG] train_step 9150: policy_update done
[step 09200] value_loss=7.078740 policy_loss=-0.580147
[step 09200] VALUE_DEBUG: target(mean=-9.41 std=8.92 min=-20.12 max=5.50) V(s)(mean=-8.54 std=8.20) reward(mean=-1.453 std=4.412) clip=50.0
[step 09200] eval_success_rate=0.300 eval_mean_score=13.660 eval_policy_mode=greedy [solved=15/50, score_range=10.00-16.00/16.0, initial=9.00]
[step 09200] PROGRESS: filled=13.66 violations=0.00 zero_cand=0.00
[step 09200] DEBUG: ep_len=13.5 ep_ret=-6.100 stop_prob=0.000 score_chg=4.7475
[DEBUG] train_step 9200: starting episode collection
[DEBUG] train_step 9200: episodes collected, starting value_update
[DEBUG] train_step 9200: value_update done, starting policy_update
[DEBUG] train_step 9200: policy_update done
[step 09250] value_loss=2.450508 policy_loss=-0.674343
[step 09250] VALUE_DEBUG: target(mean=-7.89 std=8.66 min=-18.25 max=6.84) V(s)(mean=-8.57 std=8.09) reward(mean=0.480 std=1.715) clip=50.0
[DEBUG] train_step 9250: starting episode collection
[DEBUG] train_step 9250: episodes collected, starting value_update
[DEBUG] train_step 9250: value_update done, starting policy_update
[DEBUG] train_step 9250: policy_update done
[step 09300] value_loss=6.075327 policy_loss=-0.604054
[step 09300] VALUE_DEBUG: target(mean=-7.23 std=8.51 min=-22.90 max=5.89) V(s)(mean=-7.63 std=8.48) reward(mean=-0.365 std=4.710) clip=50.0
[step 09300] eval_success_rate=0.200 eval_mean_score=13.360 eval_policy_mode=greedy [solved=10/50, score_range=9.00-16.00/16.0, initial=9.00]
[step 09300] PROGRESS: filled=13.36 violations=0.00 zero_cand=0.00
[step 09300] DEBUG: ep_len=13.7 ep_ret=-7.072 stop_prob=0.000 score_chg=4.4800
[DEBUG] train_step 9300: starting episode collection
[DEBUG] train_step 9300: episodes collected, starting value_update
[DEBUG] train_step 9300: value_update done, starting policy_update
[DEBUG] train_step 9300: policy_update done
[step 09350] value_loss=5.732045 policy_loss=0.450924
[step 09350] VALUE_DEBUG: target(mean=-9.38 std=8.68 min=-22.40 max=11.12) V(s)(mean=-9.45 std=7.44) reward(mean=-0.614 std=3.640) clip=50.0
[DEBUG] train_step 9350: starting episode collection
[DEBUG] train_step 9350: episodes collected, starting value_update
[DEBUG] train_step 9350: value_update done, starting policy_update
[DEBUG] train_step 9350: policy_update done
[step 09400] value_loss=9.793517 policy_loss=0.059575
[step 09400] VALUE_DEBUG: target(mean=-8.59 std=9.17 min=-21.45 max=9.14) V(s)(mean=-9.51 std=7.73) reward(mean=0.224 std=5.343) clip=50.0
[step 09400] eval_success_rate=0.340 eval_mean_score=13.860 eval_policy_mode=greedy [solved=17/50, score_range=10.00-16.00/16.0, initial=9.00]
[step 09400] PROGRESS: filled=13.86 violations=0.00 zero_cand=0.00
[step 09400] DEBUG: ep_len=13.7 ep_ret=-6.857 stop_prob=0.000 score_chg=4.3800
[DEBUG] train_step 9400: starting episode collection
[DEBUG] train_step 9400: episodes collected, starting value_update
[DEBUG] train_step 9400: value_update done, starting policy_update
[DEBUG] train_step 9400: policy_update done
[step 09450] value_loss=5.482109 policy_loss=-0.645867
[step 09450] VALUE_DEBUG: target(mean=-10.37 std=7.92 min=-22.08 max=5.05) V(s)(mean=-9.51 std=7.61) reward(mean=-2.211 std=6.042) clip=50.0
[DEBUG] train_step 9450: starting episode collection
[DEBUG] train_step 9450: episodes collected, starting value_update
[DEBUG] train_step 9450: value_update done, starting policy_update
[DEBUG] train_step 9450: policy_update done
[step 09500] value_loss=9.547684 policy_loss=0.344574
[step 09500] VALUE_DEBUG: target(mean=-11.34 std=6.98 min=-20.44 max=4.46) V(s)(mean=-10.85 std=6.58) reward(mean=-1.014 std=4.813) clip=50.0
[step 09500] eval_success_rate=0.220 eval_mean_score=13.840 eval_policy_mode=greedy [solved=11/50, score_range=10.00-16.00/16.0, initial=9.00]
[step 09500] PROGRESS: filled=13.84 violations=0.00 zero_cand=0.00
[step 09500] DEBUG: ep_len=13.8 ep_ret=-7.120 stop_prob=0.000 score_chg=4.3300
[DEBUG] train_step 9500: starting episode collection
[DEBUG] train_step 9500: episodes collected, starting value_update
[DEBUG] train_step 9500: value_update done, starting policy_update
[DEBUG] train_step 9500: policy_update done
[step 09550] value_loss=4.105658 policy_loss=0.178558
[step 09550] VALUE_DEBUG: target(mean=-7.88 std=8.25 min=-17.44 max=5.04) V(s)(mean=-7.75 std=8.54) reward(mean=0.288 std=2.033) clip=50.0
[DEBUG] train_step 9550: starting episode collection
[DEBUG] train_step 9550: episodes collected, starting value_update
[DEBUG] train_step 9550: value_update done, starting policy_update
[DEBUG] train_step 9550: policy_update done
[step 09600] value_loss=2.767302 policy_loss=0.065861
[step 09600] VALUE_DEBUG: target(mean=-8.92 std=8.64 min=-17.51 max=9.94) V(s)(mean=-9.78 std=8.27) reward(mean=0.032 std=3.438) clip=50.0
[step 09600] eval_success_rate=0.240 eval_mean_score=13.500 eval_policy_mode=greedy [solved=12/50, score_range=9.00-16.00/16.0, initial=9.00]
[step 09600] PROGRESS: filled=13.50 violations=0.00 zero_cand=0.00
[step 09600] DEBUG: ep_len=13.6 ep_ret=-6.259 stop_prob=0.000 score_chg=4.6650
[DEBUG] train_step 9600: starting episode collection
[DEBUG] train_step 9600: episodes collected, starting value_update
[DEBUG] train_step 9600: value_update done, starting policy_update
[DEBUG] train_step 9600: policy_update done
[step 09650] value_loss=2.757626 policy_loss=-0.473691
[step 09650] VALUE_DEBUG: target(mean=-5.78 std=9.48 min=-19.45 max=10.05) V(s)(mean=-5.41 std=9.09) reward(mean=-1.052 std=5.102) clip=50.0
[DEBUG] train_step 9650: starting episode collection
[DEBUG] train_step 9650: episodes collected, starting value_update
[DEBUG] train_step 9650: value_update done, starting policy_update
[DEBUG] train_step 9650: policy_update done
[step 09700] value_loss=1.558944 policy_loss=-0.312177
[step 09700] VALUE_DEBUG: target(mean=-7.09 std=8.63 min=-18.51 max=5.19) V(s)(mean=-7.29 std=8.53) reward(mean=-0.399 std=4.327) clip=50.0
[step 09700] eval_success_rate=0.260 eval_mean_score=13.620 eval_policy_mode=greedy [solved=13/50, score_range=9.00-16.00/16.0, initial=9.00]
[step 09700] PROGRESS: filled=13.62 violations=0.00 zero_cand=0.00
[step 09700] DEBUG: ep_len=13.7 ep_ret=-6.116 stop_prob=0.000 score_chg=4.7500
[DEBUG] train_step 9700: starting episode collection
[DEBUG] train_step 9700: episodes collected, starting value_update
[DEBUG] train_step 9700: value_update done, starting policy_update
[DEBUG] train_step 9700: policy_update done
[step 09750] value_loss=6.468046 policy_loss=0.165146
[step 09750] VALUE_DEBUG: target(mean=-7.31 std=9.05 min=-23.44 max=6.68) V(s)(mean=-6.75 std=8.79) reward(mean=-0.055 std=2.696) clip=50.0
[DEBUG] train_step 9750: starting episode collection
[DEBUG] train_step 9750: episodes collected, starting value_update
[DEBUG] train_step 9750: value_update done, starting policy_update
[DEBUG] train_step 9750: policy_update done
[step 09800] value_loss=6.039073 policy_loss=0.897877
[step 09800] VALUE_DEBUG: target(mean=-8.53 std=8.84 min=-24.73 max=6.84) V(s)(mean=-8.48 std=8.04) reward(mean=0.470 std=2.390) clip=50.0
[step 09800] eval_success_rate=0.240 eval_mean_score=13.620 eval_policy_mode=greedy [solved=12/50, score_range=9.00-16.00/16.0, initial=9.00]
[step 09800] PROGRESS: filled=13.62 violations=0.00 zero_cand=0.00
[step 09800] DEBUG: ep_len=13.9 ep_ret=-6.731 stop_prob=0.000 score_chg=4.5200
[DEBUG] train_step 9800: starting episode collection
[DEBUG] train_step 9800: episodes collected, starting value_update
[DEBUG] train_step 9800: value_update done, starting policy_update
[DEBUG] train_step 9800: policy_update done
[step 09850] value_loss=5.611985 policy_loss=-0.661415
[step 09850] VALUE_DEBUG: target(mean=-6.49 std=9.57 min=-19.60 max=13.43) V(s)(mean=-7.25 std=8.62) reward(mean=0.447 std=4.110) clip=50.0
[DEBUG] train_step 9850: starting episode collection
[DEBUG] train_step 9850: episodes collected, starting value_update
[DEBUG] train_step 9850: value_update done, starting policy_update
[DEBUG] train_step 9850: policy_update done
[step 09900] value_loss=7.431834 policy_loss=-0.202950
[step 09900] VALUE_DEBUG: target(mean=-9.96 std=7.94 min=-22.06 max=5.63) V(s)(mean=-10.06 std=7.76) reward(mean=-0.261 std=2.746) clip=50.0
[step 09900] eval_success_rate=0.180 eval_mean_score=13.780 eval_policy_mode=greedy [solved=9/50, score_range=10.00-16.00/16.0, initial=9.00]
[step 09900] PROGRESS: filled=13.78 violations=0.00 zero_cand=0.00
[step 09900] DEBUG: ep_len=13.9 ep_ret=-7.116 stop_prob=0.000 score_chg=4.5175
[DEBUG] train_step 9900: starting episode collection
[DEBUG] train_step 9900: episodes collected, starting value_update
[DEBUG] train_step 9900: value_update done, starting policy_update
[DEBUG] train_step 9900: policy_update done
[step 09950] value_loss=17.670164 policy_loss=-0.376977
[step 09950] VALUE_DEBUG: target(mean=-5.88 std=8.73 min=-21.54 max=6.84) V(s)(mean=-7.64 std=8.54) reward(mean=0.752 std=4.255) clip=50.0
[DEBUG] train_step 9950: starting episode collection
[DEBUG] train_step 9950: episodes collected, starting value_update
[DEBUG] train_step 9950: value_update done, starting policy_update
[DEBUG] train_step 9950: policy_update done
[step 10000] value_loss=7.158528 policy_loss=-1.002648
[step 10000] VALUE_DEBUG: target(mean=-8.30 std=8.77 min=-20.51 max=7.29) V(s)(mean=-7.66 std=8.91) reward(mean=-1.486 std=3.968) clip=50.0
[step 10000] eval_success_rate=0.260 eval_mean_score=13.660 eval_policy_mode=greedy [solved=13/50, score_range=10.00-16.00/16.0, initial=9.00]
[step 10000] PROGRESS: filled=13.66 violations=0.00 zero_cand=0.00
[step 10000] DEBUG: ep_len=14.0 ep_ret=-7.574 stop_prob=0.000 score_chg=4.4700
[Checkpoint] Saved to buiksat_trm/checkpoints/table3_hard_6to8_controlled_nomask_nc_r10_s3/rl_checkpoint_step_10000.pt
[DEBUG] train_step 10000: starting episode collection
[DEBUG] train_step 10000: episodes collected, starting value_update
[DEBUG] train_step 10000: value_update done, starting policy_update
[DEBUG] train_step 10000: policy_update done
[step 10050] value_loss=1.042109 policy_loss=-0.546949
[step 10050] VALUE_DEBUG: target(mean=-9.96 std=7.93 min=-19.38 max=5.24) V(s)(mean=-10.31 std=8.19) reward(mean=-0.403 std=3.085) clip=50.0
[DEBUG] train_step 10050: starting episode collection
[DEBUG] train_step 10050: episodes collected, starting value_update
[DEBUG] train_step 10050: value_update done, starting policy_update
[DEBUG] train_step 10050: policy_update done
[step 10100] value_loss=8.488219 policy_loss=-0.484168
[step 10100] VALUE_DEBUG: target(mean=-10.47 std=8.75 min=-26.92 max=11.29) V(s)(mean=-10.02 std=7.81) reward(mean=-0.764 std=4.722) clip=50.0
[step 10100] eval_success_rate=0.260 eval_mean_score=13.520 eval_policy_mode=greedy [solved=13/50, score_range=10.00-16.00/16.0, initial=9.00]
[step 10100] PROGRESS: filled=13.52 violations=0.00 zero_cand=0.00
[step 10100] DEBUG: ep_len=13.5 ep_ret=-6.388 stop_prob=0.000 score_chg=4.6025
[DEBUG] train_step 10100: starting episode collection
[DEBUG] train_step 10100: episodes collected, starting value_update
[DEBUG] train_step 10100: value_update done, starting policy_update
[DEBUG] train_step 10100: policy_update done
[step 10150] value_loss=4.311101 policy_loss=0.150817
[step 10150] VALUE_DEBUG: target(mean=-7.02 std=10.07 min=-21.37 max=8.98) V(s)(mean=-7.67 std=9.34) reward(mean=-0.051 std=2.838) clip=50.0
[DEBUG] train_step 10150: starting episode collection
[DEBUG] train_step 10150: episodes collected, starting value_update
[DEBUG] train_step 10150: value_update done, starting policy_update
[DEBUG] train_step 10150: policy_update done
[step 10200] value_loss=8.340882 policy_loss=-0.695386
[step 10200] VALUE_DEBUG: target(mean=-5.19 std=8.85 min=-18.94 max=6.40) V(s)(mean=-5.32 std=8.68) reward(mean=-0.244 std=3.397) clip=50.0
[step 10200] eval_success_rate=0.260 eval_mean_score=13.500 eval_policy_mode=greedy [solved=13/50, score_range=10.00-16.00/16.0, initial=9.00]
[step 10200] PROGRESS: filled=13.50 violations=0.00 zero_cand=0.00
[step 10200] DEBUG: ep_len=13.6 ep_ret=-6.415 stop_prob=0.000 score_chg=4.5350
[DEBUG] train_step 10200: starting episode collection
[DEBUG] train_step 10200: episodes collected, starting value_update
[DEBUG] train_step 10200: value_update done, starting policy_update
[DEBUG] train_step 10200: policy_update done
[step 10250] value_loss=4.567935 policy_loss=0.490473
[step 10250] VALUE_DEBUG: target(mean=-8.01 std=9.39 min=-19.70 max=6.25) V(s)(mean=-7.88 std=8.91) reward(mean=-0.272 std=3.898) clip=50.0
[DEBUG] train_step 10250: starting episode collection
[DEBUG] train_step 10250: episodes collected, starting value_update
[DEBUG] train_step 10250: value_update done, starting policy_update
[DEBUG] train_step 10250: policy_update done
[step 10300] value_loss=6.107350 policy_loss=0.092531
[step 10300] VALUE_DEBUG: target(mean=-5.86 std=9.68 min=-17.96 max=9.47) V(s)(mean=-6.04 std=8.95) reward(mean=-0.520 std=4.218) clip=50.0
[step 10300] eval_success_rate=0.280 eval_mean_score=13.540 eval_policy_mode=greedy [solved=14/50, score_range=9.00-16.00/16.0, initial=9.00]
[step 10300] PROGRESS: filled=13.54 violations=0.00 zero_cand=0.00
[step 10300] DEBUG: ep_len=13.9 ep_ret=-7.020 stop_prob=0.000 score_chg=4.5950
[DEBUG] train_step 10300: starting episode collection
[DEBUG] train_step 10300: episodes collected, starting value_update
[DEBUG] train_step 10300: value_update done, starting policy_update
[DEBUG] train_step 10300: policy_update done
[step 10350] value_loss=6.577643 policy_loss=-0.229337
[step 10350] VALUE_DEBUG: target(mean=-9.54 std=8.07 min=-25.01 max=9.36) V(s)(mean=-9.42 std=7.73) reward(mean=0.138 std=4.070) clip=50.0
[DEBUG] train_step 10350: starting episode collection
[DEBUG] train_step 10350: episodes collected, starting value_update
[DEBUG] train_step 10350: value_update done, starting policy_update
[DEBUG] train_step 10350: policy_update done
[step 10400] value_loss=6.332387 policy_loss=0.005936
[step 10400] VALUE_DEBUG: target(mean=-5.31 std=9.41 min=-18.07 max=13.29) V(s)(mean=-6.16 std=8.74) reward(mean=0.564 std=3.716) clip=50.0
[step 10400] eval_success_rate=0.180 eval_mean_score=13.260 eval_policy_mode=greedy [solved=9/50, score_range=9.00-16.00/16.0, initial=9.00]
[step 10400] PROGRESS: filled=13.26 violations=0.00 zero_cand=0.00
[step 10400] DEBUG: ep_len=13.2 ep_ret=-5.313 stop_prob=0.000 score_chg=4.8025
[DEBUG] train_step 10400: starting episode collection
[DEBUG] train_step 10400: episodes collected, starting value_update
[DEBUG] train_step 10400: value_update done, starting policy_update
[DEBUG] train_step 10400: policy_update done
[step 10450] value_loss=12.823865 policy_loss=0.235094
[step 10450] VALUE_DEBUG: target(mean=-5.98 std=9.08 min=-22.08 max=6.84) V(s)(mean=-5.48 std=8.32) reward(mean=-1.027 std=5.723) clip=50.0
[DEBUG] train_step 10450: starting episode collection
[DEBUG] train_step 10450: episodes collected, starting value_update
[DEBUG] train_step 10450: value_update done, starting policy_update
[DEBUG] train_step 10450: policy_update done
[step 10500] value_loss=10.829245 policy_loss=1.578931
[step 10500] VALUE_DEBUG: target(mean=-7.34 std=8.36 min=-18.64 max=6.59) V(s)(mean=-6.41 std=8.49) reward(mean=-0.780 std=4.665) clip=50.0
[step 10500] eval_success_rate=0.300 eval_mean_score=13.680 eval_policy_mode=greedy [solved=15/50, score_range=10.00-16.00/16.0, initial=9.00]
[step 10500] PROGRESS: filled=13.68 violations=0.00 zero_cand=0.00
[step 10500] DEBUG: ep_len=13.4 ep_ret=-5.340 stop_prob=0.000 score_chg=4.9600
[DEBUG] train_step 10500: starting episode collection
[DEBUG] train_step 10500: episodes collected, starting value_update
[DEBUG] train_step 10500: value_update done, starting policy_update
[DEBUG] train_step 10500: policy_update done
[step 10550] value_loss=9.272457 policy_loss=0.489281
[step 10550] VALUE_DEBUG: target(mean=-11.28 std=8.32 min=-22.46 max=7.69) V(s)(mean=-10.65 std=8.06) reward(mean=-1.300 std=5.172) clip=50.0
[DEBUG] train_step 10550: starting episode collection
[DEBUG] train_step 10550: episodes collected, starting value_update
[DEBUG] train_step 10550: value_update done, starting policy_update
[DEBUG] train_step 10550: policy_update done
[step 10600] value_loss=6.081450 policy_loss=-0.006944
[step 10600] VALUE_DEBUG: target(mean=-8.11 std=8.16 min=-18.77 max=6.89) V(s)(mean=-8.93 std=7.74) reward(mean=0.203 std=3.878) clip=50.0
[step 10600] eval_success_rate=0.320 eval_mean_score=13.600 eval_policy_mode=greedy [solved=16/50, score_range=9.00-16.00/16.0, initial=9.00]
[step 10600] PROGRESS: filled=13.60 violations=0.00 zero_cand=0.00
[step 10600] DEBUG: ep_len=12.6 ep_ret=-2.933 stop_prob=0.000 score_chg=5.2550
[DEBUG] train_step 10600: starting episode collection
[DEBUG] train_step 10600: episodes collected, starting value_update
[DEBUG] train_step 10600: value_update done, starting policy_update
[DEBUG] train_step 10600: policy_update done
[step 10650] value_loss=2.983723 policy_loss=1.548005
[step 10650] VALUE_DEBUG: target(mean=-7.94 std=8.55 min=-18.76 max=7.97) V(s)(mean=-8.09 std=8.44) reward(mean=0.256 std=3.590) clip=50.0
[DEBUG] train_step 10650: starting episode collection
[DEBUG] train_step 10650: episodes collected, starting value_update
[DEBUG] train_step 10650: value_update done, starting policy_update
[DEBUG] train_step 10650: policy_update done
[step 10700] value_loss=14.288641 policy_loss=-0.524602
[step 10700] VALUE_DEBUG: target(mean=-9.79 std=9.10 min=-22.09 max=5.86) V(s)(mean=-9.15 std=8.91) reward(mean=-1.839 std=6.057) clip=50.0
[step 10700] eval_success_rate=0.420 eval_mean_score=13.780 eval_policy_mode=greedy [solved=21/50, score_range=10.00-16.00/16.0, initial=9.00]
[step 10700] PROGRESS: filled=13.78 violations=0.00 zero_cand=0.00
[step 10700] DEBUG: ep_len=12.7 ep_ret=-3.510 stop_prob=0.000 score_chg=5.2825
[DEBUG] train_step 10700: starting episode collection
[DEBUG] train_step 10700: episodes collected, starting value_update
[DEBUG] train_step 10700: value_update done, starting policy_update
[DEBUG] train_step 10700: policy_update done
[step 10750] value_loss=7.277320 policy_loss=0.583939
[step 10750] VALUE_DEBUG: target(mean=-7.52 std=9.33 min=-20.70 max=8.80) V(s)(mean=-7.53 std=8.78) reward(mean=-0.298 std=4.067) clip=50.0
[DEBUG] train_step 10750: starting episode collection
[DEBUG] train_step 10750: episodes collected, starting value_update
[DEBUG] train_step 10750: value_update done, starting policy_update
[DEBUG] train_step 10750: policy_update done
[step 10800] value_loss=4.389990 policy_loss=0.357480
[step 10800] VALUE_DEBUG: target(mean=-7.89 std=8.03 min=-22.42 max=10.69) V(s)(mean=-8.24 std=7.47) reward(mean=0.666 std=2.658) clip=50.0
[step 10800] eval_success_rate=0.340 eval_mean_score=13.520 eval_policy_mode=greedy [solved=17/50, score_range=9.00-16.00/16.0, initial=9.00]
[step 10800] PROGRESS: filled=13.52 violations=0.00 zero_cand=0.00
[step 10800] DEBUG: ep_len=12.8 ep_ret=-3.477 stop_prob=0.000 score_chg=5.2450
[DEBUG] train_step 10800: starting episode collection
[DEBUG] train_step 10800: episodes collected, starting value_update
[DEBUG] train_step 10800: value_update done, starting policy_update
[DEBUG] train_step 10800: policy_update done
[step 10850] value_loss=7.032528 policy_loss=0.732587
[step 10850] VALUE_DEBUG: target(mean=-6.42 std=8.03 min=-18.32 max=6.49) V(s)(mean=-6.33 std=8.03) reward(mean=-0.117 std=2.232) clip=50.0
[DEBUG] train_step 10850: starting episode collection
[DEBUG] train_step 10850: episodes collected, starting value_update
[DEBUG] train_step 10850: value_update done, starting policy_update
[DEBUG] train_step 10850: policy_update done
[step 10900] value_loss=3.412570 policy_loss=0.060940
[step 10900] VALUE_DEBUG: target(mean=-6.40 std=8.86 min=-17.66 max=7.48) V(s)(mean=-6.96 std=8.68) reward(mean=-0.150 std=4.463) clip=50.0
[step 10900] eval_success_rate=0.400 eval_mean_score=13.900 eval_policy_mode=greedy [solved=20/50, score_range=10.00-16.00/16.0, initial=9.00]
[step 10900] PROGRESS: filled=13.90 violations=0.00 zero_cand=0.00
[step 10900] DEBUG: ep_len=12.5 ep_ret=-3.257 stop_prob=0.000 score_chg=5.3775
[DEBUG] train_step 10900: starting episode collection
[DEBUG] train_step 10900: episodes collected, starting value_update
[DEBUG] train_step 10900: value_update done, starting policy_update
[DEBUG] train_step 10900: policy_update done
[step 10950] value_loss=5.268769 policy_loss=0.337258
[step 10950] VALUE_DEBUG: target(mean=-6.63 std=9.44 min=-19.75 max=10.95) V(s)(mean=-7.19 std=8.11) reward(mean=0.220 std=3.650) clip=50.0
[DEBUG] train_step 10950: starting episode collection
[DEBUG] train_step 10950: episodes collected, starting value_update
[DEBUG] train_step 10950: value_update done, starting policy_update
[DEBUG] train_step 10950: policy_update done
[step 11000] value_loss=4.964570 policy_loss=0.490328
[step 11000] VALUE_DEBUG: target(mean=-9.73 std=7.11 min=-19.48 max=5.43) V(s)(mean=-8.86 std=6.38) reward(mean=-1.336 std=4.185) clip=50.0
[step 11000] eval_success_rate=0.380 eval_mean_score=14.080 eval_policy_mode=greedy [solved=19/50, score_range=10.00-16.00/16.0, initial=9.00]
[step 11000] PROGRESS: filled=14.08 violations=0.00 zero_cand=0.00
[step 11000] DEBUG: ep_len=13.0 ep_ret=-5.079 stop_prob=0.000 score_chg=5.0675
[Checkpoint] Saved to buiksat_trm/checkpoints/table3_hard_6to8_controlled_nomask_nc_r10_s3/rl_checkpoint_step_11000.pt
[DEBUG] train_step 11000: starting episode collection
[DEBUG] train_step 11000: episodes collected, starting value_update
[DEBUG] train_step 11000: value_update done, starting policy_update
[DEBUG] train_step 11000: policy_update done
[step 11050] value_loss=5.265303 policy_loss=-0.365181
[step 11050] VALUE_DEBUG: target(mean=-7.14 std=7.85 min=-18.37 max=6.46) V(s)(mean=-7.18 std=7.66) reward(mean=0.538 std=3.372) clip=50.0
[DEBUG] train_step 11050: starting episode collection
[DEBUG] train_step 11050: episodes collected, starting value_update
[DEBUG] train_step 11050: value_update done, starting policy_update
[DEBUG] train_step 11050: policy_update done
[step 11100] value_loss=5.925812 policy_loss=0.587937
[step 11100] VALUE_DEBUG: target(mean=-9.11 std=8.13 min=-17.64 max=6.84) V(s)(mean=-9.77 std=7.29) reward(mean=0.192 std=3.630) clip=50.0
[step 11100] eval_success_rate=0.320 eval_mean_score=13.940 eval_policy_mode=greedy [solved=16/50, score_range=11.00-16.00/16.0, initial=9.00]
[step 11100] PROGRESS: filled=13.94 violations=0.00 zero_cand=0.00
[step 11100] DEBUG: ep_len=12.8 ep_ret=-3.785 stop_prob=0.000 score_chg=5.1475
[DEBUG] train_step 11100: starting episode collection
[DEBUG] train_step 11100: episodes collected, starting value_update
[DEBUG] train_step 11100: value_update done, starting policy_update
[DEBUG] train_step 11100: policy_update done
[step 11150] value_loss=3.434093 policy_loss=0.372548
[step 11150] VALUE_DEBUG: target(mean=-5.67 std=8.09 min=-18.08 max=4.63) V(s)(mean=-5.51 std=7.88) reward(mean=-1.785 std=6.046) clip=50.0
[DEBUG] train_step 11150: starting episode collection
[DEBUG] train_step 11150: episodes collected, starting value_update
[DEBUG] train_step 11150: value_update done, starting policy_update
[DEBUG] train_step 11150: policy_update done
[step 11200] value_loss=8.296139 policy_loss=1.182605
[step 11200] VALUE_DEBUG: target(mean=-7.51 std=9.64 min=-22.15 max=9.46) V(s)(mean=-7.09 std=8.88) reward(mean=-0.568 std=3.226) clip=50.0
[step 11200] eval_success_rate=0.400 eval_mean_score=14.080 eval_policy_mode=greedy [solved=20/50, score_range=9.00-16.00/16.0, initial=9.00]
[step 11200] PROGRESS: filled=14.08 violations=0.00 zero_cand=0.00
[step 11200] DEBUG: ep_len=12.8 ep_ret=-3.396 stop_prob=0.000 score_chg=5.2925
[DEBUG] train_step 11200: starting episode collection
[DEBUG] train_step 11200: episodes collected, starting value_update
[DEBUG] train_step 11200: value_update done, starting policy_update
[DEBUG] train_step 11200: policy_update done
[step 11250] value_loss=12.469070 policy_loss=0.222129
[step 11250] VALUE_DEBUG: target(mean=-6.99 std=9.64 min=-23.32 max=10.04) V(s)(mean=-6.10 std=8.87) reward(mean=-1.864 std=6.088) clip=50.0
[DEBUG] train_step 11250: starting episode collection
[DEBUG] train_step 11250: episodes collected, starting value_update
[DEBUG] train_step 11250: value_update done, starting policy_update
[DEBUG] train_step 11250: policy_update done
[step 11300] value_loss=0.826031 policy_loss=0.877482
[step 11300] VALUE_DEBUG: target(mean=-8.04 std=8.09 min=-18.01 max=6.33) V(s)(mean=-8.25 std=8.05) reward(mean=0.383 std=3.636) clip=50.0
[step 11300] eval_success_rate=0.380 eval_mean_score=13.940 eval_policy_mode=greedy [solved=19/50, score_range=10.00-16.00/16.0, initial=9.00]
[step 11300] PROGRESS: filled=13.94 violations=0.00 zero_cand=0.00
[step 11300] DEBUG: ep_len=12.8 ep_ret=-4.020 stop_prob=0.000 score_chg=5.2050
[DEBUG] train_step 11300: starting episode collection
[DEBUG] train_step 11300: episodes collected, starting value_update
[DEBUG] train_step 11300: value_update done, starting policy_update
[DEBUG] train_step 11300: policy_update done
[step 11350] value_loss=3.334910 policy_loss=-0.383194
[step 11350] VALUE_DEBUG: target(mean=-10.57 std=6.53 min=-17.60 max=4.59) V(s)(mean=-10.73 std=7.03) reward(mean=-0.333 std=4.627) clip=50.0
[DEBUG] train_step 11350: starting episode collection
[DEBUG] train_step 11350: episodes collected, starting value_update
[DEBUG] train_step 11350: value_update done, starting policy_update
[DEBUG] train_step 11350: policy_update done
[step 11400] value_loss=5.600513 policy_loss=-0.143076
[step 11400] VALUE_DEBUG: target(mean=-9.14 std=8.39 min=-20.07 max=6.99) V(s)(mean=-9.44 std=7.90) reward(mean=-0.333 std=4.617) clip=50.0
[step 11400] eval_success_rate=0.460 eval_mean_score=13.840 eval_policy_mode=greedy [solved=23/50, score_range=9.00-16.00/16.0, initial=9.00]
[step 11400] PROGRESS: filled=13.84 violations=0.00 zero_cand=0.00
[step 11400] DEBUG: ep_len=12.2 ep_ret=-2.412 stop_prob=0.000 score_chg=5.6100
[DEBUG] train_step 11400: starting episode collection
[DEBUG] train_step 11400: episodes collected, starting value_update
[DEBUG] train_step 11400: value_update done, starting policy_update
[DEBUG] train_step 11400: policy_update done
[step 11450] value_loss=10.987514 policy_loss=0.289940
[step 11450] VALUE_DEBUG: target(mean=-9.21 std=8.70 min=-18.94 max=11.23) V(s)(mean=-8.74 std=7.72) reward(mean=-0.585 std=4.737) clip=50.0
[DEBUG] train_step 11450: starting episode collection
[DEBUG] train_step 11450: episodes collected, starting value_update
[DEBUG] train_step 11450: value_update done, starting policy_update
[DEBUG] train_step 11450: policy_update done
[step 11500] value_loss=4.989743 policy_loss=-0.368285
[step 11500] VALUE_DEBUG: target(mean=-10.31 std=7.98 min=-20.32 max=6.75) V(s)(mean=-10.64 std=7.93) reward(mean=-0.418 std=3.682) clip=50.0
[step 11500] eval_success_rate=0.380 eval_mean_score=14.100 eval_policy_mode=greedy [solved=19/50, score_range=10.00-16.00/16.0, initial=9.00]
[step 11500] PROGRESS: filled=14.10 violations=0.00 zero_cand=0.00
[step 11500] DEBUG: ep_len=12.6 ep_ret=-2.628 stop_prob=0.000 score_chg=5.7175
[DEBUG] train_step 11500: starting episode collection
[DEBUG] train_step 11500: episodes collected, starting value_update
[DEBUG] train_step 11500: value_update done, starting policy_update
[DEBUG] train_step 11500: policy_update done
[step 11550] value_loss=10.697607 policy_loss=0.148951
[step 11550] VALUE_DEBUG: target(mean=-11.81 std=6.40 min=-17.42 max=5.64) V(s)(mean=-11.44 std=6.93) reward(mean=-0.252 std=2.906) clip=50.0
[DEBUG] train_step 11550: starting episode collection
[DEBUG] train_step 11550: episodes collected, starting value_update
[DEBUG] train_step 11550: value_update done, starting policy_update
[DEBUG] train_step 11550: policy_update done
[step 11600] value_loss=8.264389 policy_loss=0.391705
[step 11600] VALUE_DEBUG: target(mean=-8.38 std=8.38 min=-20.82 max=7.57) V(s)(mean=-8.47 std=7.93) reward(mean=-0.393 std=4.177) clip=50.0
[step 11600] eval_success_rate=0.340 eval_mean_score=13.700 eval_policy_mode=greedy [solved=17/50, score_range=10.00-16.00/16.0, initial=9.00]
[step 11600] PROGRESS: filled=13.70 violations=0.00 zero_cand=0.00
[step 11600] DEBUG: ep_len=12.2 ep_ret=-2.390 stop_prob=0.000 score_chg=5.5150
[DEBUG] train_step 11600: starting episode collection
[DEBUG] train_step 11600: episodes collected, starting value_update
[DEBUG] train_step 11600: value_update done, starting policy_update
[DEBUG] train_step 11600: policy_update done
[step 11650] value_loss=4.950108 policy_loss=0.352885
[step 11650] VALUE_DEBUG: target(mean=-10.22 std=7.61 min=-18.69 max=5.68) V(s)(mean=-10.09 std=7.95) reward(mean=-0.716 std=4.740) clip=50.0
[DEBUG] train_step 11650: starting episode collection
[DEBUG] train_step 11650: episodes collected, starting value_update
[DEBUG] train_step 11650: value_update done, starting policy_update
[DEBUG] train_step 11650: policy_update done
[step 11700] value_loss=6.736636 policy_loss=-0.312195
[step 11700] VALUE_DEBUG: target(mean=-8.79 std=8.37 min=-19.23 max=5.61) V(s)(mean=-8.78 std=8.15) reward(mean=-0.721 std=4.186) clip=50.0
[step 11700] eval_success_rate=0.420 eval_mean_score=14.020 eval_policy_mode=greedy [solved=21/50, score_range=9.00-16.00/16.0, initial=9.00]
[step 11700] PROGRESS: filled=14.02 violations=0.00 zero_cand=0.00
[step 11700] DEBUG: ep_len=12.3 ep_ret=-2.991 stop_prob=0.000 score_chg=5.2375
[DEBUG] train_step 11700: starting episode collection
[DEBUG] train_step 11700: episodes collected, starting value_update
[DEBUG] train_step 11700: value_update done, starting policy_update
[DEBUG] train_step 11700: policy_update done
[step 11750] value_loss=7.181092 policy_loss=-0.608697
[step 11750] VALUE_DEBUG: target(mean=-6.36 std=7.69 min=-16.95 max=9.86) V(s)(mean=-6.21 std=7.58) reward(mean=0.444 std=2.671) clip=50.0
[DEBUG] train_step 11750: starting episode collection
[DEBUG] train_step 11750: episodes collected, starting value_update
[DEBUG] train_step 11750: value_update done, starting policy_update
[DEBUG] train_step 11750: policy_update done
[step 11800] value_loss=4.297503 policy_loss=-0.095446
[step 11800] VALUE_DEBUG: target(mean=-7.59 std=8.85 min=-21.23 max=6.24) V(s)(mean=-7.15 std=8.58) reward(mean=0.296 std=2.627) clip=50.0
[step 11800] eval_success_rate=0.340 eval_mean_score=13.540 eval_policy_mode=greedy [solved=17/50, score_range=10.00-16.00/16.0, initial=9.00]
[step 11800] PROGRESS: filled=13.54 violations=0.00 zero_cand=0.00
[step 11800] DEBUG: ep_len=12.2 ep_ret=-2.201 stop_prob=0.000 score_chg=5.6625
[DEBUG] train_step 11800: starting episode collection
[DEBUG] train_step 11800: episodes collected, starting value_update
[DEBUG] train_step 11800: value_update done, starting policy_update
[DEBUG] train_step 11800: policy_update done
[step 11850] value_loss=3.695626 policy_loss=0.596209
[step 11850] VALUE_DEBUG: target(mean=-7.74 std=7.95 min=-17.27 max=7.70) V(s)(mean=-8.07 std=7.71) reward(mean=0.097 std=3.461) clip=50.0
[DEBUG] train_step 11850: starting episode collection
[DEBUG] train_step 11850: episodes collected, starting value_update
[DEBUG] train_step 11850: value_update done, starting policy_update
[DEBUG] train_step 11850: policy_update done
[step 11900] value_loss=8.790397 policy_loss=0.189411
[step 11900] VALUE_DEBUG: target(mean=-5.65 std=8.32 min=-16.15 max=8.19) V(s)(mean=-5.43 std=7.91) reward(mean=-1.049 std=4.378) clip=50.0
[step 11900] eval_success_rate=0.460 eval_mean_score=14.240 eval_policy_mode=greedy [solved=23/50, score_range=10.00-16.00/16.0, initial=9.00]
[step 11900] PROGRESS: filled=14.24 violations=0.00 zero_cand=0.00
[step 11900] DEBUG: ep_len=12.7 ep_ret=-4.108 stop_prob=0.000 score_chg=5.1975
[DEBUG] train_step 11900: starting episode collection
[DEBUG] train_step 11900: episodes collected, starting value_update
[DEBUG] train_step 11900: value_update done, starting policy_update
[DEBUG] train_step 11900: policy_update done
[step 11950] value_loss=5.852666 policy_loss=-0.329561
[step 11950] VALUE_DEBUG: target(mean=-6.97 std=8.42 min=-17.52 max=6.84) V(s)(mean=-7.58 std=8.01) reward(mean=0.448 std=3.830) clip=50.0
[DEBUG] train_step 11950: starting episode collection
[DEBUG] train_step 11950: episodes collected, starting value_update
[DEBUG] train_step 11950: value_update done, starting policy_update
[DEBUG] train_step 11950: policy_update done
[step 12000] value_loss=3.585732 policy_loss=-0.224146
[step 12000] VALUE_DEBUG: target(mean=-8.98 std=9.14 min=-18.81 max=8.12) V(s)(mean=-9.88 std=9.16) reward(mean=-0.207 std=4.479) clip=50.0
[step 12000] eval_success_rate=0.480 eval_mean_score=14.360 eval_policy_mode=greedy [solved=24/50, score_range=10.00-16.00/16.0, initial=9.00]
[step 12000] PROGRESS: filled=14.36 violations=0.00 zero_cand=0.00
[step 12000] DEBUG: ep_len=11.9 ep_ret=-1.930 stop_prob=0.000 score_chg=5.4575
[Checkpoint] Saved to buiksat_trm/checkpoints/table3_hard_6to8_controlled_nomask_nc_r10_s3/rl_checkpoint_step_12000.pt
[DEBUG] train_step 12000: starting episode collection
[DEBUG] train_step 12000: episodes collected, starting value_update
[DEBUG] train_step 12000: value_update done, starting policy_update
[DEBUG] train_step 12000: policy_update done
[step 12050] value_loss=7.977949 policy_loss=-0.077124
[step 12050] VALUE_DEBUG: target(mean=-8.07 std=8.73 min=-19.55 max=7.07) V(s)(mean=-8.05 std=8.54) reward(mean=0.047 std=3.555) clip=50.0
[DEBUG] train_step 12050: starting episode collection
[DEBUG] train_step 12050: episodes collected, starting value_update
[DEBUG] train_step 12050: value_update done, starting policy_update
[DEBUG] train_step 12050: policy_update done
[step 12100] value_loss=7.996890 policy_loss=0.636998
[step 12100] VALUE_DEBUG: target(mean=-6.96 std=8.64 min=-18.70 max=6.84) V(s)(mean=-7.26 std=8.65) reward(mean=0.784 std=2.489) clip=50.0
[step 12100] eval_success_rate=0.420 eval_mean_score=13.920 eval_policy_mode=greedy [solved=21/50, score_range=10.00-16.00/16.0, initial=9.00]
[step 12100] PROGRESS: filled=13.92 violations=0.00 zero_cand=0.00
[step 12100] DEBUG: ep_len=12.4 ep_ret=-2.897 stop_prob=0.000 score_chg=5.3950
[DEBUG] train_step 12100: starting episode collection
[DEBUG] train_step 12100: episodes collected, starting value_update
[DEBUG] train_step 12100: value_update done, starting policy_update
[DEBUG] train_step 12100: policy_update done
[step 12150] value_loss=18.356449 policy_loss=0.588484
[step 12150] VALUE_DEBUG: target(mean=-11.44 std=6.98 min=-22.09 max=5.88) V(s)(mean=-10.32 std=6.77) reward(mean=-1.087 std=5.092) clip=50.0
[DEBUG] train_step 12150: starting episode collection
[DEBUG] train_step 12150: episodes collected, starting value_update
[DEBUG] train_step 12150: value_update done, starting policy_update
[DEBUG] train_step 12150: policy_update done
[step 12200] value_loss=3.793471 policy_loss=-0.192259
[step 12200] VALUE_DEBUG: target(mean=-6.56 std=7.68 min=-17.47 max=5.80) V(s)(mean=-6.15 std=8.17) reward(mean=-0.646 std=3.345) clip=50.0
[step 12200] eval_success_rate=0.420 eval_mean_score=14.180 eval_policy_mode=greedy [solved=21/50, score_range=9.00-16.00/16.0, initial=9.00]
[step 12200] PROGRESS: filled=14.18 violations=0.00 zero_cand=0.00
[step 12200] DEBUG: ep_len=12.4 ep_ret=-3.356 stop_prob=0.000 score_chg=5.3300
[DEBUG] train_step 12200: starting episode collection
[DEBUG] train_step 12200: episodes collected, starting value_update
[DEBUG] train_step 12200: value_update done, starting policy_update
[DEBUG] train_step 12200: policy_update done
[step 12250] value_loss=8.443943 policy_loss=-0.893631
[step 12250] VALUE_DEBUG: target(mean=-8.84 std=8.13 min=-20.15 max=4.61) V(s)(mean=-8.47 std=8.22) reward(mean=-0.270 std=3.066) clip=50.0
[DEBUG] train_step 12250: starting episode collection
[DEBUG] train_step 12250: episodes collected, starting value_update
[DEBUG] train_step 12250: value_update done, starting policy_update
[DEBUG] train_step 12250: policy_update done
[step 12300] value_loss=6.064810 policy_loss=-0.380821
[step 12300] VALUE_DEBUG: target(mean=-7.51 std=9.23 min=-22.03 max=7.42) V(s)(mean=-7.96 std=8.37) reward(mean=-0.338 std=5.467) clip=50.0
[step 12300] eval_success_rate=0.400 eval_mean_score=14.380 eval_policy_mode=greedy [solved=20/50, score_range=9.00-16.00/16.0, initial=9.00]
[step 12300] PROGRESS: filled=14.38 violations=0.00 zero_cand=0.00
[step 12300] DEBUG: ep_len=12.2 ep_ret=-3.194 stop_prob=0.000 score_chg=5.1450
[DEBUG] train_step 12300: starting episode collection
[DEBUG] train_step 12300: episodes collected, starting value_update
[DEBUG] train_step 12300: value_update done, starting policy_update
[DEBUG] train_step 12300: policy_update done
[step 12350] value_loss=6.253614 policy_loss=0.195515
[step 12350] VALUE_DEBUG: target(mean=-7.66 std=8.08 min=-19.01 max=8.21) V(s)(mean=-7.58 std=7.77) reward(mean=0.158 std=3.771) clip=50.0
[DEBUG] train_step 12350: starting episode collection
[DEBUG] train_step 12350: episodes collected, starting value_update
[DEBUG] train_step 12350: value_update done, starting policy_update
[DEBUG] train_step 12350: policy_update done
[step 12400] value_loss=9.058382 policy_loss=-0.791551
[step 12400] VALUE_DEBUG: target(mean=-6.21 std=7.54 min=-17.65 max=4.26) V(s)(mean=-5.40 std=7.55) reward(mean=-0.715 std=3.932) clip=50.0
[step 12400] eval_success_rate=0.440 eval_mean_score=14.180 eval_policy_mode=greedy [solved=22/50, score_range=9.00-16.00/16.0, initial=9.00]
[step 12400] PROGRESS: filled=14.18 violations=0.00 zero_cand=0.00
[step 12400] DEBUG: ep_len=12.3 ep_ret=-3.145 stop_prob=0.000 score_chg=5.5975
[DEBUG] train_step 12400: starting episode collection
[DEBUG] train_step 12400: episodes collected, starting value_update
[DEBUG] train_step 12400: value_update done, starting policy_update
[DEBUG] train_step 12400: policy_update done
[step 12450] value_loss=8.107268 policy_loss=-0.213939
[step 12450] VALUE_DEBUG: target(mean=-5.27 std=9.91 min=-19.09 max=10.96) V(s)(mean=-5.68 std=8.97) reward(mean=0.161 std=3.937) clip=50.0
[DEBUG] train_step 12450: starting episode collection
[DEBUG] train_step 12450: episodes collected, starting value_update
[DEBUG] train_step 12450: value_update done, starting policy_update
[DEBUG] train_step 12450: policy_update done
[step 12500] value_loss=3.679422 policy_loss=-0.206679
[step 12500] VALUE_DEBUG: target(mean=-4.77 std=9.22 min=-19.26 max=6.56) V(s)(mean=-5.23 std=9.06) reward(mean=-0.027 std=3.751) clip=50.0
[step 12500] eval_success_rate=0.420 eval_mean_score=14.600 eval_policy_mode=greedy [solved=21/50, score_range=9.00-16.00/16.0, initial=9.00]
[step 12500] PROGRESS: filled=14.60 violations=0.00 zero_cand=0.00
[step 12500] DEBUG: ep_len=12.0 ep_ret=-2.232 stop_prob=0.000 score_chg=5.7400
[DEBUG] train_step 12500: starting episode collection
[DEBUG] train_step 12500: episodes collected, starting value_update
[DEBUG] train_step 12500: value_update done, starting policy_update
[DEBUG] train_step 12500: policy_update done
[step 12550] value_loss=5.627330 policy_loss=1.836995
[step 12550] VALUE_DEBUG: target(mean=-5.61 std=8.41 min=-22.06 max=7.51) V(s)(mean=-5.25 std=8.29) reward(mean=-0.214 std=2.639) clip=50.0
[DEBUG] train_step 12550: starting episode collection
[DEBUG] train_step 12550: episodes collected, starting value_update
[DEBUG] train_step 12550: value_update done, starting policy_update
[DEBUG] train_step 12550: policy_update done
[step 12600] value_loss=8.605461 policy_loss=0.759588
[step 12600] VALUE_DEBUG: target(mean=-7.73 std=9.59 min=-21.48 max=8.32) V(s)(mean=-7.52 std=8.91) reward(mean=-0.307 std=3.765) clip=50.0
[step 12600] eval_success_rate=0.380 eval_mean_score=14.260 eval_policy_mode=greedy [solved=19/50, score_range=11.00-16.00/16.0, initial=9.00]
[step 12600] PROGRESS: filled=14.26 violations=0.00 zero_cand=0.00
[step 12600] DEBUG: ep_len=12.3 ep_ret=-3.140 stop_prob=0.000 score_chg=5.4250
[DEBUG] train_step 12600: starting episode collection
[DEBUG] train_step 12600: episodes collected, starting value_update
[DEBUG] train_step 12600: value_update done, starting policy_update
[DEBUG] train_step 12600: policy_update done
[step 12650] value_loss=4.030018 policy_loss=-0.589287
[step 12650] VALUE_DEBUG: target(mean=-8.10 std=9.12 min=-17.51 max=9.58) V(s)(mean=-8.20 std=8.55) reward(mean=0.563 std=2.227) clip=50.0
[DEBUG] train_step 12650: starting episode collection
[DEBUG] train_step 12650: episodes collected, starting value_update
[DEBUG] train_step 12650: value_update done, starting policy_update
[DEBUG] train_step 12650: policy_update done
[step 12700] value_loss=2.787590 policy_loss=0.130912
[step 12700] VALUE_DEBUG: target(mean=-9.25 std=8.51 min=-18.18 max=5.96) V(s)(mean=-9.32 std=8.00) reward(mean=0.002 std=2.496) clip=50.0
[step 12700] eval_success_rate=0.460 eval_mean_score=14.460 eval_policy_mode=greedy [solved=23/50, score_range=9.00-16.00/16.0, initial=9.00]
[step 12700] PROGRESS: filled=14.46 violations=0.00 zero_cand=0.00
[step 12700] DEBUG: ep_len=12.4 ep_ret=-2.964 stop_prob=0.000 score_chg=5.3550
[DEBUG] train_step 12700: starting episode collection
[DEBUG] train_step 12700: episodes collected, starting value_update
[DEBUG] train_step 12700: value_update done, starting policy_update
[DEBUG] train_step 12700: policy_update done
[step 12750] value_loss=9.145033 policy_loss=-0.038409
[step 12750] VALUE_DEBUG: target(mean=-4.83 std=8.38 min=-19.03 max=11.50) V(s)(mean=-4.84 std=7.70) reward(mean=0.658 std=4.089) clip=50.0
[DEBUG] train_step 12750: starting episode collection
[DEBUG] train_step 12750: episodes collected, starting value_update
[DEBUG] train_step 12750: value_update done, starting policy_update
[DEBUG] train_step 12750: policy_update done
[step 12800] value_loss=11.096955 policy_loss=-0.938618
[step 12800] VALUE_DEBUG: target(mean=-9.38 std=8.57 min=-22.57 max=7.57) V(s)(mean=-8.45 std=8.00) reward(mean=-1.522 std=5.232) clip=50.0
[step 12800] eval_success_rate=0.380 eval_mean_score=14.220 eval_policy_mode=greedy [solved=19/50, score_range=9.00-16.00/16.0, initial=9.00]
[step 12800] PROGRESS: filled=14.22 violations=0.00 zero_cand=0.00
[step 12800] DEBUG: ep_len=12.1 ep_ret=-2.444 stop_prob=0.000 score_chg=5.5200
[DEBUG] train_step 12800: starting episode collection
[DEBUG] train_step 12800: episodes collected, starting value_update
[DEBUG] train_step 12800: value_update done, starting policy_update
[DEBUG] train_step 12800: policy_update done
[step 12850] value_loss=3.698540 policy_loss=0.534817
[step 12850] VALUE_DEBUG: target(mean=-4.77 std=8.47 min=-18.13 max=8.41) V(s)(mean=-4.73 std=7.96) reward(mean=0.004 std=2.298) clip=50.0
[DEBUG] train_step 12850: starting episode collection
[DEBUG] train_step 12850: episodes collected, starting value_update
[DEBUG] train_step 12850: value_update done, starting policy_update
[DEBUG] train_step 12850: policy_update done
[step 12900] value_loss=5.929178 policy_loss=-0.308629
[step 12900] VALUE_DEBUG: target(mean=-7.34 std=9.30 min=-21.82 max=9.21) V(s)(mean=-7.38 std=8.66) reward(mean=0.198 std=2.673) clip=50.0
[step 12900] eval_success_rate=0.420 eval_mean_score=14.620 eval_policy_mode=greedy [solved=21/50, score_range=10.00-16.00/16.0, initial=9.00]
[step 12900] PROGRESS: filled=14.62 violations=0.00 zero_cand=0.00
[step 12900] DEBUG: ep_len=11.9 ep_ret=-1.667 stop_prob=0.000 score_chg=5.6450
[DEBUG] train_step 12900: starting episode collection
[DEBUG] train_step 12900: episodes collected, starting value_update
[DEBUG] train_step 12900: value_update done, starting policy_update
[DEBUG] train_step 12900: policy_update done
[step 12950] value_loss=3.418123 policy_loss=0.413366
[step 12950] VALUE_DEBUG: target(mean=-7.12 std=9.14 min=-18.66 max=6.84) V(s)(mean=-7.17 std=9.14) reward(mean=-0.162 std=3.390) clip=50.0
[DEBUG] train_step 12950: starting episode collection
[DEBUG] train_step 12950: episodes collected, starting value_update
[DEBUG] train_step 12950: value_update done, starting policy_update
[DEBUG] train_step 12950: policy_update done
[step 13000] value_loss=6.215579 policy_loss=0.075455
[step 13000] VALUE_DEBUG: target(mean=-8.78 std=8.60 min=-21.57 max=6.11) V(s)(mean=-9.15 std=8.19) reward(mean=-1.090 std=5.005) clip=50.0
[step 13000] eval_success_rate=0.380 eval_mean_score=14.880 eval_policy_mode=greedy [solved=19/50, score_range=12.00-16.00/16.0, initial=9.00]
[step 13000] PROGRESS: filled=14.88 violations=0.00 zero_cand=0.00
[step 13000] DEBUG: ep_len=12.3 ep_ret=-2.953 stop_prob=0.000 score_chg=5.5850
[Checkpoint] Saved to buiksat_trm/checkpoints/table3_hard_6to8_controlled_nomask_nc_r10_s3/rl_checkpoint_step_13000.pt
[DEBUG] train_step 13000: starting episode collection
[DEBUG] train_step 13000: episodes collected, starting value_update
[DEBUG] train_step 13000: value_update done, starting policy_update
[DEBUG] train_step 13000: policy_update done
[step 13050] value_loss=4.406061 policy_loss=0.137483
[step 13050] VALUE_DEBUG: target(mean=-6.05 std=9.39 min=-18.88 max=6.98) V(s)(mean=-6.53 std=9.06) reward(mean=0.567 std=2.122) clip=50.0
[DEBUG] train_step 13050: starting episode collection
[DEBUG] train_step 13050: episodes collected, starting value_update
[DEBUG] train_step 13050: value_update done, starting policy_update
[DEBUG] train_step 13050: policy_update done
[step 13100] value_loss=6.306277 policy_loss=-0.222093
[step 13100] VALUE_DEBUG: target(mean=-6.09 std=8.51 min=-16.60 max=10.82) V(s)(mean=-6.45 std=8.51) reward(mean=-0.002 std=3.937) clip=50.0
[step 13100] eval_success_rate=0.440 eval_mean_score=14.880 eval_policy_mode=greedy [solved=22/50, score_range=11.00-16.00/16.0, initial=9.00]
[step 13100] PROGRESS: filled=14.88 violations=0.00 zero_cand=0.00
[step 13100] DEBUG: ep_len=12.2 ep_ret=-2.483 stop_prob=0.000 score_chg=5.6150
[DEBUG] train_step 13100: starting episode collection
[DEBUG] train_step 13100: episodes collected, starting value_update
[DEBUG] train_step 13100: value_update done, starting policy_update
[DEBUG] train_step 13100: policy_update done
[step 13150] value_loss=12.076712 policy_loss=-0.349360
[step 13150] VALUE_DEBUG: target(mean=-6.58 std=9.36 min=-17.24 max=12.20) V(s)(mean=-6.75 std=8.70) reward(mean=-0.397 std=4.740) clip=50.0
[DEBUG] train_step 13150: starting episode collection
[DEBUG] train_step 13150: episodes collected, starting value_update
[DEBUG] train_step 13150: value_update done, starting policy_update
[DEBUG] train_step 13150: policy_update done
[step 13200] value_loss=5.726713 policy_loss=0.333574
[step 13200] VALUE_DEBUG: target(mean=-7.15 std=9.23 min=-19.34 max=8.41) V(s)(mean=-7.34 std=8.48) reward(mean=-0.803 std=5.186) clip=50.0
[step 13200] eval_success_rate=0.540 eval_mean_score=14.700 eval_policy_mode=greedy [solved=27/50, score_range=10.00-16.00/16.0, initial=9.00]
[step 13200] PROGRESS: filled=14.70 violations=0.00 zero_cand=0.00
[step 13200] DEBUG: ep_len=11.8 ep_ret=-2.024 stop_prob=0.000 score_chg=5.4725
[DEBUG] train_step 13200: starting episode collection
[DEBUG] train_step 13200: episodes collected, starting value_update
[DEBUG] train_step 13200: value_update done, starting policy_update
[DEBUG] train_step 13200: policy_update done
[step 13250] value_loss=10.434618 policy_loss=1.274778
[step 13250] VALUE_DEBUG: target(mean=-9.04 std=7.95 min=-18.13 max=10.34) V(s)(mean=-8.81 std=7.64) reward(mean=-0.498 std=4.474) clip=50.0
[DEBUG] train_step 13250: starting episode collection
[DEBUG] train_step 13250: episodes collected, starting value_update
[DEBUG] train_step 13250: value_update done, starting policy_update
[DEBUG] train_step 13250: policy_update done
[step 13300] value_loss=3.156295 policy_loss=-0.204669
[step 13300] VALUE_DEBUG: target(mean=-7.68 std=8.48 min=-17.87 max=6.97) V(s)(mean=-7.51 std=8.34) reward(mean=-0.867 std=4.626) clip=50.0
[step 13300] eval_success_rate=0.520 eval_mean_score=14.580 eval_policy_mode=greedy [solved=26/50, score_range=10.00-16.00/16.0, initial=9.00]
[step 13300] PROGRESS: filled=14.58 violations=0.00 zero_cand=0.00
[step 13300] DEBUG: ep_len=12.0 ep_ret=-2.478 stop_prob=0.000 score_chg=5.4100
[DEBUG] train_step 13300: starting episode collection
[DEBUG] train_step 13300: episodes collected, starting value_update
[DEBUG] train_step 13300: value_update done, starting policy_update
[DEBUG] train_step 13300: policy_update done
[step 13350] value_loss=20.968977 policy_loss=-1.113459
[step 13350] VALUE_DEBUG: target(mean=-10.12 std=8.52 min=-22.03 max=6.76) V(s)(mean=-8.72 std=8.49) reward(mean=-1.462 std=5.774) clip=50.0
[DEBUG] train_step 13350: starting episode collection
[DEBUG] train_step 13350: episodes collected, starting value_update
[DEBUG] train_step 13350: value_update done, starting policy_update
[DEBUG] train_step 13350: policy_update done
[step 13400] value_loss=3.231469 policy_loss=-0.196503
[step 13400] VALUE_DEBUG: target(mean=-6.36 std=8.15 min=-17.95 max=5.69) V(s)(mean=-6.27 std=8.27) reward(mean=-0.304 std=3.812) clip=50.0
[step 13400] eval_success_rate=0.460 eval_mean_score=14.500 eval_policy_mode=greedy [solved=23/50, score_range=10.00-16.00/16.0, initial=9.00]
[step 13400] PROGRESS: filled=14.50 violations=0.00 zero_cand=0.00
[step 13400] DEBUG: ep_len=11.8 ep_ret=-1.575 stop_prob=0.000 score_chg=5.6025
[DEBUG] train_step 13400: starting episode collection
[DEBUG] train_step 13400: episodes collected, starting value_update
[DEBUG] train_step 13400: value_update done, starting policy_update
[DEBUG] train_step 13400: policy_update done
[step 13450] value_loss=4.377557 policy_loss=-0.022079
[step 13450] VALUE_DEBUG: target(mean=-6.27 std=8.62 min=-18.95 max=6.38) V(s)(mean=-5.99 std=9.08) reward(mean=0.160 std=2.389) clip=50.0
[DEBUG] train_step 13450: starting episode collection
[DEBUG] train_step 13450: episodes collected, starting value_update
[DEBUG] train_step 13450: value_update done, starting policy_update
[DEBUG] train_step 13450: policy_update done
[step 13500] value_loss=8.877983 policy_loss=0.318477
[step 13500] VALUE_DEBUG: target(mean=-7.59 std=9.41 min=-18.12 max=8.76) V(s)(mean=-7.60 std=9.29) reward(mean=-1.744 std=6.336) clip=50.0
[step 13500] eval_success_rate=0.400 eval_mean_score=14.200 eval_policy_mode=greedy [solved=20/50, score_range=9.00-16.00/16.0, initial=9.00]
[step 13500] PROGRESS: filled=14.20 violations=0.00 zero_cand=0.00
[step 13500] DEBUG: ep_len=12.3 ep_ret=-2.646 stop_prob=0.000 score_chg=5.5750
[DEBUG] train_step 13500: starting episode collection
[DEBUG] train_step 13500: episodes collected, starting value_update
[DEBUG] train_step 13500: value_update done, starting policy_update
[DEBUG] train_step 13500: policy_update done
[step 13550] value_loss=15.467099 policy_loss=0.712149
[step 13550] VALUE_DEBUG: target(mean=-6.32 std=9.05 min=-17.83 max=10.42) V(s)(mean=-7.19 std=8.55) reward(mean=-1.269 std=7.071) clip=50.0
[DEBUG] train_step 13550: starting episode collection
[DEBUG] train_step 13550: episodes collected, starting value_update
[DEBUG] train_step 13550: value_update done, starting policy_update
[DEBUG] train_step 13550: policy_update done
[step 13600] value_loss=3.554245 policy_loss=0.004552
[step 13600] VALUE_DEBUG: target(mean=-9.80 std=9.18 min=-18.76 max=6.84) V(s)(mean=-9.89 std=9.30) reward(mean=-1.018 std=3.829) clip=50.0
[step 13600] eval_success_rate=0.520 eval_mean_score=14.540 eval_policy_mode=greedy [solved=26/50, score_range=9.00-16.00/16.0, initial=9.00]
[step 13600] PROGRESS: filled=14.54 violations=0.00 zero_cand=0.00
[step 13600] DEBUG: ep_len=12.0 ep_ret=-2.606 stop_prob=0.000 score_chg=5.4800
[DEBUG] train_step 13600: starting episode collection
[DEBUG] train_step 13600: episodes collected, starting value_update
[DEBUG] train_step 13600: value_update done, starting policy_update
[DEBUG] train_step 13600: policy_update done
[step 13650] value_loss=2.952647 policy_loss=-0.276964
[step 13650] VALUE_DEBUG: target(mean=-4.94 std=8.55 min=-17.89 max=9.50) V(s)(mean=-4.69 std=8.00) reward(mean=0.102 std=3.443) clip=50.0
[DEBUG] train_step 13650: starting episode collection
[DEBUG] train_step 13650: episodes collected, starting value_update
[DEBUG] train_step 13650: value_update done, starting policy_update
[DEBUG] train_step 13650: policy_update done
[step 13700] value_loss=4.055409 policy_loss=-0.048558
[step 13700] VALUE_DEBUG: target(mean=-6.11 std=8.87 min=-24.45 max=5.00) V(s)(mean=-6.04 std=8.87) reward(mean=-0.149 std=3.802) clip=50.0
[step 13700] eval_success_rate=0.500 eval_mean_score=14.280 eval_policy_mode=greedy [solved=25/50, score_range=9.00-16.00/16.0, initial=9.00]
[step 13700] PROGRESS: filled=14.28 violations=0.00 zero_cand=0.00
[step 13700] DEBUG: ep_len=11.8 ep_ret=-2.141 stop_prob=0.000 score_chg=5.4100
[DEBUG] train_step 13700: starting episode collection
[DEBUG] train_step 13700: episodes collected, starting value_update
[DEBUG] train_step 13700: value_update done, starting policy_update
[DEBUG] train_step 13700: policy_update done
[step 13750] value_loss=2.323981 policy_loss=0.072276
[step 13750] VALUE_DEBUG: target(mean=-5.99 std=8.78 min=-18.75 max=6.84) V(s)(mean=-6.20 std=8.83) reward(mean=-0.834 std=4.366) clip=50.0
[DEBUG] train_step 13750: starting episode collection
[DEBUG] train_step 13750: episodes collected, starting value_update
[DEBUG] train_step 13750: value_update done, starting policy_update
[DEBUG] train_step 13750: policy_update done
[step 13800] value_loss=4.325681 policy_loss=0.781354
[step 13800] VALUE_DEBUG: target(mean=-5.28 std=9.27 min=-18.19 max=8.03) V(s)(mean=-5.42 std=9.28) reward(mean=-0.182 std=3.551) clip=50.0
[step 13800] eval_success_rate=0.440 eval_mean_score=14.160 eval_policy_mode=greedy [solved=22/50, score_range=9.00-16.00/16.0, initial=9.00]
[step 13800] PROGRESS: filled=14.16 violations=0.00 zero_cand=0.00
[step 13800] DEBUG: ep_len=12.2 ep_ret=-2.668 stop_prob=0.000 score_chg=5.4700
[DEBUG] train_step 13800: starting episode collection
[DEBUG] train_step 13800: episodes collected, starting value_update
[DEBUG] train_step 13800: value_update done, starting policy_update
[DEBUG] train_step 13800: policy_update done
[step 13850] value_loss=5.136289 policy_loss=0.469117
[step 13850] VALUE_DEBUG: target(mean=-5.82 std=9.50 min=-18.23 max=9.23) V(s)(mean=-6.22 std=8.71) reward(mean=0.336 std=4.880) clip=50.0
[DEBUG] train_step 13850: starting episode collection
[DEBUG] train_step 13850: episodes collected, starting value_update
[DEBUG] train_step 13850: value_update done, starting policy_update
[DEBUG] train_step 13850: policy_update done
[step 13900] value_loss=2.079185 policy_loss=-0.234314
[step 13900] VALUE_DEBUG: target(mean=-8.96 std=8.91 min=-22.09 max=7.35) V(s)(mean=-8.90 std=8.43) reward(mean=-0.400 std=4.200) clip=50.0
[step 13900] eval_success_rate=0.420 eval_mean_score=14.040 eval_policy_mode=greedy [solved=21/50, score_range=9.00-16.00/16.0, initial=9.00]
[step 13900] PROGRESS: filled=14.04 violations=0.00 zero_cand=0.00
[step 13900] DEBUG: ep_len=12.3 ep_ret=-2.658 stop_prob=0.000 score_chg=5.4500
[DEBUG] train_step 13900: starting episode collection
[DEBUG] train_step 13900: episodes collected, starting value_update
[DEBUG] train_step 13900: value_update done, starting policy_update
[DEBUG] train_step 13900: policy_update done
[step 13950] value_loss=1.441006 policy_loss=-0.363280
[step 13950] VALUE_DEBUG: target(mean=-9.05 std=8.52 min=-18.70 max=7.33) V(s)(mean=-8.95 std=8.55) reward(mean=-0.496 std=3.151) clip=50.0
[DEBUG] train_step 13950: starting episode collection
[DEBUG] train_step 13950: episodes collected, starting value_update
[DEBUG] train_step 13950: value_update done, starting policy_update
[DEBUG] train_step 13950: policy_update done
[step 14000] value_loss=9.153706 policy_loss=-0.774864
[step 14000] VALUE_DEBUG: target(mean=-8.32 std=8.94 min=-20.93 max=9.01) V(s)(mean=-8.25 std=8.15) reward(mean=-0.118 std=4.207) clip=50.0
[step 14000] eval_success_rate=0.520 eval_mean_score=14.460 eval_policy_mode=greedy [solved=26/50, score_range=9.00-16.00/16.0, initial=9.00]
[step 14000] PROGRESS: filled=14.46 violations=0.00 zero_cand=0.00
[step 14000] DEBUG: ep_len=12.4 ep_ret=-3.067 stop_prob=0.000 score_chg=5.4550
[Checkpoint] Saved to buiksat_trm/checkpoints/table3_hard_6to8_controlled_nomask_nc_r10_s3/rl_checkpoint_step_14000.pt
[DEBUG] train_step 14000: starting episode collection
[DEBUG] train_step 14000: episodes collected, starting value_update
[DEBUG] train_step 14000: value_update done, starting policy_update
[DEBUG] train_step 14000: policy_update done
[step 14050] value_loss=1.462072 policy_loss=-0.080471
[step 14050] VALUE_DEBUG: target(mean=-5.48 std=9.02 min=-21.88 max=6.37) V(s)(mean=-5.45 std=8.64) reward(mean=-0.802 std=3.350) clip=50.0
[DEBUG] train_step 14050: starting episode collection
[DEBUG] train_step 14050: episodes collected, starting value_update
[DEBUG] train_step 14050: value_update done, starting policy_update
[DEBUG] train_step 14050: policy_update done
[step 14100] value_loss=4.736884 policy_loss=-0.843598
[step 14100] VALUE_DEBUG: target(mean=-5.54 std=9.21 min=-17.65 max=12.12) V(s)(mean=-6.08 std=8.98) reward(mean=0.206 std=3.730) clip=50.0
[step 14100] eval_success_rate=0.460 eval_mean_score=14.260 eval_policy_mode=greedy [solved=23/50, score_range=9.00-16.00/16.0, initial=9.00]
[step 14100] PROGRESS: filled=14.26 violations=0.00 zero_cand=0.00
[step 14100] DEBUG: ep_len=12.1 ep_ret=-2.576 stop_prob=0.000 score_chg=5.3975
[DEBUG] train_step 14100: starting episode collection
[DEBUG] train_step 14100: episodes collected, starting value_update
[DEBUG] train_step 14100: value_update done, starting policy_update
[DEBUG] train_step 14100: policy_update done
[step 14150] value_loss=2.922604 policy_loss=-0.612530
[step 14150] VALUE_DEBUG: target(mean=-6.08 std=8.55 min=-18.65 max=6.76) V(s)(mean=-5.57 std=8.93) reward(mean=-0.714 std=3.555) clip=50.0
[DEBUG] train_step 14150: starting episode collection
[DEBUG] train_step 14150: episodes collected, starting value_update
[DEBUG] train_step 14150: value_update done, starting policy_update
[DEBUG] train_step 14150: policy_update done
[step 14200] value_loss=6.871495 policy_loss=0.473135
[step 14200] VALUE_DEBUG: target(mean=-7.17 std=9.56 min=-19.91 max=7.49) V(s)(mean=-6.89 std=9.39) reward(mean=-0.895 std=5.444) clip=50.0
[step 14200] eval_success_rate=0.520 eval_mean_score=14.440 eval_policy_mode=greedy [solved=26/50, score_range=9.00-16.00/16.0, initial=9.00]
[step 14200] PROGRESS: filled=14.44 violations=0.00 zero_cand=0.00
[step 14200] DEBUG: ep_len=12.0 ep_ret=-2.238 stop_prob=0.000 score_chg=5.4350
[DEBUG] train_step 14200: starting episode collection
[DEBUG] train_step 14200: episodes collected, starting value_update
[DEBUG] train_step 14200: value_update done, starting policy_update
[DEBUG] train_step 14200: policy_update done
[step 14250] value_loss=2.814569 policy_loss=-0.064766
[step 14250] VALUE_DEBUG: target(mean=-8.03 std=9.11 min=-20.46 max=5.41) V(s)(mean=-8.04 std=8.47) reward(mean=-0.184 std=3.433) clip=50.0
[DEBUG] train_step 14250: starting episode collection
[DEBUG] train_step 14250: episodes collected, starting value_update
[DEBUG] train_step 14250: value_update done, starting policy_update
[DEBUG] train_step 14250: policy_update done
[step 14300] value_loss=4.371251 policy_loss=0.165588
[step 14300] VALUE_DEBUG: target(mean=-9.31 std=9.12 min=-22.49 max=6.84) V(s)(mean=-9.44 std=8.50) reward(mean=-0.146 std=3.901) clip=50.0
[step 14300] eval_success_rate=0.560 eval_mean_score=14.440 eval_policy_mode=greedy [solved=28/50, score_range=9.00-16.00/16.0, initial=9.00]
[step 14300] PROGRESS: filled=14.44 violations=0.00 zero_cand=0.00
[step 14300] DEBUG: ep_len=11.9 ep_ret=-1.963 stop_prob=0.000 score_chg=5.5050
[DEBUG] train_step 14300: starting episode collection
[DEBUG] train_step 14300: episodes collected, starting value_update
[DEBUG] train_step 14300: value_update done, starting policy_update
[DEBUG] train_step 14300: policy_update done
[step 14350] value_loss=4.341035 policy_loss=-0.351940
[step 14350] VALUE_DEBUG: target(mean=-5.04 std=9.06 min=-18.09 max=8.53) V(s)(mean=-5.46 std=8.81) reward(mean=0.852 std=3.935) clip=50.0
[DEBUG] train_step 14350: starting episode collection
[DEBUG] train_step 14350: episodes collected, starting value_update
[DEBUG] train_step 14350: value_update done, starting policy_update
[DEBUG] train_step 14350: policy_update done
[step 14400] value_loss=3.373765 policy_loss=-0.232612
[step 14400] VALUE_DEBUG: target(mean=-6.05 std=8.28 min=-16.90 max=8.34) V(s)(mean=-6.80 std=8.10) reward(mean=0.674 std=2.142) clip=50.0
[step 14400] eval_success_rate=0.520 eval_mean_score=14.600 eval_policy_mode=greedy [solved=26/50, score_range=9.00-16.00/16.0, initial=9.00]
[step 14400] PROGRESS: filled=14.60 violations=0.00 zero_cand=0.00
[step 14400] DEBUG: ep_len=12.0 ep_ret=-2.355 stop_prob=0.000 score_chg=5.4075
[DEBUG] train_step 14400: starting episode collection
[DEBUG] train_step 14400: episodes collected, starting value_update
[DEBUG] train_step 14400: value_update done, starting policy_update
[DEBUG] train_step 14400: policy_update done
[step 14450] value_loss=0.754152 policy_loss=0.066052
[step 14450] VALUE_DEBUG: target(mean=-6.08 std=8.72 min=-17.19 max=7.57) V(s)(mean=-5.81 std=8.59) reward(mean=0.130 std=3.175) clip=50.0
[DEBUG] train_step 14450: starting episode collection
[DEBUG] train_step 14450: episodes collected, starting value_update
[DEBUG] train_step 14450: value_update done, starting policy_update
[DEBUG] train_step 14450: policy_update done
[step 14500] value_loss=2.930213 policy_loss=-0.063477
[step 14500] VALUE_DEBUG: target(mean=-6.82 std=9.34 min=-17.76 max=7.99) V(s)(mean=-6.78 std=9.23) reward(mean=-0.999 std=5.201) clip=50.0
[step 14500] eval_success_rate=0.520 eval_mean_score=14.500 eval_policy_mode=greedy [solved=26/50, score_range=9.00-16.00/16.0, initial=9.00]
[step 14500] PROGRESS: filled=14.50 violations=0.00 zero_cand=0.00
[step 14500] DEBUG: ep_len=11.7 ep_ret=-1.746 stop_prob=0.000 score_chg=5.4000
[DEBUG] train_step 14500: starting episode collection
[DEBUG] train_step 14500: episodes collected, starting value_update
[DEBUG] train_step 14500: value_update done, starting policy_update
[DEBUG] train_step 14500: policy_update done
[step 14550] value_loss=12.212842 policy_loss=0.593128
[step 14550] VALUE_DEBUG: target(mean=-5.03 std=8.93 min=-17.76 max=6.90) V(s)(mean=-4.77 std=8.85) reward(mean=-0.190 std=4.298) clip=50.0
[DEBUG] train_step 14550: starting episode collection
[DEBUG] train_step 14550: episodes collected, starting value_update
[DEBUG] train_step 14550: value_update done, starting policy_update
[DEBUG] train_step 14550: policy_update done
[step 14600] value_loss=3.860411 policy_loss=0.327136
[step 14600] VALUE_DEBUG: target(mean=-6.84 std=8.57 min=-21.53 max=7.43) V(s)(mean=-6.90 std=8.26) reward(mean=0.512 std=3.187) clip=50.0
[step 14600] eval_success_rate=0.380 eval_mean_score=14.280 eval_policy_mode=greedy [solved=19/50, score_range=9.00-16.00/16.0, initial=9.00]
[step 14600] PROGRESS: filled=14.28 violations=0.00 zero_cand=0.00
[step 14600] DEBUG: ep_len=12.0 ep_ret=-2.559 stop_prob=0.000 score_chg=5.0825
[DEBUG] train_step 14600: starting episode collection
[DEBUG] train_step 14600: episodes collected, starting value_update
[DEBUG] train_step 14600: value_update done, starting policy_update
[DEBUG] train_step 14600: policy_update done
[step 14650] value_loss=8.050764 policy_loss=0.084623
[step 14650] VALUE_DEBUG: target(mean=-6.06 std=8.75 min=-16.98 max=6.25) V(s)(mean=-5.83 std=9.04) reward(mean=-0.098 std=4.136) clip=50.0
[DEBUG] train_step 14650: starting episode collection
[DEBUG] train_step 14650: episodes collected, starting value_update
[DEBUG] train_step 14650: value_update done, starting policy_update
[DEBUG] train_step 14650: policy_update done
[step 14700] value_loss=3.864532 policy_loss=-0.790591
[step 14700] VALUE_DEBUG: target(mean=-8.32 std=9.17 min=-18.88 max=7.07) V(s)(mean=-8.23 std=8.48) reward(mean=-0.277 std=3.928) clip=50.0
[step 14700] eval_success_rate=0.460 eval_mean_score=14.440 eval_policy_mode=greedy [solved=23/50, score_range=9.00-16.00/16.0, initial=9.00]
[step 14700] PROGRESS: filled=14.44 violations=0.00 zero_cand=0.00
[step 14700] DEBUG: ep_len=11.5 ep_ret=-1.669 stop_prob=0.000 score_chg=5.3100
[DEBUG] train_step 14700: starting episode collection
[DEBUG] train_step 14700: episodes collected, starting value_update
[DEBUG] train_step 14700: value_update done, starting policy_update
[DEBUG] train_step 14700: policy_update done
[step 14750] value_loss=5.821237 policy_loss=-0.011089
[step 14750] VALUE_DEBUG: target(mean=-4.99 std=9.24 min=-23.45 max=7.59) V(s)(mean=-4.29 std=8.94) reward(mean=-0.270 std=2.748) clip=50.0
[DEBUG] train_step 14750: starting episode collection
[DEBUG] train_step 14750: episodes collected, starting value_update
[DEBUG] train_step 14750: value_update done, starting policy_update
[DEBUG] train_step 14750: policy_update done
[step 14800] value_loss=3.322410 policy_loss=-0.082819
[step 14800] VALUE_DEBUG: target(mean=-3.43 std=7.77 min=-16.52 max=6.43) V(s)(mean=-3.95 std=7.50) reward(mean=0.571 std=2.186) clip=50.0
[step 14800] eval_success_rate=0.440 eval_mean_score=14.260 eval_policy_mode=greedy [solved=22/50, score_range=9.00-16.00/16.0, initial=9.00]
[step 14800] PROGRESS: filled=14.26 violations=0.00 zero_cand=0.00
[step 14800] DEBUG: ep_len=11.1 ep_ret=-0.060 stop_prob=0.000 score_chg=5.7375
[DEBUG] train_step 14800: starting episode collection
[DEBUG] train_step 14800: episodes collected, starting value_update
[DEBUG] train_step 14800: value_update done, starting policy_update
[DEBUG] train_step 14800: policy_update done
[step 14850] value_loss=3.629565 policy_loss=-1.056334
[step 14850] VALUE_DEBUG: target(mean=-2.85 std=8.39 min=-17.86 max=8.77) V(s)(mean=-2.52 std=8.11) reward(mean=-0.148 std=3.780) clip=50.0
[DEBUG] train_step 14850: starting episode collection
[DEBUG] train_step 14850: episodes collected, starting value_update
[DEBUG] train_step 14850: value_update done, starting policy_update
[DEBUG] train_step 14850: policy_update done
[step 14900] value_loss=1.619906 policy_loss=-0.571784
[step 14900] VALUE_DEBUG: target(mean=-4.76 std=8.84 min=-18.81 max=7.26) V(s)(mean=-4.49 std=8.77) reward(mean=-0.088 std=1.782) clip=50.0
[step 14900] eval_success_rate=0.480 eval_mean_score=14.260 eval_policy_mode=greedy [solved=24/50, score_range=9.00-16.00/16.0, initial=9.00]
[step 14900] PROGRESS: filled=14.26 violations=0.00 zero_cand=0.00
[step 14900] DEBUG: ep_len=12.1 ep_ret=-1.970 stop_prob=0.000 score_chg=5.3850
[DEBUG] train_step 14900: starting episode collection
[DEBUG] train_step 14900: episodes collected, starting value_update
[DEBUG] train_step 14900: value_update done, starting policy_update
[DEBUG] train_step 14900: policy_update done
[step 14950] value_loss=22.570370 policy_loss=0.500261
[step 14950] VALUE_DEBUG: target(mean=-5.85 std=10.25 min=-25.65 max=8.04) V(s)(mean=-4.82 std=9.37) reward(mean=-0.904 std=5.373) clip=50.0
[DEBUG] train_step 14950: starting episode collection
[DEBUG] train_step 14950: episodes collected, starting value_update
[DEBUG] train_step 14950: value_update done, starting policy_update
[DEBUG] train_step 14950: policy_update done
[step 15000] value_loss=17.286377 policy_loss=1.188474
[step 15000] VALUE_DEBUG: target(mean=-5.74 std=9.23 min=-21.08 max=8.01) V(s)(mean=-4.94 std=8.55) reward(mean=-0.154 std=4.401) clip=50.0
[step 15000] eval_success_rate=0.440 eval_mean_score=14.340 eval_policy_mode=greedy [solved=22/50, score_range=9.00-16.00/16.0, initial=9.00]
[step 15000] PROGRESS: filled=14.34 violations=0.00 zero_cand=0.00
[step 15000] DEBUG: ep_len=12.0 ep_ret=-2.355 stop_prob=0.000 score_chg=5.4325
[Checkpoint] Saved to buiksat_trm/checkpoints/table3_hard_6to8_controlled_nomask_nc_r10_s3/rl_checkpoint_step_15000.pt
[DEBUG] train_step 15000: starting episode collection
[DEBUG] train_step 15000: episodes collected, starting value_update
[DEBUG] train_step 15000: value_update done, starting policy_update
[DEBUG] train_step 15000: policy_update done
[step 15050] value_loss=1.895454 policy_loss=0.376100
[step 15050] VALUE_DEBUG: target(mean=-7.61 std=9.44 min=-18.68 max=6.13) V(s)(mean=-7.57 std=9.62) reward(mean=-1.094 std=5.419) clip=50.0
[DEBUG] train_step 15050: starting episode collection
[DEBUG] train_step 15050: episodes collected, starting value_update
[DEBUG] train_step 15050: value_update done, starting policy_update
[DEBUG] train_step 15050: policy_update done
[step 15100] value_loss=1.323058 policy_loss=-0.354644
[step 15100] VALUE_DEBUG: target(mean=-5.47 std=8.55 min=-18.52 max=7.34) V(s)(mean=-6.07 std=8.60) reward(mean=0.754 std=1.507) clip=50.0
[step 15100] eval_success_rate=0.500 eval_mean_score=14.460 eval_policy_mode=greedy [solved=25/50, score_range=9.00-16.00/16.0, initial=9.00]
[step 15100] PROGRESS: filled=14.46 violations=0.00 zero_cand=0.00
[step 15100] DEBUG: ep_len=11.9 ep_ret=-2.277 stop_prob=0.000 score_chg=5.3800
[DEBUG] train_step 15100: starting episode collection
[DEBUG] train_step 15100: episodes collected, starting value_update
[DEBUG] train_step 15100: value_update done, starting policy_update
[DEBUG] train_step 15100: policy_update done
[step 15150] value_loss=8.410790 policy_loss=0.245568
[step 15150] VALUE_DEBUG: target(mean=-6.21 std=8.66 min=-18.57 max=6.15) V(s)(mean=-6.21 std=8.29) reward(mean=-0.809 std=4.358) clip=50.0
[DEBUG] train_step 15150: starting episode collection
[DEBUG] train_step 15150: episodes collected, starting value_update
[DEBUG] train_step 15150: value_update done, starting policy_update
[DEBUG] train_step 15150: policy_update done
[step 15200] value_loss=4.938406 policy_loss=-0.615592
[step 15200] VALUE_DEBUG: target(mean=-7.22 std=9.00 min=-22.48 max=9.59) V(s)(mean=-7.25 std=8.52) reward(mean=0.728 std=3.100) clip=50.0
[step 15200] eval_success_rate=0.500 eval_mean_score=14.480 eval_policy_mode=greedy [solved=25/50, score_range=9.00-16.00/16.0, initial=9.00]
[step 15200] PROGRESS: filled=14.48 violations=0.00 zero_cand=0.00
[step 15200] DEBUG: ep_len=12.0 ep_ret=-2.324 stop_prob=0.000 score_chg=5.4050
[DEBUG] train_step 15200: starting episode collection
[DEBUG] train_step 15200: episodes collected, starting value_update
[DEBUG] train_step 15200: value_update done, starting policy_update
[DEBUG] train_step 15200: policy_update done
[step 15250] value_loss=2.266745 policy_loss=-0.515793
[step 15250] VALUE_DEBUG: target(mean=-5.08 std=8.97 min=-20.74 max=6.78) V(s)(mean=-4.76 std=8.96) reward(mean=0.320 std=2.426) clip=50.0
[DEBUG] train_step 15250: starting episode collection
[DEBUG] train_step 15250: episodes collected, starting value_update
[DEBUG] train_step 15250: value_update done, starting policy_update
[DEBUG] train_step 15250: policy_update done
[step 15300] value_loss=2.195116 policy_loss=-0.756801
[step 15300] VALUE_DEBUG: target(mean=-4.22 std=9.07 min=-17.80 max=7.36) V(s)(mean=-4.12 std=8.94) reward(mean=0.690 std=1.580) clip=50.0
[step 15300] eval_success_rate=0.440 eval_mean_score=14.460 eval_policy_mode=greedy [solved=22/50, score_range=9.00-16.00/16.0, initial=9.00]
[step 15300] PROGRESS: filled=14.46 violations=0.00 zero_cand=0.00
[step 15300] DEBUG: ep_len=12.0 ep_ret=-2.480 stop_prob=0.000 score_chg=5.3775
[DEBUG] train_step 15300: starting episode collection
[DEBUG] train_step 15300: episodes collected, starting value_update
[DEBUG] train_step 15300: value_update done, starting policy_update
[DEBUG] train_step 15300: policy_update done
[step 15350] value_loss=5.269669 policy_loss=-0.582262
[step 15350] VALUE_DEBUG: target(mean=-5.41 std=8.80 min=-18.72 max=8.31) V(s)(mean=-4.89 std=8.67) reward(mean=-1.375 std=4.673) clip=50.0
[DEBUG] train_step 15350: starting episode collection
[DEBUG] train_step 15350: episodes collected, starting value_update
[DEBUG] train_step 15350: value_update done, starting policy_update
[DEBUG] train_step 15350: policy_update done
[step 15400] value_loss=3.991178 policy_loss=0.456488
[step 15400] VALUE_DEBUG: target(mean=-6.09 std=9.15 min=-19.20 max=5.69) V(s)(mean=-5.85 std=9.06) reward(mean=0.463 std=2.307) clip=50.0
[step 15400] eval_success_rate=0.460 eval_mean_score=14.380 eval_policy_mode=greedy [solved=23/50, score_range=9.00-16.00/16.0, initial=9.00]
[step 15400] PROGRESS: filled=14.38 violations=0.00 zero_cand=0.00
[step 15400] DEBUG: ep_len=12.0 ep_ret=-2.301 stop_prob=0.000 score_chg=5.4450
[DEBUG] train_step 15400: starting episode collection
[DEBUG] train_step 15400: episodes collected, starting value_update
[DEBUG] train_step 15400: value_update done, starting policy_update
[DEBUG] train_step 15400: policy_update done
[step 15450] value_loss=3.208575 policy_loss=0.243917
[step 15450] VALUE_DEBUG: target(mean=-3.21 std=8.83 min=-18.51 max=8.20) V(s)(mean=-3.49 std=8.72) reward(mean=0.224 std=3.594) clip=50.0
[DEBUG] train_step 15450: starting episode collection
[DEBUG] train_step 15450: episodes collected, starting value_update
[DEBUG] train_step 15450: value_update done, starting policy_update
[DEBUG] train_step 15450: policy_update done
[step 15500] value_loss=11.803919 policy_loss=0.183362
[step 15500] VALUE_DEBUG: target(mean=-6.66 std=8.95 min=-18.38 max=12.79) V(s)(mean=-7.57 std=8.23) reward(mean=0.162 std=3.276) clip=50.0
[step 15500] eval_success_rate=0.460 eval_mean_score=14.300 eval_policy_mode=greedy [solved=23/50, score_range=9.00-16.00/16.0, initial=9.00]
[step 15500] PROGRESS: filled=14.30 violations=0.00 zero_cand=0.00
[step 15500] DEBUG: ep_len=12.0 ep_ret=-2.919 stop_prob=0.000 score_chg=5.0875
[DEBUG] train_step 15500: starting episode collection
[DEBUG] train_step 15500: episodes collected, starting value_update
[DEBUG] train_step 15500: value_update done, starting policy_update
[DEBUG] train_step 15500: policy_update done
[step 15550] value_loss=0.623007 policy_loss=0.076865
[step 15550] VALUE_DEBUG: target(mean=-3.09 std=8.85 min=-17.98 max=6.84) V(s)(mean=-3.35 std=8.83) reward(mean=0.289 std=3.268) clip=50.0
[DEBUG] train_step 15550: starting episode collection
[DEBUG] train_step 15550: episodes collected, starting value_update
[DEBUG] train_step 15550: value_update done, starting policy_update
[DEBUG] train_step 15550: policy_update done
[step 15600] value_loss=4.684314 policy_loss=0.434615
[step 15600] VALUE_DEBUG: target(mean=-3.67 std=9.11 min=-18.27 max=9.27) V(s)(mean=-3.69 std=9.03) reward(mean=0.133 std=3.074) clip=50.0
[step 15600] eval_success_rate=0.500 eval_mean_score=14.340 eval_policy_mode=greedy [solved=25/50, score_range=9.00-16.00/16.0, initial=9.00]
[step 15600] PROGRESS: filled=14.34 violations=0.00 zero_cand=0.00
[step 15600] DEBUG: ep_len=11.6 ep_ret=-1.354 stop_prob=0.000 score_chg=5.5375
[DEBUG] train_step 15600: starting episode collection
[DEBUG] train_step 15600: episodes collected, starting value_update
[DEBUG] train_step 15600: value_update done, starting policy_update
[DEBUG] train_step 15600: policy_update done
[step 15650] value_loss=2.192095 policy_loss=0.116675
[step 15650] VALUE_DEBUG: target(mean=-7.20 std=8.67 min=-17.82 max=8.57) V(s)(mean=-7.70 std=8.52) reward(mean=-0.366 std=4.462) clip=50.0
[DEBUG] train_step 15650: starting episode collection
[DEBUG] train_step 15650: episodes collected, starting value_update
[DEBUG] train_step 15650: value_update done, starting policy_update
[DEBUG] train_step 15650: policy_update done
[step 15700] value_loss=1.503884 policy_loss=0.028483
[step 15700] VALUE_DEBUG: target(mean=-3.08 std=8.26 min=-18.37 max=6.13) V(s)(mean=-2.84 std=8.19) reward(mean=-0.092 std=3.231) clip=50.0
[step 15700] eval_success_rate=0.500 eval_mean_score=14.580 eval_policy_mode=greedy [solved=25/50, score_range=9.00-16.00/16.0, initial=9.00]
[step 15700] PROGRESS: filled=14.58 violations=0.00 zero_cand=0.00
[step 15700] DEBUG: ep_len=11.8 ep_ret=-1.747 stop_prob=0.000 score_chg=5.5200
[DEBUG] train_step 15700: starting episode collection
[DEBUG] train_step 15700: episodes collected, starting value_update
[DEBUG] train_step 15700: value_update done, starting policy_update
[DEBUG] train_step 15700: policy_update done
[step 15750] value_loss=3.075123 policy_loss=0.918914
[step 15750] VALUE_DEBUG: target(mean=-3.92 std=9.49 min=-17.15 max=10.79) V(s)(mean=-4.14 std=9.09) reward(mean=0.128 std=3.448) clip=50.0
[DEBUG] train_step 15750: starting episode collection
[DEBUG] train_step 15750: episodes collected, starting value_update
[DEBUG] train_step 15750: value_update done, starting policy_update
[DEBUG] train_step 15750: policy_update done
[step 15800] value_loss=9.485729 policy_loss=-0.281631
[step 15800] VALUE_DEBUG: target(mean=-5.55 std=7.73 min=-16.74 max=6.38) V(s)(mean=-6.05 std=8.01) reward(mean=0.574 std=2.609) clip=50.0
[step 15800] eval_success_rate=0.560 eval_mean_score=14.680 eval_policy_mode=greedy [solved=28/50, score_range=10.00-16.00/16.0, initial=9.00]
[step 15800] PROGRESS: filled=14.68 violations=0.00 zero_cand=0.00
[step 15800] DEBUG: ep_len=11.7 ep_ret=-1.995 stop_prob=0.000 score_chg=5.3375
[DEBUG] train_step 15800: starting episode collection
[DEBUG] train_step 15800: episodes collected, starting value_update
[DEBUG] train_step 15800: value_update done, starting policy_update
[DEBUG] train_step 15800: policy_update done
[step 15850] value_loss=3.896329 policy_loss=-0.279384
[step 15850] VALUE_DEBUG: target(mean=-3.18 std=7.57 min=-18.34 max=8.35) V(s)(mean=-3.12 std=7.06) reward(mean=-0.377 std=5.015) clip=50.0
[DEBUG] train_step 15850: starting episode collection
[DEBUG] train_step 15850: episodes collected, starting value_update
[DEBUG] train_step 15850: value_update done, starting policy_update
[DEBUG] train_step 15850: policy_update done
[step 15900] value_loss=0.478306 policy_loss=0.897386
[step 15900] VALUE_DEBUG: target(mean=-4.38 std=8.68 min=-17.25 max=6.77) V(s)(mean=-4.33 std=8.69) reward(mean=-0.157 std=3.740) clip=50.0
[step 15900] eval_success_rate=0.520 eval_mean_score=14.420 eval_policy_mode=greedy [solved=26/50, score_range=9.00-16.00/16.0, initial=9.00]
[step 15900] PROGRESS: filled=14.42 violations=0.00 zero_cand=0.00
[step 15900] DEBUG: ep_len=11.7 ep_ret=-1.995 stop_prob=0.000 score_chg=5.3975
[DEBUG] train_step 15900: starting episode collection
[DEBUG] train_step 15900: episodes collected, starting value_update
[DEBUG] train_step 15900: value_update done, starting policy_update
[DEBUG] train_step 15900: policy_update done
[step 15950] value_loss=10.777218 policy_loss=0.239353
[step 15950] VALUE_DEBUG: target(mean=-6.74 std=8.77 min=-19.01 max=5.52) V(s)(mean=-5.75 std=8.63) reward(mean=-1.769 std=4.969) clip=50.0
[DEBUG] train_step 15950: starting episode collection
[DEBUG] train_step 15950: episodes collected, starting value_update
[DEBUG] train_step 15950: value_update done, starting policy_update
[DEBUG] train_step 15950: policy_update done
[step 16000] value_loss=4.176356 policy_loss=-0.503010
[step 16000] VALUE_DEBUG: target(mean=-4.08 std=8.86 min=-18.58 max=9.34) V(s)(mean=-3.99 std=8.52) reward(mean=0.598 std=2.822) clip=50.0
[step 16000] eval_success_rate=0.460 eval_mean_score=14.380 eval_policy_mode=greedy [solved=23/50, score_range=10.00-16.00/16.0, initial=9.00]
[step 16000] PROGRESS: filled=14.38 violations=0.00 zero_cand=0.00
[step 16000] DEBUG: ep_len=11.5 ep_ret=-0.568 stop_prob=0.000 score_chg=5.7225
[Checkpoint] Saved to buiksat_trm/checkpoints/table3_hard_6to8_controlled_nomask_nc_r10_s3/rl_checkpoint_step_16000.pt
[DEBUG] train_step 16000: starting episode collection
[DEBUG] train_step 16000: episodes collected, starting value_update
[DEBUG] train_step 16000: value_update done, starting policy_update
[DEBUG] train_step 16000: policy_update done
[step 16050] value_loss=5.017323 policy_loss=-0.003163
[step 16050] VALUE_DEBUG: target(mean=-1.62 std=8.44 min=-18.26 max=12.12) V(s)(mean=-2.05 std=8.20) reward(mean=0.132 std=3.852) clip=50.0
[DEBUG] train_step 16050: starting episode collection
[DEBUG] train_step 16050: episodes collected, starting value_update
[DEBUG] train_step 16050: value_update done, starting policy_update
[DEBUG] train_step 16050: policy_update done
[step 16100] value_loss=3.552384 policy_loss=-0.816720
[step 16100] VALUE_DEBUG: target(mean=-8.01 std=8.80 min=-21.08 max=6.83) V(s)(mean=-7.60 std=8.78) reward(mean=-0.997 std=6.362) clip=50.0
[step 16100] eval_success_rate=0.460 eval_mean_score=14.420 eval_policy_mode=greedy [solved=23/50, score_range=9.00-16.00/16.0, initial=9.00]
[step 16100] PROGRESS: filled=14.42 violations=0.00 zero_cand=0.00
[step 16100] DEBUG: ep_len=11.9 ep_ret=-0.716 stop_prob=0.000 score_chg=5.7575
[DEBUG] train_step 16100: starting episode collection
[DEBUG] train_step 16100: episodes collected, starting value_update
[DEBUG] train_step 16100: value_update done, starting policy_update
[DEBUG] train_step 16100: policy_update done
[step 16150] value_loss=4.092842 policy_loss=0.087468
[step 16150] VALUE_DEBUG: target(mean=-7.13 std=8.85 min=-19.37 max=6.79) V(s)(mean=-7.25 std=8.71) reward(mean=0.099 std=1.787) clip=50.0
[DEBUG] train_step 16150: starting episode collection
[DEBUG] train_step 16150: episodes collected, starting value_update
[DEBUG] train_step 16150: value_update done, starting policy_update
[DEBUG] train_step 16150: policy_update done
[step 16200] value_loss=5.734822 policy_loss=0.047295
[step 16200] VALUE_DEBUG: target(mean=-3.88 std=9.43 min=-22.21 max=9.38) V(s)(mean=-4.29 std=8.50) reward(mean=0.701 std=2.635) clip=50.0
[step 16200] eval_success_rate=0.400 eval_mean_score=14.200 eval_policy_mode=greedy [solved=20/50, score_range=9.00-16.00/16.0, initial=9.00]
[step 16200] PROGRESS: filled=14.20 violations=0.00 zero_cand=0.00
[step 16200] DEBUG: ep_len=12.3 ep_ret=-2.752 stop_prob=0.000 score_chg=5.4550
[DEBUG] train_step 16200: starting episode collection
[DEBUG] train_step 16200: episodes collected, starting value_update
[DEBUG] train_step 16200: value_update done, starting policy_update
[DEBUG] train_step 16200: policy_update done
[step 16250] value_loss=12.963747 policy_loss=0.287576
[step 16250] VALUE_DEBUG: target(mean=-5.38 std=9.42 min=-19.37 max=13.42) V(s)(mean=-5.56 std=8.15) reward(mean=0.415 std=5.469) clip=50.0
[DEBUG] train_step 16250: starting episode collection
[DEBUG] train_step 16250: episodes collected, starting value_update
[DEBUG] train_step 16250: value_update done, starting policy_update
[DEBUG] train_step 16250: policy_update done
[step 16300] value_loss=5.390162 policy_loss=0.714760
[step 16300] VALUE_DEBUG: target(mean=-2.59 std=8.44 min=-16.80 max=16.26) V(s)(mean=-2.61 std=7.39) reward(mean=1.039 std=2.526) clip=50.0
[step 16300] eval_success_rate=0.340 eval_mean_score=13.960 eval_policy_mode=greedy [solved=17/50, score_range=9.00-16.00/16.0, initial=9.00]
[step 16300] PROGRESS: filled=13.96 violations=0.00 zero_cand=0.00
[step 16300] DEBUG: ep_len=12.0 ep_ret=-1.790 stop_prob=0.000 score_chg=5.7125
[DEBUG] train_step 16300: starting episode collection
[DEBUG] train_step 16300: episodes collected, starting value_update
[DEBUG] train_step 16300: value_update done, starting policy_update
[DEBUG] train_step 16300: policy_update done
[step 16350] value_loss=2.077205 policy_loss=0.082392
[step 16350] VALUE_DEBUG: target(mean=-8.38 std=8.76 min=-19.45 max=7.03) V(s)(mean=-8.63 std=8.49) reward(mean=0.233 std=1.161) clip=50.0
[DEBUG] train_step 16350: starting episode collection
[DEBUG] train_step 16350: episodes collected, starting value_update
[DEBUG] train_step 16350: value_update done, starting policy_update
[DEBUG] train_step 16350: policy_update done
[step 16400] value_loss=6.240916 policy_loss=-0.241727
[step 16400] VALUE_DEBUG: target(mean=-6.81 std=9.51 min=-21.89 max=12.54) V(s)(mean=-7.27 std=8.67) reward(mean=0.357 std=4.077) clip=50.0
[step 16400] eval_success_rate=0.340 eval_mean_score=14.040 eval_policy_mode=greedy [solved=17/50, score_range=10.00-16.00/16.0, initial=9.00]
[step 16400] PROGRESS: filled=14.04 violations=0.00 zero_cand=0.00
[step 16400] DEBUG: ep_len=11.8 ep_ret=-0.671 stop_prob=0.000 score_chg=5.8375
[DEBUG] train_step 16400: starting episode collection
[DEBUG] train_step 16400: episodes collected, starting value_update
[DEBUG] train_step 16400: value_update done, starting policy_update
[DEBUG] train_step 16400: policy_update done
[step 16450] value_loss=1.445591 policy_loss=-0.323518
[step 16450] VALUE_DEBUG: target(mean=-3.75 std=9.32 min=-18.17 max=10.05) V(s)(mean=-4.25 std=9.26) reward(mean=0.342 std=3.263) clip=50.0
[DEBUG] train_step 16450: starting episode collection
[DEBUG] train_step 16450: episodes collected, starting value_update
[DEBUG] train_step 16450: value_update done, starting policy_update
[DEBUG] train_step 16450: policy_update done
[step 16500] value_loss=7.418345 policy_loss=0.033764
[step 16500] VALUE_DEBUG: target(mean=-3.43 std=8.77 min=-18.19 max=10.85) V(s)(mean=-2.76 std=8.89) reward(mean=-0.613 std=3.103) clip=50.0
[step 16500] eval_success_rate=0.320 eval_mean_score=14.220 eval_policy_mode=greedy [solved=16/50, score_range=10.00-16.00/16.0, initial=9.00]
[step 16500] PROGRESS: filled=14.22 violations=0.00 zero_cand=0.00
[step 16500] DEBUG: ep_len=12.0 ep_ret=-1.457 stop_prob=0.000 score_chg=5.7575
[DEBUG] train_step 16500: starting episode collection
[DEBUG] train_step 16500: episodes collected, starting value_update
[DEBUG] train_step 16500: value_update done, starting policy_update
[DEBUG] train_step 16500: policy_update done
[step 16550] value_loss=3.972296 policy_loss=-0.535023
[step 16550] VALUE_DEBUG: target(mean=-5.67 std=9.19 min=-17.68 max=5.33) V(s)(mean=-5.70 std=8.94) reward(mean=-0.401 std=3.231) clip=50.0
[DEBUG] train_step 16550: starting episode collection
[DEBUG] train_step 16550: episodes collected, starting value_update
[DEBUG] train_step 16550: value_update done, starting policy_update
[DEBUG] train_step 16550: policy_update done
[step 16600] value_loss=27.875751 policy_loss=0.590654
[step 16600] VALUE_DEBUG: target(mean=-4.71 std=8.06 min=-17.98 max=7.41) V(s)(mean=-3.78 std=7.77) reward(mean=-0.763 std=4.262) clip=50.0
[step 16600] eval_success_rate=0.380 eval_mean_score=14.160 eval_policy_mode=greedy [solved=19/50, score_range=10.00-16.00/16.0, initial=9.00]
[step 16600] PROGRESS: filled=14.16 violations=0.00 zero_cand=0.00
[step 16600] DEBUG: ep_len=11.8 ep_ret=-0.991 stop_prob=0.000 score_chg=5.8000
[DEBUG] train_step 16600: starting episode collection
[DEBUG] train_step 16600: episodes collected, starting value_update
[DEBUG] train_step 16600: value_update done, starting policy_update
[DEBUG] train_step 16600: policy_update done
[step 16650] value_loss=4.154520 policy_loss=-0.766103
[step 16650] VALUE_DEBUG: target(mean=-3.20 std=8.37 min=-18.04 max=8.35) V(s)(mean=-3.28 std=8.15) reward(mean=0.038 std=4.040) clip=50.0
[DEBUG] train_step 16650: starting episode collection
[DEBUG] train_step 16650: episodes collected, starting value_update
[DEBUG] train_step 16650: value_update done, starting policy_update
[DEBUG] train_step 16650: policy_update done
[step 16700] value_loss=3.245983 policy_loss=-0.099943
[step 16700] VALUE_DEBUG: target(mean=-4.64 std=8.92 min=-19.52 max=10.72) V(s)(mean=-4.69 std=8.18) reward(mean=-0.429 std=4.209) clip=50.0
[step 16700] eval_success_rate=0.420 eval_mean_score=14.520 eval_policy_mode=greedy [solved=21/50, score_range=10.00-16.00/16.0, initial=9.00]
[step 16700] PROGRESS: filled=14.52 violations=0.00 zero_cand=0.00
[step 16700] DEBUG: ep_len=11.6 ep_ret=-1.064 stop_prob=0.000 score_chg=5.5825
[DEBUG] train_step 16700: starting episode collection
[DEBUG] train_step 16700: episodes collected, starting value_update
[DEBUG] train_step 16700: value_update done, starting policy_update
[DEBUG] train_step 16700: policy_update done
[step 16750] value_loss=6.804437 policy_loss=-0.317162
[step 16750] VALUE_DEBUG: target(mean=-3.58 std=9.75 min=-26.62 max=11.04) V(s)(mean=-3.23 std=8.79) reward(mean=-0.308 std=4.208) clip=50.0
[DEBUG] train_step 16750: starting episode collection
[DEBUG] train_step 16750: episodes collected, starting value_update
[DEBUG] train_step 16750: value_update done, starting policy_update
[DEBUG] train_step 16750: policy_update done
[step 16800] value_loss=10.052391 policy_loss=0.086856
[step 16800] VALUE_DEBUG: target(mean=-3.23 std=9.36 min=-22.09 max=6.76) V(s)(mean=-2.74 std=8.62) reward(mean=-1.434 std=6.535) clip=50.0
[step 16800] eval_success_rate=0.480 eval_mean_score=14.780 eval_policy_mode=greedy [solved=24/50, score_range=11.00-16.00/16.0, initial=9.00]
[step 16800] PROGRESS: filled=14.78 violations=0.00 zero_cand=0.00
[step 16800] DEBUG: ep_len=11.3 ep_ret=-0.046 stop_prob=0.000 score_chg=5.8875
[DEBUG] train_step 16800: starting episode collection
[DEBUG] train_step 16800: episodes collected, starting value_update
[DEBUG] train_step 16800: value_update done, starting policy_update
[DEBUG] train_step 16800: policy_update done
[step 16850] value_loss=13.172153 policy_loss=-0.142692
[step 16850] VALUE_DEBUG: target(mean=-4.07 std=8.67 min=-17.54 max=6.84) V(s)(mean=-3.62 std=8.02) reward(mean=-0.455 std=4.726) clip=50.0
[DEBUG] train_step 16850: starting episode collection
[DEBUG] train_step 16850: episodes collected, starting value_update
[DEBUG] train_step 16850: value_update done, starting policy_update
[DEBUG] train_step 16850: policy_update done
[step 16900] value_loss=8.347031 policy_loss=0.037182
[step 16900] VALUE_DEBUG: target(mean=-4.05 std=8.99 min=-18.30 max=8.19) V(s)(mean=-4.53 std=8.66) reward(mean=-0.244 std=5.098) clip=50.0
[step 16900] eval_success_rate=0.460 eval_mean_score=14.560 eval_policy_mode=greedy [solved=23/50, score_range=10.00-16.00/16.0, initial=9.00]
[step 16900] PROGRESS: filled=14.56 violations=0.00 zero_cand=0.00
[step 16900] DEBUG: ep_len=11.8 ep_ret=-1.433 stop_prob=0.000 score_chg=5.7925
[DEBUG] train_step 16900: starting episode collection
[DEBUG] train_step 16900: episodes collected, starting value_update
[DEBUG] train_step 16900: value_update done, starting policy_update
[DEBUG] train_step 16900: policy_update done
[step 16950] value_loss=2.299030 policy_loss=0.031340
[step 16950] VALUE_DEBUG: target(mean=-3.40 std=8.93 min=-18.37 max=7.55) V(s)(mean=-3.52 std=8.67) reward(mean=-0.562 std=3.763) clip=50.0
[DEBUG] train_step 16950: starting episode collection
[DEBUG] train_step 16950: episodes collected, starting value_update
[DEBUG] train_step 16950: value_update done, starting policy_update
[DEBUG] train_step 16950: policy_update done
[step 17000] value_loss=2.151254 policy_loss=0.835157
[step 17000] VALUE_DEBUG: target(mean=-7.41 std=8.96 min=-18.75 max=7.08) V(s)(mean=-7.65 std=8.72) reward(mean=0.409 std=2.188) clip=50.0
[step 17000] eval_success_rate=0.420 eval_mean_score=14.260 eval_policy_mode=greedy [solved=21/50, score_range=9.00-16.00/16.0, initial=9.00]
[step 17000] PROGRESS: filled=14.26 violations=0.00 zero_cand=0.00
[step 17000] DEBUG: ep_len=11.9 ep_ret=-0.912 stop_prob=0.000 score_chg=5.9150
[Checkpoint] Saved to buiksat_trm/checkpoints/table3_hard_6to8_controlled_nomask_nc_r10_s3/rl_checkpoint_step_17000.pt
[DEBUG] train_step 17000: starting episode collection
[DEBUG] train_step 17000: episodes collected, starting value_update
[DEBUG] train_step 17000: value_update done, starting policy_update
[DEBUG] train_step 17000: policy_update done
[step 17050] value_loss=10.192147 policy_loss=-0.416739
[step 17050] VALUE_DEBUG: target(mean=-5.76 std=9.69 min=-16.36 max=17.95) V(s)(mean=-6.48 std=8.68) reward(mean=1.010 std=4.462) clip=50.0
[DEBUG] train_step 17050: starting episode collection
[DEBUG] train_step 17050: episodes collected, starting value_update
[DEBUG] train_step 17050: value_update done, starting policy_update
[DEBUG] train_step 17050: policy_update done
[step 17100] value_loss=12.872002 policy_loss=-0.232278
[step 17100] VALUE_DEBUG: target(mean=-5.89 std=8.97 min=-17.98 max=10.15) V(s)(mean=-5.44 std=8.62) reward(mean=-0.024 std=3.977) clip=50.0
[step 17100] eval_success_rate=0.480 eval_mean_score=14.520 eval_policy_mode=greedy [solved=24/50, score_range=9.00-16.00/16.0, initial=9.00]
[step 17100] PROGRESS: filled=14.52 violations=0.00 zero_cand=0.00
[step 17100] DEBUG: ep_len=11.3 ep_ret=0.020 stop_prob=0.000 score_chg=5.9850
[DEBUG] train_step 17100: starting episode collection
[DEBUG] train_step 17100: episodes collected, starting value_update
[DEBUG] train_step 17100: value_update done, starting policy_update
[DEBUG] train_step 17100: policy_update done
[step 17150] value_loss=5.459187 policy_loss=-0.136225
[step 17150] VALUE_DEBUG: target(mean=-2.48 std=8.57 min=-17.56 max=10.86) V(s)(mean=-3.04 std=8.63) reward(mean=0.162 std=3.587) clip=50.0
[DEBUG] train_step 17150: starting episode collection
[DEBUG] train_step 17150: episodes collected, starting value_update
[DEBUG] train_step 17150: value_update done, starting policy_update
[DEBUG] train_step 17150: policy_update done
[step 17200] value_loss=3.389326 policy_loss=-0.222348
[step 17200] VALUE_DEBUG: target(mean=-5.07 std=10.07 min=-22.71 max=13.60) V(s)(mean=-5.30 std=9.41) reward(mean=-0.376 std=4.693) clip=50.0
[step 17200] eval_success_rate=0.560 eval_mean_score=14.860 eval_policy_mode=greedy [solved=28/50, score_range=9.00-16.00/16.0, initial=9.00]
[step 17200] PROGRESS: filled=14.86 violations=0.00 zero_cand=0.00
[step 17200] DEBUG: ep_len=11.6 ep_ret=-0.274 stop_prob=0.000 score_chg=5.8875
[DEBUG] train_step 17200: starting episode collection
[DEBUG] train_step 17200: episodes collected, starting value_update
[DEBUG] train_step 17200: value_update done, starting policy_update
[DEBUG] train_step 17200: policy_update done
[step 17250] value_loss=2.386359 policy_loss=0.723790
[step 17250] VALUE_DEBUG: target(mean=-4.75 std=9.94 min=-18.25 max=10.34) V(s)(mean=-5.07 std=9.79) reward(mean=-0.059 std=3.624) clip=50.0
[DEBUG] train_step 17250: starting episode collection
[DEBUG] train_step 17250: episodes collected, starting value_update
[DEBUG] train_step 17250: value_update done, starting policy_update
[DEBUG] train_step 17250: policy_update done
[step 17300] value_loss=9.459251 policy_loss=-0.636726
[step 17300] VALUE_DEBUG: target(mean=-6.92 std=8.46 min=-18.32 max=7.21) V(s)(mean=-6.21 std=8.77) reward(mean=-1.271 std=4.376) clip=50.0
[step 17300] eval_success_rate=0.540 eval_mean_score=14.600 eval_policy_mode=greedy [solved=27/50, score_range=9.00-16.00/16.0, initial=9.00]
[step 17300] PROGRESS: filled=14.60 violations=0.00 zero_cand=0.00
[step 17300] DEBUG: ep_len=11.6 ep_ret=-0.536 stop_prob=0.000 score_chg=5.8975
[DEBUG] train_step 17300: starting episode collection
[DEBUG] train_step 17300: episodes collected, starting value_update
[DEBUG] train_step 17300: value_update done, starting policy_update
[DEBUG] train_step 17300: policy_update done
[step 17350] value_loss=11.328081 policy_loss=-0.056565
[step 17350] VALUE_DEBUG: target(mean=-5.50 std=9.18 min=-18.25 max=11.62) V(s)(mean=-6.34 std=9.51) reward(mean=0.786 std=3.230) clip=50.0
[DEBUG] train_step 17350: starting episode collection
[DEBUG] train_step 17350: episodes collected, starting value_update
[DEBUG] train_step 17350: value_update done, starting policy_update
[DEBUG] train_step 17350: policy_update done
[step 17400] value_loss=5.332024 policy_loss=-0.356789
[step 17400] VALUE_DEBUG: target(mean=-3.30 std=8.81 min=-17.84 max=8.07) V(s)(mean=-4.02 std=8.78) reward(mean=0.850 std=4.073) clip=50.0
[step 17400] eval_success_rate=0.540 eval_mean_score=14.960 eval_policy_mode=greedy [solved=27/50, score_range=11.00-16.00/16.0, initial=9.00]
[step 17400] PROGRESS: filled=14.96 violations=0.00 zero_cand=0.00
[step 17400] DEBUG: ep_len=11.7 ep_ret=-0.524 stop_prob=0.000 score_chg=5.9900
[DEBUG] train_step 17400: starting episode collection
[DEBUG] train_step 17400: episodes collected, starting value_update
[DEBUG] train_step 17400: value_update done, starting policy_update
[DEBUG] train_step 17400: policy_update done
[step 17450] value_loss=16.448751 policy_loss=-0.253822
[step 17450] VALUE_DEBUG: target(mean=-3.48 std=8.53 min=-17.56 max=6.84) V(s)(mean=-2.80 std=7.68) reward(mean=-1.307 std=5.456) clip=50.0
[DEBUG] train_step 17450: starting episode collection
[DEBUG] train_step 17450: episodes collected, starting value_update
[DEBUG] train_step 17450: value_update done, starting policy_update
[DEBUG] train_step 17450: policy_update done
[step 17500] value_loss=3.670509 policy_loss=0.603685
[step 17500] VALUE_DEBUG: target(mean=-4.69 std=9.79 min=-20.33 max=9.67) V(s)(mean=-4.48 std=9.11) reward(mean=0.694 std=2.446) clip=50.0
[step 17500] eval_success_rate=0.540 eval_mean_score=14.920 eval_policy_mode=greedy [solved=27/50, score_range=10.00-16.00/16.0, initial=9.00]
[step 17500] PROGRESS: filled=14.92 violations=0.00 zero_cand=0.00
[step 17500] DEBUG: ep_len=11.7 ep_ret=-0.535 stop_prob=0.000 score_chg=5.8425
[DEBUG] train_step 17500: starting episode collection
[DEBUG] train_step 17500: episodes collected, starting value_update
[DEBUG] train_step 17500: value_update done, starting policy_update
[DEBUG] train_step 17500: policy_update done
[step 17550] value_loss=2.159541 policy_loss=0.339683
[step 17550] VALUE_DEBUG: target(mean=-3.88 std=9.40 min=-18.11 max=6.98) V(s)(mean=-4.09 std=9.05) reward(mean=0.277 std=3.448) clip=50.0
[DEBUG] train_step 17550: starting episode collection
[DEBUG] train_step 17550: episodes collected, starting value_update
[DEBUG] train_step 17550: value_update done, starting policy_update
[DEBUG] train_step 17550: policy_update done
[step 17600] value_loss=1.690100 policy_loss=-0.193690
[step 17600] VALUE_DEBUG: target(mean=-2.28 std=8.06 min=-16.83 max=9.86) V(s)(mean=-2.50 std=7.82) reward(mean=1.183 std=1.649) clip=50.0
[step 17600] eval_success_rate=0.500 eval_mean_score=15.000 eval_policy_mode=greedy [solved=25/50, score_range=11.00-16.00/16.0, initial=9.00]
[step 17600] PROGRESS: filled=15.00 violations=0.00 zero_cand=0.00
[step 17600] DEBUG: ep_len=11.9 ep_ret=-0.857 stop_prob=0.000 score_chg=5.8625
[DEBUG] train_step 17600: starting episode collection
[DEBUG] train_step 17600: episodes collected, starting value_update
[DEBUG] train_step 17600: value_update done, starting policy_update
[DEBUG] train_step 17600: policy_update done
[step 17650] value_loss=3.632465 policy_loss=-0.639329
[step 17650] VALUE_DEBUG: target(mean=-5.59 std=8.94 min=-18.25 max=11.38) V(s)(mean=-6.23 std=8.91) reward(mean=0.636 std=2.175) clip=50.0
[DEBUG] train_step 17650: starting episode collection
[DEBUG] train_step 17650: episodes collected, starting value_update
[DEBUG] train_step 17650: value_update done, starting policy_update
[DEBUG] train_step 17650: policy_update done
[step 17700] value_loss=4.926488 policy_loss=0.529087
[step 17700] VALUE_DEBUG: target(mean=-3.43 std=8.38 min=-16.99 max=7.80) V(s)(mean=-3.20 std=8.69) reward(mean=0.353 std=2.849) clip=50.0
[step 17700] eval_success_rate=0.540 eval_mean_score=14.960 eval_policy_mode=greedy [solved=27/50, score_range=11.00-16.00/16.0, initial=9.00]
[step 17700] PROGRESS: filled=14.96 violations=0.00 zero_cand=0.00
[step 17700] DEBUG: ep_len=11.7 ep_ret=-0.820 stop_prob=0.000 score_chg=5.8050
[DEBUG] train_step 17700: starting episode collection
[DEBUG] train_step 17700: episodes collected, starting value_update
[DEBUG] train_step 17700: value_update done, starting policy_update
[DEBUG] train_step 17700: policy_update done
[step 17750] value_loss=3.931924 policy_loss=-0.146904
[step 17750] VALUE_DEBUG: target(mean=-3.99 std=9.86 min=-22.48 max=7.32) V(s)(mean=-3.61 std=9.41) reward(mean=0.342 std=2.460) clip=50.0
[DEBUG] train_step 17750: starting episode collection
[DEBUG] train_step 17750: episodes collected, starting value_update
[DEBUG] train_step 17750: value_update done, starting policy_update
[DEBUG] train_step 17750: policy_update done
[step 17800] value_loss=3.942791 policy_loss=-0.457656
[step 17800] VALUE_DEBUG: target(mean=-4.76 std=9.80 min=-22.09 max=11.06) V(s)(mean=-4.50 std=9.28) reward(mean=0.098 std=4.679) clip=50.0
[step 17800] eval_success_rate=0.460 eval_mean_score=14.760 eval_policy_mode=greedy [solved=23/50, score_range=11.00-16.00/16.0, initial=9.00]
[step 17800] PROGRESS: filled=14.76 violations=0.00 zero_cand=0.00
[step 17800] DEBUG: ep_len=11.4 ep_ret=-0.297 stop_prob=0.000 score_chg=5.8175
[DEBUG] train_step 17800: starting episode collection
[DEBUG] train_step 17800: episodes collected, starting value_update
[DEBUG] train_step 17800: value_update done, starting policy_update
[DEBUG] train_step 17800: policy_update done
[step 17850] value_loss=12.765741 policy_loss=-0.560378
[step 17850] VALUE_DEBUG: target(mean=-2.09 std=8.79 min=-17.72 max=10.70) V(s)(mean=-2.86 std=8.71) reward(mean=-0.146 std=4.227) clip=50.0
[DEBUG] train_step 17850: starting episode collection
[DEBUG] train_step 17850: episodes collected, starting value_update
[DEBUG] train_step 17850: value_update done, starting policy_update
[DEBUG] train_step 17850: policy_update done
[step 17900] value_loss=2.295706 policy_loss=-1.263068
[step 17900] VALUE_DEBUG: target(mean=-5.76 std=8.98 min=-18.13 max=7.88) V(s)(mean=-5.60 std=8.96) reward(mean=-0.347 std=3.377) clip=50.0
[step 17900] eval_success_rate=0.500 eval_mean_score=14.740 eval_policy_mode=greedy [solved=25/50, score_range=11.00-16.00/16.0, initial=9.00]
[step 17900] PROGRESS: filled=14.74 violations=0.00 zero_cand=0.00
[step 17900] DEBUG: ep_len=11.6 ep_ret=-0.213 stop_prob=0.000 score_chg=5.8875
[DEBUG] train_step 17900: starting episode collection
[DEBUG] train_step 17900: episodes collected, starting value_update
[DEBUG] train_step 17900: value_update done, starting policy_update
[DEBUG] train_step 17900: policy_update done
[step 17950] value_loss=2.951951 policy_loss=-0.318910
[step 17950] VALUE_DEBUG: target(mean=-3.62 std=9.33 min=-18.23 max=11.45) V(s)(mean=-4.28 std=8.83) reward(mean=0.976 std=1.674) clip=50.0
[DEBUG] train_step 17950: starting episode collection
[DEBUG] train_step 17950: episodes collected, starting value_update
[DEBUG] train_step 17950: value_update done, starting policy_update
[DEBUG] train_step 17950: policy_update done
[step 18000] value_loss=0.779110 policy_loss=0.264069
[step 18000] VALUE_DEBUG: target(mean=-5.10 std=8.95 min=-16.94 max=9.00) V(s)(mean=-5.36 std=8.80) reward(mean=-0.471 std=4.738) clip=50.0
[step 18000] eval_success_rate=0.460 eval_mean_score=14.660 eval_policy_mode=greedy [solved=23/50, score_range=9.00-16.00/16.0, initial=9.00]
[step 18000] PROGRESS: filled=14.66 violations=0.00 zero_cand=0.00
[step 18000] DEBUG: ep_len=11.6 ep_ret=-0.110 stop_prob=0.000 score_chg=5.9550
[Checkpoint] Saved to buiksat_trm/checkpoints/table3_hard_6to8_controlled_nomask_nc_r10_s3/rl_checkpoint_step_18000.pt
[DEBUG] train_step 18000: starting episode collection
[DEBUG] train_step 18000: episodes collected, starting value_update
[DEBUG] train_step 18000: value_update done, starting policy_update
[DEBUG] train_step 18000: policy_update done
[step 18050] value_loss=16.633812 policy_loss=-0.484272
[step 18050] VALUE_DEBUG: target(mean=-4.97 std=9.34 min=-25.06 max=9.27) V(s)(mean=-4.39 std=8.36) reward(mean=-0.682 std=5.706) clip=50.0
[DEBUG] train_step 18050: starting episode collection
[DEBUG] train_step 18050: episodes collected, starting value_update
[DEBUG] train_step 18050: value_update done, starting policy_update
[DEBUG] train_step 18050: policy_update done
[step 18100] value_loss=3.817464 policy_loss=0.121528
[step 18100] VALUE_DEBUG: target(mean=-4.14 std=9.06 min=-17.69 max=11.28) V(s)(mean=-4.65 std=8.86) reward(mean=-0.328 std=3.621) clip=50.0
[step 18100] eval_success_rate=0.520 eval_mean_score=14.920 eval_policy_mode=greedy [solved=26/50, score_range=11.00-16.00/16.0, initial=9.00]
[step 18100] PROGRESS: filled=14.92 violations=0.00 zero_cand=0.00
[step 18100] DEBUG: ep_len=11.4 ep_ret=-0.117 stop_prob=0.000 score_chg=5.8725
[DEBUG] train_step 18100: starting episode collection
[DEBUG] train_step 18100: episodes collected, starting value_update
[DEBUG] train_step 18100: value_update done, starting policy_update
[DEBUG] train_step 18100: policy_update done
[step 18150] value_loss=3.703742 policy_loss=0.471230
[step 18150] VALUE_DEBUG: target(mean=-3.30 std=8.70 min=-17.89 max=9.17) V(s)(mean=-2.98 std=8.67) reward(mean=-0.339 std=3.773) clip=50.0
[DEBUG] train_step 18150: starting episode collection
[DEBUG] train_step 18150: episodes collected, starting value_update
[DEBUG] train_step 18150: value_update done, starting policy_update
[DEBUG] train_step 18150: policy_update done
[step 18200] value_loss=1.484810 policy_loss=-0.754645
[step 18200] VALUE_DEBUG: target(mean=-5.49 std=8.42 min=-16.59 max=6.21) V(s)(mean=-5.58 std=8.62) reward(mean=0.191 std=3.480) clip=50.0
[step 18200] eval_success_rate=0.500 eval_mean_score=14.800 eval_policy_mode=greedy [solved=25/50, score_range=11.00-16.00/16.0, initial=9.00]
[step 18200] PROGRESS: filled=14.80 violations=0.00 zero_cand=0.00
[step 18200] DEBUG: ep_len=11.5 ep_ret=0.424 stop_prob=0.000 score_chg=5.9850
[DEBUG] train_step 18200: starting episode collection
[DEBUG] train_step 18200: episodes collected, starting value_update
[DEBUG] train_step 18200: value_update done, starting policy_update
[DEBUG] train_step 18200: policy_update done
[step 18250] value_loss=7.674288 policy_loss=0.179184
[step 18250] VALUE_DEBUG: target(mean=-5.14 std=8.96 min=-17.31 max=11.48) V(s)(mean=-4.83 std=8.98) reward(mean=0.193 std=3.409) clip=50.0
[DEBUG] train_step 18250: starting episode collection
[DEBUG] train_step 18250: episodes collected, starting value_update
[DEBUG] train_step 18250: value_update done, starting policy_update
[DEBUG] train_step 18250: policy_update done
[step 18300] value_loss=17.592953 policy_loss=-0.265120
[step 18300] VALUE_DEBUG: target(mean=-3.82 std=8.43 min=-22.00 max=8.64) V(s)(mean=-2.50 std=7.51) reward(mean=-0.831 std=4.052) clip=50.0
[step 18300] eval_success_rate=0.580 eval_mean_score=14.800 eval_policy_mode=greedy [solved=29/50, score_range=10.00-16.00/16.0, initial=9.00]
[step 18300] PROGRESS: filled=14.80 violations=0.00 zero_cand=0.00
[step 18300] DEBUG: ep_len=11.0 ep_ret=1.189 stop_prob=0.000 score_chg=6.0350
[DEBUG] train_step 18300: starting episode collection
[DEBUG] train_step 18300: episodes collected, starting value_update
[DEBUG] train_step 18300: value_update done, starting policy_update
[DEBUG] train_step 18300: policy_update done
[step 18350] value_loss=2.570470 policy_loss=0.297769
[step 18350] VALUE_DEBUG: target(mean=-5.18 std=9.14 min=-17.98 max=7.05) V(s)(mean=-5.39 std=8.93) reward(mean=-1.712 std=5.950) clip=50.0
[DEBUG] train_step 18350: starting episode collection
[DEBUG] train_step 18350: episodes collected, starting value_update
[DEBUG] train_step 18350: value_update done, starting policy_update
[DEBUG] train_step 18350: policy_update done
[step 18400] value_loss=6.444608 policy_loss=-0.008615
[step 18400] VALUE_DEBUG: target(mean=-3.54 std=8.31 min=-17.55 max=6.84) V(s)(mean=-3.66 std=8.52) reward(mean=0.054 std=3.260) clip=50.0
[step 18400] eval_success_rate=0.580 eval_mean_score=14.800 eval_policy_mode=greedy [solved=29/50, score_range=10.00-16.00/16.0, initial=9.00]
[step 18400] PROGRESS: filled=14.80 violations=0.00 zero_cand=0.00
[step 18400] DEBUG: ep_len=11.0 ep_ret=1.295 stop_prob=0.000 score_chg=6.1325
[DEBUG] train_step 18400: starting episode collection
[DEBUG] train_step 18400: episodes collected, starting value_update
[DEBUG] train_step 18400: value_update done, starting policy_update
[DEBUG] train_step 18400: policy_update done
[step 18450] value_loss=1.339528 policy_loss=0.131666
[step 18450] VALUE_DEBUG: target(mean=-4.20 std=8.99 min=-16.71 max=7.19) V(s)(mean=-4.26 std=8.82) reward(mean=-0.028 std=1.813) clip=50.0
[DEBUG] train_step 18450: starting episode collection
[DEBUG] train_step 18450: episodes collected, starting value_update
[DEBUG] train_step 18450: value_update done, starting policy_update
[DEBUG] train_step 18450: policy_update done
[step 18500] value_loss=10.779760 policy_loss=0.054685
[step 18500] VALUE_DEBUG: target(mean=-3.84 std=9.67 min=-17.88 max=6.84) V(s)(mean=-3.45 std=9.19) reward(mean=-0.565 std=4.304) clip=50.0
[step 18500] eval_success_rate=0.640 eval_mean_score=14.800 eval_policy_mode=greedy [solved=32/50, score_range=9.00-16.00/16.0, initial=9.00]
[step 18500] PROGRESS: filled=14.80 violations=0.00 zero_cand=0.00
[step 18500] DEBUG: ep_len=11.2 ep_ret=0.590 stop_prob=0.000 score_chg=5.9475
[DEBUG] train_step 18500: starting episode collection
[DEBUG] train_step 18500: episodes collected, starting value_update
[DEBUG] train_step 18500: value_update done, starting policy_update
[DEBUG] train_step 18500: policy_update done
[step 18550] value_loss=2.033769 policy_loss=0.591531
[step 18550] VALUE_DEBUG: target(mean=-1.55 std=8.30 min=-16.85 max=7.11) V(s)(mean=-2.08 std=7.96) reward(mean=1.124 std=1.523) clip=50.0
[DEBUG] train_step 18550: starting episode collection
[DEBUG] train_step 18550: episodes collected, starting value_update
[DEBUG] train_step 18550: value_update done, starting policy_update
[DEBUG] train_step 18550: policy_update done
[step 18600] value_loss=5.180991 policy_loss=0.235129
[step 18600] VALUE_DEBUG: target(mean=-6.75 std=8.67 min=-17.01 max=6.23) V(s)(mean=-6.60 std=8.40) reward(mean=-1.064 std=4.706) clip=50.0
[step 18600] eval_success_rate=0.620 eval_mean_score=14.740 eval_policy_mode=greedy [solved=31/50, score_range=9.00-16.00/16.0, initial=9.00]
[step 18600] PROGRESS: filled=14.74 violations=0.00 zero_cand=0.00
[step 18600] DEBUG: ep_len=11.0 ep_ret=1.017 stop_prob=0.000 score_chg=6.1050
[DEBUG] train_step 18600: starting episode collection
[DEBUG] train_step 18600: episodes collected, starting value_update
[DEBUG] train_step 18600: value_update done, starting policy_update
[DEBUG] train_step 18600: policy_update done
[step 18650] value_loss=5.925421 policy_loss=-0.643850
[step 18650] VALUE_DEBUG: target(mean=-3.43 std=9.03 min=-17.51 max=12.35) V(s)(mean=-3.21 std=8.89) reward(mean=-0.492 std=4.215) clip=50.0
[DEBUG] train_step 18650: starting episode collection
[DEBUG] train_step 18650: episodes collected, starting value_update
[DEBUG] train_step 18650: value_update done, starting policy_update
[DEBUG] train_step 18650: policy_update done
[step 18700] value_loss=1.475001 policy_loss=0.192591
[step 18700] VALUE_DEBUG: target(mean=-3.91 std=8.32 min=-16.89 max=8.19) V(s)(mean=-4.12 std=8.35) reward(mean=0.503 std=1.725) clip=50.0
[step 18700] eval_success_rate=0.600 eval_mean_score=14.700 eval_policy_mode=greedy [solved=30/50, score_range=10.00-16.00/16.0, initial=9.00]
[step 18700] PROGRESS: filled=14.70 violations=0.00 zero_cand=0.00
[step 18700] DEBUG: ep_len=10.8 ep_ret=1.599 stop_prob=0.000 score_chg=6.1100
[DEBUG] train_step 18700: starting episode collection
[DEBUG] train_step 18700: episodes collected, starting value_update
[DEBUG] train_step 18700: value_update done, starting policy_update
[DEBUG] train_step 18700: policy_update done
[step 18750] value_loss=2.363471 policy_loss=-0.442642
[step 18750] VALUE_DEBUG: target(mean=-6.27 std=8.93 min=-17.54 max=6.84) V(s)(mean=-6.09 std=8.85) reward(mean=-0.435 std=3.644) clip=50.0
[DEBUG] train_step 18750: starting episode collection
[DEBUG] train_step 18750: episodes collected, starting value_update
[DEBUG] train_step 18750: value_update done, starting policy_update
[DEBUG] train_step 18750: policy_update done
[step 18800] value_loss=4.129781 policy_loss=-0.417845
[step 18800] VALUE_DEBUG: target(mean=-5.53 std=9.24 min=-17.67 max=10.15) V(s)(mean=-6.16 std=9.03) reward(mean=0.071 std=3.444) clip=50.0
[step 18800] eval_success_rate=0.580 eval_mean_score=14.660 eval_policy_mode=greedy [solved=29/50, score_range=9.00-16.00/16.0, initial=9.00]
[step 18800] PROGRESS: filled=14.66 violations=0.00 zero_cand=0.00
[step 18800] DEBUG: ep_len=11.0 ep_ret=1.469 stop_prob=0.000 score_chg=6.2225
[DEBUG] train_step 18800: starting episode collection
[DEBUG] train_step 18800: episodes collected, starting value_update
[DEBUG] train_step 18800: value_update done, starting policy_update
[DEBUG] train_step 18800: policy_update done
[step 18850] value_loss=5.101357 policy_loss=0.074443
[step 18850] VALUE_DEBUG: target(mean=-6.69 std=8.75 min=-17.47 max=11.71) V(s)(mean=-6.33 std=8.45) reward(mean=-0.764 std=4.122) clip=50.0
[DEBUG] train_step 18850: starting episode collection
[DEBUG] train_step 18850: episodes collected, starting value_update
[DEBUG] train_step 18850: value_update done, starting policy_update
[DEBUG] train_step 18850: policy_update done
[step 18900] value_loss=4.275905 policy_loss=-0.534244
[step 18900] VALUE_DEBUG: target(mean=-4.10 std=8.28 min=-18.80 max=6.27) V(s)(mean=-3.96 std=8.15) reward(mean=0.281 std=3.572) clip=50.0
[step 18900] eval_success_rate=0.560 eval_mean_score=14.700 eval_policy_mode=greedy [solved=28/50, score_range=9.00-16.00/16.0, initial=9.00]
[step 18900] PROGRESS: filled=14.70 violations=0.00 zero_cand=0.00
[step 18900] DEBUG: ep_len=11.3 ep_ret=0.116 stop_prob=0.000 score_chg=5.8275
[DEBUG] train_step 18900: starting episode collection
[DEBUG] train_step 18900: episodes collected, starting value_update
[DEBUG] train_step 18900: value_update done, starting policy_update
[DEBUG] train_step 18900: policy_update done
[step 18950] value_loss=6.054867 policy_loss=0.587286
[step 18950] VALUE_DEBUG: target(mean=-5.34 std=9.36 min=-20.03 max=9.36) V(s)(mean=-5.71 std=9.19) reward(mean=0.060 std=3.950) clip=50.0
[DEBUG] train_step 18950: starting episode collection
[DEBUG] train_step 18950: episodes collected, starting value_update
[DEBUG] train_step 18950: value_update done, starting policy_update
[DEBUG] train_step 18950: policy_update done
[step 19000] value_loss=4.079339 policy_loss=-0.365226
[step 19000] VALUE_DEBUG: target(mean=-3.81 std=8.26 min=-20.31 max=12.71) V(s)(mean=-4.33 std=7.74) reward(mean=0.759 std=2.736) clip=50.0
[step 19000] eval_success_rate=0.480 eval_mean_score=14.520 eval_policy_mode=greedy [solved=24/50, score_range=10.00-16.00/16.0, initial=9.00]
[step 19000] PROGRESS: filled=14.52 violations=0.00 zero_cand=0.00
[step 19000] DEBUG: ep_len=10.9 ep_ret=1.467 stop_prob=0.000 score_chg=6.2150
[Checkpoint] Saved to buiksat_trm/checkpoints/table3_hard_6to8_controlled_nomask_nc_r10_s3/rl_checkpoint_step_19000.pt
[DEBUG] train_step 19000: starting episode collection
[DEBUG] train_step 19000: episodes collected, starting value_update
[DEBUG] train_step 19000: value_update done, starting policy_update
[DEBUG] train_step 19000: policy_update done
[step 19050] value_loss=5.859064 policy_loss=-0.273991
[step 19050] VALUE_DEBUG: target(mean=-4.64 std=8.49 min=-19.59 max=7.40) V(s)(mean=-4.99 std=8.05) reward(mean=-0.746 std=4.645) clip=50.0
[DEBUG] train_step 19050: starting episode collection
[DEBUG] train_step 19050: episodes collected, starting value_update
[DEBUG] train_step 19050: value_update done, starting policy_update
[DEBUG] train_step 19050: policy_update done
[step 19100] value_loss=2.447625 policy_loss=0.062129
[step 19100] VALUE_DEBUG: target(mean=-2.98 std=7.04 min=-16.15 max=5.37) V(s)(mean=-2.71 std=6.98) reward(mean=-0.690 std=4.189) clip=50.0
[step 19100] eval_success_rate=0.520 eval_mean_score=14.600 eval_policy_mode=greedy [solved=26/50, score_range=11.00-16.00/16.0, initial=9.00]
[step 19100] PROGRESS: filled=14.60 violations=0.00 zero_cand=0.00
[step 19100] DEBUG: ep_len=11.5 ep_ret=0.403 stop_prob=0.000 score_chg=5.9300
[DEBUG] train_step 19100: starting episode collection
[DEBUG] train_step 19100: episodes collected, starting value_update
[DEBUG] train_step 19100: value_update done, starting policy_update
[DEBUG] train_step 19100: policy_update done
[step 19150] value_loss=6.568750 policy_loss=0.144177
[step 19150] VALUE_DEBUG: target(mean=-3.35 std=9.53 min=-17.37 max=13.92) V(s)(mean=-3.77 std=9.05) reward(mean=0.810 std=3.169) clip=50.0
[DEBUG] train_step 19150: starting episode collection
[DEBUG] train_step 19150: episodes collected, starting value_update
[DEBUG] train_step 19150: value_update done, starting policy_update
[DEBUG] train_step 19150: policy_update done
[step 19200] value_loss=3.793438 policy_loss=0.185918
[step 19200] VALUE_DEBUG: target(mean=-3.56 std=8.73 min=-17.21 max=5.83) V(s)(mean=-3.22 std=8.64) reward(mean=0.409 std=2.755) clip=50.0
[step 19200] eval_success_rate=0.520 eval_mean_score=14.560 eval_policy_mode=greedy [solved=26/50, score_range=10.00-16.00/16.0, initial=9.00]
[step 19200] PROGRESS: filled=14.56 violations=0.00 zero_cand=0.00
[step 19200] DEBUG: ep_len=11.3 ep_ret=0.857 stop_prob=0.000 score_chg=6.1200
[DEBUG] train_step 19200: starting episode collection
[DEBUG] train_step 19200: episodes collected, starting value_update
[DEBUG] train_step 19200: value_update done, starting policy_update
[DEBUG] train_step 19200: policy_update done
[step 19250] value_loss=2.911294 policy_loss=-0.481652
[step 19250] VALUE_DEBUG: target(mean=-2.05 std=8.34 min=-17.22 max=9.08) V(s)(mean=-2.35 std=7.85) reward(mean=0.030 std=4.094) clip=50.0
[DEBUG] train_step 19250: starting episode collection
[DEBUG] train_step 19250: episodes collected, starting value_update
[DEBUG] train_step 19250: value_update done, starting policy_update
[DEBUG] train_step 19250: policy_update done
[step 19300] value_loss=8.428523 policy_loss=0.131795
[step 19300] VALUE_DEBUG: target(mean=-3.17 std=8.24 min=-17.18 max=9.76) V(s)(mean=-3.41 std=7.99) reward(mean=0.604 std=3.107) clip=50.0
[step 19300] eval_success_rate=0.480 eval_mean_score=14.480 eval_policy_mode=greedy [solved=24/50, score_range=10.00-16.00/16.0, initial=9.00]
[step 19300] PROGRESS: filled=14.48 violations=0.00 zero_cand=0.00
[step 19300] DEBUG: ep_len=11.8 ep_ret=-0.539 stop_prob=0.000 score_chg=5.9275
[DEBUG] train_step 19300: starting episode collection
[DEBUG] train_step 19300: episodes collected, starting value_update
[DEBUG] train_step 19300: value_update done, starting policy_update
[DEBUG] train_step 19300: policy_update done
[step 19350] value_loss=15.850075 policy_loss=0.190372
[step 19350] VALUE_DEBUG: target(mean=-1.58 std=9.36 min=-19.65 max=18.54) V(s)(mean=-1.36 std=7.80) reward(mean=0.378 std=4.461) clip=50.0
[DEBUG] train_step 19350: starting episode collection
[DEBUG] train_step 19350: episodes collected, starting value_update
[DEBUG] train_step 19350: value_update done, starting policy_update
[DEBUG] train_step 19350: policy_update done
[step 19400] value_loss=3.305233 policy_loss=-0.083843
[step 19400] VALUE_DEBUG: target(mean=-2.30 std=8.64 min=-17.37 max=6.84) V(s)(mean=-1.98 std=8.36) reward(mean=0.262 std=2.196) clip=50.0
[step 19400] eval_success_rate=0.520 eval_mean_score=14.600 eval_policy_mode=greedy [solved=26/50, score_range=10.00-16.00/16.0, initial=9.00]
[step 19400] PROGRESS: filled=14.60 violations=0.00 zero_cand=0.00
[step 19400] DEBUG: ep_len=11.3 ep_ret=0.708 stop_prob=0.000 score_chg=6.0175
[DEBUG] train_step 19400: starting episode collection
[DEBUG] train_step 19400: episodes collected, starting value_update
[DEBUG] train_step 19400: value_update done, starting policy_update
[DEBUG] train_step 19400: policy_update done
[step 19450] value_loss=9.076752 policy_loss=-1.669682
[step 19450] VALUE_DEBUG: target(mean=-5.28 std=8.86 min=-17.20 max=8.62) V(s)(mean=-5.15 std=8.65) reward(mean=-0.467 std=4.392) clip=50.0
[DEBUG] train_step 19450: starting episode collection
[DEBUG] train_step 19450: episodes collected, starting value_update
[DEBUG] train_step 19450: value_update done, starting policy_update
[DEBUG] train_step 19450: policy_update done
[step 19500] value_loss=18.449717 policy_loss=-0.690930
[step 19500] VALUE_DEBUG: target(mean=-3.27 std=9.37 min=-17.26 max=13.36) V(s)(mean=-3.24 std=8.59) reward(mean=0.136 std=5.186) clip=50.0
[step 19500] eval_success_rate=0.520 eval_mean_score=14.600 eval_policy_mode=greedy [solved=26/50, score_range=10.00-16.00/16.0, initial=9.00]
[step 19500] PROGRESS: filled=14.60 violations=0.00 zero_cand=0.00
[step 19500] DEBUG: ep_len=11.6 ep_ret=-0.173 stop_prob=0.000 score_chg=5.9175
[DEBUG] train_step 19500: starting episode collection
[DEBUG] train_step 19500: episodes collected, starting value_update
[DEBUG] train_step 19500: value_update done, starting policy_update
[DEBUG] train_step 19500: policy_update done
[step 19550] value_loss=1.808352 policy_loss=-0.143969
[step 19550] VALUE_DEBUG: target(mean=-3.38 std=8.76 min=-21.09 max=10.55) V(s)(mean=-3.13 std=8.25) reward(mean=-0.465 std=5.038) clip=50.0
[DEBUG] train_step 19550: starting episode collection
[DEBUG] train_step 19550: episodes collected, starting value_update
[DEBUG] train_step 19550: value_update done, starting policy_update
[DEBUG] train_step 19550: policy_update done
[step 19600] value_loss=4.983591 policy_loss=-0.628315
[step 19600] VALUE_DEBUG: target(mean=-5.61 std=8.45 min=-17.33 max=5.38) V(s)(mean=-5.01 std=8.65) reward(mean=-0.527 std=2.878) clip=50.0
[step 19600] eval_success_rate=0.480 eval_mean_score=14.560 eval_policy_mode=greedy [solved=24/50, score_range=10.00-16.00/16.0, initial=9.00]
[step 19600] PROGRESS: filled=14.56 violations=0.00 zero_cand=0.00
[step 19600] DEBUG: ep_len=11.6 ep_ret=-0.090 stop_prob=0.000 score_chg=6.0125
[DEBUG] train_step 19600: starting episode collection
[DEBUG] train_step 19600: episodes collected, starting value_update
[DEBUG] train_step 19600: value_update done, starting policy_update
[DEBUG] train_step 19600: policy_update done
[step 19650] value_loss=10.248312 policy_loss=0.415151
[step 19650] VALUE_DEBUG: target(mean=-4.35 std=9.33 min=-19.11 max=14.37) V(s)(mean=-4.69 std=8.88) reward(mean=-0.719 std=5.775) clip=50.0
[DEBUG] train_step 19650: starting episode collection
[DEBUG] train_step 19650: episodes collected, starting value_update
[DEBUG] train_step 19650: value_update done, starting policy_update
[DEBUG] train_step 19650: policy_update done
[step 19700] value_loss=0.380092 policy_loss=-0.269017
[step 19700] VALUE_DEBUG: target(mean=-6.45 std=8.37 min=-17.25 max=6.80) V(s)(mean=-6.34 std=8.21) reward(mean=-0.311 std=3.114) clip=50.0
[step 19700] eval_success_rate=0.480 eval_mean_score=14.400 eval_policy_mode=greedy [solved=24/50, score_range=10.00-16.00/16.0, initial=9.00]
[step 19700] PROGRESS: filled=14.40 violations=0.00 zero_cand=0.00
[step 19700] DEBUG: ep_len=11.1 ep_ret=1.437 stop_prob=0.000 score_chg=6.2475
[DEBUG] train_step 19700: starting episode collection
[DEBUG] train_step 19700: episodes collected, starting value_update
[DEBUG] train_step 19700: value_update done, starting policy_update
[DEBUG] train_step 19700: policy_update done
[step 19750] value_loss=17.707153 policy_loss=0.397210
[step 19750] VALUE_DEBUG: target(mean=-4.53 std=9.73 min=-20.14 max=10.64) V(s)(mean=-3.61 std=8.75) reward(mean=-0.181 std=4.785) clip=50.0
[DEBUG] train_step 19750: starting episode collection
[DEBUG] train_step 19750: episodes collected, starting value_update
[DEBUG] train_step 19750: value_update done, starting policy_update
[DEBUG] train_step 19750: policy_update done
[step 19800] value_loss=1.689197 policy_loss=-0.163679
[step 19800] VALUE_DEBUG: target(mean=-3.30 std=9.17 min=-20.32 max=8.46) V(s)(mean=-3.60 std=8.84) reward(mean=0.759 std=2.044) clip=50.0
[step 19800] eval_success_rate=0.540 eval_mean_score=14.560 eval_policy_mode=greedy [solved=27/50, score_range=10.00-16.00/16.0, initial=9.00]
[step 19800] PROGRESS: filled=14.56 violations=0.00 zero_cand=0.00
[step 19800] DEBUG: ep_len=11.4 ep_ret=-0.050 stop_prob=0.000 score_chg=5.8075
[DEBUG] train_step 19800: starting episode collection
[DEBUG] train_step 19800: episodes collected, starting value_update
[DEBUG] train_step 19800: value_update done, starting policy_update
[DEBUG] train_step 19800: policy_update done
[step 19850] value_loss=4.103651 policy_loss=0.115053
[step 19850] VALUE_DEBUG: target(mean=-2.44 std=8.83 min=-17.08 max=8.79) V(s)(mean=-2.93 std=8.48) reward(mean=0.466 std=3.663) clip=50.0
[DEBUG] train_step 19850: starting episode collection
[DEBUG] train_step 19850: episodes collected, starting value_update
[DEBUG] train_step 19850: value_update done, starting policy_update
[DEBUG] train_step 19850: policy_update done
[step 19900] value_loss=14.906921 policy_loss=0.292125
[step 19900] VALUE_DEBUG: target(mean=-4.21 std=8.63 min=-20.01 max=7.35) V(s)(mean=-3.25 std=8.45) reward(mean=-1.714 std=5.802) clip=50.0
[step 19900] eval_success_rate=0.540 eval_mean_score=14.660 eval_policy_mode=greedy [solved=27/50, score_range=10.00-16.00/16.0, initial=9.00]
[step 19900] PROGRESS: filled=14.66 violations=0.00 zero_cand=0.00
[step 19900] DEBUG: ep_len=11.6 ep_ret=-0.361 stop_prob=0.000 score_chg=5.8750
[DEBUG] train_step 19900: starting episode collection
[DEBUG] train_step 19900: episodes collected, starting value_update
[DEBUG] train_step 19900: value_update done, starting policy_update
[DEBUG] train_step 19900: policy_update done
[step 19950] value_loss=15.567455 policy_loss=0.166948
[step 19950] VALUE_DEBUG: target(mean=-3.00 std=8.90 min=-17.18 max=7.68) V(s)(mean=-2.78 std=8.80) reward(mean=0.193 std=4.481) clip=50.0
[DEBUG] train_step 19950: starting episode collection
[DEBUG] train_step 19950: episodes collected, starting value_update
[DEBUG] train_step 19950: value_update done, starting policy_update
[DEBUG] train_step 19950: policy_update done
[step 20000] value_loss=0.982973 policy_loss=0.258875
[step 20000] VALUE_DEBUG: target(mean=-4.38 std=8.18 min=-17.65 max=6.30) V(s)(mean=-4.43 std=8.26) reward(mean=0.523 std=1.241) clip=50.0
[step 20000] eval_success_rate=0.560 eval_mean_score=14.760 eval_policy_mode=greedy [solved=28/50, score_range=10.00-16.00/16.0, initial=9.00]
[step 20000] PROGRESS: filled=14.76 violations=0.00 zero_cand=0.00
[step 20000] DEBUG: ep_len=11.2 ep_ret=0.720 stop_prob=0.000 score_chg=6.1425
[Checkpoint] Saved to buiksat_trm/checkpoints/table3_hard_6to8_controlled_nomask_nc_r10_s3/rl_checkpoint_step_20000.pt
[Checkpoint] Saved to buiksat_trm/checkpoints/table3_hard_6to8_controlled_nomask_nc_r10_s3/rl_checkpoint_step_20000.pt
