[2026-04-09T22:01:07.260-07:00] Buck UI: https://www.internalfb.com/buck2/46bbe20f-9f05-494d-af6c-3ed4cd052f39
[2026-04-09T22:01:07.476-07:00] Network: Up: 0B  Down: 0B
BUILD SUCCEEDED - starting your binary
[DATASET] dataset_paths=['buiksat_trm/data/sudoku-4x4-easy_6to8empties']
[DATASET] resolved_dataset_name=sudoku-4x4-easy_6to8empties
[DATASET] num_samples=32
[INFO] Using feasibility-aware Sudoku checker for 4x4
       score = filled - 2.0*violations - 5.0*zeroCand
       Max score: 16 (all filled, no violations)
[INFO] Training for 20000 steps (gamma=0.990, K=1, inner_unroll_n=2)
[INFO] Terminal rewards: solve=1.000, fail=-16.000
[INFO] Using TRM backbone (hidden=64, H=2, L=2)
[DEBUG] Policy head STOP bias: 0.00 (should be 0.0 for uniform init)
[INFO] Puzzle embeddings DISABLED (set --puzzle-emb-ndim > 0 to enable)
============================================================
TRAINER SELECTION
============================================================
INFO:2026-04-09 22:01:14 484004:484004 CuptiCallbackApi.cpp:69] Callback: domain = 3, cbid = 1
INFO:2026-04-09 22:01:14 484004:484004 CuptiActivityProfiler.cpp:93] CUDA versions. CUPTI: 22; Runtime: 12040; Driver: 12040
INFO:2026-04-09 22:01:14 484004:486281 FBConfig.cpp:330] Perfetto builder enabled: 1
INFO:2026-04-09 22:01:14 484004:486281 DynoConfigLoader.cpp:61] Setting communication fabric enabled = 0
INFO:2026-04-09 22:01:14 484004:486281 DynoConfigLoader.cpp:61] Setting communication fabric enabled = 0
TritonTraceHandler: disabled because /logs does not exist
===========[FB_TRITON]=========== Triton Version: 3.5.0+fb
[TRAINER] UPI-TRM (K=1, inner_n=2)
[TRAINER] CLI --baseline: None, YAML algorithm: None
============================================================

============================================================
UPI-TRM THEORY ALIGNMENT CHECK
============================================================
⚠ Configuration has theory gaps:
  • latent_ball_radius=0 disables forward-invariant projection (Assumption 4.1). Contraction guarantees may not hold. Set latent_ball_radius > 0.
  • enable_contraction=False disables spectral normalization (Assumption 4.2). L_z < 1 contraction not enforced.
  • exact_baseline_summation=False: Using approximate baseline. This gives O(ε_A/(1-γ)) bound instead of O(α·ε_A) from Theorem 5.9. For discrete action spaces (Sudoku), enable for tighter bounds.
  • theory_exact_mixture=False: Using parameter-space interpolation for CPI, which is NOT equivalent to policy-space mixture. The CPI improvement guarantee does not strictly apply. Set theory_exact_mixture=True for theory-exact behavior (but slower due to evaluating two networks).

Theory status:
  Forward-invariant projection: ✗
  Contraction enforced (L_z < 1): ✗
  Exact baseline (Thm 5.9): ✗
  Distillation (not in theory): ✓ disabled

Is theory-exact: False
============================================================

UPI-TRM theoretical dials:
  L_z target (rl_cfg.target_Lz): 0.9
  L_V target (rl_cfg.target_Lv): 1.0
  Inner unroll n (rl_cfg.inner_unroll_n): 2
  K-step horizon K (rl_cfg.K): 1
  Mixture alpha (rl_cfg.mixture_alpha): 0.1
  Latent ball radius (rl_cfg.latent_ball_radius): 0.0
  Episodic latent: True
  Exact K-step targets: False
  Exact baseline summation: False

[INFO] STOP action mode: disabled
[WandB] Disabled by default (enable with: --wandb)
[DEBUG] train_step 0: starting episode collection
[DEBUG] Action mask: 28 valid actions out of 97 total
[DEBUG] Latent mode: episodic
[DEBUG] Episode 0, Step 0: calling _mixed_policy_dist
[DEBUG] Step 0 probs: STOP=0.000000, edits=1.000000
[DEBUG] Top 5 action probs: torch.return_types.topk(
values=tensor([0.0477, 0.0470, 0.0470, 0.0458, 0.0414], device='cuda:0'),
indices=tensor([95,  8, 68, 83, 33], device='cuda:0'))
[DEBUG] Episode 0, Step 0 complete: action=74, reward=0.9000, done=False
[DEBUG] Episode 0, Step 1: calling _mixed_policy_dist
[DEBUG] Episode 0, Step 1 complete: action=11, reward=-8.0200, done=False
[DEBUG] Episode 0, Step 2: calling _mixed_policy_dist
[DEBUG] Episode 0, Step 2 complete: action=92, reward=-4.9700, done=False
[DEBUG] Episode 0, Step 3: calling _mixed_policy_dist
[DEBUG] Episode 0, Step 3 complete: action=34, reward=-4.9200, done=False
[DEBUG] Episode 0, Step 4: calling _mixed_policy_dist
[DEBUG] Episode 0, Step 4 complete: action=71, reward=1.0700, done=False
[DEBUG] Episode 0 finished: 16 steps, done=True, reason=budget
[DEBUG] Episode 1, Step 0: calling _mixed_policy_dist
[DEBUG] Episode 1, Step 0 complete: action=64, reward=-8.0200, done=False
[DEBUG] Episode 1, Step 1: calling _mixed_policy_dist
[DEBUG] Episode 1, Step 1 complete: action=38, reward=-2.9900, done=False
[DEBUG] Episode 1, Step 2: calling _mixed_policy_dist
[DEBUG] Episode 1, Step 2 complete: action=22, reward=-0.9800, done=False
[DEBUG] Episode 1, Step 3: calling _mixed_policy_dist
[DEBUG] Episode 1, Step 3 complete: action=41, reward=0.0200, done=False
[DEBUG] Episode 1, Step 4: calling _mixed_policy_dist
[DEBUG] Episode 1, Step 4 complete: action=10, reward=-2.9500, done=False
[DEBUG] Episode 1 finished: 16 steps, done=True, reason=budget
[DEBUG] Episode 2, Step 0: calling _mixed_policy_dist
[DEBUG] Episode 2, Step 0 complete: action=33, reward=-5.0500, done=False
[DEBUG] Episode 2, Step 1: calling _mixed_policy_dist
[DEBUG] Episode 2, Step 1 complete: action=62, reward=-5.9900, done=False
[DEBUG] Episode 2, Step 2: calling _mixed_policy_dist
[DEBUG] Episode 2, Step 2 complete: action=70, reward=3.9700, done=False
[DEBUG] Episode 2, Step 3: calling _mixed_policy_dist
[DEBUG] Episode 2, Step 3 complete: action=64, reward=-2.0100, done=False
[DEBUG] Episode 2, Step 4: calling _mixed_policy_dist
[DEBUG] Episode 2, Step 4 complete: action=64, reward=-0.0100, done=False
[DEBUG] Episode 2 finished: 16 steps, done=True, reason=budget
[DEBUG] Episode 3, Step 0: calling _mixed_policy_dist
[DEBUG] Episode 3, Step 0 complete: action=26, reward=-6.0200, done=False
[DEBUG] Episode 3, Step 1: calling _mixed_policy_dist
[DEBUG] Episode 3, Step 1 complete: action=59, reward=-2.9900, done=False
[DEBUG] Episode 3, Step 2: calling _mixed_policy_dist
[DEBUG] Episode 3, Step 2 complete: action=2, reward=1.9900, done=False
[DEBUG] Episode 3, Step 3: calling _mixed_policy_dist
[DEBUG] Episode 3, Step 3 complete: action=27, reward=-2.9800, done=False
[DEBUG] Episode 3, Step 4: calling _mixed_policy_dist
[DEBUG] Episode 3, Step 4 complete: action=76, reward=1.0100, done=False
[DEBUG] Episode 3 finished: 16 steps, done=True, reason=budget
[DEBUG] train_step 0: episodes collected, starting value_update
[DEBUG] train_step 0: value_update done, starting policy_update
[DEBUG] train_step 0: policy_update done
[DEBUG] train_step 1: starting episode collection
[DEBUG] Episode 4, Step 0: calling _mixed_policy_dist
[DEBUG] Episode 4, Step 0 complete: action=29, reward=-3.0500, done=False
[DEBUG] Episode 4, Step 1: calling _mixed_policy_dist
[DEBUG] Episode 4, Step 1 complete: action=56, reward=-5.0000, done=False
[DEBUG] Episode 4, Step 2: calling _mixed_policy_dist
[DEBUG] Episode 4, Step 2 complete: action=76, reward=-0.9900, done=False
[DEBUG] Episode 4, Step 3: calling _mixed_policy_dist
[DEBUG] Episode 4, Step 3 complete: action=26, reward=-1.9700, done=False
[DEBUG] Episode 4, Step 4: calling _mixed_policy_dist
[DEBUG] Episode 4, Step 4 complete: action=62, reward=-4.9200, done=False
[DEBUG] Episode 4 finished: 16 steps, done=True, reason=budget
[DEBUG] train_step 1: episodes collected, starting value_update
[DEBUG] train_step 1: value_update done, starting policy_update
[DEBUG] train_step 1: policy_update done
[DEBUG] train_step 2: starting episode collection
[DEBUG] train_step 2: episodes collected, starting value_update
[DEBUG] train_step 2: value_update done, starting policy_update
[DEBUG] train_step 2: policy_update done
[DEBUG] train_step 3: starting episode collection
[DEBUG] train_step 3: episodes collected, starting value_update
[DEBUG] train_step 3: value_update done, starting policy_update
[DEBUG] train_step 3: policy_update done
[DEBUG] train_step 4: starting episode collection
[DEBUG] train_step 4: episodes collected, starting value_update
[DEBUG] train_step 4: value_update done, starting policy_update
[DEBUG] train_step 4: policy_update done
[step 00050] value_loss=33.409409 policy_loss=0.361359
[step 00050] VALUE_DEBUG: target(mean=-2.62 std=5.75 min=-15.92 max=6.64) V(s)(mean=-2.07 std=0.21) reward(mean=-2.495 std=5.812) clip=50.0
[DEBUG] train_step 50: starting episode collection
[DEBUG] train_step 50: episodes collected, starting value_update
[DEBUG] train_step 50: value_update done, starting policy_update
[DEBUG] train_step 50: policy_update done
[step 00100] value_loss=32.969608 policy_loss=0.318920
[step 00100] VALUE_DEBUG: target(mean=-3.69 std=5.77 min=-19.99 max=4.96) V(s)(mean=-2.86 std=0.39) reward(mean=-2.705 std=6.020) clip=50.0
[step 00100] eval_success_rate=0.000 eval_mean_score=5.540 eval_policy_mode=greedy [solved=0/50, score_range=0.00-11.00/16.0, initial=9.00]
[step 00100] PROGRESS: filled=10.24 violations=1.50 zero_cand=0.34
[step 00100] DEBUG: ep_len=16.0 ep_ret=-31.137 stop_prob=0.000 score_chg=-15.7325
[DEBUG] train_step 100: starting episode collection
[DEBUG] train_step 100: episodes collected, starting value_update
[DEBUG] train_step 100: value_update done, starting policy_update
[DEBUG] train_step 100: policy_update done
[step 00150] value_loss=10.818762 policy_loss=-0.176123
[step 00150] VALUE_DEBUG: target(mean=-3.62 std=3.40 min=-11.03 max=2.30) V(s)(mean=-3.80 std=0.67) reward(mean=-1.696 std=3.355) clip=50.0
[DEBUG] train_step 150: starting episode collection
[DEBUG] train_step 150: episodes collected, starting value_update
[DEBUG] train_step 150: value_update done, starting policy_update
[DEBUG] train_step 150: policy_update done
[step 00200] value_loss=26.159035 policy_loss=0.503361
[step 00200] VALUE_DEBUG: target(mean=-4.35 std=5.02 min=-23.90 max=4.11) V(s)(mean=-4.41 std=0.70) reward(mean=-1.544 std=5.381) clip=50.0
[step 00200] eval_success_rate=0.000 eval_mean_score=8.220 eval_policy_mode=greedy [solved=0/50, score_range=1.00-11.00/16.0, initial=9.00]
[step 00200] PROGRESS: filled=10.04 violations=0.66 zero_cand=0.10
[step 00200] DEBUG: ep_len=16.0 ep_ret=-30.026 stop_prob=0.000 score_chg=-14.5150
[DEBUG] train_step 200: starting episode collection
[DEBUG] train_step 200: episodes collected, starting value_update
[DEBUG] train_step 200: value_update done, starting policy_update
[DEBUG] train_step 200: policy_update done
[step 00250] value_loss=20.246132 policy_loss=0.088468
[step 00250] VALUE_DEBUG: target(mean=-5.79 std=4.49 min=-13.71 max=5.17) V(s)(mean=-5.33 std=0.52) reward(mean=-1.957 std=4.488) clip=50.0
[DEBUG] train_step 250: starting episode collection
[DEBUG] train_step 250: episodes collected, starting value_update
[DEBUG] train_step 250: value_update done, starting policy_update
[DEBUG] train_step 250: policy_update done
[step 00300] value_loss=25.470661 policy_loss=-0.539198
[step 00300] VALUE_DEBUG: target(mean=-7.30 std=4.98 min=-22.04 max=1.30) V(s)(mean=-6.37 std=0.64) reward(mean=-2.938 std=5.895) clip=50.0
[step 00300] eval_success_rate=0.000 eval_mean_score=8.760 eval_policy_mode=greedy [solved=0/50, score_range=2.00-11.00/16.0, initial=9.00]
[step 00300] PROGRESS: filled=10.08 violations=0.46 zero_cand=0.08
[step 00300] DEBUG: ep_len=16.0 ep_ret=-28.685 stop_prob=0.000 score_chg=-12.8850
[DEBUG] train_step 300: starting episode collection
[DEBUG] train_step 300: episodes collected, starting value_update
[DEBUG] train_step 300: value_update done, starting policy_update
[DEBUG] train_step 300: policy_update done
[step 00350] value_loss=18.697901 policy_loss=-0.665578
[step 00350] VALUE_DEBUG: target(mean=-5.54 std=4.26 min=-13.88 max=3.06) V(s)(mean=-7.23 std=0.89) reward(mean=-0.218 std=4.837) clip=50.0
[DEBUG] train_step 350: starting episode collection
[DEBUG] train_step 350: episodes collected, starting value_update
[DEBUG] train_step 350: value_update done, starting policy_update
[DEBUG] train_step 350: policy_update done
[step 00400] value_loss=11.176142 policy_loss=-0.419281
[step 00400] VALUE_DEBUG: target(mean=-7.51 std=3.54 min=-16.06 max=0.85) V(s)(mean=-7.36 std=0.82) reward(mean=-1.544 std=4.282) clip=50.0
[step 00400] eval_success_rate=0.000 eval_mean_score=9.320 eval_policy_mode=greedy [solved=0/50, score_range=2.00-11.00/16.0, initial=9.00]
[step 00400] PROGRESS: filled=10.00 violations=0.24 zero_cand=0.04
[step 00400] DEBUG: ep_len=16.0 ep_ret=-26.278 stop_prob=0.000 score_chg=-10.0975
[DEBUG] train_step 400: starting episode collection
[DEBUG] train_step 400: episodes collected, starting value_update
[DEBUG] train_step 400: value_update done, starting policy_update
[DEBUG] train_step 400: policy_update done
[step 00450] value_loss=24.330269 policy_loss=0.924238
[step 00450] VALUE_DEBUG: target(mean=-7.68 std=4.79 min=-16.04 max=0.24) V(s)(mean=-7.94 std=0.86) reward(mean=-1.488 std=5.976) clip=50.0
[DEBUG] train_step 450: starting episode collection
[DEBUG] train_step 450: episodes collected, starting value_update
[DEBUG] train_step 450: value_update done, starting policy_update
[DEBUG] train_step 450: policy_update done
[step 00500] value_loss=15.722863 policy_loss=2.338092
[step 00500] VALUE_DEBUG: target(mean=-9.15 std=3.94 min=-18.98 max=-0.64) V(s)(mean=-9.38 std=0.96) reward(mean=-1.967 std=5.095) clip=50.0
[step 00500] eval_success_rate=0.000 eval_mean_score=9.680 eval_policy_mode=greedy [solved=0/50, score_range=5.00-11.00/16.0, initial=9.00]
[step 00500] PROGRESS: filled=10.00 violations=0.16 zero_cand=0.00
[step 00500] DEBUG: ep_len=16.0 ep_ret=-24.298 stop_prob=0.000 score_chg=-7.7150
[DEBUG] train_step 500: starting episode collection
[DEBUG] train_step 500: episodes collected, starting value_update
[DEBUG] train_step 500: value_update done, starting policy_update
[DEBUG] train_step 500: policy_update done
[step 00550] value_loss=21.835159 policy_loss=0.779889
[step 00550] VALUE_DEBUG: target(mean=-9.79 std=4.77 min=-19.99 max=1.09) V(s)(mean=-10.25 std=1.26) reward(mean=-1.892 std=5.811) clip=50.0
[DEBUG] train_step 550: starting episode collection
[DEBUG] train_step 550: episodes collected, starting value_update
[DEBUG] train_step 550: value_update done, starting policy_update
[DEBUG] train_step 550: policy_update done
[step 00600] value_loss=10.696058 policy_loss=1.284794
[step 00600] VALUE_DEBUG: target(mean=-9.94 std=3.21 min=-17.69 max=-3.46) V(s)(mean=-9.46 std=1.22) reward(mean=-1.377 std=4.173) clip=50.0
[step 00600] eval_success_rate=0.000 eval_mean_score=9.940 eval_policy_mode=greedy [solved=0/50, score_range=7.00-11.00/16.0, initial=9.00]
[step 00600] PROGRESS: filled=10.02 violations=0.04 zero_cand=0.00
[step 00600] DEBUG: ep_len=16.0 ep_ret=-22.365 stop_prob=0.000 score_chg=-5.4925
[DEBUG] train_step 600: starting episode collection
[DEBUG] train_step 600: episodes collected, starting value_update
[DEBUG] train_step 600: value_update done, starting policy_update
[DEBUG] train_step 600: policy_update done
[step 00650] value_loss=26.407257 policy_loss=-0.241070
[step 00650] VALUE_DEBUG: target(mean=-12.30 std=4.77 min=-21.97 max=-4.09) V(s)(mean=-10.07 std=1.00) reward(mean=-3.967 std=7.093) clip=50.0
[DEBUG] train_step 650: starting episode collection
[DEBUG] train_step 650: episodes collected, starting value_update
[DEBUG] train_step 650: value_update done, starting policy_update
[DEBUG] train_step 650: policy_update done
[step 00700] value_loss=11.798712 policy_loss=0.038049
[step 00700] VALUE_DEBUG: target(mean=-11.00 std=3.49 min=-19.06 max=-4.56) V(s)(mean=-10.45 std=0.80) reward(mean=-1.693 std=5.124) clip=50.0
[step 00700] eval_success_rate=0.000 eval_mean_score=9.840 eval_policy_mode=greedy [solved=0/50, score_range=7.00-11.00/16.0, initial=9.00]
[step 00700] PROGRESS: filled=10.00 violations=0.08 zero_cand=0.00
[step 00700] DEBUG: ep_len=16.0 ep_ret=-20.981 stop_prob=0.000 score_chg=-3.8975
[DEBUG] train_step 700: starting episode collection
[DEBUG] train_step 700: episodes collected, starting value_update
[DEBUG] train_step 700: value_update done, starting policy_update
[DEBUG] train_step 700: policy_update done
[step 00750] value_loss=13.815380 policy_loss=-1.180540
[step 00750] VALUE_DEBUG: target(mean=-11.82 std=3.98 min=-25.02 max=-3.58) V(s)(mean=-11.19 std=0.95) reward(mean=-3.242 std=7.449) clip=50.0
[DEBUG] train_step 750: starting episode collection
[DEBUG] train_step 750: episodes collected, starting value_update
[DEBUG] train_step 750: value_update done, starting policy_update
[DEBUG] train_step 750: policy_update done
[step 00800] value_loss=8.968167 policy_loss=0.420717
[step 00800] VALUE_DEBUG: target(mean=-11.23 std=2.90 min=-21.89 max=-7.43) V(s)(mean=-12.06 std=1.02) reward(mean=-1.104 std=5.200) clip=50.0
[step 00800] eval_success_rate=0.000 eval_mean_score=9.880 eval_policy_mode=greedy [solved=0/50, score_range=7.00-12.00/16.0, initial=9.00]
[step 00800] PROGRESS: filled=10.04 violations=0.08 zero_cand=0.00
[step 00800] DEBUG: ep_len=16.0 ep_ret=-20.192 stop_prob=0.000 score_chg=-3.0850
[DEBUG] train_step 800: starting episode collection
[DEBUG] train_step 800: episodes collected, starting value_update
[DEBUG] train_step 800: value_update done, starting policy_update
[DEBUG] train_step 800: policy_update done
[step 00850] value_loss=11.522310 policy_loss=0.132379
[step 00850] VALUE_DEBUG: target(mean=-11.24 std=3.37 min=-19.29 max=-4.19) V(s)(mean=-12.32 std=1.03) reward(mean=-0.643 std=4.943) clip=50.0
[DEBUG] train_step 850: starting episode collection
[DEBUG] train_step 850: episodes collected, starting value_update
[DEBUG] train_step 850: value_update done, starting policy_update
[DEBUG] train_step 850: policy_update done
[step 00900] value_loss=18.112984 policy_loss=-0.553567
[step 00900] VALUE_DEBUG: target(mean=-13.58 std=3.94 min=-25.06 max=-5.64) V(s)(mean=-12.03 std=0.91) reward(mean=-2.638 std=5.549) clip=50.0
[step 00900] eval_success_rate=0.000 eval_mean_score=9.880 eval_policy_mode=greedy [solved=0/50, score_range=7.00-12.00/16.0, initial=9.00]
[step 00900] PROGRESS: filled=10.04 violations=0.08 zero_cand=0.00
[step 00900] DEBUG: ep_len=15.9 ep_ret=-19.917 stop_prob=0.000 score_chg=-2.9450
[DEBUG] train_step 900: starting episode collection
[DEBUG] train_step 900: episodes collected, starting value_update
[DEBUG] train_step 900: value_update done, starting policy_update
[DEBUG] train_step 900: policy_update done
[step 00950] value_loss=7.892808 policy_loss=0.517727
[step 00950] VALUE_DEBUG: target(mean=-12.13 std=2.68 min=-20.71 max=-5.67) V(s)(mean=-13.34 std=0.76) reward(mean=-0.517 std=3.801) clip=50.0
[DEBUG] train_step 950: starting episode collection
[DEBUG] train_step 950: episodes collected, starting value_update
[DEBUG] train_step 950: value_update done, starting policy_update
[DEBUG] train_step 950: policy_update done
[step 01000] value_loss=14.626728 policy_loss=0.918428
[step 01000] VALUE_DEBUG: target(mean=-14.21 std=3.59 min=-22.03 max=-7.02) V(s)(mean=-13.08 std=1.02) reward(mean=-2.574 std=5.391) clip=50.0
[step 01000] eval_success_rate=0.000 eval_mean_score=10.000 eval_policy_mode=greedy [solved=0/50, score_range=9.00-11.00/16.0, initial=9.00]
[step 01000] PROGRESS: filled=10.00 violations=0.00 zero_cand=0.00
[step 01000] DEBUG: ep_len=16.0 ep_ret=-19.503 stop_prob=0.000 score_chg=-2.3325
[Checkpoint] Saved to buiksat_trm/checkpoints/table3_hard_6to8_controlled_nomask_nc_r0_s7/rl_checkpoint_step_1000.pt
[DEBUG] train_step 1000: starting episode collection
[DEBUG] train_step 1000: episodes collected, starting value_update
[DEBUG] train_step 1000: value_update done, starting policy_update
[DEBUG] train_step 1000: policy_update done
[step 01050] value_loss=5.491258 policy_loss=0.123894
[step 01050] VALUE_DEBUG: target(mean=-13.94 std=2.51 min=-20.93 max=-10.73) V(s)(mean=-13.85 std=1.15) reward(mean=-1.508 std=3.464) clip=50.0
[DEBUG] train_step 1050: starting episode collection
[DEBUG] train_step 1050: episodes collected, starting value_update
[DEBUG] train_step 1050: value_update done, starting policy_update
[DEBUG] train_step 1050: policy_update done
[step 01100] value_loss=8.935143 policy_loss=0.354840
[step 01100] VALUE_DEBUG: target(mean=-12.87 std=3.18 min=-18.52 max=-3.68) V(s)(mean=-13.09 std=1.15) reward(mean=-0.235 std=3.949) clip=50.0
[step 01100] eval_success_rate=0.000 eval_mean_score=9.920 eval_policy_mode=greedy [solved=0/50, score_range=7.00-11.00/16.0, initial=9.00]
[step 01100] PROGRESS: filled=10.00 violations=0.04 zero_cand=0.00
[step 01100] DEBUG: ep_len=16.0 ep_ret=-19.262 stop_prob=0.000 score_chg=-2.0075
[DEBUG] train_step 1100: starting episode collection
[DEBUG] train_step 1100: episodes collected, starting value_update
[DEBUG] train_step 1100: value_update done, starting policy_update
[DEBUG] train_step 1100: policy_update done
[step 01150] value_loss=6.251369 policy_loss=0.774856
[step 01150] VALUE_DEBUG: target(mean=-13.99 std=2.74 min=-21.32 max=-7.66) V(s)(mean=-13.87 std=1.33) reward(mean=-2.222 std=5.702) clip=50.0
[DEBUG] train_step 1150: starting episode collection
[DEBUG] train_step 1150: episodes collected, starting value_update
[DEBUG] train_step 1150: value_update done, starting policy_update
[DEBUG] train_step 1150: policy_update done
[step 01200] value_loss=7.116047 policy_loss=-0.020677
[step 01200] VALUE_DEBUG: target(mean=-13.57 std=2.92 min=-21.37 max=-5.89) V(s)(mean=-14.30 std=1.12) reward(mean=-1.103 std=4.710) clip=50.0
[step 01200] eval_success_rate=0.000 eval_mean_score=10.000 eval_policy_mode=greedy [solved=0/50, score_range=7.00-12.00/16.0, initial=9.00]
[step 01200] PROGRESS: filled=10.08 violations=0.04 zero_cand=0.00
[step 01200] DEBUG: ep_len=16.0 ep_ret=-19.089 stop_prob=0.000 score_chg=-1.8750
[DEBUG] train_step 1200: starting episode collection
[DEBUG] train_step 1200: episodes collected, starting value_update
[DEBUG] train_step 1200: value_update done, starting policy_update
[DEBUG] train_step 1200: policy_update done
[step 01250] value_loss=20.648476 policy_loss=0.703405
[step 01250] VALUE_DEBUG: target(mean=-13.03 std=4.43 min=-22.25 max=-1.82) V(s)(mean=-14.33 std=1.07) reward(mean=-0.451 std=6.020) clip=50.0
[DEBUG] train_step 1250: starting episode collection
[DEBUG] train_step 1250: episodes collected, starting value_update
[DEBUG] train_step 1250: value_update done, starting policy_update
[DEBUG] train_step 1250: policy_update done
[step 01300] value_loss=3.965106 policy_loss=0.924552
[step 01300] VALUE_DEBUG: target(mean=-13.83 std=2.14 min=-21.78 max=-8.63) V(s)(mean=-14.45 std=1.26) reward(mean=-0.589 std=3.304) clip=50.0
[step 01300] eval_success_rate=0.000 eval_mean_score=9.920 eval_policy_mode=greedy [solved=0/50, score_range=7.00-11.00/16.0, initial=9.00]
[step 01300] PROGRESS: filled=10.00 violations=0.04 zero_cand=0.00
[step 01300] DEBUG: ep_len=16.0 ep_ret=-18.823 stop_prob=0.000 score_chg=-1.5050
[DEBUG] train_step 1300: starting episode collection
[DEBUG] train_step 1300: episodes collected, starting value_update
[DEBUG] train_step 1300: value_update done, starting policy_update
[DEBUG] train_step 1300: policy_update done
[step 01350] value_loss=3.941613 policy_loss=1.271049
[step 01350] VALUE_DEBUG: target(mean=-14.21 std=1.92 min=-19.43 max=-8.38) V(s)(mean=-14.88 std=0.87) reward(mean=-0.563 std=3.311) clip=50.0
[DEBUG] train_step 1350: starting episode collection
[DEBUG] train_step 1350: episodes collected, starting value_update
[DEBUG] train_step 1350: value_update done, starting policy_update
[DEBUG] train_step 1350: policy_update done
[step 01400] value_loss=5.329538 policy_loss=0.255564
[step 01400] VALUE_DEBUG: target(mean=-14.15 std=2.17 min=-20.14 max=-8.33) V(s)(mean=-14.75 std=0.99) reward(mean=-0.606 std=3.545) clip=50.0
[step 01400] eval_success_rate=0.000 eval_mean_score=10.060 eval_policy_mode=greedy [solved=0/50, score_range=7.00-12.00/16.0, initial=9.00]
[step 01400] PROGRESS: filled=10.14 violations=0.04 zero_cand=0.00
[step 01400] DEBUG: ep_len=16.0 ep_ret=-18.954 stop_prob=0.000 score_chg=-1.6275
[DEBUG] train_step 1400: starting episode collection
[DEBUG] train_step 1400: episodes collected, starting value_update
[DEBUG] train_step 1400: value_update done, starting policy_update
[DEBUG] train_step 1400: policy_update done
[step 01450] value_loss=7.015172 policy_loss=1.066159
[step 01450] VALUE_DEBUG: target(mean=-14.21 std=2.82 min=-21.90 max=-4.31) V(s)(mean=-15.13 std=1.11) reward(mean=-0.984 std=5.146) clip=50.0
[DEBUG] train_step 1450: starting episode collection
[DEBUG] train_step 1450: episodes collected, starting value_update
[DEBUG] train_step 1450: value_update done, starting policy_update
[DEBUG] train_step 1450: policy_update done
[step 01500] value_loss=10.382874 policy_loss=1.454709
[step 01500] VALUE_DEBUG: target(mean=-15.04 std=3.61 min=-24.77 max=-6.66) V(s)(mean=-15.64 std=1.36) reward(mean=-1.444 std=4.816) clip=50.0
[step 01500] eval_success_rate=0.000 eval_mean_score=10.000 eval_policy_mode=greedy [solved=0/50, score_range=7.00-12.00/16.0, initial=9.00]
[step 01500] PROGRESS: filled=10.08 violations=0.04 zero_cand=0.00
[step 01500] DEBUG: ep_len=16.0 ep_ret=-18.773 stop_prob=0.000 score_chg=-1.4525
[DEBUG] train_step 1500: starting episode collection
[DEBUG] train_step 1500: episodes collected, starting value_update
[DEBUG] train_step 1500: value_update done, starting policy_update
[DEBUG] train_step 1500: policy_update done
[step 01550] value_loss=4.813666 policy_loss=-0.268875
[step 01550] VALUE_DEBUG: target(mean=-14.74 std=2.47 min=-19.03 max=-6.73) V(s)(mean=-15.15 std=1.24) reward(mean=-1.484 std=5.121) clip=50.0
[DEBUG] train_step 1550: starting episode collection
[DEBUG] train_step 1550: episodes collected, starting value_update
[DEBUG] train_step 1550: value_update done, starting policy_update
[DEBUG] train_step 1550: policy_update done
[step 01600] value_loss=12.639708 policy_loss=-0.006898
[step 01600] VALUE_DEBUG: target(mean=-16.43 std=3.45 min=-25.57 max=-11.67) V(s)(mean=-15.13 std=0.80) reward(mean=-2.231 std=4.896) clip=50.0
[step 01600] eval_success_rate=0.000 eval_mean_score=10.000 eval_policy_mode=greedy [solved=0/50, score_range=9.00-11.00/16.0, initial=9.00]
[step 01600] PROGRESS: filled=10.00 violations=0.00 zero_cand=0.00
[step 01600] DEBUG: ep_len=16.0 ep_ret=-18.810 stop_prob=0.000 score_chg=-1.6250
[DEBUG] train_step 1600: starting episode collection
[DEBUG] train_step 1600: episodes collected, starting value_update
[DEBUG] train_step 1600: value_update done, starting policy_update
[DEBUG] train_step 1600: policy_update done
[step 01650] value_loss=9.746825 policy_loss=0.596197
[step 01650] VALUE_DEBUG: target(mean=-15.73 std=3.25 min=-25.06 max=-5.73) V(s)(mean=-15.06 std=1.02) reward(mean=-1.737 std=4.782) clip=50.0
[DEBUG] train_step 1650: starting episode collection
[DEBUG] train_step 1650: episodes collected, starting value_update
[DEBUG] train_step 1650: value_update done, starting policy_update
[DEBUG] train_step 1650: policy_update done
[step 01700] value_loss=3.698555 policy_loss=1.106339
[step 01700] VALUE_DEBUG: target(mean=-15.52 std=1.93 min=-21.41 max=-11.82) V(s)(mean=-15.68 std=1.10) reward(mean=-0.274 std=1.783) clip=50.0
[step 01700] eval_success_rate=0.000 eval_mean_score=10.040 eval_policy_mode=greedy [solved=0/50, score_range=9.00-11.00/16.0, initial=9.00]
[step 01700] PROGRESS: filled=10.04 violations=0.00 zero_cand=0.00
[step 01700] DEBUG: ep_len=16.0 ep_ret=-18.322 stop_prob=0.000 score_chg=-1.0450
[DEBUG] train_step 1700: starting episode collection
[DEBUG] train_step 1700: episodes collected, starting value_update
[DEBUG] train_step 1700: value_update done, starting policy_update
[DEBUG] train_step 1700: policy_update done
[step 01750] value_loss=3.289062 policy_loss=0.028647
[step 01750] VALUE_DEBUG: target(mean=-15.80 std=1.84 min=-21.56 max=-12.00) V(s)(mean=-14.95 std=1.00) reward(mean=-1.916 std=4.809) clip=50.0
[DEBUG] train_step 1750: starting episode collection
[DEBUG] train_step 1750: episodes collected, starting value_update
[DEBUG] train_step 1750: value_update done, starting policy_update
[DEBUG] train_step 1750: policy_update done
[step 01800] value_loss=6.800525 policy_loss=0.114096
[step 01800] VALUE_DEBUG: target(mean=-16.20 std=2.88 min=-25.10 max=-10.75) V(s)(mean=-15.73 std=0.98) reward(mean=-1.831 std=4.478) clip=50.0
[step 01800] eval_success_rate=0.000 eval_mean_score=10.120 eval_policy_mode=greedy [solved=0/50, score_range=9.00-12.00/16.0, initial=9.00]
[step 01800] PROGRESS: filled=10.12 violations=0.00 zero_cand=0.00
[step 01800] DEBUG: ep_len=15.9 ep_ret=-17.840 stop_prob=0.000 score_chg=-0.6575
[DEBUG] train_step 1800: starting episode collection
[DEBUG] train_step 1800: episodes collected, starting value_update
[DEBUG] train_step 1800: value_update done, starting policy_update
[DEBUG] train_step 1800: policy_update done
[step 01850] value_loss=2.732162 policy_loss=0.353418
[step 01850] VALUE_DEBUG: target(mean=-15.22 std=1.42 min=-17.06 max=-8.90) V(s)(mean=-16.11 std=0.84) reward(mean=-0.218 std=3.140) clip=50.0
[DEBUG] train_step 1850: starting episode collection
[DEBUG] train_step 1850: episodes collected, starting value_update
[DEBUG] train_step 1850: value_update done, starting policy_update
[DEBUG] train_step 1850: policy_update done
[step 01900] value_loss=3.276945 policy_loss=-0.087984
[step 01900] VALUE_DEBUG: target(mean=-15.79 std=2.14 min=-22.36 max=-11.11) V(s)(mean=-15.92 std=1.02) reward(mean=-1.814 std=5.497) clip=50.0
[step 01900] eval_success_rate=0.000 eval_mean_score=10.120 eval_policy_mode=greedy [solved=0/50, score_range=7.00-12.00/16.0, initial=9.00]
[step 01900] PROGRESS: filled=10.20 violations=0.04 zero_cand=0.00
[step 01900] DEBUG: ep_len=15.9 ep_ret=-17.663 stop_prob=0.000 score_chg=-0.4000
[DEBUG] train_step 1900: starting episode collection
[DEBUG] train_step 1900: episodes collected, starting value_update
[DEBUG] train_step 1900: value_update done, starting policy_update
[DEBUG] train_step 1900: policy_update done
[step 01950] value_loss=1.966006 policy_loss=0.864248
[step 01950] VALUE_DEBUG: target(mean=-15.26 std=1.67 min=-18.76 max=-9.36) V(s)(mean=-15.09 std=0.94) reward(mean=-0.903 std=4.164) clip=50.0
[DEBUG] train_step 1950: starting episode collection
[DEBUG] train_step 1950: episodes collected, starting value_update
[DEBUG] train_step 1950: value_update done, starting policy_update
[DEBUG] train_step 1950: policy_update done
[step 02000] value_loss=5.161674 policy_loss=-0.508933
[step 02000] VALUE_DEBUG: target(mean=-16.08 std=2.57 min=-25.30 max=-12.42) V(s)(mean=-16.11 std=0.91) reward(mean=-1.051 std=3.548) clip=50.0
[step 02000] eval_success_rate=0.000 eval_mean_score=10.140 eval_policy_mode=greedy [solved=0/50, score_range=7.00-12.00/16.0, initial=9.00]
[step 02000] PROGRESS: filled=10.22 violations=0.04 zero_cand=0.00
[step 02000] DEBUG: ep_len=16.0 ep_ret=-18.074 stop_prob=0.000 score_chg=-0.7775
[Checkpoint] Saved to buiksat_trm/checkpoints/table3_hard_6to8_controlled_nomask_nc_r0_s7/rl_checkpoint_step_2000.pt
[DEBUG] train_step 2000: starting episode collection
[DEBUG] train_step 2000: episodes collected, starting value_update
[DEBUG] train_step 2000: value_update done, starting policy_update
[DEBUG] train_step 2000: policy_update done
[step 02050] value_loss=4.958432 policy_loss=0.039305
[step 02050] VALUE_DEBUG: target(mean=-16.60 std=2.39 min=-23.30 max=-12.44) V(s)(mean=-16.53 std=0.83) reward(mean=-3.440 std=6.331) clip=50.0
[DEBUG] train_step 2050: starting episode collection
[DEBUG] train_step 2050: episodes collected, starting value_update
[DEBUG] train_step 2050: value_update done, starting policy_update
[DEBUG] train_step 2050: policy_update done
[step 02100] value_loss=4.473594 policy_loss=-0.553973
[step 02100] VALUE_DEBUG: target(mean=-16.15 std=2.51 min=-26.36 max=-9.89) V(s)(mean=-16.33 std=0.90) reward(mean=-1.163 std=4.424) clip=50.0
[step 02100] eval_success_rate=0.000 eval_mean_score=10.220 eval_policy_mode=greedy [solved=0/50, score_range=9.00-12.00/16.0, initial=9.00]
[step 02100] PROGRESS: filled=10.22 violations=0.00 zero_cand=0.00
[step 02100] DEBUG: ep_len=16.0 ep_ret=-17.994 stop_prob=0.000 score_chg=-0.7625
[DEBUG] train_step 2100: starting episode collection
[DEBUG] train_step 2100: episodes collected, starting value_update
[DEBUG] train_step 2100: value_update done, starting policy_update
[DEBUG] train_step 2100: policy_update done
[step 02150] value_loss=7.461362 policy_loss=-0.147314
[step 02150] VALUE_DEBUG: target(mean=-16.01 std=2.95 min=-23.41 max=-7.38) V(s)(mean=-15.59 std=1.02) reward(mean=-0.396 std=2.887) clip=50.0
[DEBUG] train_step 2150: starting episode collection
[DEBUG] train_step 2150: episodes collected, starting value_update
[DEBUG] train_step 2150: value_update done, starting policy_update
[DEBUG] train_step 2150: policy_update done
[step 02200] value_loss=9.054704 policy_loss=0.592264
[step 02200] VALUE_DEBUG: target(mean=-16.52 std=3.17 min=-26.50 max=-8.95) V(s)(mean=-16.01 std=1.01) reward(mean=-0.706 std=2.993) clip=50.0
[step 02200] eval_success_rate=0.000 eval_mean_score=10.480 eval_policy_mode=greedy [solved=0/50, score_range=9.00-13.00/16.0, initial=9.00]
[step 02200] PROGRESS: filled=10.48 violations=0.00 zero_cand=0.00
[step 02200] DEBUG: ep_len=16.0 ep_ret=-17.646 stop_prob=0.000 score_chg=-0.2425
[DEBUG] train_step 2200: starting episode collection
[DEBUG] train_step 2200: episodes collected, starting value_update
[DEBUG] train_step 2200: value_update done, starting policy_update
[DEBUG] train_step 2200: policy_update done
[step 02250] value_loss=2.926852 policy_loss=0.311842
[step 02250] VALUE_DEBUG: target(mean=-16.18 std=1.74 min=-22.30 max=-12.30) V(s)(mean=-16.63 std=1.09) reward(mean=-0.923 std=3.239) clip=50.0
[DEBUG] train_step 2250: starting episode collection
[DEBUG] train_step 2250: episodes collected, starting value_update
[DEBUG] train_step 2250: value_update done, starting policy_update
[DEBUG] train_step 2250: policy_update done
[step 02300] value_loss=1.425112 policy_loss=1.322230
[step 02300] VALUE_DEBUG: target(mean=-16.07 std=1.36 min=-21.10 max=-13.19) V(s)(mean=-15.74 std=0.99) reward(mean=-1.551 std=4.791) clip=50.0
[step 02300] eval_success_rate=0.000 eval_mean_score=10.440 eval_policy_mode=greedy [solved=0/50, score_range=9.00-13.00/16.0, initial=9.00]
[step 02300] PROGRESS: filled=10.44 violations=0.00 zero_cand=0.00
[step 02300] DEBUG: ep_len=16.0 ep_ret=-17.994 stop_prob=0.000 score_chg=-0.6025
[DEBUG] train_step 2300: starting episode collection
[DEBUG] train_step 2300: episodes collected, starting value_update
[DEBUG] train_step 2300: value_update done, starting policy_update
[DEBUG] train_step 2300: policy_update done
[step 02350] value_loss=2.369949 policy_loss=-0.076695
[step 02350] VALUE_DEBUG: target(mean=-16.14 std=1.83 min=-22.71 max=-13.28) V(s)(mean=-16.04 std=0.91) reward(mean=-2.215 std=5.864) clip=50.0
[DEBUG] train_step 2350: starting episode collection
[DEBUG] train_step 2350: episodes collected, starting value_update
[DEBUG] train_step 2350: value_update done, starting policy_update
[DEBUG] train_step 2350: policy_update done
[step 02400] value_loss=0.415438 policy_loss=0.326173
[step 02400] VALUE_DEBUG: target(mean=-15.67 std=0.86 min=-17.24 max=-12.96) V(s)(mean=-16.15 std=0.95) reward(mean=0.034 std=0.325) clip=50.0
[step 02400] eval_success_rate=0.000 eval_mean_score=10.440 eval_policy_mode=greedy [solved=0/50, score_range=9.00-12.00/16.0, initial=9.00]
[step 02400] PROGRESS: filled=10.44 violations=0.00 zero_cand=0.00
[step 02400] DEBUG: ep_len=16.0 ep_ret=-17.923 stop_prob=0.000 score_chg=-0.6650
[DEBUG] train_step 2400: starting episode collection
[DEBUG] train_step 2400: episodes collected, starting value_update
[DEBUG] train_step 2400: value_update done, starting policy_update
[DEBUG] train_step 2400: policy_update done
[step 02450] value_loss=0.566917 policy_loss=0.256914
[step 02450] VALUE_DEBUG: target(mean=-15.79 std=1.02 min=-18.73 max=-12.98) V(s)(mean=-16.19 std=0.86) reward(mean=-0.431 std=2.893) clip=50.0
[DEBUG] train_step 2450: starting episode collection
[DEBUG] train_step 2450: episodes collected, starting value_update
[DEBUG] train_step 2450: value_update done, starting policy_update
[DEBUG] train_step 2450: policy_update done
[step 02500] value_loss=0.290360 policy_loss=0.660674
[step 02500] VALUE_DEBUG: target(mean=-15.79 std=0.94 min=-17.63 max=-14.16) V(s)(mean=-15.63 std=0.95) reward(mean=-1.802 std=5.408) clip=50.0
[step 02500] eval_success_rate=0.000 eval_mean_score=10.240 eval_policy_mode=greedy [solved=0/50, score_range=9.00-12.00/16.0, initial=9.00]
[step 02500] PROGRESS: filled=10.24 violations=0.00 zero_cand=0.00
[step 02500] DEBUG: ep_len=15.9 ep_ret=-17.515 stop_prob=0.000 score_chg=-0.2800
[DEBUG] train_step 2500: starting episode collection
[DEBUG] train_step 2500: episodes collected, starting value_update
[DEBUG] train_step 2500: value_update done, starting policy_update
[DEBUG] train_step 2500: policy_update done
[step 02550] value_loss=10.424406 policy_loss=0.153593
[step 02550] VALUE_DEBUG: target(mean=-16.57 std=3.23 min=-25.03 max=-6.63) V(s)(mean=-15.70 std=0.76) reward(mean=-1.638 std=5.415) clip=50.0
[DEBUG] train_step 2550: starting episode collection
[DEBUG] train_step 2550: episodes collected, starting value_update
[DEBUG] train_step 2550: value_update done, starting policy_update
[DEBUG] train_step 2550: policy_update done
[step 02600] value_loss=2.318857 policy_loss=-0.187154
[step 02600] VALUE_DEBUG: target(mean=-16.05 std=1.81 min=-22.13 max=-12.00) V(s)(mean=-15.93 std=0.86) reward(mean=-1.496 std=4.909) clip=50.0
[step 02600] eval_success_rate=0.000 eval_mean_score=10.600 eval_policy_mode=greedy [solved=0/50, score_range=9.00-13.00/16.0, initial=9.00]
[step 02600] PROGRESS: filled=10.60 violations=0.00 zero_cand=0.00
[step 02600] DEBUG: ep_len=15.9 ep_ret=-17.193 stop_prob=0.000 score_chg=-0.1250
[DEBUG] train_step 2600: starting episode collection
[DEBUG] train_step 2600: episodes collected, starting value_update
[DEBUG] train_step 2600: value_update done, starting policy_update
[DEBUG] train_step 2600: policy_update done
[step 02650] value_loss=1.917307 policy_loss=-0.483505
[step 02650] VALUE_DEBUG: target(mean=-15.66 std=1.78 min=-20.21 max=-11.68) V(s)(mean=-15.62 std=1.09) reward(mean=-2.159 std=5.098) clip=50.0
[DEBUG] train_step 2650: starting episode collection
[DEBUG] train_step 2650: episodes collected, starting value_update
[DEBUG] train_step 2650: value_update done, starting policy_update
[DEBUG] train_step 2650: policy_update done
[step 02700] value_loss=2.869586 policy_loss=0.429819
[step 02700] VALUE_DEBUG: target(mean=-16.24 std=1.53 min=-22.33 max=-13.35) V(s)(mean=-15.86 std=0.96) reward(mean=-1.649 std=4.797) clip=50.0
[step 02700] eval_success_rate=0.000 eval_mean_score=10.360 eval_policy_mode=greedy [solved=0/50, score_range=9.00-14.00/16.0, initial=9.00]
[step 02700] PROGRESS: filled=10.36 violations=0.00 zero_cand=0.00
[step 02700] DEBUG: ep_len=16.0 ep_ret=-16.905 stop_prob=0.000 score_chg=0.4300
[DEBUG] train_step 2700: starting episode collection
[DEBUG] train_step 2700: episodes collected, starting value_update
[DEBUG] train_step 2700: value_update done, starting policy_update
[DEBUG] train_step 2700: policy_update done
[step 02750] value_loss=1.312648 policy_loss=0.096186
[step 02750] VALUE_DEBUG: target(mean=-15.92 std=1.27 min=-17.80 max=-11.65) V(s)(mean=-16.94 std=0.98) reward(mean=-0.310 std=2.683) clip=50.0
[DEBUG] train_step 2750: starting episode collection
[DEBUG] train_step 2750: episodes collected, starting value_update
[DEBUG] train_step 2750: value_update done, starting policy_update
[DEBUG] train_step 2750: policy_update done
[step 02800] value_loss=1.263749 policy_loss=0.462362
[step 02800] VALUE_DEBUG: target(mean=-15.74 std=1.63 min=-21.31 max=-12.50) V(s)(mean=-15.51 std=1.30) reward(mean=-0.427 std=2.987) clip=50.0
[step 02800] eval_success_rate=0.000 eval_mean_score=10.380 eval_policy_mode=greedy [solved=0/50, score_range=9.00-13.00/16.0, initial=9.00]
[step 02800] PROGRESS: filled=10.38 violations=0.00 zero_cand=0.00
[step 02800] DEBUG: ep_len=15.9 ep_ret=-16.653 stop_prob=0.000 score_chg=0.6925
[DEBUG] train_step 2800: starting episode collection
[DEBUG] train_step 2800: episodes collected, starting value_update
[DEBUG] train_step 2800: value_update done, starting policy_update
[DEBUG] train_step 2800: policy_update done
[step 02850] value_loss=3.450936 policy_loss=0.493820
[step 02850] VALUE_DEBUG: target(mean=-16.32 std=1.85 min=-21.26 max=-9.65) V(s)(mean=-16.10 std=0.77) reward(mean=-1.099 std=4.303) clip=50.0
[DEBUG] train_step 2850: starting episode collection
[DEBUG] train_step 2850: episodes collected, starting value_update
[DEBUG] train_step 2850: value_update done, starting policy_update
[DEBUG] train_step 2850: policy_update done
[step 02900] value_loss=2.261772 policy_loss=0.276681
[step 02900] VALUE_DEBUG: target(mean=-15.81 std=1.88 min=-17.70 max=-8.83) V(s)(mean=-16.19 std=1.03) reward(mean=0.373 std=1.488) clip=50.0
[step 02900] eval_success_rate=0.000 eval_mean_score=10.740 eval_policy_mode=greedy [solved=0/50, score_range=9.00-14.00/16.0, initial=9.00]
[step 02900] PROGRESS: filled=10.74 violations=0.00 zero_cand=0.00
[step 02900] DEBUG: ep_len=15.9 ep_ret=-16.076 stop_prob=0.000 score_chg=0.9075
[DEBUG] train_step 2900: starting episode collection
[DEBUG] train_step 2900: episodes collected, starting value_update
[DEBUG] train_step 2900: value_update done, starting policy_update
[DEBUG] train_step 2900: policy_update done
[step 02950] value_loss=2.638076 policy_loss=0.386613
[step 02950] VALUE_DEBUG: target(mean=-16.29 std=1.91 min=-22.27 max=-10.41) V(s)(mean=-16.41 std=0.76) reward(mean=-2.409 std=6.128) clip=50.0
[DEBUG] train_step 2950: starting episode collection
[DEBUG] train_step 2950: episodes collected, starting value_update
[DEBUG] train_step 2950: value_update done, starting policy_update
[DEBUG] train_step 2950: policy_update done
[step 03000] value_loss=1.237756 policy_loss=-0.352480
[step 03000] VALUE_DEBUG: target(mean=-15.91 std=1.51 min=-21.69 max=-12.64) V(s)(mean=-16.09 std=1.08) reward(mean=0.021 std=1.017) clip=50.0
[step 03000] eval_success_rate=0.000 eval_mean_score=10.600 eval_policy_mode=greedy [solved=0/50, score_range=9.00-13.00/16.0, initial=9.00]
[step 03000] PROGRESS: filled=10.60 violations=0.00 zero_cand=0.00
[step 03000] DEBUG: ep_len=15.9 ep_ret=-16.280 stop_prob=0.000 score_chg=0.9875
[Checkpoint] Saved to buiksat_trm/checkpoints/table3_hard_6to8_controlled_nomask_nc_r0_s7/rl_checkpoint_step_3000.pt
[DEBUG] train_step 3000: starting episode collection
[DEBUG] train_step 3000: episodes collected, starting value_update
[DEBUG] train_step 3000: value_update done, starting policy_update
[DEBUG] train_step 3000: policy_update done
[step 03050] value_loss=3.033112 policy_loss=0.853967
[step 03050] VALUE_DEBUG: target(mean=-15.45 std=2.43 min=-21.70 max=-5.76) V(s)(mean=-15.28 std=1.64) reward(mean=-1.406 std=4.978) clip=50.0
[DEBUG] train_step 3050: starting episode collection
[DEBUG] train_step 3050: episodes collected, starting value_update
[DEBUG] train_step 3050: value_update done, starting policy_update
[DEBUG] train_step 3050: policy_update done
[step 03100] value_loss=1.566717 policy_loss=0.117681
[step 03100] VALUE_DEBUG: target(mean=-16.32 std=1.48 min=-21.02 max=-12.39) V(s)(mean=-16.27 std=1.04) reward(mean=-1.245 std=4.572) clip=50.0
[step 03100] eval_success_rate=0.000 eval_mean_score=10.820 eval_policy_mode=greedy [solved=0/50, score_range=9.00-14.00/16.0, initial=9.00]
[step 03100] PROGRESS: filled=10.82 violations=0.00 zero_cand=0.00
[step 03100] DEBUG: ep_len=15.9 ep_ret=-16.225 stop_prob=0.000 score_chg=1.0150
[DEBUG] train_step 3100: starting episode collection
[DEBUG] train_step 3100: episodes collected, starting value_update
[DEBUG] train_step 3100: value_update done, starting policy_update
[DEBUG] train_step 3100: policy_update done
[step 03150] value_loss=3.252319 policy_loss=-0.063946
[step 03150] VALUE_DEBUG: target(mean=-16.52 std=2.11 min=-22.73 max=-14.35) V(s)(mean=-16.13 std=0.96) reward(mean=-2.038 std=4.869) clip=50.0
[DEBUG] train_step 3150: starting episode collection
[DEBUG] train_step 3150: episodes collected, starting value_update
[DEBUG] train_step 3150: value_update done, starting policy_update
[DEBUG] train_step 3150: policy_update done
[step 03200] value_loss=1.619079 policy_loss=0.432328
[step 03200] VALUE_DEBUG: target(mean=-15.52 std=1.83 min=-19.09 max=-10.65) V(s)(mean=-15.58 std=1.31) reward(mean=-2.754 std=6.532) clip=50.0
[step 03200] eval_success_rate=0.000 eval_mean_score=10.460 eval_policy_mode=greedy [solved=0/50, score_range=9.00-13.00/16.0, initial=9.00]
[step 03200] PROGRESS: filled=10.46 violations=0.00 zero_cand=0.00
[step 03200] DEBUG: ep_len=16.0 ep_ret=-16.797 stop_prob=0.000 score_chg=0.5550
[DEBUG] train_step 3200: starting episode collection
[DEBUG] train_step 3200: episodes collected, starting value_update
[DEBUG] train_step 3200: value_update done, starting policy_update
[DEBUG] train_step 3200: policy_update done
[step 03250] value_loss=4.648734 policy_loss=0.709316
[step 03250] VALUE_DEBUG: target(mean=-16.93 std=2.18 min=-21.53 max=-10.30) V(s)(mean=-16.38 std=1.07) reward(mean=-2.113 std=4.865) clip=50.0
[DEBUG] train_step 3250: starting episode collection
[DEBUG] train_step 3250: episodes collected, starting value_update
[DEBUG] train_step 3250: value_update done, starting policy_update
[DEBUG] train_step 3250: policy_update done
[step 03300] value_loss=3.749882 policy_loss=0.253174
[step 03300] VALUE_DEBUG: target(mean=-16.22 std=2.03 min=-21.94 max=-9.71) V(s)(mean=-16.23 std=0.81) reward(mean=-1.222 std=4.332) clip=50.0
[step 03300] eval_success_rate=0.000 eval_mean_score=10.620 eval_policy_mode=greedy [solved=0/50, score_range=9.00-13.00/16.0, initial=9.00]
[step 03300] PROGRESS: filled=10.62 violations=0.00 zero_cand=0.00
[step 03300] DEBUG: ep_len=15.9 ep_ret=-16.377 stop_prob=0.000 score_chg=0.8850
[DEBUG] train_step 3300: starting episode collection
[DEBUG] train_step 3300: episodes collected, starting value_update
[DEBUG] train_step 3300: value_update done, starting policy_update
[DEBUG] train_step 3300: policy_update done
[step 03350] value_loss=2.282866 policy_loss=-0.114071
[step 03350] VALUE_DEBUG: target(mean=-15.71 std=1.56 min=-17.60 max=-10.21) V(s)(mean=-15.29 std=1.01) reward(mean=-2.218 std=6.007) clip=50.0
[DEBUG] train_step 3350: starting episode collection
[DEBUG] train_step 3350: episodes collected, starting value_update
[DEBUG] train_step 3350: value_update done, starting policy_update
[DEBUG] train_step 3350: policy_update done
[step 03400] value_loss=5.048141 policy_loss=0.790570
[step 03400] VALUE_DEBUG: target(mean=-15.38 std=2.86 min=-23.22 max=-5.45) V(s)(mean=-15.56 std=1.17) reward(mean=-1.005 std=5.037) clip=50.0
[step 03400] eval_success_rate=0.000 eval_mean_score=10.840 eval_policy_mode=greedy [solved=0/50, score_range=9.00-13.00/16.0, initial=9.00]
[step 03400] PROGRESS: filled=10.84 violations=0.00 zero_cand=0.00
[step 03400] DEBUG: ep_len=15.9 ep_ret=-16.302 stop_prob=0.000 score_chg=0.8575
[DEBUG] train_step 3400: starting episode collection
[DEBUG] train_step 3400: episodes collected, starting value_update
[DEBUG] train_step 3400: value_update done, starting policy_update
[DEBUG] train_step 3400: policy_update done
[step 03450] value_loss=15.386976 policy_loss=0.044843
[step 03450] VALUE_DEBUG: target(mean=-14.81 std=4.06 min=-17.54 max=6.84) V(s)(mean=-15.93 std=1.06) reward(mean=-0.666 std=4.164) clip=50.0
[DEBUG] train_step 3450: starting episode collection
[DEBUG] train_step 3450: episodes collected, starting value_update
[DEBUG] train_step 3450: value_update done, starting policy_update
[DEBUG] train_step 3450: policy_update done
[step 03500] value_loss=13.042098 policy_loss=-0.315760
[step 03500] VALUE_DEBUG: target(mean=-16.27 std=3.83 min=-27.36 max=-5.90) V(s)(mean=-16.36 std=0.98) reward(mean=-0.203 std=3.590) clip=50.0
[step 03500] eval_success_rate=0.000 eval_mean_score=10.940 eval_policy_mode=greedy [solved=0/50, score_range=9.00-14.00/16.0, initial=9.00]
[step 03500] PROGRESS: filled=10.94 violations=0.00 zero_cand=0.00
[step 03500] DEBUG: ep_len=15.9 ep_ret=-17.016 stop_prob=0.000 score_chg=0.2350
[DEBUG] train_step 3500: starting episode collection
[DEBUG] train_step 3500: episodes collected, starting value_update
[DEBUG] train_step 3500: value_update done, starting policy_update
[DEBUG] train_step 3500: policy_update done
[step 03550] value_loss=4.335979 policy_loss=0.536467
[step 03550] VALUE_DEBUG: target(mean=-15.59 std=2.06 min=-21.20 max=-11.03) V(s)(mean=-16.18 std=1.43) reward(mean=-0.038 std=2.036) clip=50.0
[DEBUG] train_step 3550: starting episode collection
[DEBUG] train_step 3550: episodes collected, starting value_update
[DEBUG] train_step 3550: value_update done, starting policy_update
[DEBUG] train_step 3550: policy_update done
[step 03600] value_loss=6.498192 policy_loss=0.535067
[step 03600] VALUE_DEBUG: target(mean=-15.70 std=3.08 min=-23.89 max=-7.65) V(s)(mean=-15.61 std=1.61) reward(mean=-1.690 std=5.757) clip=50.0
[step 03600] eval_success_rate=0.000 eval_mean_score=10.900 eval_policy_mode=greedy [solved=0/50, score_range=9.00-13.00/16.0, initial=9.00]
[step 03600] PROGRESS: filled=10.90 violations=0.00 zero_cand=0.00
[step 03600] DEBUG: ep_len=16.0 ep_ret=-16.895 stop_prob=0.000 score_chg=0.3850
[DEBUG] train_step 3600: starting episode collection
[DEBUG] train_step 3600: episodes collected, starting value_update
[DEBUG] train_step 3600: value_update done, starting policy_update
[DEBUG] train_step 3600: policy_update done
[step 03650] value_loss=4.654562 policy_loss=0.075016
[step 03650] VALUE_DEBUG: target(mean=-15.57 std=2.47 min=-20.83 max=-8.86) V(s)(mean=-15.53 std=1.38) reward(mean=-0.438 std=3.616) clip=50.0
[DEBUG] train_step 3650: starting episode collection
[DEBUG] train_step 3650: episodes collected, starting value_update
[DEBUG] train_step 3650: value_update done, starting policy_update
[DEBUG] train_step 3650: policy_update done
[step 03700] value_loss=11.564901 policy_loss=0.203188
[step 03700] VALUE_DEBUG: target(mean=-15.38 std=3.18 min=-22.07 max=-7.32) V(s)(mean=-16.44 std=1.01) reward(mean=-0.011 std=4.307) clip=50.0
[step 03700] eval_success_rate=0.000 eval_mean_score=10.920 eval_policy_mode=greedy [solved=0/50, score_range=9.00-13.00/16.0, initial=9.00]
[step 03700] PROGRESS: filled=10.92 violations=0.00 zero_cand=0.00
[step 03700] DEBUG: ep_len=15.9 ep_ret=-16.036 stop_prob=0.000 score_chg=1.2750
[DEBUG] train_step 3700: starting episode collection
[DEBUG] train_step 3700: episodes collected, starting value_update
[DEBUG] train_step 3700: value_update done, starting policy_update
[DEBUG] train_step 3700: policy_update done
[step 03750] value_loss=5.946892 policy_loss=0.917239
[step 03750] VALUE_DEBUG: target(mean=-16.51 std=3.04 min=-25.18 max=-12.47) V(s)(mean=-16.10 std=1.29) reward(mean=-0.567 std=2.425) clip=50.0
[DEBUG] train_step 3750: starting episode collection
[DEBUG] train_step 3750: episodes collected, starting value_update
[DEBUG] train_step 3750: value_update done, starting policy_update
[DEBUG] train_step 3750: policy_update done
[step 03800] value_loss=8.743767 policy_loss=0.682779
[step 03800] VALUE_DEBUG: target(mean=-16.16 std=3.44 min=-25.72 max=-4.88) V(s)(mean=-15.87 std=1.40) reward(mean=-2.436 std=5.931) clip=50.0
[step 03800] eval_success_rate=0.000 eval_mean_score=11.700 eval_policy_mode=greedy [solved=0/50, score_range=9.00-14.00/16.0, initial=9.00]
[step 03800] PROGRESS: filled=11.70 violations=0.00 zero_cand=0.00
[step 03800] DEBUG: ep_len=15.8 ep_ret=-15.529 stop_prob=0.000 score_chg=1.3525
[DEBUG] train_step 3800: starting episode collection
[DEBUG] train_step 3800: episodes collected, starting value_update
[DEBUG] train_step 3800: value_update done, starting policy_update
[DEBUG] train_step 3800: policy_update done
[step 03850] value_loss=1.272683 policy_loss=-0.299399
[step 03850] VALUE_DEBUG: target(mean=-15.86 std=1.81 min=-21.61 max=-11.75) V(s)(mean=-16.33 std=1.35) reward(mean=-0.513 std=3.064) clip=50.0
[DEBUG] train_step 3850: starting episode collection
[DEBUG] train_step 3850: episodes collected, starting value_update
[DEBUG] train_step 3850: value_update done, starting policy_update
[DEBUG] train_step 3850: policy_update done
[step 03900] value_loss=4.565997 policy_loss=1.022030
[step 03900] VALUE_DEBUG: target(mean=-15.57 std=2.41 min=-22.37 max=-6.49) V(s)(mean=-15.67 std=1.30) reward(mean=-0.851 std=4.470) clip=50.0
[step 03900] eval_success_rate=0.000 eval_mean_score=11.220 eval_policy_mode=greedy [solved=0/50, score_range=9.00-15.00/16.0, initial=9.00]
[step 03900] PROGRESS: filled=11.22 violations=0.00 zero_cand=0.00
[step 03900] DEBUG: ep_len=15.9 ep_ret=-15.794 stop_prob=0.000 score_chg=1.1525
[DEBUG] train_step 3900: starting episode collection
[DEBUG] train_step 3900: episodes collected, starting value_update
[DEBUG] train_step 3900: value_update done, starting policy_update
[DEBUG] train_step 3900: policy_update done
[step 03950] value_loss=12.225222 policy_loss=0.793902
[step 03950] VALUE_DEBUG: target(mean=-16.43 std=3.62 min=-25.80 max=-4.14) V(s)(mean=-16.62 std=0.85) reward(mean=-1.655 std=5.664) clip=50.0
[DEBUG] train_step 3950: starting episode collection
[DEBUG] train_step 3950: episodes collected, starting value_update
[DEBUG] train_step 3950: value_update done, starting policy_update
[DEBUG] train_step 3950: policy_update done
[step 04000] value_loss=3.887414 policy_loss=0.905101
[step 04000] VALUE_DEBUG: target(mean=-16.53 std=2.16 min=-23.42 max=-13.52) V(s)(mean=-16.21 std=1.11) reward(mean=-0.882 std=3.319) clip=50.0
[step 04000] eval_success_rate=0.000 eval_mean_score=11.040 eval_policy_mode=greedy [solved=0/50, score_range=9.00-14.00/16.0, initial=9.00]
[step 04000] PROGRESS: filled=11.04 violations=0.00 zero_cand=0.00
[step 04000] DEBUG: ep_len=15.8 ep_ret=-15.782 stop_prob=0.000 score_chg=1.1600
[Checkpoint] Saved to buiksat_trm/checkpoints/table3_hard_6to8_controlled_nomask_nc_r0_s7/rl_checkpoint_step_4000.pt
[DEBUG] train_step 4000: starting episode collection
[DEBUG] train_step 4000: episodes collected, starting value_update
[DEBUG] train_step 4000: value_update done, starting policy_update
[DEBUG] train_step 4000: policy_update done
[step 04050] value_loss=7.373948 policy_loss=0.076549
[step 04050] VALUE_DEBUG: target(mean=-15.54 std=2.69 min=-21.32 max=-9.10) V(s)(mean=-15.82 std=1.23) reward(mean=0.611 std=2.649) clip=50.0
[DEBUG] train_step 4050: starting episode collection
[DEBUG] train_step 4050: episodes collected, starting value_update
[DEBUG] train_step 4050: value_update done, starting policy_update
[DEBUG] train_step 4050: policy_update done
[step 04100] value_loss=5.334533 policy_loss=1.353241
[step 04100] VALUE_DEBUG: target(mean=-16.40 std=2.38 min=-23.57 max=-13.53) V(s)(mean=-15.86 std=1.53) reward(mean=-1.888 std=5.004) clip=50.0
[step 04100] eval_success_rate=0.020 eval_mean_score=11.480 eval_policy_mode=greedy [solved=1/50, score_range=9.00-16.00/16.0, initial=9.00]
[step 04100] PROGRESS: filled=11.48 violations=0.00 zero_cand=0.00
[step 04100] DEBUG: ep_len=15.8 ep_ret=-15.378 stop_prob=0.000 score_chg=1.6150
[DEBUG] train_step 4100: starting episode collection
[DEBUG] train_step 4100: episodes collected, starting value_update
[DEBUG] train_step 4100: value_update done, starting policy_update
[DEBUG] train_step 4100: policy_update done
[step 04150] value_loss=0.889883 policy_loss=1.102826
[step 04150] VALUE_DEBUG: target(mean=-15.66 std=1.66 min=-19.90 max=-10.26) V(s)(mean=-16.08 std=1.62) reward(mean=-2.348 std=5.640) clip=50.0
[DEBUG] train_step 4150: starting episode collection
[DEBUG] train_step 4150: episodes collected, starting value_update
[DEBUG] train_step 4150: value_update done, starting policy_update
[DEBUG] train_step 4150: policy_update done
[step 04200] value_loss=3.815200 policy_loss=-0.083906
[step 04200] VALUE_DEBUG: target(mean=-15.65 std=2.40 min=-23.36 max=-9.41) V(s)(mean=-15.21 std=1.43) reward(mean=-0.512 std=3.410) clip=50.0
[step 04200] eval_success_rate=0.000 eval_mean_score=11.600 eval_policy_mode=greedy [solved=0/50, score_range=9.00-14.00/16.0, initial=9.00]
[step 04200] PROGRESS: filled=11.60 violations=0.00 zero_cand=0.00
[step 04200] DEBUG: ep_len=15.8 ep_ret=-15.247 stop_prob=0.000 score_chg=1.4875
[DEBUG] train_step 4200: starting episode collection
[DEBUG] train_step 4200: episodes collected, starting value_update
[DEBUG] train_step 4200: value_update done, starting policy_update
[DEBUG] train_step 4200: policy_update done
[step 04250] value_loss=1.502543 policy_loss=0.005642
[step 04250] VALUE_DEBUG: target(mean=-15.88 std=2.06 min=-22.87 max=-10.97) V(s)(mean=-15.83 std=1.42) reward(mean=-0.058 std=1.177) clip=50.0
[DEBUG] train_step 4250: starting episode collection
[DEBUG] train_step 4250: episodes collected, starting value_update
[DEBUG] train_step 4250: value_update done, starting policy_update
[DEBUG] train_step 4250: policy_update done
[step 04300] value_loss=7.633578 policy_loss=0.000552
[step 04300] VALUE_DEBUG: target(mean=-15.76 std=3.31 min=-26.06 max=-6.11) V(s)(mean=-15.76 std=1.45) reward(mean=-1.545 std=5.461) clip=50.0
[step 04300] eval_success_rate=0.000 eval_mean_score=11.360 eval_policy_mode=greedy [solved=0/50, score_range=9.00-14.00/16.0, initial=9.00]
[step 04300] PROGRESS: filled=11.36 violations=0.00 zero_cand=0.00
[step 04300] DEBUG: ep_len=15.8 ep_ret=-15.647 stop_prob=0.000 score_chg=1.2950
[DEBUG] train_step 4300: starting episode collection
[DEBUG] train_step 4300: episodes collected, starting value_update
[DEBUG] train_step 4300: value_update done, starting policy_update
[DEBUG] train_step 4300: policy_update done
[step 04350] value_loss=6.995430 policy_loss=0.403085
[step 04350] VALUE_DEBUG: target(mean=-16.29 std=2.73 min=-24.47 max=-9.56) V(s)(mean=-15.58 std=1.02) reward(mean=-1.376 std=4.631) clip=50.0
[DEBUG] train_step 4350: starting episode collection
[DEBUG] train_step 4350: episodes collected, starting value_update
[DEBUG] train_step 4350: value_update done, starting policy_update
[DEBUG] train_step 4350: policy_update done
[step 04400] value_loss=4.680831 policy_loss=-0.106561
[step 04400] VALUE_DEBUG: target(mean=-16.06 std=2.39 min=-26.40 max=-12.11) V(s)(mean=-15.88 std=1.15) reward(mean=-0.575 std=2.935) clip=50.0
[step 04400] eval_success_rate=0.000 eval_mean_score=11.200 eval_policy_mode=greedy [solved=0/50, score_range=9.00-14.00/16.0, initial=9.00]
[step 04400] PROGRESS: filled=11.20 violations=0.00 zero_cand=0.00
[step 04400] DEBUG: ep_len=15.9 ep_ret=-15.441 stop_prob=0.000 score_chg=1.5625
[DEBUG] train_step 4400: starting episode collection
[DEBUG] train_step 4400: episodes collected, starting value_update
[DEBUG] train_step 4400: value_update done, starting policy_update
[DEBUG] train_step 4400: policy_update done
[step 04450] value_loss=3.641615 policy_loss=0.419880
[step 04450] VALUE_DEBUG: target(mean=-15.73 std=2.86 min=-23.30 max=-5.21) V(s)(mean=-16.05 std=1.52) reward(mean=-0.071 std=1.998) clip=50.0
[DEBUG] train_step 4450: starting episode collection
[DEBUG] train_step 4450: episodes collected, starting value_update
[DEBUG] train_step 4450: value_update done, starting policy_update
[DEBUG] train_step 4450: policy_update done
[step 04500] value_loss=2.206090 policy_loss=-0.039626
[step 04500] VALUE_DEBUG: target(mean=-15.38 std=1.91 min=-22.08 max=-10.18) V(s)(mean=-15.48 std=1.24) reward(mean=-1.815 std=5.498) clip=50.0
[step 04500] eval_success_rate=0.000 eval_mean_score=11.520 eval_policy_mode=greedy [solved=0/50, score_range=9.00-15.00/16.0, initial=9.00]
[step 04500] PROGRESS: filled=11.52 violations=0.00 zero_cand=0.00
[step 04500] DEBUG: ep_len=15.9 ep_ret=-15.625 stop_prob=0.000 score_chg=1.7375
[DEBUG] train_step 4500: starting episode collection
[DEBUG] train_step 4500: episodes collected, starting value_update
[DEBUG] train_step 4500: value_update done, starting policy_update
[DEBUG] train_step 4500: policy_update done
[step 04550] value_loss=4.609968 policy_loss=0.692228
[step 04550] VALUE_DEBUG: target(mean=-15.26 std=2.37 min=-19.89 max=-4.76) V(s)(mean=-15.23 std=1.94) reward(mean=-0.043 std=2.120) clip=50.0
[DEBUG] train_step 4550: starting episode collection
[DEBUG] train_step 4550: episodes collected, starting value_update
[DEBUG] train_step 4550: value_update done, starting policy_update
[DEBUG] train_step 4550: policy_update done
[step 04600] value_loss=3.698032 policy_loss=1.744177
[step 04600] VALUE_DEBUG: target(mean=-15.76 std=2.67 min=-24.96 max=-8.50) V(s)(mean=-15.21 std=1.51) reward(mean=-0.694 std=4.588) clip=50.0
[step 04600] eval_success_rate=0.000 eval_mean_score=11.680 eval_policy_mode=greedy [solved=0/50, score_range=9.00-15.00/16.0, initial=9.00]
[step 04600] PROGRESS: filled=11.68 violations=0.00 zero_cand=0.00
[step 04600] DEBUG: ep_len=15.8 ep_ret=-15.334 stop_prob=0.000 score_chg=1.5950
[DEBUG] train_step 4600: starting episode collection
[DEBUG] train_step 4600: episodes collected, starting value_update
[DEBUG] train_step 4600: value_update done, starting policy_update
[DEBUG] train_step 4600: policy_update done
[step 04650] value_loss=4.971075 policy_loss=-0.398674
[step 04650] VALUE_DEBUG: target(mean=-15.27 std=2.76 min=-21.75 max=-8.91) V(s)(mean=-14.99 std=1.79) reward(mean=-0.938 std=4.444) clip=50.0
[DEBUG] train_step 4650: starting episode collection
[DEBUG] train_step 4650: episodes collected, starting value_update
[DEBUG] train_step 4650: value_update done, starting policy_update
[DEBUG] train_step 4650: policy_update done
[step 04700] value_loss=3.002723 policy_loss=-0.068739
[step 04700] VALUE_DEBUG: target(mean=-16.15 std=1.78 min=-22.78 max=-13.35) V(s)(mean=-15.96 std=1.18) reward(mean=-1.816 std=4.936) clip=50.0
[step 04700] eval_success_rate=0.000 eval_mean_score=12.000 eval_policy_mode=greedy [solved=0/50, score_range=9.00-15.00/16.0, initial=9.00]
[step 04700] PROGRESS: filled=12.00 violations=0.00 zero_cand=0.00
[step 04700] DEBUG: ep_len=15.9 ep_ret=-15.370 stop_prob=0.000 score_chg=1.8325
[DEBUG] train_step 4700: starting episode collection
[DEBUG] train_step 4700: episodes collected, starting value_update
[DEBUG] train_step 4700: value_update done, starting policy_update
[DEBUG] train_step 4700: policy_update done
[step 04750] value_loss=1.316479 policy_loss=-0.067301
[step 04750] VALUE_DEBUG: target(mean=-15.53 std=1.97 min=-20.62 max=-10.05) V(s)(mean=-15.55 std=1.66) reward(mean=-1.486 std=4.822) clip=50.0
[DEBUG] train_step 4750: starting episode collection
[DEBUG] train_step 4750: episodes collected, starting value_update
[DEBUG] train_step 4750: value_update done, starting policy_update
[DEBUG] train_step 4750: policy_update done
[step 04800] value_loss=1.295553 policy_loss=-0.667746
[step 04800] VALUE_DEBUG: target(mean=-15.74 std=1.96 min=-22.07 max=-11.76) V(s)(mean=-15.38 std=1.26) reward(mean=-2.394 std=6.403) clip=50.0
[step 04800] eval_success_rate=0.000 eval_mean_score=11.560 eval_policy_mode=greedy [solved=0/50, score_range=9.00-14.00/16.0, initial=9.00]
[step 04800] PROGRESS: filled=11.56 violations=0.00 zero_cand=0.00
[step 04800] DEBUG: ep_len=15.8 ep_ret=-15.354 stop_prob=0.000 score_chg=1.6550
[DEBUG] train_step 4800: starting episode collection
[DEBUG] train_step 4800: episodes collected, starting value_update
[DEBUG] train_step 4800: value_update done, starting policy_update
[DEBUG] train_step 4800: policy_update done
[step 04850] value_loss=18.152187 policy_loss=0.622156
[step 04850] VALUE_DEBUG: target(mean=-14.36 std=3.85 min=-19.12 max=1.84) V(s)(mean=-15.89 std=1.66) reward(mean=-0.770 std=5.441) clip=50.0
[DEBUG] train_step 4850: starting episode collection
[DEBUG] train_step 4850: episodes collected, starting value_update
[DEBUG] train_step 4850: value_update done, starting policy_update
[DEBUG] train_step 4850: policy_update done
[step 04900] value_loss=2.703547 policy_loss=0.340218
[step 04900] VALUE_DEBUG: target(mean=-16.51 std=1.81 min=-23.26 max=-13.64) V(s)(mean=-16.43 std=0.90) reward(mean=-1.410 std=4.707) clip=50.0
[step 04900] eval_success_rate=0.000 eval_mean_score=11.740 eval_policy_mode=greedy [solved=0/50, score_range=9.00-15.00/16.0, initial=9.00]
[step 04900] PROGRESS: filled=11.74 violations=0.00 zero_cand=0.00
[step 04900] DEBUG: ep_len=15.8 ep_ret=-15.180 stop_prob=0.000 score_chg=1.7725
[DEBUG] train_step 4900: starting episode collection
[DEBUG] train_step 4900: episodes collected, starting value_update
[DEBUG] train_step 4900: value_update done, starting policy_update
[DEBUG] train_step 4900: policy_update done
[step 04950] value_loss=4.061241 policy_loss=1.451702
[step 04950] VALUE_DEBUG: target(mean=-15.39 std=2.70 min=-24.99 max=-9.17) V(s)(mean=-15.44 std=1.26) reward(mean=-1.502 std=5.989) clip=50.0
[DEBUG] train_step 4950: starting episode collection
[DEBUG] train_step 4950: episodes collected, starting value_update
[DEBUG] train_step 4950: value_update done, starting policy_update
[DEBUG] train_step 4950: policy_update done
[step 05000] value_loss=11.129207 policy_loss=-0.319428
[step 05000] VALUE_DEBUG: target(mean=-14.75 std=3.69 min=-20.91 max=1.84) V(s)(mean=-15.25 std=2.12) reward(mean=-0.554 std=3.187) clip=50.0
[step 05000] eval_success_rate=0.000 eval_mean_score=12.120 eval_policy_mode=greedy [solved=0/50, score_range=9.00-15.00/16.0, initial=9.00]
[step 05000] PROGRESS: filled=12.12 violations=0.00 zero_cand=0.00
[step 05000] DEBUG: ep_len=15.8 ep_ret=-15.050 stop_prob=0.000 score_chg=1.8850
[Checkpoint] Saved to buiksat_trm/checkpoints/table3_hard_6to8_controlled_nomask_nc_r0_s7/rl_checkpoint_step_5000.pt
[DEBUG] train_step 5000: starting episode collection
[DEBUG] train_step 5000: episodes collected, starting value_update
[DEBUG] train_step 5000: value_update done, starting policy_update
[DEBUG] train_step 5000: policy_update done
[step 05050] value_loss=6.012778 policy_loss=-0.455514
[step 05050] VALUE_DEBUG: target(mean=-15.15 std=3.42 min=-24.82 max=-4.83) V(s)(mean=-15.21 std=1.68) reward(mean=-1.979 std=6.113) clip=50.0
[DEBUG] train_step 5050: starting episode collection
[DEBUG] train_step 5050: episodes collected, starting value_update
[DEBUG] train_step 5050: value_update done, starting policy_update
[DEBUG] train_step 5050: policy_update done
[step 05100] value_loss=6.786429 policy_loss=0.006494
[step 05100] VALUE_DEBUG: target(mean=-15.68 std=3.15 min=-24.22 max=-8.50) V(s)(mean=-15.39 std=1.53) reward(mean=-0.818 std=3.825) clip=50.0
[step 05100] eval_success_rate=0.040 eval_mean_score=11.900 eval_policy_mode=greedy [solved=2/50, score_range=9.00-16.00/16.0, initial=9.00]
[step 05100] PROGRESS: filled=11.90 violations=0.00 zero_cand=0.00
[step 05100] DEBUG: ep_len=15.6 ep_ret=-14.297 stop_prob=0.000 score_chg=2.2025
[DEBUG] train_step 5100: starting episode collection
[DEBUG] train_step 5100: episodes collected, starting value_update
[DEBUG] train_step 5100: value_update done, starting policy_update
[DEBUG] train_step 5100: policy_update done
[step 05150] value_loss=9.414898 policy_loss=0.487517
[step 05150] VALUE_DEBUG: target(mean=-15.73 std=3.55 min=-23.28 max=-3.94) V(s)(mean=-15.62 std=1.41) reward(mean=-1.632 std=5.534) clip=50.0
[DEBUG] train_step 5150: starting episode collection
[DEBUG] train_step 5150: episodes collected, starting value_update
[DEBUG] train_step 5150: value_update done, starting policy_update
[DEBUG] train_step 5150: policy_update done
[step 05200] value_loss=3.974318 policy_loss=-0.956984
[step 05200] VALUE_DEBUG: target(mean=-15.52 std=2.45 min=-24.32 max=-9.24) V(s)(mean=-16.18 std=1.68) reward(mean=-1.456 std=5.091) clip=50.0
[step 05200] eval_success_rate=0.020 eval_mean_score=11.880 eval_policy_mode=greedy [solved=1/50, score_range=9.00-16.00/16.0, initial=9.00]
[step 05200] PROGRESS: filled=11.88 violations=0.00 zero_cand=0.00
[step 05200] DEBUG: ep_len=15.7 ep_ret=-15.049 stop_prob=0.000 score_chg=1.8125
[DEBUG] train_step 5200: starting episode collection
[DEBUG] train_step 5200: episodes collected, starting value_update
[DEBUG] train_step 5200: value_update done, starting policy_update
[DEBUG] train_step 5200: policy_update done
[step 05250] value_loss=2.017742 policy_loss=0.949453
[step 05250] VALUE_DEBUG: target(mean=-15.51 std=2.30 min=-20.91 max=-8.55) V(s)(mean=-16.30 std=1.97) reward(mean=-2.474 std=5.980) clip=50.0
[DEBUG] train_step 5250: starting episode collection
[DEBUG] train_step 5250: episodes collected, starting value_update
[DEBUG] train_step 5250: value_update done, starting policy_update
[DEBUG] train_step 5250: policy_update done
[step 05300] value_loss=10.478478 policy_loss=0.986582
[step 05300] VALUE_DEBUG: target(mean=-16.33 std=3.40 min=-22.98 max=-8.85) V(s)(mean=-14.78 std=1.80) reward(mean=-2.189 std=4.642) clip=50.0
[step 05300] eval_success_rate=0.040 eval_mean_score=11.940 eval_policy_mode=greedy [solved=2/50, score_range=9.00-16.00/16.0, initial=9.00]
[step 05300] PROGRESS: filled=11.94 violations=0.00 zero_cand=0.00
[step 05300] DEBUG: ep_len=15.7 ep_ret=-14.748 stop_prob=0.000 score_chg=2.0350
[DEBUG] train_step 5300: starting episode collection
[DEBUG] train_step 5300: episodes collected, starting value_update
[DEBUG] train_step 5300: value_update done, starting policy_update
[DEBUG] train_step 5300: policy_update done
[step 05350] value_loss=0.335048 policy_loss=-0.275843
[step 05350] VALUE_DEBUG: target(mean=-15.36 std=1.88 min=-17.20 max=-7.02) V(s)(mean=-15.13 std=1.76) reward(mean=-3.298 std=6.800) clip=50.0
[DEBUG] train_step 5350: starting episode collection
[DEBUG] train_step 5350: episodes collected, starting value_update
[DEBUG] train_step 5350: value_update done, starting policy_update
[DEBUG] train_step 5350: policy_update done
[step 05400] value_loss=4.683498 policy_loss=0.334808
[step 05400] VALUE_DEBUG: target(mean=-16.00 std=2.76 min=-24.65 max=-8.39) V(s)(mean=-15.39 std=1.71) reward(mean=-1.228 std=4.374) clip=50.0
[step 05400] eval_success_rate=0.020 eval_mean_score=12.060 eval_policy_mode=greedy [solved=1/50, score_range=9.00-16.00/16.0, initial=9.00]
[step 05400] PROGRESS: filled=12.06 violations=0.00 zero_cand=0.00
[step 05400] DEBUG: ep_len=15.5 ep_ret=-14.187 stop_prob=0.000 score_chg=2.1725
[DEBUG] train_step 5400: starting episode collection
[DEBUG] train_step 5400: episodes collected, starting value_update
[DEBUG] train_step 5400: value_update done, starting policy_update
[DEBUG] train_step 5400: policy_update done
[step 05450] value_loss=4.997610 policy_loss=-0.591290
[step 05450] VALUE_DEBUG: target(mean=-15.96 std=2.77 min=-25.44 max=-9.70) V(s)(mean=-15.84 std=1.23) reward(mean=-1.389 std=4.446) clip=50.0
[DEBUG] train_step 5450: starting episode collection
[DEBUG] train_step 5450: episodes collected, starting value_update
[DEBUG] train_step 5450: value_update done, starting policy_update
[DEBUG] train_step 5450: policy_update done
[step 05500] value_loss=3.579026 policy_loss=0.062272
[step 05500] VALUE_DEBUG: target(mean=-15.77 std=2.24 min=-22.71 max=-10.23) V(s)(mean=-15.22 std=1.47) reward(mean=-0.146 std=1.875) clip=50.0
[step 05500] eval_success_rate=0.020 eval_mean_score=12.060 eval_policy_mode=greedy [solved=1/50, score_range=9.00-16.00/16.0, initial=9.00]
[step 05500] PROGRESS: filled=12.06 violations=0.00 zero_cand=0.00
[step 05500] DEBUG: ep_len=15.6 ep_ret=-14.279 stop_prob=0.000 score_chg=2.2850
[DEBUG] train_step 5500: starting episode collection
[DEBUG] train_step 5500: episodes collected, starting value_update
[DEBUG] train_step 5500: value_update done, starting policy_update
[DEBUG] train_step 5500: policy_update done
[step 05550] value_loss=2.996945 policy_loss=0.017960
[step 05550] VALUE_DEBUG: target(mean=-16.01 std=2.02 min=-24.04 max=-10.86) V(s)(mean=-15.70 std=1.21) reward(mean=-1.253 std=4.206) clip=50.0
[DEBUG] train_step 5550: starting episode collection
[DEBUG] train_step 5550: episodes collected, starting value_update
[DEBUG] train_step 5550: value_update done, starting policy_update
[DEBUG] train_step 5550: policy_update done
[step 05600] value_loss=4.534471 policy_loss=-0.547993
[step 05600] VALUE_DEBUG: target(mean=-15.14 std=2.85 min=-23.68 max=-9.35) V(s)(mean=-15.17 std=1.40) reward(mean=-0.262 std=2.201) clip=50.0
[step 05600] eval_success_rate=0.060 eval_mean_score=12.440 eval_policy_mode=greedy [solved=3/50, score_range=9.00-16.00/16.0, initial=9.00]
[step 05600] PROGRESS: filled=12.44 violations=0.00 zero_cand=0.00
[step 05600] DEBUG: ep_len=15.5 ep_ret=-13.861 stop_prob=0.000 score_chg=2.4225
[DEBUG] train_step 5600: starting episode collection
[DEBUG] train_step 5600: episodes collected, starting value_update
[DEBUG] train_step 5600: value_update done, starting policy_update
[DEBUG] train_step 5600: policy_update done
[step 05650] value_loss=6.533545 policy_loss=-0.301417
[step 05650] VALUE_DEBUG: target(mean=-13.70 std=4.23 min=-22.70 max=1.84) V(s)(mean=-13.75 std=2.67) reward(mean=0.018 std=2.161) clip=50.0
[DEBUG] train_step 5650: starting episode collection
[DEBUG] train_step 5650: episodes collected, starting value_update
[DEBUG] train_step 5650: value_update done, starting policy_update
[DEBUG] train_step 5650: policy_update done
[step 05700] value_loss=5.541447 policy_loss=-0.209131
[step 05700] VALUE_DEBUG: target(mean=-14.45 std=3.04 min=-17.80 max=-5.53) V(s)(mean=-15.33 std=2.17) reward(mean=0.483 std=3.774) clip=50.0
[step 05700] eval_success_rate=0.020 eval_mean_score=12.420 eval_policy_mode=greedy [solved=1/50, score_range=10.00-16.00/16.0, initial=9.00]
[step 05700] PROGRESS: filled=12.42 violations=0.00 zero_cand=0.00
[step 05700] DEBUG: ep_len=15.4 ep_ret=-13.720 stop_prob=0.000 score_chg=2.2400
[DEBUG] train_step 5700: starting episode collection
[DEBUG] train_step 5700: episodes collected, starting value_update
[DEBUG] train_step 5700: value_update done, starting policy_update
[DEBUG] train_step 5700: policy_update done
[step 05750] value_loss=6.928851 policy_loss=-0.101276
[step 05750] VALUE_DEBUG: target(mean=-15.39 std=3.95 min=-26.41 max=-6.89) V(s)(mean=-15.67 std=2.46) reward(mean=-1.259 std=4.657) clip=50.0
[DEBUG] train_step 5750: starting episode collection
[DEBUG] train_step 5750: episodes collected, starting value_update
[DEBUG] train_step 5750: value_update done, starting policy_update
[DEBUG] train_step 5750: policy_update done
[step 05800] value_loss=8.354712 policy_loss=0.179436
[step 05800] VALUE_DEBUG: target(mean=-13.80 std=3.99 min=-18.71 max=1.84) V(s)(mean=-15.00 std=2.66) reward(mean=-0.707 std=3.964) clip=50.0
[step 05800] eval_success_rate=0.000 eval_mean_score=12.620 eval_policy_mode=greedy [solved=0/50, score_range=10.00-15.00/16.0, initial=9.00]
[step 05800] PROGRESS: filled=12.62 violations=0.00 zero_cand=0.00
[step 05800] DEBUG: ep_len=15.5 ep_ret=-13.665 stop_prob=0.000 score_chg=2.3900
[DEBUG] train_step 5800: starting episode collection
[DEBUG] train_step 5800: episodes collected, starting value_update
[DEBUG] train_step 5800: value_update done, starting policy_update
[DEBUG] train_step 5800: policy_update done
[step 05850] value_loss=2.655435 policy_loss=0.517020
[step 05850] VALUE_DEBUG: target(mean=-15.46 std=2.57 min=-19.50 max=-5.35) V(s)(mean=-15.02 std=2.24) reward(mean=-1.543 std=5.030) clip=50.0
[DEBUG] train_step 5850: starting episode collection
[DEBUG] train_step 5850: episodes collected, starting value_update
[DEBUG] train_step 5850: value_update done, starting policy_update
[DEBUG] train_step 5850: policy_update done
[step 05900] value_loss=6.682615 policy_loss=-0.486367
[step 05900] VALUE_DEBUG: target(mean=-14.48 std=4.03 min=-24.39 max=1.84) V(s)(mean=-14.18 std=2.49) reward(mean=-0.518 std=3.389) clip=50.0
[step 05900] eval_success_rate=0.000 eval_mean_score=12.140 eval_policy_mode=greedy [solved=0/50, score_range=9.00-15.00/16.0, initial=9.00]
[step 05900] PROGRESS: filled=12.14 violations=0.00 zero_cand=0.00
[step 05900] DEBUG: ep_len=15.6 ep_ret=-14.075 stop_prob=0.000 score_chg=2.2750
[DEBUG] train_step 5900: starting episode collection
[DEBUG] train_step 5900: episodes collected, starting value_update
[DEBUG] train_step 5900: value_update done, starting policy_update
[DEBUG] train_step 5900: policy_update done
[step 05950] value_loss=2.289112 policy_loss=0.318269
[step 05950] VALUE_DEBUG: target(mean=-14.33 std=2.98 min=-18.07 max=-6.19) V(s)(mean=-15.14 std=2.87) reward(mean=-0.170 std=3.146) clip=50.0
[DEBUG] train_step 5950: starting episode collection
[DEBUG] train_step 5950: episodes collected, starting value_update
[DEBUG] train_step 5950: value_update done, starting policy_update
[DEBUG] train_step 5950: policy_update done
[step 06000] value_loss=6.601857 policy_loss=-0.591775
[step 06000] VALUE_DEBUG: target(mean=-16.06 std=3.47 min=-25.73 max=-6.45) V(s)(mean=-15.88 std=1.87) reward(mean=-2.156 std=5.272) clip=50.0
[step 06000] eval_success_rate=0.040 eval_mean_score=12.500 eval_policy_mode=greedy [solved=2/50, score_range=9.00-16.00/16.0, initial=9.00]
[step 06000] PROGRESS: filled=12.50 violations=0.00 zero_cand=0.00
[step 06000] DEBUG: ep_len=15.5 ep_ret=-14.213 stop_prob=0.000 score_chg=2.0625
[Checkpoint] Saved to buiksat_trm/checkpoints/table3_hard_6to8_controlled_nomask_nc_r0_s7/rl_checkpoint_step_6000.pt
[DEBUG] train_step 6000: starting episode collection
[DEBUG] train_step 6000: episodes collected, starting value_update
[DEBUG] train_step 6000: value_update done, starting policy_update
[DEBUG] train_step 6000: policy_update done
[step 06050] value_loss=8.037136 policy_loss=0.626221
[step 06050] VALUE_DEBUG: target(mean=-15.79 std=3.69 min=-25.96 max=-7.93) V(s)(mean=-14.90 std=2.09) reward(mean=-1.131 std=3.792) clip=50.0
[DEBUG] train_step 6050: starting episode collection
[DEBUG] train_step 6050: episodes collected, starting value_update
[DEBUG] train_step 6050: value_update done, starting policy_update
[DEBUG] train_step 6050: policy_update done
[step 06100] value_loss=4.173351 policy_loss=0.885133
[step 06100] VALUE_DEBUG: target(mean=-15.33 std=3.18 min=-25.38 max=-5.41) V(s)(mean=-14.94 std=2.29) reward(mean=-1.509 std=4.294) clip=50.0
[step 06100] eval_success_rate=0.060 eval_mean_score=12.880 eval_policy_mode=greedy [solved=3/50, score_range=10.00-16.00/16.0, initial=9.00]
[step 06100] PROGRESS: filled=12.88 violations=0.00 zero_cand=0.00
[step 06100] DEBUG: ep_len=15.5 ep_ret=-13.896 stop_prob=0.000 score_chg=2.1925
[DEBUG] train_step 6100: starting episode collection
[DEBUG] train_step 6100: episodes collected, starting value_update
[DEBUG] train_step 6100: value_update done, starting policy_update
[DEBUG] train_step 6100: policy_update done
[step 06150] value_loss=3.177665 policy_loss=0.530503
[step 06150] VALUE_DEBUG: target(mean=-15.44 std=2.29 min=-22.89 max=-9.99) V(s)(mean=-15.81 std=1.60) reward(mean=-1.393 std=5.072) clip=50.0
[DEBUG] train_step 6150: starting episode collection
[DEBUG] train_step 6150: episodes collected, starting value_update
[DEBUG] train_step 6150: value_update done, starting policy_update
[DEBUG] train_step 6150: policy_update done
[step 06200] value_loss=5.719673 policy_loss=1.235510
[step 06200] VALUE_DEBUG: target(mean=-14.04 std=3.76 min=-20.60 max=-2.74) V(s)(mean=-14.99 std=2.79) reward(mean=-0.368 std=4.663) clip=50.0
[step 06200] eval_success_rate=0.000 eval_mean_score=12.700 eval_policy_mode=greedy [solved=0/50, score_range=9.00-15.00/16.0, initial=9.00]
[step 06200] PROGRESS: filled=12.70 violations=0.00 zero_cand=0.00
[step 06200] DEBUG: ep_len=15.4 ep_ret=-13.565 stop_prob=0.000 score_chg=2.5875
[DEBUG] train_step 6200: starting episode collection
[DEBUG] train_step 6200: episodes collected, starting value_update
[DEBUG] train_step 6200: value_update done, starting policy_update
[DEBUG] train_step 6200: policy_update done
[step 06250] value_loss=3.317651 policy_loss=0.379192
[step 06250] VALUE_DEBUG: target(mean=-15.42 std=3.30 min=-24.04 max=-4.42) V(s)(mean=-15.16 std=2.18) reward(mean=-1.855 std=5.763) clip=50.0
[DEBUG] train_step 6250: starting episode collection
[DEBUG] train_step 6250: episodes collected, starting value_update
[DEBUG] train_step 6250: value_update done, starting policy_update
[DEBUG] train_step 6250: policy_update done
[step 06300] value_loss=2.652547 policy_loss=-0.056263
[step 06300] VALUE_DEBUG: target(mean=-14.89 std=3.18 min=-21.49 max=-5.73) V(s)(mean=-15.16 std=2.32) reward(mean=0.402 std=1.574) clip=50.0
[step 06300] eval_success_rate=0.040 eval_mean_score=12.660 eval_policy_mode=greedy [solved=2/50, score_range=9.00-16.00/16.0, initial=9.00]
[step 06300] PROGRESS: filled=12.66 violations=0.00 zero_cand=0.00
[step 06300] DEBUG: ep_len=15.5 ep_ret=-13.309 stop_prob=0.000 score_chg=2.6875
[DEBUG] train_step 6300: starting episode collection
[DEBUG] train_step 6300: episodes collected, starting value_update
[DEBUG] train_step 6300: value_update done, starting policy_update
[DEBUG] train_step 6300: policy_update done
[step 06350] value_loss=3.024719 policy_loss=-0.154792
[step 06350] VALUE_DEBUG: target(mean=-15.15 std=2.43 min=-22.93 max=-8.57) V(s)(mean=-15.44 std=1.59) reward(mean=-1.671 std=5.711) clip=50.0
[DEBUG] train_step 6350: starting episode collection
[DEBUG] train_step 6350: episodes collected, starting value_update
[DEBUG] train_step 6350: value_update done, starting policy_update
[DEBUG] train_step 6350: policy_update done
[step 06400] value_loss=3.467205 policy_loss=-0.681445
[step 06400] VALUE_DEBUG: target(mean=-14.90 std=2.26 min=-19.39 max=-9.55) V(s)(mean=-14.55 std=1.82) reward(mean=0.081 std=1.724) clip=50.0
[step 06400] eval_success_rate=0.060 eval_mean_score=12.840 eval_policy_mode=greedy [solved=3/50, score_range=10.00-16.00/16.0, initial=9.00]
[step 06400] PROGRESS: filled=12.84 violations=0.00 zero_cand=0.00
[step 06400] DEBUG: ep_len=15.3 ep_ret=-13.067 stop_prob=0.000 score_chg=2.5400
[DEBUG] train_step 6400: starting episode collection
[DEBUG] train_step 6400: episodes collected, starting value_update
[DEBUG] train_step 6400: value_update done, starting policy_update
[DEBUG] train_step 6400: policy_update done
[step 06450] value_loss=0.999797 policy_loss=-0.124379
[step 06450] VALUE_DEBUG: target(mean=-14.59 std=2.21 min=-18.51 max=-7.92) V(s)(mean=-14.15 std=2.28) reward(mean=-0.139 std=2.974) clip=50.0
[DEBUG] train_step 6450: starting episode collection
[DEBUG] train_step 6450: episodes collected, starting value_update
[DEBUG] train_step 6450: value_update done, starting policy_update
[DEBUG] train_step 6450: policy_update done
[step 06500] value_loss=5.501772 policy_loss=-0.930234
[step 06500] VALUE_DEBUG: target(mean=-15.08 std=4.03 min=-26.74 max=-3.50) V(s)(mean=-14.82 std=3.14) reward(mean=-0.391 std=2.431) clip=50.0
[step 06500] eval_success_rate=0.020 eval_mean_score=12.220 eval_policy_mode=greedy [solved=1/50, score_range=9.00-16.00/16.0, initial=9.00]
[step 06500] PROGRESS: filled=12.22 violations=0.00 zero_cand=0.00
[step 06500] DEBUG: ep_len=15.2 ep_ret=-12.857 stop_prob=0.000 score_chg=2.7700
[DEBUG] train_step 6500: starting episode collection
[DEBUG] train_step 6500: episodes collected, starting value_update
[DEBUG] train_step 6500: value_update done, starting policy_update
[DEBUG] train_step 6500: policy_update done
[step 06550] value_loss=3.171864 policy_loss=-0.800469
[step 06550] VALUE_DEBUG: target(mean=-13.52 std=4.63 min=-18.13 max=1.84) V(s)(mean=-13.92 std=3.96) reward(mean=-1.022 std=4.268) clip=50.0
[DEBUG] train_step 6550: starting episode collection
[DEBUG] train_step 6550: episodes collected, starting value_update
[DEBUG] train_step 6550: value_update done, starting policy_update
[DEBUG] train_step 6550: policy_update done
[step 06600] value_loss=3.568240 policy_loss=0.917662
[step 06600] VALUE_DEBUG: target(mean=-15.08 std=3.16 min=-21.74 max=-6.17) V(s)(mean=-14.77 std=2.80) reward(mean=-1.390 std=4.216) clip=50.0
[step 06600] eval_success_rate=0.060 eval_mean_score=12.640 eval_policy_mode=greedy [solved=3/50, score_range=9.00-16.00/16.0, initial=9.00]
[step 06600] PROGRESS: filled=12.64 violations=0.00 zero_cand=0.00
[step 06600] DEBUG: ep_len=15.2 ep_ret=-12.880 stop_prob=0.000 score_chg=2.4125
[DEBUG] train_step 6600: starting episode collection
[DEBUG] train_step 6600: episodes collected, starting value_update
[DEBUG] train_step 6600: value_update done, starting policy_update
[DEBUG] train_step 6600: policy_update done
[step 06650] value_loss=4.129355 policy_loss=0.295153
[step 06650] VALUE_DEBUG: target(mean=-15.06 std=2.95 min=-22.56 max=-7.31) V(s)(mean=-14.30 std=2.11) reward(mean=-2.045 std=5.632) clip=50.0
[DEBUG] train_step 6650: starting episode collection
[DEBUG] train_step 6650: episodes collected, starting value_update
[DEBUG] train_step 6650: value_update done, starting policy_update
[DEBUG] train_step 6650: policy_update done
[step 06700] value_loss=4.156674 policy_loss=-0.502814
[step 06700] VALUE_DEBUG: target(mean=-15.13 std=3.21 min=-23.08 max=-3.68) V(s)(mean=-14.79 std=2.60) reward(mean=-0.985 std=4.351) clip=50.0
[step 06700] eval_success_rate=0.100 eval_mean_score=12.860 eval_policy_mode=greedy [solved=5/50, score_range=10.00-16.00/16.0, initial=9.00]
[step 06700] PROGRESS: filled=12.86 violations=0.00 zero_cand=0.00
[step 06700] DEBUG: ep_len=15.4 ep_ret=-13.069 stop_prob=0.000 score_chg=2.7000
[DEBUG] train_step 6700: starting episode collection
[DEBUG] train_step 6700: episodes collected, starting value_update
[DEBUG] train_step 6700: value_update done, starting policy_update
[DEBUG] train_step 6700: policy_update done
[step 06750] value_loss=4.197656 policy_loss=-0.176968
[step 06750] VALUE_DEBUG: target(mean=-15.02 std=2.64 min=-24.04 max=-9.75) V(s)(mean=-14.75 std=1.84) reward(mean=-1.924 std=6.477) clip=50.0
[DEBUG] train_step 6750: starting episode collection
[DEBUG] train_step 6750: episodes collected, starting value_update
[DEBUG] train_step 6750: value_update done, starting policy_update
[DEBUG] train_step 6750: policy_update done
[step 06800] value_loss=1.596758 policy_loss=0.505032
[step 06800] VALUE_DEBUG: target(mean=-15.47 std=1.74 min=-18.37 max=-9.64) V(s)(mean=-15.46 std=1.30) reward(mean=-0.590 std=3.112) clip=50.0
[step 06800] eval_success_rate=0.100 eval_mean_score=13.200 eval_policy_mode=greedy [solved=5/50, score_range=10.00-16.00/16.0, initial=9.00]
[step 06800] PROGRESS: filled=13.20 violations=0.00 zero_cand=0.00
[step 06800] DEBUG: ep_len=15.1 ep_ret=-12.327 stop_prob=0.000 score_chg=3.0375
[DEBUG] train_step 6800: starting episode collection
[DEBUG] train_step 6800: episodes collected, starting value_update
[DEBUG] train_step 6800: value_update done, starting policy_update
[DEBUG] train_step 6800: policy_update done
[step 06850] value_loss=8.290188 policy_loss=-0.535023
[step 06850] VALUE_DEBUG: target(mean=-13.61 std=6.34 min=-25.34 max=3.32) V(s)(mean=-13.49 std=5.00) reward(mean=-0.458 std=4.138) clip=50.0
[DEBUG] train_step 6850: starting episode collection
[DEBUG] train_step 6850: episodes collected, starting value_update
[DEBUG] train_step 6850: value_update done, starting policy_update
[DEBUG] train_step 6850: policy_update done
[step 06900] value_loss=4.708315 policy_loss=-0.233947
[step 06900] VALUE_DEBUG: target(mean=-13.84 std=5.00 min=-24.46 max=1.84) V(s)(mean=-12.89 std=4.03) reward(mean=-0.293 std=2.021) clip=50.0
[step 06900] eval_success_rate=0.140 eval_mean_score=12.660 eval_policy_mode=greedy [solved=7/50, score_range=9.00-16.00/16.0, initial=9.00]
[step 06900] PROGRESS: filled=12.66 violations=0.00 zero_cand=0.00
[step 06900] DEBUG: ep_len=14.9 ep_ret=-11.910 stop_prob=0.000 score_chg=2.8625
[DEBUG] train_step 6900: starting episode collection
[DEBUG] train_step 6900: episodes collected, starting value_update
[DEBUG] train_step 6900: value_update done, starting policy_update
[DEBUG] train_step 6900: policy_update done
[step 06950] value_loss=5.558402 policy_loss=0.494167
[step 06950] VALUE_DEBUG: target(mean=-13.98 std=3.23 min=-20.18 max=-4.48) V(s)(mean=-14.37 std=3.14) reward(mean=-2.211 std=6.408) clip=50.0
[DEBUG] train_step 6950: starting episode collection
[DEBUG] train_step 6950: episodes collected, starting value_update
[DEBUG] train_step 6950: value_update done, starting policy_update
[DEBUG] train_step 6950: policy_update done
[step 07000] value_loss=9.117540 policy_loss=0.830708
[step 07000] VALUE_DEBUG: target(mean=-13.59 std=4.55 min=-22.07 max=-0.95) V(s)(mean=-13.93 std=4.00) reward(mean=-0.507 std=4.505) clip=50.0
[step 07000] eval_success_rate=0.100 eval_mean_score=12.980 eval_policy_mode=greedy [solved=5/50, score_range=9.00-16.00/16.0, initial=9.00]
[step 07000] PROGRESS: filled=12.98 violations=0.00 zero_cand=0.00
[step 07000] DEBUG: ep_len=15.0 ep_ret=-11.546 stop_prob=0.000 score_chg=3.0675
[Checkpoint] Saved to buiksat_trm/checkpoints/table3_hard_6to8_controlled_nomask_nc_r0_s7/rl_checkpoint_step_7000.pt
[DEBUG] train_step 7000: starting episode collection
[DEBUG] train_step 7000: episodes collected, starting value_update
[DEBUG] train_step 7000: value_update done, starting policy_update
[DEBUG] train_step 7000: policy_update done
[step 07050] value_loss=12.031024 policy_loss=0.516214
[step 07050] VALUE_DEBUG: target(mean=-15.23 std=4.53 min=-26.05 max=-1.82) V(s)(mean=-14.17 std=2.61) reward(mean=-1.321 std=4.274) clip=50.0
[DEBUG] train_step 7050: starting episode collection
[DEBUG] train_step 7050: episodes collected, starting value_update
[DEBUG] train_step 7050: value_update done, starting policy_update
[DEBUG] train_step 7050: policy_update done
[step 07100] value_loss=12.033989 policy_loss=-0.805591
[step 07100] VALUE_DEBUG: target(mean=-13.95 std=5.64 min=-25.25 max=2.33) V(s)(mean=-14.03 std=3.86) reward(mean=-0.705 std=5.354) clip=50.0
[step 07100] eval_success_rate=0.120 eval_mean_score=13.100 eval_policy_mode=greedy [solved=6/50, score_range=9.00-16.00/16.0, initial=9.00]
[step 07100] PROGRESS: filled=13.10 violations=0.00 zero_cand=0.00
[step 07100] DEBUG: ep_len=14.9 ep_ret=-11.438 stop_prob=0.000 score_chg=3.3250
[DEBUG] train_step 7100: starting episode collection
[DEBUG] train_step 7100: episodes collected, starting value_update
[DEBUG] train_step 7100: value_update done, starting policy_update
[DEBUG] train_step 7100: policy_update done
[step 07150] value_loss=9.194031 policy_loss=0.716923
[step 07150] VALUE_DEBUG: target(mean=-13.79 std=4.87 min=-24.89 max=0.18) V(s)(mean=-13.58 std=4.53) reward(mean=-1.168 std=4.894) clip=50.0
[DEBUG] train_step 7150: starting episode collection
[DEBUG] train_step 7150: episodes collected, starting value_update
[DEBUG] train_step 7150: value_update done, starting policy_update
[DEBUG] train_step 7150: policy_update done
[step 07200] value_loss=2.105843 policy_loss=0.312971
[step 07200] VALUE_DEBUG: target(mean=-14.43 std=2.84 min=-16.79 max=-2.44) V(s)(mean=-14.49 std=2.61) reward(mean=-0.128 std=3.280) clip=50.0
[step 07200] eval_success_rate=0.100 eval_mean_score=12.820 eval_policy_mode=greedy [solved=5/50, score_range=10.00-16.00/16.0, initial=9.00]
[step 07200] PROGRESS: filled=12.82 violations=0.00 zero_cand=0.00
[step 07200] DEBUG: ep_len=15.2 ep_ret=-12.254 stop_prob=0.000 score_chg=3.0550
[DEBUG] train_step 7200: starting episode collection
[DEBUG] train_step 7200: episodes collected, starting value_update
[DEBUG] train_step 7200: value_update done, starting policy_update
[DEBUG] train_step 7200: policy_update done
[step 07250] value_loss=8.490751 policy_loss=0.497368
[step 07250] VALUE_DEBUG: target(mean=-13.66 std=4.52 min=-17.39 max=1.84) V(s)(mean=-14.97 std=3.20) reward(mean=-1.423 std=5.082) clip=50.0
[DEBUG] train_step 7250: starting episode collection
[DEBUG] train_step 7250: episodes collected, starting value_update
[DEBUG] train_step 7250: value_update done, starting policy_update
[DEBUG] train_step 7250: policy_update done
[step 07300] value_loss=7.245243 policy_loss=0.103399
[step 07300] VALUE_DEBUG: target(mean=-13.13 std=4.08 min=-18.80 max=-0.08) V(s)(mean=-13.06 std=4.05) reward(mean=-0.460 std=4.744) clip=50.0
[step 07300] eval_success_rate=0.120 eval_mean_score=12.940 eval_policy_mode=greedy [solved=6/50, score_range=10.00-16.00/16.0, initial=9.00]
[step 07300] PROGRESS: filled=12.94 violations=0.00 zero_cand=0.00
[step 07300] DEBUG: ep_len=14.8 ep_ret=-11.428 stop_prob=0.000 score_chg=3.1475
[DEBUG] train_step 7300: starting episode collection
[DEBUG] train_step 7300: episodes collected, starting value_update
[DEBUG] train_step 7300: value_update done, starting policy_update
[DEBUG] train_step 7300: policy_update done
[step 07350] value_loss=9.742920 policy_loss=2.274374
[step 07350] VALUE_DEBUG: target(mean=-13.20 std=4.51 min=-19.67 max=1.84) V(s)(mean=-13.97 std=3.36) reward(mean=0.731 std=2.468) clip=50.0
[DEBUG] train_step 7350: starting episode collection
[DEBUG] train_step 7350: episodes collected, starting value_update
[DEBUG] train_step 7350: value_update done, starting policy_update
[DEBUG] train_step 7350: policy_update done
[step 07400] value_loss=5.241095 policy_loss=0.861903
[step 07400] VALUE_DEBUG: target(mean=-14.03 std=3.90 min=-23.06 max=-5.05) V(s)(mean=-14.00 std=3.60) reward(mean=-0.165 std=2.454) clip=50.0
[step 07400] eval_success_rate=0.140 eval_mean_score=13.220 eval_policy_mode=greedy [solved=7/50, score_range=10.00-16.00/16.0, initial=9.00]
[step 07400] PROGRESS: filled=13.22 violations=0.00 zero_cand=0.00
[step 07400] DEBUG: ep_len=14.5 ep_ret=-10.110 stop_prob=0.000 score_chg=3.5600
[DEBUG] train_step 7400: starting episode collection
[DEBUG] train_step 7400: episodes collected, starting value_update
[DEBUG] train_step 7400: value_update done, starting policy_update
[DEBUG] train_step 7400: policy_update done
[step 07450] value_loss=2.444998 policy_loss=-0.913419
[step 07450] VALUE_DEBUG: target(mean=-14.74 std=3.75 min=-21.08 max=1.84) V(s)(mean=-14.61 std=3.10) reward(mean=-1.682 std=5.367) clip=50.0
[DEBUG] train_step 7450: starting episode collection
[DEBUG] train_step 7450: episodes collected, starting value_update
[DEBUG] train_step 7450: value_update done, starting policy_update
[DEBUG] train_step 7450: policy_update done
[step 07500] value_loss=6.703913 policy_loss=0.551389
[step 07500] VALUE_DEBUG: target(mean=-14.37 std=4.38 min=-23.28 max=1.84) V(s)(mean=-14.41 std=3.47) reward(mean=-0.267 std=2.756) clip=50.0
[step 07500] eval_success_rate=0.100 eval_mean_score=13.500 eval_policy_mode=greedy [solved=5/50, score_range=10.00-16.00/16.0, initial=9.00]
[step 07500] PROGRESS: filled=13.50 violations=0.00 zero_cand=0.00
[step 07500] DEBUG: ep_len=14.9 ep_ret=-11.811 stop_prob=0.000 score_chg=3.0275
[DEBUG] train_step 7500: starting episode collection
[DEBUG] train_step 7500: episodes collected, starting value_update
[DEBUG] train_step 7500: value_update done, starting policy_update
[DEBUG] train_step 7500: policy_update done
[step 07550] value_loss=3.318905 policy_loss=-0.019143
[step 07550] VALUE_DEBUG: target(mean=-12.16 std=4.96 min=-17.98 max=0.93) V(s)(mean=-12.90 std=4.44) reward(mean=-0.057 std=4.447) clip=50.0
[DEBUG] train_step 7550: starting episode collection
[DEBUG] train_step 7550: episodes collected, starting value_update
[DEBUG] train_step 7550: value_update done, starting policy_update
[DEBUG] train_step 7550: policy_update done
[step 07600] value_loss=6.610326 policy_loss=0.267297
[step 07600] VALUE_DEBUG: target(mean=-12.92 std=5.26 min=-22.47 max=1.84) V(s)(mean=-12.72 std=4.20) reward(mean=0.006 std=2.274) clip=50.0
[step 07600] eval_success_rate=0.080 eval_mean_score=13.100 eval_policy_mode=greedy [solved=4/50, score_range=10.00-16.00/16.0, initial=9.00]
[step 07600] PROGRESS: filled=13.10 violations=0.00 zero_cand=0.00
[step 07600] DEBUG: ep_len=15.0 ep_ret=-11.474 stop_prob=0.000 score_chg=3.5550
[DEBUG] train_step 7600: starting episode collection
[DEBUG] train_step 7600: episodes collected, starting value_update
[DEBUG] train_step 7600: value_update done, starting policy_update
[DEBUG] train_step 7600: policy_update done
[step 07650] value_loss=8.889283 policy_loss=-0.724449
[step 07650] VALUE_DEBUG: target(mean=-12.49 std=4.66 min=-17.44 max=1.84) V(s)(mean=-13.63 std=3.72) reward(mean=0.011 std=2.996) clip=50.0
[DEBUG] train_step 7650: starting episode collection
[DEBUG] train_step 7650: episodes collected, starting value_update
[DEBUG] train_step 7650: value_update done, starting policy_update
[DEBUG] train_step 7650: policy_update done
[step 07700] value_loss=10.888159 policy_loss=-0.068630
[step 07700] VALUE_DEBUG: target(mean=-13.69 std=4.75 min=-19.76 max=6.84) V(s)(mean=-13.74 std=2.78) reward(mean=-1.336 std=4.523) clip=50.0
[step 07700] eval_success_rate=0.080 eval_mean_score=13.240 eval_policy_mode=greedy [solved=4/50, score_range=11.00-16.00/16.0, initial=9.00]
[step 07700] PROGRESS: filled=13.24 violations=0.00 zero_cand=0.00
[step 07700] DEBUG: ep_len=14.9 ep_ret=-11.807 stop_prob=0.000 score_chg=3.1175
[DEBUG] train_step 7700: starting episode collection
[DEBUG] train_step 7700: episodes collected, starting value_update
[DEBUG] train_step 7700: value_update done, starting policy_update
[DEBUG] train_step 7700: policy_update done
[step 07750] value_loss=11.016292 policy_loss=0.856267
[step 07750] VALUE_DEBUG: target(mean=-12.55 std=5.18 min=-19.81 max=6.84) V(s)(mean=-13.06 std=3.67) reward(mean=-0.863 std=5.318) clip=50.0
[DEBUG] train_step 7750: starting episode collection
[DEBUG] train_step 7750: episodes collected, starting value_update
[DEBUG] train_step 7750: value_update done, starting policy_update
[DEBUG] train_step 7750: policy_update done
[step 07800] value_loss=8.661296 policy_loss=0.627383
[step 07800] VALUE_DEBUG: target(mean=-13.29 std=3.87 min=-18.59 max=-3.86) V(s)(mean=-14.35 std=2.56) reward(mean=0.518 std=2.598) clip=50.0
[step 07800] eval_success_rate=0.100 eval_mean_score=12.760 eval_policy_mode=greedy [solved=5/50, score_range=9.00-16.00/16.0, initial=9.00]
[step 07800] PROGRESS: filled=12.76 violations=0.00 zero_cand=0.00
[step 07800] DEBUG: ep_len=14.9 ep_ret=-11.438 stop_prob=0.000 score_chg=3.2250
[DEBUG] train_step 7800: starting episode collection
[DEBUG] train_step 7800: episodes collected, starting value_update
[DEBUG] train_step 7800: value_update done, starting policy_update
[DEBUG] train_step 7800: policy_update done
[step 07850] value_loss=3.817997 policy_loss=-0.278094
[step 07850] VALUE_DEBUG: target(mean=-12.96 std=4.42 min=-23.48 max=-1.22) V(s)(mean=-13.13 std=3.78) reward(mean=-0.206 std=3.745) clip=50.0
[DEBUG] train_step 7850: starting episode collection
[DEBUG] train_step 7850: episodes collected, starting value_update
[DEBUG] train_step 7850: value_update done, starting policy_update
[DEBUG] train_step 7850: policy_update done
[step 07900] value_loss=7.260538 policy_loss=0.436651
[step 07900] VALUE_DEBUG: target(mean=-13.61 std=3.95 min=-25.54 max=0.10) V(s)(mean=-14.49 std=2.82) reward(mean=-1.387 std=5.289) clip=50.0
[step 07900] eval_success_rate=0.200 eval_mean_score=12.960 eval_policy_mode=greedy [solved=10/50, score_range=10.00-16.00/16.0, initial=9.00]
[step 07900] PROGRESS: filled=12.96 violations=0.00 zero_cand=0.00
[step 07900] DEBUG: ep_len=14.6 ep_ret=-11.149 stop_prob=0.000 score_chg=3.1200
[DEBUG] train_step 7900: starting episode collection
[DEBUG] train_step 7900: episodes collected, starting value_update
[DEBUG] train_step 7900: value_update done, starting policy_update
[DEBUG] train_step 7900: policy_update done
[step 07950] value_loss=6.279644 policy_loss=0.547528
[step 07950] VALUE_DEBUG: target(mean=-13.43 std=4.93 min=-24.99 max=6.84) V(s)(mean=-12.95 std=4.16) reward(mean=-1.329 std=5.535) clip=50.0
[DEBUG] train_step 7950: starting episode collection
[DEBUG] train_step 7950: episodes collected, starting value_update
[DEBUG] train_step 7950: value_update done, starting policy_update
[DEBUG] train_step 7950: policy_update done
[step 08000] value_loss=2.932575 policy_loss=0.256620
[step 08000] VALUE_DEBUG: target(mean=-14.05 std=2.65 min=-18.09 max=-7.57) V(s)(mean=-12.96 std=2.23) reward(mean=-1.955 std=5.671) clip=50.0
[step 08000] eval_success_rate=0.100 eval_mean_score=12.520 eval_policy_mode=greedy [solved=5/50, score_range=10.00-16.00/16.0, initial=9.00]
[step 08000] PROGRESS: filled=12.52 violations=0.00 zero_cand=0.00
[step 08000] DEBUG: ep_len=14.8 ep_ret=-11.712 stop_prob=0.000 score_chg=2.9475
[Checkpoint] Saved to buiksat_trm/checkpoints/table3_hard_6to8_controlled_nomask_nc_r0_s7/rl_checkpoint_step_8000.pt
[DEBUG] train_step 8000: starting episode collection
[DEBUG] train_step 8000: episodes collected, starting value_update
[DEBUG] train_step 8000: value_update done, starting policy_update
[DEBUG] train_step 8000: policy_update done
[step 08050] value_loss=4.866095 policy_loss=0.300509
[step 08050] VALUE_DEBUG: target(mean=-11.94 std=4.53 min=-17.44 max=0.95) V(s)(mean=-12.72 std=4.16) reward(mean=-0.279 std=4.941) clip=50.0
[DEBUG] train_step 8050: starting episode collection
[DEBUG] train_step 8050: episodes collected, starting value_update
[DEBUG] train_step 8050: value_update done, starting policy_update
[DEBUG] train_step 8050: policy_update done
[step 08100] value_loss=8.095027 policy_loss=0.117728
[step 08100] VALUE_DEBUG: target(mean=-13.30 std=5.33 min=-23.66 max=5.94) V(s)(mean=-13.37 std=4.53) reward(mean=0.333 std=2.877) clip=50.0
[step 08100] eval_success_rate=0.120 eval_mean_score=13.060 eval_policy_mode=greedy [solved=6/50, score_range=11.00-16.00/16.0, initial=9.00]
[step 08100] PROGRESS: filled=13.06 violations=0.00 zero_cand=0.00
[step 08100] DEBUG: ep_len=14.7 ep_ret=-11.582 stop_prob=0.000 score_chg=2.7900
[DEBUG] train_step 8100: starting episode collection
[DEBUG] train_step 8100: episodes collected, starting value_update
[DEBUG] train_step 8100: value_update done, starting policy_update
[DEBUG] train_step 8100: policy_update done
[step 08150] value_loss=1.533772 policy_loss=-0.244749
[step 08150] VALUE_DEBUG: target(mean=-13.36 std=4.14 min=-18.06 max=1.00) V(s)(mean=-13.74 std=3.95) reward(mean=0.009 std=3.138) clip=50.0
[DEBUG] train_step 8150: starting episode collection
[DEBUG] train_step 8150: episodes collected, starting value_update
[DEBUG] train_step 8150: value_update done, starting policy_update
[DEBUG] train_step 8150: policy_update done
[step 08200] value_loss=11.182030 policy_loss=-0.122312
[step 08200] VALUE_DEBUG: target(mean=-13.18 std=5.51 min=-21.94 max=6.84) V(s)(mean=-13.55 std=3.85) reward(mean=-0.898 std=4.423) clip=50.0
[step 08200] eval_success_rate=0.140 eval_mean_score=13.040 eval_policy_mode=greedy [solved=7/50, score_range=10.00-16.00/16.0, initial=9.00]
[step 08200] PROGRESS: filled=13.04 violations=0.00 zero_cand=0.00
[step 08200] DEBUG: ep_len=14.8 ep_ret=-11.309 stop_prob=0.000 score_chg=3.3775
[DEBUG] train_step 8200: starting episode collection
[DEBUG] train_step 8200: episodes collected, starting value_update
[DEBUG] train_step 8200: value_update done, starting policy_update
[DEBUG] train_step 8200: policy_update done
[step 08250] value_loss=12.563029 policy_loss=0.236116
[step 08250] VALUE_DEBUG: target(mean=-11.27 std=5.98 min=-24.23 max=1.84) V(s)(mean=-12.15 std=4.57) reward(mean=-0.990 std=6.527) clip=50.0
[DEBUG] train_step 8250: starting episode collection
[DEBUG] train_step 8250: episodes collected, starting value_update
[DEBUG] train_step 8250: value_update done, starting policy_update
[DEBUG] train_step 8250: policy_update done
[step 08300] value_loss=5.483251 policy_loss=0.255365
[step 08300] VALUE_DEBUG: target(mean=-14.22 std=3.92 min=-20.83 max=0.29) V(s)(mean=-13.54 std=3.43) reward(mean=-1.822 std=4.742) clip=50.0
[step 08300] eval_success_rate=0.160 eval_mean_score=13.240 eval_policy_mode=greedy [solved=8/50, score_range=10.00-16.00/16.0, initial=9.00]
[step 08300] PROGRESS: filled=13.24 violations=0.00 zero_cand=0.00
[step 08300] DEBUG: ep_len=14.8 ep_ret=-11.509 stop_prob=0.000 score_chg=3.1050
[DEBUG] train_step 8300: starting episode collection
[DEBUG] train_step 8300: episodes collected, starting value_update
[DEBUG] train_step 8300: value_update done, starting policy_update
[DEBUG] train_step 8300: policy_update done
[step 08350] value_loss=5.759723 policy_loss=0.277798
[step 08350] VALUE_DEBUG: target(mean=-14.14 std=3.81 min=-20.42 max=-5.30) V(s)(mean=-14.49 std=2.70) reward(mean=0.540 std=2.820) clip=50.0
[DEBUG] train_step 8350: starting episode collection
[DEBUG] train_step 8350: episodes collected, starting value_update
[DEBUG] train_step 8350: value_update done, starting policy_update
[DEBUG] train_step 8350: policy_update done
[step 08400] value_loss=7.379597 policy_loss=-0.361468
[step 08400] VALUE_DEBUG: target(mean=-13.21 std=4.55 min=-18.25 max=1.84) V(s)(mean=-13.76 std=3.52) reward(mean=-0.686 std=4.346) clip=50.0
[step 08400] eval_success_rate=0.200 eval_mean_score=12.660 eval_policy_mode=greedy [solved=10/50, score_range=10.00-16.00/16.0, initial=9.00]
[step 08400] PROGRESS: filled=12.66 violations=0.00 zero_cand=0.00
[step 08400] DEBUG: ep_len=14.5 ep_ret=-10.459 stop_prob=0.000 score_chg=3.4325
[DEBUG] train_step 8400: starting episode collection
[DEBUG] train_step 8400: episodes collected, starting value_update
[DEBUG] train_step 8400: value_update done, starting policy_update
[DEBUG] train_step 8400: policy_update done
[step 08450] value_loss=2.672289 policy_loss=0.266420
[step 08450] VALUE_DEBUG: target(mean=-11.62 std=4.52 min=-16.28 max=1.84) V(s)(mean=-12.19 std=4.62) reward(mean=0.223 std=3.333) clip=50.0
[DEBUG] train_step 8450: starting episode collection
[DEBUG] train_step 8450: episodes collected, starting value_update
[DEBUG] train_step 8450: value_update done, starting policy_update
[DEBUG] train_step 8450: policy_update done
[step 08500] value_loss=5.430460 policy_loss=1.085302
[step 08500] VALUE_DEBUG: target(mean=-13.56 std=3.70 min=-18.52 max=0.60) V(s)(mean=-13.00 std=3.78) reward(mean=-1.076 std=4.570) clip=50.0
[step 08500] eval_success_rate=0.140 eval_mean_score=12.580 eval_policy_mode=greedy [solved=7/50, score_range=9.00-16.00/16.0, initial=9.00]
[step 08500] PROGRESS: filled=12.58 violations=0.00 zero_cand=0.00
[step 08500] DEBUG: ep_len=14.6 ep_ret=-10.839 stop_prob=0.000 score_chg=3.2575
[DEBUG] train_step 8500: starting episode collection
[DEBUG] train_step 8500: episodes collected, starting value_update
[DEBUG] train_step 8500: value_update done, starting policy_update
[DEBUG] train_step 8500: policy_update done
[step 08550] value_loss=7.965676 policy_loss=0.127041
[step 08550] VALUE_DEBUG: target(mean=-13.18 std=4.50 min=-24.84 max=1.84) V(s)(mean=-13.87 std=3.31) reward(mean=-0.357 std=4.804) clip=50.0
[DEBUG] train_step 8550: starting episode collection
[DEBUG] train_step 8550: episodes collected, starting value_update
[DEBUG] train_step 8550: value_update done, starting policy_update
[DEBUG] train_step 8550: policy_update done
[step 08600] value_loss=11.643238 policy_loss=0.381513
[step 08600] VALUE_DEBUG: target(mean=-13.75 std=6.04 min=-24.74 max=1.93) V(s)(mean=-12.85 std=4.84) reward(mean=-1.354 std=5.160) clip=50.0
[step 08600] eval_success_rate=0.200 eval_mean_score=13.040 eval_policy_mode=greedy [solved=10/50, score_range=10.00-16.00/16.0, initial=9.00]
[step 08600] PROGRESS: filled=13.04 violations=0.00 zero_cand=0.00
[step 08600] DEBUG: ep_len=14.8 ep_ret=-11.766 stop_prob=0.000 score_chg=3.0250
[DEBUG] train_step 8600: starting episode collection
[DEBUG] train_step 8600: episodes collected, starting value_update
[DEBUG] train_step 8600: value_update done, starting policy_update
[DEBUG] train_step 8600: policy_update done
[step 08650] value_loss=11.416547 policy_loss=-0.065380
[step 08650] VALUE_DEBUG: target(mean=-14.16 std=6.05 min=-25.56 max=2.04) V(s)(mean=-13.37 std=5.25) reward(mean=-2.943 std=5.254) clip=50.0
[DEBUG] train_step 8650: starting episode collection
[DEBUG] train_step 8650: episodes collected, starting value_update
[DEBUG] train_step 8650: value_update done, starting policy_update
[DEBUG] train_step 8650: policy_update done
[step 08700] value_loss=2.650983 policy_loss=-0.687135
[step 08700] VALUE_DEBUG: target(mean=-13.71 std=4.44 min=-19.45 max=1.84) V(s)(mean=-13.28 std=4.12) reward(mean=-0.905 std=3.759) clip=50.0
[step 08700] eval_success_rate=0.200 eval_mean_score=12.880 eval_policy_mode=greedy [solved=10/50, score_range=10.00-16.00/16.0, initial=9.00]
[step 08700] PROGRESS: filled=12.88 violations=0.00 zero_cand=0.00
[step 08700] DEBUG: ep_len=14.5 ep_ret=-11.165 stop_prob=0.000 score_chg=2.8450
[DEBUG] train_step 8700: starting episode collection
[DEBUG] train_step 8700: episodes collected, starting value_update
[DEBUG] train_step 8700: value_update done, starting policy_update
[DEBUG] train_step 8700: policy_update done
[step 08750] value_loss=5.799342 policy_loss=-0.720437
[step 08750] VALUE_DEBUG: target(mean=-12.13 std=5.16 min=-19.77 max=1.84) V(s)(mean=-12.77 std=4.24) reward(mean=0.728 std=2.791) clip=50.0
[DEBUG] train_step 8750: starting episode collection
[DEBUG] train_step 8750: episodes collected, starting value_update
[DEBUG] train_step 8750: value_update done, starting policy_update
[DEBUG] train_step 8750: policy_update done
[step 08800] value_loss=5.135777 policy_loss=0.152178
[step 08800] VALUE_DEBUG: target(mean=-13.59 std=5.78 min=-25.13 max=2.35) V(s)(mean=-13.17 std=4.97) reward(mean=-1.797 std=5.059) clip=50.0
[step 08800] eval_success_rate=0.160 eval_mean_score=12.720 eval_policy_mode=greedy [solved=8/50, score_range=9.00-16.00/16.0, initial=9.00]
[step 08800] PROGRESS: filled=12.72 violations=0.00 zero_cand=0.00
[step 08800] DEBUG: ep_len=14.4 ep_ret=-10.772 stop_prob=0.000 score_chg=3.1025
[DEBUG] train_step 8800: starting episode collection
[DEBUG] train_step 8800: episodes collected, starting value_update
[DEBUG] train_step 8800: value_update done, starting policy_update
[DEBUG] train_step 8800: policy_update done
[step 08850] value_loss=5.349515 policy_loss=0.054258
[step 08850] VALUE_DEBUG: target(mean=-13.81 std=4.98 min=-22.64 max=2.38) V(s)(mean=-13.59 std=4.18) reward(mean=-1.649 std=6.079) clip=50.0
[DEBUG] train_step 8850: starting episode collection
[DEBUG] train_step 8850: episodes collected, starting value_update
[DEBUG] train_step 8850: value_update done, starting policy_update
[DEBUG] train_step 8850: policy_update done
[step 08900] value_loss=4.429777 policy_loss=-1.181263
[step 08900] VALUE_DEBUG: target(mean=-13.33 std=4.19 min=-18.15 max=2.48) V(s)(mean=-13.32 std=4.03) reward(mean=-0.455 std=3.387) clip=50.0
[step 08900] eval_success_rate=0.200 eval_mean_score=12.980 eval_policy_mode=greedy [solved=10/50, score_range=9.00-16.00/16.0, initial=9.00]
[step 08900] PROGRESS: filled=12.98 violations=0.00 zero_cand=0.00
[step 08900] DEBUG: ep_len=14.6 ep_ret=-10.771 stop_prob=0.000 score_chg=3.3900
[DEBUG] train_step 8900: starting episode collection
[DEBUG] train_step 8900: episodes collected, starting value_update
[DEBUG] train_step 8900: value_update done, starting policy_update
[DEBUG] train_step 8900: policy_update done
[step 08950] value_loss=9.528019 policy_loss=-0.571712
[step 08950] VALUE_DEBUG: target(mean=-14.58 std=5.52 min=-25.17 max=1.55) V(s)(mean=-13.77 std=3.91) reward(mean=-1.735 std=5.050) clip=50.0
[DEBUG] train_step 8950: starting episode collection
[DEBUG] train_step 8950: episodes collected, starting value_update
[DEBUG] train_step 8950: value_update done, starting policy_update
[DEBUG] train_step 8950: policy_update done
[step 09000] value_loss=7.953070 policy_loss=0.060569
[step 09000] VALUE_DEBUG: target(mean=-12.05 std=5.56 min=-23.58 max=2.76) V(s)(mean=-12.12 std=6.16) reward(mean=-0.290 std=2.770) clip=50.0
[step 09000] eval_success_rate=0.160 eval_mean_score=12.800 eval_policy_mode=greedy [solved=8/50, score_range=9.00-16.00/16.0, initial=9.00]
[step 09000] PROGRESS: filled=12.80 violations=0.00 zero_cand=0.00
[step 09000] DEBUG: ep_len=14.5 ep_ret=-11.295 stop_prob=0.000 score_chg=2.8725
[Checkpoint] Saved to buiksat_trm/checkpoints/table3_hard_6to8_controlled_nomask_nc_r0_s7/rl_checkpoint_step_9000.pt
[DEBUG] train_step 9000: starting episode collection
[DEBUG] train_step 9000: episodes collected, starting value_update
[DEBUG] train_step 9000: value_update done, starting policy_update
[DEBUG] train_step 9000: policy_update done
[step 09050] value_loss=11.849577 policy_loss=0.229831
[step 09050] VALUE_DEBUG: target(mean=-13.68 std=5.59 min=-23.86 max=1.84) V(s)(mean=-13.01 std=4.03) reward(mean=-0.598 std=3.476) clip=50.0
[DEBUG] train_step 9050: starting episode collection
[DEBUG] train_step 9050: episodes collected, starting value_update
[DEBUG] train_step 9050: value_update done, starting policy_update
[DEBUG] train_step 9050: policy_update done
[step 09100] value_loss=1.764743 policy_loss=0.704502
[step 09100] VALUE_DEBUG: target(mean=-14.36 std=2.19 min=-17.72 max=-9.52) V(s)(mean=-14.05 std=1.74) reward(mean=-1.621 std=5.168) clip=50.0
[step 09100] eval_success_rate=0.200 eval_mean_score=13.100 eval_policy_mode=greedy [solved=10/50, score_range=9.00-16.00/16.0, initial=9.00]
[step 09100] PROGRESS: filled=13.10 violations=0.00 zero_cand=0.00
[step 09100] DEBUG: ep_len=14.5 ep_ret=-11.080 stop_prob=0.000 score_chg=3.0900
[DEBUG] train_step 9100: starting episode collection
[DEBUG] train_step 9100: episodes collected, starting value_update
[DEBUG] train_step 9100: value_update done, starting policy_update
[DEBUG] train_step 9100: policy_update done
[step 09150] value_loss=1.631647 policy_loss=-0.692587
[step 09150] VALUE_DEBUG: target(mean=-13.37 std=4.53 min=-21.95 max=1.84) V(s)(mean=-13.08 std=4.27) reward(mean=-0.703 std=4.194) clip=50.0
[DEBUG] train_step 9150: starting episode collection
[DEBUG] train_step 9150: episodes collected, starting value_update
[DEBUG] train_step 9150: value_update done, starting policy_update
[DEBUG] train_step 9150: policy_update done
[step 09200] value_loss=6.907350 policy_loss=0.146562
[step 09200] VALUE_DEBUG: target(mean=-13.16 std=5.79 min=-24.02 max=3.08) V(s)(mean=-13.63 std=5.12) reward(mean=-0.889 std=4.901) clip=50.0
[step 09200] eval_success_rate=0.200 eval_mean_score=12.880 eval_policy_mode=greedy [solved=10/50, score_range=9.00-16.00/16.0, initial=9.00]
[step 09200] PROGRESS: filled=12.88 violations=0.00 zero_cand=0.00
[step 09200] DEBUG: ep_len=14.5 ep_ret=-10.837 stop_prob=0.000 score_chg=3.1850
[DEBUG] train_step 9200: starting episode collection
[DEBUG] train_step 9200: episodes collected, starting value_update
[DEBUG] train_step 9200: value_update done, starting policy_update
[DEBUG] train_step 9200: policy_update done
[step 09250] value_loss=11.215410 policy_loss=-0.574145
[step 09250] VALUE_DEBUG: target(mean=-12.64 std=6.60 min=-25.09 max=3.31) V(s)(mean=-13.16 std=5.79) reward(mean=-1.795 std=6.458) clip=50.0
[DEBUG] train_step 9250: starting episode collection
[DEBUG] train_step 9250: episodes collected, starting value_update
[DEBUG] train_step 9250: value_update done, starting policy_update
[DEBUG] train_step 9250: policy_update done
[step 09300] value_loss=7.960674 policy_loss=0.484586
[step 09300] VALUE_DEBUG: target(mean=-12.56 std=7.36 min=-25.39 max=11.34) V(s)(mean=-12.46 std=6.07) reward(mean=-1.482 std=4.635) clip=50.0
[step 09300] eval_success_rate=0.160 eval_mean_score=12.600 eval_policy_mode=greedy [solved=8/50, score_range=9.00-16.00/16.0, initial=9.00]
[step 09300] PROGRESS: filled=12.60 violations=0.00 zero_cand=0.00
[step 09300] DEBUG: ep_len=14.6 ep_ret=-11.147 stop_prob=0.000 score_chg=3.2925
[DEBUG] train_step 9300: starting episode collection
[DEBUG] train_step 9300: episodes collected, starting value_update
[DEBUG] train_step 9300: value_update done, starting policy_update
[DEBUG] train_step 9300: policy_update done
[step 09350] value_loss=5.915350 policy_loss=0.136862
[step 09350] VALUE_DEBUG: target(mean=-14.09 std=4.79 min=-21.80 max=3.39) V(s)(mean=-13.67 std=4.02) reward(mean=-1.141 std=4.811) clip=50.0
[DEBUG] train_step 9350: starting episode collection
[DEBUG] train_step 9350: episodes collected, starting value_update
[DEBUG] train_step 9350: value_update done, starting policy_update
[DEBUG] train_step 9350: policy_update done
[step 09400] value_loss=6.371800 policy_loss=0.618674
[step 09400] VALUE_DEBUG: target(mean=-13.96 std=4.56 min=-22.09 max=3.41) V(s)(mean=-13.68 std=4.77) reward(mean=-1.916 std=4.754) clip=50.0
[step 09400] eval_success_rate=0.200 eval_mean_score=12.940 eval_policy_mode=greedy [solved=10/50, score_range=9.00-16.00/16.0, initial=9.00]
[step 09400] PROGRESS: filled=12.94 violations=0.00 zero_cand=0.00
[step 09400] DEBUG: ep_len=14.6 ep_ret=-11.172 stop_prob=0.000 score_chg=3.2400
[DEBUG] train_step 9400: starting episode collection
[DEBUG] train_step 9400: episodes collected, starting value_update
[DEBUG] train_step 9400: value_update done, starting policy_update
[DEBUG] train_step 9400: policy_update done
[step 09450] value_loss=3.665297 policy_loss=-0.204807
[step 09450] VALUE_DEBUG: target(mean=-12.75 std=5.28 min=-20.78 max=3.44) V(s)(mean=-13.35 std=5.23) reward(mean=-1.513 std=4.498) clip=50.0
[DEBUG] train_step 9450: starting episode collection
[DEBUG] train_step 9450: episodes collected, starting value_update
[DEBUG] train_step 9450: value_update done, starting policy_update
[DEBUG] train_step 9450: policy_update done
[step 09500] value_loss=8.915024 policy_loss=-0.120887
[step 09500] VALUE_DEBUG: target(mean=-13.63 std=4.79 min=-19.52 max=3.73) V(s)(mean=-14.12 std=4.14) reward(mean=0.666 std=3.224) clip=50.0
[step 09500] eval_success_rate=0.200 eval_mean_score=12.900 eval_policy_mode=greedy [solved=10/50, score_range=9.00-16.00/16.0, initial=9.00]
[step 09500] PROGRESS: filled=12.90 violations=0.00 zero_cand=0.00
[step 09500] DEBUG: ep_len=14.5 ep_ret=-10.595 stop_prob=0.000 score_chg=3.6325
[DEBUG] train_step 9500: starting episode collection
[DEBUG] train_step 9500: episodes collected, starting value_update
[DEBUG] train_step 9500: value_update done, starting policy_update
[DEBUG] train_step 9500: policy_update done
[step 09550] value_loss=5.558020 policy_loss=-0.143917
[step 09550] VALUE_DEBUG: target(mean=-13.61 std=3.80 min=-23.58 max=-0.44) V(s)(mean=-13.73 std=2.67) reward(mean=0.300 std=2.702) clip=50.0
[DEBUG] train_step 9550: starting episode collection
[DEBUG] train_step 9550: episodes collected, starting value_update
[DEBUG] train_step 9550: value_update done, starting policy_update
[DEBUG] train_step 9550: policy_update done
[step 09600] value_loss=9.442424 policy_loss=-0.759235
[step 09600] VALUE_DEBUG: target(mean=-13.63 std=5.08 min=-24.02 max=3.92) V(s)(mean=-12.87 std=5.14) reward(mean=-1.746 std=4.126) clip=50.0
[step 09600] eval_success_rate=0.200 eval_mean_score=13.020 eval_policy_mode=greedy [solved=10/50, score_range=9.00-16.00/16.0, initial=9.00]
[step 09600] PROGRESS: filled=13.02 violations=0.00 zero_cand=0.00
[step 09600] DEBUG: ep_len=14.6 ep_ret=-11.451 stop_prob=0.000 score_chg=3.1550
[DEBUG] train_step 9600: starting episode collection
[DEBUG] train_step 9600: episodes collected, starting value_update
[DEBUG] train_step 9600: value_update done, starting policy_update
[DEBUG] train_step 9600: policy_update done
[step 09650] value_loss=5.019338 policy_loss=0.406721
[step 09650] VALUE_DEBUG: target(mean=-12.85 std=6.53 min=-23.29 max=4.15) V(s)(mean=-13.08 std=5.86) reward(mean=-0.867 std=4.576) clip=50.0
[DEBUG] train_step 9650: starting episode collection
[DEBUG] train_step 9650: episodes collected, starting value_update
[DEBUG] train_step 9650: value_update done, starting policy_update
[DEBUG] train_step 9650: policy_update done
[step 09700] value_loss=3.758698 policy_loss=-0.222664
[step 09700] VALUE_DEBUG: target(mean=-11.03 std=6.41 min=-18.05 max=4.23) V(s)(mean=-11.79 std=6.57) reward(mean=0.440 std=3.389) clip=50.0
[step 09700] eval_success_rate=0.200 eval_mean_score=13.120 eval_policy_mode=greedy [solved=10/50, score_range=10.00-16.00/16.0, initial=9.00]
[step 09700] PROGRESS: filled=13.12 violations=0.00 zero_cand=0.00
[step 09700] DEBUG: ep_len=14.5 ep_ret=-11.104 stop_prob=0.000 score_chg=3.2075
[DEBUG] train_step 9700: starting episode collection
[DEBUG] train_step 9700: episodes collected, starting value_update
[DEBUG] train_step 9700: value_update done, starting policy_update
[DEBUG] train_step 9700: policy_update done
[step 09750] value_loss=7.808644 policy_loss=0.308348
[step 09750] VALUE_DEBUG: target(mean=-14.99 std=5.17 min=-24.95 max=2.69) V(s)(mean=-14.20 std=4.42) reward(mean=-1.914 std=5.145) clip=50.0
[DEBUG] train_step 9750: starting episode collection
[DEBUG] train_step 9750: episodes collected, starting value_update
[DEBUG] train_step 9750: value_update done, starting policy_update
[DEBUG] train_step 9750: policy_update done
[step 09800] value_loss=6.180698 policy_loss=-0.413623
[step 09800] VALUE_DEBUG: target(mean=-12.54 std=4.78 min=-18.97 max=1.84) V(s)(mean=-13.03 std=4.61) reward(mean=-0.366 std=4.809) clip=50.0
[step 09800] eval_success_rate=0.140 eval_mean_score=12.980 eval_policy_mode=greedy [solved=7/50, score_range=9.00-16.00/16.0, initial=9.00]
[step 09800] PROGRESS: filled=12.98 violations=0.00 zero_cand=0.00
[step 09800] DEBUG: ep_len=14.5 ep_ret=-11.008 stop_prob=0.000 score_chg=3.1375
[DEBUG] train_step 9800: starting episode collection
[DEBUG] train_step 9800: episodes collected, starting value_update
[DEBUG] train_step 9800: value_update done, starting policy_update
[DEBUG] train_step 9800: policy_update done
[step 09850] value_loss=7.702348 policy_loss=0.076025
[step 09850] VALUE_DEBUG: target(mean=-12.54 std=7.24 min=-23.20 max=4.46) V(s)(mean=-12.43 std=6.39) reward(mean=-0.305 std=3.451) clip=50.0
[DEBUG] train_step 9850: starting episode collection
[DEBUG] train_step 9850: episodes collected, starting value_update
[DEBUG] train_step 9850: value_update done, starting policy_update
[DEBUG] train_step 9850: policy_update done
[step 09900] value_loss=8.143287 policy_loss=0.475383
[step 09900] VALUE_DEBUG: target(mean=-12.73 std=6.05 min=-23.63 max=4.70) V(s)(mean=-12.77 std=5.40) reward(mean=-1.322 std=5.601) clip=50.0
[step 09900] eval_success_rate=0.180 eval_mean_score=12.820 eval_policy_mode=greedy [solved=9/50, score_range=9.00-16.00/16.0, initial=9.00]
[step 09900] PROGRESS: filled=12.82 violations=0.00 zero_cand=0.00
[step 09900] DEBUG: ep_len=15.0 ep_ret=-12.606 stop_prob=0.000 score_chg=2.6625
[DEBUG] train_step 9900: starting episode collection
[DEBUG] train_step 9900: episodes collected, starting value_update
[DEBUG] train_step 9900: value_update done, starting policy_update
[DEBUG] train_step 9900: policy_update done
[step 09950] value_loss=5.105241 policy_loss=0.381341
[step 09950] VALUE_DEBUG: target(mean=-13.46 std=5.68 min=-20.12 max=9.67) V(s)(mean=-14.31 std=4.56) reward(mean=0.823 std=2.194) clip=50.0
[DEBUG] train_step 9950: starting episode collection
[DEBUG] train_step 9950: episodes collected, starting value_update
[DEBUG] train_step 9950: value_update done, starting policy_update
[DEBUG] train_step 9950: policy_update done
[step 10000] value_loss=6.388701 policy_loss=0.353520
[step 10000] VALUE_DEBUG: target(mean=-12.11 std=6.92 min=-25.47 max=2.79) V(s)(mean=-10.84 std=6.71) reward(mean=-1.460 std=4.451) clip=50.0
[step 10000] eval_success_rate=0.180 eval_mean_score=12.600 eval_policy_mode=greedy [solved=9/50, score_range=9.00-16.00/16.0, initial=9.00]
[step 10000] PROGRESS: filled=12.60 violations=0.00 zero_cand=0.00
[step 10000] DEBUG: ep_len=14.9 ep_ret=-11.772 stop_prob=0.000 score_chg=3.1475
[Checkpoint] Saved to buiksat_trm/checkpoints/table3_hard_6to8_controlled_nomask_nc_r0_s7/rl_checkpoint_step_10000.pt
[DEBUG] train_step 10000: starting episode collection
[DEBUG] train_step 10000: episodes collected, starting value_update
[DEBUG] train_step 10000: value_update done, starting policy_update
[DEBUG] train_step 10000: policy_update done
[step 10050] value_loss=5.623708 policy_loss=-0.212521
[step 10050] VALUE_DEBUG: target(mean=-12.87 std=6.93 min=-24.73 max=4.87) V(s)(mean=-13.30 std=6.58) reward(mean=-2.488 std=6.512) clip=50.0
[DEBUG] train_step 10050: starting episode collection
[DEBUG] train_step 10050: episodes collected, starting value_update
[DEBUG] train_step 10050: value_update done, starting policy_update
[DEBUG] train_step 10050: policy_update done
[step 10100] value_loss=7.463916 policy_loss=0.349589
[step 10100] VALUE_DEBUG: target(mean=-12.52 std=6.44 min=-23.73 max=4.94) V(s)(mean=-12.71 std=5.72) reward(mean=-0.921 std=4.667) clip=50.0
[step 10100] eval_success_rate=0.160 eval_mean_score=12.640 eval_policy_mode=greedy [solved=8/50, score_range=9.00-16.00/16.0, initial=9.00]
[step 10100] PROGRESS: filled=12.64 violations=0.00 zero_cand=0.00
[step 10100] DEBUG: ep_len=14.2 ep_ret=-9.873 stop_prob=0.000 score_chg=3.5000
[DEBUG] train_step 10100: starting episode collection
[DEBUG] train_step 10100: episodes collected, starting value_update
[DEBUG] train_step 10100: value_update done, starting policy_update
[DEBUG] train_step 10100: policy_update done
[step 10150] value_loss=3.676627 policy_loss=-1.116484
[step 10150] VALUE_DEBUG: target(mean=-12.42 std=5.67 min=-19.22 max=5.22) V(s)(mean=-13.10 std=5.58) reward(mean=-0.739 std=4.427) clip=50.0
[DEBUG] train_step 10150: starting episode collection
[DEBUG] train_step 10150: episodes collected, starting value_update
[DEBUG] train_step 10150: value_update done, starting policy_update
[DEBUG] train_step 10150: policy_update done
[step 10200] value_loss=1.373705 policy_loss=0.482549
[step 10200] VALUE_DEBUG: target(mean=-12.20 std=6.21 min=-17.79 max=4.50) V(s)(mean=-11.69 std=5.78) reward(mean=-0.823 std=4.181) clip=50.0
[step 10200] eval_success_rate=0.140 eval_mean_score=12.980 eval_policy_mode=greedy [solved=7/50, score_range=10.00-16.00/16.0, initial=9.00]
[step 10200] PROGRESS: filled=12.98 violations=0.00 zero_cand=0.00
[step 10200] DEBUG: ep_len=14.8 ep_ret=-11.595 stop_prob=0.000 score_chg=3.1400
[DEBUG] train_step 10200: starting episode collection
[DEBUG] train_step 10200: episodes collected, starting value_update
[DEBUG] train_step 10200: value_update done, starting policy_update
[DEBUG] train_step 10200: policy_update done
[step 10250] value_loss=5.354791 policy_loss=0.199360
[step 10250] VALUE_DEBUG: target(mean=-12.41 std=6.20 min=-21.87 max=4.37) V(s)(mean=-12.45 std=6.13) reward(mean=-2.195 std=5.531) clip=50.0
[DEBUG] train_step 10250: starting episode collection
[DEBUG] train_step 10250: episodes collected, starting value_update
[DEBUG] train_step 10250: value_update done, starting policy_update
[DEBUG] train_step 10250: policy_update done
[step 10300] value_loss=7.703668 policy_loss=-0.022338
[step 10300] VALUE_DEBUG: target(mean=-10.37 std=8.77 min=-24.63 max=6.33) V(s)(mean=-10.46 std=7.61) reward(mean=0.046 std=2.625) clip=50.0
[step 10300] eval_success_rate=0.120 eval_mean_score=12.420 eval_policy_mode=greedy [solved=6/50, score_range=9.00-16.00/16.0, initial=9.00]
[step 10300] PROGRESS: filled=12.42 violations=0.00 zero_cand=0.00
[step 10300] DEBUG: ep_len=15.0 ep_ret=-11.605 stop_prob=0.000 score_chg=3.3450
[DEBUG] train_step 10300: starting episode collection
[DEBUG] train_step 10300: episodes collected, starting value_update
[DEBUG] train_step 10300: value_update done, starting policy_update
[DEBUG] train_step 10300: policy_update done
[step 10350] value_loss=1.263389 policy_loss=0.320268
[step 10350] VALUE_DEBUG: target(mean=-13.17 std=5.85 min=-20.73 max=5.44) V(s)(mean=-13.34 std=5.63) reward(mean=-1.580 std=4.868) clip=50.0
[DEBUG] train_step 10350: starting episode collection
[DEBUG] train_step 10350: episodes collected, starting value_update
[DEBUG] train_step 10350: value_update done, starting policy_update
[DEBUG] train_step 10350: policy_update done
[step 10400] value_loss=5.440752 policy_loss=0.471167
[step 10400] VALUE_DEBUG: target(mean=-13.54 std=5.12 min=-22.95 max=3.24) V(s)(mean=-13.27 std=4.98) reward(mean=-1.073 std=4.553) clip=50.0
[step 10400] eval_success_rate=0.120 eval_mean_score=12.500 eval_policy_mode=greedy [solved=6/50, score_range=9.00-16.00/16.0, initial=9.00]
[step 10400] PROGRESS: filled=12.50 violations=0.00 zero_cand=0.00
[step 10400] DEBUG: ep_len=15.1 ep_ret=-12.410 stop_prob=0.000 score_chg=3.1050
[DEBUG] train_step 10400: starting episode collection
[DEBUG] train_step 10400: episodes collected, starting value_update
[DEBUG] train_step 10400: value_update done, starting policy_update
[DEBUG] train_step 10400: policy_update done
[step 10450] value_loss=6.832160 policy_loss=-0.008440
[step 10450] VALUE_DEBUG: target(mean=-11.91 std=6.79 min=-22.77 max=4.62) V(s)(mean=-12.64 std=6.89) reward(mean=0.292 std=2.378) clip=50.0
[DEBUG] train_step 10450: starting episode collection
[DEBUG] train_step 10450: episodes collected, starting value_update
[DEBUG] train_step 10450: value_update done, starting policy_update
[DEBUG] train_step 10450: policy_update done
[step 10500] value_loss=4.108308 policy_loss=0.056333
[step 10500] VALUE_DEBUG: target(mean=-11.24 std=7.43 min=-19.56 max=7.95) V(s)(mean=-10.96 std=6.86) reward(mean=-0.089 std=2.184) clip=50.0
[step 10500] eval_success_rate=0.120 eval_mean_score=12.380 eval_policy_mode=greedy [solved=6/50, score_range=9.00-16.00/16.0, initial=9.00]
[step 10500] PROGRESS: filled=12.38 violations=0.00 zero_cand=0.00
[step 10500] DEBUG: ep_len=15.2 ep_ret=-12.308 stop_prob=0.000 score_chg=3.0750
[DEBUG] train_step 10500: starting episode collection
[DEBUG] train_step 10500: episodes collected, starting value_update
[DEBUG] train_step 10500: value_update done, starting policy_update
[DEBUG] train_step 10500: policy_update done
[step 10550] value_loss=3.114223 policy_loss=1.563528
[step 10550] VALUE_DEBUG: target(mean=-13.87 std=5.34 min=-20.65 max=3.53) V(s)(mean=-13.79 std=4.77) reward(mean=-1.571 std=5.020) clip=50.0
[DEBUG] train_step 10550: starting episode collection
[DEBUG] train_step 10550: episodes collected, starting value_update
[DEBUG] train_step 10550: value_update done, starting policy_update
[DEBUG] train_step 10550: policy_update done
[step 10600] value_loss=5.258095 policy_loss=0.974485
[step 10600] VALUE_DEBUG: target(mean=-10.89 std=6.07 min=-18.17 max=3.94) V(s)(mean=-11.19 std=6.31) reward(mean=-0.328 std=4.718) clip=50.0
[step 10600] eval_success_rate=0.140 eval_mean_score=12.920 eval_policy_mode=greedy [solved=7/50, score_range=10.00-16.00/16.0, initial=9.00]
[step 10600] PROGRESS: filled=12.92 violations=0.00 zero_cand=0.00
[step 10600] DEBUG: ep_len=15.1 ep_ret=-12.144 stop_prob=0.000 score_chg=3.1050
[DEBUG] train_step 10600: starting episode collection
[DEBUG] train_step 10600: episodes collected, starting value_update
[DEBUG] train_step 10600: value_update done, starting policy_update
[DEBUG] train_step 10600: policy_update done
[step 10650] value_loss=8.162216 policy_loss=-0.391455
[step 10650] VALUE_DEBUG: target(mean=-13.60 std=5.36 min=-24.16 max=3.52) V(s)(mean=-13.69 std=4.54) reward(mean=-1.545 std=5.104) clip=50.0
[DEBUG] train_step 10650: starting episode collection
[DEBUG] train_step 10650: episodes collected, starting value_update
[DEBUG] train_step 10650: value_update done, starting policy_update
[DEBUG] train_step 10650: policy_update done
[step 10700] value_loss=0.560543 policy_loss=0.259168
[step 10700] VALUE_DEBUG: target(mean=-13.16 std=5.38 min=-18.48 max=4.43) V(s)(mean=-13.33 std=5.32) reward(mean=-1.393 std=4.855) clip=50.0
[step 10700] eval_success_rate=0.120 eval_mean_score=12.580 eval_policy_mode=greedy [solved=6/50, score_range=9.00-16.00/16.0, initial=9.00]
[step 10700] PROGRESS: filled=12.58 violations=0.00 zero_cand=0.00
[step 10700] DEBUG: ep_len=15.1 ep_ret=-11.878 stop_prob=0.000 score_chg=3.3950
[DEBUG] train_step 10700: starting episode collection
[DEBUG] train_step 10700: episodes collected, starting value_update
[DEBUG] train_step 10700: value_update done, starting policy_update
[DEBUG] train_step 10700: policy_update done
[step 10750] value_loss=12.542601 policy_loss=-0.149801
[step 10750] VALUE_DEBUG: target(mean=-12.39 std=7.48 min=-23.52 max=9.86) V(s)(mean=-12.67 std=6.12) reward(mean=0.200 std=3.391) clip=50.0
[DEBUG] train_step 10750: starting episode collection
[DEBUG] train_step 10750: episodes collected, starting value_update
[DEBUG] train_step 10750: value_update done, starting policy_update
[DEBUG] train_step 10750: policy_update done
[step 10800] value_loss=1.797587 policy_loss=0.456826
[step 10800] VALUE_DEBUG: target(mean=-13.06 std=6.75 min=-23.24 max=3.93) V(s)(mean=-12.70 std=6.39) reward(mean=-0.649 std=3.050) clip=50.0
[step 10800] eval_success_rate=0.120 eval_mean_score=12.720 eval_policy_mode=greedy [solved=6/50, score_range=9.00-16.00/16.0, initial=9.00]
[step 10800] PROGRESS: filled=12.72 violations=0.00 zero_cand=0.00
[step 10800] DEBUG: ep_len=15.0 ep_ret=-11.359 stop_prob=0.000 score_chg=3.3475
[DEBUG] train_step 10800: starting episode collection
[DEBUG] train_step 10800: episodes collected, starting value_update
[DEBUG] train_step 10800: value_update done, starting policy_update
[DEBUG] train_step 10800: policy_update done
[step 10850] value_loss=0.937736 policy_loss=-0.118763
[step 10850] VALUE_DEBUG: target(mean=-12.18 std=5.86 min=-18.21 max=4.05) V(s)(mean=-12.10 std=5.63) reward(mean=-0.548 std=4.184) clip=50.0
[DEBUG] train_step 10850: starting episode collection
[DEBUG] train_step 10850: episodes collected, starting value_update
[DEBUG] train_step 10850: value_update done, starting policy_update
[DEBUG] train_step 10850: policy_update done
[step 10900] value_loss=4.004160 policy_loss=0.381427
[step 10900] VALUE_DEBUG: target(mean=-14.80 std=3.85 min=-22.09 max=0.50) V(s)(mean=-14.62 std=3.88) reward(mean=-1.613 std=5.650) clip=50.0
[step 10900] eval_success_rate=0.140 eval_mean_score=12.600 eval_policy_mode=greedy [solved=7/50, score_range=9.00-16.00/16.0, initial=9.00]
[step 10900] PROGRESS: filled=12.60 violations=0.00 zero_cand=0.00
[step 10900] DEBUG: ep_len=14.9 ep_ret=-11.686 stop_prob=0.000 score_chg=3.4175
[DEBUG] train_step 10900: starting episode collection
[DEBUG] train_step 10900: episodes collected, starting value_update
[DEBUG] train_step 10900: value_update done, starting policy_update
[DEBUG] train_step 10900: policy_update done
[step 10950] value_loss=8.517104 policy_loss=0.379507
[step 10950] VALUE_DEBUG: target(mean=-12.75 std=5.75 min=-23.70 max=4.06) V(s)(mean=-13.31 std=4.96) reward(mean=0.679 std=2.961) clip=50.0
[DEBUG] train_step 10950: starting episode collection
[DEBUG] train_step 10950: episodes collected, starting value_update
[DEBUG] train_step 10950: value_update done, starting policy_update
[DEBUG] train_step 10950: policy_update done
[step 11000] value_loss=6.804329 policy_loss=0.291795
[step 11000] VALUE_DEBUG: target(mean=-11.29 std=8.06 min=-24.31 max=5.56) V(s)(mean=-10.35 std=7.27) reward(mean=-1.625 std=4.504) clip=50.0
[step 11000] eval_success_rate=0.120 eval_mean_score=12.680 eval_policy_mode=greedy [solved=6/50, score_range=9.00-16.00/16.0, initial=9.00]
[step 11000] PROGRESS: filled=12.68 violations=0.00 zero_cand=0.00
[step 11000] DEBUG: ep_len=14.9 ep_ret=-11.371 stop_prob=0.000 score_chg=3.2750
[Checkpoint] Saved to buiksat_trm/checkpoints/table3_hard_6to8_controlled_nomask_nc_r0_s7/rl_checkpoint_step_11000.pt
[DEBUG] train_step 11000: starting episode collection
[DEBUG] train_step 11000: episodes collected, starting value_update
[DEBUG] train_step 11000: value_update done, starting policy_update
[DEBUG] train_step 11000: policy_update done
[step 11050] value_loss=2.953393 policy_loss=-0.295934
[step 11050] VALUE_DEBUG: target(mean=-14.83 std=4.87 min=-20.92 max=8.82) V(s)(mean=-15.02 std=3.72) reward(mean=-0.643 std=3.350) clip=50.0
[DEBUG] train_step 11050: starting episode collection
[DEBUG] train_step 11050: episodes collected, starting value_update
[DEBUG] train_step 11050: value_update done, starting policy_update
[DEBUG] train_step 11050: policy_update done
[step 11100] value_loss=3.497136 policy_loss=-0.464772
[step 11100] VALUE_DEBUG: target(mean=-14.10 std=5.04 min=-20.04 max=5.12) V(s)(mean=-13.73 std=4.75) reward(mean=-0.453 std=3.302) clip=50.0
[step 11100] eval_success_rate=0.080 eval_mean_score=12.680 eval_policy_mode=greedy [solved=4/50, score_range=9.00-16.00/16.0, initial=9.00]
[step 11100] PROGRESS: filled=12.68 violations=0.00 zero_cand=0.00
[step 11100] DEBUG: ep_len=15.1 ep_ret=-12.267 stop_prob=0.000 score_chg=3.1950
[DEBUG] train_step 11100: starting episode collection
[DEBUG] train_step 11100: episodes collected, starting value_update
[DEBUG] train_step 11100: value_update done, starting policy_update
[DEBUG] train_step 11100: policy_update done
[step 11150] value_loss=3.585691 policy_loss=-0.357196
[step 11150] VALUE_DEBUG: target(mean=-11.90 std=7.79 min=-18.21 max=9.15) V(s)(mean=-12.03 std=7.29) reward(mean=-1.274 std=5.237) clip=50.0
[DEBUG] train_step 11150: starting episode collection
[DEBUG] train_step 11150: episodes collected, starting value_update
[DEBUG] train_step 11150: value_update done, starting policy_update
[DEBUG] train_step 11150: policy_update done
[step 11200] value_loss=6.040249 policy_loss=0.256546
[step 11200] VALUE_DEBUG: target(mean=-12.28 std=8.33 min=-22.98 max=12.55) V(s)(mean=-11.91 std=7.17) reward(mean=-0.588 std=3.753) clip=50.0
[step 11200] eval_success_rate=0.080 eval_mean_score=12.780 eval_policy_mode=greedy [solved=4/50, score_range=9.00-16.00/16.0, initial=9.00]
[step 11200] PROGRESS: filled=12.78 violations=0.00 zero_cand=0.00
[step 11200] DEBUG: ep_len=15.0 ep_ret=-11.133 stop_prob=0.000 score_chg=3.7275
[DEBUG] train_step 11200: starting episode collection
[DEBUG] train_step 11200: episodes collected, starting value_update
[DEBUG] train_step 11200: value_update done, starting policy_update
[DEBUG] train_step 11200: policy_update done
[step 11250] value_loss=3.312052 policy_loss=-0.060905
[step 11250] VALUE_DEBUG: target(mean=-13.83 std=4.39 min=-20.86 max=2.92) V(s)(mean=-13.61 std=3.71) reward(mean=-0.708 std=4.504) clip=50.0
[DEBUG] train_step 11250: starting episode collection
[DEBUG] train_step 11250: episodes collected, starting value_update
[DEBUG] train_step 11250: value_update done, starting policy_update
[DEBUG] train_step 11250: policy_update done
[step 11300] value_loss=3.245829 policy_loss=-0.115381
[step 11300] VALUE_DEBUG: target(mean=-12.18 std=6.66 min=-23.55 max=4.34) V(s)(mean=-12.03 std=6.11) reward(mean=0.300 std=1.758) clip=50.0
[step 11300] eval_success_rate=0.040 eval_mean_score=12.400 eval_policy_mode=greedy [solved=2/50, score_range=9.00-16.00/16.0, initial=9.00]
[step 11300] PROGRESS: filled=12.40 violations=0.00 zero_cand=0.00
[step 11300] DEBUG: ep_len=15.3 ep_ret=-11.985 stop_prob=0.000 score_chg=3.5725
[DEBUG] train_step 11300: starting episode collection
[DEBUG] train_step 11300: episodes collected, starting value_update
[DEBUG] train_step 11300: value_update done, starting policy_update
[DEBUG] train_step 11300: policy_update done
[step 11350] value_loss=6.524026 policy_loss=1.220803
[step 11350] VALUE_DEBUG: target(mean=-12.84 std=7.18 min=-25.04 max=5.30) V(s)(mean=-12.25 std=6.53) reward(mean=-2.367 std=6.451) clip=50.0
[DEBUG] train_step 11350: starting episode collection
[DEBUG] train_step 11350: episodes collected, starting value_update
[DEBUG] train_step 11350: value_update done, starting policy_update
[DEBUG] train_step 11350: policy_update done
[step 11400] value_loss=5.419480 policy_loss=-0.088979
[step 11400] VALUE_DEBUG: target(mean=-11.21 std=8.24 min=-22.38 max=8.86) V(s)(mean=-10.61 std=7.14) reward(mean=-1.483 std=5.324) clip=50.0
[step 11400] eval_success_rate=0.040 eval_mean_score=12.540 eval_policy_mode=greedy [solved=2/50, score_range=9.00-16.00/16.0, initial=9.00]
[step 11400] PROGRESS: filled=12.54 violations=0.00 zero_cand=0.00
[step 11400] DEBUG: ep_len=15.0 ep_ret=-11.430 stop_prob=0.000 score_chg=3.5150
[DEBUG] train_step 11400: starting episode collection
[DEBUG] train_step 11400: episodes collected, starting value_update
[DEBUG] train_step 11400: value_update done, starting policy_update
[DEBUG] train_step 11400: policy_update done
[step 11450] value_loss=7.858592 policy_loss=-0.328366
[step 11450] VALUE_DEBUG: target(mean=-12.69 std=6.16 min=-22.04 max=5.14) V(s)(mean=-12.47 std=6.32) reward(mean=-1.421 std=5.568) clip=50.0
[DEBUG] train_step 11450: starting episode collection
[DEBUG] train_step 11450: episodes collected, starting value_update
[DEBUG] train_step 11450: value_update done, starting policy_update
[DEBUG] train_step 11450: policy_update done
[step 11500] value_loss=12.228123 policy_loss=0.442534
[step 11500] VALUE_DEBUG: target(mean=-13.21 std=7.56 min=-23.84 max=10.11) V(s)(mean=-12.47 std=6.99) reward(mean=-1.264 std=4.270) clip=50.0
[step 11500] eval_success_rate=0.100 eval_mean_score=12.880 eval_policy_mode=greedy [solved=5/50, score_range=9.00-16.00/16.0, initial=9.00]
[step 11500] PROGRESS: filled=12.88 violations=0.00 zero_cand=0.00
[step 11500] DEBUG: ep_len=15.1 ep_ret=-11.539 stop_prob=0.000 score_chg=3.4125
[DEBUG] train_step 11500: starting episode collection
[DEBUG] train_step 11500: episodes collected, starting value_update
[DEBUG] train_step 11500: value_update done, starting policy_update
[DEBUG] train_step 11500: policy_update done
[step 11550] value_loss=8.758308 policy_loss=0.144022
[step 11550] VALUE_DEBUG: target(mean=-13.46 std=6.43 min=-23.56 max=4.53) V(s)(mean=-13.38 std=5.18) reward(mean=-0.829 std=3.847) clip=50.0
[DEBUG] train_step 11550: starting episode collection
[DEBUG] train_step 11550: episodes collected, starting value_update
[DEBUG] train_step 11550: value_update done, starting policy_update
[DEBUG] train_step 11550: policy_update done
[step 11600] value_loss=3.435888 policy_loss=0.251568
[step 11600] VALUE_DEBUG: target(mean=-13.09 std=6.61 min=-21.46 max=8.85) V(s)(mean=-13.49 std=5.93) reward(mean=-1.359 std=5.222) clip=50.0
[step 11600] eval_success_rate=0.060 eval_mean_score=12.920 eval_policy_mode=greedy [solved=3/50, score_range=9.00-16.00/16.0, initial=9.00]
[step 11600] PROGRESS: filled=12.92 violations=0.00 zero_cand=0.00
[step 11600] DEBUG: ep_len=14.9 ep_ret=-10.942 stop_prob=0.000 score_chg=3.4750
[DEBUG] train_step 11600: starting episode collection
[DEBUG] train_step 11600: episodes collected, starting value_update
[DEBUG] train_step 11600: value_update done, starting policy_update
[DEBUG] train_step 11600: policy_update done
[step 11650] value_loss=9.090977 policy_loss=-0.254334
[step 11650] VALUE_DEBUG: target(mean=-14.97 std=4.41 min=-25.72 max=1.88) V(s)(mean=-14.56 std=3.66) reward(mean=-0.577 std=3.883) clip=50.0
[DEBUG] train_step 11650: starting episode collection
[DEBUG] train_step 11650: episodes collected, starting value_update
[DEBUG] train_step 11650: value_update done, starting policy_update
[DEBUG] train_step 11650: policy_update done
[step 11700] value_loss=4.756118 policy_loss=-0.579021
[step 11700] VALUE_DEBUG: target(mean=-11.22 std=7.83 min=-22.09 max=5.04) V(s)(mean=-10.97 std=7.42) reward(mean=-1.494 std=6.386) clip=50.0
[step 11700] eval_success_rate=0.100 eval_mean_score=12.800 eval_policy_mode=greedy [solved=5/50, score_range=9.00-16.00/16.0, initial=9.00]
[step 11700] PROGRESS: filled=12.80 violations=0.00 zero_cand=0.00
[step 11700] DEBUG: ep_len=14.7 ep_ret=-10.295 stop_prob=0.000 score_chg=3.7950
[DEBUG] train_step 11700: starting episode collection
[DEBUG] train_step 11700: episodes collected, starting value_update
[DEBUG] train_step 11700: value_update done, starting policy_update
[DEBUG] train_step 11700: policy_update done
[step 11750] value_loss=7.534321 policy_loss=-0.201019
[step 11750] VALUE_DEBUG: target(mean=-13.84 std=5.98 min=-28.94 max=5.19) V(s)(mean=-13.28 std=4.97) reward(mean=-0.731 std=3.980) clip=50.0
[DEBUG] train_step 11750: starting episode collection
[DEBUG] train_step 11750: episodes collected, starting value_update
[DEBUG] train_step 11750: value_update done, starting policy_update
[DEBUG] train_step 11750: policy_update done
[step 11800] value_loss=5.123941 policy_loss=-0.838186
[step 11800] VALUE_DEBUG: target(mean=-11.87 std=7.26 min=-21.36 max=4.57) V(s)(mean=-11.19 std=7.33) reward(mean=-2.171 std=4.894) clip=50.0
[step 11800] eval_success_rate=0.000 eval_mean_score=12.620 eval_policy_mode=greedy [solved=0/50, score_range=9.00-15.00/16.0, initial=9.00]
[step 11800] PROGRESS: filled=12.62 violations=0.00 zero_cand=0.00
[step 11800] DEBUG: ep_len=15.0 ep_ret=-10.916 stop_prob=0.000 score_chg=3.6150
[DEBUG] train_step 11800: starting episode collection
[DEBUG] train_step 11800: episodes collected, starting value_update
[DEBUG] train_step 11800: value_update done, starting policy_update
[DEBUG] train_step 11800: policy_update done
[step 11850] value_loss=5.398442 policy_loss=-0.465834
[step 11850] VALUE_DEBUG: target(mean=-11.94 std=7.95 min=-23.30 max=5.17) V(s)(mean=-11.23 std=7.22) reward(mean=-0.288 std=2.288) clip=50.0
[DEBUG] train_step 11850: starting episode collection
[DEBUG] train_step 11850: episodes collected, starting value_update
[DEBUG] train_step 11850: value_update done, starting policy_update
[DEBUG] train_step 11850: policy_update done
[step 11900] value_loss=3.429018 policy_loss=0.342363
[step 11900] VALUE_DEBUG: target(mean=-13.20 std=5.54 min=-20.20 max=3.53) V(s)(mean=-13.16 std=5.61) reward(mean=-1.611 std=4.961) clip=50.0
[step 11900] eval_success_rate=0.020 eval_mean_score=12.300 eval_policy_mode=greedy [solved=1/50, score_range=9.00-16.00/16.0, initial=9.00]
[step 11900] PROGRESS: filled=12.30 violations=0.00 zero_cand=0.00
[step 11900] DEBUG: ep_len=15.1 ep_ret=-11.204 stop_prob=0.000 score_chg=3.5975
[DEBUG] train_step 11900: starting episode collection
[DEBUG] train_step 11900: episodes collected, starting value_update
[DEBUG] train_step 11900: value_update done, starting policy_update
[DEBUG] train_step 11900: policy_update done
[step 11950] value_loss=6.280161 policy_loss=0.148645
[step 11950] VALUE_DEBUG: target(mean=-11.95 std=7.18 min=-22.57 max=9.92) V(s)(mean=-12.91 std=6.47) reward(mean=0.133 std=3.434) clip=50.0
[DEBUG] train_step 11950: starting episode collection
[DEBUG] train_step 11950: episodes collected, starting value_update
[DEBUG] train_step 11950: value_update done, starting policy_update
[DEBUG] train_step 11950: policy_update done
[step 12000] value_loss=7.095600 policy_loss=0.506410
[step 12000] VALUE_DEBUG: target(mean=-14.22 std=4.71 min=-23.63 max=3.47) V(s)(mean=-14.15 std=3.69) reward(mean=-1.355 std=4.534) clip=50.0
[step 12000] eval_success_rate=0.060 eval_mean_score=12.840 eval_policy_mode=greedy [solved=3/50, score_range=9.00-16.00/16.0, initial=9.00]
[step 12000] PROGRESS: filled=12.84 violations=0.00 zero_cand=0.00
[step 12000] DEBUG: ep_len=14.8 ep_ret=-10.148 stop_prob=0.000 score_chg=3.9575
[Checkpoint] Saved to buiksat_trm/checkpoints/table3_hard_6to8_controlled_nomask_nc_r0_s7/rl_checkpoint_step_12000.pt
[DEBUG] train_step 12000: starting episode collection
[DEBUG] train_step 12000: episodes collected, starting value_update
[DEBUG] train_step 12000: value_update done, starting policy_update
[DEBUG] train_step 12000: policy_update done
[step 12050] value_loss=1.279658 policy_loss=-0.144762
[step 12050] VALUE_DEBUG: target(mean=-11.77 std=6.16 min=-17.41 max=5.27) V(s)(mean=-11.85 std=6.03) reward(mean=-1.619 std=5.007) clip=50.0
[DEBUG] train_step 12050: starting episode collection
[DEBUG] train_step 12050: episodes collected, starting value_update
[DEBUG] train_step 12050: value_update done, starting policy_update
[DEBUG] train_step 12050: policy_update done
[step 12100] value_loss=4.641836 policy_loss=-0.787458
[step 12100] VALUE_DEBUG: target(mean=-11.91 std=6.32 min=-23.63 max=4.41) V(s)(mean=-11.67 std=5.54) reward(mean=0.442 std=2.367) clip=50.0
[step 12100] eval_success_rate=0.060 eval_mean_score=13.280 eval_policy_mode=greedy [solved=3/50, score_range=9.00-16.00/16.0, initial=9.00]
[step 12100] PROGRESS: filled=13.28 violations=0.00 zero_cand=0.00
[step 12100] DEBUG: ep_len=14.0 ep_ret=-8.120 stop_prob=0.000 score_chg=4.1650
[DEBUG] train_step 12100: starting episode collection
[DEBUG] train_step 12100: episodes collected, starting value_update
[DEBUG] train_step 12100: value_update done, starting policy_update
[DEBUG] train_step 12100: policy_update done
[step 12150] value_loss=10.235091 policy_loss=-0.127389
[step 12150] VALUE_DEBUG: target(mean=-13.61 std=6.63 min=-26.69 max=5.21) V(s)(mean=-12.97 std=6.01) reward(mean=-1.640 std=4.934) clip=50.0
[DEBUG] train_step 12150: starting episode collection
[DEBUG] train_step 12150: episodes collected, starting value_update
[DEBUG] train_step 12150: value_update done, starting policy_update
[DEBUG] train_step 12150: policy_update done
[step 12200] value_loss=6.769373 policy_loss=0.104235
[step 12200] VALUE_DEBUG: target(mean=-10.54 std=9.04 min=-25.45 max=9.10) V(s)(mean=-10.25 std=7.76) reward(mean=-0.055 std=2.607) clip=50.0
[step 12200] eval_success_rate=0.180 eval_mean_score=13.180 eval_policy_mode=greedy [solved=9/50, score_range=9.00-16.00/16.0, initial=9.00]
[step 12200] PROGRESS: filled=13.18 violations=0.00 zero_cand=0.00
[step 12200] DEBUG: ep_len=14.0 ep_ret=-8.249 stop_prob=0.000 score_chg=4.1775
[DEBUG] train_step 12200: starting episode collection
[DEBUG] train_step 12200: episodes collected, starting value_update
[DEBUG] train_step 12200: value_update done, starting policy_update
[DEBUG] train_step 12200: policy_update done
[step 12250] value_loss=19.045055 policy_loss=0.208360
[step 12250] VALUE_DEBUG: target(mean=-12.36 std=6.63 min=-21.10 max=4.04) V(s)(mean=-11.45 std=7.42) reward(mean=-1.643 std=5.146) clip=50.0
[DEBUG] train_step 12250: starting episode collection
[DEBUG] train_step 12250: episodes collected, starting value_update
[DEBUG] train_step 12250: value_update done, starting policy_update
[DEBUG] train_step 12250: policy_update done
[step 12300] value_loss=8.985283 policy_loss=0.111865
[step 12300] VALUE_DEBUG: target(mean=-10.82 std=7.57 min=-18.20 max=5.20) V(s)(mean=-11.52 std=7.12) reward(mean=-1.707 std=5.458) clip=50.0
[step 12300] eval_success_rate=0.180 eval_mean_score=13.400 eval_policy_mode=greedy [solved=9/50, score_range=9.00-16.00/16.0, initial=9.00]
[step 12300] PROGRESS: filled=13.40 violations=0.00 zero_cand=0.00
[step 12300] DEBUG: ep_len=13.7 ep_ret=-7.352 stop_prob=0.000 score_chg=4.5275
[DEBUG] train_step 12300: starting episode collection
[DEBUG] train_step 12300: episodes collected, starting value_update
[DEBUG] train_step 12300: value_update done, starting policy_update
[DEBUG] train_step 12300: policy_update done
[step 12350] value_loss=7.978712 policy_loss=0.586778
[step 12350] VALUE_DEBUG: target(mean=-11.07 std=7.07 min=-23.56 max=7.86) V(s)(mean=-11.05 std=6.78) reward(mean=0.177 std=2.781) clip=50.0
[DEBUG] train_step 12350: starting episode collection
[DEBUG] train_step 12350: episodes collected, starting value_update
[DEBUG] train_step 12350: value_update done, starting policy_update
[DEBUG] train_step 12350: policy_update done
[step 12400] value_loss=3.042027 policy_loss=1.175232
[step 12400] VALUE_DEBUG: target(mean=-11.71 std=7.90 min=-21.87 max=4.95) V(s)(mean=-11.57 std=7.55) reward(mean=-0.367 std=3.729) clip=50.0
[step 12400] eval_success_rate=0.140 eval_mean_score=13.540 eval_policy_mode=greedy [solved=7/50, score_range=9.00-16.00/16.0, initial=9.00]
[step 12400] PROGRESS: filled=13.54 violations=0.00 zero_cand=0.00
[step 12400] DEBUG: ep_len=13.9 ep_ret=-8.028 stop_prob=0.000 score_chg=4.3575
[DEBUG] train_step 12400: starting episode collection
[DEBUG] train_step 12400: episodes collected, starting value_update
[DEBUG] train_step 12400: value_update done, starting policy_update
[DEBUG] train_step 12400: policy_update done
[step 12450] value_loss=6.024858 policy_loss=-0.784387
[step 12450] VALUE_DEBUG: target(mean=-12.42 std=5.24 min=-20.03 max=4.83) V(s)(mean=-12.57 std=4.87) reward(mean=-0.483 std=4.812) clip=50.0
[DEBUG] train_step 12450: starting episode collection
[DEBUG] train_step 12450: episodes collected, starting value_update
[DEBUG] train_step 12450: value_update done, starting policy_update
[DEBUG] train_step 12450: policy_update done
[step 12500] value_loss=5.856121 policy_loss=-0.506219
[step 12500] VALUE_DEBUG: target(mean=-12.26 std=7.16 min=-22.33 max=5.21) V(s)(mean=-12.00 std=6.58) reward(mean=-0.464 std=3.721) clip=50.0
[step 12500] eval_success_rate=0.280 eval_mean_score=13.520 eval_policy_mode=greedy [solved=14/50, score_range=9.00-16.00/16.0, initial=9.00]
[step 12500] PROGRESS: filled=13.52 violations=0.00 zero_cand=0.00
[step 12500] DEBUG: ep_len=13.7 ep_ret=-7.552 stop_prob=0.000 score_chg=4.4925
[DEBUG] train_step 12500: starting episode collection
[DEBUG] train_step 12500: episodes collected, starting value_update
[DEBUG] train_step 12500: value_update done, starting policy_update
[DEBUG] train_step 12500: policy_update done
[step 12550] value_loss=9.015329 policy_loss=-1.308489
[step 12550] VALUE_DEBUG: target(mean=-11.29 std=8.08 min=-25.05 max=5.03) V(s)(mean=-10.45 std=7.20) reward(mean=-2.368 std=6.938) clip=50.0
[DEBUG] train_step 12550: starting episode collection
[DEBUG] train_step 12550: episodes collected, starting value_update
[DEBUG] train_step 12550: value_update done, starting policy_update
[DEBUG] train_step 12550: policy_update done
[step 12600] value_loss=6.497203 policy_loss=-0.180554
[step 12600] VALUE_DEBUG: target(mean=-14.04 std=5.20 min=-24.99 max=1.84) V(s)(mean=-13.83 std=4.65) reward(mean=-1.288 std=5.460) clip=50.0
[step 12600] eval_success_rate=0.220 eval_mean_score=14.020 eval_policy_mode=greedy [solved=11/50, score_range=10.00-16.00/16.0, initial=9.00]
[step 12600] PROGRESS: filled=14.02 violations=0.00 zero_cand=0.00
[step 12600] DEBUG: ep_len=13.5 ep_ret=-7.109 stop_prob=0.000 score_chg=4.5300
[DEBUG] train_step 12600: starting episode collection
[DEBUG] train_step 12600: episodes collected, starting value_update
[DEBUG] train_step 12600: value_update done, starting policy_update
[DEBUG] train_step 12600: policy_update done
[step 12650] value_loss=2.973227 policy_loss=0.533217
[step 12650] VALUE_DEBUG: target(mean=-14.48 std=3.37 min=-17.62 max=1.84) V(s)(mean=-14.47 std=3.51) reward(mean=-1.683 std=5.502) clip=50.0
[DEBUG] train_step 12650: starting episode collection
[DEBUG] train_step 12650: episodes collected, starting value_update
[DEBUG] train_step 12650: value_update done, starting policy_update
[DEBUG] train_step 12650: policy_update done
[step 12700] value_loss=1.645923 policy_loss=-0.443321
[step 12700] VALUE_DEBUG: target(mean=-10.97 std=7.18 min=-21.94 max=4.09) V(s)(mean=-10.74 std=6.92) reward(mean=-0.703 std=3.254) clip=50.0
[step 12700] eval_success_rate=0.140 eval_mean_score=13.200 eval_policy_mode=greedy [solved=7/50, score_range=9.00-16.00/16.0, initial=9.00]
[step 12700] PROGRESS: filled=13.20 violations=0.00 zero_cand=0.00
[step 12700] DEBUG: ep_len=13.9 ep_ret=-7.370 stop_prob=0.000 score_chg=4.7175
[DEBUG] train_step 12700: starting episode collection
[DEBUG] train_step 12700: episodes collected, starting value_update
[DEBUG] train_step 12700: value_update done, starting policy_update
[DEBUG] train_step 12700: policy_update done
[step 12750] value_loss=3.474093 policy_loss=0.598585
[step 12750] VALUE_DEBUG: target(mean=-11.25 std=5.68 min=-18.19 max=3.28) V(s)(mean=-11.54 std=5.53) reward(mean=-0.576 std=4.408) clip=50.0
[DEBUG] train_step 12750: starting episode collection
[DEBUG] train_step 12750: episodes collected, starting value_update
[DEBUG] train_step 12750: value_update done, starting policy_update
[DEBUG] train_step 12750: policy_update done
[step 12800] value_loss=12.302382 policy_loss=-1.757868
[step 12800] VALUE_DEBUG: target(mean=-12.46 std=6.35 min=-22.10 max=7.51) V(s)(mean=-13.09 std=4.45) reward(mean=-1.152 std=5.875) clip=50.0
[step 12800] eval_success_rate=0.260 eval_mean_score=13.560 eval_policy_mode=greedy [solved=13/50, score_range=9.00-16.00/16.0, initial=9.00]
[step 12800] PROGRESS: filled=13.56 violations=0.00 zero_cand=0.00
[step 12800] DEBUG: ep_len=13.6 ep_ret=-7.227 stop_prob=0.000 score_chg=4.7025
[DEBUG] train_step 12800: starting episode collection
[DEBUG] train_step 12800: episodes collected, starting value_update
[DEBUG] train_step 12800: value_update done, starting policy_update
[DEBUG] train_step 12800: policy_update done
[step 12850] value_loss=5.687701 policy_loss=0.026018
[step 12850] VALUE_DEBUG: target(mean=-10.25 std=8.10 min=-24.02 max=6.53) V(s)(mean=-9.83 std=7.50) reward(mean=-0.518 std=3.701) clip=50.0
[DEBUG] train_step 12850: starting episode collection
[DEBUG] train_step 12850: episodes collected, starting value_update
[DEBUG] train_step 12850: value_update done, starting policy_update
[DEBUG] train_step 12850: policy_update done
[step 12900] value_loss=8.419384 policy_loss=-0.718860
[step 12900] VALUE_DEBUG: target(mean=-11.06 std=6.90 min=-22.41 max=7.07) V(s)(mean=-11.33 std=5.81) reward(mean=-1.375 std=5.095) clip=50.0
[step 12900] eval_success_rate=0.260 eval_mean_score=14.100 eval_policy_mode=greedy [solved=13/50, score_range=10.00-16.00/16.0, initial=9.00]
[step 12900] PROGRESS: filled=14.10 violations=0.00 zero_cand=0.00
[step 12900] DEBUG: ep_len=13.6 ep_ret=-7.313 stop_prob=0.000 score_chg=4.6925
[DEBUG] train_step 12900: starting episode collection
[DEBUG] train_step 12900: episodes collected, starting value_update
[DEBUG] train_step 12900: value_update done, starting policy_update
[DEBUG] train_step 12900: policy_update done
[step 12950] value_loss=0.519191 policy_loss=0.214805
[step 12950] VALUE_DEBUG: target(mean=-9.33 std=8.51 min=-16.71 max=5.51) V(s)(mean=-9.48 std=8.21) reward(mean=-1.188 std=4.835) clip=50.0
[DEBUG] train_step 12950: starting episode collection
[DEBUG] train_step 12950: episodes collected, starting value_update
[DEBUG] train_step 12950: value_update done, starting policy_update
[DEBUG] train_step 12950: policy_update done
[step 13000] value_loss=10.473090 policy_loss=0.040564
[step 13000] VALUE_DEBUG: target(mean=-13.91 std=3.93 min=-20.41 max=0.88) V(s)(mean=-13.88 std=4.14) reward(mean=-0.606 std=4.152) clip=50.0
[step 13000] eval_success_rate=0.220 eval_mean_score=13.400 eval_policy_mode=greedy [solved=11/50, score_range=9.00-16.00/16.0, initial=9.00]
[step 13000] PROGRESS: filled=13.40 violations=0.00 zero_cand=0.00
[step 13000] DEBUG: ep_len=13.8 ep_ret=-8.074 stop_prob=0.000 score_chg=4.4700
[Checkpoint] Saved to buiksat_trm/checkpoints/table3_hard_6to8_controlled_nomask_nc_r0_s7/rl_checkpoint_step_13000.pt
[DEBUG] train_step 13000: starting episode collection
[DEBUG] train_step 13000: episodes collected, starting value_update
[DEBUG] train_step 13000: value_update done, starting policy_update
[DEBUG] train_step 13000: policy_update done
[step 13050] value_loss=5.582752 policy_loss=-0.155348
[step 13050] VALUE_DEBUG: target(mean=-9.72 std=8.06 min=-21.91 max=3.75) V(s)(mean=-10.30 std=7.69) reward(mean=-0.002 std=3.754) clip=50.0
[DEBUG] train_step 13050: starting episode collection
[DEBUG] train_step 13050: episodes collected, starting value_update
[DEBUG] train_step 13050: value_update done, starting policy_update
[DEBUG] train_step 13050: policy_update done
[step 13100] value_loss=6.945739 policy_loss=0.805056
[step 13100] VALUE_DEBUG: target(mean=-12.43 std=7.35 min=-25.41 max=10.66) V(s)(mean=-12.41 std=6.12) reward(mean=-0.549 std=4.063) clip=50.0
[step 13100] eval_success_rate=0.200 eval_mean_score=13.440 eval_policy_mode=greedy [solved=10/50, score_range=10.00-16.00/16.0, initial=9.00]
[step 13100] PROGRESS: filled=13.44 violations=0.00 zero_cand=0.00
[step 13100] DEBUG: ep_len=13.8 ep_ret=-7.728 stop_prob=0.000 score_chg=4.4325
[DEBUG] train_step 13100: starting episode collection
[DEBUG] train_step 13100: episodes collected, starting value_update
[DEBUG] train_step 13100: value_update done, starting policy_update
[DEBUG] train_step 13100: policy_update done
[step 13150] value_loss=8.069592 policy_loss=0.338105
[step 13150] VALUE_DEBUG: target(mean=-11.91 std=6.51 min=-24.30 max=5.40) V(s)(mean=-12.18 std=5.76) reward(mean=-1.768 std=5.557) clip=50.0
[DEBUG] train_step 13150: starting episode collection
[DEBUG] train_step 13150: episodes collected, starting value_update
[DEBUG] train_step 13150: value_update done, starting policy_update
[DEBUG] train_step 13150: policy_update done
[step 13200] value_loss=9.039574 policy_loss=-1.458033
[step 13200] VALUE_DEBUG: target(mean=-14.40 std=4.25 min=-22.85 max=-4.55) V(s)(mean=-13.36 std=4.20) reward(mean=-1.825 std=4.632) clip=50.0
[step 13200] eval_success_rate=0.240 eval_mean_score=13.460 eval_policy_mode=greedy [solved=12/50, score_range=9.00-16.00/16.0, initial=9.00]
[step 13200] PROGRESS: filled=13.46 violations=0.00 zero_cand=0.00
[step 13200] DEBUG: ep_len=13.7 ep_ret=-7.803 stop_prob=0.000 score_chg=4.3025
[DEBUG] train_step 13200: starting episode collection
[DEBUG] train_step 13200: episodes collected, starting value_update
[DEBUG] train_step 13200: value_update done, starting policy_update
[DEBUG] train_step 13200: policy_update done
[step 13250] value_loss=9.507418 policy_loss=-1.256556
[step 13250] VALUE_DEBUG: target(mean=-12.66 std=6.35 min=-22.06 max=5.00) V(s)(mean=-11.17 std=5.79) reward(mean=-1.866 std=5.616) clip=50.0
[DEBUG] train_step 13250: starting episode collection
[DEBUG] train_step 13250: episodes collected, starting value_update
[DEBUG] train_step 13250: value_update done, starting policy_update
[DEBUG] train_step 13250: policy_update done
[step 13300] value_loss=8.963810 policy_loss=-0.123791
[step 13300] VALUE_DEBUG: target(mean=-13.57 std=5.28 min=-25.06 max=5.57) V(s)(mean=-12.92 std=4.97) reward(mean=-1.870 std=6.196) clip=50.0
[step 13300] eval_success_rate=0.180 eval_mean_score=13.300 eval_policy_mode=greedy [solved=9/50, score_range=9.00-16.00/16.0, initial=9.00]
[step 13300] PROGRESS: filled=13.30 violations=0.00 zero_cand=0.00
[step 13300] DEBUG: ep_len=13.4 ep_ret=-6.998 stop_prob=0.000 score_chg=4.3575
[DEBUG] train_step 13300: starting episode collection
[DEBUG] train_step 13300: episodes collected, starting value_update
[DEBUG] train_step 13300: value_update done, starting policy_update
[DEBUG] train_step 13300: policy_update done
[step 13350] value_loss=5.629116 policy_loss=0.017568
[step 13350] VALUE_DEBUG: target(mean=-12.11 std=6.07 min=-23.37 max=1.84) V(s)(mean=-11.96 std=5.53) reward(mean=0.099 std=3.104) clip=50.0
[DEBUG] train_step 13350: starting episode collection
[DEBUG] train_step 13350: episodes collected, starting value_update
[DEBUG] train_step 13350: value_update done, starting policy_update
[DEBUG] train_step 13350: policy_update done
[step 13400] value_loss=7.230019 policy_loss=0.243696
[step 13400] VALUE_DEBUG: target(mean=-8.78 std=8.61 min=-22.29 max=5.28) V(s)(mean=-8.26 std=8.08) reward(mean=-0.589 std=4.530) clip=50.0
[step 13400] eval_success_rate=0.240 eval_mean_score=13.040 eval_policy_mode=greedy [solved=12/50, score_range=9.00-16.00/16.0, initial=9.00]
[step 13400] PROGRESS: filled=13.04 violations=0.00 zero_cand=0.00
[step 13400] DEBUG: ep_len=13.5 ep_ret=-7.168 stop_prob=0.000 score_chg=4.3950
[DEBUG] train_step 13400: starting episode collection
[DEBUG] train_step 13400: episodes collected, starting value_update
[DEBUG] train_step 13400: value_update done, starting policy_update
[DEBUG] train_step 13400: policy_update done
[step 13450] value_loss=8.761399 policy_loss=-0.021545
[step 13450] VALUE_DEBUG: target(mean=-9.32 std=7.93 min=-19.76 max=8.08) V(s)(mean=-10.25 std=6.85) reward(mean=0.509 std=3.718) clip=50.0
[DEBUG] train_step 13450: starting episode collection
[DEBUG] train_step 13450: episodes collected, starting value_update
[DEBUG] train_step 13450: value_update done, starting policy_update
[DEBUG] train_step 13450: policy_update done
[step 13500] value_loss=4.605226 policy_loss=0.175591
[step 13500] VALUE_DEBUG: target(mean=-12.41 std=3.97 min=-18.42 max=1.84) V(s)(mean=-12.36 std=4.21) reward(mean=0.316 std=3.773) clip=50.0
[step 13500] eval_success_rate=0.220 eval_mean_score=13.420 eval_policy_mode=greedy [solved=11/50, score_range=10.00-16.00/16.0, initial=9.00]
[step 13500] PROGRESS: filled=13.42 violations=0.00 zero_cand=0.00
[step 13500] DEBUG: ep_len=13.6 ep_ret=-6.868 stop_prob=0.000 score_chg=4.4625
[DEBUG] train_step 13500: starting episode collection
[DEBUG] train_step 13500: episodes collected, starting value_update
[DEBUG] train_step 13500: value_update done, starting policy_update
[DEBUG] train_step 13500: policy_update done
[step 13550] value_loss=1.989480 policy_loss=-0.567152
[step 13550] VALUE_DEBUG: target(mean=-10.34 std=7.16 min=-19.97 max=5.48) V(s)(mean=-10.32 std=6.64) reward(mean=-0.400 std=3.350) clip=50.0
[DEBUG] train_step 13550: starting episode collection
[DEBUG] train_step 13550: episodes collected, starting value_update
[DEBUG] train_step 13550: value_update done, starting policy_update
[DEBUG] train_step 13550: policy_update done
[step 13600] value_loss=0.511260 policy_loss=-0.000416
[step 13600] VALUE_DEBUG: target(mean=-10.81 std=6.34 min=-17.93 max=4.64) V(s)(mean=-10.92 std=6.18) reward(mean=-0.277 std=3.005) clip=50.0
[step 13600] eval_success_rate=0.220 eval_mean_score=13.280 eval_policy_mode=greedy [solved=11/50, score_range=10.00-16.00/16.0, initial=9.00]
[step 13600] PROGRESS: filled=13.28 violations=0.00 zero_cand=0.00
[step 13600] DEBUG: ep_len=14.0 ep_ret=-8.382 stop_prob=0.000 score_chg=4.3150
[DEBUG] train_step 13600: starting episode collection
[DEBUG] train_step 13600: episodes collected, starting value_update
[DEBUG] train_step 13600: value_update done, starting policy_update
[DEBUG] train_step 13600: policy_update done
[step 13650] value_loss=6.805624 policy_loss=0.057491
[step 13650] VALUE_DEBUG: target(mean=-12.10 std=6.78 min=-19.85 max=3.94) V(s)(mean=-11.22 std=6.51) reward(mean=-1.020 std=4.466) clip=50.0
[DEBUG] train_step 13650: starting episode collection
[DEBUG] train_step 13650: episodes collected, starting value_update
[DEBUG] train_step 13650: value_update done, starting policy_update
[DEBUG] train_step 13650: policy_update done
[step 13700] value_loss=6.851638 policy_loss=0.678072
[step 13700] VALUE_DEBUG: target(mean=-13.22 std=5.64 min=-22.23 max=1.84) V(s)(mean=-12.82 std=4.51) reward(mean=-1.366 std=4.463) clip=50.0
[step 13700] eval_success_rate=0.220 eval_mean_score=12.920 eval_policy_mode=greedy [solved=11/50, score_range=9.00-16.00/16.0, initial=9.00]
[step 13700] PROGRESS: filled=12.92 violations=0.00 zero_cand=0.00
[step 13700] DEBUG: ep_len=13.7 ep_ret=-7.659 stop_prob=0.000 score_chg=4.5550
[DEBUG] train_step 13700: starting episode collection
[DEBUG] train_step 13700: episodes collected, starting value_update
[DEBUG] train_step 13700: value_update done, starting policy_update
[DEBUG] train_step 13700: policy_update done
[step 13750] value_loss=3.880597 policy_loss=-0.378408
[step 13750] VALUE_DEBUG: target(mean=-12.23 std=6.20 min=-22.65 max=6.84) V(s)(mean=-11.74 std=5.40) reward(mean=-1.088 std=4.395) clip=50.0
[DEBUG] train_step 13750: starting episode collection
[DEBUG] train_step 13750: episodes collected, starting value_update
[DEBUG] train_step 13750: value_update done, starting policy_update
[DEBUG] train_step 13750: policy_update done
[step 13800] value_loss=10.832007 policy_loss=0.520872
[step 13800] VALUE_DEBUG: target(mean=-9.12 std=7.75 min=-23.36 max=6.84) V(s)(mean=-9.33 std=6.88) reward(mean=-0.927 std=5.243) clip=50.0
[step 13800] eval_success_rate=0.200 eval_mean_score=13.060 eval_policy_mode=greedy [solved=10/50, score_range=10.00-16.00/16.0, initial=9.00]
[step 13800] PROGRESS: filled=13.06 violations=0.00 zero_cand=0.00
[step 13800] DEBUG: ep_len=13.6 ep_ret=-6.476 stop_prob=0.000 score_chg=4.7375
[DEBUG] train_step 13800: starting episode collection
[DEBUG] train_step 13800: episodes collected, starting value_update
[DEBUG] train_step 13800: value_update done, starting policy_update
[DEBUG] train_step 13800: policy_update done
[step 13850] value_loss=3.530025 policy_loss=0.020297
[step 13850] VALUE_DEBUG: target(mean=-10.77 std=6.98 min=-19.12 max=6.84) V(s)(mean=-10.43 std=6.86) reward(mean=-0.372 std=3.477) clip=50.0
[DEBUG] train_step 13850: starting episode collection
[DEBUG] train_step 13850: episodes collected, starting value_update
[DEBUG] train_step 13850: value_update done, starting policy_update
[DEBUG] train_step 13850: policy_update done
[step 13900] value_loss=4.047806 policy_loss=-0.485749
[step 13900] VALUE_DEBUG: target(mean=-13.46 std=5.30 min=-22.08 max=2.26) V(s)(mean=-13.32 std=4.98) reward(mean=-1.460 std=4.426) clip=50.0
[step 13900] eval_success_rate=0.300 eval_mean_score=13.220 eval_policy_mode=greedy [solved=15/50, score_range=10.00-16.00/16.0, initial=9.00]
[step 13900] PROGRESS: filled=13.22 violations=0.00 zero_cand=0.00
[step 13900] DEBUG: ep_len=13.3 ep_ret=-6.745 stop_prob=0.000 score_chg=4.4525
[DEBUG] train_step 13900: starting episode collection
[DEBUG] train_step 13900: episodes collected, starting value_update
[DEBUG] train_step 13900: value_update done, starting policy_update
[DEBUG] train_step 13900: policy_update done
[step 13950] value_loss=9.275281 policy_loss=-1.180014
[step 13950] VALUE_DEBUG: target(mean=-12.10 std=6.74 min=-21.00 max=3.14) V(s)(mean=-11.79 std=6.02) reward(mean=-1.109 std=5.191) clip=50.0
[DEBUG] train_step 13950: starting episode collection
[DEBUG] train_step 13950: episodes collected, starting value_update
[DEBUG] train_step 13950: value_update done, starting policy_update
[DEBUG] train_step 13950: policy_update done
[step 14000] value_loss=1.030315 policy_loss=1.062895
[step 14000] VALUE_DEBUG: target(mean=-11.21 std=5.90 min=-17.68 max=3.52) V(s)(mean=-10.97 std=5.68) reward(mean=-0.804 std=4.033) clip=50.0
[step 14000] eval_success_rate=0.220 eval_mean_score=13.500 eval_policy_mode=greedy [solved=11/50, score_range=10.00-16.00/16.0, initial=9.00]
[step 14000] PROGRESS: filled=13.50 violations=0.00 zero_cand=0.00
[step 14000] DEBUG: ep_len=13.6 ep_ret=-7.041 stop_prob=0.000 score_chg=4.4225
[Checkpoint] Saved to buiksat_trm/checkpoints/table3_hard_6to8_controlled_nomask_nc_r0_s7/rl_checkpoint_step_14000.pt
[DEBUG] train_step 14000: starting episode collection
[DEBUG] train_step 14000: episodes collected, starting value_update
[DEBUG] train_step 14000: value_update done, starting policy_update
[DEBUG] train_step 14000: policy_update done
[step 14050] value_loss=8.629903 policy_loss=-1.011261
[step 14050] VALUE_DEBUG: target(mean=-11.95 std=7.22 min=-24.49 max=3.69) V(s)(mean=-11.55 std=6.29) reward(mean=-1.852 std=5.831) clip=50.0
[DEBUG] train_step 14050: starting episode collection
[DEBUG] train_step 14050: episodes collected, starting value_update
[DEBUG] train_step 14050: value_update done, starting policy_update
[DEBUG] train_step 14050: policy_update done
[step 14100] value_loss=20.226482 policy_loss=0.466011
[step 14100] VALUE_DEBUG: target(mean=-11.66 std=6.40 min=-20.00 max=4.35) V(s)(mean=-12.12 std=5.51) reward(mean=-1.400 std=4.777) clip=50.0
[step 14100] eval_success_rate=0.260 eval_mean_score=13.040 eval_policy_mode=greedy [solved=13/50, score_range=10.00-16.00/16.0, initial=9.00]
[step 14100] PROGRESS: filled=13.04 violations=0.00 zero_cand=0.00
[step 14100] DEBUG: ep_len=13.5 ep_ret=-7.077 stop_prob=0.000 score_chg=4.5550
[DEBUG] train_step 14100: starting episode collection
[DEBUG] train_step 14100: episodes collected, starting value_update
[DEBUG] train_step 14100: value_update done, starting policy_update
[DEBUG] train_step 14100: policy_update done
[step 14150] value_loss=2.432642 policy_loss=-0.740028
[step 14150] VALUE_DEBUG: target(mean=-9.07 std=7.17 min=-17.20 max=4.57) V(s)(mean=-9.50 std=7.08) reward(mean=0.254 std=3.318) clip=50.0
[DEBUG] train_step 14150: starting episode collection
[DEBUG] train_step 14150: episodes collected, starting value_update
[DEBUG] train_step 14150: value_update done, starting policy_update
[DEBUG] train_step 14150: policy_update done
[step 14200] value_loss=8.123298 policy_loss=0.739354
[step 14200] VALUE_DEBUG: target(mean=-10.44 std=7.64 min=-24.88 max=5.25) V(s)(mean=-10.33 std=7.43) reward(mean=0.267 std=3.057) clip=50.0
[step 14200] eval_success_rate=0.180 eval_mean_score=12.940 eval_policy_mode=greedy [solved=9/50, score_range=9.00-16.00/16.0, initial=9.00]
[step 14200] PROGRESS: filled=12.94 violations=0.00 zero_cand=0.00
[step 14200] DEBUG: ep_len=13.8 ep_ret=-7.336 stop_prob=0.000 score_chg=4.5875
[DEBUG] train_step 14200: starting episode collection
[DEBUG] train_step 14200: episodes collected, starting value_update
[DEBUG] train_step 14200: value_update done, starting policy_update
[DEBUG] train_step 14200: policy_update done
[step 14250] value_loss=6.902473 policy_loss=0.242337
[step 14250] VALUE_DEBUG: target(mean=-8.72 std=8.81 min=-22.52 max=10.36) V(s)(mean=-8.32 std=7.90) reward(mean=-0.114 std=3.191) clip=50.0
[DEBUG] train_step 14250: starting episode collection
[DEBUG] train_step 14250: episodes collected, starting value_update
[DEBUG] train_step 14250: value_update done, starting policy_update
[DEBUG] train_step 14250: policy_update done
[step 14300] value_loss=4.849897 policy_loss=-0.016465
[step 14300] VALUE_DEBUG: target(mean=-11.62 std=6.26 min=-22.60 max=5.07) V(s)(mean=-11.94 std=5.74) reward(mean=0.569 std=2.573) clip=50.0
[step 14300] eval_success_rate=0.280 eval_mean_score=13.380 eval_policy_mode=greedy [solved=14/50, score_range=9.00-16.00/16.0, initial=9.00]
[step 14300] PROGRESS: filled=13.38 violations=0.00 zero_cand=0.00
[step 14300] DEBUG: ep_len=13.5 ep_ret=-6.873 stop_prob=0.000 score_chg=4.5075
[DEBUG] train_step 14300: starting episode collection
[DEBUG] train_step 14300: episodes collected, starting value_update
[DEBUG] train_step 14300: value_update done, starting policy_update
[DEBUG] train_step 14300: policy_update done
[step 14350] value_loss=2.083154 policy_loss=0.782252
[step 14350] VALUE_DEBUG: target(mean=-8.36 std=8.35 min=-18.15 max=4.76) V(s)(mean=-8.92 std=8.48) reward(mean=0.313 std=3.580) clip=50.0
[DEBUG] train_step 14350: starting episode collection
[DEBUG] train_step 14350: episodes collected, starting value_update
[DEBUG] train_step 14350: value_update done, starting policy_update
[DEBUG] train_step 14350: policy_update done
[step 14400] value_loss=5.246837 policy_loss=-0.128534
[step 14400] VALUE_DEBUG: target(mean=-9.71 std=7.08 min=-17.66 max=4.76) V(s)(mean=-10.04 std=7.40) reward(mean=0.065 std=3.070) clip=50.0
[step 14400] eval_success_rate=0.220 eval_mean_score=13.320 eval_policy_mode=greedy [solved=11/50, score_range=10.00-16.00/16.0, initial=9.00]
[step 14400] PROGRESS: filled=13.32 violations=0.00 zero_cand=0.00
[step 14400] DEBUG: ep_len=13.6 ep_ret=-6.728 stop_prob=0.000 score_chg=4.5125
[DEBUG] train_step 14400: starting episode collection
[DEBUG] train_step 14400: episodes collected, starting value_update
[DEBUG] train_step 14400: value_update done, starting policy_update
[DEBUG] train_step 14400: policy_update done
[step 14450] value_loss=3.805214 policy_loss=-0.438847
[step 14450] VALUE_DEBUG: target(mean=-10.59 std=6.94 min=-17.85 max=4.03) V(s)(mean=-10.97 std=6.98) reward(mean=-0.365 std=4.604) clip=50.0
[DEBUG] train_step 14450: starting episode collection
[DEBUG] train_step 14450: episodes collected, starting value_update
[DEBUG] train_step 14450: value_update done, starting policy_update
[DEBUG] train_step 14450: policy_update done
[step 14500] value_loss=5.506603 policy_loss=0.122145
[step 14500] VALUE_DEBUG: target(mean=-8.36 std=7.13 min=-18.77 max=4.37) V(s)(mean=-8.13 std=7.37) reward(mean=0.447 std=2.801) clip=50.0
[step 14500] eval_success_rate=0.220 eval_mean_score=13.020 eval_policy_mode=greedy [solved=11/50, score_range=9.00-16.00/16.0, initial=9.00]
[step 14500] PROGRESS: filled=13.02 violations=0.00 zero_cand=0.00
[step 14500] DEBUG: ep_len=13.9 ep_ret=-7.867 stop_prob=0.000 score_chg=4.3350
[DEBUG] train_step 14500: starting episode collection
[DEBUG] train_step 14500: episodes collected, starting value_update
[DEBUG] train_step 14500: value_update done, starting policy_update
[DEBUG] train_step 14500: policy_update done
[step 14550] value_loss=11.997206 policy_loss=-0.285609
[step 14550] VALUE_DEBUG: target(mean=-11.52 std=7.28 min=-26.24 max=3.76) V(s)(mean=-10.90 std=6.20) reward(mean=-0.929 std=5.000) clip=50.0
[DEBUG] train_step 14550: starting episode collection
[DEBUG] train_step 14550: episodes collected, starting value_update
[DEBUG] train_step 14550: value_update done, starting policy_update
[DEBUG] train_step 14550: policy_update done
[step 14600] value_loss=4.798588 policy_loss=0.132364
[step 14600] VALUE_DEBUG: target(mean=-10.62 std=7.31 min=-22.15 max=6.31) V(s)(mean=-10.32 std=6.89) reward(mean=0.013 std=2.767) clip=50.0
[step 14600] eval_success_rate=0.240 eval_mean_score=13.060 eval_policy_mode=greedy [solved=12/50, score_range=9.00-16.00/16.0, initial=9.00]
[step 14600] PROGRESS: filled=13.06 violations=0.00 zero_cand=0.00
[step 14600] DEBUG: ep_len=14.0 ep_ret=-8.007 stop_prob=0.000 score_chg=4.2150
[DEBUG] train_step 14600: starting episode collection
[DEBUG] train_step 14600: episodes collected, starting value_update
[DEBUG] train_step 14600: value_update done, starting policy_update
[DEBUG] train_step 14600: policy_update done
[step 14650] value_loss=4.875747 policy_loss=0.022566
[step 14650] VALUE_DEBUG: target(mean=-11.96 std=6.68 min=-18.88 max=5.19) V(s)(mean=-12.58 std=6.39) reward(mean=-1.367 std=4.860) clip=50.0
[DEBUG] train_step 14650: starting episode collection
[DEBUG] train_step 14650: episodes collected, starting value_update
[DEBUG] train_step 14650: value_update done, starting policy_update
[DEBUG] train_step 14650: policy_update done
[step 14700] value_loss=0.891015 policy_loss=0.101620
[step 14700] VALUE_DEBUG: target(mean=-10.68 std=7.11 min=-19.04 max=4.88) V(s)(mean=-10.83 std=7.11) reward(mean=-0.649 std=4.038) clip=50.0
[step 14700] eval_success_rate=0.180 eval_mean_score=13.160 eval_policy_mode=greedy [solved=9/50, score_range=9.00-16.00/16.0, initial=9.00]
[step 14700] PROGRESS: filled=13.16 violations=0.00 zero_cand=0.00
[step 14700] DEBUG: ep_len=13.7 ep_ret=-7.405 stop_prob=0.000 score_chg=4.1900
[DEBUG] train_step 14700: starting episode collection
[DEBUG] train_step 14700: episodes collected, starting value_update
[DEBUG] train_step 14700: value_update done, starting policy_update
[DEBUG] train_step 14700: policy_update done
[step 14750] value_loss=9.158600 policy_loss=0.668951
[step 14750] VALUE_DEBUG: target(mean=-9.86 std=7.46 min=-19.12 max=5.16) V(s)(mean=-10.69 std=6.86) reward(mean=-0.212 std=4.525) clip=50.0
[DEBUG] train_step 14750: starting episode collection
[DEBUG] train_step 14750: episodes collected, starting value_update
[DEBUG] train_step 14750: value_update done, starting policy_update
[DEBUG] train_step 14750: policy_update done
[step 14800] value_loss=6.894495 policy_loss=0.232032
[step 14800] VALUE_DEBUG: target(mean=-10.21 std=5.89 min=-19.20 max=4.45) V(s)(mean=-11.24 std=5.66) reward(mean=1.096 std=3.841) clip=50.0
[step 14800] eval_success_rate=0.140 eval_mean_score=13.540 eval_policy_mode=greedy [solved=7/50, score_range=9.00-16.00/16.0, initial=9.00]
[step 14800] PROGRESS: filled=13.54 violations=0.00 zero_cand=0.00
[step 14800] DEBUG: ep_len=14.1 ep_ret=-8.026 stop_prob=0.000 score_chg=4.5325
[DEBUG] train_step 14800: starting episode collection
[DEBUG] train_step 14800: episodes collected, starting value_update
[DEBUG] train_step 14800: value_update done, starting policy_update
[DEBUG] train_step 14800: policy_update done
[step 14850] value_loss=3.768897 policy_loss=-0.004857
[step 14850] VALUE_DEBUG: target(mean=-9.63 std=6.75 min=-17.42 max=6.84) V(s)(mean=-9.97 std=7.03) reward(mean=0.693 std=1.934) clip=50.0
[DEBUG] train_step 14850: starting episode collection
[DEBUG] train_step 14850: episodes collected, starting value_update
[DEBUG] train_step 14850: value_update done, starting policy_update
[DEBUG] train_step 14850: policy_update done
[step 14900] value_loss=6.514034 policy_loss=-0.201112
[step 14900] VALUE_DEBUG: target(mean=-8.54 std=8.51 min=-21.03 max=6.84) V(s)(mean=-7.90 std=7.61) reward(mean=-0.384 std=3.160) clip=50.0
[step 14900] eval_success_rate=0.200 eval_mean_score=13.420 eval_policy_mode=greedy [solved=10/50, score_range=9.00-16.00/16.0, initial=9.00]
[step 14900] PROGRESS: filled=13.54 violations=0.06 zero_cand=0.00
[step 14900] DEBUG: ep_len=13.9 ep_ret=-7.472 stop_prob=0.000 score_chg=4.5300
[DEBUG] train_step 14900: starting episode collection
[DEBUG] train_step 14900: episodes collected, starting value_update
[DEBUG] train_step 14900: value_update done, starting policy_update
[DEBUG] train_step 14900: policy_update done
[step 14950] value_loss=6.240311 policy_loss=-0.328570
[step 14950] VALUE_DEBUG: target(mean=-11.55 std=7.80 min=-24.64 max=5.72) V(s)(mean=-10.75 std=6.90) reward(mean=-0.517 std=2.570) clip=50.0
[DEBUG] train_step 14950: starting episode collection
[DEBUG] train_step 14950: episodes collected, starting value_update
[DEBUG] train_step 14950: value_update done, starting policy_update
[DEBUG] train_step 14950: policy_update done
[step 15000] value_loss=4.724899 policy_loss=0.821584
[step 15000] VALUE_DEBUG: target(mean=-11.31 std=6.55 min=-19.76 max=4.38) V(s)(mean=-12.18 std=6.36) reward(mean=0.189 std=3.712) clip=50.0
[step 15000] eval_success_rate=0.200 eval_mean_score=13.660 eval_policy_mode=greedy [solved=10/50, score_range=9.00-16.00/16.0, initial=9.00]
[step 15000] PROGRESS: filled=13.66 violations=0.00 zero_cand=0.00
[step 15000] DEBUG: ep_len=14.2 ep_ret=-8.104 stop_prob=0.000 score_chg=4.1425
[Checkpoint] Saved to buiksat_trm/checkpoints/table3_hard_6to8_controlled_nomask_nc_r0_s7/rl_checkpoint_step_15000.pt
[DEBUG] train_step 15000: starting episode collection
[DEBUG] train_step 15000: episodes collected, starting value_update
[DEBUG] train_step 15000: value_update done, starting policy_update
[DEBUG] train_step 15000: policy_update done
[step 15050] value_loss=5.199550 policy_loss=-0.160040
[step 15050] VALUE_DEBUG: target(mean=-10.88 std=7.04 min=-21.50 max=5.12) V(s)(mean=-10.28 std=6.84) reward(mean=-1.837 std=5.077) clip=50.0
[DEBUG] train_step 15050: starting episode collection
[DEBUG] train_step 15050: episodes collected, starting value_update
[DEBUG] train_step 15050: value_update done, starting policy_update
[DEBUG] train_step 15050: policy_update done
[step 15100] value_loss=9.162722 policy_loss=0.318567
[step 15100] VALUE_DEBUG: target(mean=-10.67 std=8.14 min=-20.02 max=6.84) V(s)(mean=-11.13 std=7.27) reward(mean=-0.900 std=6.283) clip=50.0
[step 15100] eval_success_rate=0.160 eval_mean_score=13.500 eval_policy_mode=greedy [solved=8/50, score_range=9.00-16.00/16.0, initial=9.00]
[step 15100] PROGRESS: filled=13.50 violations=0.00 zero_cand=0.00
[step 15100] DEBUG: ep_len=14.1 ep_ret=-7.675 stop_prob=0.000 score_chg=4.5250
[DEBUG] train_step 15100: starting episode collection
[DEBUG] train_step 15100: episodes collected, starting value_update
[DEBUG] train_step 15100: value_update done, starting policy_update
[DEBUG] train_step 15100: policy_update done
[step 15150] value_loss=5.923532 policy_loss=0.080296
[step 15150] VALUE_DEBUG: target(mean=-9.03 std=8.86 min=-23.01 max=5.71) V(s)(mean=-8.88 std=8.48) reward(mean=-0.051 std=2.683) clip=50.0
[DEBUG] train_step 15150: starting episode collection
[DEBUG] train_step 15150: episodes collected, starting value_update
[DEBUG] train_step 15150: value_update done, starting policy_update
[DEBUG] train_step 15150: policy_update done
[step 15200] value_loss=51.047504 policy_loss=0.163763
[step 15200] VALUE_DEBUG: target(mean=-9.97 std=8.74 min=-25.00 max=5.72) V(s)(mean=-7.75 std=8.67) reward(mean=-1.958 std=6.665) clip=50.0
[step 15200] eval_success_rate=0.160 eval_mean_score=13.560 eval_policy_mode=greedy [solved=8/50, score_range=10.00-16.00/16.0, initial=9.00]
[step 15200] PROGRESS: filled=13.56 violations=0.00 zero_cand=0.00
[step 15200] DEBUG: ep_len=14.3 ep_ret=-7.984 stop_prob=0.000 score_chg=4.4700
[DEBUG] train_step 15200: starting episode collection
[DEBUG] train_step 15200: episodes collected, starting value_update
[DEBUG] train_step 15200: value_update done, starting policy_update
[DEBUG] train_step 15200: policy_update done
[step 15250] value_loss=7.018761 policy_loss=-0.061227
[step 15250] VALUE_DEBUG: target(mean=-8.60 std=8.67 min=-24.33 max=4.67) V(s)(mean=-8.33 std=8.19) reward(mean=-1.113 std=4.773) clip=50.0
[DEBUG] train_step 15250: starting episode collection
[DEBUG] train_step 15250: episodes collected, starting value_update
[DEBUG] train_step 15250: value_update done, starting policy_update
[DEBUG] train_step 15250: policy_update done
[step 15300] value_loss=7.000530 policy_loss=-0.386936
[step 15300] VALUE_DEBUG: target(mean=-9.35 std=7.69 min=-18.62 max=9.58) V(s)(mean=-8.91 std=7.33) reward(mean=-0.115 std=4.075) clip=50.0
[step 15300] eval_success_rate=0.120 eval_mean_score=13.240 eval_policy_mode=greedy [solved=6/50, score_range=10.00-16.00/16.0, initial=9.00]
[step 15300] PROGRESS: filled=13.24 violations=0.00 zero_cand=0.00
[step 15300] DEBUG: ep_len=14.1 ep_ret=-7.659 stop_prob=0.000 score_chg=4.4850
[DEBUG] train_step 15300: starting episode collection
[DEBUG] train_step 15300: episodes collected, starting value_update
[DEBUG] train_step 15300: value_update done, starting policy_update
[DEBUG] train_step 15300: policy_update done
[step 15350] value_loss=24.401125 policy_loss=0.082397
[step 15350] VALUE_DEBUG: target(mean=-7.95 std=7.35 min=-16.15 max=4.59) V(s)(mean=-7.15 std=7.55) reward(mean=-0.501 std=5.393) clip=50.0
[DEBUG] train_step 15350: starting episode collection
[DEBUG] train_step 15350: episodes collected, starting value_update
[DEBUG] train_step 15350: value_update done, starting policy_update
[DEBUG] train_step 15350: policy_update done
[step 15400] value_loss=19.798332 policy_loss=-0.193572
[step 15400] VALUE_DEBUG: target(mean=-10.53 std=7.92 min=-21.24 max=5.48) V(s)(mean=-9.52 std=8.08) reward(mean=-0.553 std=4.168) clip=50.0
[step 15400] eval_success_rate=0.120 eval_mean_score=13.160 eval_policy_mode=greedy [solved=6/50, score_range=10.00-16.00/16.0, initial=9.00]
[step 15400] PROGRESS: filled=13.16 violations=0.00 zero_cand=0.00
[step 15400] DEBUG: ep_len=14.5 ep_ret=-9.212 stop_prob=0.000 score_chg=4.1150
[DEBUG] train_step 15400: starting episode collection
[DEBUG] train_step 15400: episodes collected, starting value_update
[DEBUG] train_step 15400: value_update done, starting policy_update
[DEBUG] train_step 15400: policy_update done
[step 15450] value_loss=5.626305 policy_loss=-0.587875
[step 15450] VALUE_DEBUG: target(mean=-11.05 std=7.91 min=-23.11 max=6.84) V(s)(mean=-10.39 std=6.96) reward(mean=-0.390 std=2.670) clip=50.0
[DEBUG] train_step 15450: starting episode collection
[DEBUG] train_step 15450: episodes collected, starting value_update
[DEBUG] train_step 15450: value_update done, starting policy_update
[DEBUG] train_step 15450: policy_update done
[step 15500] value_loss=5.477064 policy_loss=0.376791
[step 15500] VALUE_DEBUG: target(mean=-9.87 std=8.25 min=-20.10 max=8.55) V(s)(mean=-9.93 std=7.24) reward(mean=-0.268 std=2.945) clip=50.0
[step 15500] eval_success_rate=0.180 eval_mean_score=13.300 eval_policy_mode=greedy [solved=9/50, score_range=9.00-16.00/16.0, initial=9.00]
[step 15500] PROGRESS: filled=13.30 violations=0.00 zero_cand=0.00
[step 15500] DEBUG: ep_len=14.0 ep_ret=-7.447 stop_prob=0.000 score_chg=4.6550
[DEBUG] train_step 15500: starting episode collection
[DEBUG] train_step 15500: episodes collected, starting value_update
[DEBUG] train_step 15500: value_update done, starting policy_update
[DEBUG] train_step 15500: policy_update done
[step 15550] value_loss=2.734922 policy_loss=-0.151595
[step 15550] VALUE_DEBUG: target(mean=-10.78 std=6.87 min=-19.20 max=5.73) V(s)(mean=-11.31 std=6.86) reward(mean=0.355 std=1.473) clip=50.0
[DEBUG] train_step 15550: starting episode collection
[DEBUG] train_step 15550: episodes collected, starting value_update
[DEBUG] train_step 15550: value_update done, starting policy_update
[DEBUG] train_step 15550: policy_update done
[step 15600] value_loss=6.492725 policy_loss=-1.672625
[step 15600] VALUE_DEBUG: target(mean=-8.26 std=7.79 min=-16.80 max=10.98) V(s)(mean=-8.30 std=7.82) reward(mean=-0.245 std=4.916) clip=50.0
[step 15600] eval_success_rate=0.100 eval_mean_score=13.120 eval_policy_mode=greedy [solved=5/50, score_range=9.00-16.00/16.0, initial=9.00]
[step 15600] PROGRESS: filled=13.12 violations=0.00 zero_cand=0.00
[step 15600] DEBUG: ep_len=14.0 ep_ret=-7.375 stop_prob=0.000 score_chg=4.6250
[DEBUG] train_step 15600: starting episode collection
[DEBUG] train_step 15600: episodes collected, starting value_update
[DEBUG] train_step 15600: value_update done, starting policy_update
[DEBUG] train_step 15600: policy_update done
[step 15650] value_loss=5.375985 policy_loss=0.712730
[step 15650] VALUE_DEBUG: target(mean=-11.15 std=7.72 min=-19.19 max=8.30) V(s)(mean=-11.63 std=7.33) reward(mean=-1.000 std=6.151) clip=50.0
[DEBUG] train_step 15650: starting episode collection
[DEBUG] train_step 15650: episodes collected, starting value_update
[DEBUG] train_step 15650: value_update done, starting policy_update
[DEBUG] train_step 15650: policy_update done
[step 15700] value_loss=4.348238 policy_loss=0.279509
[step 15700] VALUE_DEBUG: target(mean=-5.58 std=8.59 min=-22.40 max=6.78) V(s)(mean=-5.60 std=8.03) reward(mean=0.199 std=2.736) clip=50.0
[step 15700] eval_success_rate=0.100 eval_mean_score=13.000 eval_policy_mode=greedy [solved=5/50, score_range=9.00-16.00/16.0, initial=9.00]
[step 15700] PROGRESS: filled=13.00 violations=0.00 zero_cand=0.00
[step 15700] DEBUG: ep_len=13.9 ep_ret=-7.413 stop_prob=0.000 score_chg=4.4075
[DEBUG] train_step 15700: starting episode collection
[DEBUG] train_step 15700: episodes collected, starting value_update
[DEBUG] train_step 15700: value_update done, starting policy_update
[DEBUG] train_step 15700: policy_update done
[step 15750] value_loss=1.563205 policy_loss=1.039906
[step 15750] VALUE_DEBUG: target(mean=-6.28 std=9.35 min=-19.09 max=8.59) V(s)(mean=-6.61 std=8.99) reward(mean=-0.437 std=4.134) clip=50.0
[DEBUG] train_step 15750: starting episode collection
[DEBUG] train_step 15750: episodes collected, starting value_update
[DEBUG] train_step 15750: value_update done, starting policy_update
[DEBUG] train_step 15750: policy_update done
[step 15800] value_loss=4.759365 policy_loss=-0.808982
[step 15800] VALUE_DEBUG: target(mean=-8.19 std=8.89 min=-25.03 max=5.44) V(s)(mean=-7.70 std=8.46) reward(mean=-0.683 std=4.697) clip=50.0
[step 15800] eval_success_rate=0.100 eval_mean_score=12.900 eval_policy_mode=greedy [solved=5/50, score_range=9.00-16.00/16.0, initial=9.00]
[step 15800] PROGRESS: filled=12.90 violations=0.00 zero_cand=0.00
[step 15800] DEBUG: ep_len=14.0 ep_ret=-6.693 stop_prob=0.000 score_chg=4.7725
[DEBUG] train_step 15800: starting episode collection
[DEBUG] train_step 15800: episodes collected, starting value_update
[DEBUG] train_step 15800: value_update done, starting policy_update
[DEBUG] train_step 15800: policy_update done
[step 15850] value_loss=3.909983 policy_loss=0.105758
[step 15850] VALUE_DEBUG: target(mean=-9.49 std=7.32 min=-22.94 max=6.30) V(s)(mean=-9.42 std=7.05) reward(mean=0.198 std=2.155) clip=50.0
[DEBUG] train_step 15850: starting episode collection
[DEBUG] train_step 15850: episodes collected, starting value_update
[DEBUG] train_step 15850: value_update done, starting policy_update
[DEBUG] train_step 15850: policy_update done
[step 15900] value_loss=3.446225 policy_loss=0.396233
[step 15900] VALUE_DEBUG: target(mean=-8.33 std=8.93 min=-23.12 max=6.69) V(s)(mean=-8.05 std=8.45) reward(mean=-0.120 std=2.207) clip=50.0
[step 15900] eval_success_rate=0.060 eval_mean_score=12.880 eval_policy_mode=greedy [solved=3/50, score_range=9.00-16.00/16.0, initial=9.00]
[step 15900] PROGRESS: filled=12.88 violations=0.00 zero_cand=0.00
[step 15900] DEBUG: ep_len=14.0 ep_ret=-7.379 stop_prob=0.000 score_chg=4.4600
[DEBUG] train_step 15900: starting episode collection
[DEBUG] train_step 15900: episodes collected, starting value_update
[DEBUG] train_step 15900: value_update done, starting policy_update
[DEBUG] train_step 15900: policy_update done
[step 15950] value_loss=5.982594 policy_loss=0.474052
[step 15950] VALUE_DEBUG: target(mean=-10.92 std=7.21 min=-22.78 max=5.17) V(s)(mean=-11.30 std=6.31) reward(mean=-0.204 std=3.762) clip=50.0
[DEBUG] train_step 15950: starting episode collection
[DEBUG] train_step 15950: episodes collected, starting value_update
[DEBUG] train_step 15950: value_update done, starting policy_update
[DEBUG] train_step 15950: policy_update done
[step 16000] value_loss=18.140676 policy_loss=-0.471700
[step 16000] VALUE_DEBUG: target(mean=-7.23 std=8.67 min=-19.16 max=10.05) V(s)(mean=-8.34 std=8.09) reward(mean=-0.461 std=4.972) clip=50.0
[step 16000] eval_success_rate=0.060 eval_mean_score=13.140 eval_policy_mode=greedy [solved=3/50, score_range=9.00-16.00/16.0, initial=9.00]
[step 16000] PROGRESS: filled=13.14 violations=0.00 zero_cand=0.00
[step 16000] DEBUG: ep_len=14.0 ep_ret=-6.887 stop_prob=0.000 score_chg=4.6225
[Checkpoint] Saved to buiksat_trm/checkpoints/table3_hard_6to8_controlled_nomask_nc_r0_s7/rl_checkpoint_step_16000.pt
[DEBUG] train_step 16000: starting episode collection
[DEBUG] train_step 16000: episodes collected, starting value_update
[DEBUG] train_step 16000: value_update done, starting policy_update
[DEBUG] train_step 16000: policy_update done
[step 16050] value_loss=16.296860 policy_loss=-0.257809
[step 16050] VALUE_DEBUG: target(mean=-9.94 std=8.13 min=-21.68 max=5.20) V(s)(mean=-9.16 std=8.26) reward(mean=-1.363 std=4.740) clip=50.0
[DEBUG] train_step 16050: starting episode collection
[DEBUG] train_step 16050: episodes collected, starting value_update
[DEBUG] train_step 16050: value_update done, starting policy_update
[DEBUG] train_step 16050: policy_update done
[step 16100] value_loss=2.768243 policy_loss=0.250476
[step 16100] VALUE_DEBUG: target(mean=-9.70 std=8.46 min=-18.51 max=6.99) V(s)(mean=-9.43 std=7.73) reward(mean=-0.892 std=4.267) clip=50.0
[step 16100] eval_success_rate=0.140 eval_mean_score=13.320 eval_policy_mode=greedy [solved=7/50, score_range=9.00-16.00/16.0, initial=9.00]
[step 16100] PROGRESS: filled=13.32 violations=0.00 zero_cand=0.00
[step 16100] DEBUG: ep_len=13.8 ep_ret=-6.453 stop_prob=0.000 score_chg=4.7325
[DEBUG] train_step 16100: starting episode collection
[DEBUG] train_step 16100: episodes collected, starting value_update
[DEBUG] train_step 16100: value_update done, starting policy_update
[DEBUG] train_step 16100: policy_update done
[step 16150] value_loss=2.797128 policy_loss=0.295018
[step 16150] VALUE_DEBUG: target(mean=-11.03 std=6.76 min=-18.68 max=4.88) V(s)(mean=-10.71 std=6.55) reward(mean=0.101 std=2.110) clip=50.0
[DEBUG] train_step 16150: starting episode collection
[DEBUG] train_step 16150: episodes collected, starting value_update
[DEBUG] train_step 16150: value_update done, starting policy_update
[DEBUG] train_step 16150: policy_update done
[step 16200] value_loss=6.356558 policy_loss=-0.511717
[step 16200] VALUE_DEBUG: target(mean=-9.37 std=8.71 min=-22.03 max=9.09) V(s)(mean=-9.51 std=8.14) reward(mean=-0.350 std=5.128) clip=50.0
[step 16200] eval_success_rate=0.200 eval_mean_score=13.560 eval_policy_mode=greedy [solved=10/50, score_range=9.00-16.00/16.0, initial=9.00]
[step 16200] PROGRESS: filled=13.56 violations=0.00 zero_cand=0.00
[step 16200] DEBUG: ep_len=13.5 ep_ret=-6.441 stop_prob=0.000 score_chg=4.4225
[DEBUG] train_step 16200: starting episode collection
[DEBUG] train_step 16200: episodes collected, starting value_update
[DEBUG] train_step 16200: value_update done, starting policy_update
[DEBUG] train_step 16200: policy_update done
[step 16250] value_loss=4.247091 policy_loss=-0.603040
[step 16250] VALUE_DEBUG: target(mean=-9.00 std=8.42 min=-20.06 max=6.84) V(s)(mean=-8.97 std=8.24) reward(mean=0.318 std=2.305) clip=50.0
[DEBUG] train_step 16250: starting episode collection
[DEBUG] train_step 16250: episodes collected, starting value_update
[DEBUG] train_step 16250: value_update done, starting policy_update
[DEBUG] train_step 16250: policy_update done
[step 16300] value_loss=11.001819 policy_loss=0.385042
[step 16300] VALUE_DEBUG: target(mean=-7.56 std=8.63 min=-23.65 max=6.22) V(s)(mean=-7.25 std=8.08) reward(mean=-1.285 std=5.128) clip=50.0
[step 16300] eval_success_rate=0.200 eval_mean_score=13.100 eval_policy_mode=greedy [solved=10/50, score_range=9.00-16.00/16.0, initial=9.00]
[step 16300] PROGRESS: filled=13.10 violations=0.00 zero_cand=0.00
[step 16300] DEBUG: ep_len=13.5 ep_ret=-5.615 stop_prob=0.000 score_chg=4.7800
[DEBUG] train_step 16300: starting episode collection
[DEBUG] train_step 16300: episodes collected, starting value_update
[DEBUG] train_step 16300: value_update done, starting policy_update
[DEBUG] train_step 16300: policy_update done
[step 16350] value_loss=7.087576 policy_loss=0.684866
[step 16350] VALUE_DEBUG: target(mean=-9.60 std=8.35 min=-23.44 max=5.40) V(s)(mean=-8.61 std=7.77) reward(mean=-0.735 std=3.168) clip=50.0
[DEBUG] train_step 16350: starting episode collection
[DEBUG] train_step 16350: episodes collected, starting value_update
[DEBUG] train_step 16350: value_update done, starting policy_update
[DEBUG] train_step 16350: policy_update done
[step 16400] value_loss=1.758846 policy_loss=1.070945
[step 16400] VALUE_DEBUG: target(mean=-8.85 std=8.34 min=-20.14 max=6.34) V(s)(mean=-8.81 std=7.77) reward(mean=0.190 std=1.835) clip=50.0
[step 16400] eval_success_rate=0.080 eval_mean_score=12.980 eval_policy_mode=greedy [solved=4/50, score_range=9.00-16.00/16.0, initial=9.00]
[step 16400] PROGRESS: filled=12.98 violations=0.00 zero_cand=0.00
[step 16400] DEBUG: ep_len=13.5 ep_ret=-5.543 stop_prob=0.000 score_chg=5.0450
[DEBUG] train_step 16400: starting episode collection
[DEBUG] train_step 16400: episodes collected, starting value_update
[DEBUG] train_step 16400: value_update done, starting policy_update
[DEBUG] train_step 16400: policy_update done
[step 16450] value_loss=3.383906 policy_loss=-1.491546
[step 16450] VALUE_DEBUG: target(mean=-10.02 std=7.52 min=-18.65 max=8.38) V(s)(mean=-10.44 std=7.08) reward(mean=-1.595 std=5.828) clip=50.0
[DEBUG] train_step 16450: starting episode collection
[DEBUG] train_step 16450: episodes collected, starting value_update
[DEBUG] train_step 16450: value_update done, starting policy_update
[DEBUG] train_step 16450: policy_update done
[step 16500] value_loss=3.629589 policy_loss=-0.316834
[step 16500] VALUE_DEBUG: target(mean=-9.28 std=6.89 min=-20.42 max=4.05) V(s)(mean=-9.73 std=6.49) reward(mean=0.408 std=3.896) clip=50.0
[step 16500] eval_success_rate=0.120 eval_mean_score=12.940 eval_policy_mode=greedy [solved=6/50, score_range=9.00-16.00/16.0, initial=9.00]
[step 16500] PROGRESS: filled=12.94 violations=0.00 zero_cand=0.00
[step 16500] DEBUG: ep_len=13.2 ep_ret=-4.468 stop_prob=0.000 score_chg=5.0700
[DEBUG] train_step 16500: starting episode collection
[DEBUG] train_step 16500: episodes collected, starting value_update
[DEBUG] train_step 16500: value_update done, starting policy_update
[DEBUG] train_step 16500: policy_update done
[step 16550] value_loss=1.521443 policy_loss=0.619330
[step 16550] VALUE_DEBUG: target(mean=-10.92 std=5.97 min=-18.21 max=2.22) V(s)(mean=-10.89 std=5.81) reward(mean=-0.217 std=3.218) clip=50.0
[DEBUG] train_step 16550: starting episode collection
[DEBUG] train_step 16550: episodes collected, starting value_update
[DEBUG] train_step 16550: value_update done, starting policy_update
[DEBUG] train_step 16550: policy_update done
[step 16600] value_loss=2.583851 policy_loss=-0.069067
[step 16600] VALUE_DEBUG: target(mean=-6.84 std=8.33 min=-18.26 max=4.55) V(s)(mean=-6.92 std=8.06) reward(mean=0.149 std=3.137) clip=50.0
[step 16600] eval_success_rate=0.120 eval_mean_score=13.000 eval_policy_mode=greedy [solved=6/50, score_range=9.00-16.00/16.0, initial=9.00]
[step 16600] PROGRESS: filled=13.00 violations=0.00 zero_cand=0.00
[step 16600] DEBUG: ep_len=13.6 ep_ret=-5.912 stop_prob=0.000 score_chg=4.8700
[DEBUG] train_step 16600: starting episode collection
[DEBUG] train_step 16600: episodes collected, starting value_update
[DEBUG] train_step 16600: value_update done, starting policy_update
[DEBUG] train_step 16600: policy_update done
[step 16650] value_loss=8.880597 policy_loss=0.673990
[step 16650] VALUE_DEBUG: target(mean=-6.90 std=8.45 min=-24.28 max=7.67) V(s)(mean=-7.33 std=8.01) reward(mean=0.472 std=3.437) clip=50.0
[DEBUG] train_step 16650: starting episode collection
[DEBUG] train_step 16650: episodes collected, starting value_update
[DEBUG] train_step 16650: value_update done, starting policy_update
[DEBUG] train_step 16650: policy_update done
[step 16700] value_loss=6.404413 policy_loss=0.413506
[step 16700] VALUE_DEBUG: target(mean=-9.04 std=6.69 min=-18.52 max=4.14) V(s)(mean=-9.26 std=6.76) reward(mean=-0.056 std=3.920) clip=50.0
[step 16700] eval_success_rate=0.140 eval_mean_score=13.180 eval_policy_mode=greedy [solved=7/50, score_range=9.00-16.00/16.0, initial=9.00]
[step 16700] PROGRESS: filled=13.18 violations=0.00 zero_cand=0.00
[step 16700] DEBUG: ep_len=13.7 ep_ret=-5.207 stop_prob=0.000 score_chg=5.0950
[DEBUG] train_step 16700: starting episode collection
[DEBUG] train_step 16700: episodes collected, starting value_update
[DEBUG] train_step 16700: value_update done, starting policy_update
[DEBUG] train_step 16700: policy_update done
[step 16750] value_loss=5.392983 policy_loss=0.094443
[step 16750] VALUE_DEBUG: target(mean=-11.84 std=6.21 min=-17.81 max=4.97) V(s)(mean=-11.18 std=6.64) reward(mean=-1.333 std=4.403) clip=50.0
[DEBUG] train_step 16750: starting episode collection
[DEBUG] train_step 16750: episodes collected, starting value_update
[DEBUG] train_step 16750: value_update done, starting policy_update
[DEBUG] train_step 16750: policy_update done
[step 16800] value_loss=15.399012 policy_loss=0.988667
[step 16800] VALUE_DEBUG: target(mean=-9.78 std=7.12 min=-17.60 max=5.78) V(s)(mean=-9.35 std=6.88) reward(mean=-0.643 std=4.746) clip=50.0
[step 16800] eval_success_rate=0.160 eval_mean_score=13.420 eval_policy_mode=greedy [solved=8/50, score_range=9.00-16.00/16.0, initial=9.00]
[step 16800] PROGRESS: filled=13.42 violations=0.00 zero_cand=0.00
[step 16800] DEBUG: ep_len=13.4 ep_ret=-4.791 stop_prob=0.000 score_chg=5.1400
[DEBUG] train_step 16800: starting episode collection
[DEBUG] train_step 16800: episodes collected, starting value_update
[DEBUG] train_step 16800: value_update done, starting policy_update
[DEBUG] train_step 16800: policy_update done
[step 16850] value_loss=3.543008 policy_loss=-1.253731
[step 16850] VALUE_DEBUG: target(mean=-8.33 std=8.17 min=-17.79 max=5.32) V(s)(mean=-8.78 std=7.89) reward(mean=0.438 std=0.664) clip=50.0
[DEBUG] train_step 16850: starting episode collection
[DEBUG] train_step 16850: episodes collected, starting value_update
[DEBUG] train_step 16850: value_update done, starting policy_update
[DEBUG] train_step 16850: policy_update done
[step 16900] value_loss=12.444551 policy_loss=0.484488
[step 16900] VALUE_DEBUG: target(mean=-7.00 std=8.33 min=-18.14 max=14.24) V(s)(mean=-6.95 std=7.34) reward(mean=0.315 std=4.532) clip=50.0
[step 16900] eval_success_rate=0.180 eval_mean_score=13.340 eval_policy_mode=greedy [solved=9/50, score_range=9.00-16.00/16.0, initial=9.00]
[step 16900] PROGRESS: filled=13.34 violations=0.00 zero_cand=0.00
[step 16900] DEBUG: ep_len=13.4 ep_ret=-5.486 stop_prob=0.000 score_chg=4.8300
[DEBUG] train_step 16900: starting episode collection
[DEBUG] train_step 16900: episodes collected, starting value_update
[DEBUG] train_step 16900: value_update done, starting policy_update
[DEBUG] train_step 16900: policy_update done
[step 16950] value_loss=22.390625 policy_loss=-0.538488
[step 16950] VALUE_DEBUG: target(mean=-11.66 std=7.19 min=-25.05 max=4.89) V(s)(mean=-9.90 std=6.58) reward(mean=-2.643 std=6.874) clip=50.0
[DEBUG] train_step 16950: starting episode collection
[DEBUG] train_step 16950: episodes collected, starting value_update
[DEBUG] train_step 16950: value_update done, starting policy_update
[DEBUG] train_step 16950: policy_update done
[step 17000] value_loss=4.733309 policy_loss=0.355782
[step 17000] VALUE_DEBUG: target(mean=-7.01 std=8.01 min=-24.83 max=4.41) V(s)(mean=-7.05 std=7.72) reward(mean=-0.280 std=3.769) clip=50.0
[step 17000] eval_success_rate=0.220 eval_mean_score=13.500 eval_policy_mode=greedy [solved=11/50, score_range=10.00-16.00/16.0, initial=9.00]
[step 17000] PROGRESS: filled=13.50 violations=0.00 zero_cand=0.00
[step 17000] DEBUG: ep_len=13.2 ep_ret=-4.419 stop_prob=0.000 score_chg=5.1725
[Checkpoint] Saved to buiksat_trm/checkpoints/table3_hard_6to8_controlled_nomask_nc_r0_s7/rl_checkpoint_step_17000.pt
[DEBUG] train_step 17000: starting episode collection
[DEBUG] train_step 17000: episodes collected, starting value_update
[DEBUG] train_step 17000: value_update done, starting policy_update
[DEBUG] train_step 17000: policy_update done
[step 17050] value_loss=5.871084 policy_loss=0.109938
[step 17050] VALUE_DEBUG: target(mean=-7.51 std=8.30 min=-24.68 max=9.08) V(s)(mean=-7.24 std=7.56) reward(mean=-0.546 std=4.058) clip=50.0
[DEBUG] train_step 17050: starting episode collection
[DEBUG] train_step 17050: episodes collected, starting value_update
[DEBUG] train_step 17050: value_update done, starting policy_update
[DEBUG] train_step 17050: policy_update done
[step 17100] value_loss=8.430820 policy_loss=0.071444
[step 17100] VALUE_DEBUG: target(mean=-8.66 std=9.19 min=-22.29 max=13.60) V(s)(mean=-9.19 std=7.76) reward(mean=-1.184 std=7.164) clip=50.0
[step 17100] eval_success_rate=0.160 eval_mean_score=13.100 eval_policy_mode=greedy [solved=8/50, score_range=9.00-16.00/16.0, initial=9.00]
[step 17100] PROGRESS: filled=13.10 violations=0.00 zero_cand=0.00
[step 17100] DEBUG: ep_len=13.3 ep_ret=-4.565 stop_prob=0.000 score_chg=5.3100
[DEBUG] train_step 17100: starting episode collection
[DEBUG] train_step 17100: episodes collected, starting value_update
[DEBUG] train_step 17100: value_update done, starting policy_update
[DEBUG] train_step 17100: policy_update done
[step 17150] value_loss=7.554996 policy_loss=-0.199423
[step 17150] VALUE_DEBUG: target(mean=-9.38 std=8.37 min=-21.98 max=7.30) V(s)(mean=-9.21 std=7.56) reward(mean=-0.711 std=5.135) clip=50.0
[DEBUG] train_step 17150: starting episode collection
[DEBUG] train_step 17150: episodes collected, starting value_update
[DEBUG] train_step 17150: value_update done, starting policy_update
[DEBUG] train_step 17150: policy_update done
[step 17200] value_loss=8.064489 policy_loss=-1.032535
[step 17200] VALUE_DEBUG: target(mean=-9.38 std=7.44 min=-16.92 max=8.21) V(s)(mean=-9.90 std=6.25) reward(mean=-1.218 std=6.009) clip=50.0
[step 17200] eval_success_rate=0.140 eval_mean_score=12.880 eval_policy_mode=greedy [solved=7/50, score_range=10.00-16.00/16.0, initial=9.00]
[step 17200] PROGRESS: filled=12.88 violations=0.00 zero_cand=0.00
[step 17200] DEBUG: ep_len=13.0 ep_ret=-4.111 stop_prob=0.000 score_chg=4.9150
[DEBUG] train_step 17200: starting episode collection
[DEBUG] train_step 17200: episodes collected, starting value_update
[DEBUG] train_step 17200: value_update done, starting policy_update
[DEBUG] train_step 17200: policy_update done
[step 17250] value_loss=4.182267 policy_loss=0.165892
[step 17250] VALUE_DEBUG: target(mean=-7.78 std=7.55 min=-17.37 max=4.67) V(s)(mean=-8.30 std=7.26) reward(mean=0.033 std=3.510) clip=50.0
[DEBUG] train_step 17250: starting episode collection
[DEBUG] train_step 17250: episodes collected, starting value_update
[DEBUG] train_step 17250: value_update done, starting policy_update
[DEBUG] train_step 17250: policy_update done
[step 17300] value_loss=2.650280 policy_loss=-0.736837
[step 17300] VALUE_DEBUG: target(mean=-11.08 std=7.45 min=-22.08 max=5.48) V(s)(mean=-10.98 std=7.04) reward(mean=-0.863 std=5.065) clip=50.0
[step 17300] eval_success_rate=0.140 eval_mean_score=12.900 eval_policy_mode=greedy [solved=7/50, score_range=10.00-16.00/16.0, initial=9.00]
[step 17300] PROGRESS: filled=12.90 violations=0.00 zero_cand=0.00
[step 17300] DEBUG: ep_len=13.4 ep_ret=-5.379 stop_prob=0.000 score_chg=4.7975
[DEBUG] train_step 17300: starting episode collection
[DEBUG] train_step 17300: episodes collected, starting value_update
[DEBUG] train_step 17300: value_update done, starting policy_update
[DEBUG] train_step 17300: policy_update done
[step 17350] value_loss=5.157893 policy_loss=0.648088
[step 17350] VALUE_DEBUG: target(mean=-9.00 std=7.98 min=-21.42 max=7.60) V(s)(mean=-8.80 std=7.75) reward(mean=-0.461 std=3.652) clip=50.0
[DEBUG] train_step 17350: starting episode collection
[DEBUG] train_step 17350: episodes collected, starting value_update
[DEBUG] train_step 17350: value_update done, starting policy_update
[DEBUG] train_step 17350: policy_update done
[step 17400] value_loss=15.208355 policy_loss=0.073698
[step 17400] VALUE_DEBUG: target(mean=-9.40 std=6.87 min=-20.07 max=5.14) V(s)(mean=-8.70 std=6.80) reward(mean=-1.980 std=5.592) clip=50.0
[step 17400] eval_success_rate=0.260 eval_mean_score=13.220 eval_policy_mode=greedy [solved=13/50, score_range=10.00-16.00/16.0, initial=9.00]
[step 17400] PROGRESS: filled=13.22 violations=0.00 zero_cand=0.00
[step 17400] DEBUG: ep_len=13.1 ep_ret=-4.868 stop_prob=0.000 score_chg=4.8800
[DEBUG] train_step 17400: starting episode collection
[DEBUG] train_step 17400: episodes collected, starting value_update
[DEBUG] train_step 17400: value_update done, starting policy_update
[DEBUG] train_step 17400: policy_update done
[step 17450] value_loss=2.148480 policy_loss=0.293115
[step 17450] VALUE_DEBUG: target(mean=-9.72 std=7.05 min=-21.88 max=2.79) V(s)(mean=-9.49 std=7.14) reward(mean=-1.958 std=4.944) clip=50.0
[DEBUG] train_step 17450: starting episode collection
[DEBUG] train_step 17450: episodes collected, starting value_update
[DEBUG] train_step 17450: value_update done, starting policy_update
[DEBUG] train_step 17450: policy_update done
[step 17500] value_loss=5.491097 policy_loss=0.586410
[step 17500] VALUE_DEBUG: target(mean=-7.10 std=8.20 min=-17.88 max=4.05) V(s)(mean=-7.42 std=8.29) reward(mean=-0.805 std=4.504) clip=50.0
[step 17500] eval_success_rate=0.340 eval_mean_score=13.180 eval_policy_mode=greedy [solved=17/50, score_range=10.00-16.00/16.0, initial=9.00]
[step 17500] PROGRESS: filled=13.18 violations=0.00 zero_cand=0.00
[step 17500] DEBUG: ep_len=12.5 ep_ret=-2.797 stop_prob=0.000 score_chg=5.2125
[DEBUG] train_step 17500: starting episode collection
[DEBUG] train_step 17500: episodes collected, starting value_update
[DEBUG] train_step 17500: value_update done, starting policy_update
[DEBUG] train_step 17500: policy_update done
[step 17550] value_loss=6.084860 policy_loss=-0.279380
[step 17550] VALUE_DEBUG: target(mean=-9.41 std=6.99 min=-19.67 max=6.53) V(s)(mean=-9.80 std=6.06) reward(mean=-1.239 std=5.390) clip=50.0
[DEBUG] train_step 17550: starting episode collection
[DEBUG] train_step 17550: episodes collected, starting value_update
[DEBUG] train_step 17550: value_update done, starting policy_update
[DEBUG] train_step 17550: policy_update done
[step 17600] value_loss=6.348113 policy_loss=-0.803823
[step 17600] VALUE_DEBUG: target(mean=-9.00 std=8.59 min=-22.40 max=10.78) V(s)(mean=-8.94 std=7.75) reward(mean=0.232 std=2.659) clip=50.0
[step 17600] eval_success_rate=0.340 eval_mean_score=13.400 eval_policy_mode=greedy [solved=17/50, score_range=10.00-16.00/16.0, initial=9.00]
[step 17600] PROGRESS: filled=13.40 violations=0.00 zero_cand=0.00
[step 17600] DEBUG: ep_len=12.6 ep_ret=-3.032 stop_prob=0.000 score_chg=5.2675
[DEBUG] train_step 17600: starting episode collection
[DEBUG] train_step 17600: episodes collected, starting value_update
[DEBUG] train_step 17600: value_update done, starting policy_update
[DEBUG] train_step 17600: policy_update done
[step 17650] value_loss=4.446000 policy_loss=-0.142497
[step 17650] VALUE_DEBUG: target(mean=-6.97 std=7.00 min=-19.54 max=5.07) V(s)(mean=-6.75 std=6.64) reward(mean=-0.142 std=2.613) clip=50.0
[DEBUG] train_step 17650: starting episode collection
[DEBUG] train_step 17650: episodes collected, starting value_update
[DEBUG] train_step 17650: value_update done, starting policy_update
[DEBUG] train_step 17650: policy_update done
[step 17700] value_loss=3.936814 policy_loss=1.089638
[step 17700] VALUE_DEBUG: target(mean=-6.79 std=7.78 min=-22.74 max=4.99) V(s)(mean=-6.24 std=7.42) reward(mean=-0.997 std=4.493) clip=50.0
[step 17700] eval_success_rate=0.340 eval_mean_score=13.400 eval_policy_mode=greedy [solved=17/50, score_range=10.00-16.00/16.0, initial=9.00]
[step 17700] PROGRESS: filled=13.40 violations=0.00 zero_cand=0.00
[step 17700] DEBUG: ep_len=12.4 ep_ret=-3.188 stop_prob=0.000 score_chg=5.2125
[DEBUG] train_step 17700: starting episode collection
[DEBUG] train_step 17700: episodes collected, starting value_update
[DEBUG] train_step 17700: value_update done, starting policy_update
[DEBUG] train_step 17700: policy_update done
[step 17750] value_loss=5.516806 policy_loss=-0.577091
[step 17750] VALUE_DEBUG: target(mean=-8.98 std=7.25 min=-17.38 max=5.56) V(s)(mean=-9.55 std=6.64) reward(mean=-0.183 std=4.901) clip=50.0
[DEBUG] train_step 17750: starting episode collection
[DEBUG] train_step 17750: episodes collected, starting value_update
[DEBUG] train_step 17750: value_update done, starting policy_update
[DEBUG] train_step 17750: policy_update done
[step 17800] value_loss=4.033301 policy_loss=0.135508
[step 17800] VALUE_DEBUG: target(mean=-8.48 std=8.18 min=-22.36 max=6.84) V(s)(mean=-7.95 std=7.60) reward(mean=-0.519 std=4.066) clip=50.0
[step 17800] eval_success_rate=0.360 eval_mean_score=13.460 eval_policy_mode=greedy [solved=18/50, score_range=10.00-16.00/16.0, initial=9.00]
[step 17800] PROGRESS: filled=13.46 violations=0.00 zero_cand=0.00
[step 17800] DEBUG: ep_len=12.2 ep_ret=-3.555 stop_prob=0.000 score_chg=4.8625
[DEBUG] train_step 17800: starting episode collection
[DEBUG] train_step 17800: episodes collected, starting value_update
[DEBUG] train_step 17800: value_update done, starting policy_update
[DEBUG] train_step 17800: policy_update done
[step 17850] value_loss=5.719956 policy_loss=-0.650642
[step 17850] VALUE_DEBUG: target(mean=-5.15 std=7.75 min=-18.02 max=8.67) V(s)(mean=-5.30 std=7.34) reward(mean=0.354 std=2.595) clip=50.0
[DEBUG] train_step 17850: starting episode collection
[DEBUG] train_step 17850: episodes collected, starting value_update
[DEBUG] train_step 17850: value_update done, starting policy_update
[DEBUG] train_step 17850: policy_update done
[step 17900] value_loss=1.782664 policy_loss=-0.333283
[step 17900] VALUE_DEBUG: target(mean=-9.92 std=7.14 min=-17.25 max=4.45) V(s)(mean=-10.02 std=6.96) reward(mean=0.308 std=1.596) clip=50.0
[step 17900] eval_success_rate=0.340 eval_mean_score=13.460 eval_policy_mode=greedy [solved=17/50, score_range=10.00-16.00/16.0, initial=9.00]
[step 17900] PROGRESS: filled=13.46 violations=0.00 zero_cand=0.00
[step 17900] DEBUG: ep_len=12.0 ep_ret=-2.878 stop_prob=0.000 score_chg=5.1825
[DEBUG] train_step 17900: starting episode collection
[DEBUG] train_step 17900: episodes collected, starting value_update
[DEBUG] train_step 17900: value_update done, starting policy_update
[DEBUG] train_step 17900: policy_update done
[step 17950] value_loss=5.132752 policy_loss=-0.706907
[step 17950] VALUE_DEBUG: target(mean=-9.76 std=7.21 min=-18.98 max=2.65) V(s)(mean=-9.52 std=7.15) reward(mean=-0.870 std=3.606) clip=50.0
[DEBUG] train_step 17950: starting episode collection
[DEBUG] train_step 17950: episodes collected, starting value_update
[DEBUG] train_step 17950: value_update done, starting policy_update
[DEBUG] train_step 17950: policy_update done
[step 18000] value_loss=9.449285 policy_loss=-0.128500
[step 18000] VALUE_DEBUG: target(mean=-5.89 std=7.88 min=-21.32 max=5.90) V(s)(mean=-5.96 std=7.85) reward(mean=-0.201 std=2.859) clip=50.0
[step 18000] eval_success_rate=0.360 eval_mean_score=13.560 eval_policy_mode=greedy [solved=18/50, score_range=9.00-16.00/16.0, initial=9.00]
[step 18000] PROGRESS: filled=13.56 violations=0.00 zero_cand=0.00
[step 18000] DEBUG: ep_len=12.6 ep_ret=-4.054 stop_prob=0.000 score_chg=4.9775
[Checkpoint] Saved to buiksat_trm/checkpoints/table3_hard_6to8_controlled_nomask_nc_r0_s7/rl_checkpoint_step_18000.pt
[DEBUG] train_step 18000: starting episode collection
[DEBUG] train_step 18000: episodes collected, starting value_update
[DEBUG] train_step 18000: value_update done, starting policy_update
[DEBUG] train_step 18000: policy_update done
[step 18050] value_loss=3.063359 policy_loss=-0.529089
[step 18050] VALUE_DEBUG: target(mean=-6.88 std=8.68 min=-17.73 max=6.00) V(s)(mean=-7.44 std=8.56) reward(mean=0.722 std=1.841) clip=50.0
[DEBUG] train_step 18050: starting episode collection
[DEBUG] train_step 18050: episodes collected, starting value_update
[DEBUG] train_step 18050: value_update done, starting policy_update
[DEBUG] train_step 18050: policy_update done
[step 18100] value_loss=5.251490 policy_loss=0.165979
[step 18100] VALUE_DEBUG: target(mean=-4.13 std=8.30 min=-18.06 max=6.59) V(s)(mean=-4.39 std=8.33) reward(mean=0.376 std=3.126) clip=50.0
[step 18100] eval_success_rate=0.380 eval_mean_score=13.820 eval_policy_mode=greedy [solved=19/50, score_range=9.00-16.00/16.0, initial=9.00]
[step 18100] PROGRESS: filled=13.82 violations=0.00 zero_cand=0.00
[step 18100] DEBUG: ep_len=12.7 ep_ret=-3.997 stop_prob=0.000 score_chg=5.0175
[DEBUG] train_step 18100: starting episode collection
[DEBUG] train_step 18100: episodes collected, starting value_update
[DEBUG] train_step 18100: value_update done, starting policy_update
[DEBUG] train_step 18100: policy_update done
[step 18150] value_loss=4.844387 policy_loss=-0.205420
[step 18150] VALUE_DEBUG: target(mean=-5.57 std=7.53 min=-17.69 max=7.48) V(s)(mean=-5.64 std=6.81) reward(mean=0.134 std=2.066) clip=50.0
[DEBUG] train_step 18150: starting episode collection
[DEBUG] train_step 18150: episodes collected, starting value_update
[DEBUG] train_step 18150: value_update done, starting policy_update
[DEBUG] train_step 18150: policy_update done
[step 18200] value_loss=20.832226 policy_loss=0.034857
[step 18200] VALUE_DEBUG: target(mean=-7.85 std=7.14 min=-21.51 max=3.51) V(s)(mean=-7.65 std=7.52) reward(mean=-0.550 std=3.256) clip=50.0
[step 18200] eval_success_rate=0.340 eval_mean_score=13.640 eval_policy_mode=greedy [solved=17/50, score_range=9.00-16.00/16.0, initial=9.00]
[step 18200] PROGRESS: filled=13.64 violations=0.00 zero_cand=0.00
[step 18200] DEBUG: ep_len=12.7 ep_ret=-4.045 stop_prob=0.000 score_chg=5.1125
[DEBUG] train_step 18200: starting episode collection
[DEBUG] train_step 18200: episodes collected, starting value_update
[DEBUG] train_step 18200: value_update done, starting policy_update
[DEBUG] train_step 18200: policy_update done
[step 18250] value_loss=7.017435 policy_loss=-0.036129
[step 18250] VALUE_DEBUG: target(mean=-10.91 std=7.45 min=-21.21 max=5.57) V(s)(mean=-10.08 std=6.81) reward(mean=-1.827 std=5.333) clip=50.0
[DEBUG] train_step 18250: starting episode collection
[DEBUG] train_step 18250: episodes collected, starting value_update
[DEBUG] train_step 18250: value_update done, starting policy_update
[DEBUG] train_step 18250: policy_update done
[step 18300] value_loss=7.382294 policy_loss=-0.334871
[step 18300] VALUE_DEBUG: target(mean=-7.98 std=8.16 min=-17.64 max=7.99) V(s)(mean=-7.92 std=7.73) reward(mean=0.134 std=2.862) clip=50.0
[step 18300] eval_success_rate=0.320 eval_mean_score=13.420 eval_policy_mode=greedy [solved=16/50, score_range=9.00-16.00/16.0, initial=9.00]
[step 18300] PROGRESS: filled=13.42 violations=0.00 zero_cand=0.00
[step 18300] DEBUG: ep_len=12.1 ep_ret=-2.464 stop_prob=0.000 score_chg=5.2150
[DEBUG] train_step 18300: starting episode collection
[DEBUG] train_step 18300: episodes collected, starting value_update
[DEBUG] train_step 18300: value_update done, starting policy_update
[DEBUG] train_step 18300: policy_update done
[step 18350] value_loss=10.534904 policy_loss=-0.933988
[step 18350] VALUE_DEBUG: target(mean=-8.29 std=8.27 min=-17.57 max=7.27) V(s)(mean=-7.41 std=8.31) reward(mean=-0.502 std=3.338) clip=50.0
[DEBUG] train_step 18350: starting episode collection
[DEBUG] train_step 18350: episodes collected, starting value_update
[DEBUG] train_step 18350: value_update done, starting policy_update
[DEBUG] train_step 18350: policy_update done
[step 18400] value_loss=20.424088 policy_loss=0.417677
[step 18400] VALUE_DEBUG: target(mean=-7.03 std=9.07 min=-20.78 max=9.50) V(s)(mean=-8.50 std=7.93) reward(mean=0.756 std=4.612) clip=50.0
[step 18400] eval_success_rate=0.380 eval_mean_score=13.840 eval_policy_mode=greedy [solved=19/50, score_range=10.00-16.00/16.0, initial=9.00]
[step 18400] PROGRESS: filled=13.84 violations=0.00 zero_cand=0.00
[step 18400] DEBUG: ep_len=12.4 ep_ret=-3.172 stop_prob=0.000 score_chg=5.3350
[DEBUG] train_step 18400: starting episode collection
[DEBUG] train_step 18400: episodes collected, starting value_update
[DEBUG] train_step 18400: value_update done, starting policy_update
[DEBUG] train_step 18400: policy_update done
[step 18450] value_loss=16.801369 policy_loss=-0.172507
[step 18450] VALUE_DEBUG: target(mean=-8.58 std=6.79 min=-18.28 max=4.28) V(s)(mean=-7.66 std=6.95) reward(mean=-0.810 std=4.490) clip=50.0
[DEBUG] train_step 18450: starting episode collection
[DEBUG] train_step 18450: episodes collected, starting value_update
[DEBUG] train_step 18450: value_update done, starting policy_update
[DEBUG] train_step 18450: policy_update done
[step 18500] value_loss=6.808500 policy_loss=0.153992
[step 18500] VALUE_DEBUG: target(mean=-7.24 std=8.24 min=-18.10 max=7.47) V(s)(mean=-7.79 std=7.34) reward(mean=0.282 std=4.576) clip=50.0
[step 18500] eval_success_rate=0.400 eval_mean_score=13.860 eval_policy_mode=greedy [solved=20/50, score_range=10.00-16.00/16.0, initial=9.00]
[step 18500] PROGRESS: filled=13.86 violations=0.00 zero_cand=0.00
[step 18500] DEBUG: ep_len=12.6 ep_ret=-3.765 stop_prob=0.000 score_chg=5.3175
[DEBUG] train_step 18500: starting episode collection
[DEBUG] train_step 18500: episodes collected, starting value_update
[DEBUG] train_step 18500: value_update done, starting policy_update
[DEBUG] train_step 18500: policy_update done
[step 18550] value_loss=7.291709 policy_loss=-0.014849
[step 18550] VALUE_DEBUG: target(mean=-7.79 std=7.15 min=-17.39 max=3.26) V(s)(mean=-8.51 std=7.57) reward(mean=0.227 std=3.863) clip=50.0
[DEBUG] train_step 18550: starting episode collection
[DEBUG] train_step 18550: episodes collected, starting value_update
[DEBUG] train_step 18550: value_update done, starting policy_update
[DEBUG] train_step 18550: policy_update done
[step 18600] value_loss=10.155033 policy_loss=-0.052200
[step 18600] VALUE_DEBUG: target(mean=-6.04 std=9.65 min=-22.09 max=9.30) V(s)(mean=-6.58 std=8.90) reward(mean=-1.341 std=6.812) clip=50.0
[step 18600] eval_success_rate=0.360 eval_mean_score=13.680 eval_policy_mode=greedy [solved=18/50, score_range=10.00-16.00/16.0, initial=9.00]
[step 18600] PROGRESS: filled=13.68 violations=0.00 zero_cand=0.00
[step 18600] DEBUG: ep_len=12.3 ep_ret=-3.024 stop_prob=0.000 score_chg=5.3925
[DEBUG] train_step 18600: starting episode collection
[DEBUG] train_step 18600: episodes collected, starting value_update
[DEBUG] train_step 18600: value_update done, starting policy_update
[DEBUG] train_step 18600: policy_update done
[step 18650] value_loss=11.585435 policy_loss=0.092463
[step 18650] VALUE_DEBUG: target(mean=-7.09 std=8.93 min=-19.88 max=12.71) V(s)(mean=-6.81 std=8.35) reward(mean=-0.147 std=3.136) clip=50.0
[DEBUG] train_step 18650: starting episode collection
[DEBUG] train_step 18650: episodes collected, starting value_update
[DEBUG] train_step 18650: value_update done, starting policy_update
[DEBUG] train_step 18650: policy_update done
[step 18700] value_loss=4.769219 policy_loss=-0.086813
[step 18700] VALUE_DEBUG: target(mean=-6.82 std=8.69 min=-20.46 max=6.50) V(s)(mean=-6.52 std=8.17) reward(mean=-0.774 std=4.878) clip=50.0
[step 18700] eval_success_rate=0.360 eval_mean_score=13.620 eval_policy_mode=greedy [solved=18/50, score_range=10.00-16.00/16.0, initial=9.00]
[step 18700] PROGRESS: filled=13.62 violations=0.00 zero_cand=0.00
[step 18700] DEBUG: ep_len=12.3 ep_ret=-2.757 stop_prob=0.000 score_chg=5.2425
[DEBUG] train_step 18700: starting episode collection
[DEBUG] train_step 18700: episodes collected, starting value_update
[DEBUG] train_step 18700: value_update done, starting policy_update
[DEBUG] train_step 18700: policy_update done
[step 18750] value_loss=0.714332 policy_loss=-0.078301
[step 18750] VALUE_DEBUG: target(mean=-6.68 std=7.82 min=-17.35 max=6.82) V(s)(mean=-6.65 std=7.59) reward(mean=0.401 std=0.800) clip=50.0
[DEBUG] train_step 18750: starting episode collection
[DEBUG] train_step 18750: episodes collected, starting value_update
[DEBUG] train_step 18750: value_update done, starting policy_update
[DEBUG] train_step 18750: policy_update done
[step 18800] value_loss=4.101171 policy_loss=0.842397
[step 18800] VALUE_DEBUG: target(mean=-2.63 std=8.06 min=-16.15 max=8.01) V(s)(mean=-3.34 std=7.77) reward(mean=0.564 std=3.168) clip=50.0
[step 18800] eval_success_rate=0.320 eval_mean_score=13.560 eval_policy_mode=greedy [solved=16/50, score_range=9.00-16.00/16.0, initial=9.00]
[step 18800] PROGRESS: filled=13.56 violations=0.00 zero_cand=0.00
[step 18800] DEBUG: ep_len=12.3 ep_ret=-2.112 stop_prob=0.000 score_chg=5.4600
[DEBUG] train_step 18800: starting episode collection
[DEBUG] train_step 18800: episodes collected, starting value_update
[DEBUG] train_step 18800: value_update done, starting policy_update
[DEBUG] train_step 18800: policy_update done
[step 18850] value_loss=1.680208 policy_loss=-0.845994
[step 18850] VALUE_DEBUG: target(mean=-6.58 std=8.51 min=-17.31 max=7.28) V(s)(mean=-6.65 std=8.44) reward(mean=0.247 std=1.310) clip=50.0
[DEBUG] train_step 18850: starting episode collection
[DEBUG] train_step 18850: episodes collected, starting value_update
[DEBUG] train_step 18850: value_update done, starting policy_update
[DEBUG] train_step 18850: policy_update done
[step 18900] value_loss=2.981383 policy_loss=0.088003
[step 18900] VALUE_DEBUG: target(mean=-9.48 std=8.82 min=-21.82 max=6.84) V(s)(mean=-9.14 std=8.14) reward(mean=-0.300 std=2.848) clip=50.0
[step 18900] eval_success_rate=0.320 eval_mean_score=13.860 eval_policy_mode=greedy [solved=16/50, score_range=10.00-16.00/16.0, initial=9.00]
[step 18900] PROGRESS: filled=13.86 violations=0.00 zero_cand=0.00
[step 18900] DEBUG: ep_len=12.8 ep_ret=-3.492 stop_prob=0.000 score_chg=5.3025
[DEBUG] train_step 18900: starting episode collection
[DEBUG] train_step 18900: episodes collected, starting value_update
[DEBUG] train_step 18900: value_update done, starting policy_update
[DEBUG] train_step 18900: policy_update done
[step 18950] value_loss=13.857368 policy_loss=-0.249209
[step 18950] VALUE_DEBUG: target(mean=-5.24 std=8.53 min=-21.01 max=9.09) V(s)(mean=-6.28 std=8.00) reward(mean=0.672 std=3.809) clip=50.0
[DEBUG] train_step 18950: starting episode collection
[DEBUG] train_step 18950: episodes collected, starting value_update
[DEBUG] train_step 18950: value_update done, starting policy_update
[DEBUG] train_step 18950: policy_update done
[step 19000] value_loss=4.067816 policy_loss=-0.080963
[step 19000] VALUE_DEBUG: target(mean=-6.27 std=9.33 min=-22.54 max=7.11) V(s)(mean=-6.06 std=9.23) reward(mean=-0.863 std=4.697) clip=50.0
[step 19000] eval_success_rate=0.280 eval_mean_score=13.660 eval_policy_mode=greedy [solved=14/50, score_range=10.00-16.00/16.0, initial=9.00]
[step 19000] PROGRESS: filled=13.66 violations=0.00 zero_cand=0.00
[step 19000] DEBUG: ep_len=12.4 ep_ret=-2.825 stop_prob=0.000 score_chg=5.2850
[Checkpoint] Saved to buiksat_trm/checkpoints/table3_hard_6to8_controlled_nomask_nc_r0_s7/rl_checkpoint_step_19000.pt
[DEBUG] train_step 19000: starting episode collection
[DEBUG] train_step 19000: episodes collected, starting value_update
[DEBUG] train_step 19000: value_update done, starting policy_update
[DEBUG] train_step 19000: policy_update done
[step 19050] value_loss=4.653781 policy_loss=0.253431
[step 19050] VALUE_DEBUG: target(mean=-6.84 std=8.51 min=-22.73 max=8.13) V(s)(mean=-6.94 std=7.56) reward(mean=0.346 std=3.849) clip=50.0
[DEBUG] train_step 19050: starting episode collection
[DEBUG] train_step 19050: episodes collected, starting value_update
[DEBUG] train_step 19050: value_update done, starting policy_update
[DEBUG] train_step 19050: policy_update done
[step 19100] value_loss=7.558446 policy_loss=0.720067
[step 19100] VALUE_DEBUG: target(mean=-7.39 std=8.07 min=-20.56 max=5.86) V(s)(mean=-6.58 std=7.92) reward(mean=-0.773 std=2.663) clip=50.0
[step 19100] eval_success_rate=0.280 eval_mean_score=13.620 eval_policy_mode=greedy [solved=14/50, score_range=10.00-16.00/16.0, initial=9.00]
[step 19100] PROGRESS: filled=13.62 violations=0.00 zero_cand=0.00
[step 19100] DEBUG: ep_len=12.6 ep_ret=-3.536 stop_prob=0.000 score_chg=5.3450
[DEBUG] train_step 19100: starting episode collection
[DEBUG] train_step 19100: episodes collected, starting value_update
[DEBUG] train_step 19100: value_update done, starting policy_update
[DEBUG] train_step 19100: policy_update done
[step 19150] value_loss=6.660694 policy_loss=0.769210
[step 19150] VALUE_DEBUG: target(mean=-8.12 std=8.32 min=-21.95 max=6.49) V(s)(mean=-8.47 std=8.19) reward(mean=0.008 std=3.984) clip=50.0
[DEBUG] train_step 19150: starting episode collection
[DEBUG] train_step 19150: episodes collected, starting value_update
[DEBUG] train_step 19150: value_update done, starting policy_update
[DEBUG] train_step 19150: policy_update done
[step 19200] value_loss=8.996032 policy_loss=0.393856
[step 19200] VALUE_DEBUG: target(mean=-7.97 std=8.56 min=-24.59 max=5.37) V(s)(mean=-8.33 std=7.78) reward(mean=0.125 std=2.647) clip=50.0
[step 19200] eval_success_rate=0.360 eval_mean_score=13.620 eval_policy_mode=greedy [solved=18/50, score_range=10.00-16.00/16.0, initial=9.00]
[step 19200] PROGRESS: filled=13.62 violations=0.00 zero_cand=0.00
[step 19200] DEBUG: ep_len=12.6 ep_ret=-4.041 stop_prob=0.000 score_chg=4.8650
[DEBUG] train_step 19200: starting episode collection
[DEBUG] train_step 19200: episodes collected, starting value_update
[DEBUG] train_step 19200: value_update done, starting policy_update
[DEBUG] train_step 19200: policy_update done
[step 19250] value_loss=1.726321 policy_loss=-0.077967
[step 19250] VALUE_DEBUG: target(mean=-8.27 std=9.27 min=-20.39 max=9.99) V(s)(mean=-8.30 std=8.76) reward(mean=-0.710 std=4.395) clip=50.0
[DEBUG] train_step 19250: starting episode collection
[DEBUG] train_step 19250: episodes collected, starting value_update
[DEBUG] train_step 19250: value_update done, starting policy_update
[DEBUG] train_step 19250: policy_update done
[step 19300] value_loss=6.434816 policy_loss=0.162208
[step 19300] VALUE_DEBUG: target(mean=-7.18 std=8.48 min=-17.52 max=7.96) V(s)(mean=-6.52 std=8.39) reward(mean=-1.520 std=5.144) clip=50.0
[step 19300] eval_success_rate=0.340 eval_mean_score=13.620 eval_policy_mode=greedy [solved=17/50, score_range=10.00-16.00/16.0, initial=9.00]
[step 19300] PROGRESS: filled=13.62 violations=0.00 zero_cand=0.00
[step 19300] DEBUG: ep_len=12.5 ep_ret=-3.840 stop_prob=0.000 score_chg=4.9475
[DEBUG] train_step 19300: starting episode collection
[DEBUG] train_step 19300: episodes collected, starting value_update
[DEBUG] train_step 19300: value_update done, starting policy_update
[DEBUG] train_step 19300: policy_update done
[step 19350] value_loss=7.609244 policy_loss=-0.188629
[step 19350] VALUE_DEBUG: target(mean=-3.97 std=8.93 min=-17.52 max=7.99) V(s)(mean=-3.96 std=8.76) reward(mean=0.447 std=2.495) clip=50.0
[DEBUG] train_step 19350: starting episode collection
[DEBUG] train_step 19350: episodes collected, starting value_update
[DEBUG] train_step 19350: value_update done, starting policy_update
[DEBUG] train_step 19350: policy_update done
[step 19400] value_loss=0.454898 policy_loss=-0.094318
[step 19400] VALUE_DEBUG: target(mean=-5.88 std=9.10 min=-18.18 max=7.36) V(s)(mean=-5.91 std=9.01) reward(mean=0.039 std=2.060) clip=50.0
[step 19400] eval_success_rate=0.340 eval_mean_score=13.520 eval_policy_mode=greedy [solved=17/50, score_range=9.00-16.00/16.0, initial=9.00]
[step 19400] PROGRESS: filled=13.52 violations=0.00 zero_cand=0.00
[step 19400] DEBUG: ep_len=12.5 ep_ret=-3.596 stop_prob=0.000 score_chg=4.9150
[DEBUG] train_step 19400: starting episode collection
[DEBUG] train_step 19400: episodes collected, starting value_update
[DEBUG] train_step 19400: value_update done, starting policy_update
[DEBUG] train_step 19400: policy_update done
[step 19450] value_loss=2.653638 policy_loss=0.126736
[step 19450] VALUE_DEBUG: target(mean=-11.23 std=6.96 min=-19.40 max=3.73) V(s)(mean=-10.78 std=6.79) reward(mean=-0.559 std=3.525) clip=50.0
[DEBUG] train_step 19450: starting episode collection
[DEBUG] train_step 19450: episodes collected, starting value_update
[DEBUG] train_step 19450: value_update done, starting policy_update
[DEBUG] train_step 19450: policy_update done
[step 19500] value_loss=2.831055 policy_loss=-0.302347
[step 19500] VALUE_DEBUG: target(mean=-5.68 std=8.63 min=-16.66 max=10.81) V(s)(mean=-5.91 std=8.31) reward(mean=0.189 std=3.405) clip=50.0
[step 19500] eval_success_rate=0.260 eval_mean_score=13.440 eval_policy_mode=greedy [solved=13/50, score_range=9.00-16.00/16.0, initial=9.00]
[step 19500] PROGRESS: filled=13.44 violations=0.00 zero_cand=0.00
[step 19500] DEBUG: ep_len=12.4 ep_ret=-3.114 stop_prob=0.000 score_chg=5.2100
[DEBUG] train_step 19500: starting episode collection
[DEBUG] train_step 19500: episodes collected, starting value_update
[DEBUG] train_step 19500: value_update done, starting policy_update
[DEBUG] train_step 19500: policy_update done
[step 19550] value_loss=2.135184 policy_loss=-0.827384
[step 19550] VALUE_DEBUG: target(mean=-9.14 std=8.90 min=-19.18 max=6.04) V(s)(mean=-9.01 std=8.87) reward(mean=0.129 std=2.167) clip=50.0
[DEBUG] train_step 19550: starting episode collection
[DEBUG] train_step 19550: episodes collected, starting value_update
[DEBUG] train_step 19550: value_update done, starting policy_update
[DEBUG] train_step 19550: policy_update done
[step 19600] value_loss=10.800465 policy_loss=-0.500470
[step 19600] VALUE_DEBUG: target(mean=-7.35 std=8.38 min=-20.68 max=5.14) V(s)(mean=-6.98 std=7.48) reward(mean=-0.514 std=3.098) clip=50.0
[step 19600] eval_success_rate=0.320 eval_mean_score=13.660 eval_policy_mode=greedy [solved=16/50, score_range=10.00-16.00/16.0, initial=9.00]
[step 19600] PROGRESS: filled=13.66 violations=0.00 zero_cand=0.00
[step 19600] DEBUG: ep_len=12.5 ep_ret=-3.991 stop_prob=0.000 score_chg=4.8950
[DEBUG] train_step 19600: starting episode collection
[DEBUG] train_step 19600: episodes collected, starting value_update
[DEBUG] train_step 19600: value_update done, starting policy_update
[DEBUG] train_step 19600: policy_update done
[step 19650] value_loss=7.915273 policy_loss=0.092252
[step 19650] VALUE_DEBUG: target(mean=-4.03 std=8.80 min=-20.04 max=9.87) V(s)(mean=-4.05 std=8.77) reward(mean=-1.019 std=4.810) clip=50.0
[DEBUG] train_step 19650: starting episode collection
[DEBUG] train_step 19650: episodes collected, starting value_update
[DEBUG] train_step 19650: value_update done, starting policy_update
[DEBUG] train_step 19650: policy_update done
[step 19700] value_loss=11.395742 policy_loss=0.377329
[step 19700] VALUE_DEBUG: target(mean=-6.45 std=8.46 min=-22.67 max=5.62) V(s)(mean=-6.64 std=8.56) reward(mean=0.163 std=2.690) clip=50.0
[step 19700] eval_success_rate=0.340 eval_mean_score=13.400 eval_policy_mode=greedy [solved=17/50, score_range=9.00-16.00/16.0, initial=9.00]
[step 19700] PROGRESS: filled=13.40 violations=0.00 zero_cand=0.00
[step 19700] DEBUG: ep_len=12.6 ep_ret=-3.423 stop_prob=0.000 score_chg=5.1450
[DEBUG] train_step 19700: starting episode collection
[DEBUG] train_step 19700: episodes collected, starting value_update
[DEBUG] train_step 19700: value_update done, starting policy_update
[DEBUG] train_step 19700: policy_update done
[step 19750] value_loss=4.930315 policy_loss=0.258530
[step 19750] VALUE_DEBUG: target(mean=-5.56 std=8.38 min=-17.53 max=6.36) V(s)(mean=-5.03 std=8.26) reward(mean=-0.772 std=4.470) clip=50.0
[DEBUG] train_step 19750: starting episode collection
[DEBUG] train_step 19750: episodes collected, starting value_update
[DEBUG] train_step 19750: value_update done, starting policy_update
[DEBUG] train_step 19750: policy_update done
[step 19800] value_loss=5.410240 policy_loss=-0.442207
[step 19800] VALUE_DEBUG: target(mean=-5.95 std=9.22 min=-17.52 max=7.71) V(s)(mean=-5.98 std=8.77) reward(mean=-0.211 std=4.456) clip=50.0
[step 19800] eval_success_rate=0.340 eval_mean_score=13.380 eval_policy_mode=greedy [solved=17/50, score_range=10.00-16.00/16.0, initial=9.00]
[step 19800] PROGRESS: filled=13.38 violations=0.00 zero_cand=0.00
[step 19800] DEBUG: ep_len=12.4 ep_ret=-3.867 stop_prob=0.000 score_chg=4.8925
[DEBUG] train_step 19800: starting episode collection
[DEBUG] train_step 19800: episodes collected, starting value_update
[DEBUG] train_step 19800: value_update done, starting policy_update
[DEBUG] train_step 19800: policy_update done
[step 19850] value_loss=2.781222 policy_loss=-0.517944
[step 19850] VALUE_DEBUG: target(mean=-6.79 std=9.51 min=-23.21 max=6.84) V(s)(mean=-6.78 std=8.70) reward(mean=-0.151 std=3.843) clip=50.0
[DEBUG] train_step 19850: starting episode collection
[DEBUG] train_step 19850: episodes collected, starting value_update
[DEBUG] train_step 19850: value_update done, starting policy_update
[DEBUG] train_step 19850: policy_update done
[step 19900] value_loss=0.767808 policy_loss=0.153959
[step 19900] VALUE_DEBUG: target(mean=-9.28 std=7.96 min=-18.42 max=7.50) V(s)(mean=-9.35 std=7.81) reward(mean=0.031 std=3.249) clip=50.0
[step 19900] eval_success_rate=0.340 eval_mean_score=13.300 eval_policy_mode=greedy [solved=17/50, score_range=9.00-16.00/16.0, initial=9.00]
[step 19900] PROGRESS: filled=13.30 violations=0.00 zero_cand=0.00
[step 19900] DEBUG: ep_len=12.7 ep_ret=-3.976 stop_prob=0.000 score_chg=5.1950
[DEBUG] train_step 19900: starting episode collection
[DEBUG] train_step 19900: episodes collected, starting value_update
[DEBUG] train_step 19900: value_update done, starting policy_update
[DEBUG] train_step 19900: policy_update done
[step 19950] value_loss=11.816334 policy_loss=0.087991
[step 19950] VALUE_DEBUG: target(mean=-7.01 std=9.36 min=-17.54 max=7.84) V(s)(mean=-7.80 std=8.67) reward(mean=-0.371 std=4.503) clip=50.0
[DEBUG] train_step 19950: starting episode collection
[DEBUG] train_step 19950: episodes collected, starting value_update
[DEBUG] train_step 19950: value_update done, starting policy_update
[DEBUG] train_step 19950: policy_update done
[step 20000] value_loss=2.242505 policy_loss=0.016091
[step 20000] VALUE_DEBUG: target(mean=-7.74 std=8.86 min=-20.67 max=9.95) V(s)(mean=-7.50 std=8.48) reward(mean=-0.286 std=3.590) clip=50.0
[step 20000] eval_success_rate=0.360 eval_mean_score=13.520 eval_policy_mode=greedy [solved=18/50, score_range=10.00-16.00/16.0, initial=9.00]
[step 20000] PROGRESS: filled=13.52 violations=0.00 zero_cand=0.00
[step 20000] DEBUG: ep_len=12.8 ep_ret=-4.216 stop_prob=0.000 score_chg=5.1825
[Checkpoint] Saved to buiksat_trm/checkpoints/table3_hard_6to8_controlled_nomask_nc_r0_s7/rl_checkpoint_step_20000.pt
[Checkpoint] Saved to buiksat_trm/checkpoints/table3_hard_6to8_controlled_nomask_nc_r0_s7/rl_checkpoint_step_20000.pt
