[2026-04-08T14:27:20.192-07:00] Buck UI: https://www.internalfb.com/buck2/1abb24f2-8671-42d8-b0ec-511279a58051
[2026-04-08T14:27:20.378-07:00] Network: Up: 0B  Down: 0B
BUILD SUCCEEDED - starting your binary
[DATASET] dataset_paths=['buiksat_trm/data/sudoku-4x4-easy_6to8empties']
[DATASET] resolved_dataset_name=sudoku-4x4-easy_6to8empties
[DATASET] num_samples=32
[INFO] Using feasibility-aware Sudoku checker for 4x4
       score = filled - 2.0*violations - 5.0*zeroCand
       Max score: 16 (all filled, no violations)
[INFO] Training for 20000 steps (gamma=0.990, K=1, inner_unroll_n=2)
[INFO] Terminal rewards: solve=1.000, fail=-16.000
[INFO] Using TRM backbone (hidden=64, H=2, L=2)
[DEBUG] Policy head STOP bias: 0.00 (should be 0.0 for uniform init)
[INFO] Puzzle embeddings DISABLED (set --puzzle-emb-ndim > 0 to enable)
============================================================
TRAINER SELECTION
============================================================
INFO:2026-04-08 14:27:26 1523992:1523992 CuptiCallbackApi.cpp:69] Callback: domain = 3, cbid = 1
INFO:2026-04-08 14:27:26 1523992:1523992 CuptiActivityProfiler.cpp:93] CUDA versions. CUPTI: 22; Runtime: 12040; Driver: 12040
INFO:2026-04-08 14:27:26 1523992:1526037 FBConfig.cpp:330] Perfetto builder enabled: 1
INFO:2026-04-08 14:27:26 1523992:1526037 DynoConfigLoader.cpp:61] Setting communication fabric enabled = 0
INFO:2026-04-08 14:27:26 1523992:1526037 DynoConfigLoader.cpp:61] Setting communication fabric enabled = 0
TritonTraceHandler: disabled because /logs does not exist
===========[FB_TRITON]=========== Triton Version: 3.5.0+fb
[TRAINER] UPI-TRM (K=1, inner_n=2)
[TRAINER] CLI --baseline: None, YAML algorithm: None
============================================================

============================================================
UPI-TRM THEORY ALIGNMENT CHECK
============================================================
⚠ Configuration has theory gaps:
  • enable_contraction=False disables spectral normalization (Assumption 4.2). L_z < 1 contraction not enforced.
  • exact_baseline_summation=False: Using approximate baseline. This gives O(ε_A/(1-γ)) bound instead of O(α·ε_A) from Theorem 5.9. For discrete action spaces (Sudoku), enable for tighter bounds.
  • theory_exact_mixture=False: Using parameter-space interpolation for CPI, which is NOT equivalent to policy-space mixture. The CPI improvement guarantee does not strictly apply. Set theory_exact_mixture=True for theory-exact behavior (but slower due to evaluating two networks).

Theory status:
  Forward-invariant projection: ✓
  Contraction enforced (L_z < 1): ✗
  Exact baseline (Thm 5.9): ✗
  Distillation (not in theory): ✓ disabled

Is theory-exact: False
============================================================

UPI-TRM theoretical dials:
  L_z target (rl_cfg.target_Lz): 0.9
  L_V target (rl_cfg.target_Lv): 1.0
  Inner unroll n (rl_cfg.inner_unroll_n): 2
  K-step horizon K (rl_cfg.K): 1
  Mixture alpha (rl_cfg.mixture_alpha): 0.1
  Latent ball radius (rl_cfg.latent_ball_radius): 10.0
  Episodic latent: True
  Exact K-step targets: False
  Exact baseline summation: False

[INFO] STOP action mode: disabled
[INFO] Forward-invariant projection enabled (R=10.0)
[WandB] Disabled by default (enable with: --wandb)
[DEBUG] train_step 0: starting episode collection
[DEBUG] Action mask: 28 valid actions out of 97 total
[DEBUG] Latent mode: episodic
[DEBUG] Episode 0, Step 0: calling _mixed_policy_dist
[DEBUG] Step 0 probs: STOP=0.000000, edits=1.000000
[DEBUG] Top 5 action probs: torch.return_types.topk(
values=tensor([0.0505, 0.0491, 0.0440, 0.0434, 0.0427], device='cuda:0'),
indices=tensor([62, 15, 21, 64, 53], device='cuda:0'))
[DEBUG] Episode 0, Step 0 complete: action=15, reward=-4.0500, done=False
[DEBUG] Episode 0, Step 1: calling _mixed_policy_dist
[DEBUG] Episode 0, Step 1 complete: action=51, reward=-3.0200, done=False
[DEBUG] Episode 0, Step 2: calling _mixed_policy_dist
[DEBUG] Episode 0, Step 2 complete: action=92, reward=-3.9800, done=False
[DEBUG] Episode 0, Step 3: calling _mixed_policy_dist
[DEBUG] Episode 0, Step 3 complete: action=40, reward=-4.9300, done=False
[DEBUG] Episode 0, Step 4: calling _mixed_policy_dist
[DEBUG] Episode 0, Step 4 complete: action=41, reward=4.0300, done=False
[DEBUG] Episode 0 finished: 16 steps, done=True, reason=budget
[DEBUG] Episode 1, Step 0: calling _mixed_policy_dist
[DEBUG] Episode 1, Step 0 complete: action=17, reward=0.9000, done=False
[DEBUG] Episode 1, Step 1: calling _mixed_policy_dist
[DEBUG] Episode 1, Step 1 complete: action=39, reward=-6.0400, done=False
[DEBUG] Episode 1, Step 2: calling _mixed_policy_dist
[DEBUG] Episode 1, Step 2 complete: action=63, reward=-1.0300, done=False
[DEBUG] Episode 1, Step 3: calling _mixed_policy_dist
[DEBUG] Episode 1, Step 3 complete: action=50, reward=0.9600, done=False
[DEBUG] Episode 1, Step 4: calling _mixed_policy_dist
[DEBUG] Episode 1, Step 4 complete: action=51, reward=-5.9800, done=False
[DEBUG] Episode 1 finished: 16 steps, done=True, reason=budget
[DEBUG] Episode 2, Step 0: calling _mixed_policy_dist
[DEBUG] Episode 2, Step 0 complete: action=68, reward=-5.0400, done=False
[DEBUG] Episode 2, Step 1: calling _mixed_policy_dist
[DEBUG] Episode 2, Step 1 complete: action=5, reward=-3.0100, done=False
[DEBUG] Episode 2, Step 2: calling _mixed_policy_dist
[DEBUG] Episode 2, Step 2 complete: action=81, reward=-10.9000, done=False
[DEBUG] Episode 2, Step 3: calling _mixed_policy_dist
[DEBUG] Episode 2, Step 3 complete: action=95, reward=1.0900, done=False
[DEBUG] Episode 2, Step 4: calling _mixed_policy_dist
[DEBUG] Episode 2, Step 4 complete: action=51, reward=4.0500, done=False
[DEBUG] Episode 2 finished: 16 steps, done=True, reason=budget
[DEBUG] Episode 3, Step 0: calling _mixed_policy_dist
[DEBUG] Episode 3, Step 0 complete: action=59, reward=-5.0500, done=False
[DEBUG] Episode 3, Step 1: calling _mixed_policy_dist
[DEBUG] Episode 3, Step 1 complete: action=94, reward=-5.0000, done=False
[DEBUG] Episode 3, Step 2: calling _mixed_policy_dist
[DEBUG] Episode 3, Step 2 complete: action=23, reward=0.9900, done=False
[DEBUG] Episode 3, Step 3: calling _mixed_policy_dist
[DEBUG] Episode 3, Step 3 complete: action=70, reward=-4.9600, done=False
[DEBUG] Episode 3, Step 4: calling _mixed_policy_dist
[DEBUG] Episode 3, Step 4 complete: action=27, reward=-4.9100, done=False
[DEBUG] Episode 3 finished: 16 steps, done=True, reason=budget
[DEBUG] train_step 0: episodes collected, starting value_update
[DEBUG] train_step 0: value_update done, starting policy_update
[DEBUG] train_step 0: policy_update done
[DEBUG] train_step 1: starting episode collection
[DEBUG] Episode 4, Step 0: calling _mixed_policy_dist
[DEBUG] Episode 4, Step 0 complete: action=74, reward=-5.0400, done=False
[DEBUG] Episode 4, Step 1: calling _mixed_policy_dist
[DEBUG] Episode 4, Step 1 complete: action=28, reward=0.9500, done=False
[DEBUG] Episode 4, Step 2: calling _mixed_policy_dist
[DEBUG] Episode 4, Step 2 complete: action=14, reward=-5.0000, done=False
[DEBUG] Episode 4, Step 3: calling _mixed_policy_dist
[DEBUG] Episode 4, Step 3 complete: action=17, reward=-2.9700, done=False
[DEBUG] Episode 4, Step 4: calling _mixed_policy_dist
[DEBUG] Episode 4, Step 4 complete: action=26, reward=-5.9100, done=False
[DEBUG] Episode 4 finished: 16 steps, done=True, reason=budget
[DEBUG] train_step 1: episodes collected, starting value_update
[DEBUG] train_step 1: value_update done, starting policy_update
[DEBUG] train_step 1: policy_update done
[DEBUG] train_step 2: starting episode collection
[DEBUG] train_step 2: episodes collected, starting value_update
[DEBUG] train_step 2: value_update done, starting policy_update
[DEBUG] train_step 2: policy_update done
[DEBUG] train_step 3: starting episode collection
[DEBUG] train_step 3: episodes collected, starting value_update
[DEBUG] train_step 3: value_update done, starting policy_update
[DEBUG] train_step 3: policy_update done
[DEBUG] train_step 4: starting episode collection
[DEBUG] train_step 4: episodes collected, starting value_update
[DEBUG] train_step 4: value_update done, starting policy_update
[DEBUG] train_step 4: policy_update done
[step 00050] value_loss=33.303337 policy_loss=-0.289496
[step 00050] VALUE_DEBUG: target(mean=-2.96 std=5.54 min=-19.90 max=3.63) V(s)(mean=-1.55 std=0.23) reward(mean=-2.739 std=5.630) clip=50.0
[DEBUG] train_step 50: starting episode collection
[DEBUG] train_step 50: episodes collected, starting value_update
[DEBUG] train_step 50: value_update done, starting policy_update
[DEBUG] train_step 50: policy_update done
[step 00100] value_loss=20.912611 policy_loss=0.548627
[step 00100] VALUE_DEBUG: target(mean=-1.30 std=4.30 min=-10.04 max=5.09) V(s)(mean=-3.06 std=0.52) reward(mean=-0.281 std=4.294) clip=50.0
[step 00100] eval_success_rate=0.000 eval_mean_score=4.860 eval_policy_mode=greedy [solved=0/50, score_range=-9.00-12.00/16.0, initial=9.00]
[step 00100] PROGRESS: filled=10.18 violations=1.06 zero_cand=0.64
[step 00100] DEBUG: ep_len=16.0 ep_ret=-30.570 stop_prob=0.000 score_chg=-15.1075
[DEBUG] train_step 100: starting episode collection
[DEBUG] train_step 100: episodes collected, starting value_update
[DEBUG] train_step 100: value_update done, starting policy_update
[DEBUG] train_step 100: policy_update done
[step 00150] value_loss=9.906224 policy_loss=-0.239923
[step 00150] VALUE_DEBUG: target(mean=-2.60 std=3.21 min=-10.03 max=4.63) V(s)(mean=-3.30 std=0.62) reward(mean=-0.888 std=3.165) clip=50.0
[DEBUG] train_step 150: starting episode collection
[DEBUG] train_step 150: episodes collected, starting value_update
[DEBUG] train_step 150: value_update done, starting policy_update
[DEBUG] train_step 150: policy_update done
[step 00200] value_loss=24.275280 policy_loss=-0.303936
[step 00200] VALUE_DEBUG: target(mean=-4.37 std=4.87 min=-21.87 max=2.80) V(s)(mean=-4.37 std=0.44) reward(mean=-2.018 std=5.243) clip=50.0
[step 00200] eval_success_rate=0.000 eval_mean_score=7.880 eval_policy_mode=greedy [solved=0/50, score_range=1.00-12.00/16.0, initial=9.00]
[step 00200] PROGRESS: filled=10.14 violations=0.58 zero_cand=0.22
[step 00200] DEBUG: ep_len=16.0 ep_ret=-30.180 stop_prob=0.000 score_chg=-14.6150
[DEBUG] train_step 200: starting episode collection
[DEBUG] train_step 200: episodes collected, starting value_update
[DEBUG] train_step 200: value_update done, starting policy_update
[DEBUG] train_step 200: policy_update done
[step 00250] value_loss=21.924599 policy_loss=-0.529284
[step 00250] VALUE_DEBUG: target(mean=-4.77 std=4.68 min=-16.02 max=3.98) V(s)(mean=-4.86 std=0.65) reward(mean=-1.760 std=5.383) clip=50.0
[DEBUG] train_step 250: starting episode collection
[DEBUG] train_step 250: episodes collected, starting value_update
[DEBUG] train_step 250: value_update done, starting policy_update
[DEBUG] train_step 250: policy_update done
[step 00300] value_loss=24.674438 policy_loss=-0.133049
[step 00300] VALUE_DEBUG: target(mean=-4.83 std=4.61 min=-17.90 max=1.62) V(s)(mean=-5.60 std=0.81) reward(mean=-1.058 std=5.526) clip=50.0
[step 00300] eval_success_rate=0.000 eval_mean_score=8.120 eval_policy_mode=greedy [solved=0/50, score_range=0.00-11.00/16.0, initial=9.00]
[step 00300] PROGRESS: filled=10.04 violations=0.46 zero_cand=0.20
[step 00300] DEBUG: ep_len=16.0 ep_ret=-28.822 stop_prob=0.000 score_chg=-13.1750
[DEBUG] train_step 300: starting episode collection
[DEBUG] train_step 300: episodes collected, starting value_update
[DEBUG] train_step 300: value_update done, starting policy_update
[DEBUG] train_step 300: policy_update done
[step 00350] value_loss=24.659092 policy_loss=-0.191523
[step 00350] VALUE_DEBUG: target(mean=-7.24 std=4.97 min=-19.92 max=2.53) V(s)(mean=-6.61 std=1.05) reward(mean=-2.957 std=6.055) clip=50.0
[DEBUG] train_step 350: starting episode collection
[DEBUG] train_step 350: episodes collected, starting value_update
[DEBUG] train_step 350: value_update done, starting policy_update
[DEBUG] train_step 350: policy_update done
[step 00400] value_loss=27.718662 policy_loss=-1.189500
[step 00400] VALUE_DEBUG: target(mean=-8.69 std=5.37 min=-22.96 max=1.27) V(s)(mean=-6.84 std=1.03) reward(mean=-3.223 std=6.368) clip=50.0
[step 00400] eval_success_rate=0.000 eval_mean_score=8.440 eval_policy_mode=greedy [solved=0/50, score_range=0.00-11.00/16.0, initial=9.00]
[step 00400] PROGRESS: filled=10.04 violations=0.30 zero_cand=0.20
[step 00400] DEBUG: ep_len=16.0 ep_ret=-26.519 stop_prob=0.000 score_chg=-10.4950
[DEBUG] train_step 400: starting episode collection
[DEBUG] train_step 400: episodes collected, starting value_update
[DEBUG] train_step 400: value_update done, starting policy_update
[DEBUG] train_step 400: policy_update done
[step 00450] value_loss=18.237318 policy_loss=-0.776826
[step 00450] VALUE_DEBUG: target(mean=-8.26 std=4.39 min=-18.28 max=-0.13) V(s)(mean=-7.07 std=0.85) reward(mean=-2.387 std=5.191) clip=50.0
[DEBUG] train_step 450: starting episode collection
[DEBUG] train_step 450: episodes collected, starting value_update
[DEBUG] train_step 450: value_update done, starting policy_update
[DEBUG] train_step 450: policy_update done
[step 00500] value_loss=17.165344 policy_loss=-1.142595
[step 00500] VALUE_DEBUG: target(mean=-8.61 std=4.31 min=-16.92 max=-0.15) V(s)(mean=-8.36 std=1.27) reward(mean=-1.871 std=4.743) clip=50.0
[step 00500] eval_success_rate=0.000 eval_mean_score=9.380 eval_policy_mode=greedy [solved=0/50, score_range=2.00-12.00/16.0, initial=9.00]
[step 00500] PROGRESS: filled=10.04 violations=0.18 zero_cand=0.06
[step 00500] DEBUG: ep_len=16.0 ep_ret=-24.114 stop_prob=0.000 score_chg=-7.6775
[DEBUG] train_step 500: starting episode collection
[DEBUG] train_step 500: episodes collected, starting value_update
[DEBUG] train_step 500: value_update done, starting policy_update
[DEBUG] train_step 500: policy_update done
[step 00550] value_loss=14.202032 policy_loss=-1.881278
[step 00550] VALUE_DEBUG: target(mean=-8.40 std=3.97 min=-19.96 max=-2.50) V(s)(mean=-8.01 std=0.98) reward(mean=-1.592 std=5.185) clip=50.0
[DEBUG] train_step 550: starting episode collection
[DEBUG] train_step 550: episodes collected, starting value_update
[DEBUG] train_step 550: value_update done, starting policy_update
[DEBUG] train_step 550: policy_update done
[step 00600] value_loss=23.299433 policy_loss=0.403987
[step 00600] VALUE_DEBUG: target(mean=-8.70 std=4.77 min=-17.98 max=-1.92) V(s)(mean=-9.87 std=1.20) reward(mean=-1.539 std=6.221) clip=50.0
[step 00600] eval_success_rate=0.000 eval_mean_score=9.660 eval_policy_mode=greedy [solved=0/50, score_range=2.00-12.00/16.0, initial=9.00]
[step 00600] PROGRESS: filled=10.08 violations=0.06 zero_cand=0.06
[step 00600] DEBUG: ep_len=15.9 ep_ret=-21.949 stop_prob=0.000 score_chg=-5.3125
[DEBUG] train_step 600: starting episode collection
[DEBUG] train_step 600: episodes collected, starting value_update
[DEBUG] train_step 600: value_update done, starting policy_update
[DEBUG] train_step 600: policy_update done
[step 00650] value_loss=16.218109 policy_loss=0.201590
[step 00650] VALUE_DEBUG: target(mean=-10.31 std=4.02 min=-17.00 max=1.43) V(s)(mean=-10.77 std=0.84) reward(mean=-2.327 std=5.347) clip=50.0
[DEBUG] train_step 650: starting episode collection
[DEBUG] train_step 650: episodes collected, starting value_update
[DEBUG] train_step 650: value_update done, starting policy_update
[DEBUG] train_step 650: policy_update done
[step 00700] value_loss=12.281058 policy_loss=0.296548
[step 00700] VALUE_DEBUG: target(mean=-11.46 std=3.58 min=-18.72 max=-4.36) V(s)(mean=-9.91 std=1.42) reward(mean=-2.948 std=4.452) clip=50.0
[step 00700] eval_success_rate=0.000 eval_mean_score=9.860 eval_policy_mode=greedy [solved=0/50, score_range=2.00-12.00/16.0, initial=9.00]
[step 00700] PROGRESS: filled=10.08 violations=0.06 zero_cand=0.02
[step 00700] DEBUG: ep_len=15.9 ep_ret=-20.166 stop_prob=0.000 score_chg=-3.3725
[DEBUG] train_step 700: starting episode collection
[DEBUG] train_step 700: episodes collected, starting value_update
[DEBUG] train_step 700: value_update done, starting policy_update
[DEBUG] train_step 700: policy_update done
[step 00750] value_loss=13.845660 policy_loss=-0.917410
[step 00750] VALUE_DEBUG: target(mean=-10.36 std=3.98 min=-18.55 max=0.67) V(s)(mean=-10.57 std=1.19) reward(mean=-1.380 std=4.847) clip=50.0
[DEBUG] train_step 750: starting episode collection
[DEBUG] train_step 750: episodes collected, starting value_update
[DEBUG] train_step 750: value_update done, starting policy_update
[DEBUG] train_step 750: policy_update done
[step 00800] value_loss=18.668371 policy_loss=1.250550
[step 00800] VALUE_DEBUG: target(mean=-10.57 std=4.54 min=-18.58 max=1.55) V(s)(mean=-11.54 std=1.00) reward(mean=-0.352 std=4.462) clip=50.0
[step 00800] eval_success_rate=0.000 eval_mean_score=9.820 eval_policy_mode=greedy [solved=0/50, score_range=2.00-11.00/16.0, initial=9.00]
[step 00800] PROGRESS: filled=10.04 violations=0.06 zero_cand=0.02
[step 00800] DEBUG: ep_len=15.9 ep_ret=-19.147 stop_prob=0.000 score_chg=-2.3675
[DEBUG] train_step 800: starting episode collection
[DEBUG] train_step 800: episodes collected, starting value_update
[DEBUG] train_step 800: value_update done, starting policy_update
[DEBUG] train_step 800: policy_update done
[step 00850] value_loss=13.319360 policy_loss=0.425333
[step 00850] VALUE_DEBUG: target(mean=-11.30 std=4.03 min=-21.07 max=-4.65) V(s)(mean=-11.20 std=1.29) reward(mean=-1.525 std=5.626) clip=50.0
[DEBUG] train_step 850: starting episode collection
[DEBUG] train_step 850: episodes collected, starting value_update
[DEBUG] train_step 850: value_update done, starting policy_update
[DEBUG] train_step 850: policy_update done
[step 00900] value_loss=6.705290 policy_loss=0.665734
[step 00900] VALUE_DEBUG: target(mean=-11.04 std=3.01 min=-18.11 max=-2.40) V(s)(mean=-11.34 std=1.31) reward(mean=-0.384 std=2.586) clip=50.0
[step 00900] eval_success_rate=0.000 eval_mean_score=9.960 eval_policy_mode=greedy [solved=0/50, score_range=5.00-11.00/16.0, initial=9.00]
[step 00900] PROGRESS: filled=10.08 violations=0.06 zero_cand=0.00
[step 00900] DEBUG: ep_len=15.9 ep_ret=-18.455 stop_prob=0.000 score_chg=-1.5475
[DEBUG] train_step 900: starting episode collection
[DEBUG] train_step 900: episodes collected, starting value_update
[DEBUG] train_step 900: value_update done, starting policy_update
[DEBUG] train_step 900: policy_update done
[step 00950] value_loss=12.607180 policy_loss=-0.226814
[step 00950] VALUE_DEBUG: target(mean=-11.28 std=3.76 min=-19.30 max=-2.15) V(s)(mean=-12.27 std=1.18) reward(mean=-1.116 std=5.434) clip=50.0
[DEBUG] train_step 950: starting episode collection
[DEBUG] train_step 950: episodes collected, starting value_update
[DEBUG] train_step 950: value_update done, starting policy_update
[DEBUG] train_step 950: policy_update done
[step 01000] value_loss=7.563207 policy_loss=-0.152644
[step 01000] VALUE_DEBUG: target(mean=-12.48 std=3.04 min=-21.81 max=-8.09) V(s)(mean=-12.23 std=1.52) reward(mean=-1.173 std=3.698) clip=50.0
[step 01000] eval_success_rate=0.000 eval_mean_score=10.060 eval_policy_mode=greedy [solved=0/50, score_range=9.00-11.00/16.0, initial=9.00]
[step 01000] PROGRESS: filled=10.06 violations=0.00 zero_cand=0.00
[step 01000] DEBUG: ep_len=16.0 ep_ret=-18.557 stop_prob=0.000 score_chg=-1.3650
[Checkpoint] Saved to buiksat_trm/checkpoints/table3_hard_6to8_controlled_nomask_nc_r10_s2/rl_checkpoint_step_1000.pt
[DEBUG] train_step 1000: starting episode collection
[DEBUG] train_step 1000: episodes collected, starting value_update
[DEBUG] train_step 1000: value_update done, starting policy_update
[DEBUG] train_step 1000: policy_update done
[step 01050] value_loss=9.871759 policy_loss=0.309453
[step 01050] VALUE_DEBUG: target(mean=-12.93 std=3.21 min=-18.40 max=-6.27) V(s)(mean=-12.38 std=1.46) reward(mean=-2.452 std=5.597) clip=50.0
[DEBUG] train_step 1050: starting episode collection
[DEBUG] train_step 1050: episodes collected, starting value_update
[DEBUG] train_step 1050: value_update done, starting policy_update
[DEBUG] train_step 1050: policy_update done
[step 01100] value_loss=7.022346 policy_loss=0.759752
[step 01100] VALUE_DEBUG: target(mean=-12.01 std=2.62 min=-17.42 max=-7.91) V(s)(mean=-12.76 std=1.18) reward(mean=-1.246 std=4.448) clip=50.0
[step 01100] eval_success_rate=0.000 eval_mean_score=10.040 eval_policy_mode=greedy [solved=0/50, score_range=9.00-12.00/16.0, initial=9.00]
[step 01100] PROGRESS: filled=10.04 violations=0.00 zero_cand=0.00
[step 01100] DEBUG: ep_len=15.9 ep_ret=-17.202 stop_prob=0.000 score_chg=-0.2000
[DEBUG] train_step 1100: starting episode collection
[DEBUG] train_step 1100: episodes collected, starting value_update
[DEBUG] train_step 1100: value_update done, starting policy_update
[DEBUG] train_step 1100: policy_update done
[step 01150] value_loss=9.133701 policy_loss=0.014882
[step 01150] VALUE_DEBUG: target(mean=-12.35 std=3.31 min=-21.40 max=-1.19) V(s)(mean=-12.83 std=1.28) reward(mean=-0.758 std=4.090) clip=50.0
[DEBUG] train_step 1150: starting episode collection
[DEBUG] train_step 1150: episodes collected, starting value_update
[DEBUG] train_step 1150: value_update done, starting policy_update
[DEBUG] train_step 1150: policy_update done
[step 01200] value_loss=5.168983 policy_loss=0.278984
[step 01200] VALUE_DEBUG: target(mean=-13.21 std=2.64 min=-19.22 max=-7.65) V(s)(mean=-12.65 std=1.09) reward(mean=-1.622 std=4.293) clip=50.0
[step 01200] eval_success_rate=0.000 eval_mean_score=10.040 eval_policy_mode=greedy [solved=0/50, score_range=9.00-11.00/16.0, initial=9.00]
[step 01200] PROGRESS: filled=10.04 violations=0.00 zero_cand=0.00
[step 01200] DEBUG: ep_len=15.8 ep_ret=-17.015 stop_prob=0.000 score_chg=-0.2000
[DEBUG] train_step 1200: starting episode collection
[DEBUG] train_step 1200: episodes collected, starting value_update
[DEBUG] train_step 1200: value_update done, starting policy_update
[DEBUG] train_step 1200: policy_update done
[step 01250] value_loss=6.608345 policy_loss=0.747956
[step 01250] VALUE_DEBUG: target(mean=-13.10 std=2.25 min=-18.78 max=-8.81) V(s)(mean=-12.75 std=1.18) reward(mean=-1.319 std=3.571) clip=50.0
[DEBUG] train_step 1250: starting episode collection
[DEBUG] train_step 1250: episodes collected, starting value_update
[DEBUG] train_step 1250: value_update done, starting policy_update
[DEBUG] train_step 1250: policy_update done
[step 01300] value_loss=10.237657 policy_loss=0.735747
[step 01300] VALUE_DEBUG: target(mean=-13.70 std=3.33 min=-21.52 max=-7.14) V(s)(mean=-12.87 std=1.53) reward(mean=-2.444 std=5.358) clip=50.0
[step 01300] eval_success_rate=0.000 eval_mean_score=10.120 eval_policy_mode=greedy [solved=0/50, score_range=9.00-12.00/16.0, initial=9.00]
[step 01300] PROGRESS: filled=10.12 violations=0.00 zero_cand=0.00
[step 01300] DEBUG: ep_len=15.9 ep_ret=-17.298 stop_prob=0.000 score_chg=-0.2950
[DEBUG] train_step 1300: starting episode collection
[DEBUG] train_step 1300: episodes collected, starting value_update
[DEBUG] train_step 1300: value_update done, starting policy_update
[DEBUG] train_step 1300: policy_update done
[step 01350] value_loss=10.139067 policy_loss=0.088874
[step 01350] VALUE_DEBUG: target(mean=-13.51 std=3.88 min=-24.24 max=-4.91) V(s)(mean=-13.25 std=1.47) reward(mean=-1.508 std=4.129) clip=50.0
[DEBUG] train_step 1350: starting episode collection
[DEBUG] train_step 1350: episodes collected, starting value_update
[DEBUG] train_step 1350: value_update done, starting policy_update
[DEBUG] train_step 1350: policy_update done
[step 01400] value_loss=6.399963 policy_loss=0.547665
[step 01400] VALUE_DEBUG: target(mean=-13.31 std=2.53 min=-19.97 max=-4.57) V(s)(mean=-13.50 std=1.14) reward(mean=-1.803 std=5.784) clip=50.0
[step 01400] eval_success_rate=0.000 eval_mean_score=10.100 eval_policy_mode=greedy [solved=0/50, score_range=9.00-11.00/16.0, initial=9.00]
[step 01400] PROGRESS: filled=10.10 violations=0.00 zero_cand=0.00
[step 01400] DEBUG: ep_len=15.8 ep_ret=-16.480 stop_prob=0.000 score_chg=0.2150
[DEBUG] train_step 1400: starting episode collection
[DEBUG] train_step 1400: episodes collected, starting value_update
[DEBUG] train_step 1400: value_update done, starting policy_update
[DEBUG] train_step 1400: policy_update done
[step 01450] value_loss=8.334229 policy_loss=0.164212
[step 01450] VALUE_DEBUG: target(mean=-12.74 std=2.71 min=-20.95 max=-5.40) V(s)(mean=-14.09 std=1.03) reward(mean=-0.026 std=3.994) clip=50.0
[DEBUG] train_step 1450: starting episode collection
[DEBUG] train_step 1450: episodes collected, starting value_update
[DEBUG] train_step 1450: value_update done, starting policy_update
[DEBUG] train_step 1450: policy_update done
[step 01500] value_loss=7.745211 policy_loss=0.195614
[step 01500] VALUE_DEBUG: target(mean=-14.24 std=3.08 min=-22.48 max=-8.13) V(s)(mean=-14.33 std=1.68) reward(mean=-1.602 std=4.483) clip=50.0
[step 01500] eval_success_rate=0.000 eval_mean_score=10.140 eval_policy_mode=greedy [solved=0/50, score_range=9.00-12.00/16.0, initial=9.00]
[step 01500] PROGRESS: filled=10.14 violations=0.00 zero_cand=0.00
[step 01500] DEBUG: ep_len=15.9 ep_ret=-17.122 stop_prob=0.000 score_chg=0.0175
[DEBUG] train_step 1500: starting episode collection
[DEBUG] train_step 1500: episodes collected, starting value_update
[DEBUG] train_step 1500: value_update done, starting policy_update
[DEBUG] train_step 1500: policy_update done
[step 01550] value_loss=4.874652 policy_loss=2.028318
[step 01550] VALUE_DEBUG: target(mean=-13.55 std=2.46 min=-19.06 max=-6.68) V(s)(mean=-13.79 std=1.30) reward(mean=-1.849 std=5.797) clip=50.0
[DEBUG] train_step 1550: starting episode collection
[DEBUG] train_step 1550: episodes collected, starting value_update
[DEBUG] train_step 1550: value_update done, starting policy_update
[DEBUG] train_step 1550: policy_update done
[step 01600] value_loss=8.365265 policy_loss=-0.056775
[step 01600] VALUE_DEBUG: target(mean=-14.04 std=3.18 min=-23.52 max=-5.77) V(s)(mean=-14.38 std=1.73) reward(mean=-1.798 std=5.226) clip=50.0
[step 01600] eval_success_rate=0.000 eval_mean_score=10.320 eval_policy_mode=greedy [solved=0/50, score_range=9.00-13.00/16.0, initial=9.00]
[step 01600] PROGRESS: filled=10.32 violations=0.00 zero_cand=0.00
[step 01600] DEBUG: ep_len=15.9 ep_ret=-16.229 stop_prob=0.000 score_chg=0.6550
[DEBUG] train_step 1600: starting episode collection
[DEBUG] train_step 1600: episodes collected, starting value_update
[DEBUG] train_step 1600: value_update done, starting policy_update
[DEBUG] train_step 1600: policy_update done
[step 01650] value_loss=10.320504 policy_loss=0.623211
[step 01650] VALUE_DEBUG: target(mean=-13.62 std=3.48 min=-21.19 max=-5.88) V(s)(mean=-13.11 std=1.07) reward(mean=-1.450 std=6.003) clip=50.0
[DEBUG] train_step 1650: starting episode collection
[DEBUG] train_step 1650: episodes collected, starting value_update
[DEBUG] train_step 1650: value_update done, starting policy_update
[DEBUG] train_step 1650: policy_update done
[step 01700] value_loss=7.771917 policy_loss=0.964221
[step 01700] VALUE_DEBUG: target(mean=-14.56 std=2.83 min=-19.54 max=-6.94) V(s)(mean=-14.55 std=1.13) reward(mean=-1.408 std=3.619) clip=50.0
[step 01700] eval_success_rate=0.000 eval_mean_score=10.240 eval_policy_mode=greedy [solved=0/50, score_range=9.00-12.00/16.0, initial=9.00]
[step 01700] PROGRESS: filled=10.24 violations=0.00 zero_cand=0.00
[step 01700] DEBUG: ep_len=15.7 ep_ret=-15.541 stop_prob=0.000 score_chg=0.9900
[DEBUG] train_step 1700: starting episode collection
[DEBUG] train_step 1700: episodes collected, starting value_update
[DEBUG] train_step 1700: value_update done, starting policy_update
[DEBUG] train_step 1700: policy_update done
[step 01750] value_loss=11.854656 policy_loss=0.749827
[step 01750] VALUE_DEBUG: target(mean=-14.94 std=3.83 min=-23.12 max=-5.83) V(s)(mean=-14.70 std=1.09) reward(mean=-2.281 std=5.165) clip=50.0
[DEBUG] train_step 1750: starting episode collection
[DEBUG] train_step 1750: episodes collected, starting value_update
[DEBUG] train_step 1750: value_update done, starting policy_update
[DEBUG] train_step 1750: policy_update done
[step 01800] value_loss=10.531990 policy_loss=0.863279
[step 01800] VALUE_DEBUG: target(mean=-14.63 std=3.68 min=-21.02 max=-4.98) V(s)(mean=-14.80 std=1.35) reward(mean=-1.277 std=5.019) clip=50.0
[step 01800] eval_success_rate=0.000 eval_mean_score=10.240 eval_policy_mode=greedy [solved=0/50, score_range=9.00-12.00/16.0, initial=9.00]
[step 01800] PROGRESS: filled=10.24 violations=0.00 zero_cand=0.00
[step 01800] DEBUG: ep_len=15.8 ep_ret=-15.499 stop_prob=0.000 score_chg=1.0825
[DEBUG] train_step 1800: starting episode collection
[DEBUG] train_step 1800: episodes collected, starting value_update
[DEBUG] train_step 1800: value_update done, starting policy_update
[DEBUG] train_step 1800: policy_update done
[step 01850] value_loss=17.540300 policy_loss=0.630484
[step 01850] VALUE_DEBUG: target(mean=-14.39 std=4.20 min=-24.59 max=-4.64) V(s)(mean=-14.26 std=1.31) reward(mean=-2.260 std=6.644) clip=50.0
[DEBUG] train_step 1850: starting episode collection
[DEBUG] train_step 1850: episodes collected, starting value_update
[DEBUG] train_step 1850: value_update done, starting policy_update
[DEBUG] train_step 1850: policy_update done
[step 01900] value_loss=6.639729 policy_loss=0.996314
[step 01900] VALUE_DEBUG: target(mean=-14.95 std=2.25 min=-22.21 max=-11.67) V(s)(mean=-14.42 std=1.59) reward(mean=-1.352 std=3.305) clip=50.0
[step 01900] eval_success_rate=0.000 eval_mean_score=10.100 eval_policy_mode=greedy [solved=0/50, score_range=9.00-11.00/16.0, initial=9.00]
[step 01900] PROGRESS: filled=10.10 violations=0.00 zero_cand=0.00
[step 01900] DEBUG: ep_len=15.8 ep_ret=-15.939 stop_prob=0.000 score_chg=0.9100
[DEBUG] train_step 1900: starting episode collection
[DEBUG] train_step 1900: episodes collected, starting value_update
[DEBUG] train_step 1900: value_update done, starting policy_update
[DEBUG] train_step 1900: policy_update done
[step 01950] value_loss=4.820697 policy_loss=0.718929
[step 01950] VALUE_DEBUG: target(mean=-14.34 std=2.98 min=-24.78 max=-10.06) V(s)(mean=-14.22 std=1.26) reward(mean=-1.682 std=4.297) clip=50.0
[DEBUG] train_step 1950: starting episode collection
[DEBUG] train_step 1950: episodes collected, starting value_update
[DEBUG] train_step 1950: value_update done, starting policy_update
[DEBUG] train_step 1950: policy_update done
[step 02000] value_loss=7.552636 policy_loss=0.693384
[step 02000] VALUE_DEBUG: target(mean=-14.83 std=2.69 min=-22.48 max=-7.20) V(s)(mean=-14.00 std=1.07) reward(mean=-1.403 std=4.666) clip=50.0
[step 02000] eval_success_rate=0.000 eval_mean_score=10.260 eval_policy_mode=greedy [solved=0/50, score_range=9.00-12.00/16.0, initial=9.00]
[step 02000] PROGRESS: filled=10.26 violations=0.00 zero_cand=0.00
[step 02000] DEBUG: ep_len=15.8 ep_ret=-15.628 stop_prob=0.000 score_chg=0.8425
[Checkpoint] Saved to buiksat_trm/checkpoints/table3_hard_6to8_controlled_nomask_nc_r10_s2/rl_checkpoint_step_2000.pt
[DEBUG] train_step 2000: starting episode collection
[DEBUG] train_step 2000: episodes collected, starting value_update
[DEBUG] train_step 2000: value_update done, starting policy_update
[DEBUG] train_step 2000: policy_update done
[step 02050] value_loss=7.856262 policy_loss=1.007928
[step 02050] VALUE_DEBUG: target(mean=-14.18 std=3.19 min=-22.31 max=-3.97) V(s)(mean=-14.33 std=1.30) reward(mean=-0.562 std=4.052) clip=50.0
[DEBUG] train_step 2050: starting episode collection
[DEBUG] train_step 2050: episodes collected, starting value_update
[DEBUG] train_step 2050: value_update done, starting policy_update
[DEBUG] train_step 2050: policy_update done
[step 02100] value_loss=6.278402 policy_loss=0.818677
[step 02100] VALUE_DEBUG: target(mean=-14.31 std=2.77 min=-20.25 max=-2.48) V(s)(mean=-14.48 std=1.12) reward(mean=-2.403 std=6.335) clip=50.0
[step 02100] eval_success_rate=0.000 eval_mean_score=10.260 eval_policy_mode=greedy [solved=0/50, score_range=9.00-13.00/16.0, initial=9.00]
[step 02100] PROGRESS: filled=10.26 violations=0.00 zero_cand=0.00
[step 02100] DEBUG: ep_len=15.8 ep_ret=-15.412 stop_prob=0.000 score_chg=1.1200
[DEBUG] train_step 2100: starting episode collection
[DEBUG] train_step 2100: episodes collected, starting value_update
[DEBUG] train_step 2100: value_update done, starting policy_update
[DEBUG] train_step 2100: policy_update done
[step 02150] value_loss=6.359898 policy_loss=0.688823
[step 02150] VALUE_DEBUG: target(mean=-14.39 std=2.91 min=-23.53 max=-8.81) V(s)(mean=-14.51 std=1.19) reward(mean=-0.279 std=2.565) clip=50.0
[DEBUG] train_step 2150: starting episode collection
[DEBUG] train_step 2150: episodes collected, starting value_update
[DEBUG] train_step 2150: value_update done, starting policy_update
[DEBUG] train_step 2150: policy_update done
[step 02200] value_loss=7.060615 policy_loss=0.361530
[step 02200] VALUE_DEBUG: target(mean=-14.65 std=2.89 min=-21.58 max=-6.96) V(s)(mean=-13.98 std=1.08) reward(mean=-1.159 std=3.643) clip=50.0
[step 02200] eval_success_rate=0.000 eval_mean_score=10.360 eval_policy_mode=greedy [solved=0/50, score_range=9.00-13.00/16.0, initial=9.00]
[step 02200] PROGRESS: filled=10.36 violations=0.00 zero_cand=0.00
[step 02200] DEBUG: ep_len=15.8 ep_ret=-15.714 stop_prob=0.000 score_chg=1.0675
[DEBUG] train_step 2200: starting episode collection
[DEBUG] train_step 2200: episodes collected, starting value_update
[DEBUG] train_step 2200: value_update done, starting policy_update
[DEBUG] train_step 2200: policy_update done
[step 02250] value_loss=4.213254 policy_loss=1.286592
[step 02250] VALUE_DEBUG: target(mean=-14.11 std=2.03 min=-19.58 max=-7.15) V(s)(mean=-14.24 std=1.15) reward(mean=-1.366 std=4.121) clip=50.0
[DEBUG] train_step 2250: starting episode collection
[DEBUG] train_step 2250: episodes collected, starting value_update
[DEBUG] train_step 2250: value_update done, starting policy_update
[DEBUG] train_step 2250: policy_update done
[step 02300] value_loss=4.709084 policy_loss=0.294085
[step 02300] VALUE_DEBUG: target(mean=-13.79 std=2.30 min=-22.07 max=-8.23) V(s)(mean=-14.09 std=0.94) reward(mean=-0.789 std=4.429) clip=50.0
[step 02300] eval_success_rate=0.000 eval_mean_score=10.540 eval_policy_mode=greedy [solved=0/50, score_range=9.00-13.00/16.0, initial=9.00]
[step 02300] PROGRESS: filled=10.54 violations=0.00 zero_cand=0.00
[step 02300] DEBUG: ep_len=15.7 ep_ret=-14.687 stop_prob=0.000 score_chg=1.7400
[DEBUG] train_step 2300: starting episode collection
[DEBUG] train_step 2300: episodes collected, starting value_update
[DEBUG] train_step 2300: value_update done, starting policy_update
[DEBUG] train_step 2300: policy_update done
[step 02350] value_loss=7.750415 policy_loss=-0.292627
[step 02350] VALUE_DEBUG: target(mean=-14.03 std=2.91 min=-21.36 max=-8.19) V(s)(mean=-13.85 std=1.31) reward(mean=-0.592 std=3.898) clip=50.0
[DEBUG] train_step 2350: starting episode collection
[DEBUG] train_step 2350: episodes collected, starting value_update
[DEBUG] train_step 2350: value_update done, starting policy_update
[DEBUG] train_step 2350: policy_update done
[step 02400] value_loss=7.006396 policy_loss=0.584593
[step 02400] VALUE_DEBUG: target(mean=-14.08 std=3.03 min=-24.84 max=-3.98) V(s)(mean=-14.08 std=1.04) reward(mean=-0.372 std=3.875) clip=50.0
[step 02400] eval_success_rate=0.000 eval_mean_score=10.560 eval_policy_mode=greedy [solved=0/50, score_range=9.00-12.00/16.0, initial=9.00]
[step 02400] PROGRESS: filled=10.56 violations=0.00 zero_cand=0.00
[step 02400] DEBUG: ep_len=15.8 ep_ret=-14.761 stop_prob=0.000 score_chg=1.7625
[DEBUG] train_step 2400: starting episode collection
[DEBUG] train_step 2400: episodes collected, starting value_update
[DEBUG] train_step 2400: value_update done, starting policy_update
[DEBUG] train_step 2400: policy_update done
[step 02450] value_loss=4.376522 policy_loss=0.535443
[step 02450] VALUE_DEBUG: target(mean=-14.03 std=2.67 min=-19.99 max=-4.50) V(s)(mean=-14.38 std=1.25) reward(mean=-0.536 std=4.337) clip=50.0
[DEBUG] train_step 2450: starting episode collection
[DEBUG] train_step 2450: episodes collected, starting value_update
[DEBUG] train_step 2450: value_update done, starting policy_update
[DEBUG] train_step 2450: policy_update done
[step 02500] value_loss=7.629717 policy_loss=1.023116
[step 02500] VALUE_DEBUG: target(mean=-14.26 std=2.94 min=-22.47 max=-6.19) V(s)(mean=-13.58 std=1.10) reward(mean=-0.654 std=3.925) clip=50.0
[step 02500] eval_success_rate=0.000 eval_mean_score=10.640 eval_policy_mode=greedy [solved=0/50, score_range=9.00-14.00/16.0, initial=9.00]
[step 02500] PROGRESS: filled=10.64 violations=0.00 zero_cand=0.00
[step 02500] DEBUG: ep_len=15.8 ep_ret=-14.626 stop_prob=0.000 score_chg=1.8000
[DEBUG] train_step 2500: starting episode collection
[DEBUG] train_step 2500: episodes collected, starting value_update
[DEBUG] train_step 2500: value_update done, starting policy_update
[DEBUG] train_step 2500: policy_update done
[step 02550] value_loss=12.740120 policy_loss=0.597267
[step 02550] VALUE_DEBUG: target(mean=-14.13 std=3.73 min=-22.61 max=1.84) V(s)(mean=-14.31 std=1.19) reward(mean=-1.565 std=5.051) clip=50.0
[DEBUG] train_step 2550: starting episode collection
[DEBUG] train_step 2550: episodes collected, starting value_update
[DEBUG] train_step 2550: value_update done, starting policy_update
[DEBUG] train_step 2550: policy_update done
[step 02600] value_loss=22.580580 policy_loss=-0.073299
[step 02600] VALUE_DEBUG: target(mean=-14.07 std=4.83 min=-23.49 max=6.84) V(s)(mean=-14.73 std=1.06) reward(mean=-0.856 std=4.166) clip=50.0
[step 02600] eval_success_rate=0.000 eval_mean_score=10.580 eval_policy_mode=greedy [solved=0/50, score_range=9.00-14.00/16.0, initial=9.00]
[step 02600] PROGRESS: filled=10.58 violations=0.00 zero_cand=0.00
[step 02600] DEBUG: ep_len=15.8 ep_ret=-14.861 stop_prob=0.000 score_chg=1.7100
[DEBUG] train_step 2600: starting episode collection
[DEBUG] train_step 2600: episodes collected, starting value_update
[DEBUG] train_step 2600: value_update done, starting policy_update
[DEBUG] train_step 2600: policy_update done
[step 02650] value_loss=4.415919 policy_loss=0.695206
[step 02650] VALUE_DEBUG: target(mean=-14.75 std=2.24 min=-21.02 max=-9.51) V(s)(mean=-14.79 std=1.23) reward(mean=-0.811 std=3.279) clip=50.0
[DEBUG] train_step 2650: starting episode collection
[DEBUG] train_step 2650: episodes collected, starting value_update
[DEBUG] train_step 2650: value_update done, starting policy_update
[DEBUG] train_step 2650: policy_update done
[step 02700] value_loss=5.008245 policy_loss=0.214158
[step 02700] VALUE_DEBUG: target(mean=-14.71 std=2.66 min=-24.17 max=-10.19) V(s)(mean=-14.36 std=1.09) reward(mean=-0.748 std=3.558) clip=50.0
[step 02700] eval_success_rate=0.000 eval_mean_score=10.520 eval_policy_mode=greedy [solved=0/50, score_range=9.00-12.00/16.0, initial=9.00]
[step 02700] PROGRESS: filled=10.52 violations=0.00 zero_cand=0.00
[step 02700] DEBUG: ep_len=15.8 ep_ret=-14.682 stop_prob=0.000 score_chg=1.5350
[DEBUG] train_step 2700: starting episode collection
[DEBUG] train_step 2700: episodes collected, starting value_update
[DEBUG] train_step 2700: value_update done, starting policy_update
[DEBUG] train_step 2700: policy_update done
[step 02750] value_loss=3.784655 policy_loss=-0.370261
[step 02750] VALUE_DEBUG: target(mean=-14.40 std=2.28 min=-21.27 max=-8.76) V(s)(mean=-14.10 std=1.40) reward(mean=-0.945 std=4.325) clip=50.0
[DEBUG] train_step 2750: starting episode collection
[DEBUG] train_step 2750: episodes collected, starting value_update
[DEBUG] train_step 2750: value_update done, starting policy_update
[DEBUG] train_step 2750: policy_update done
[step 02800] value_loss=5.019003 policy_loss=0.860836
[step 02800] VALUE_DEBUG: target(mean=-14.12 std=2.19 min=-19.37 max=-8.19) V(s)(mean=-14.73 std=1.24) reward(mean=0.174 std=2.079) clip=50.0
[step 02800] eval_success_rate=0.000 eval_mean_score=10.840 eval_policy_mode=greedy [solved=0/50, score_range=9.00-14.00/16.0, initial=9.00]
[step 02800] PROGRESS: filled=10.84 violations=0.00 zero_cand=0.00
[step 02800] DEBUG: ep_len=15.7 ep_ret=-14.246 stop_prob=0.000 score_chg=2.1525
[DEBUG] train_step 2800: starting episode collection
[DEBUG] train_step 2800: episodes collected, starting value_update
[DEBUG] train_step 2800: value_update done, starting policy_update
[DEBUG] train_step 2800: policy_update done
[step 02850] value_loss=4.577688 policy_loss=0.579681
[step 02850] VALUE_DEBUG: target(mean=-14.94 std=2.19 min=-23.21 max=-10.73) V(s)(mean=-14.88 std=1.05) reward(mean=-2.229 std=5.649) clip=50.0
[DEBUG] train_step 2850: starting episode collection
[DEBUG] train_step 2850: episodes collected, starting value_update
[DEBUG] train_step 2850: value_update done, starting policy_update
[DEBUG] train_step 2850: policy_update done
[step 02900] value_loss=5.113782 policy_loss=0.242034
[step 02900] VALUE_DEBUG: target(mean=-14.02 std=2.49 min=-19.86 max=-4.05) V(s)(mean=-14.72 std=0.98) reward(mean=0.592 std=2.179) clip=50.0
[step 02900] eval_success_rate=0.000 eval_mean_score=10.620 eval_policy_mode=greedy [solved=0/50, score_range=9.00-14.00/16.0, initial=9.00]
[step 02900] PROGRESS: filled=10.62 violations=0.00 zero_cand=0.00
[step 02900] DEBUG: ep_len=15.7 ep_ret=-14.100 stop_prob=0.000 score_chg=2.0375
[DEBUG] train_step 2900: starting episode collection
[DEBUG] train_step 2900: episodes collected, starting value_update
[DEBUG] train_step 2900: value_update done, starting policy_update
[DEBUG] train_step 2900: policy_update done
[step 02950] value_loss=12.601645 policy_loss=-0.185636
[step 02950] VALUE_DEBUG: target(mean=-14.74 std=3.93 min=-23.27 max=1.84) V(s)(mean=-14.50 std=1.15) reward(mean=-3.021 std=6.109) clip=50.0
[DEBUG] train_step 2950: starting episode collection
[DEBUG] train_step 2950: episodes collected, starting value_update
[DEBUG] train_step 2950: value_update done, starting policy_update
[DEBUG] train_step 2950: policy_update done
[step 03000] value_loss=3.578578 policy_loss=0.245883
[step 03000] VALUE_DEBUG: target(mean=-14.75 std=2.25 min=-20.76 max=-9.86) V(s)(mean=-14.62 std=1.50) reward(mean=-1.283 std=3.991) clip=50.0
[step 03000] eval_success_rate=0.000 eval_mean_score=10.820 eval_policy_mode=greedy [solved=0/50, score_range=9.00-15.00/16.0, initial=9.00]
[step 03000] PROGRESS: filled=10.82 violations=0.00 zero_cand=0.00
[step 03000] DEBUG: ep_len=15.4 ep_ret=-13.554 stop_prob=0.000 score_chg=1.9325
[Checkpoint] Saved to buiksat_trm/checkpoints/table3_hard_6to8_controlled_nomask_nc_r10_s2/rl_checkpoint_step_3000.pt
[DEBUG] train_step 3000: starting episode collection
[DEBUG] train_step 3000: episodes collected, starting value_update
[DEBUG] train_step 3000: value_update done, starting policy_update
[DEBUG] train_step 3000: policy_update done
[step 03050] value_loss=1.586960 policy_loss=0.178084
[step 03050] VALUE_DEBUG: target(mean=-14.79 std=1.53 min=-17.41 max=-9.65) V(s)(mean=-14.82 std=1.05) reward(mean=-1.790 std=5.561) clip=50.0
[DEBUG] train_step 3050: starting episode collection
[DEBUG] train_step 3050: episodes collected, starting value_update
[DEBUG] train_step 3050: value_update done, starting policy_update
[DEBUG] train_step 3050: policy_update done
[step 03100] value_loss=10.922955 policy_loss=-0.359936
[step 03100] VALUE_DEBUG: target(mean=-13.64 std=3.46 min=-19.86 max=1.84) V(s)(mean=-13.86 std=1.30) reward(mean=-1.792 std=5.596) clip=50.0
[step 03100] eval_success_rate=0.000 eval_mean_score=11.020 eval_policy_mode=greedy [solved=0/50, score_range=9.00-15.00/16.0, initial=9.00]
[step 03100] PROGRESS: filled=11.02 violations=0.00 zero_cand=0.00
[step 03100] DEBUG: ep_len=15.3 ep_ret=-11.825 stop_prob=0.000 score_chg=2.8000
[DEBUG] train_step 3100: starting episode collection
[DEBUG] train_step 3100: episodes collected, starting value_update
[DEBUG] train_step 3100: value_update done, starting policy_update
[DEBUG] train_step 3100: policy_update done
[step 03150] value_loss=4.125792 policy_loss=0.307896
[step 03150] VALUE_DEBUG: target(mean=-14.32 std=2.44 min=-20.98 max=-8.16) V(s)(mean=-13.89 std=1.08) reward(mean=-1.036 std=4.418) clip=50.0
[DEBUG] train_step 3150: starting episode collection
[DEBUG] train_step 3150: episodes collected, starting value_update
[DEBUG] train_step 3150: value_update done, starting policy_update
[DEBUG] train_step 3150: policy_update done
[step 03200] value_loss=9.490490 policy_loss=-0.209791
[step 03200] VALUE_DEBUG: target(mean=-14.77 std=3.19 min=-27.42 max=-9.88) V(s)(mean=-14.77 std=1.41) reward(mean=-1.347 std=5.228) clip=50.0
[step 03200] eval_success_rate=0.020 eval_mean_score=11.240 eval_policy_mode=greedy [solved=1/50, score_range=9.00-16.00/16.0, initial=9.00]
[step 03200] PROGRESS: filled=11.24 violations=0.00 zero_cand=0.00
[step 03200] DEBUG: ep_len=15.3 ep_ret=-11.801 stop_prob=0.000 score_chg=2.9025
[DEBUG] train_step 3200: starting episode collection
[DEBUG] train_step 3200: episodes collected, starting value_update
[DEBUG] train_step 3200: value_update done, starting policy_update
[DEBUG] train_step 3200: policy_update done
[step 03250] value_loss=7.749488 policy_loss=0.427035
[step 03250] VALUE_DEBUG: target(mean=-14.64 std=2.69 min=-23.07 max=-10.49) V(s)(mean=-14.22 std=1.51) reward(mean=-1.329 std=5.246) clip=50.0
[DEBUG] train_step 3250: starting episode collection
[DEBUG] train_step 3250: episodes collected, starting value_update
[DEBUG] train_step 3250: value_update done, starting policy_update
[DEBUG] train_step 3250: policy_update done
[step 03300] value_loss=2.649364 policy_loss=-0.226749
[step 03300] VALUE_DEBUG: target(mean=-13.59 std=2.25 min=-20.39 max=-7.76) V(s)(mean=-14.05 std=1.27) reward(mean=-0.288 std=3.294) clip=50.0
[step 03300] eval_success_rate=0.020 eval_mean_score=11.640 eval_policy_mode=greedy [solved=1/50, score_range=9.00-16.00/16.0, initial=9.00]
[step 03300] PROGRESS: filled=11.64 violations=0.00 zero_cand=0.00
[step 03300] DEBUG: ep_len=15.4 ep_ret=-13.104 stop_prob=0.000 score_chg=2.3375
[DEBUG] train_step 3300: starting episode collection
[DEBUG] train_step 3300: episodes collected, starting value_update
[DEBUG] train_step 3300: value_update done, starting policy_update
[DEBUG] train_step 3300: policy_update done
[step 03350] value_loss=0.614120 policy_loss=-0.422398
[step 03350] VALUE_DEBUG: target(mean=-13.66 std=1.44 min=-16.90 max=-10.62) V(s)(mean=-13.17 std=1.36) reward(mean=-0.481 std=2.486) clip=50.0
[DEBUG] train_step 3350: starting episode collection
[DEBUG] train_step 3350: episodes collected, starting value_update
[DEBUG] train_step 3350: value_update done, starting policy_update
[DEBUG] train_step 3350: policy_update done
[step 03400] value_loss=19.848015 policy_loss=0.248770
[step 03400] VALUE_DEBUG: target(mean=-13.43 std=4.56 min=-22.10 max=6.84) V(s)(mean=-13.79 std=1.78) reward(mean=-1.604 std=5.882) clip=50.0
[step 03400] eval_success_rate=0.000 eval_mean_score=11.120 eval_policy_mode=greedy [solved=0/50, score_range=9.00-14.00/16.0, initial=9.00]
[step 03400] PROGRESS: filled=11.12 violations=0.00 zero_cand=0.00
[step 03400] DEBUG: ep_len=15.4 ep_ret=-12.882 stop_prob=0.000 score_chg=2.3800
[DEBUG] train_step 3400: starting episode collection
[DEBUG] train_step 3400: episodes collected, starting value_update
[DEBUG] train_step 3400: value_update done, starting policy_update
[DEBUG] train_step 3400: policy_update done
[step 03450] value_loss=8.770966 policy_loss=-0.252189
[step 03450] VALUE_DEBUG: target(mean=-14.86 std=2.83 min=-23.08 max=-11.16) V(s)(mean=-13.72 std=1.53) reward(mean=-3.879 std=6.840) clip=50.0
[DEBUG] train_step 3450: starting episode collection
[DEBUG] train_step 3450: episodes collected, starting value_update
[DEBUG] train_step 3450: value_update done, starting policy_update
[DEBUG] train_step 3450: policy_update done
[step 03500] value_loss=4.317714 policy_loss=-0.117802
[step 03500] VALUE_DEBUG: target(mean=-14.07 std=2.49 min=-23.51 max=-9.52) V(s)(mean=-14.05 std=1.43) reward(mean=-0.352 std=3.514) clip=50.0
[step 03500] eval_success_rate=0.000 eval_mean_score=11.320 eval_policy_mode=greedy [solved=0/50, score_range=9.00-14.00/16.0, initial=9.00]
[step 03500] PROGRESS: filled=11.32 violations=0.00 zero_cand=0.00
[step 03500] DEBUG: ep_len=15.2 ep_ret=-11.743 stop_prob=0.000 score_chg=2.9375
[DEBUG] train_step 3500: starting episode collection
[DEBUG] train_step 3500: episodes collected, starting value_update
[DEBUG] train_step 3500: value_update done, starting policy_update
[DEBUG] train_step 3500: policy_update done
[step 03550] value_loss=11.697517 policy_loss=0.003495
[step 03550] VALUE_DEBUG: target(mean=-13.92 std=3.47 min=-18.41 max=1.84) V(s)(mean=-13.86 std=1.95) reward(mean=-2.006 std=5.500) clip=50.0
[DEBUG] train_step 3550: starting episode collection
[DEBUG] train_step 3550: episodes collected, starting value_update
[DEBUG] train_step 3550: value_update done, starting policy_update
[DEBUG] train_step 3550: policy_update done
[step 03600] value_loss=8.108607 policy_loss=-0.033936
[step 03600] VALUE_DEBUG: target(mean=-13.01 std=3.22 min=-16.14 max=1.84) V(s)(mean=-13.47 std=1.45) reward(mean=-0.493 std=4.227) clip=50.0
[step 03600] eval_success_rate=0.000 eval_mean_score=11.640 eval_policy_mode=greedy [solved=0/50, score_range=9.00-15.00/16.0, initial=9.00]
[step 03600] PROGRESS: filled=11.64 violations=0.00 zero_cand=0.00
[step 03600] DEBUG: ep_len=15.4 ep_ret=-12.301 stop_prob=0.000 score_chg=2.7800
[DEBUG] train_step 3600: starting episode collection
[DEBUG] train_step 3600: episodes collected, starting value_update
[DEBUG] train_step 3600: value_update done, starting policy_update
[DEBUG] train_step 3600: policy_update done
[step 03650] value_loss=7.898187 policy_loss=1.164303
[step 03650] VALUE_DEBUG: target(mean=-13.87 std=3.39 min=-20.70 max=-3.15) V(s)(mean=-14.13 std=1.69) reward(mean=-1.062 std=4.565) clip=50.0
[DEBUG] train_step 3650: starting episode collection
[DEBUG] train_step 3650: episodes collected, starting value_update
[DEBUG] train_step 3650: value_update done, starting policy_update
[DEBUG] train_step 3650: policy_update done
[step 03700] value_loss=7.650906 policy_loss=0.084643
[step 03700] VALUE_DEBUG: target(mean=-13.01 std=3.13 min=-17.34 max=1.84) V(s)(mean=-13.64 std=1.43) reward(mean=-0.361 std=3.019) clip=50.0
[step 03700] eval_success_rate=0.000 eval_mean_score=11.200 eval_policy_mode=greedy [solved=0/50, score_range=9.00-15.00/16.0, initial=9.00]
[step 03700] PROGRESS: filled=11.20 violations=0.00 zero_cand=0.00
[step 03700] DEBUG: ep_len=15.4 ep_ret=-12.693 stop_prob=0.000 score_chg=2.8300
[DEBUG] train_step 3700: starting episode collection
[DEBUG] train_step 3700: episodes collected, starting value_update
[DEBUG] train_step 3700: value_update done, starting policy_update
[DEBUG] train_step 3700: policy_update done
[step 03750] value_loss=5.629834 policy_loss=1.083102
[step 03750] VALUE_DEBUG: target(mean=-14.19 std=3.07 min=-22.51 max=-10.13) V(s)(mean=-13.86 std=1.47) reward(mean=-1.990 std=5.465) clip=50.0
[DEBUG] train_step 3750: starting episode collection
[DEBUG] train_step 3750: episodes collected, starting value_update
[DEBUG] train_step 3750: value_update done, starting policy_update
[DEBUG] train_step 3750: policy_update done
[step 03800] value_loss=1.726589 policy_loss=-0.166145
[step 03800] VALUE_DEBUG: target(mean=-13.82 std=2.19 min=-20.23 max=-9.37) V(s)(mean=-14.34 std=1.88) reward(mean=-0.931 std=4.148) clip=50.0
[step 03800] eval_success_rate=0.000 eval_mean_score=11.600 eval_policy_mode=greedy [solved=0/50, score_range=9.00-15.00/16.0, initial=9.00]
[step 03800] PROGRESS: filled=11.60 violations=0.00 zero_cand=0.00
[step 03800] DEBUG: ep_len=15.2 ep_ret=-11.159 stop_prob=0.000 score_chg=3.1925
[DEBUG] train_step 3800: starting episode collection
[DEBUG] train_step 3800: episodes collected, starting value_update
[DEBUG] train_step 3800: value_update done, starting policy_update
[DEBUG] train_step 3800: policy_update done
[step 03850] value_loss=17.088345 policy_loss=1.301122
[step 03850] VALUE_DEBUG: target(mean=-13.00 std=4.09 min=-20.88 max=1.84) V(s)(mean=-14.29 std=1.57) reward(mean=0.370 std=4.200) clip=50.0
[DEBUG] train_step 3850: starting episode collection
[DEBUG] train_step 3850: episodes collected, starting value_update
[DEBUG] train_step 3850: value_update done, starting policy_update
[DEBUG] train_step 3850: policy_update done
[step 03900] value_loss=6.178944 policy_loss=0.400368
[step 03900] VALUE_DEBUG: target(mean=-13.19 std=3.14 min=-16.43 max=0.24) V(s)(mean=-13.51 std=1.61) reward(mean=-0.263 std=4.809) clip=50.0
[step 03900] eval_success_rate=0.000 eval_mean_score=11.660 eval_policy_mode=greedy [solved=0/50, score_range=9.00-15.00/16.0, initial=9.00]
[step 03900] PROGRESS: filled=11.66 violations=0.00 zero_cand=0.00
[step 03900] DEBUG: ep_len=15.1 ep_ret=-11.837 stop_prob=0.000 score_chg=2.7375
[DEBUG] train_step 3900: starting episode collection
[DEBUG] train_step 3900: episodes collected, starting value_update
[DEBUG] train_step 3900: value_update done, starting policy_update
[DEBUG] train_step 3900: policy_update done
[step 03950] value_loss=3.220969 policy_loss=0.358461
[step 03950] VALUE_DEBUG: target(mean=-13.40 std=2.63 min=-20.31 max=-6.72) V(s)(mean=-13.50 std=1.66) reward(mean=-1.538 std=5.761) clip=50.0
[DEBUG] train_step 3950: starting episode collection
[DEBUG] train_step 3950: episodes collected, starting value_update
[DEBUG] train_step 3950: value_update done, starting policy_update
[DEBUG] train_step 3950: policy_update done
[step 04000] value_loss=6.647735 policy_loss=0.422168
[step 04000] VALUE_DEBUG: target(mean=-13.75 std=2.01 min=-16.15 max=-9.07) V(s)(mean=-13.97 std=1.90) reward(mean=-1.368 std=5.178) clip=50.0
[step 04000] eval_success_rate=0.000 eval_mean_score=11.580 eval_policy_mode=greedy [solved=0/50, score_range=9.00-15.00/16.0, initial=9.00]
[step 04000] PROGRESS: filled=11.58 violations=0.00 zero_cand=0.00
[step 04000] DEBUG: ep_len=15.3 ep_ret=-11.148 stop_prob=0.000 score_chg=3.2650
[Checkpoint] Saved to buiksat_trm/checkpoints/table3_hard_6to8_controlled_nomask_nc_r10_s2/rl_checkpoint_step_4000.pt
[DEBUG] train_step 4000: starting episode collection
[DEBUG] train_step 4000: episodes collected, starting value_update
[DEBUG] train_step 4000: value_update done, starting policy_update
[DEBUG] train_step 4000: policy_update done
[step 04050] value_loss=11.381407 policy_loss=1.054588
[step 04050] VALUE_DEBUG: target(mean=-13.08 std=3.77 min=-20.60 max=-3.23) V(s)(mean=-13.22 std=2.13) reward(mean=-0.510 std=5.144) clip=50.0
[DEBUG] train_step 4050: starting episode collection
[DEBUG] train_step 4050: episodes collected, starting value_update
[DEBUG] train_step 4050: value_update done, starting policy_update
[DEBUG] train_step 4050: policy_update done
[step 04100] value_loss=3.677023 policy_loss=0.415100
[step 04100] VALUE_DEBUG: target(mean=-13.95 std=2.46 min=-19.30 max=-8.75) V(s)(mean=-14.63 std=2.08) reward(mean=-0.448 std=3.317) clip=50.0
[step 04100] eval_success_rate=0.060 eval_mean_score=12.220 eval_policy_mode=greedy [solved=3/50, score_range=9.00-16.00/16.0, initial=9.00]
[step 04100] PROGRESS: filled=12.22 violations=0.00 zero_cand=0.00
[step 04100] DEBUG: ep_len=15.1 ep_ret=-10.734 stop_prob=0.000 score_chg=3.5250
[DEBUG] train_step 4100: starting episode collection
[DEBUG] train_step 4100: episodes collected, starting value_update
[DEBUG] train_step 4100: value_update done, starting policy_update
[DEBUG] train_step 4100: policy_update done
[step 04150] value_loss=14.143535 policy_loss=-0.915721
[step 04150] VALUE_DEBUG: target(mean=-12.42 std=4.64 min=-20.63 max=6.84) V(s)(mean=-13.27 std=1.69) reward(mean=0.484 std=4.123) clip=50.0
[DEBUG] train_step 4150: starting episode collection
[DEBUG] train_step 4150: episodes collected, starting value_update
[DEBUG] train_step 4150: value_update done, starting policy_update
[DEBUG] train_step 4150: policy_update done
[step 04200] value_loss=5.590500 policy_loss=0.134002
[step 04200] VALUE_DEBUG: target(mean=-13.08 std=2.99 min=-21.86 max=-4.58) V(s)(mean=-13.18 std=1.46) reward(mean=0.708 std=2.454) clip=50.0
[step 04200] eval_success_rate=0.000 eval_mean_score=11.960 eval_policy_mode=greedy [solved=0/50, score_range=9.00-15.00/16.0, initial=9.00]
[step 04200] PROGRESS: filled=11.96 violations=0.00 zero_cand=0.00
[step 04200] DEBUG: ep_len=15.0 ep_ret=-10.758 stop_prob=0.000 score_chg=3.4550
[DEBUG] train_step 4200: starting episode collection
[DEBUG] train_step 4200: episodes collected, starting value_update
[DEBUG] train_step 4200: value_update done, starting policy_update
[DEBUG] train_step 4200: policy_update done
[step 04250] value_loss=11.506092 policy_loss=-1.823090
[step 04250] VALUE_DEBUG: target(mean=-13.78 std=3.63 min=-25.32 max=-8.17) V(s)(mean=-12.35 std=2.14) reward(mean=-2.139 std=5.711) clip=50.0
[DEBUG] train_step 4250: starting episode collection
[DEBUG] train_step 4250: episodes collected, starting value_update
[DEBUG] train_step 4250: value_update done, starting policy_update
[DEBUG] train_step 4250: policy_update done
[step 04300] value_loss=4.890103 policy_loss=-0.027823
[step 04300] VALUE_DEBUG: target(mean=-13.59 std=3.19 min=-21.69 max=-3.20) V(s)(mean=-13.75 std=2.24) reward(mean=-0.567 std=3.631) clip=50.0
[step 04300] eval_success_rate=0.040 eval_mean_score=12.380 eval_policy_mode=greedy [solved=2/50, score_range=9.00-16.00/16.0, initial=9.00]
[step 04300] PROGRESS: filled=12.38 violations=0.00 zero_cand=0.00
[step 04300] DEBUG: ep_len=14.8 ep_ret=-10.619 stop_prob=0.000 score_chg=3.0925
[DEBUG] train_step 4300: starting episode collection
[DEBUG] train_step 4300: episodes collected, starting value_update
[DEBUG] train_step 4300: value_update done, starting policy_update
[DEBUG] train_step 4300: policy_update done
[step 04350] value_loss=12.671120 policy_loss=-0.228434
[step 04350] VALUE_DEBUG: target(mean=-12.98 std=4.45 min=-21.99 max=6.84) V(s)(mean=-13.31 std=1.92) reward(mean=-0.327 std=3.652) clip=50.0
[DEBUG] train_step 4350: starting episode collection
[DEBUG] train_step 4350: episodes collected, starting value_update
[DEBUG] train_step 4350: value_update done, starting policy_update
[DEBUG] train_step 4350: policy_update done
[step 04400] value_loss=12.355091 policy_loss=0.373422
[step 04400] VALUE_DEBUG: target(mean=-13.83 std=3.62 min=-23.41 max=-4.99) V(s)(mean=-13.36 std=2.10) reward(mean=-0.978 std=4.418) clip=50.0
[step 04400] eval_success_rate=0.080 eval_mean_score=12.760 eval_policy_mode=greedy [solved=4/50, score_range=9.00-16.00/16.0, initial=9.00]
[step 04400] PROGRESS: filled=12.76 violations=0.00 zero_cand=0.00
[step 04400] DEBUG: ep_len=14.8 ep_ret=-9.679 stop_prob=0.000 score_chg=3.7800
[DEBUG] train_step 4400: starting episode collection
[DEBUG] train_step 4400: episodes collected, starting value_update
[DEBUG] train_step 4400: value_update done, starting policy_update
[DEBUG] train_step 4400: policy_update done
[step 04450] value_loss=5.258612 policy_loss=-0.153123
[step 04450] VALUE_DEBUG: target(mean=-13.61 std=2.81 min=-22.08 max=-8.22) V(s)(mean=-12.70 std=1.95) reward(mean=-1.111 std=4.850) clip=50.0
[DEBUG] train_step 4450: starting episode collection
[DEBUG] train_step 4450: episodes collected, starting value_update
[DEBUG] train_step 4450: value_update done, starting policy_update
[DEBUG] train_step 4450: policy_update done
[step 04500] value_loss=11.769676 policy_loss=-0.592062
[step 04500] VALUE_DEBUG: target(mean=-11.58 std=4.81 min=-18.35 max=6.84) V(s)(mean=-12.64 std=2.40) reward(mean=0.470 std=1.858) clip=50.0
[step 04500] eval_success_rate=0.140 eval_mean_score=12.700 eval_policy_mode=greedy [solved=7/50, score_range=9.00-16.00/16.0, initial=9.00]
[step 04500] PROGRESS: filled=12.70 violations=0.00 zero_cand=0.00
[step 04500] DEBUG: ep_len=14.6 ep_ret=-9.491 stop_prob=0.000 score_chg=3.5375
[DEBUG] train_step 4500: starting episode collection
[DEBUG] train_step 4500: episodes collected, starting value_update
[DEBUG] train_step 4500: value_update done, starting policy_update
[DEBUG] train_step 4500: policy_update done
[step 04550] value_loss=14.330826 policy_loss=0.277590
[step 04550] VALUE_DEBUG: target(mean=-13.05 std=4.52 min=-18.72 max=6.84) V(s)(mean=-12.85 std=2.91) reward(mean=-1.194 std=4.191) clip=50.0
[DEBUG] train_step 4550: starting episode collection
[DEBUG] train_step 4550: episodes collected, starting value_update
[DEBUG] train_step 4550: value_update done, starting policy_update
[DEBUG] train_step 4550: policy_update done
[step 04600] value_loss=4.969199 policy_loss=0.433390
[step 04600] VALUE_DEBUG: target(mean=-13.06 std=2.79 min=-18.49 max=-7.35) V(s)(mean=-13.67 std=2.24) reward(mean=0.192 std=2.679) clip=50.0
[step 04600] eval_success_rate=0.120 eval_mean_score=12.560 eval_policy_mode=greedy [solved=6/50, score_range=9.00-16.00/16.0, initial=9.00]
[step 04600] PROGRESS: filled=12.56 violations=0.00 zero_cand=0.00
[step 04600] DEBUG: ep_len=14.6 ep_ret=-9.601 stop_prob=0.000 score_chg=3.6075
[DEBUG] train_step 4600: starting episode collection
[DEBUG] train_step 4600: episodes collected, starting value_update
[DEBUG] train_step 4600: value_update done, starting policy_update
[DEBUG] train_step 4600: policy_update done
I0408 16:02:23.460664 1526054 FileObserver.cpp:129] File contents updated: /etc/servicerouter/config_injection.overrides
I0408 16:02:23.461062 1526054 FileObserver.cpp:129] File contents updated: /etc/servicerouter/config_injection.overrides
[step 04650] value_loss=10.550139 policy_loss=0.469679
[step 04650] VALUE_DEBUG: target(mean=-13.28 std=4.43 min=-22.09 max=0.83) V(s)(mean=-12.49 std=2.80) reward(mean=-0.585 std=4.511) clip=50.0
[DEBUG] train_step 4650: starting episode collection
[DEBUG] train_step 4650: episodes collected, starting value_update
[DEBUG] train_step 4650: value_update done, starting policy_update
[DEBUG] train_step 4650: policy_update done
[step 04700] value_loss=3.146618 policy_loss=-0.133234
[step 04700] VALUE_DEBUG: target(mean=-13.22 std=3.06 min=-20.20 max=-3.21) V(s)(mean=-13.19 std=2.21) reward(mean=-0.771 std=4.207) clip=50.0
[step 04700] eval_success_rate=0.040 eval_mean_score=12.440 eval_policy_mode=greedy [solved=2/50, score_range=10.00-16.00/16.0, initial=9.00]
[step 04700] PROGRESS: filled=12.44 violations=0.00 zero_cand=0.00
[step 04700] DEBUG: ep_len=14.3 ep_ret=-8.025 stop_prob=0.000 score_chg=4.0150
[DEBUG] train_step 4700: starting episode collection
[DEBUG] train_step 4700: episodes collected, starting value_update
[DEBUG] train_step 4700: value_update done, starting policy_update
[DEBUG] train_step 4700: policy_update done
[step 04750] value_loss=3.178962 policy_loss=-0.280311
[step 04750] VALUE_DEBUG: target(mean=-13.32 std=2.66 min=-20.12 max=-7.23) V(s)(mean=-12.94 std=2.00) reward(mean=-1.603 std=4.837) clip=50.0
[DEBUG] train_step 4750: starting episode collection
[DEBUG] train_step 4750: episodes collected, starting value_update
[DEBUG] train_step 4750: value_update done, starting policy_update
[DEBUG] train_step 4750: policy_update done
[step 04800] value_loss=8.424622 policy_loss=0.249454
[step 04800] VALUE_DEBUG: target(mean=-13.24 std=3.87 min=-23.89 max=-0.83) V(s)(mean=-13.34 std=2.75) reward(mean=-2.110 std=5.926) clip=50.0
[step 04800] eval_success_rate=0.160 eval_mean_score=13.020 eval_policy_mode=greedy [solved=8/50, score_range=10.00-16.00/16.0, initial=9.00]
[step 04800] PROGRESS: filled=13.02 violations=0.00 zero_cand=0.00
[step 04800] DEBUG: ep_len=14.8 ep_ret=-9.807 stop_prob=0.000 score_chg=3.8725
[DEBUG] train_step 4800: starting episode collection
[DEBUG] train_step 4800: episodes collected, starting value_update
[DEBUG] train_step 4800: value_update done, starting policy_update
[DEBUG] train_step 4800: policy_update done
[step 04850] value_loss=2.555679 policy_loss=0.107578
[step 04850] VALUE_DEBUG: target(mean=-12.13 std=2.96 min=-20.07 max=-7.26) V(s)(mean=-12.14 std=2.57) reward(mean=0.142 std=1.685) clip=50.0
[DEBUG] train_step 4850: starting episode collection
[DEBUG] train_step 4850: episodes collected, starting value_update
[DEBUG] train_step 4850: value_update done, starting policy_update
[DEBUG] train_step 4850: policy_update done
[step 04900] value_loss=10.480852 policy_loss=0.246196
[step 04900] VALUE_DEBUG: target(mean=-12.14 std=4.90 min=-21.15 max=0.86) V(s)(mean=-12.02 std=2.82) reward(mean=-1.547 std=5.706) clip=50.0
[step 04900] eval_success_rate=0.200 eval_mean_score=13.000 eval_policy_mode=greedy [solved=10/50, score_range=10.00-16.00/16.0, initial=9.00]
[step 04900] PROGRESS: filled=13.00 violations=0.00 zero_cand=0.00
[step 04900] DEBUG: ep_len=14.0 ep_ret=-8.256 stop_prob=0.000 score_chg=3.9700
[DEBUG] train_step 4900: starting episode collection
[DEBUG] train_step 4900: episodes collected, starting value_update
[DEBUG] train_step 4900: value_update done, starting policy_update
[DEBUG] train_step 4900: policy_update done
[step 04950] value_loss=6.392166 policy_loss=-0.426975
[step 04950] VALUE_DEBUG: target(mean=-11.74 std=4.09 min=-17.67 max=2.29) V(s)(mean=-12.11 std=2.60) reward(mean=-0.078 std=4.645) clip=50.0
[DEBUG] train_step 4950: starting episode collection
[DEBUG] train_step 4950: episodes collected, starting value_update
[DEBUG] train_step 4950: value_update done, starting policy_update
[DEBUG] train_step 4950: policy_update done
[step 05000] value_loss=4.689758 policy_loss=0.132936
[step 05000] VALUE_DEBUG: target(mean=-12.87 std=2.40 min=-16.55 max=-5.96) V(s)(mean=-12.80 std=2.86) reward(mean=-0.302 std=2.874) clip=50.0
[step 05000] eval_success_rate=0.160 eval_mean_score=13.560 eval_policy_mode=greedy [solved=8/50, score_range=9.00-16.00/16.0, initial=9.00]
[step 05000] PROGRESS: filled=13.56 violations=0.00 zero_cand=0.00
[step 05000] DEBUG: ep_len=13.9 ep_ret=-7.457 stop_prob=0.000 score_chg=4.3025
[Checkpoint] Saved to buiksat_trm/checkpoints/table3_hard_6to8_controlled_nomask_nc_r10_s2/rl_checkpoint_step_5000.pt
[DEBUG] train_step 5000: starting episode collection
[DEBUG] train_step 5000: episodes collected, starting value_update
[DEBUG] train_step 5000: value_update done, starting policy_update
[DEBUG] train_step 5000: policy_update done
[step 05050] value_loss=8.889658 policy_loss=-1.111432
[step 05050] VALUE_DEBUG: target(mean=-11.69 std=4.63 min=-20.06 max=1.84) V(s)(mean=-12.98 std=3.47) reward(mean=-0.869 std=5.660) clip=50.0
[DEBUG] train_step 5050: starting episode collection
[DEBUG] train_step 5050: episodes collected, starting value_update
[DEBUG] train_step 5050: value_update done, starting policy_update
[DEBUG] train_step 5050: policy_update done
[step 05100] value_loss=9.856428 policy_loss=1.037903
[step 05100] VALUE_DEBUG: target(mean=-12.49 std=4.38 min=-23.67 max=-2.89) V(s)(mean=-12.06 std=3.00) reward(mean=-1.327 std=5.345) clip=50.0
[step 05100] eval_success_rate=0.080 eval_mean_score=13.260 eval_policy_mode=greedy [solved=4/50, score_range=9.00-16.00/16.0, initial=9.00]
[step 05100] PROGRESS: filled=13.26 violations=0.00 zero_cand=0.00
[step 05100] DEBUG: ep_len=13.5 ep_ret=-6.429 stop_prob=0.000 score_chg=4.2500
[DEBUG] train_step 5100: starting episode collection
[DEBUG] train_step 5100: episodes collected, starting value_update
[DEBUG] train_step 5100: value_update done, starting policy_update
[DEBUG] train_step 5100: policy_update done
[step 05150] value_loss=4.650926 policy_loss=2.436334
[step 05150] VALUE_DEBUG: target(mean=-11.81 std=3.41 min=-17.08 max=-3.96) V(s)(mean=-12.42 std=3.29) reward(mean=0.017 std=3.447) clip=50.0
[DEBUG] train_step 5150: starting episode collection
[DEBUG] train_step 5150: episodes collected, starting value_update
[DEBUG] train_step 5150: value_update done, starting policy_update
[DEBUG] train_step 5150: policy_update done
[step 05200] value_loss=8.367607 policy_loss=-0.379331
[step 05200] VALUE_DEBUG: target(mean=-12.35 std=3.78 min=-16.24 max=1.84) V(s)(mean=-13.32 std=2.81) reward(mean=-1.798 std=5.083) clip=50.0
[step 05200] eval_success_rate=0.200 eval_mean_score=13.560 eval_policy_mode=greedy [solved=10/50, score_range=10.00-16.00/16.0, initial=9.00]
[step 05200] PROGRESS: filled=13.56 violations=0.00 zero_cand=0.00
[step 05200] DEBUG: ep_len=14.0 ep_ret=-8.206 stop_prob=0.000 score_chg=4.0075
[DEBUG] train_step 5200: starting episode collection
[DEBUG] train_step 5200: episodes collected, starting value_update
[DEBUG] train_step 5200: value_update done, starting policy_update
[DEBUG] train_step 5200: policy_update done
[step 05250] value_loss=6.138081 policy_loss=-0.528609
[step 05250] VALUE_DEBUG: target(mean=-11.69 std=4.97 min=-23.04 max=6.84) V(s)(mean=-12.27 std=3.85) reward(mean=0.417 std=2.564) clip=50.0
[DEBUG] train_step 5250: starting episode collection
[DEBUG] train_step 5250: episodes collected, starting value_update
[DEBUG] train_step 5250: value_update done, starting policy_update
[DEBUG] train_step 5250: policy_update done
[step 05300] value_loss=7.318765 policy_loss=0.147764
[step 05300] VALUE_DEBUG: target(mean=-12.99 std=3.99 min=-22.21 max=-3.33) V(s)(mean=-12.29 std=3.62) reward(mean=-1.490 std=4.485) clip=50.0
[step 05300] eval_success_rate=0.260 eval_mean_score=13.160 eval_policy_mode=greedy [solved=13/50, score_range=9.00-16.00/16.0, initial=9.00]
[step 05300] PROGRESS: filled=13.16 violations=0.00 zero_cand=0.00
[step 05300] DEBUG: ep_len=13.7 ep_ret=-6.516 stop_prob=0.000 score_chg=4.1875
[DEBUG] train_step 5300: starting episode collection
[DEBUG] train_step 5300: episodes collected, starting value_update
[DEBUG] train_step 5300: value_update done, starting policy_update
[DEBUG] train_step 5300: policy_update done
[step 05350] value_loss=6.287133 policy_loss=0.518896
[step 05350] VALUE_DEBUG: target(mean=-11.37 std=4.80 min=-21.70 max=-0.10) V(s)(mean=-11.80 std=3.48) reward(mean=0.208 std=3.875) clip=50.0
[DEBUG] train_step 5350: starting episode collection
[DEBUG] train_step 5350: episodes collected, starting value_update
[DEBUG] train_step 5350: value_update done, starting policy_update
[DEBUG] train_step 5350: policy_update done
[step 05400] value_loss=6.506998 policy_loss=-0.366318
[step 05400] VALUE_DEBUG: target(mean=-11.69 std=4.41 min=-21.47 max=-1.20) V(s)(mean=-11.22 std=3.38) reward(mean=-1.444 std=4.900) clip=50.0
[step 05400] eval_success_rate=0.280 eval_mean_score=13.720 eval_policy_mode=greedy [solved=14/50, score_range=10.00-16.00/16.0, initial=9.00]
[step 05400] PROGRESS: filled=13.72 violations=0.00 zero_cand=0.00
[step 05400] DEBUG: ep_len=13.1 ep_ret=-5.588 stop_prob=0.000 score_chg=4.4200
[DEBUG] train_step 5400: starting episode collection
[DEBUG] train_step 5400: episodes collected, starting value_update
[DEBUG] train_step 5400: value_update done, starting policy_update
[DEBUG] train_step 5400: policy_update done
[step 05450] value_loss=11.245795 policy_loss=0.696094
[step 05450] VALUE_DEBUG: target(mean=-11.26 std=4.94 min=-23.38 max=1.84) V(s)(mean=-11.06 std=3.08) reward(mean=-0.483 std=4.933) clip=50.0
[DEBUG] train_step 5450: starting episode collection
[DEBUG] train_step 5450: episodes collected, starting value_update
[DEBUG] train_step 5450: value_update done, starting policy_update
[DEBUG] train_step 5450: policy_update done
[step 05500] value_loss=12.659831 policy_loss=-1.465665
[step 05500] VALUE_DEBUG: target(mean=-11.70 std=4.19 min=-18.47 max=2.46) V(s)(mean=-11.16 std=3.09) reward(mean=-1.367 std=6.157) clip=50.0
[step 05500] eval_success_rate=0.220 eval_mean_score=13.640 eval_policy_mode=greedy [solved=11/50, score_range=11.00-16.00/16.0, initial=9.00]
[step 05500] PROGRESS: filled=13.64 violations=0.00 zero_cand=0.00
[step 05500] DEBUG: ep_len=13.2 ep_ret=-5.184 stop_prob=0.000 score_chg=4.5175
[DEBUG] train_step 5500: starting episode collection
[DEBUG] train_step 5500: episodes collected, starting value_update
[DEBUG] train_step 5500: value_update done, starting policy_update
[DEBUG] train_step 5500: policy_update done
[step 05550] value_loss=15.445271 policy_loss=-0.193160
[step 05550] VALUE_DEBUG: target(mean=-10.26 std=6.57 min=-21.18 max=6.84) V(s)(mean=-10.18 std=4.33) reward(mean=-0.396 std=5.527) clip=50.0
[DEBUG] train_step 5550: starting episode collection
[DEBUG] train_step 5550: episodes collected, starting value_update
[DEBUG] train_step 5550: value_update done, starting policy_update
[DEBUG] train_step 5550: policy_update done
[step 05600] value_loss=14.092422 policy_loss=0.643884
[step 05600] VALUE_DEBUG: target(mean=-11.66 std=5.64 min=-22.64 max=6.47) V(s)(mean=-11.03 std=4.13) reward(mean=-0.924 std=5.175) clip=50.0
[step 05600] eval_success_rate=0.320 eval_mean_score=13.380 eval_policy_mode=greedy [solved=16/50, score_range=10.00-16.00/16.0, initial=9.00]
[step 05600] PROGRESS: filled=13.38 violations=0.00 zero_cand=0.00
[step 05600] DEBUG: ep_len=13.1 ep_ret=-5.383 stop_prob=0.000 score_chg=4.6975
[DEBUG] train_step 5600: starting episode collection
[DEBUG] train_step 5600: episodes collected, starting value_update
[DEBUG] train_step 5600: value_update done, starting policy_update
[DEBUG] train_step 5600: policy_update done
[step 05650] value_loss=3.062430 policy_loss=-0.203388
[step 05650] VALUE_DEBUG: target(mean=-11.45 std=3.88 min=-18.73 max=-2.07) V(s)(mean=-12.03 std=3.51) reward(mean=0.610 std=1.953) clip=50.0
[DEBUG] train_step 5650: starting episode collection
[DEBUG] train_step 5650: episodes collected, starting value_update
[DEBUG] train_step 5650: value_update done, starting policy_update
[DEBUG] train_step 5650: policy_update done
[step 05700] value_loss=7.636721 policy_loss=0.100248
[step 05700] VALUE_DEBUG: target(mean=-11.75 std=5.09 min=-23.05 max=1.84) V(s)(mean=-11.94 std=4.12) reward(mean=-0.520 std=3.531) clip=50.0
[step 05700] eval_success_rate=0.280 eval_mean_score=14.080 eval_policy_mode=greedy [solved=14/50, score_range=11.00-16.00/16.0, initial=9.00]
[step 05700] PROGRESS: filled=14.08 violations=0.00 zero_cand=0.00
[step 05700] DEBUG: ep_len=13.3 ep_ret=-6.403 stop_prob=0.000 score_chg=4.3525
[DEBUG] train_step 5700: starting episode collection
[DEBUG] train_step 5700: episodes collected, starting value_update
[DEBUG] train_step 5700: value_update done, starting policy_update
[DEBUG] train_step 5700: policy_update done
[step 05750] value_loss=6.863896 policy_loss=-1.713357
[step 05750] VALUE_DEBUG: target(mean=-11.21 std=6.27 min=-23.80 max=2.99) V(s)(mean=-11.22 std=5.22) reward(mean=-0.986 std=4.620) clip=50.0
[DEBUG] train_step 5750: starting episode collection
[DEBUG] train_step 5750: episodes collected, starting value_update
[DEBUG] train_step 5750: value_update done, starting policy_update
[DEBUG] train_step 5750: policy_update done
[step 05800] value_loss=8.799598 policy_loss=0.489680
[step 05800] VALUE_DEBUG: target(mean=-11.25 std=5.28 min=-22.77 max=1.84) V(s)(mean=-10.81 std=4.14) reward(mean=-1.357 std=4.573) clip=50.0
[step 05800] eval_success_rate=0.280 eval_mean_score=13.620 eval_policy_mode=greedy [solved=14/50, score_range=11.00-16.00/16.0, initial=9.00]
[step 05800] PROGRESS: filled=13.62 violations=0.00 zero_cand=0.00
[step 05800] DEBUG: ep_len=12.9 ep_ret=-4.904 stop_prob=0.000 score_chg=4.8650
[DEBUG] train_step 5800: starting episode collection
[DEBUG] train_step 5800: episodes collected, starting value_update
[DEBUG] train_step 5800: value_update done, starting policy_update
[DEBUG] train_step 5800: policy_update done
[step 05850] value_loss=2.654110 policy_loss=0.196246
[step 05850] VALUE_DEBUG: target(mean=-10.96 std=3.94 min=-17.02 max=-2.85) V(s)(mean=-10.95 std=4.22) reward(mean=-0.143 std=3.280) clip=50.0
[DEBUG] train_step 5850: starting episode collection
[DEBUG] train_step 5850: episodes collected, starting value_update
[DEBUG] train_step 5850: value_update done, starting policy_update
[DEBUG] train_step 5850: policy_update done
[step 05900] value_loss=3.143125 policy_loss=0.199639
[step 05900] VALUE_DEBUG: target(mean=-10.99 std=4.59 min=-19.76 max=-0.01) V(s)(mean=-10.35 std=4.52) reward(mean=-0.018 std=1.639) clip=50.0
[step 05900] eval_success_rate=0.400 eval_mean_score=13.940 eval_policy_mode=greedy [solved=20/50, score_range=10.00-16.00/16.0, initial=9.00]
[step 05900] PROGRESS: filled=13.94 violations=0.00 zero_cand=0.00
[step 05900] DEBUG: ep_len=12.8 ep_ret=-4.708 stop_prob=0.000 score_chg=4.6850
[DEBUG] train_step 5900: starting episode collection
[DEBUG] train_step 5900: episodes collected, starting value_update
[DEBUG] train_step 5900: value_update done, starting policy_update
[DEBUG] train_step 5900: policy_update done
[step 05950] value_loss=3.651296 policy_loss=0.360020
[step 05950] VALUE_DEBUG: target(mean=-10.67 std=5.07 min=-18.36 max=1.84) V(s)(mean=-10.94 std=4.29) reward(mean=-0.430 std=2.392) clip=50.0
[DEBUG] train_step 5950: starting episode collection
[DEBUG] train_step 5950: episodes collected, starting value_update
[DEBUG] train_step 5950: value_update done, starting policy_update
[DEBUG] train_step 5950: policy_update done
[step 06000] value_loss=11.723242 policy_loss=-0.021698
[step 06000] VALUE_DEBUG: target(mean=-11.36 std=5.15 min=-22.09 max=0.15) V(s)(mean=-10.17 std=4.22) reward(mean=-2.104 std=6.081) clip=50.0
[step 06000] eval_success_rate=0.260 eval_mean_score=13.820 eval_policy_mode=greedy [solved=13/50, score_range=10.00-16.00/16.0, initial=9.00]
[step 06000] PROGRESS: filled=13.82 violations=0.00 zero_cand=0.00
[step 06000] DEBUG: ep_len=12.7 ep_ret=-4.547 stop_prob=0.000 score_chg=4.9225
[Checkpoint] Saved to buiksat_trm/checkpoints/table3_hard_6to8_controlled_nomask_nc_r10_s2/rl_checkpoint_step_6000.pt
[DEBUG] train_step 6000: starting episode collection
[DEBUG] train_step 6000: episodes collected, starting value_update
[DEBUG] train_step 6000: value_update done, starting policy_update
[DEBUG] train_step 6000: policy_update done
[step 06050] value_loss=12.723078 policy_loss=-1.290608
[step 06050] VALUE_DEBUG: target(mean=-11.78 std=5.35 min=-25.31 max=0.78) V(s)(mean=-11.33 std=4.07) reward(mean=-0.824 std=4.503) clip=50.0
[DEBUG] train_step 6050: starting episode collection
[DEBUG] train_step 6050: episodes collected, starting value_update
[DEBUG] train_step 6050: value_update done, starting policy_update
[DEBUG] train_step 6050: policy_update done
[step 06100] value_loss=3.816758 policy_loss=-0.756234
[step 06100] VALUE_DEBUG: target(mean=-10.15 std=4.71 min=-16.13 max=0.02) V(s)(mean=-10.17 std=4.52) reward(mean=0.415 std=3.640) clip=50.0
[step 06100] eval_success_rate=0.400 eval_mean_score=14.020 eval_policy_mode=greedy [solved=20/50, score_range=10.00-16.00/16.0, initial=9.00]
[step 06100] PROGRESS: filled=14.02 violations=0.00 zero_cand=0.00
[step 06100] DEBUG: ep_len=12.6 ep_ret=-4.327 stop_prob=0.000 score_chg=4.6225
[DEBUG] train_step 6100: starting episode collection
[DEBUG] train_step 6100: episodes collected, starting value_update
[DEBUG] train_step 6100: value_update done, starting policy_update
[DEBUG] train_step 6100: policy_update done
[step 06150] value_loss=4.535030 policy_loss=0.225407
[step 06150] VALUE_DEBUG: target(mean=-10.98 std=5.18 min=-20.50 max=1.84) V(s)(mean=-11.27 std=4.60) reward(mean=-0.239 std=3.524) clip=50.0
[DEBUG] train_step 6150: starting episode collection
[DEBUG] train_step 6150: episodes collected, starting value_update
[DEBUG] train_step 6150: value_update done, starting policy_update
[DEBUG] train_step 6150: policy_update done
[step 06200] value_loss=2.707160 policy_loss=0.466076
[step 06200] VALUE_DEBUG: target(mean=-9.51 std=4.99 min=-18.37 max=0.68) V(s)(mean=-9.74 std=4.68) reward(mean=-0.337 std=4.557) clip=50.0
[step 06200] eval_success_rate=0.380 eval_mean_score=13.560 eval_policy_mode=greedy [solved=19/50, score_range=9.00-16.00/16.0, initial=9.00]
[step 06200] PROGRESS: filled=13.56 violations=0.00 zero_cand=0.00
[step 06200] DEBUG: ep_len=12.6 ep_ret=-4.560 stop_prob=0.000 score_chg=4.7775
[DEBUG] train_step 6200: starting episode collection
[DEBUG] train_step 6200: episodes collected, starting value_update
[DEBUG] train_step 6200: value_update done, starting policy_update
[DEBUG] train_step 6200: policy_update done
[step 06250] value_loss=6.792061 policy_loss=-0.850894
[step 06250] VALUE_DEBUG: target(mean=-11.18 std=6.78 min=-20.94 max=7.28) V(s)(mean=-11.69 std=5.30) reward(mean=0.252 std=2.057) clip=50.0
[DEBUG] train_step 6250: starting episode collection
[DEBUG] train_step 6250: episodes collected, starting value_update
[DEBUG] train_step 6250: value_update done, starting policy_update
[DEBUG] train_step 6250: policy_update done
[step 06300] value_loss=9.394453 policy_loss=-0.477615
[step 06300] VALUE_DEBUG: target(mean=-9.74 std=7.29 min=-20.02 max=5.87) V(s)(mean=-10.40 std=6.34) reward(mean=0.420 std=4.542) clip=50.0
[step 06300] eval_success_rate=0.400 eval_mean_score=14.200 eval_policy_mode=greedy [solved=20/50, score_range=10.00-16.00/16.0, initial=9.00]
[step 06300] PROGRESS: filled=14.20 violations=0.00 zero_cand=0.00
[step 06300] DEBUG: ep_len=12.4 ep_ret=-3.992 stop_prob=0.000 score_chg=4.7975
[DEBUG] train_step 6300: starting episode collection
[DEBUG] train_step 6300: episodes collected, starting value_update
[DEBUG] train_step 6300: value_update done, starting policy_update
[DEBUG] train_step 6300: policy_update done
[step 06350] value_loss=3.816315 policy_loss=0.293858
[step 06350] VALUE_DEBUG: target(mean=-8.03 std=6.03 min=-15.64 max=1.84) V(s)(mean=-7.41 std=5.52) reward(mean=0.012 std=1.840) clip=50.0
[DEBUG] train_step 6350: starting episode collection
[DEBUG] train_step 6350: episodes collected, starting value_update
[DEBUG] train_step 6350: value_update done, starting policy_update
[DEBUG] train_step 6350: policy_update done
[step 06400] value_loss=4.567689 policy_loss=0.753552
[step 06400] VALUE_DEBUG: target(mean=-9.78 std=6.64 min=-21.53 max=1.87) V(s)(mean=-9.54 std=6.03) reward(mean=-1.151 std=5.229) clip=50.0
[step 06400] eval_success_rate=0.440 eval_mean_score=14.080 eval_policy_mode=greedy [solved=22/50, score_range=10.00-16.00/16.0, initial=9.00]
[step 06400] PROGRESS: filled=14.08 violations=0.00 zero_cand=0.00
[step 06400] DEBUG: ep_len=12.5 ep_ret=-4.065 stop_prob=0.000 score_chg=4.8150
[DEBUG] train_step 6400: starting episode collection
[DEBUG] train_step 6400: episodes collected, starting value_update
[DEBUG] train_step 6400: value_update done, starting policy_update
[DEBUG] train_step 6400: policy_update done
[step 06450] value_loss=2.619294 policy_loss=0.894015
[step 06450] VALUE_DEBUG: target(mean=-10.69 std=6.22 min=-17.51 max=1.69) V(s)(mean=-10.71 std=6.06) reward(mean=0.202 std=1.581) clip=50.0
[DEBUG] train_step 6450: starting episode collection
[DEBUG] train_step 6450: episodes collected, starting value_update
[DEBUG] train_step 6450: value_update done, starting policy_update
[DEBUG] train_step 6450: policy_update done
[step 06500] value_loss=7.359915 policy_loss=-1.209074
[step 06500] VALUE_DEBUG: target(mean=-12.09 std=4.56 min=-22.10 max=0.78) V(s)(mean=-11.32 std=4.53) reward(mean=-1.067 std=3.442) clip=50.0
[step 06500] eval_success_rate=0.480 eval_mean_score=14.240 eval_policy_mode=greedy [solved=24/50, score_range=9.00-16.00/16.0, initial=9.00]
[step 06500] PROGRESS: filled=14.24 violations=0.00 zero_cand=0.00
[step 06500] DEBUG: ep_len=12.2 ep_ret=-2.992 stop_prob=0.000 score_chg=5.1150
[DEBUG] train_step 6500: starting episode collection
[DEBUG] train_step 6500: episodes collected, starting value_update
[DEBUG] train_step 6500: value_update done, starting policy_update
[DEBUG] train_step 6500: policy_update done
[step 06550] value_loss=6.166523 policy_loss=-0.084761
[step 06550] VALUE_DEBUG: target(mean=-9.34 std=5.76 min=-17.04 max=2.15) V(s)(mean=-9.08 std=5.81) reward(mean=-0.106 std=2.206) clip=50.0
[DEBUG] train_step 6550: starting episode collection
[DEBUG] train_step 6550: episodes collected, starting value_update
[DEBUG] train_step 6550: value_update done, starting policy_update
[DEBUG] train_step 6550: policy_update done
[step 06600] value_loss=9.787387 policy_loss=0.528667
[step 06600] VALUE_DEBUG: target(mean=-9.33 std=6.47 min=-19.21 max=6.92) V(s)(mean=-9.06 std=5.87) reward(mean=-0.472 std=4.996) clip=50.0
[step 06600] eval_success_rate=0.520 eval_mean_score=14.240 eval_policy_mode=greedy [solved=26/50, score_range=9.00-16.00/16.0, initial=9.00]
[step 06600] PROGRESS: filled=14.24 violations=0.00 zero_cand=0.00
[step 06600] DEBUG: ep_len=12.3 ep_ret=-3.418 stop_prob=0.000 score_chg=4.9775
[DEBUG] train_step 6600: starting episode collection
[DEBUG] train_step 6600: episodes collected, starting value_update
[DEBUG] train_step 6600: value_update done, starting policy_update
[DEBUG] train_step 6600: policy_update done
[step 06650] value_loss=5.035597 policy_loss=0.513650
[step 06650] VALUE_DEBUG: target(mean=-8.42 std=6.72 min=-17.51 max=2.15) V(s)(mean=-8.72 std=6.67) reward(mean=0.221 std=1.145) clip=50.0
[DEBUG] train_step 6650: starting episode collection
[DEBUG] train_step 6650: episodes collected, starting value_update
[DEBUG] train_step 6650: value_update done, starting policy_update
[DEBUG] train_step 6650: policy_update done
[step 06700] value_loss=7.738828 policy_loss=0.116028
[step 06700] VALUE_DEBUG: target(mean=-9.99 std=6.31 min=-22.09 max=2.19) V(s)(mean=-9.06 std=5.80) reward(mean=-1.053 std=4.398) clip=50.0
[step 06700] eval_success_rate=0.540 eval_mean_score=14.360 eval_policy_mode=greedy [solved=27/50, score_range=9.00-16.00/16.0, initial=9.00]
[step 06700] PROGRESS: filled=14.36 violations=0.00 zero_cand=0.00
[step 06700] DEBUG: ep_len=11.9 ep_ret=-3.187 stop_prob=0.000 score_chg=4.8650
[DEBUG] train_step 6700: starting episode collection
[DEBUG] train_step 6700: episodes collected, starting value_update
[DEBUG] train_step 6700: value_update done, starting policy_update
[DEBUG] train_step 6700: policy_update done
[step 06750] value_loss=8.676838 policy_loss=0.076048
[step 06750] VALUE_DEBUG: target(mean=-6.62 std=7.31 min=-16.52 max=6.84) V(s)(mean=-7.03 std=6.61) reward(mean=0.480 std=3.860) clip=50.0
[DEBUG] train_step 6750: starting episode collection
[DEBUG] train_step 6750: episodes collected, starting value_update
[DEBUG] train_step 6750: value_update done, starting policy_update
[DEBUG] train_step 6750: policy_update done
[step 06800] value_loss=10.025203 policy_loss=-0.054527
[step 06800] VALUE_DEBUG: target(mean=-9.54 std=6.87 min=-23.66 max=6.84) V(s)(mean=-10.18 std=5.78) reward(mean=-1.668 std=6.111) clip=50.0
[step 06800] eval_success_rate=0.480 eval_mean_score=14.140 eval_policy_mode=greedy [solved=24/50, score_range=9.00-16.00/16.0, initial=9.00]
[step 06800] PROGRESS: filled=14.14 violations=0.00 zero_cand=0.00
[step 06800] DEBUG: ep_len=12.3 ep_ret=-3.858 stop_prob=0.000 score_chg=4.9275
[DEBUG] train_step 6800: starting episode collection
[DEBUG] train_step 6800: episodes collected, starting value_update
[DEBUG] train_step 6800: value_update done, starting policy_update
[DEBUG] train_step 6800: policy_update done
[step 06850] value_loss=4.828193 policy_loss=0.465519
[step 06850] VALUE_DEBUG: target(mean=-9.92 std=5.80 min=-17.22 max=2.35) V(s)(mean=-10.46 std=6.07) reward(mean=0.299 std=3.397) clip=50.0
[DEBUG] train_step 6850: starting episode collection
[DEBUG] train_step 6850: episodes collected, starting value_update
[DEBUG] train_step 6850: value_update done, starting policy_update
[DEBUG] train_step 6850: policy_update done
[step 06900] value_loss=5.240266 policy_loss=0.253003
[step 06900] VALUE_DEBUG: target(mean=-8.27 std=7.79 min=-17.37 max=8.48) V(s)(mean=-8.68 std=6.86) reward(mean=0.722 std=2.360) clip=50.0
[step 06900] eval_success_rate=0.500 eval_mean_score=14.280 eval_policy_mode=greedy [solved=25/50, score_range=9.00-16.00/16.0, initial=9.00]
[step 06900] PROGRESS: filled=14.28 violations=0.00 zero_cand=0.00
[step 06900] DEBUG: ep_len=12.4 ep_ret=-3.696 stop_prob=0.000 score_chg=4.9200
[DEBUG] train_step 6900: starting episode collection
[DEBUG] train_step 6900: episodes collected, starting value_update
[DEBUG] train_step 6900: value_update done, starting policy_update
[DEBUG] train_step 6900: policy_update done
[step 06950] value_loss=3.876845 policy_loss=-0.622249
[step 06950] VALUE_DEBUG: target(mean=-9.25 std=7.08 min=-20.55 max=2.74) V(s)(mean=-9.52 std=6.78) reward(mean=0.419 std=1.287) clip=50.0
[DEBUG] train_step 6950: starting episode collection
[DEBUG] train_step 6950: episodes collected, starting value_update
[DEBUG] train_step 6950: value_update done, starting policy_update
[DEBUG] train_step 6950: policy_update done
[step 07000] value_loss=9.695519 policy_loss=0.176227
[step 07000] VALUE_DEBUG: target(mean=-8.64 std=8.78 min=-26.34 max=9.20) V(s)(mean=-9.06 std=7.32) reward(mean=0.208 std=3.564) clip=50.0
[step 07000] eval_success_rate=0.420 eval_mean_score=14.060 eval_policy_mode=greedy [solved=21/50, score_range=9.00-16.00/16.0, initial=9.00]
[step 07000] PROGRESS: filled=14.06 violations=0.00 zero_cand=0.00
[step 07000] DEBUG: ep_len=12.1 ep_ret=-3.445 stop_prob=0.000 score_chg=5.0175
[Checkpoint] Saved to buiksat_trm/checkpoints/table3_hard_6to8_controlled_nomask_nc_r10_s2/rl_checkpoint_step_7000.pt
[DEBUG] train_step 7000: starting episode collection
[DEBUG] train_step 7000: episodes collected, starting value_update
[DEBUG] train_step 7000: value_update done, starting policy_update
[DEBUG] train_step 7000: policy_update done
[step 07050] value_loss=2.517994 policy_loss=0.380017
[step 07050] VALUE_DEBUG: target(mean=-9.78 std=7.22 min=-17.20 max=3.34) V(s)(mean=-9.43 std=7.18) reward(mean=-1.676 std=5.059) clip=50.0
[DEBUG] train_step 7050: starting episode collection
[DEBUG] train_step 7050: episodes collected, starting value_update
[DEBUG] train_step 7050: value_update done, starting policy_update
[DEBUG] train_step 7050: policy_update done
[step 07100] value_loss=7.995189 policy_loss=0.206059
[step 07100] VALUE_DEBUG: target(mean=-8.92 std=7.04 min=-16.55 max=6.84) V(s)(mean=-9.23 std=6.42) reward(mean=-0.854 std=4.422) clip=50.0
[step 07100] eval_success_rate=0.540 eval_mean_score=14.200 eval_policy_mode=greedy [solved=27/50, score_range=9.00-16.00/16.0, initial=9.00]
[step 07100] PROGRESS: filled=14.20 violations=0.00 zero_cand=0.00
[step 07100] DEBUG: ep_len=12.2 ep_ret=-3.181 stop_prob=0.000 score_chg=4.9875
[DEBUG] train_step 7100: starting episode collection
[DEBUG] train_step 7100: episodes collected, starting value_update
[DEBUG] train_step 7100: value_update done, starting policy_update
[DEBUG] train_step 7100: policy_update done
[step 07150] value_loss=2.735143 policy_loss=0.147424
[step 07150] VALUE_DEBUG: target(mean=-8.56 std=7.89 min=-17.80 max=3.97) V(s)(mean=-8.45 std=8.08) reward(mean=-0.207 std=3.252) clip=50.0
[DEBUG] train_step 7150: starting episode collection
[DEBUG] train_step 7150: episodes collected, starting value_update
[DEBUG] train_step 7150: value_update done, starting policy_update
[DEBUG] train_step 7150: policy_update done
[step 07200] value_loss=6.282588 policy_loss=-0.482572
[step 07200] VALUE_DEBUG: target(mean=-6.19 std=8.75 min=-24.68 max=10.05) V(s)(mean=-6.58 std=7.78) reward(mean=0.972 std=2.804) clip=50.0
[step 07200] eval_success_rate=0.500 eval_mean_score=14.280 eval_policy_mode=greedy [solved=25/50, score_range=9.00-16.00/16.0, initial=9.00]
[step 07200] PROGRESS: filled=14.28 violations=0.00 zero_cand=0.00
[step 07200] DEBUG: ep_len=12.2 ep_ret=-3.655 stop_prob=0.000 score_chg=5.0950
[DEBUG] train_step 7200: starting episode collection
[DEBUG] train_step 7200: episodes collected, starting value_update
[DEBUG] train_step 7200: value_update done, starting policy_update
[DEBUG] train_step 7200: policy_update done
[step 07250] value_loss=12.144516 policy_loss=0.204272
[step 07250] VALUE_DEBUG: target(mean=-7.99 std=7.87 min=-16.37 max=6.51) V(s)(mean=-7.97 std=7.80) reward(mean=-0.209 std=4.586) clip=50.0
[DEBUG] train_step 7250: starting episode collection
[DEBUG] train_step 7250: episodes collected, starting value_update
[DEBUG] train_step 7250: value_update done, starting policy_update
[DEBUG] train_step 7250: policy_update done
[step 07300] value_loss=5.345775 policy_loss=0.107188
[step 07300] VALUE_DEBUG: target(mean=-6.58 std=8.08 min=-16.55 max=4.80) V(s)(mean=-7.42 std=8.44) reward(mean=-0.278 std=3.114) clip=50.0
[step 07300] eval_success_rate=0.420 eval_mean_score=14.000 eval_policy_mode=greedy [solved=21/50, score_range=9.00-16.00/16.0, initial=9.00]
[step 07300] PROGRESS: filled=14.00 violations=0.00 zero_cand=0.00
[step 07300] DEBUG: ep_len=12.1 ep_ret=-2.873 stop_prob=0.000 score_chg=5.1150
[DEBUG] train_step 7300: starting episode collection
[DEBUG] train_step 7300: episodes collected, starting value_update
[DEBUG] train_step 7300: value_update done, starting policy_update
[DEBUG] train_step 7300: policy_update done
[step 07350] value_loss=7.121057 policy_loss=-0.963041
[step 07350] VALUE_DEBUG: target(mean=-9.76 std=7.40 min=-23.71 max=5.06) V(s)(mean=-9.52 std=6.71) reward(mean=0.172 std=2.786) clip=50.0
[DEBUG] train_step 7350: starting episode collection
[DEBUG] train_step 7350: episodes collected, starting value_update
[DEBUG] train_step 7350: value_update done, starting policy_update
[DEBUG] train_step 7350: policy_update done
[step 07400] value_loss=11.638876 policy_loss=-0.198579
[step 07400] VALUE_DEBUG: target(mean=-6.15 std=8.38 min=-18.63 max=9.48) V(s)(mean=-6.08 std=7.64) reward(mean=0.482 std=4.159) clip=50.0
[step 07400] eval_success_rate=0.580 eval_mean_score=14.380 eval_policy_mode=greedy [solved=29/50, score_range=9.00-16.00/16.0, initial=9.00]
[step 07400] PROGRESS: filled=14.38 violations=0.00 zero_cand=0.00
[step 07400] DEBUG: ep_len=12.3 ep_ret=-4.216 stop_prob=0.000 score_chg=4.6400
[DEBUG] train_step 7400: starting episode collection
[DEBUG] train_step 7400: episodes collected, starting value_update
[DEBUG] train_step 7400: value_update done, starting policy_update
[DEBUG] train_step 7400: policy_update done
[step 07450] value_loss=10.064434 policy_loss=0.036704
[step 07450] VALUE_DEBUG: target(mean=-8.55 std=7.18 min=-17.73 max=4.65) V(s)(mean=-8.94 std=7.30) reward(mean=-0.391 std=4.531) clip=50.0
[DEBUG] train_step 7450: starting episode collection
[DEBUG] train_step 7450: episodes collected, starting value_update
[DEBUG] train_step 7450: value_update done, starting policy_update
[DEBUG] train_step 7450: policy_update done
[step 07500] value_loss=3.164658 policy_loss=0.104789
[step 07500] VALUE_DEBUG: target(mean=-7.94 std=7.62 min=-17.08 max=9.10) V(s)(mean=-8.36 std=6.89) reward(mean=0.790 std=1.569) clip=50.0
[step 07500] eval_success_rate=0.480 eval_mean_score=14.180 eval_policy_mode=greedy [solved=24/50, score_range=10.00-16.00/16.0, initial=9.00]
[step 07500] PROGRESS: filled=14.18 violations=0.00 zero_cand=0.00
[step 07500] DEBUG: ep_len=11.6 ep_ret=-2.033 stop_prob=0.000 score_chg=5.0875
[DEBUG] train_step 7500: starting episode collection
[DEBUG] train_step 7500: episodes collected, starting value_update
[DEBUG] train_step 7500: value_update done, starting policy_update
[DEBUG] train_step 7500: policy_update done
[step 07550] value_loss=7.314731 policy_loss=0.110576
[step 07550] VALUE_DEBUG: target(mean=-8.17 std=7.88 min=-23.68 max=4.98) V(s)(mean=-7.67 std=7.69) reward(mean=-1.330 std=5.398) clip=50.0
[DEBUG] train_step 7550: starting episode collection
[DEBUG] train_step 7550: episodes collected, starting value_update
[DEBUG] train_step 7550: value_update done, starting policy_update
[DEBUG] train_step 7550: policy_update done
[step 07600] value_loss=16.212336 policy_loss=1.117192
[step 07600] VALUE_DEBUG: target(mean=-8.98 std=8.78 min=-23.57 max=9.14) V(s)(mean=-8.38 std=7.95) reward(mean=-0.893 std=5.131) clip=50.0
[step 07600] eval_success_rate=0.440 eval_mean_score=14.280 eval_policy_mode=greedy [solved=22/50, score_range=10.00-16.00/16.0, initial=9.00]
[step 07600] PROGRESS: filled=14.28 violations=0.00 zero_cand=0.00
[step 07600] DEBUG: ep_len=12.2 ep_ret=-3.566 stop_prob=0.000 score_chg=5.0050
[DEBUG] train_step 7600: starting episode collection
[DEBUG] train_step 7600: episodes collected, starting value_update
[DEBUG] train_step 7600: value_update done, starting policy_update
[DEBUG] train_step 7600: policy_update done
[step 07650] value_loss=3.642158 policy_loss=-0.543993
[step 07650] VALUE_DEBUG: target(mean=-8.63 std=7.94 min=-22.98 max=5.14) V(s)(mean=-9.37 std=8.08) reward(mean=-0.523 std=4.328) clip=50.0
[DEBUG] train_step 7650: starting episode collection
[DEBUG] train_step 7650: episodes collected, starting value_update
[DEBUG] train_step 7650: value_update done, starting policy_update
[DEBUG] train_step 7650: policy_update done
[step 07700] value_loss=6.651461 policy_loss=-1.331592
[step 07700] VALUE_DEBUG: target(mean=-8.86 std=7.24 min=-22.95 max=5.24) V(s)(mean=-8.19 std=7.11) reward(mean=-0.331 std=2.820) clip=50.0
[step 07700] eval_success_rate=0.540 eval_mean_score=14.500 eval_policy_mode=greedy [solved=27/50, score_range=10.00-16.00/16.0, initial=9.00]
[step 07700] PROGRESS: filled=14.50 violations=0.00 zero_cand=0.00
[step 07700] DEBUG: ep_len=12.3 ep_ret=-3.319 stop_prob=0.000 score_chg=5.1025
[DEBUG] train_step 7700: starting episode collection
[DEBUG] train_step 7700: episodes collected, starting value_update
[DEBUG] train_step 7700: value_update done, starting policy_update
[DEBUG] train_step 7700: policy_update done
[step 07750] value_loss=0.900871 policy_loss=0.143211
[step 07750] VALUE_DEBUG: target(mean=-8.40 std=7.97 min=-16.13 max=6.05) V(s)(mean=-8.66 std=7.77) reward(mean=-0.893 std=4.999) clip=50.0
[DEBUG] train_step 7750: starting episode collection
[DEBUG] train_step 7750: episodes collected, starting value_update
[DEBUG] train_step 7750: value_update done, starting policy_update
[DEBUG] train_step 7750: policy_update done
[step 07800] value_loss=4.514945 policy_loss=1.385562
[step 07800] VALUE_DEBUG: target(mean=-5.62 std=9.09 min=-23.41 max=6.84) V(s)(mean=-5.81 std=8.69) reward(mean=0.598 std=2.456) clip=50.0
[step 07800] eval_success_rate=0.380 eval_mean_score=14.200 eval_policy_mode=greedy [solved=19/50, score_range=10.00-16.00/16.0, initial=9.00]
[step 07800] PROGRESS: filled=14.20 violations=0.00 zero_cand=0.00
[step 07800] DEBUG: ep_len=12.0 ep_ret=-2.462 stop_prob=0.000 score_chg=5.2575
[DEBUG] train_step 7800: starting episode collection
[DEBUG] train_step 7800: episodes collected, starting value_update
[DEBUG] train_step 7800: value_update done, starting policy_update
[DEBUG] train_step 7800: policy_update done
[step 07850] value_loss=10.079871 policy_loss=0.422715
[step 07850] VALUE_DEBUG: target(mean=-8.71 std=8.89 min=-20.97 max=10.01) V(s)(mean=-8.85 std=7.73) reward(mean=0.445 std=2.893) clip=50.0
[DEBUG] train_step 7850: starting episode collection
[DEBUG] train_step 7850: episodes collected, starting value_update
[DEBUG] train_step 7850: value_update done, starting policy_update
[DEBUG] train_step 7850: policy_update done
[step 07900] value_loss=4.425876 policy_loss=-0.329313
[step 07900] VALUE_DEBUG: target(mean=-8.08 std=8.24 min=-18.56 max=6.04) V(s)(mean=-8.39 std=7.73) reward(mean=0.692 std=2.164) clip=50.0
[step 07900] eval_success_rate=0.340 eval_mean_score=14.020 eval_policy_mode=greedy [solved=17/50, score_range=9.00-16.00/16.0, initial=9.00]
[step 07900] PROGRESS: filled=14.02 violations=0.00 zero_cand=0.00
[step 07900] DEBUG: ep_len=12.3 ep_ret=-3.136 stop_prob=0.000 score_chg=5.0200
[DEBUG] train_step 7900: starting episode collection
[DEBUG] train_step 7900: episodes collected, starting value_update
[DEBUG] train_step 7900: value_update done, starting policy_update
[DEBUG] train_step 7900: policy_update done
[step 07950] value_loss=9.421659 policy_loss=0.533269
[step 07950] VALUE_DEBUG: target(mean=-6.55 std=8.92 min=-17.22 max=11.50) V(s)(mean=-7.02 std=8.85) reward(mean=-0.238 std=4.247) clip=50.0
[DEBUG] train_step 7950: starting episode collection
[DEBUG] train_step 7950: episodes collected, starting value_update
[DEBUG] train_step 7950: value_update done, starting policy_update
[DEBUG] train_step 7950: policy_update done
[step 08000] value_loss=7.747456 policy_loss=-0.104002
[step 08000] VALUE_DEBUG: target(mean=-7.66 std=10.05 min=-20.55 max=9.74) V(s)(mean=-7.98 std=9.12) reward(mean=-1.151 std=6.313) clip=50.0
[step 08000] eval_success_rate=0.480 eval_mean_score=14.280 eval_policy_mode=greedy [solved=24/50, score_range=10.00-16.00/16.0, initial=9.00]
[step 08000] PROGRESS: filled=14.28 violations=0.00 zero_cand=0.00
[step 08000] DEBUG: ep_len=12.3 ep_ret=-2.912 stop_prob=0.000 score_chg=5.1350
[Checkpoint] Saved to buiksat_trm/checkpoints/table3_hard_6to8_controlled_nomask_nc_r10_s2/rl_checkpoint_step_8000.pt
[DEBUG] train_step 8000: starting episode collection
[DEBUG] train_step 8000: episodes collected, starting value_update
[DEBUG] train_step 8000: value_update done, starting policy_update
[DEBUG] train_step 8000: policy_update done
[step 08050] value_loss=1.905945 policy_loss=0.044144
[step 08050] VALUE_DEBUG: target(mean=-8.15 std=8.78 min=-20.83 max=6.84) V(s)(mean=-8.68 std=8.43) reward(mean=-1.169 std=5.224) clip=50.0
[DEBUG] train_step 8050: starting episode collection
[DEBUG] train_step 8050: episodes collected, starting value_update
[DEBUG] train_step 8050: value_update done, starting policy_update
[DEBUG] train_step 8050: policy_update done
[step 08100] value_loss=10.830159 policy_loss=-0.251961
[step 08100] VALUE_DEBUG: target(mean=-9.74 std=8.43 min=-24.91 max=7.14) V(s)(mean=-8.99 std=7.65) reward(mean=-1.508 std=4.944) clip=50.0
[step 08100] eval_success_rate=0.300 eval_mean_score=13.680 eval_policy_mode=greedy [solved=15/50, score_range=9.00-16.00/16.0, initial=9.00]
[step 08100] PROGRESS: filled=13.68 violations=0.00 zero_cand=0.00
[step 08100] DEBUG: ep_len=12.5 ep_ret=-3.459 stop_prob=0.000 score_chg=5.0350
[DEBUG] train_step 8100: starting episode collection
[DEBUG] train_step 8100: episodes collected, starting value_update
[DEBUG] train_step 8100: value_update done, starting policy_update
[DEBUG] train_step 8100: policy_update done
[step 08150] value_loss=13.807028 policy_loss=0.147281
[step 08150] VALUE_DEBUG: target(mean=-8.85 std=9.13 min=-23.91 max=6.70) V(s)(mean=-8.18 std=8.79) reward(mean=-1.646 std=4.986) clip=50.0
[DEBUG] train_step 8150: starting episode collection
[DEBUG] train_step 8150: episodes collected, starting value_update
[DEBUG] train_step 8150: value_update done, starting policy_update
[DEBUG] train_step 8150: policy_update done
[step 08200] value_loss=6.981856 policy_loss=0.621019
[step 08200] VALUE_DEBUG: target(mean=-5.76 std=8.95 min=-17.43 max=6.15) V(s)(mean=-6.05 std=9.49) reward(mean=-0.800 std=4.842) clip=50.0
[step 08200] eval_success_rate=0.340 eval_mean_score=14.100 eval_policy_mode=greedy [solved=17/50, score_range=9.00-16.00/16.0, initial=9.00]
[step 08200] PROGRESS: filled=14.10 violations=0.00 zero_cand=0.00
[step 08200] DEBUG: ep_len=12.6 ep_ret=-3.672 stop_prob=0.000 score_chg=4.8975
[DEBUG] train_step 8200: starting episode collection
[DEBUG] train_step 8200: episodes collected, starting value_update
[DEBUG] train_step 8200: value_update done, starting policy_update
[DEBUG] train_step 8200: policy_update done
[step 08250] value_loss=12.446893 policy_loss=-0.776766
[step 08250] VALUE_DEBUG: target(mean=-4.22 std=8.18 min=-17.09 max=8.70) V(s)(mean=-3.75 std=8.35) reward(mean=-0.204 std=3.210) clip=50.0
[DEBUG] train_step 8250: starting episode collection
[DEBUG] train_step 8250: episodes collected, starting value_update
[DEBUG] train_step 8250: value_update done, starting policy_update
[DEBUG] train_step 8250: policy_update done
[step 08300] value_loss=3.501434 policy_loss=0.063018
[step 08300] VALUE_DEBUG: target(mean=-8.36 std=8.69 min=-17.30 max=8.34) V(s)(mean=-7.51 std=8.60) reward(mean=-1.307 std=5.277) clip=50.0
[step 08300] eval_success_rate=0.420 eval_mean_score=14.180 eval_policy_mode=greedy [solved=21/50, score_range=9.00-16.00/16.0, initial=9.00]
[step 08300] PROGRESS: filled=14.18 violations=0.00 zero_cand=0.00
[step 08300] DEBUG: ep_len=12.1 ep_ret=-2.506 stop_prob=0.000 score_chg=5.1950
[DEBUG] train_step 8300: starting episode collection
[DEBUG] train_step 8300: episodes collected, starting value_update
[DEBUG] train_step 8300: value_update done, starting policy_update
[DEBUG] train_step 8300: policy_update done
[step 08350] value_loss=4.652884 policy_loss=0.468000
[step 08350] VALUE_DEBUG: target(mean=-5.56 std=9.55 min=-19.17 max=6.19) V(s)(mean=-5.78 std=9.69) reward(mean=-0.246 std=4.822) clip=50.0
[DEBUG] train_step 8350: starting episode collection
[DEBUG] train_step 8350: episodes collected, starting value_update
[DEBUG] train_step 8350: value_update done, starting policy_update
[DEBUG] train_step 8350: policy_update done
[step 08400] value_loss=2.780265 policy_loss=-0.219151
[step 08400] VALUE_DEBUG: target(mean=-6.06 std=9.68 min=-18.44 max=8.90) V(s)(mean=-5.79 std=9.12) reward(mean=0.285 std=1.610) clip=50.0
[step 08400] eval_success_rate=0.380 eval_mean_score=14.340 eval_policy_mode=greedy [solved=19/50, score_range=10.00-16.00/16.0, initial=9.00]
[step 08400] PROGRESS: filled=14.34 violations=0.00 zero_cand=0.00
[step 08400] DEBUG: ep_len=12.2 ep_ret=-2.825 stop_prob=0.000 score_chg=5.2725
[DEBUG] train_step 8400: starting episode collection
[DEBUG] train_step 8400: episodes collected, starting value_update
[DEBUG] train_step 8400: value_update done, starting policy_update
[DEBUG] train_step 8400: policy_update done
[step 08450] value_loss=6.735316 policy_loss=0.552620
[step 08450] VALUE_DEBUG: target(mean=-5.80 std=9.32 min=-21.94 max=6.46) V(s)(mean=-6.38 std=8.77) reward(mean=0.224 std=3.881) clip=50.0
[DEBUG] train_step 8450: starting episode collection
[DEBUG] train_step 8450: episodes collected, starting value_update
[DEBUG] train_step 8450: value_update done, starting policy_update
[DEBUG] train_step 8450: policy_update done
[step 08500] value_loss=6.676642 policy_loss=0.474143
[step 08500] VALUE_DEBUG: target(mean=-8.49 std=9.16 min=-21.27 max=6.42) V(s)(mean=-8.36 std=9.39) reward(mean=-1.108 std=4.915) clip=50.0
[step 08500] eval_success_rate=0.280 eval_mean_score=14.100 eval_policy_mode=greedy [solved=14/50, score_range=10.00-16.00/16.0, initial=9.00]
[step 08500] PROGRESS: filled=14.10 violations=0.00 zero_cand=0.00
[step 08500] DEBUG: ep_len=13.2 ep_ret=-5.140 stop_prob=0.000 score_chg=5.0375
[DEBUG] train_step 8500: starting episode collection
[DEBUG] train_step 8500: episodes collected, starting value_update
[DEBUG] train_step 8500: value_update done, starting policy_update
[DEBUG] train_step 8500: policy_update done
[step 08550] value_loss=3.006561 policy_loss=0.571725
[step 08550] VALUE_DEBUG: target(mean=-5.04 std=9.87 min=-25.43 max=7.49) V(s)(mean=-4.91 std=9.21) reward(mean=0.288 std=1.988) clip=50.0
[DEBUG] train_step 8550: starting episode collection
[DEBUG] train_step 8550: episodes collected, starting value_update
[DEBUG] train_step 8550: value_update done, starting policy_update
[DEBUG] train_step 8550: policy_update done
[step 08600] value_loss=3.281970 policy_loss=0.134899
[step 08600] VALUE_DEBUG: target(mean=-10.12 std=7.94 min=-18.25 max=5.86) V(s)(mean=-10.01 std=7.91) reward(mean=-0.983 std=4.513) clip=50.0
[step 08600] eval_success_rate=0.080 eval_mean_score=13.440 eval_policy_mode=greedy [solved=4/50, score_range=11.00-16.00/16.0, initial=9.00]
[step 08600] PROGRESS: filled=13.44 violations=0.00 zero_cand=0.00
[step 08600] DEBUG: ep_len=12.8 ep_ret=-3.603 stop_prob=0.000 score_chg=5.3025
[DEBUG] train_step 8600: starting episode collection
[DEBUG] train_step 8600: episodes collected, starting value_update
[DEBUG] train_step 8600: value_update done, starting policy_update
[DEBUG] train_step 8600: policy_update done
[step 08650] value_loss=9.707056 policy_loss=-0.509576
[step 08650] VALUE_DEBUG: target(mean=-6.91 std=9.54 min=-18.21 max=9.29) V(s)(mean=-6.69 std=8.99) reward(mean=-1.333 std=6.048) clip=50.0
[DEBUG] train_step 8650: starting episode collection
[DEBUG] train_step 8650: episodes collected, starting value_update
[DEBUG] train_step 8650: value_update done, starting policy_update
[DEBUG] train_step 8650: policy_update done
[step 08700] value_loss=2.775090 policy_loss=0.695996
[step 08700] VALUE_DEBUG: target(mean=-5.07 std=9.23 min=-19.08 max=6.32) V(s)(mean=-5.38 std=8.78) reward(mean=0.096 std=3.638) clip=50.0
[step 08700] eval_success_rate=0.180 eval_mean_score=13.480 eval_policy_mode=greedy [solved=9/50, score_range=9.00-16.00/16.0, initial=9.00]
[step 08700] PROGRESS: filled=13.48 violations=0.00 zero_cand=0.00
[step 08700] DEBUG: ep_len=13.5 ep_ret=-5.666 stop_prob=0.000 score_chg=4.8650
[DEBUG] train_step 8700: starting episode collection
[DEBUG] train_step 8700: episodes collected, starting value_update
[DEBUG] train_step 8700: value_update done, starting policy_update
[DEBUG] train_step 8700: policy_update done
[step 08750] value_loss=5.606057 policy_loss=0.664240
[step 08750] VALUE_DEBUG: target(mean=-8.87 std=9.24 min=-23.28 max=6.08) V(s)(mean=-8.18 std=8.42) reward(mean=-0.170 std=2.757) clip=50.0
[DEBUG] train_step 8750: starting episode collection
[DEBUG] train_step 8750: episodes collected, starting value_update
[DEBUG] train_step 8750: value_update done, starting policy_update
[DEBUG] train_step 8750: policy_update done
[step 08800] value_loss=3.634563 policy_loss=-0.235750
[step 08800] VALUE_DEBUG: target(mean=-11.24 std=7.29 min=-19.97 max=5.38) V(s)(mean=-12.18 std=7.27) reward(mean=-0.021 std=3.618) clip=50.0
[step 08800] eval_success_rate=0.160 eval_mean_score=13.620 eval_policy_mode=greedy [solved=8/50, score_range=9.00-16.00/16.0, initial=9.00]
[step 08800] PROGRESS: filled=13.62 violations=0.00 zero_cand=0.00
[step 08800] DEBUG: ep_len=14.0 ep_ret=-7.004 stop_prob=0.000 score_chg=4.5425
[DEBUG] train_step 8800: starting episode collection
[DEBUG] train_step 8800: episodes collected, starting value_update
[DEBUG] train_step 8800: value_update done, starting policy_update
[DEBUG] train_step 8800: policy_update done
[step 08850] value_loss=4.364567 policy_loss=0.238428
[step 08850] VALUE_DEBUG: target(mean=-5.90 std=9.13 min=-22.09 max=11.83) V(s)(mean=-5.81 std=8.40) reward(mean=-0.530 std=5.320) clip=50.0
[DEBUG] train_step 8850: starting episode collection
[DEBUG] train_step 8850: episodes collected, starting value_update
[DEBUG] train_step 8850: value_update done, starting policy_update
[DEBUG] train_step 8850: policy_update done
[step 08900] value_loss=3.809330 policy_loss=1.020074
[step 08900] VALUE_DEBUG: target(mean=-5.74 std=9.14 min=-20.44 max=6.93) V(s)(mean=-5.36 std=8.92) reward(mean=-0.736 std=3.657) clip=50.0
[step 08900] eval_success_rate=0.200 eval_mean_score=13.700 eval_policy_mode=greedy [solved=10/50, score_range=9.00-16.00/16.0, initial=9.00]
[step 08900] PROGRESS: filled=13.70 violations=0.00 zero_cand=0.00
[step 08900] DEBUG: ep_len=13.9 ep_ret=-5.684 stop_prob=0.000 score_chg=5.1275
[DEBUG] train_step 8900: starting episode collection
[DEBUG] train_step 8900: episodes collected, starting value_update
[DEBUG] train_step 8900: value_update done, starting policy_update
[DEBUG] train_step 8900: policy_update done
[step 08950] value_loss=8.101949 policy_loss=-1.319656
[step 08950] VALUE_DEBUG: target(mean=-6.70 std=9.14 min=-20.51 max=9.03) V(s)(mean=-6.82 std=8.33) reward(mean=0.569 std=2.481) clip=50.0
[DEBUG] train_step 8950: starting episode collection
[DEBUG] train_step 8950: episodes collected, starting value_update
[DEBUG] train_step 8950: value_update done, starting policy_update
[DEBUG] train_step 8950: policy_update done
[step 09000] value_loss=8.289635 policy_loss=0.228406
[step 09000] VALUE_DEBUG: target(mean=-7.96 std=8.64 min=-20.12 max=7.63) V(s)(mean=-7.25 std=8.34) reward(mean=-0.888 std=4.199) clip=50.0
[step 09000] eval_success_rate=0.200 eval_mean_score=13.940 eval_policy_mode=greedy [solved=10/50, score_range=9.00-16.00/16.0, initial=9.00]
[step 09000] PROGRESS: filled=13.94 violations=0.00 zero_cand=0.00
[step 09000] DEBUG: ep_len=12.9 ep_ret=-3.380 stop_prob=0.000 score_chg=5.4525
[Checkpoint] Saved to buiksat_trm/checkpoints/table3_hard_6to8_controlled_nomask_nc_r10_s2/rl_checkpoint_step_9000.pt
[DEBUG] train_step 9000: starting episode collection
[DEBUG] train_step 9000: episodes collected, starting value_update
[DEBUG] train_step 9000: value_update done, starting policy_update
[DEBUG] train_step 9000: policy_update done
[step 09050] value_loss=10.893036 policy_loss=-0.449195
[step 09050] VALUE_DEBUG: target(mean=-6.41 std=8.77 min=-21.14 max=10.47) V(s)(mean=-7.52 std=8.12) reward(mean=1.418 std=3.497) clip=50.0
[DEBUG] train_step 9050: starting episode collection
[DEBUG] train_step 9050: episodes collected, starting value_update
[DEBUG] train_step 9050: value_update done, starting policy_update
[DEBUG] train_step 9050: policy_update done
[step 09100] value_loss=1.849702 policy_loss=0.702052
[step 09100] VALUE_DEBUG: target(mean=-5.86 std=9.63 min=-21.71 max=10.84) V(s)(mean=-6.50 std=9.41) reward(mean=-0.238 std=3.175) clip=50.0
[step 09100] eval_success_rate=0.280 eval_mean_score=14.200 eval_policy_mode=greedy [solved=14/50, score_range=10.00-16.00/16.0, initial=9.00]
[step 09100] PROGRESS: filled=14.20 violations=0.00 zero_cand=0.00
[step 09100] DEBUG: ep_len=12.8 ep_ret=-4.225 stop_prob=0.000 score_chg=5.0725
[DEBUG] train_step 9100: starting episode collection
[DEBUG] train_step 9100: episodes collected, starting value_update
[DEBUG] train_step 9100: value_update done, starting policy_update
[DEBUG] train_step 9100: policy_update done
[step 09150] value_loss=12.076192 policy_loss=0.660802
[step 09150] VALUE_DEBUG: target(mean=-6.14 std=11.23 min=-25.02 max=13.60) V(s)(mean=-6.16 std=9.51) reward(mean=0.053 std=5.313) clip=50.0
[DEBUG] train_step 9150: starting episode collection
[DEBUG] train_step 9150: episodes collected, starting value_update
[DEBUG] train_step 9150: value_update done, starting policy_update
[DEBUG] train_step 9150: policy_update done
[step 09200] value_loss=4.545783 policy_loss=-0.710617
[step 09200] VALUE_DEBUG: target(mean=-7.02 std=9.35 min=-18.90 max=7.35) V(s)(mean=-6.98 std=8.80) reward(mean=-0.462 std=3.594) clip=50.0
[step 09200] eval_success_rate=0.400 eval_mean_score=14.440 eval_policy_mode=greedy [solved=20/50, score_range=11.00-16.00/16.0, initial=9.00]
[step 09200] PROGRESS: filled=14.44 violations=0.00 zero_cand=0.00
[step 09200] DEBUG: ep_len=12.4 ep_ret=-2.852 stop_prob=0.000 score_chg=5.3450
[DEBUG] train_step 9200: starting episode collection
[DEBUG] train_step 9200: episodes collected, starting value_update
[DEBUG] train_step 9200: value_update done, starting policy_update
[DEBUG] train_step 9200: policy_update done
[step 09250] value_loss=2.251853 policy_loss=-0.151428
[step 09250] VALUE_DEBUG: target(mean=-5.47 std=9.72 min=-20.84 max=7.69) V(s)(mean=-5.18 std=9.11) reward(mean=-0.327 std=3.397) clip=50.0
[DEBUG] train_step 9250: starting episode collection
[DEBUG] train_step 9250: episodes collected, starting value_update
[DEBUG] train_step 9250: value_update done, starting policy_update
[DEBUG] train_step 9250: policy_update done
[step 09300] value_loss=7.113446 policy_loss=-0.493363
[step 09300] VALUE_DEBUG: target(mean=-6.88 std=9.55 min=-22.38 max=9.01) V(s)(mean=-7.67 std=8.80) reward(mean=0.543 std=2.959) clip=50.0
[step 09300] eval_success_rate=0.320 eval_mean_score=14.060 eval_policy_mode=greedy [solved=16/50, score_range=9.00-16.00/16.0, initial=9.00]
[step 09300] PROGRESS: filled=14.06 violations=0.00 zero_cand=0.00
[step 09300] DEBUG: ep_len=12.4 ep_ret=-3.040 stop_prob=0.000 score_chg=5.1900
[DEBUG] train_step 9300: starting episode collection
[DEBUG] train_step 9300: episodes collected, starting value_update
[DEBUG] train_step 9300: value_update done, starting policy_update
[DEBUG] train_step 9300: policy_update done
[step 09350] value_loss=16.617451 policy_loss=0.426571
[step 09350] VALUE_DEBUG: target(mean=-5.33 std=9.37 min=-18.92 max=11.38) V(s)(mean=-5.58 std=8.47) reward(mean=0.130 std=4.713) clip=50.0
[DEBUG] train_step 9350: starting episode collection
[DEBUG] train_step 9350: episodes collected, starting value_update
[DEBUG] train_step 9350: value_update done, starting policy_update
[DEBUG] train_step 9350: policy_update done
[step 09400] value_loss=4.441828 policy_loss=0.029033
[step 09400] VALUE_DEBUG: target(mean=-6.75 std=8.61 min=-16.82 max=8.56) V(s)(mean=-6.98 std=7.92) reward(mean=0.411 std=4.114) clip=50.0
[step 09400] eval_success_rate=0.300 eval_mean_score=13.860 eval_policy_mode=greedy [solved=15/50, score_range=10.00-16.00/16.0, initial=9.00]
[step 09400] PROGRESS: filled=13.86 violations=0.00 zero_cand=0.00
[step 09400] DEBUG: ep_len=12.5 ep_ret=-2.929 stop_prob=0.000 score_chg=5.1850
[DEBUG] train_step 9400: starting episode collection
[DEBUG] train_step 9400: episodes collected, starting value_update
[DEBUG] train_step 9400: value_update done, starting policy_update
[DEBUG] train_step 9400: policy_update done
[step 09450] value_loss=21.951183 policy_loss=1.169960
[step 09450] VALUE_DEBUG: target(mean=-5.48 std=9.85 min=-18.67 max=10.90) V(s)(mean=-4.94 std=8.99) reward(mean=-1.455 std=6.017) clip=50.0
[DEBUG] train_step 9450: starting episode collection
[DEBUG] train_step 9450: episodes collected, starting value_update
[DEBUG] train_step 9450: value_update done, starting policy_update
[DEBUG] train_step 9450: policy_update done
[step 09500] value_loss=8.911428 policy_loss=0.978054
[step 09500] VALUE_DEBUG: target(mean=-5.85 std=9.09 min=-19.93 max=7.49) V(s)(mean=-5.15 std=8.66) reward(mean=-0.268 std=3.044) clip=50.0
[step 09500] eval_success_rate=0.380 eval_mean_score=13.840 eval_policy_mode=greedy [solved=19/50, score_range=9.00-16.00/16.0, initial=9.00]
[step 09500] PROGRESS: filled=13.84 violations=0.00 zero_cand=0.00
[step 09500] DEBUG: ep_len=12.5 ep_ret=-4.022 stop_prob=0.000 score_chg=4.7875
[DEBUG] train_step 9500: starting episode collection
[DEBUG] train_step 9500: episodes collected, starting value_update
[DEBUG] train_step 9500: value_update done, starting policy_update
[DEBUG] train_step 9500: policy_update done
[step 09550] value_loss=5.450914 policy_loss=-0.264287
[step 09550] VALUE_DEBUG: target(mean=-4.29 std=9.03 min=-20.81 max=7.33) V(s)(mean=-5.23 std=9.02) reward(mean=0.349 std=5.066) clip=50.0
[DEBUG] train_step 9550: starting episode collection
[DEBUG] train_step 9550: episodes collected, starting value_update
[DEBUG] train_step 9550: value_update done, starting policy_update
[DEBUG] train_step 9550: policy_update done
[step 09600] value_loss=2.368309 policy_loss=-0.254217
[step 09600] VALUE_DEBUG: target(mean=-6.83 std=9.25 min=-19.41 max=8.22) V(s)(mean=-7.05 std=8.48) reward(mean=0.098 std=3.758) clip=50.0
[step 09600] eval_success_rate=0.420 eval_mean_score=14.140 eval_policy_mode=greedy [solved=21/50, score_range=10.00-16.00/16.0, initial=9.00]
[step 09600] PROGRESS: filled=14.14 violations=0.00 zero_cand=0.00
[step 09600] DEBUG: ep_len=12.2 ep_ret=-2.564 stop_prob=0.000 score_chg=5.4450
[DEBUG] train_step 9600: starting episode collection
[DEBUG] train_step 9600: episodes collected, starting value_update
[DEBUG] train_step 9600: value_update done, starting policy_update
[DEBUG] train_step 9600: policy_update done
[step 09650] value_loss=7.476544 policy_loss=0.677419
[step 09650] VALUE_DEBUG: target(mean=-8.01 std=8.24 min=-17.66 max=8.68) V(s)(mean=-7.67 std=8.27) reward(mean=-1.307 std=4.768) clip=50.0
[DEBUG] train_step 9650: starting episode collection
[DEBUG] train_step 9650: episodes collected, starting value_update
[DEBUG] train_step 9650: value_update done, starting policy_update
[DEBUG] train_step 9650: policy_update done
[step 09700] value_loss=14.719619 policy_loss=0.578763
[step 09700] VALUE_DEBUG: target(mean=-7.02 std=9.61 min=-22.09 max=12.16) V(s)(mean=-6.39 std=9.14) reward(mean=-1.027 std=5.369) clip=50.0
[step 09700] eval_success_rate=0.480 eval_mean_score=14.420 eval_policy_mode=greedy [solved=24/50, score_range=10.00-16.00/16.0, initial=9.00]
[step 09700] PROGRESS: filled=14.42 violations=0.00 zero_cand=0.00
[step 09700] DEBUG: ep_len=13.1 ep_ret=-4.133 stop_prob=0.000 score_chg=5.1350
[DEBUG] train_step 9700: starting episode collection
[DEBUG] train_step 9700: episodes collected, starting value_update
[DEBUG] train_step 9700: value_update done, starting policy_update
[DEBUG] train_step 9700: policy_update done
[step 09750] value_loss=4.402673 policy_loss=0.257840
[step 09750] VALUE_DEBUG: target(mean=-4.26 std=8.77 min=-18.41 max=6.84) V(s)(mean=-3.88 std=8.61) reward(mean=-0.269 std=3.700) clip=50.0
[DEBUG] train_step 9750: starting episode collection
[DEBUG] train_step 9750: episodes collected, starting value_update
[DEBUG] train_step 9750: value_update done, starting policy_update
[DEBUG] train_step 9750: policy_update done
[step 09800] value_loss=13.158509 policy_loss=0.111431
[step 09800] VALUE_DEBUG: target(mean=-5.56 std=9.59 min=-19.02 max=10.29) V(s)(mean=-5.80 std=9.07) reward(mean=0.289 std=4.993) clip=50.0
[step 09800] eval_success_rate=0.300 eval_mean_score=14.260 eval_policy_mode=greedy [solved=15/50, score_range=9.00-16.00/16.0, initial=9.00]
[step 09800] PROGRESS: filled=14.26 violations=0.00 zero_cand=0.00
[step 09800] DEBUG: ep_len=12.7 ep_ret=-3.290 stop_prob=0.000 score_chg=5.3850
[DEBUG] train_step 9800: starting episode collection
[DEBUG] train_step 9800: episodes collected, starting value_update
[DEBUG] train_step 9800: value_update done, starting policy_update
[DEBUG] train_step 9800: policy_update done
[step 09850] value_loss=6.902997 policy_loss=0.305306
[step 09850] VALUE_DEBUG: target(mean=-6.15 std=9.12 min=-20.31 max=8.18) V(s)(mean=-6.09 std=8.32) reward(mean=0.449 std=2.668) clip=50.0
[DEBUG] train_step 9850: starting episode collection
[DEBUG] train_step 9850: episodes collected, starting value_update
[DEBUG] train_step 9850: value_update done, starting policy_update
[DEBUG] train_step 9850: policy_update done
[step 09900] value_loss=11.603920 policy_loss=0.055589
[step 09900] VALUE_DEBUG: target(mean=-5.05 std=8.80 min=-18.33 max=10.68) V(s)(mean=-5.87 std=8.13) reward(mean=0.691 std=4.707) clip=50.0
[step 09900] eval_success_rate=0.440 eval_mean_score=14.540 eval_policy_mode=greedy [solved=22/50, score_range=9.00-16.00/16.0, initial=9.00]
[step 09900] PROGRESS: filled=14.54 violations=0.00 zero_cand=0.00
[step 09900] DEBUG: ep_len=12.2 ep_ret=-2.516 stop_prob=0.000 score_chg=5.1775
[DEBUG] train_step 9900: starting episode collection
[DEBUG] train_step 9900: episodes collected, starting value_update
[DEBUG] train_step 9900: value_update done, starting policy_update
[DEBUG] train_step 9900: policy_update done
[step 09950] value_loss=5.017231 policy_loss=0.340391
[step 09950] VALUE_DEBUG: target(mean=-6.16 std=8.55 min=-18.62 max=5.98) V(s)(mean=-6.23 std=9.02) reward(mean=-0.302 std=3.653) clip=50.0
[DEBUG] train_step 9950: starting episode collection
[DEBUG] train_step 9950: episodes collected, starting value_update
[DEBUG] train_step 9950: value_update done, starting policy_update
[DEBUG] train_step 9950: policy_update done
[step 10000] value_loss=3.211568 policy_loss=0.299513
[step 10000] VALUE_DEBUG: target(mean=-8.78 std=7.46 min=-18.48 max=3.37) V(s)(mean=-8.65 std=7.22) reward(mean=0.102 std=3.622) clip=50.0
[step 10000] eval_success_rate=0.480 eval_mean_score=14.140 eval_policy_mode=greedy [solved=24/50, score_range=10.00-16.00/16.0, initial=9.00]
[step 10000] PROGRESS: filled=14.14 violations=0.00 zero_cand=0.00
[step 10000] DEBUG: ep_len=12.3 ep_ret=-2.879 stop_prob=0.000 score_chg=5.2525
[Checkpoint] Saved to buiksat_trm/checkpoints/table3_hard_6to8_controlled_nomask_nc_r10_s2/rl_checkpoint_step_10000.pt
[DEBUG] train_step 10000: starting episode collection
[DEBUG] train_step 10000: episodes collected, starting value_update
[DEBUG] train_step 10000: value_update done, starting policy_update
[DEBUG] train_step 10000: policy_update done
[step 10050] value_loss=9.360508 policy_loss=0.023692
[step 10050] VALUE_DEBUG: target(mean=-5.42 std=9.09 min=-19.45 max=10.44) V(s)(mean=-6.04 std=8.28) reward(mean=0.160 std=3.556) clip=50.0
[DEBUG] train_step 10050: starting episode collection
[DEBUG] train_step 10050: episodes collected, starting value_update
[DEBUG] train_step 10050: value_update done, starting policy_update
[DEBUG] train_step 10050: policy_update done
[step 10100] value_loss=2.022408 policy_loss=0.890078
[step 10100] VALUE_DEBUG: target(mean=-6.50 std=8.94 min=-20.70 max=6.20) V(s)(mean=-6.20 std=8.91) reward(mean=0.006 std=2.126) clip=50.0
[step 10100] eval_success_rate=0.460 eval_mean_score=14.120 eval_policy_mode=greedy [solved=23/50, score_range=9.00-16.00/16.0, initial=9.00]
[step 10100] PROGRESS: filled=14.12 violations=0.00 zero_cand=0.00
[step 10100] DEBUG: ep_len=12.1 ep_ret=-2.493 stop_prob=0.000 score_chg=5.4025
[DEBUG] train_step 10100: starting episode collection
[DEBUG] train_step 10100: episodes collected, starting value_update
[DEBUG] train_step 10100: value_update done, starting policy_update
[DEBUG] train_step 10100: policy_update done
[step 10150] value_loss=3.504056 policy_loss=-0.468552
[step 10150] VALUE_DEBUG: target(mean=-7.13 std=8.96 min=-21.69 max=5.44) V(s)(mean=-6.61 std=8.62) reward(mean=-0.801 std=3.582) clip=50.0
[DEBUG] train_step 10150: starting episode collection
[DEBUG] train_step 10150: episodes collected, starting value_update
[DEBUG] train_step 10150: value_update done, starting policy_update
[DEBUG] train_step 10150: policy_update done
[step 10200] value_loss=21.451794 policy_loss=-0.537839
[step 10200] VALUE_DEBUG: target(mean=-4.52 std=9.14 min=-19.21 max=10.93) V(s)(mean=-4.45 std=8.17) reward(mean=0.033 std=4.448) clip=50.0
[step 10200] eval_success_rate=0.540 eval_mean_score=14.160 eval_policy_mode=greedy [solved=27/50, score_range=9.00-16.00/16.0, initial=9.00]
[step 10200] PROGRESS: filled=14.16 violations=0.00 zero_cand=0.00
[step 10200] DEBUG: ep_len=11.3 ep_ret=-1.143 stop_prob=0.000 score_chg=5.5550
[DEBUG] train_step 10200: starting episode collection
[DEBUG] train_step 10200: episodes collected, starting value_update
[DEBUG] train_step 10200: value_update done, starting policy_update
[DEBUG] train_step 10200: policy_update done
[step 10250] value_loss=0.474906 policy_loss=0.061116
[step 10250] VALUE_DEBUG: target(mean=-4.41 std=8.93 min=-18.03 max=6.15) V(s)(mean=-4.36 std=8.85) reward(mean=0.003 std=2.929) clip=50.0
[DEBUG] train_step 10250: starting episode collection
[DEBUG] train_step 10250: episodes collected, starting value_update
[DEBUG] train_step 10250: value_update done, starting policy_update
[DEBUG] train_step 10250: policy_update done
[step 10300] value_loss=4.377865 policy_loss=1.221333
[step 10300] VALUE_DEBUG: target(mean=-7.56 std=9.20 min=-18.31 max=9.25) V(s)(mean=-7.84 std=8.91) reward(mean=-0.438 std=3.794) clip=50.0
[step 10300] eval_success_rate=0.540 eval_mean_score=14.380 eval_policy_mode=greedy [solved=27/50, score_range=10.00-16.00/16.0, initial=9.00]
[step 10300] PROGRESS: filled=14.38 violations=0.00 zero_cand=0.00
[step 10300] DEBUG: ep_len=11.1 ep_ret=-0.707 stop_prob=0.000 score_chg=5.5975
[DEBUG] train_step 10300: starting episode collection
[DEBUG] train_step 10300: episodes collected, starting value_update
[DEBUG] train_step 10300: value_update done, starting policy_update
[DEBUG] train_step 10300: policy_update done
[step 10350] value_loss=2.620044 policy_loss=0.252305
[step 10350] VALUE_DEBUG: target(mean=-8.25 std=8.42 min=-18.11 max=5.16) V(s)(mean=-8.65 std=8.53) reward(mean=-0.495 std=3.788) clip=50.0
[DEBUG] train_step 10350: starting episode collection
[DEBUG] train_step 10350: episodes collected, starting value_update
[DEBUG] train_step 10350: value_update done, starting policy_update
[DEBUG] train_step 10350: policy_update done
[step 10400] value_loss=1.964160 policy_loss=-1.353620
[step 10400] VALUE_DEBUG: target(mean=-6.00 std=8.79 min=-19.09 max=5.88) V(s)(mean=-6.57 std=8.33) reward(mean=0.537 std=1.181) clip=50.0
[step 10400] eval_success_rate=0.520 eval_mean_score=14.100 eval_policy_mode=greedy [solved=26/50, score_range=10.00-16.00/16.0, initial=9.00]
[step 10400] PROGRESS: filled=14.10 violations=0.00 zero_cand=0.00
[step 10400] DEBUG: ep_len=11.9 ep_ret=-2.282 stop_prob=0.000 score_chg=5.4200
[DEBUG] train_step 10400: starting episode collection
[DEBUG] train_step 10400: episodes collected, starting value_update
[DEBUG] train_step 10400: value_update done, starting policy_update
[DEBUG] train_step 10400: policy_update done
[step 10450] value_loss=1.477543 policy_loss=0.516914
[step 10450] VALUE_DEBUG: target(mean=-8.42 std=8.47 min=-17.74 max=4.51) V(s)(mean=-8.21 std=8.25) reward(mean=-1.159 std=4.847) clip=50.0
[DEBUG] train_step 10450: starting episode collection
[DEBUG] train_step 10450: episodes collected, starting value_update
[DEBUG] train_step 10450: value_update done, starting policy_update
[DEBUG] train_step 10450: policy_update done
[step 10500] value_loss=4.254927 policy_loss=-0.312427
[step 10500] VALUE_DEBUG: target(mean=-7.09 std=9.61 min=-19.61 max=6.60) V(s)(mean=-7.22 std=9.07) reward(mean=0.507 std=2.675) clip=50.0
[step 10500] eval_success_rate=0.460 eval_mean_score=14.420 eval_policy_mode=greedy [solved=23/50, score_range=10.00-16.00/16.0, initial=9.00]
[step 10500] PROGRESS: filled=14.42 violations=0.00 zero_cand=0.00
[step 10500] DEBUG: ep_len=11.5 ep_ret=-0.732 stop_prob=0.000 score_chg=5.4400
[DEBUG] train_step 10500: starting episode collection
[DEBUG] train_step 10500: episodes collected, starting value_update
[DEBUG] train_step 10500: value_update done, starting policy_update
[DEBUG] train_step 10500: policy_update done
[step 10550] value_loss=5.678543 policy_loss=-1.107115
[step 10550] VALUE_DEBUG: target(mean=-5.79 std=9.35 min=-23.09 max=7.16) V(s)(mean=-5.81 std=8.76) reward(mean=-0.684 std=3.977) clip=50.0
[DEBUG] train_step 10550: starting episode collection
[DEBUG] train_step 10550: episodes collected, starting value_update
[DEBUG] train_step 10550: value_update done, starting policy_update
[DEBUG] train_step 10550: policy_update done
[step 10600] value_loss=6.115271 policy_loss=-1.098133
[step 10600] VALUE_DEBUG: target(mean=-7.91 std=9.08 min=-18.32 max=6.42) V(s)(mean=-8.17 std=8.78) reward(mean=-1.430 std=5.024) clip=50.0
[step 10600] eval_success_rate=0.540 eval_mean_score=14.540 eval_policy_mode=greedy [solved=27/50, score_range=9.00-16.00/16.0, initial=9.00]
[step 10600] PROGRESS: filled=14.54 violations=0.00 zero_cand=0.00
[step 10600] DEBUG: ep_len=11.5 ep_ret=-1.588 stop_prob=0.000 score_chg=5.4300
[DEBUG] train_step 10600: starting episode collection
[DEBUG] train_step 10600: episodes collected, starting value_update
[DEBUG] train_step 10600: value_update done, starting policy_update
[DEBUG] train_step 10600: policy_update done
[step 10650] value_loss=2.315014 policy_loss=-0.152016
[step 10650] VALUE_DEBUG: target(mean=-9.53 std=8.60 min=-22.12 max=9.28) V(s)(mean=-9.30 std=8.25) reward(mean=-0.089 std=2.311) clip=50.0
[DEBUG] train_step 10650: starting episode collection
[DEBUG] train_step 10650: episodes collected, starting value_update
[DEBUG] train_step 10650: value_update done, starting policy_update
[DEBUG] train_step 10650: policy_update done
[step 10700] value_loss=4.070699 policy_loss=0.251686
[step 10700] VALUE_DEBUG: target(mean=-5.51 std=8.90 min=-18.08 max=6.04) V(s)(mean=-5.96 std=8.26) reward(mean=0.629 std=1.845) clip=50.0
[step 10700] eval_success_rate=0.500 eval_mean_score=14.780 eval_policy_mode=greedy [solved=25/50, score_range=10.00-16.00/16.0, initial=9.00]
[step 10700] PROGRESS: filled=14.78 violations=0.00 zero_cand=0.00
[step 10700] DEBUG: ep_len=11.7 ep_ret=-1.556 stop_prob=0.000 score_chg=5.7200
[DEBUG] train_step 10700: starting episode collection
[DEBUG] train_step 10700: episodes collected, starting value_update
[DEBUG] train_step 10700: value_update done, starting policy_update
[DEBUG] train_step 10700: policy_update done
[step 10750] value_loss=9.910376 policy_loss=0.273789
[step 10750] VALUE_DEBUG: target(mean=-7.61 std=8.49 min=-24.06 max=7.44) V(s)(mean=-7.58 std=8.08) reward(mean=-0.610 std=3.889) clip=50.0
[DEBUG] train_step 10750: starting episode collection
[DEBUG] train_step 10750: episodes collected, starting value_update
[DEBUG] train_step 10750: value_update done, starting policy_update
[DEBUG] train_step 10750: policy_update done
[step 10800] value_loss=3.280494 policy_loss=0.601225
[step 10800] VALUE_DEBUG: target(mean=-3.96 std=9.03 min=-17.30 max=9.06) V(s)(mean=-4.67 std=8.56) reward(mean=0.715 std=3.645) clip=50.0
[step 10800] eval_success_rate=0.660 eval_mean_score=14.900 eval_policy_mode=greedy [solved=33/50, score_range=10.00-16.00/16.0, initial=9.00]
[step 10800] PROGRESS: filled=14.90 violations=0.00 zero_cand=0.00
[step 10800] DEBUG: ep_len=11.1 ep_ret=-0.073 stop_prob=0.000 score_chg=5.7700
[DEBUG] train_step 10800: starting episode collection
[DEBUG] train_step 10800: episodes collected, starting value_update
[DEBUG] train_step 10800: value_update done, starting policy_update
[DEBUG] train_step 10800: policy_update done
[step 10850] value_loss=3.334896 policy_loss=-0.456750
[step 10850] VALUE_DEBUG: target(mean=-8.04 std=9.66 min=-20.87 max=11.14) V(s)(mean=-8.16 std=8.72) reward(mean=0.411 std=2.230) clip=50.0
[DEBUG] train_step 10850: starting episode collection
[DEBUG] train_step 10850: episodes collected, starting value_update
[DEBUG] train_step 10850: value_update done, starting policy_update
[DEBUG] train_step 10850: policy_update done
[step 10900] value_loss=1.722200 policy_loss=-0.038269
[step 10900] VALUE_DEBUG: target(mean=-7.84 std=8.79 min=-21.46 max=5.49) V(s)(mean=-7.54 std=8.77) reward(mean=-0.874 std=4.182) clip=50.0
[step 10900] eval_success_rate=0.480 eval_mean_score=14.100 eval_policy_mode=greedy [solved=24/50, score_range=10.00-16.00/16.0, initial=9.00]
[step 10900] PROGRESS: filled=14.10 violations=0.00 zero_cand=0.00
[step 10900] DEBUG: ep_len=11.4 ep_ret=-0.181 stop_prob=0.000 score_chg=5.8300
[DEBUG] train_step 10900: starting episode collection
[DEBUG] train_step 10900: episodes collected, starting value_update
[DEBUG] train_step 10900: value_update done, starting policy_update
[DEBUG] train_step 10900: policy_update done
[step 10950] value_loss=2.417180 policy_loss=0.183807
[step 10950] VALUE_DEBUG: target(mean=-7.27 std=8.84 min=-18.48 max=7.04) V(s)(mean=-7.44 std=8.99) reward(mean=0.160 std=3.453) clip=50.0
[DEBUG] train_step 10950: starting episode collection
[DEBUG] train_step 10950: episodes collected, starting value_update
[DEBUG] train_step 10950: value_update done, starting policy_update
[DEBUG] train_step 10950: policy_update done
[step 11000] value_loss=11.792075 policy_loss=-0.301197
[step 11000] VALUE_DEBUG: target(mean=-7.40 std=8.59 min=-18.61 max=5.51) V(s)(mean=-6.79 std=8.96) reward(mean=-0.343 std=3.375) clip=50.0
[step 11000] eval_success_rate=0.340 eval_mean_score=13.780 eval_policy_mode=greedy [solved=17/50, score_range=9.00-16.00/16.0, initial=9.00]
[step 11000] PROGRESS: filled=13.78 violations=0.00 zero_cand=0.00
[step 11000] DEBUG: ep_len=11.7 ep_ret=-1.053 stop_prob=0.000 score_chg=5.5675
[Checkpoint] Saved to buiksat_trm/checkpoints/table3_hard_6to8_controlled_nomask_nc_r10_s2/rl_checkpoint_step_11000.pt
[DEBUG] train_step 11000: starting episode collection
[DEBUG] train_step 11000: episodes collected, starting value_update
[DEBUG] train_step 11000: value_update done, starting policy_update
[DEBUG] train_step 11000: policy_update done
[step 11050] value_loss=7.302390 policy_loss=-0.093587
[step 11050] VALUE_DEBUG: target(mean=-8.90 std=8.86 min=-22.55 max=6.84) V(s)(mean=-8.26 std=8.20) reward(mean=-0.648 std=3.970) clip=50.0
[DEBUG] train_step 11050: starting episode collection
[DEBUG] train_step 11050: episodes collected, starting value_update
[DEBUG] train_step 11050: value_update done, starting policy_update
[DEBUG] train_step 11050: policy_update done
[step 11100] value_loss=6.072216 policy_loss=-0.954594
[step 11100] VALUE_DEBUG: target(mean=-5.52 std=9.20 min=-17.78 max=10.56) V(s)(mean=-6.67 std=9.11) reward(mean=0.819 std=2.068) clip=50.0
[step 11100] eval_success_rate=0.420 eval_mean_score=14.120 eval_policy_mode=greedy [solved=21/50, score_range=10.00-16.00/16.0, initial=9.00]
[step 11100] PROGRESS: filled=14.12 violations=0.00 zero_cand=0.00
[step 11100] DEBUG: ep_len=12.1 ep_ret=-2.146 stop_prob=0.000 score_chg=5.5625
[DEBUG] train_step 11100: starting episode collection
[DEBUG] train_step 11100: episodes collected, starting value_update
[DEBUG] train_step 11100: value_update done, starting policy_update
[DEBUG] train_step 11100: policy_update done
[step 11150] value_loss=11.062035 policy_loss=-0.156602
[step 11150] VALUE_DEBUG: target(mean=-5.50 std=9.72 min=-23.67 max=8.27) V(s)(mean=-4.89 std=9.37) reward(mean=-1.143 std=4.987) clip=50.0
[DEBUG] train_step 11150: starting episode collection
[DEBUG] train_step 11150: episodes collected, starting value_update
[DEBUG] train_step 11150: value_update done, starting policy_update
[DEBUG] train_step 11150: policy_update done
[step 11200] value_loss=3.464314 policy_loss=1.286928
[step 11200] VALUE_DEBUG: target(mean=-6.58 std=9.17 min=-18.31 max=8.76) V(s)(mean=-7.50 std=9.05) reward(mean=1.154 std=1.875) clip=50.0
[step 11200] eval_success_rate=0.420 eval_mean_score=14.340 eval_policy_mode=greedy [solved=21/50, score_range=10.00-16.00/16.0, initial=9.00]
[step 11200] PROGRESS: filled=14.34 violations=0.00 zero_cand=0.00
[step 11200] DEBUG: ep_len=12.1 ep_ret=-1.562 stop_prob=0.000 score_chg=5.8075
[DEBUG] train_step 11200: starting episode collection
[DEBUG] train_step 11200: episodes collected, starting value_update
[DEBUG] train_step 11200: value_update done, starting policy_update
[DEBUG] train_step 11200: policy_update done
[step 11250] value_loss=6.285637 policy_loss=0.994688
[step 11250] VALUE_DEBUG: target(mean=-3.90 std=9.73 min=-21.44 max=7.70) V(s)(mean=-3.65 std=8.48) reward(mean=-0.486 std=4.343) clip=50.0
[DEBUG] train_step 11250: starting episode collection
[DEBUG] train_step 11250: episodes collected, starting value_update
[DEBUG] train_step 11250: value_update done, starting policy_update
[DEBUG] train_step 11250: policy_update done
[step 11300] value_loss=4.764434 policy_loss=-0.642461
[step 11300] VALUE_DEBUG: target(mean=-5.08 std=8.41 min=-23.32 max=5.37) V(s)(mean=-4.55 std=8.34) reward(mean=-0.331 std=2.548) clip=50.0
[step 11300] eval_success_rate=0.320 eval_mean_score=14.280 eval_policy_mode=greedy [solved=16/50, score_range=10.00-16.00/16.0, initial=9.00]
[step 11300] PROGRESS: filled=14.28 violations=0.00 zero_cand=0.00
[step 11300] DEBUG: ep_len=12.2 ep_ret=-2.234 stop_prob=0.000 score_chg=5.5325
[DEBUG] train_step 11300: starting episode collection
[DEBUG] train_step 11300: episodes collected, starting value_update
[DEBUG] train_step 11300: value_update done, starting policy_update
[DEBUG] train_step 11300: policy_update done
[step 11350] value_loss=5.638672 policy_loss=0.103254
[step 11350] VALUE_DEBUG: target(mean=-6.91 std=8.29 min=-20.69 max=4.98) V(s)(mean=-6.12 std=8.14) reward(mean=-0.457 std=2.556) clip=50.0
[DEBUG] train_step 11350: starting episode collection
[DEBUG] train_step 11350: episodes collected, starting value_update
[DEBUG] train_step 11350: value_update done, starting policy_update
[DEBUG] train_step 11350: policy_update done
[step 11400] value_loss=10.913177 policy_loss=-0.621956
[step 11400] VALUE_DEBUG: target(mean=-5.81 std=9.71 min=-19.20 max=11.66) V(s)(mean=-5.41 std=9.19) reward(mean=-0.868 std=5.351) clip=50.0
[step 11400] eval_success_rate=0.260 eval_mean_score=14.120 eval_policy_mode=greedy [solved=13/50, score_range=10.00-16.00/16.0, initial=9.00]
[step 11400] PROGRESS: filled=14.12 violations=0.00 zero_cand=0.00
[step 11400] DEBUG: ep_len=12.5 ep_ret=-2.782 stop_prob=0.000 score_chg=5.5125
[DEBUG] train_step 11400: starting episode collection
[DEBUG] train_step 11400: episodes collected, starting value_update
[DEBUG] train_step 11400: value_update done, starting policy_update
[DEBUG] train_step 11400: policy_update done
[step 11450] value_loss=1.786672 policy_loss=-0.548337
[step 11450] VALUE_DEBUG: target(mean=-8.57 std=8.47 min=-18.22 max=6.84) V(s)(mean=-8.63 std=8.52) reward(mean=0.410 std=1.694) clip=50.0
[DEBUG] train_step 11450: starting episode collection
[DEBUG] train_step 11450: episodes collected, starting value_update
[DEBUG] train_step 11450: value_update done, starting policy_update
[DEBUG] train_step 11450: policy_update done
[step 11500] value_loss=3.469561 policy_loss=0.507711
[step 11500] VALUE_DEBUG: target(mean=-5.39 std=9.23 min=-22.08 max=12.60) V(s)(mean=-5.52 std=8.35) reward(mean=0.004 std=4.386) clip=50.0
[step 11500] eval_success_rate=0.280 eval_mean_score=14.040 eval_policy_mode=greedy [solved=14/50, score_range=9.00-16.00/16.0, initial=9.00]
[step 11500] PROGRESS: filled=14.04 violations=0.00 zero_cand=0.00
[step 11500] DEBUG: ep_len=12.8 ep_ret=-3.282 stop_prob=0.000 score_chg=5.5425
[DEBUG] train_step 11500: starting episode collection
[DEBUG] train_step 11500: episodes collected, starting value_update
[DEBUG] train_step 11500: value_update done, starting policy_update
[DEBUG] train_step 11500: policy_update done
[step 11550] value_loss=2.864897 policy_loss=0.808314
[step 11550] VALUE_DEBUG: target(mean=-3.70 std=8.94 min=-17.74 max=10.77) V(s)(mean=-3.92 std=8.43) reward(mean=-0.520 std=4.316) clip=50.0
[DEBUG] train_step 11550: starting episode collection
[DEBUG] train_step 11550: episodes collected, starting value_update
[DEBUG] train_step 11550: value_update done, starting policy_update
[DEBUG] train_step 11550: policy_update done
[step 11600] value_loss=9.359949 policy_loss=0.903745
[step 11600] VALUE_DEBUG: target(mean=-4.50 std=8.64 min=-22.09 max=6.84) V(s)(mean=-4.38 std=8.43) reward(mean=-0.250 std=4.895) clip=50.0
[step 11600] eval_success_rate=0.280 eval_mean_score=13.920 eval_policy_mode=greedy [solved=14/50, score_range=9.00-16.00/16.0, initial=9.00]
[step 11600] PROGRESS: filled=13.92 violations=0.00 zero_cand=0.00
[step 11600] DEBUG: ep_len=13.0 ep_ret=-4.101 stop_prob=0.000 score_chg=5.2625
[DEBUG] train_step 11600: starting episode collection
[DEBUG] train_step 11600: episodes collected, starting value_update
[DEBUG] train_step 11600: value_update done, starting policy_update
[DEBUG] train_step 11600: policy_update done
[step 11650] value_loss=3.064454 policy_loss=-0.138990
[step 11650] VALUE_DEBUG: target(mean=-6.30 std=8.89 min=-18.15 max=5.20) V(s)(mean=-6.41 std=8.90) reward(mean=-0.062 std=3.145) clip=50.0
[DEBUG] train_step 11650: starting episode collection
[DEBUG] train_step 11650: episodes collected, starting value_update
[DEBUG] train_step 11650: value_update done, starting policy_update
[DEBUG] train_step 11650: policy_update done
[step 11700] value_loss=13.928201 policy_loss=0.779016
[step 11700] VALUE_DEBUG: target(mean=-9.64 std=8.20 min=-18.79 max=4.10) V(s)(mean=-9.27 std=8.23) reward(mean=-0.566 std=4.060) clip=50.0
[step 11700] eval_success_rate=0.280 eval_mean_score=14.480 eval_policy_mode=greedy [solved=14/50, score_range=9.00-16.00/16.0, initial=9.00]
[step 11700] PROGRESS: filled=14.48 violations=0.00 zero_cand=0.00
[step 11700] DEBUG: ep_len=13.1 ep_ret=-4.122 stop_prob=0.000 score_chg=5.4700
[DEBUG] train_step 11700: starting episode collection
[DEBUG] train_step 11700: episodes collected, starting value_update
[DEBUG] train_step 11700: value_update done, starting policy_update
[DEBUG] train_step 11700: policy_update done
[step 11750] value_loss=15.649306 policy_loss=0.683399
[step 11750] VALUE_DEBUG: target(mean=-5.77 std=9.55 min=-18.72 max=12.63) V(s)(mean=-6.94 std=8.70) reward(mean=0.413 std=5.027) clip=50.0
[DEBUG] train_step 11750: starting episode collection
[DEBUG] train_step 11750: episodes collected, starting value_update
[DEBUG] train_step 11750: value_update done, starting policy_update
[DEBUG] train_step 11750: policy_update done
[step 11800] value_loss=5.795913 policy_loss=-0.579331
[step 11800] VALUE_DEBUG: target(mean=-3.85 std=8.38 min=-17.50 max=8.69) V(s)(mean=-3.96 std=8.17) reward(mean=-0.033 std=4.986) clip=50.0
[step 11800] eval_success_rate=0.400 eval_mean_score=14.640 eval_policy_mode=greedy [solved=20/50, score_range=10.00-16.00/16.0, initial=9.00]
[step 11800] PROGRESS: filled=14.64 violations=0.00 zero_cand=0.00
[step 11800] DEBUG: ep_len=12.4 ep_ret=-2.826 stop_prob=0.000 score_chg=5.6050
[DEBUG] train_step 11800: starting episode collection
[DEBUG] train_step 11800: episodes collected, starting value_update
[DEBUG] train_step 11800: value_update done, starting policy_update
[DEBUG] train_step 11800: policy_update done
[step 11850] value_loss=6.649615 policy_loss=-0.181246
[step 11850] VALUE_DEBUG: target(mean=-7.56 std=8.86 min=-19.43 max=9.89) V(s)(mean=-7.26 std=8.64) reward(mean=-0.141 std=2.666) clip=50.0
[DEBUG] train_step 11850: starting episode collection
[DEBUG] train_step 11850: episodes collected, starting value_update
[DEBUG] train_step 11850: value_update done, starting policy_update
[DEBUG] train_step 11850: policy_update done
[step 11900] value_loss=1.251784 policy_loss=-0.161392
[step 11900] VALUE_DEBUG: target(mean=-4.29 std=8.47 min=-18.46 max=6.88) V(s)(mean=-4.66 std=8.38) reward(mean=0.470 std=3.296) clip=50.0
[step 11900] eval_success_rate=0.400 eval_mean_score=14.500 eval_policy_mode=greedy [solved=20/50, score_range=9.00-16.00/16.0, initial=9.00]
[step 11900] PROGRESS: filled=14.50 violations=0.00 zero_cand=0.00
[step 11900] DEBUG: ep_len=12.2 ep_ret=-2.269 stop_prob=0.000 score_chg=5.7325
[DEBUG] train_step 11900: starting episode collection
[DEBUG] train_step 11900: episodes collected, starting value_update
[DEBUG] train_step 11900: value_update done, starting policy_update
[DEBUG] train_step 11900: policy_update done
[step 11950] value_loss=7.245225 policy_loss=-0.121030
[step 11950] VALUE_DEBUG: target(mean=-4.23 std=7.71 min=-22.43 max=6.75) V(s)(mean=-4.04 std=7.68) reward(mean=-0.023 std=3.221) clip=50.0
[DEBUG] train_step 11950: starting episode collection
[DEBUG] train_step 11950: episodes collected, starting value_update
[DEBUG] train_step 11950: value_update done, starting policy_update
[DEBUG] train_step 11950: policy_update done
[step 12000] value_loss=2.498748 policy_loss=0.418727
[step 12000] VALUE_DEBUG: target(mean=-2.30 std=8.54 min=-18.37 max=8.82) V(s)(mean=-2.83 std=8.30) reward(mean=0.908 std=1.366) clip=50.0
[step 12000] eval_success_rate=0.400 eval_mean_score=14.640 eval_policy_mode=greedy [solved=20/50, score_range=9.00-16.00/16.0, initial=9.00]
[step 12000] PROGRESS: filled=14.64 violations=0.00 zero_cand=0.00
[step 12000] DEBUG: ep_len=12.0 ep_ret=-2.138 stop_prob=0.000 score_chg=5.8125
[Checkpoint] Saved to buiksat_trm/checkpoints/table3_hard_6to8_controlled_nomask_nc_r10_s2/rl_checkpoint_step_12000.pt
[DEBUG] train_step 12000: starting episode collection
[DEBUG] train_step 12000: episodes collected, starting value_update
[DEBUG] train_step 12000: value_update done, starting policy_update
[DEBUG] train_step 12000: policy_update done
[step 12050] value_loss=3.049080 policy_loss=0.064850
[step 12050] VALUE_DEBUG: target(mean=-3.98 std=8.17 min=-17.53 max=7.87) V(s)(mean=-4.08 std=8.05) reward(mean=0.568 std=2.448) clip=50.0
[DEBUG] train_step 12050: starting episode collection
[DEBUG] train_step 12050: episodes collected, starting value_update
[DEBUG] train_step 12050: value_update done, starting policy_update
[DEBUG] train_step 12050: policy_update done
[step 12100] value_loss=22.392046 policy_loss=-0.000736
[step 12100] VALUE_DEBUG: target(mean=-6.85 std=8.63 min=-23.07 max=6.32) V(s)(mean=-6.36 std=8.03) reward(mean=-1.430 std=6.020) clip=50.0
[step 12100] eval_success_rate=0.340 eval_mean_score=14.320 eval_policy_mode=greedy [solved=17/50, score_range=9.00-16.00/16.0, initial=9.00]
[step 12100] PROGRESS: filled=14.32 violations=0.00 zero_cand=0.00
[step 12100] DEBUG: ep_len=12.1 ep_ret=-2.626 stop_prob=0.000 score_chg=5.6675
[DEBUG] train_step 12100: starting episode collection
[DEBUG] train_step 12100: episodes collected, starting value_update
[DEBUG] train_step 12100: value_update done, starting policy_update
[DEBUG] train_step 12100: policy_update done
[step 12150] value_loss=11.872613 policy_loss=0.885390
[step 12150] VALUE_DEBUG: target(mean=-5.24 std=8.13 min=-17.48 max=6.77) V(s)(mean=-4.33 std=8.22) reward(mean=-0.645 std=3.304) clip=50.0
[DEBUG] train_step 12150: starting episode collection
[DEBUG] train_step 12150: episodes collected, starting value_update
[DEBUG] train_step 12150: value_update done, starting policy_update
[DEBUG] train_step 12150: policy_update done
[step 12200] value_loss=35.458675 policy_loss=0.701138
[step 12200] VALUE_DEBUG: target(mean=-5.75 std=9.26 min=-23.30 max=11.78) V(s)(mean=-5.67 std=7.67) reward(mean=-0.510 std=5.123) clip=50.0
[step 12200] eval_success_rate=0.420 eval_mean_score=14.460 eval_policy_mode=greedy [solved=21/50, score_range=9.00-16.00/16.0, initial=9.00]
[step 12200] PROGRESS: filled=14.46 violations=0.00 zero_cand=0.00
[step 12200] DEBUG: ep_len=12.7 ep_ret=-3.705 stop_prob=0.000 score_chg=5.4025
[DEBUG] train_step 12200: starting episode collection
[DEBUG] train_step 12200: episodes collected, starting value_update
[DEBUG] train_step 12200: value_update done, starting policy_update
[DEBUG] train_step 12200: policy_update done
[step 12250] value_loss=5.884495 policy_loss=-0.488944
[step 12250] VALUE_DEBUG: target(mean=-1.94 std=8.26 min=-17.92 max=8.19) V(s)(mean=-2.77 std=8.18) reward(mean=0.940 std=1.824) clip=50.0
[DEBUG] train_step 12250: starting episode collection
[DEBUG] train_step 12250: episodes collected, starting value_update
[DEBUG] train_step 12250: value_update done, starting policy_update
[DEBUG] train_step 12250: policy_update done
[step 12300] value_loss=36.780537 policy_loss=0.107297
[step 12300] VALUE_DEBUG: target(mean=-7.97 std=8.94 min=-22.03 max=7.58) V(s)(mean=-7.09 std=8.27) reward(mean=-1.869 std=6.301) clip=50.0
[step 12300] eval_success_rate=0.480 eval_mean_score=14.480 eval_policy_mode=greedy [solved=24/50, score_range=9.00-16.00/16.0, initial=9.00]
[step 12300] PROGRESS: filled=14.48 violations=0.00 zero_cand=0.00
[step 12300] DEBUG: ep_len=12.3 ep_ret=-2.281 stop_prob=0.000 score_chg=5.5550
[DEBUG] train_step 12300: starting episode collection
[DEBUG] train_step 12300: episodes collected, starting value_update
[DEBUG] train_step 12300: value_update done, starting policy_update
[DEBUG] train_step 12300: policy_update done
[step 12350] value_loss=2.030124 policy_loss=-0.280065
[step 12350] VALUE_DEBUG: target(mean=-4.29 std=9.24 min=-19.62 max=7.26) V(s)(mean=-4.60 std=8.60) reward(mean=0.064 std=3.681) clip=50.0
[DEBUG] train_step 12350: starting episode collection
[DEBUG] train_step 12350: episodes collected, starting value_update
[DEBUG] train_step 12350: value_update done, starting policy_update
[DEBUG] train_step 12350: policy_update done
[step 12400] value_loss=8.313828 policy_loss=-0.818679
[step 12400] VALUE_DEBUG: target(mean=-5.08 std=9.44 min=-25.05 max=13.19) V(s)(mean=-5.07 std=8.76) reward(mean=-0.612 std=5.549) clip=50.0
[step 12400] eval_success_rate=0.500 eval_mean_score=14.540 eval_policy_mode=greedy [solved=25/50, score_range=9.00-16.00/16.0, initial=9.00]
[step 12400] PROGRESS: filled=14.54 violations=0.00 zero_cand=0.00
[step 12400] DEBUG: ep_len=11.8 ep_ret=-2.031 stop_prob=0.000 score_chg=5.5975
[DEBUG] train_step 12400: starting episode collection
[DEBUG] train_step 12400: episodes collected, starting value_update
[DEBUG] train_step 12400: value_update done, starting policy_update
[DEBUG] train_step 12400: policy_update done
[step 12450] value_loss=6.728281 policy_loss=-0.400258
[step 12450] VALUE_DEBUG: target(mean=-5.93 std=9.96 min=-23.84 max=9.20) V(s)(mean=-6.13 std=8.72) reward(mean=0.035 std=4.303) clip=50.0
[DEBUG] train_step 12450: starting episode collection
[DEBUG] train_step 12450: episodes collected, starting value_update
[DEBUG] train_step 12450: value_update done, starting policy_update
[DEBUG] train_step 12450: policy_update done
[step 12500] value_loss=2.377576 policy_loss=-0.256855
[step 12500] VALUE_DEBUG: target(mean=-3.89 std=7.87 min=-17.59 max=8.28) V(s)(mean=-4.33 std=7.66) reward(mean=0.781 std=1.821) clip=50.0
[step 12500] eval_success_rate=0.480 eval_mean_score=14.700 eval_policy_mode=greedy [solved=24/50, score_range=10.00-16.00/16.0, initial=9.00]
[step 12500] PROGRESS: filled=14.70 violations=0.00 zero_cand=0.00
[step 12500] DEBUG: ep_len=11.8 ep_ret=-1.340 stop_prob=0.000 score_chg=5.8075
[DEBUG] train_step 12500: starting episode collection
[DEBUG] train_step 12500: episodes collected, starting value_update
[DEBUG] train_step 12500: value_update done, starting policy_update
[DEBUG] train_step 12500: policy_update done
[step 12550] value_loss=3.456730 policy_loss=-0.086720
[step 12550] VALUE_DEBUG: target(mean=-3.34 std=7.67 min=-17.64 max=6.84) V(s)(mean=-3.32 std=7.79) reward(mean=-0.462 std=3.801) clip=50.0
[DEBUG] train_step 12550: starting episode collection
[DEBUG] train_step 12550: episodes collected, starting value_update
[DEBUG] train_step 12550: value_update done, starting policy_update
[DEBUG] train_step 12550: policy_update done
[step 12600] value_loss=4.075494 policy_loss=-0.245108
[step 12600] VALUE_DEBUG: target(mean=-8.15 std=8.47 min=-19.44 max=8.98) V(s)(mean=-8.02 std=8.55) reward(mean=-0.366 std=3.537) clip=50.0
[step 12600] eval_success_rate=0.560 eval_mean_score=14.720 eval_policy_mode=greedy [solved=28/50, score_range=9.00-16.00/16.0, initial=9.00]
[step 12600] PROGRESS: filled=14.72 violations=0.00 zero_cand=0.00
[step 12600] DEBUG: ep_len=11.5 ep_ret=-0.830 stop_prob=0.000 score_chg=5.7625
[DEBUG] train_step 12600: starting episode collection
[DEBUG] train_step 12600: episodes collected, starting value_update
[DEBUG] train_step 12600: value_update done, starting policy_update
[DEBUG] train_step 12600: policy_update done
[step 12650] value_loss=6.468287 policy_loss=-0.520451
[step 12650] VALUE_DEBUG: target(mean=-5.38 std=7.95 min=-19.90 max=4.65) V(s)(mean=-4.86 std=8.18) reward(mean=-0.294 std=3.226) clip=50.0
[DEBUG] train_step 12650: starting episode collection
[DEBUG] train_step 12650: episodes collected, starting value_update
[DEBUG] train_step 12650: value_update done, starting policy_update
[DEBUG] train_step 12650: policy_update done
[step 12700] value_loss=12.055656 policy_loss=-0.489450
[step 12700] VALUE_DEBUG: target(mean=-3.96 std=8.39 min=-16.56 max=11.79) V(s)(mean=-3.67 std=7.62) reward(mean=-0.274 std=4.074) clip=50.0
[step 12700] eval_success_rate=0.560 eval_mean_score=14.640 eval_policy_mode=greedy [solved=28/50, score_range=9.00-16.00/16.0, initial=9.00]
[step 12700] PROGRESS: filled=14.64 violations=0.00 zero_cand=0.00
[step 12700] DEBUG: ep_len=11.4 ep_ret=-1.072 stop_prob=0.000 score_chg=5.8450
[DEBUG] train_step 12700: starting episode collection
[DEBUG] train_step 12700: episodes collected, starting value_update
[DEBUG] train_step 12700: value_update done, starting policy_update
[DEBUG] train_step 12700: policy_update done
[step 12750] value_loss=3.863844 policy_loss=-0.911506
[step 12750] VALUE_DEBUG: target(mean=-3.51 std=8.44 min=-18.39 max=10.10) V(s)(mean=-3.81 std=8.07) reward(mean=0.473 std=1.972) clip=50.0
[DEBUG] train_step 12750: starting episode collection
[DEBUG] train_step 12750: episodes collected, starting value_update
[DEBUG] train_step 12750: value_update done, starting policy_update
[DEBUG] train_step 12750: policy_update done
[step 12800] value_loss=1.251747 policy_loss=-1.145868
[step 12800] VALUE_DEBUG: target(mean=-7.35 std=8.32 min=-17.95 max=6.63) V(s)(mean=-7.04 std=8.03) reward(mean=0.496 std=1.881) clip=50.0
[step 12800] eval_success_rate=0.600 eval_mean_score=14.560 eval_policy_mode=greedy [solved=30/50, score_range=9.00-16.00/16.0, initial=9.00]
[step 12800] PROGRESS: filled=14.56 violations=0.00 zero_cand=0.00
[step 12800] DEBUG: ep_len=11.3 ep_ret=-0.342 stop_prob=0.000 score_chg=5.8375
[DEBUG] train_step 12800: starting episode collection
[DEBUG] train_step 12800: episodes collected, starting value_update
[DEBUG] train_step 12800: value_update done, starting policy_update
[DEBUG] train_step 12800: policy_update done
[step 12850] value_loss=3.844262 policy_loss=0.435397
[step 12850] VALUE_DEBUG: target(mean=-4.11 std=8.25 min=-19.10 max=6.47) V(s)(mean=-3.98 std=8.15) reward(mean=0.286 std=2.520) clip=50.0
[DEBUG] train_step 12850: starting episode collection
[DEBUG] train_step 12850: episodes collected, starting value_update
[DEBUG] train_step 12850: value_update done, starting policy_update
[DEBUG] train_step 12850: policy_update done
[step 12900] value_loss=10.101668 policy_loss=-0.100339
[step 12900] VALUE_DEBUG: target(mean=-7.66 std=8.40 min=-17.57 max=6.84) V(s)(mean=-7.53 std=7.83) reward(mean=0.191 std=3.458) clip=50.0
[step 12900] eval_success_rate=0.620 eval_mean_score=14.580 eval_policy_mode=greedy [solved=31/50, score_range=9.00-16.00/16.0, initial=9.00]
[step 12900] PROGRESS: filled=14.58 violations=0.00 zero_cand=0.00
[step 12900] DEBUG: ep_len=10.8 ep_ret=0.970 stop_prob=0.000 score_chg=6.1075
[DEBUG] train_step 12900: starting episode collection
[DEBUG] train_step 12900: episodes collected, starting value_update
[DEBUG] train_step 12900: value_update done, starting policy_update
[DEBUG] train_step 12900: policy_update done
[step 12950] value_loss=8.862313 policy_loss=-0.336140
[step 12950] VALUE_DEBUG: target(mean=-3.98 std=8.30 min=-17.98 max=7.32) V(s)(mean=-5.08 std=8.30) reward(mean=1.308 std=2.440) clip=50.0
[DEBUG] train_step 12950: starting episode collection
[DEBUG] train_step 12950: episodes collected, starting value_update
[DEBUG] train_step 12950: value_update done, starting policy_update
[DEBUG] train_step 12950: policy_update done
[step 13000] value_loss=4.192599 policy_loss=0.607649
[step 13000] VALUE_DEBUG: target(mean=-3.44 std=8.66 min=-19.44 max=9.78) V(s)(mean=-4.24 std=8.07) reward(mean=0.810 std=2.648) clip=50.0
[step 13000] eval_success_rate=0.500 eval_mean_score=14.460 eval_policy_mode=greedy [solved=25/50, score_range=9.00-16.00/16.0, initial=9.00]
[step 13000] PROGRESS: filled=14.46 violations=0.00 zero_cand=0.00
[step 13000] DEBUG: ep_len=11.2 ep_ret=0.039 stop_prob=0.000 score_chg=5.9200
[Checkpoint] Saved to buiksat_trm/checkpoints/table3_hard_6to8_controlled_nomask_nc_r10_s2/rl_checkpoint_step_13000.pt
[DEBUG] train_step 13000: starting episode collection
[DEBUG] train_step 13000: episodes collected, starting value_update
[DEBUG] train_step 13000: value_update done, starting policy_update
[DEBUG] train_step 13000: policy_update done
[step 13050] value_loss=2.407403 policy_loss=-0.392360
[step 13050] VALUE_DEBUG: target(mean=-5.51 std=8.56 min=-17.94 max=7.14) V(s)(mean=-5.34 std=8.35) reward(mean=0.411 std=2.374) clip=50.0
[DEBUG] train_step 13050: starting episode collection
[DEBUG] train_step 13050: episodes collected, starting value_update
[DEBUG] train_step 13050: value_update done, starting policy_update
[DEBUG] train_step 13050: policy_update done
[step 13100] value_loss=2.341632 policy_loss=-0.072149
[step 13100] VALUE_DEBUG: target(mean=-5.64 std=8.50 min=-18.29 max=7.54) V(s)(mean=-5.76 std=8.28) reward(mean=0.402 std=1.616) clip=50.0
[step 13100] eval_success_rate=0.460 eval_mean_score=14.540 eval_policy_mode=greedy [solved=23/50, score_range=9.00-16.00/16.0, initial=9.00]
[step 13100] PROGRESS: filled=14.54 violations=0.00 zero_cand=0.00
[step 13100] DEBUG: ep_len=11.8 ep_ret=-1.962 stop_prob=0.000 score_chg=5.4550
[DEBUG] train_step 13100: starting episode collection
[DEBUG] train_step 13100: episodes collected, starting value_update
[DEBUG] train_step 13100: value_update done, starting policy_update
[DEBUG] train_step 13100: policy_update done
[step 13150] value_loss=6.798055 policy_loss=1.271028
[step 13150] VALUE_DEBUG: target(mean=-5.69 std=8.31 min=-17.79 max=7.77) V(s)(mean=-5.51 std=7.77) reward(mean=-1.626 std=5.216) clip=50.0
[DEBUG] train_step 13150: starting episode collection
[DEBUG] train_step 13150: episodes collected, starting value_update
[DEBUG] train_step 13150: value_update done, starting policy_update
[DEBUG] train_step 13150: policy_update done
[step 13200] value_loss=12.794770 policy_loss=-0.328683
[step 13200] VALUE_DEBUG: target(mean=-6.03 std=8.13 min=-17.83 max=7.94) V(s)(mean=-5.40 std=7.83) reward(mean=-0.339 std=4.379) clip=50.0
[step 13200] eval_success_rate=0.460 eval_mean_score=14.260 eval_policy_mode=greedy [solved=23/50, score_range=9.00-16.00/16.0, initial=9.00]
[step 13200] PROGRESS: filled=14.26 violations=0.00 zero_cand=0.00
[step 13200] DEBUG: ep_len=12.0 ep_ret=-1.858 stop_prob=0.000 score_chg=5.7725
[DEBUG] train_step 13200: starting episode collection
[DEBUG] train_step 13200: episodes collected, starting value_update
[DEBUG] train_step 13200: value_update done, starting policy_update
[DEBUG] train_step 13200: policy_update done
[step 13250] value_loss=4.899749 policy_loss=0.496448
[step 13250] VALUE_DEBUG: target(mean=-6.70 std=9.30 min=-23.36 max=6.04) V(s)(mean=-6.23 std=8.93) reward(mean=-0.280 std=2.304) clip=50.0
[DEBUG] train_step 13250: starting episode collection
[DEBUG] train_step 13250: episodes collected, starting value_update
[DEBUG] train_step 13250: value_update done, starting policy_update
[DEBUG] train_step 13250: policy_update done
[step 13300] value_loss=19.903873 policy_loss=-0.699934
[step 13300] VALUE_DEBUG: target(mean=-2.37 std=8.37 min=-22.09 max=7.23) V(s)(mean=-2.12 std=6.63) reward(mean=0.031 std=5.312) clip=50.0
[step 13300] eval_success_rate=0.460 eval_mean_score=14.400 eval_policy_mode=greedy [solved=23/50, score_range=9.00-16.00/16.0, initial=9.00]
[step 13300] PROGRESS: filled=14.40 violations=0.00 zero_cand=0.00
[step 13300] DEBUG: ep_len=11.7 ep_ret=-0.772 stop_prob=0.000 score_chg=5.8350
[DEBUG] train_step 13300: starting episode collection
[DEBUG] train_step 13300: episodes collected, starting value_update
[DEBUG] train_step 13300: value_update done, starting policy_update
[DEBUG] train_step 13300: policy_update done
[step 13350] value_loss=7.247880 policy_loss=0.623125
[step 13350] VALUE_DEBUG: target(mean=-6.69 std=9.14 min=-18.34 max=8.83) V(s)(mean=-6.62 std=8.48) reward(mean=-1.000 std=5.290) clip=50.0
[DEBUG] train_step 13350: starting episode collection
[DEBUG] train_step 13350: episodes collected, starting value_update
[DEBUG] train_step 13350: value_update done, starting policy_update
[DEBUG] train_step 13350: policy_update done
[step 13400] value_loss=3.855097 policy_loss=-0.593497
[step 13400] VALUE_DEBUG: target(mean=-5.27 std=7.78 min=-22.67 max=5.26) V(s)(mean=-5.44 std=7.24) reward(mean=0.438 std=1.612) clip=50.0
[step 13400] eval_success_rate=0.460 eval_mean_score=14.560 eval_policy_mode=greedy [solved=23/50, score_range=9.00-16.00/16.0, initial=9.00]
[step 13400] PROGRESS: filled=14.56 violations=0.00 zero_cand=0.00
[step 13400] DEBUG: ep_len=12.1 ep_ret=-2.354 stop_prob=0.000 score_chg=5.4650
[DEBUG] train_step 13400: starting episode collection
[DEBUG] train_step 13400: episodes collected, starting value_update
[DEBUG] train_step 13400: value_update done, starting policy_update
[DEBUG] train_step 13400: policy_update done
[step 13450] value_loss=3.797971 policy_loss=0.879873
[step 13450] VALUE_DEBUG: target(mean=-3.35 std=8.22 min=-17.54 max=9.70) V(s)(mean=-3.55 std=7.77) reward(mean=-1.036 std=5.285) clip=50.0
[DEBUG] train_step 13450: starting episode collection
[DEBUG] train_step 13450: episodes collected, starting value_update
[DEBUG] train_step 13450: value_update done, starting policy_update
[DEBUG] train_step 13450: policy_update done
[step 13500] value_loss=3.783950 policy_loss=-0.442485
[step 13500] VALUE_DEBUG: target(mean=-2.30 std=7.66 min=-16.04 max=8.01) V(s)(mean=-2.98 std=7.62) reward(mean=0.979 std=2.030) clip=50.0
[step 13500] eval_success_rate=0.440 eval_mean_score=14.320 eval_policy_mode=greedy [solved=22/50, score_range=9.00-16.00/16.0, initial=9.00]
[step 13500] PROGRESS: filled=14.32 violations=0.00 zero_cand=0.00
[step 13500] DEBUG: ep_len=11.9 ep_ret=-1.627 stop_prob=0.000 score_chg=5.6850
[DEBUG] train_step 13500: starting episode collection
[DEBUG] train_step 13500: episodes collected, starting value_update
[DEBUG] train_step 13500: value_update done, starting policy_update
[DEBUG] train_step 13500: policy_update done
[step 13550] value_loss=5.753950 policy_loss=-1.038304
[step 13550] VALUE_DEBUG: target(mean=-5.00 std=8.73 min=-17.03 max=11.33) V(s)(mean=-4.46 std=7.85) reward(mean=-1.060 std=5.304) clip=50.0
[DEBUG] train_step 13550: starting episode collection
[DEBUG] train_step 13550: episodes collected, starting value_update
[DEBUG] train_step 13550: value_update done, starting policy_update
[DEBUG] train_step 13550: policy_update done
[step 13600] value_loss=5.132349 policy_loss=0.259495
[step 13600] VALUE_DEBUG: target(mean=-5.00 std=7.13 min=-18.43 max=4.84) V(s)(mean=-5.53 std=7.01) reward(mean=0.534 std=1.642) clip=50.0
[step 13600] eval_success_rate=0.440 eval_mean_score=14.260 eval_policy_mode=greedy [solved=22/50, score_range=9.00-16.00/16.0, initial=9.00]
[step 13600] PROGRESS: filled=14.26 violations=0.00 zero_cand=0.00
[step 13600] DEBUG: ep_len=11.7 ep_ret=-1.106 stop_prob=0.000 score_chg=5.6475
[DEBUG] train_step 13600: starting episode collection
[DEBUG] train_step 13600: episodes collected, starting value_update
[DEBUG] train_step 13600: value_update done, starting policy_update
[DEBUG] train_step 13600: policy_update done
[step 13650] value_loss=5.926535 policy_loss=-0.614650
[step 13650] VALUE_DEBUG: target(mean=-3.96 std=7.89 min=-18.51 max=12.24) V(s)(mean=-3.90 std=7.69) reward(mean=0.122 std=2.536) clip=50.0
[DEBUG] train_step 13650: starting episode collection
[DEBUG] train_step 13650: episodes collected, starting value_update
[DEBUG] train_step 13650: value_update done, starting policy_update
[DEBUG] train_step 13650: policy_update done
[step 13700] value_loss=3.882855 policy_loss=-0.225408
[step 13700] VALUE_DEBUG: target(mean=-4.88 std=8.48 min=-16.90 max=6.89) V(s)(mean=-5.66 std=8.35) reward(mean=0.909 std=1.874) clip=50.0
[step 13700] eval_success_rate=0.460 eval_mean_score=14.200 eval_policy_mode=greedy [solved=23/50, score_range=9.00-16.00/16.0, initial=9.00]
[step 13700] PROGRESS: filled=14.20 violations=0.00 zero_cand=0.00
[step 13700] DEBUG: ep_len=11.8 ep_ret=-1.474 stop_prob=0.000 score_chg=5.7375
[DEBUG] train_step 13700: starting episode collection
[DEBUG] train_step 13700: episodes collected, starting value_update
[DEBUG] train_step 13700: value_update done, starting policy_update
[DEBUG] train_step 13700: policy_update done
[step 13750] value_loss=6.654420 policy_loss=-0.453764
[step 13750] VALUE_DEBUG: target(mean=-3.22 std=9.01 min=-18.75 max=5.41) V(s)(mean=-2.73 std=8.33) reward(mean=-0.335 std=2.708) clip=50.0
[DEBUG] train_step 13750: starting episode collection
[DEBUG] train_step 13750: episodes collected, starting value_update
[DEBUG] train_step 13750: value_update done, starting policy_update
[DEBUG] train_step 13750: policy_update done
[step 13800] value_loss=8.133273 policy_loss=0.464139
[step 13800] VALUE_DEBUG: target(mean=-6.90 std=7.73 min=-18.74 max=5.83) V(s)(mean=-6.37 std=8.13) reward(mean=-0.558 std=4.476) clip=50.0
[step 13800] eval_success_rate=0.440 eval_mean_score=14.160 eval_policy_mode=greedy [solved=22/50, score_range=9.00-16.00/16.0, initial=9.00]
[step 13800] PROGRESS: filled=14.16 violations=0.00 zero_cand=0.00
[step 13800] DEBUG: ep_len=11.6 ep_ret=-1.205 stop_prob=0.000 score_chg=5.6375
[DEBUG] train_step 13800: starting episode collection
[DEBUG] train_step 13800: episodes collected, starting value_update
[DEBUG] train_step 13800: value_update done, starting policy_update
[DEBUG] train_step 13800: policy_update done
[step 13850] value_loss=8.970642 policy_loss=-0.088347
[step 13850] VALUE_DEBUG: target(mean=-4.81 std=9.58 min=-20.87 max=11.86) V(s)(mean=-4.50 std=8.40) reward(mean=-0.359 std=4.417) clip=50.0
[DEBUG] train_step 13850: starting episode collection
[DEBUG] train_step 13850: episodes collected, starting value_update
[DEBUG] train_step 13850: value_update done, starting policy_update
[DEBUG] train_step 13850: policy_update done
[step 13900] value_loss=6.386876 policy_loss=-0.006539
[step 13900] VALUE_DEBUG: target(mean=-5.73 std=7.55 min=-16.72 max=5.32) V(s)(mean=-5.52 std=7.59) reward(mean=-0.290 std=3.574) clip=50.0
[step 13900] eval_success_rate=0.440 eval_mean_score=14.100 eval_policy_mode=greedy [solved=22/50, score_range=9.00-16.00/16.0, initial=9.00]
[step 13900] PROGRESS: filled=14.10 violations=0.00 zero_cand=0.00
[step 13900] DEBUG: ep_len=11.3 ep_ret=-0.487 stop_prob=0.000 score_chg=5.7150
[DEBUG] train_step 13900: starting episode collection
[DEBUG] train_step 13900: episodes collected, starting value_update
[DEBUG] train_step 13900: value_update done, starting policy_update
[DEBUG] train_step 13900: policy_update done
[step 13950] value_loss=8.265783 policy_loss=-0.689735
[step 13950] VALUE_DEBUG: target(mean=-3.61 std=7.61 min=-17.41 max=7.24) V(s)(mean=-3.46 std=7.57) reward(mean=0.101 std=2.959) clip=50.0
[DEBUG] train_step 13950: starting episode collection
[DEBUG] train_step 13950: episodes collected, starting value_update
[DEBUG] train_step 13950: value_update done, starting policy_update
[DEBUG] train_step 13950: policy_update done
[step 14000] value_loss=3.219097 policy_loss=0.713148
[step 14000] VALUE_DEBUG: target(mean=-7.30 std=9.43 min=-18.41 max=8.01) V(s)(mean=-7.39 std=8.59) reward(mean=-0.158 std=4.571) clip=50.0
[step 14000] eval_success_rate=0.440 eval_mean_score=14.320 eval_policy_mode=greedy [solved=22/50, score_range=9.00-16.00/16.0, initial=9.00]
[step 14000] PROGRESS: filled=14.32 violations=0.00 zero_cand=0.00
[step 14000] DEBUG: ep_len=11.7 ep_ret=-0.913 stop_prob=0.000 score_chg=5.5000
[Checkpoint] Saved to buiksat_trm/checkpoints/table3_hard_6to8_controlled_nomask_nc_r10_s2/rl_checkpoint_step_14000.pt
[DEBUG] train_step 14000: starting episode collection
[DEBUG] train_step 14000: episodes collected, starting value_update
[DEBUG] train_step 14000: value_update done, starting policy_update
[DEBUG] train_step 14000: policy_update done
[step 14050] value_loss=1.863645 policy_loss=0.040579
[step 14050] VALUE_DEBUG: target(mean=-2.20 std=7.94 min=-19.18 max=9.45) V(s)(mean=-2.14 std=7.44) reward(mean=0.472 std=1.604) clip=50.0
[DEBUG] train_step 14050: starting episode collection
[DEBUG] train_step 14050: episodes collected, starting value_update
[DEBUG] train_step 14050: value_update done, starting policy_update
[DEBUG] train_step 14050: policy_update done
[step 14100] value_loss=9.415852 policy_loss=0.375609
[step 14100] VALUE_DEBUG: target(mean=-5.08 std=8.69 min=-17.71 max=6.84) V(s)(mean=-4.28 std=8.70) reward(mean=-0.622 std=5.285) clip=50.0
[step 14100] eval_success_rate=0.440 eval_mean_score=14.360 eval_policy_mode=greedy [solved=22/50, score_range=9.00-16.00/16.0, initial=9.00]
[step 14100] PROGRESS: filled=14.36 violations=0.00 zero_cand=0.00
[step 14100] DEBUG: ep_len=11.8 ep_ret=-1.350 stop_prob=0.000 score_chg=5.6700
[DEBUG] train_step 14100: starting episode collection
[DEBUG] train_step 14100: episodes collected, starting value_update
[DEBUG] train_step 14100: value_update done, starting policy_update
[DEBUG] train_step 14100: policy_update done
[step 14150] value_loss=3.517279 policy_loss=-0.022476
[step 14150] VALUE_DEBUG: target(mean=-5.89 std=9.29 min=-19.16 max=12.00) V(s)(mean=-6.36 std=8.57) reward(mean=-0.468 std=4.493) clip=50.0
[DEBUG] train_step 14150: starting episode collection
[DEBUG] train_step 14150: episodes collected, starting value_update
[DEBUG] train_step 14150: value_update done, starting policy_update
[DEBUG] train_step 14150: policy_update done
[step 14200] value_loss=5.700431 policy_loss=0.504329
[step 14200] VALUE_DEBUG: target(mean=-6.74 std=8.43 min=-21.42 max=6.16) V(s)(mean=-6.65 std=8.48) reward(mean=-0.424 std=3.881) clip=50.0
[step 14200] eval_success_rate=0.500 eval_mean_score=14.340 eval_policy_mode=greedy [solved=25/50, score_range=9.00-16.00/16.0, initial=9.00]
[step 14200] PROGRESS: filled=14.34 violations=0.00 zero_cand=0.00
[step 14200] DEBUG: ep_len=11.5 ep_ret=-0.764 stop_prob=0.000 score_chg=5.5800
[DEBUG] train_step 14200: starting episode collection
[DEBUG] train_step 14200: episodes collected, starting value_update
[DEBUG] train_step 14200: value_update done, starting policy_update
[DEBUG] train_step 14200: policy_update done
[step 14250] value_loss=0.650679 policy_loss=-0.397305
[step 14250] VALUE_DEBUG: target(mean=-5.15 std=8.67 min=-18.87 max=6.77) V(s)(mean=-5.30 std=8.56) reward(mean=0.761 std=1.108) clip=50.0
[DEBUG] train_step 14250: starting episode collection
[DEBUG] train_step 14250: episodes collected, starting value_update
[DEBUG] train_step 14250: value_update done, starting policy_update
[DEBUG] train_step 14250: policy_update done
[step 14300] value_loss=9.195942 policy_loss=0.070473
[step 14300] VALUE_DEBUG: target(mean=-2.44 std=8.70 min=-23.08 max=11.59) V(s)(mean=-3.27 std=7.40) reward(mean=0.626 std=4.938) clip=50.0
[step 14300] eval_success_rate=0.440 eval_mean_score=14.360 eval_policy_mode=greedy [solved=22/50, score_range=9.00-16.00/16.0, initial=9.00]
[step 14300] PROGRESS: filled=14.36 violations=0.00 zero_cand=0.00
[step 14300] DEBUG: ep_len=11.7 ep_ret=-1.491 stop_prob=0.000 score_chg=5.5050
[DEBUG] train_step 14300: starting episode collection
[DEBUG] train_step 14300: episodes collected, starting value_update
[DEBUG] train_step 14300: value_update done, starting policy_update
[DEBUG] train_step 14300: policy_update done
[step 14350] value_loss=1.900780 policy_loss=-1.348239
[step 14350] VALUE_DEBUG: target(mean=-4.72 std=8.27 min=-19.33 max=6.87) V(s)(mean=-4.92 std=7.88) reward(mean=0.201 std=2.272) clip=50.0
[DEBUG] train_step 14350: starting episode collection
[DEBUG] train_step 14350: episodes collected, starting value_update
[DEBUG] train_step 14350: value_update done, starting policy_update
[DEBUG] train_step 14350: policy_update done
[step 14400] value_loss=5.343966 policy_loss=0.582096
[step 14400] VALUE_DEBUG: target(mean=-3.30 std=9.17 min=-19.19 max=12.26) V(s)(mean=-3.92 std=8.56) reward(mean=0.653 std=4.010) clip=50.0
[step 14400] eval_success_rate=0.440 eval_mean_score=14.280 eval_policy_mode=greedy [solved=22/50, score_range=9.00-16.00/16.0, initial=9.00]
[step 14400] PROGRESS: filled=14.28 violations=0.00 zero_cand=0.00
[step 14400] DEBUG: ep_len=11.7 ep_ret=-1.242 stop_prob=0.000 score_chg=5.6400
[DEBUG] train_step 14400: starting episode collection
[DEBUG] train_step 14400: episodes collected, starting value_update
[DEBUG] train_step 14400: value_update done, starting policy_update
[DEBUG] train_step 14400: policy_update done
[step 14450] value_loss=5.464955 policy_loss=-0.423014
[step 14450] VALUE_DEBUG: target(mean=-5.51 std=8.04 min=-17.04 max=9.18) V(s)(mean=-5.90 std=8.21) reward(mean=0.128 std=4.314) clip=50.0
[DEBUG] train_step 14450: starting episode collection
[DEBUG] train_step 14450: episodes collected, starting value_update
[DEBUG] train_step 14450: value_update done, starting policy_update
[DEBUG] train_step 14450: policy_update done
[step 14500] value_loss=10.563758 policy_loss=-0.083665
[step 14500] VALUE_DEBUG: target(mean=-4.81 std=8.90 min=-20.40 max=9.69) V(s)(mean=-5.01 std=8.13) reward(mean=0.013 std=4.174) clip=50.0
[step 14500] eval_success_rate=0.480 eval_mean_score=14.720 eval_policy_mode=greedy [solved=24/50, score_range=9.00-16.00/16.0, initial=9.00]
[step 14500] PROGRESS: filled=14.72 violations=0.00 zero_cand=0.00
[step 14500] DEBUG: ep_len=11.5 ep_ret=-0.861 stop_prob=0.000 score_chg=5.7750
[DEBUG] train_step 14500: starting episode collection
[DEBUG] train_step 14500: episodes collected, starting value_update
[DEBUG] train_step 14500: value_update done, starting policy_update
[DEBUG] train_step 14500: policy_update done
[step 14550] value_loss=5.216468 policy_loss=-0.266207
[step 14550] VALUE_DEBUG: target(mean=-5.32 std=8.91 min=-18.28 max=10.24) V(s)(mean=-5.55 std=8.15) reward(mean=0.501 std=2.839) clip=50.0
[DEBUG] train_step 14550: starting episode collection
[DEBUG] train_step 14550: episodes collected, starting value_update
[DEBUG] train_step 14550: value_update done, starting policy_update
[DEBUG] train_step 14550: policy_update done
[step 14600] value_loss=4.484654 policy_loss=-0.054606
[step 14600] VALUE_DEBUG: target(mean=-4.25 std=9.54 min=-17.23 max=10.28) V(s)(mean=-4.32 std=8.56) reward(mean=-0.247 std=5.434) clip=50.0
[step 14600] eval_success_rate=0.420 eval_mean_score=14.600 eval_policy_mode=greedy [solved=21/50, score_range=9.00-16.00/16.0, initial=9.00]
[step 14600] PROGRESS: filled=14.60 violations=0.00 zero_cand=0.00
[step 14600] DEBUG: ep_len=11.4 ep_ret=-0.229 stop_prob=0.000 score_chg=6.0350
[DEBUG] train_step 14600: starting episode collection
[DEBUG] train_step 14600: episodes collected, starting value_update
[DEBUG] train_step 14600: value_update done, starting policy_update
[DEBUG] train_step 14600: policy_update done
[step 14650] value_loss=21.759686 policy_loss=-0.221305
[step 14650] VALUE_DEBUG: target(mean=-4.32 std=7.53 min=-16.14 max=9.08) V(s)(mean=-3.27 std=6.89) reward(mean=-1.552 std=4.889) clip=50.0
[DEBUG] train_step 14650: starting episode collection
[DEBUG] train_step 14650: episodes collected, starting value_update
[DEBUG] train_step 14650: value_update done, starting policy_update
[DEBUG] train_step 14650: policy_update done
[step 14700] value_loss=4.674510 policy_loss=-0.515657
[step 14700] VALUE_DEBUG: target(mean=-3.90 std=8.52 min=-19.10 max=11.62) V(s)(mean=-3.79 std=8.15) reward(mean=0.318 std=2.750) clip=50.0
[step 14700] eval_success_rate=0.460 eval_mean_score=14.660 eval_policy_mode=greedy [solved=23/50, score_range=9.00-16.00/16.0, initial=9.00]
[step 14700] PROGRESS: filled=14.66 violations=0.00 zero_cand=0.00
[step 14700] DEBUG: ep_len=11.5 ep_ret=-0.941 stop_prob=0.000 score_chg=5.9050
[DEBUG] train_step 14700: starting episode collection
[DEBUG] train_step 14700: episodes collected, starting value_update
[DEBUG] train_step 14700: value_update done, starting policy_update
[DEBUG] train_step 14700: policy_update done
[step 14750] value_loss=1.623069 policy_loss=-0.309924
[step 14750] VALUE_DEBUG: target(mean=-4.87 std=8.38 min=-19.09 max=11.56) V(s)(mean=-5.03 std=8.18) reward(mean=0.661 std=1.930) clip=50.0
[DEBUG] train_step 14750: starting episode collection
[DEBUG] train_step 14750: episodes collected, starting value_update
[DEBUG] train_step 14750: value_update done, starting policy_update
[DEBUG] train_step 14750: policy_update done
[step 14800] value_loss=2.688663 policy_loss=0.153747
[step 14800] VALUE_DEBUG: target(mean=-5.88 std=9.22 min=-21.58 max=8.91) V(s)(mean=-5.81 std=8.87) reward(mean=0.535 std=1.953) clip=50.0
[step 14800] eval_success_rate=0.400 eval_mean_score=14.780 eval_policy_mode=greedy [solved=20/50, score_range=10.00-16.00/16.0, initial=9.00]
[step 14800] PROGRESS: filled=14.78 violations=0.00 zero_cand=0.00
[step 14800] DEBUG: ep_len=11.4 ep_ret=-0.752 stop_prob=0.000 score_chg=5.8475
[DEBUG] train_step 14800: starting episode collection
[DEBUG] train_step 14800: episodes collected, starting value_update
[DEBUG] train_step 14800: value_update done, starting policy_update
[DEBUG] train_step 14800: policy_update done
[step 14850] value_loss=6.494346 policy_loss=-0.258463
[step 14850] VALUE_DEBUG: target(mean=-1.81 std=7.50 min=-16.21 max=8.77) V(s)(mean=-1.29 std=6.84) reward(mean=0.133 std=3.307) clip=50.0
[DEBUG] train_step 14850: starting episode collection
[DEBUG] train_step 14850: episodes collected, starting value_update
[DEBUG] train_step 14850: value_update done, starting policy_update
[DEBUG] train_step 14850: policy_update done
[step 14900] value_loss=2.824167 policy_loss=0.532593
[step 14900] VALUE_DEBUG: target(mean=-6.09 std=8.08 min=-17.10 max=6.75) V(s)(mean=-5.82 std=8.29) reward(mean=-0.399 std=3.962) clip=50.0
[step 14900] eval_success_rate=0.460 eval_mean_score=14.640 eval_policy_mode=greedy [solved=23/50, score_range=9.00-16.00/16.0, initial=9.00]
[step 14900] PROGRESS: filled=14.64 violations=0.00 zero_cand=0.00
[step 14900] DEBUG: ep_len=11.3 ep_ret=0.365 stop_prob=0.000 score_chg=6.1175
[DEBUG] train_step 14900: starting episode collection
[DEBUG] train_step 14900: episodes collected, starting value_update
[DEBUG] train_step 14900: value_update done, starting policy_update
[DEBUG] train_step 14900: policy_update done
[step 14950] value_loss=2.896490 policy_loss=0.763280
[step 14950] VALUE_DEBUG: target(mean=-2.99 std=9.15 min=-16.62 max=9.44) V(s)(mean=-3.63 std=8.83) reward(mean=-0.751 std=5.484) clip=50.0
[DEBUG] train_step 14950: starting episode collection
[DEBUG] train_step 14950: episodes collected, starting value_update
[DEBUG] train_step 14950: value_update done, starting policy_update
[DEBUG] train_step 14950: policy_update done
[step 15000] value_loss=9.275911 policy_loss=-0.699017
[step 15000] VALUE_DEBUG: target(mean=-6.01 std=9.00 min=-20.88 max=6.84) V(s)(mean=-5.35 std=8.25) reward(mean=-0.343 std=3.746) clip=50.0
[step 15000] eval_success_rate=0.460 eval_mean_score=14.680 eval_policy_mode=greedy [solved=23/50, score_range=10.00-16.00/16.0, initial=9.00]
[step 15000] PROGRESS: filled=14.68 violations=0.00 zero_cand=0.00
[step 15000] DEBUG: ep_len=10.9 ep_ret=0.743 stop_prob=0.000 score_chg=5.9775
[Checkpoint] Saved to buiksat_trm/checkpoints/table3_hard_6to8_controlled_nomask_nc_r10_s2/rl_checkpoint_step_15000.pt
[DEBUG] train_step 15000: starting episode collection
[DEBUG] train_step 15000: episodes collected, starting value_update
[DEBUG] train_step 15000: value_update done, starting policy_update
[DEBUG] train_step 15000: policy_update done
[step 15050] value_loss=1.500212 policy_loss=0.072202
[step 15050] VALUE_DEBUG: target(mean=-4.21 std=9.02 min=-16.86 max=7.28) V(s)(mean=-4.47 std=8.57) reward(mean=0.948 std=2.002) clip=50.0
[DEBUG] train_step 15050: starting episode collection
[DEBUG] train_step 15050: episodes collected, starting value_update
[DEBUG] train_step 15050: value_update done, starting policy_update
[DEBUG] train_step 15050: policy_update done
[step 15100] value_loss=1.836362 policy_loss=-0.302228
[step 15100] VALUE_DEBUG: target(mean=-3.49 std=8.98 min=-17.68 max=8.38) V(s)(mean=-3.38 std=8.45) reward(mean=-0.503 std=4.284) clip=50.0
[step 15100] eval_success_rate=0.500 eval_mean_score=14.540 eval_policy_mode=greedy [solved=25/50, score_range=9.00-16.00/16.0, initial=9.00]
[step 15100] PROGRESS: filled=14.54 violations=0.00 zero_cand=0.00
[step 15100] DEBUG: ep_len=11.3 ep_ret=0.099 stop_prob=0.000 score_chg=6.0950
[DEBUG] train_step 15100: starting episode collection
[DEBUG] train_step 15100: episodes collected, starting value_update
[DEBUG] train_step 15100: value_update done, starting policy_update
[DEBUG] train_step 15100: policy_update done
[step 15150] value_loss=2.043384 policy_loss=-0.193002
[step 15150] VALUE_DEBUG: target(mean=-5.33 std=8.39 min=-16.52 max=5.64) V(s)(mean=-5.00 std=8.13) reward(mean=-0.837 std=4.275) clip=50.0
[DEBUG] train_step 15150: starting episode collection
[DEBUG] train_step 15150: episodes collected, starting value_update
[DEBUG] train_step 15150: value_update done, starting policy_update
[DEBUG] train_step 15150: policy_update done
[step 15200] value_loss=4.127331 policy_loss=0.021544
[step 15200] VALUE_DEBUG: target(mean=-4.17 std=9.23 min=-19.18 max=13.27) V(s)(mean=-4.62 std=8.49) reward(mean=0.720 std=2.586) clip=50.0
[step 15200] eval_success_rate=0.520 eval_mean_score=14.880 eval_policy_mode=greedy [solved=26/50, score_range=11.00-16.00/16.0, initial=9.00]
[step 15200] PROGRESS: filled=14.88 violations=0.00 zero_cand=0.00
[step 15200] DEBUG: ep_len=10.7 ep_ret=0.834 stop_prob=0.000 score_chg=6.0325
[DEBUG] train_step 15200: starting episode collection
[DEBUG] train_step 15200: episodes collected, starting value_update
[DEBUG] train_step 15200: value_update done, starting policy_update
[DEBUG] train_step 15200: policy_update done
[step 15250] value_loss=24.668716 policy_loss=0.750249
[step 15250] VALUE_DEBUG: target(mean=-4.46 std=8.75 min=-17.64 max=13.20) V(s)(mean=-5.24 std=8.71) reward(mean=0.417 std=4.123) clip=50.0
[DEBUG] train_step 15250: starting episode collection
[DEBUG] train_step 15250: episodes collected, starting value_update
[DEBUG] train_step 15250: value_update done, starting policy_update
[DEBUG] train_step 15250: policy_update done
[step 15300] value_loss=4.152401 policy_loss=0.458660
[step 15300] VALUE_DEBUG: target(mean=-1.67 std=8.22 min=-22.24 max=9.96) V(s)(mean=-1.86 std=7.39) reward(mean=0.572 std=2.461) clip=50.0
[step 15300] eval_success_rate=0.540 eval_mean_score=14.460 eval_policy_mode=greedy [solved=27/50, score_range=9.00-16.00/16.0, initial=9.00]
[step 15300] PROGRESS: filled=14.46 violations=0.00 zero_cand=0.00
[step 15300] DEBUG: ep_len=11.1 ep_ret=0.114 stop_prob=0.000 score_chg=6.1100
[DEBUG] train_step 15300: starting episode collection
[DEBUG] train_step 15300: episodes collected, starting value_update
[DEBUG] train_step 15300: value_update done, starting policy_update
[DEBUG] train_step 15300: policy_update done
[step 15350] value_loss=6.101513 policy_loss=0.079385
[step 15350] VALUE_DEBUG: target(mean=-4.11 std=7.83 min=-21.70 max=6.96) V(s)(mean=-4.14 std=7.69) reward(mean=0.752 std=3.115) clip=50.0
[DEBUG] train_step 15350: starting episode collection
[DEBUG] train_step 15350: episodes collected, starting value_update
[DEBUG] train_step 15350: value_update done, starting policy_update
[DEBUG] train_step 15350: policy_update done
[step 15400] value_loss=2.807617 policy_loss=-1.374438
[step 15400] VALUE_DEBUG: target(mean=-2.65 std=7.97 min=-21.09 max=5.23) V(s)(mean=-1.93 std=7.17) reward(mean=-0.970 std=4.949) clip=50.0
[step 15400] eval_success_rate=0.520 eval_mean_score=14.480 eval_policy_mode=greedy [solved=26/50, score_range=9.00-16.00/16.0, initial=9.00]
[step 15400] PROGRESS: filled=14.48 violations=0.00 zero_cand=0.00
[step 15400] DEBUG: ep_len=11.1 ep_ret=0.583 stop_prob=0.000 score_chg=6.1525
[DEBUG] train_step 15400: starting episode collection
[DEBUG] train_step 15400: episodes collected, starting value_update
[DEBUG] train_step 15400: value_update done, starting policy_update
[DEBUG] train_step 15400: policy_update done
[step 15450] value_loss=3.428298 policy_loss=0.478304
[step 15450] VALUE_DEBUG: target(mean=-4.61 std=7.82 min=-17.15 max=6.77) V(s)(mean=-5.11 std=7.94) reward(mean=0.505 std=3.925) clip=50.0
[DEBUG] train_step 15450: starting episode collection
[DEBUG] train_step 15450: episodes collected, starting value_update
[DEBUG] train_step 15450: value_update done, starting policy_update
[DEBUG] train_step 15450: policy_update done
[step 15500] value_loss=9.655897 policy_loss=-1.018405
[step 15500] VALUE_DEBUG: target(mean=-6.37 std=8.07 min=-18.12 max=4.80) V(s)(mean=-7.14 std=8.21) reward(mean=0.679 std=1.100) clip=50.0
[step 15500] eval_success_rate=0.580 eval_mean_score=14.720 eval_policy_mode=greedy [solved=29/50, score_range=10.00-16.00/16.0, initial=9.00]
[step 15500] PROGRESS: filled=14.72 violations=0.00 zero_cand=0.00
[step 15500] DEBUG: ep_len=11.3 ep_ret=-0.485 stop_prob=0.000 score_chg=5.7775
[DEBUG] train_step 15500: starting episode collection
[DEBUG] train_step 15500: episodes collected, starting value_update
[DEBUG] train_step 15500: value_update done, starting policy_update
[DEBUG] train_step 15500: policy_update done
[step 15550] value_loss=7.852464 policy_loss=0.003900
[step 15550] VALUE_DEBUG: target(mean=-4.74 std=8.57 min=-18.78 max=11.87) V(s)(mean=-5.08 std=8.25) reward(mean=-0.125 std=3.684) clip=50.0
[DEBUG] train_step 15550: starting episode collection
[DEBUG] train_step 15550: episodes collected, starting value_update
[DEBUG] train_step 15550: value_update done, starting policy_update
[DEBUG] train_step 15550: policy_update done
[step 15600] value_loss=6.403497 policy_loss=0.783083
[step 15600] VALUE_DEBUG: target(mean=-7.50 std=9.05 min=-24.32 max=6.37) V(s)(mean=-7.61 std=8.58) reward(mean=-0.144 std=2.733) clip=50.0
[step 15600] eval_success_rate=0.520 eval_mean_score=14.540 eval_policy_mode=greedy [solved=26/50, score_range=10.00-16.00/16.0, initial=9.00]
[step 15600] PROGRESS: filled=14.54 violations=0.00 zero_cand=0.00
[step 15600] DEBUG: ep_len=11.1 ep_ret=0.635 stop_prob=0.000 score_chg=6.1625
[DEBUG] train_step 15600: starting episode collection
[DEBUG] train_step 15600: episodes collected, starting value_update
[DEBUG] train_step 15600: value_update done, starting policy_update
[DEBUG] train_step 15600: policy_update done
[step 15650] value_loss=6.075889 policy_loss=-0.121402
[step 15650] VALUE_DEBUG: target(mean=-1.26 std=8.50 min=-16.95 max=13.96) V(s)(mean=-1.78 std=7.64) reward(mean=1.130 std=3.439) clip=50.0
[DEBUG] train_step 15650: starting episode collection
[DEBUG] train_step 15650: episodes collected, starting value_update
[DEBUG] train_step 15650: value_update done, starting policy_update
[DEBUG] train_step 15650: policy_update done
[step 15700] value_loss=5.819952 policy_loss=-0.214263
[step 15700] VALUE_DEBUG: target(mean=-6.71 std=8.77 min=-17.28 max=7.56) V(s)(mean=-6.94 std=8.58) reward(mean=-2.002 std=6.603) clip=50.0
[step 15700] eval_success_rate=0.520 eval_mean_score=14.680 eval_policy_mode=greedy [solved=26/50, score_range=10.00-16.00/16.0, initial=9.00]
[step 15700] PROGRESS: filled=14.68 violations=0.00 zero_cand=0.00
[step 15700] DEBUG: ep_len=11.3 ep_ret=-0.029 stop_prob=0.000 score_chg=6.0225
[DEBUG] train_step 15700: starting episode collection
[DEBUG] train_step 15700: episodes collected, starting value_update
[DEBUG] train_step 15700: value_update done, starting policy_update
[DEBUG] train_step 15700: policy_update done
[step 15750] value_loss=1.154454 policy_loss=0.548847
[step 15750] VALUE_DEBUG: target(mean=-3.19 std=8.60 min=-21.08 max=6.92) V(s)(mean=-3.11 std=8.37) reward(mean=-0.436 std=4.857) clip=50.0
[DEBUG] train_step 15750: starting episode collection
[DEBUG] train_step 15750: episodes collected, starting value_update
[DEBUG] train_step 15750: value_update done, starting policy_update
[DEBUG] train_step 15750: policy_update done
[step 15800] value_loss=2.351084 policy_loss=-0.946998
[step 15800] VALUE_DEBUG: target(mean=-5.11 std=8.65 min=-18.31 max=9.81) V(s)(mean=-5.21 std=8.32) reward(mean=-0.005 std=3.795) clip=50.0
[step 15800] eval_success_rate=0.520 eval_mean_score=14.580 eval_policy_mode=greedy [solved=26/50, score_range=10.00-16.00/16.0, initial=9.00]
[step 15800] PROGRESS: filled=14.58 violations=0.00 zero_cand=0.00
[step 15800] DEBUG: ep_len=11.4 ep_ret=-0.021 stop_prob=0.000 score_chg=6.0075
[DEBUG] train_step 15800: starting episode collection
[DEBUG] train_step 15800: episodes collected, starting value_update
[DEBUG] train_step 15800: value_update done, starting policy_update
[DEBUG] train_step 15800: policy_update done
[step 15850] value_loss=9.008764 policy_loss=-0.647072
[step 15850] VALUE_DEBUG: target(mean=-7.76 std=9.06 min=-25.50 max=6.98) V(s)(mean=-7.62 std=8.13) reward(mean=-0.401 std=3.360) clip=50.0
[DEBUG] train_step 15850: starting episode collection
[DEBUG] train_step 15850: episodes collected, starting value_update
[DEBUG] train_step 15850: value_update done, starting policy_update
[DEBUG] train_step 15850: policy_update done
[step 15900] value_loss=1.974334 policy_loss=-0.314572
[step 15900] VALUE_DEBUG: target(mean=-8.19 std=9.23 min=-20.97 max=8.25) V(s)(mean=-8.18 std=8.95) reward(mean=-0.991 std=4.400) clip=50.0
[step 15900] eval_success_rate=0.600 eval_mean_score=14.740 eval_policy_mode=greedy [solved=30/50, score_range=10.00-16.00/16.0, initial=9.00]
[step 15900] PROGRESS: filled=14.74 violations=0.00 zero_cand=0.00
[step 15900] DEBUG: ep_len=11.3 ep_ret=0.248 stop_prob=0.000 score_chg=6.0550
[DEBUG] train_step 15900: starting episode collection
[DEBUG] train_step 15900: episodes collected, starting value_update
[DEBUG] train_step 15900: value_update done, starting policy_update
[DEBUG] train_step 15900: policy_update done
[step 15950] value_loss=2.252742 policy_loss=-0.109049
[step 15950] VALUE_DEBUG: target(mean=-6.56 std=9.25 min=-18.50 max=9.20) V(s)(mean=-6.55 std=8.92) reward(mean=0.193 std=2.100) clip=50.0
[DEBUG] train_step 15950: starting episode collection
[DEBUG] train_step 15950: episodes collected, starting value_update
[DEBUG] train_step 15950: value_update done, starting policy_update
[DEBUG] train_step 15950: policy_update done
[step 16000] value_loss=6.386828 policy_loss=-0.506101
[step 16000] VALUE_DEBUG: target(mean=-4.10 std=8.72 min=-18.77 max=5.57) V(s)(mean=-4.14 std=8.11) reward(mean=0.347 std=2.897) clip=50.0
[step 16000] eval_success_rate=0.600 eval_mean_score=14.800 eval_policy_mode=greedy [solved=30/50, score_range=10.00-16.00/16.0, initial=9.00]
[step 16000] PROGRESS: filled=14.80 violations=0.00 zero_cand=0.00
[step 16000] DEBUG: ep_len=10.8 ep_ret=1.572 stop_prob=0.000 score_chg=6.1225
[Checkpoint] Saved to buiksat_trm/checkpoints/table3_hard_6to8_controlled_nomask_nc_r10_s2/rl_checkpoint_step_16000.pt
[DEBUG] train_step 16000: starting episode collection
[DEBUG] train_step 16000: episodes collected, starting value_update
[DEBUG] train_step 16000: value_update done, starting policy_update
[DEBUG] train_step 16000: policy_update done
[step 16050] value_loss=5.645541 policy_loss=-1.168646
[step 16050] VALUE_DEBUG: target(mean=-3.25 std=8.15 min=-16.84 max=5.72) V(s)(mean=-2.49 std=8.57) reward(mean=-0.957 std=3.871) clip=50.0
[DEBUG] train_step 16050: starting episode collection
[DEBUG] train_step 16050: episodes collected, starting value_update
[DEBUG] train_step 16050: value_update done, starting policy_update
[DEBUG] train_step 16050: policy_update done
[step 16100] value_loss=3.929457 policy_loss=-0.575551
[step 16100] VALUE_DEBUG: target(mean=-4.38 std=8.37 min=-17.61 max=8.72) V(s)(mean=-4.28 std=7.97) reward(mean=0.099 std=2.676) clip=50.0
[step 16100] eval_success_rate=0.640 eval_mean_score=15.000 eval_policy_mode=greedy [solved=32/50, score_range=10.00-16.00/16.0, initial=9.00]
[step 16100] PROGRESS: filled=15.00 violations=0.00 zero_cand=0.00
[step 16100] DEBUG: ep_len=11.3 ep_ret=0.432 stop_prob=0.000 score_chg=5.9375
[DEBUG] train_step 16100: starting episode collection
[DEBUG] train_step 16100: episodes collected, starting value_update
[DEBUG] train_step 16100: value_update done, starting policy_update
[DEBUG] train_step 16100: policy_update done
[step 16150] value_loss=3.707481 policy_loss=-0.232432
[step 16150] VALUE_DEBUG: target(mean=-7.82 std=8.90 min=-21.08 max=5.08) V(s)(mean=-7.27 std=8.49) reward(mean=-1.652 std=5.542) clip=50.0
[DEBUG] train_step 16150: starting episode collection
[DEBUG] train_step 16150: episodes collected, starting value_update
[DEBUG] train_step 16150: value_update done, starting policy_update
[DEBUG] train_step 16150: policy_update done
[step 16200] value_loss=7.865621 policy_loss=-0.770550
[step 16200] VALUE_DEBUG: target(mean=-4.49 std=8.45 min=-17.77 max=10.12) V(s)(mean=-4.56 std=8.51) reward(mean=0.193 std=2.565) clip=50.0
[step 16200] eval_success_rate=0.580 eval_mean_score=14.920 eval_policy_mode=greedy [solved=29/50, score_range=10.00-16.00/16.0, initial=9.00]
[step 16200] PROGRESS: filled=14.92 violations=0.00 zero_cand=0.00
[step 16200] DEBUG: ep_len=11.1 ep_ret=1.293 stop_prob=0.000 score_chg=6.0525
[DEBUG] train_step 16200: starting episode collection
[DEBUG] train_step 16200: episodes collected, starting value_update
[DEBUG] train_step 16200: value_update done, starting policy_update
[DEBUG] train_step 16200: policy_update done
[step 16250] value_loss=8.925891 policy_loss=0.094651
[step 16250] VALUE_DEBUG: target(mean=-1.42 std=9.17 min=-23.57 max=10.85) V(s)(mean=-2.03 std=8.50) reward(mean=1.254 std=3.393) clip=50.0
[DEBUG] train_step 16250: starting episode collection
[DEBUG] train_step 16250: episodes collected, starting value_update
[DEBUG] train_step 16250: value_update done, starting policy_update
[DEBUG] train_step 16250: policy_update done
[step 16300] value_loss=0.931898 policy_loss=-0.377441
[step 16300] VALUE_DEBUG: target(mean=-6.14 std=8.86 min=-17.45 max=7.43) V(s)(mean=-5.96 std=8.89) reward(mean=-0.587 std=3.452) clip=50.0
[step 16300] eval_success_rate=0.540 eval_mean_score=14.740 eval_policy_mode=greedy [solved=27/50, score_range=10.00-16.00/16.0, initial=9.00]
[step 16300] PROGRESS: filled=14.74 violations=0.00 zero_cand=0.00
[step 16300] DEBUG: ep_len=11.2 ep_ret=0.783 stop_prob=0.000 score_chg=5.9150
[DEBUG] train_step 16300: starting episode collection
[DEBUG] train_step 16300: episodes collected, starting value_update
[DEBUG] train_step 16300: value_update done, starting policy_update
[DEBUG] train_step 16300: policy_update done
[step 16350] value_loss=9.200850 policy_loss=1.019669
[step 16350] VALUE_DEBUG: target(mean=-4.05 std=9.91 min=-24.37 max=13.29) V(s)(mean=-4.42 std=8.64) reward(mean=-0.342 std=5.310) clip=50.0
[DEBUG] train_step 16350: starting episode collection
[DEBUG] train_step 16350: episodes collected, starting value_update
[DEBUG] train_step 16350: value_update done, starting policy_update
[DEBUG] train_step 16350: policy_update done
[step 16400] value_loss=4.269689 policy_loss=0.095714
[step 16400] VALUE_DEBUG: target(mean=-5.37 std=7.97 min=-17.34 max=9.49) V(s)(mean=-5.25 std=8.11) reward(mean=-0.053 std=2.478) clip=50.0
[step 16400] eval_success_rate=0.660 eval_mean_score=14.960 eval_policy_mode=greedy [solved=33/50, score_range=10.00-16.00/16.0, initial=9.00]
[step 16400] PROGRESS: filled=14.96 violations=0.00 zero_cand=0.00
[step 16400] DEBUG: ep_len=10.9 ep_ret=0.947 stop_prob=0.000 score_chg=6.0800
[DEBUG] train_step 16400: starting episode collection
[DEBUG] train_step 16400: episodes collected, starting value_update
[DEBUG] train_step 16400: value_update done, starting policy_update
[DEBUG] train_step 16400: policy_update done
[step 16450] value_loss=4.776538 policy_loss=-0.457911
[step 16450] VALUE_DEBUG: target(mean=-4.96 std=9.21 min=-20.64 max=10.87) V(s)(mean=-5.05 std=8.15) reward(mean=0.631 std=3.021) clip=50.0
[DEBUG] train_step 16450: starting episode collection
[DEBUG] train_step 16450: episodes collected, starting value_update
[DEBUG] train_step 16450: value_update done, starting policy_update
[DEBUG] train_step 16450: policy_update done
[step 16500] value_loss=2.240093 policy_loss=-1.012186
[step 16500] VALUE_DEBUG: target(mean=-4.03 std=8.26 min=-17.95 max=9.07) V(s)(mean=-4.36 std=8.12) reward(mean=0.945 std=2.776) clip=50.0
[step 16500] eval_success_rate=0.660 eval_mean_score=14.780 eval_policy_mode=greedy [solved=33/50, score_range=10.00-16.00/16.0, initial=9.00]
[step 16500] PROGRESS: filled=14.78 violations=0.00 zero_cand=0.00
[step 16500] DEBUG: ep_len=10.9 ep_ret=0.888 stop_prob=0.000 score_chg=5.8725
[DEBUG] train_step 16500: starting episode collection
[DEBUG] train_step 16500: episodes collected, starting value_update
[DEBUG] train_step 16500: value_update done, starting policy_update
[DEBUG] train_step 16500: policy_update done
[step 16550] value_loss=9.604347 policy_loss=-0.150352
[step 16550] VALUE_DEBUG: target(mean=-2.91 std=8.37 min=-17.45 max=13.76) V(s)(mean=-2.66 std=8.31) reward(mean=0.716 std=2.887) clip=50.0
[DEBUG] train_step 16550: starting episode collection
[DEBUG] train_step 16550: episodes collected, starting value_update
[DEBUG] train_step 16550: value_update done, starting policy_update
[DEBUG] train_step 16550: policy_update done
[step 16600] value_loss=2.528136 policy_loss=0.867920
[step 16600] VALUE_DEBUG: target(mean=-3.92 std=9.44 min=-20.81 max=11.77) V(s)(mean=-4.15 std=8.82) reward(mean=0.253 std=3.780) clip=50.0
[step 16600] eval_success_rate=0.560 eval_mean_score=14.800 eval_policy_mode=greedy [solved=28/50, score_range=10.00-16.00/16.0, initial=9.00]
[step 16600] PROGRESS: filled=14.80 violations=0.00 zero_cand=0.00
[step 16600] DEBUG: ep_len=10.8 ep_ret=1.742 stop_prob=0.000 score_chg=6.0600
[DEBUG] train_step 16600: starting episode collection
[DEBUG] train_step 16600: episodes collected, starting value_update
[DEBUG] train_step 16600: value_update done, starting policy_update
[DEBUG] train_step 16600: policy_update done
[step 16650] value_loss=1.698949 policy_loss=0.117480
[step 16650] VALUE_DEBUG: target(mean=-1.52 std=8.04 min=-17.17 max=7.73) V(s)(mean=-1.74 std=8.15) reward(mean=0.784 std=1.743) clip=50.0
[DEBUG] train_step 16650: starting episode collection
[DEBUG] train_step 16650: episodes collected, starting value_update
[DEBUG] train_step 16650: value_update done, starting policy_update
[DEBUG] train_step 16650: policy_update done
[step 16700] value_loss=2.379710 policy_loss=0.290917
[step 16700] VALUE_DEBUG: target(mean=-1.85 std=7.94 min=-16.45 max=8.69) V(s)(mean=-2.45 std=8.01) reward(mean=-0.243 std=3.627) clip=50.0
[step 16700] eval_success_rate=0.560 eval_mean_score=14.720 eval_policy_mode=greedy [solved=28/50, score_range=9.00-16.00/16.0, initial=9.00]
[step 16700] PROGRESS: filled=14.72 violations=0.00 zero_cand=0.00
[step 16700] DEBUG: ep_len=10.7 ep_ret=1.800 stop_prob=0.000 score_chg=6.1225
[DEBUG] train_step 16700: starting episode collection
[DEBUG] train_step 16700: episodes collected, starting value_update
[DEBUG] train_step 16700: value_update done, starting policy_update
[DEBUG] train_step 16700: policy_update done
[step 16750] value_loss=1.070678 policy_loss=-0.273025
[step 16750] VALUE_DEBUG: target(mean=-4.11 std=8.67 min=-17.43 max=9.25) V(s)(mean=-3.90 std=8.45) reward(mean=0.719 std=1.696) clip=50.0
[DEBUG] train_step 16750: starting episode collection
[DEBUG] train_step 16750: episodes collected, starting value_update
[DEBUG] train_step 16750: value_update done, starting policy_update
[DEBUG] train_step 16750: policy_update done
[step 16800] value_loss=2.911895 policy_loss=0.014134
[step 16800] VALUE_DEBUG: target(mean=-4.97 std=8.57 min=-22.07 max=6.52) V(s)(mean=-4.84 std=8.60) reward(mean=0.999 std=2.919) clip=50.0
[step 16800] eval_success_rate=0.600 eval_mean_score=14.780 eval_policy_mode=greedy [solved=30/50, score_range=9.00-16.00/16.0, initial=9.00]
[step 16800] PROGRESS: filled=14.78 violations=0.00 zero_cand=0.00
[step 16800] DEBUG: ep_len=10.8 ep_ret=0.871 stop_prob=0.000 score_chg=5.7675
[DEBUG] train_step 16800: starting episode collection
[DEBUG] train_step 16800: episodes collected, starting value_update
[DEBUG] train_step 16800: value_update done, starting policy_update
[DEBUG] train_step 16800: policy_update done
[step 16850] value_loss=2.315312 policy_loss=-0.056056
[step 16850] VALUE_DEBUG: target(mean=-3.08 std=8.38 min=-17.67 max=7.83) V(s)(mean=-3.02 std=8.05) reward(mean=0.856 std=2.475) clip=50.0
[DEBUG] train_step 16850: starting episode collection
[DEBUG] train_step 16850: episodes collected, starting value_update
[DEBUG] train_step 16850: value_update done, starting policy_update
[DEBUG] train_step 16850: policy_update done
[step 16900] value_loss=2.425734 policy_loss=0.300190
[step 16900] VALUE_DEBUG: target(mean=-0.01 std=6.83 min=-12.57 max=8.89) V(s)(mean=-0.35 std=6.88) reward(mean=1.003 std=2.180) clip=50.0
[step 16900] eval_success_rate=0.600 eval_mean_score=14.860 eval_policy_mode=greedy [solved=30/50, score_range=9.00-16.00/16.0, initial=9.00]
[step 16900] PROGRESS: filled=14.86 violations=0.00 zero_cand=0.00
[step 16900] DEBUG: ep_len=10.7 ep_ret=1.576 stop_prob=0.000 score_chg=6.0150
[DEBUG] train_step 16900: starting episode collection
[DEBUG] train_step 16900: episodes collected, starting value_update
[DEBUG] train_step 16900: value_update done, starting policy_update
[DEBUG] train_step 16900: policy_update done
[step 16950] value_loss=6.823220 policy_loss=-0.331649
[step 16950] VALUE_DEBUG: target(mean=-4.09 std=8.80 min=-16.89 max=8.68) V(s)(mean=-3.79 std=8.42) reward(mean=0.098 std=4.046) clip=50.0
[DEBUG] train_step 16950: starting episode collection
[DEBUG] train_step 16950: episodes collected, starting value_update
[DEBUG] train_step 16950: value_update done, starting policy_update
[DEBUG] train_step 16950: policy_update done
[step 17000] value_loss=6.400675 policy_loss=-0.635996
[step 17000] VALUE_DEBUG: target(mean=-1.91 std=7.65 min=-16.14 max=7.74) V(s)(mean=-2.17 std=7.78) reward(mean=-0.317 std=4.113) clip=50.0
[step 17000] eval_success_rate=0.540 eval_mean_score=14.740 eval_policy_mode=greedy [solved=27/50, score_range=9.00-16.00/16.0, initial=9.00]
[step 17000] PROGRESS: filled=14.74 violations=0.00 zero_cand=0.00
[step 17000] DEBUG: ep_len=11.1 ep_ret=0.605 stop_prob=0.000 score_chg=5.8150
[Checkpoint] Saved to buiksat_trm/checkpoints/table3_hard_6to8_controlled_nomask_nc_r10_s2/rl_checkpoint_step_17000.pt
[DEBUG] train_step 17000: starting episode collection
[DEBUG] train_step 17000: episodes collected, starting value_update
[DEBUG] train_step 17000: value_update done, starting policy_update
[DEBUG] train_step 17000: policy_update done
[step 17050] value_loss=12.305750 policy_loss=0.063114
[step 17050] VALUE_DEBUG: target(mean=-2.17 std=9.65 min=-25.06 max=10.05) V(s)(mean=-2.01 std=8.24) reward(mean=-0.857 std=5.798) clip=50.0
[DEBUG] train_step 17050: starting episode collection
[DEBUG] train_step 17050: episodes collected, starting value_update
[DEBUG] train_step 17050: value_update done, starting policy_update
[DEBUG] train_step 17050: policy_update done
[step 17100] value_loss=3.995884 policy_loss=0.601518
[step 17100] VALUE_DEBUG: target(mean=-1.71 std=8.06 min=-17.00 max=9.41) V(s)(mean=-1.55 std=7.84) reward(mean=-0.918 std=4.728) clip=50.0
[step 17100] eval_success_rate=0.600 eval_mean_score=14.780 eval_policy_mode=greedy [solved=30/50, score_range=9.00-16.00/16.0, initial=9.00]
[step 17100] PROGRESS: filled=14.78 violations=0.00 zero_cand=0.00
[step 17100] DEBUG: ep_len=11.0 ep_ret=0.770 stop_prob=0.000 score_chg=5.9150
[DEBUG] train_step 17100: starting episode collection
[DEBUG] train_step 17100: episodes collected, starting value_update
[DEBUG] train_step 17100: value_update done, starting policy_update
[DEBUG] train_step 17100: policy_update done
[step 17150] value_loss=2.870780 policy_loss=-0.533951
[step 17150] VALUE_DEBUG: target(mean=-1.15 std=6.53 min=-15.20 max=9.13) V(s)(mean=-0.93 std=6.34) reward(mean=0.502 std=2.525) clip=50.0
[DEBUG] train_step 17150: starting episode collection
[DEBUG] train_step 17150: episodes collected, starting value_update
[DEBUG] train_step 17150: value_update done, starting policy_update
[DEBUG] train_step 17150: policy_update done
[step 17200] value_loss=3.253939 policy_loss=0.095258
[step 17200] VALUE_DEBUG: target(mean=-3.17 std=8.74 min=-19.97 max=9.15) V(s)(mean=-3.50 std=8.75) reward(mean=0.223 std=2.610) clip=50.0
[step 17200] eval_success_rate=0.580 eval_mean_score=14.620 eval_policy_mode=greedy [solved=29/50, score_range=9.00-16.00/16.0, initial=9.00]
[step 17200] PROGRESS: filled=14.62 violations=0.00 zero_cand=0.00
[step 17200] DEBUG: ep_len=11.5 ep_ret=-0.668 stop_prob=0.000 score_chg=5.6725
[DEBUG] train_step 17200: starting episode collection
[DEBUG] train_step 17200: episodes collected, starting value_update
[DEBUG] train_step 17200: value_update done, starting policy_update
[DEBUG] train_step 17200: policy_update done
[step 17250] value_loss=5.871572 policy_loss=-0.495456
[step 17250] VALUE_DEBUG: target(mean=-3.02 std=9.70 min=-21.12 max=13.33) V(s)(mean=-3.11 std=8.93) reward(mean=-0.140 std=4.210) clip=50.0
[DEBUG] train_step 17250: starting episode collection
[DEBUG] train_step 17250: episodes collected, starting value_update
[DEBUG] train_step 17250: value_update done, starting policy_update
[DEBUG] train_step 17250: policy_update done
[step 17300] value_loss=5.793999 policy_loss=0.618882
[step 17300] VALUE_DEBUG: target(mean=-1.18 std=7.95 min=-17.19 max=11.41) V(s)(mean=-1.69 std=7.94) reward(mean=0.970 std=2.256) clip=50.0
[step 17300] eval_success_rate=0.540 eval_mean_score=14.540 eval_policy_mode=greedy [solved=27/50, score_range=9.00-16.00/16.0, initial=9.00]
[step 17300] PROGRESS: filled=14.54 violations=0.00 zero_cand=0.00
[step 17300] DEBUG: ep_len=11.5 ep_ret=-0.459 stop_prob=0.000 score_chg=5.6750
[DEBUG] train_step 17300: starting episode collection
[DEBUG] train_step 17300: episodes collected, starting value_update
[DEBUG] train_step 17300: value_update done, starting policy_update
[DEBUG] train_step 17300: policy_update done
[step 17350] value_loss=4.203512 policy_loss=0.144075
[step 17350] VALUE_DEBUG: target(mean=-4.92 std=9.22 min=-19.98 max=11.78) V(s)(mean=-4.96 std=8.40) reward(mean=-0.404 std=5.855) clip=50.0
[DEBUG] train_step 17350: starting episode collection
[DEBUG] train_step 17350: episodes collected, starting value_update
[DEBUG] train_step 17350: value_update done, starting policy_update
[DEBUG] train_step 17350: policy_update done
[step 17400] value_loss=9.811039 policy_loss=-0.219293
[step 17400] VALUE_DEBUG: target(mean=-5.28 std=8.23 min=-17.36 max=5.40) V(s)(mean=-4.80 std=8.12) reward(mean=-0.596 std=4.110) clip=50.0
[step 17400] eval_success_rate=0.520 eval_mean_score=14.460 eval_policy_mode=greedy [solved=26/50, score_range=9.00-16.00/16.0, initial=9.00]
[step 17400] PROGRESS: filled=14.46 violations=0.00 zero_cand=0.00
[step 17400] DEBUG: ep_len=11.6 ep_ret=-0.712 stop_prob=0.000 score_chg=5.7975
[DEBUG] train_step 17400: starting episode collection
[DEBUG] train_step 17400: episodes collected, starting value_update
[DEBUG] train_step 17400: value_update done, starting policy_update
[DEBUG] train_step 17400: policy_update done
[step 17450] value_loss=3.150453 policy_loss=0.129199
[step 17450] VALUE_DEBUG: target(mean=-2.23 std=7.37 min=-17.09 max=6.99) V(s)(mean=-1.69 std=7.27) reward(mean=-0.392 std=2.393) clip=50.0
[DEBUG] train_step 17450: starting episode collection
[DEBUG] train_step 17450: episodes collected, starting value_update
[DEBUG] train_step 17450: value_update done, starting policy_update
[DEBUG] train_step 17450: policy_update done
[step 17500] value_loss=6.505306 policy_loss=0.526286
[step 17500] VALUE_DEBUG: target(mean=-2.34 std=8.74 min=-17.52 max=11.92) V(s)(mean=-2.09 std=8.16) reward(mean=-0.024 std=2.431) clip=50.0
[step 17500] eval_success_rate=0.520 eval_mean_score=14.580 eval_policy_mode=greedy [solved=26/50, score_range=9.00-16.00/16.0, initial=9.00]
[step 17500] PROGRESS: filled=14.58 violations=0.00 zero_cand=0.00
[step 17500] DEBUG: ep_len=11.4 ep_ret=-0.450 stop_prob=0.000 score_chg=5.7400
[DEBUG] train_step 17500: starting episode collection
[DEBUG] train_step 17500: episodes collected, starting value_update
[DEBUG] train_step 17500: value_update done, starting policy_update
[DEBUG] train_step 17500: policy_update done
[step 17550] value_loss=8.254067 policy_loss=1.284018
[step 17550] VALUE_DEBUG: target(mean=-2.19 std=9.54 min=-22.08 max=14.01) V(s)(mean=-2.00 std=8.51) reward(mean=-0.861 std=6.306) clip=50.0
[DEBUG] train_step 17550: starting episode collection
[DEBUG] train_step 17550: episodes collected, starting value_update
[DEBUG] train_step 17550: value_update done, starting policy_update
[DEBUG] train_step 17550: policy_update done
[step 17600] value_loss=3.317758 policy_loss=-0.109264
[step 17600] VALUE_DEBUG: target(mean=-3.42 std=8.47 min=-17.67 max=8.55) V(s)(mean=-3.62 std=8.14) reward(mean=0.287 std=2.483) clip=50.0
[step 17600] eval_success_rate=0.540 eval_mean_score=14.480 eval_policy_mode=greedy [solved=27/50, score_range=7.00-16.00/16.0, initial=9.00]
[step 17600] PROGRESS: filled=14.60 violations=0.06 zero_cand=0.00
[step 17600] DEBUG: ep_len=11.5 ep_ret=-0.359 stop_prob=0.000 score_chg=5.8800
[DEBUG] train_step 17600: starting episode collection
[DEBUG] train_step 17600: episodes collected, starting value_update
[DEBUG] train_step 17600: value_update done, starting policy_update
[DEBUG] train_step 17600: policy_update done
[step 17650] value_loss=2.683328 policy_loss=0.288078
[step 17650] VALUE_DEBUG: target(mean=-1.54 std=8.33 min=-17.60 max=6.71) V(s)(mean=-1.28 std=8.33) reward(mean=-0.675 std=3.310) clip=50.0
[DEBUG] train_step 17650: starting episode collection
[DEBUG] train_step 17650: episodes collected, starting value_update
[DEBUG] train_step 17650: value_update done, starting policy_update
[DEBUG] train_step 17650: policy_update done
[step 17700] value_loss=0.301887 policy_loss=0.606539
[step 17700] VALUE_DEBUG: target(mean=0.28 std=6.88 min=-17.60 max=7.76) V(s)(mean=0.44 std=6.88) reward(mean=0.287 std=1.950) clip=50.0
[step 17700] eval_success_rate=0.560 eval_mean_score=14.500 eval_policy_mode=greedy [solved=28/50, score_range=7.00-16.00/16.0, initial=9.00]
[step 17700] PROGRESS: filled=14.62 violations=0.06 zero_cand=0.00
[step 17700] DEBUG: ep_len=11.1 ep_ret=0.127 stop_prob=0.000 score_chg=5.8500
[DEBUG] train_step 17700: starting episode collection
[DEBUG] train_step 17700: episodes collected, starting value_update
[DEBUG] train_step 17700: value_update done, starting policy_update
[DEBUG] train_step 17700: policy_update done
[step 17750] value_loss=11.709251 policy_loss=-0.041076
[step 17750] VALUE_DEBUG: target(mean=-4.11 std=8.03 min=-17.56 max=4.81) V(s)(mean=-3.76 std=8.03) reward(mean=-0.956 std=3.918) clip=50.0
[DEBUG] train_step 17750: starting episode collection
[DEBUG] train_step 17750: episodes collected, starting value_update
[DEBUG] train_step 17750: value_update done, starting policy_update
[DEBUG] train_step 17750: policy_update done
[step 17800] value_loss=13.892700 policy_loss=0.314939
[step 17800] VALUE_DEBUG: target(mean=-5.15 std=9.26 min=-21.45 max=11.92) V(s)(mean=-4.77 std=8.73) reward(mean=-0.771 std=4.982) clip=50.0
[step 17800] eval_success_rate=0.580 eval_mean_score=14.580 eval_policy_mode=greedy [solved=29/50, score_range=7.00-16.00/16.0, initial=9.00]
[step 17800] PROGRESS: filled=14.70 violations=0.06 zero_cand=0.00
[step 17800] DEBUG: ep_len=11.1 ep_ret=0.796 stop_prob=0.000 score_chg=6.0050
[DEBUG] train_step 17800: starting episode collection
[DEBUG] train_step 17800: episodes collected, starting value_update
[DEBUG] train_step 17800: value_update done, starting policy_update
[DEBUG] train_step 17800: policy_update done
[step 17850] value_loss=1.101380 policy_loss=0.454260
[step 17850] VALUE_DEBUG: target(mean=-1.04 std=6.92 min=-16.42 max=8.99) V(s)(mean=-1.27 std=6.87) reward(mean=0.537 std=1.700) clip=50.0
[DEBUG] train_step 17850: starting episode collection
[DEBUG] train_step 17850: episodes collected, starting value_update
[DEBUG] train_step 17850: value_update done, starting policy_update
[DEBUG] train_step 17850: policy_update done
[step 17900] value_loss=7.035807 policy_loss=0.059743
[step 17900] VALUE_DEBUG: target(mean=-2.65 std=7.83 min=-17.48 max=6.04) V(s)(mean=-2.43 std=7.91) reward(mean=-0.308 std=3.957) clip=50.0
[step 17900] eval_success_rate=0.600 eval_mean_score=14.500 eval_policy_mode=greedy [solved=30/50, score_range=7.00-16.00/16.0, initial=9.00]
[step 17900] PROGRESS: filled=14.62 violations=0.06 zero_cand=0.00
[step 17900] DEBUG: ep_len=11.2 ep_ret=0.259 stop_prob=0.000 score_chg=5.8450
[DEBUG] train_step 17900: starting episode collection
[DEBUG] train_step 17900: episodes collected, starting value_update
[DEBUG] train_step 17900: value_update done, starting policy_update
[DEBUG] train_step 17900: policy_update done
[step 17950] value_loss=2.387573 policy_loss=0.097913
[step 17950] VALUE_DEBUG: target(mean=-2.37 std=8.35 min=-16.12 max=9.72) V(s)(mean=-2.48 std=8.22) reward(mean=-0.176 std=4.105) clip=50.0
[DEBUG] train_step 17950: starting episode collection
[DEBUG] train_step 17950: episodes collected, starting value_update
[DEBUG] train_step 17950: value_update done, starting policy_update
[DEBUG] train_step 17950: policy_update done
[step 18000] value_loss=1.563024 policy_loss=0.082206
[step 18000] VALUE_DEBUG: target(mean=-2.44 std=7.41 min=-17.53 max=7.46) V(s)(mean=-2.86 std=7.26) reward(mean=0.478 std=2.241) clip=50.0
[step 18000] eval_success_rate=0.580 eval_mean_score=14.600 eval_policy_mode=greedy [solved=29/50, score_range=7.00-16.00/16.0, initial=9.00]
[step 18000] PROGRESS: filled=14.72 violations=0.06 zero_cand=0.00
[step 18000] DEBUG: ep_len=11.2 ep_ret=0.039 stop_prob=0.000 score_chg=5.7350
[Checkpoint] Saved to buiksat_trm/checkpoints/table3_hard_6to8_controlled_nomask_nc_r10_s2/rl_checkpoint_step_18000.pt
[DEBUG] train_step 18000: starting episode collection
[DEBUG] train_step 18000: episodes collected, starting value_update
[DEBUG] train_step 18000: value_update done, starting policy_update
[DEBUG] train_step 18000: policy_update done
[step 18050] value_loss=10.620555 policy_loss=-0.250880
[step 18050] VALUE_DEBUG: target(mean=-1.91 std=8.98 min=-22.09 max=8.04) V(s)(mean=-1.46 std=8.07) reward(mean=0.181 std=4.454) clip=50.0
[DEBUG] train_step 18050: starting episode collection
[DEBUG] train_step 18050: episodes collected, starting value_update
[DEBUG] train_step 18050: value_update done, starting policy_update
[DEBUG] train_step 18050: policy_update done
[step 18100] value_loss=3.668672 policy_loss=-0.392707
[step 18100] VALUE_DEBUG: target(mean=-1.66 std=7.27 min=-16.12 max=5.88) V(s)(mean=-1.49 std=7.08) reward(mean=0.538 std=2.000) clip=50.0
[step 18100] eval_success_rate=0.580 eval_mean_score=14.460 eval_policy_mode=greedy [solved=29/50, score_range=7.00-16.00/16.0, initial=9.00]
[step 18100] PROGRESS: filled=14.58 violations=0.06 zero_cand=0.00
[step 18100] DEBUG: ep_len=11.2 ep_ret=0.762 stop_prob=0.000 score_chg=6.0700
[DEBUG] train_step 18100: starting episode collection
[DEBUG] train_step 18100: episodes collected, starting value_update
[DEBUG] train_step 18100: value_update done, starting policy_update
[DEBUG] train_step 18100: policy_update done
[step 18150] value_loss=1.816919 policy_loss=-0.139038
[step 18150] VALUE_DEBUG: target(mean=-0.55 std=6.35 min=-14.16 max=7.25) V(s)(mean=-0.59 std=6.36) reward(mean=0.201 std=1.624) clip=50.0
[DEBUG] train_step 18150: starting episode collection
[DEBUG] train_step 18150: episodes collected, starting value_update
[DEBUG] train_step 18150: value_update done, starting policy_update
[DEBUG] train_step 18150: policy_update done
[step 18200] value_loss=12.375854 policy_loss=1.479625
[step 18200] VALUE_DEBUG: target(mean=-1.40 std=8.49 min=-16.15 max=10.63) V(s)(mean=-0.80 std=7.71) reward(mean=-0.238 std=4.192) clip=50.0
[step 18200] eval_success_rate=0.540 eval_mean_score=14.520 eval_policy_mode=greedy [solved=27/50, score_range=7.00-16.00/16.0, initial=9.00]
[step 18200] PROGRESS: filled=14.64 violations=0.06 zero_cand=0.00
[step 18200] DEBUG: ep_len=10.7 ep_ret=1.086 stop_prob=0.000 score_chg=6.0450
[DEBUG] train_step 18200: starting episode collection
[DEBUG] train_step 18200: episodes collected, starting value_update
[DEBUG] train_step 18200: value_update done, starting policy_update
[DEBUG] train_step 18200: policy_update done
[step 18250] value_loss=1.658871 policy_loss=-0.215254
[step 18250] VALUE_DEBUG: target(mean=-2.16 std=8.32 min=-17.13 max=8.54) V(s)(mean=-2.36 std=8.05) reward(mean=0.279 std=2.289) clip=50.0
[DEBUG] train_step 18250: starting episode collection
[DEBUG] train_step 18250: episodes collected, starting value_update
[DEBUG] train_step 18250: value_update done, starting policy_update
[DEBUG] train_step 18250: policy_update done
[step 18300] value_loss=8.733351 policy_loss=0.428409
[step 18300] VALUE_DEBUG: target(mean=-1.45 std=8.33 min=-16.15 max=13.59) V(s)(mean=-1.45 std=7.23) reward(mean=-0.155 std=4.515) clip=50.0
[step 18300] eval_success_rate=0.560 eval_mean_score=14.460 eval_policy_mode=greedy [solved=28/50, score_range=6.00-16.00/16.0, initial=9.00]
[step 18300] PROGRESS: filled=14.58 violations=0.06 zero_cand=0.00
[step 18300] DEBUG: ep_len=11.1 ep_ret=0.791 stop_prob=0.000 score_chg=6.0775
[DEBUG] train_step 18300: starting episode collection
[DEBUG] train_step 18300: episodes collected, starting value_update
[DEBUG] train_step 18300: value_update done, starting policy_update
[DEBUG] train_step 18300: policy_update done
[step 18350] value_loss=3.340325 policy_loss=0.267601
[step 18350] VALUE_DEBUG: target(mean=-1.18 std=7.84 min=-17.02 max=7.45) V(s)(mean=-1.29 std=7.55) reward(mean=0.244 std=2.540) clip=50.0
[DEBUG] train_step 18350: starting episode collection
[DEBUG] train_step 18350: episodes collected, starting value_update
[DEBUG] train_step 18350: value_update done, starting policy_update
[DEBUG] train_step 18350: policy_update done
[step 18400] value_loss=2.447747 policy_loss=-0.319821
[step 18400] VALUE_DEBUG: target(mean=-2.09 std=8.16 min=-17.11 max=7.28) V(s)(mean=-2.03 std=7.98) reward(mean=0.078 std=3.483) clip=50.0
[step 18400] eval_success_rate=0.540 eval_mean_score=14.420 eval_policy_mode=greedy [solved=27/50, score_range=6.00-16.00/16.0, initial=9.00]
[step 18400] PROGRESS: filled=14.54 violations=0.06 zero_cand=0.00
[step 18400] DEBUG: ep_len=11.1 ep_ret=0.787 stop_prob=0.000 score_chg=6.0300
[DEBUG] train_step 18400: starting episode collection
[DEBUG] train_step 18400: episodes collected, starting value_update
[DEBUG] train_step 18400: value_update done, starting policy_update
[DEBUG] train_step 18400: policy_update done
[step 18450] value_loss=5.945019 policy_loss=0.824880
[step 18450] VALUE_DEBUG: target(mean=-3.00 std=7.93 min=-17.19 max=9.74) V(s)(mean=-2.87 std=7.79) reward(mean=0.234 std=2.890) clip=50.0
[DEBUG] train_step 18450: starting episode collection
[DEBUG] train_step 18450: episodes collected, starting value_update
[DEBUG] train_step 18450: value_update done, starting policy_update
[DEBUG] train_step 18450: policy_update done
[step 18500] value_loss=4.579866 policy_loss=-0.289364
[step 18500] VALUE_DEBUG: target(mean=-3.27 std=8.14 min=-16.12 max=6.33) V(s)(mean=-2.98 std=7.77) reward(mean=-1.022 std=4.602) clip=50.0
[step 18500] eval_success_rate=0.580 eval_mean_score=14.680 eval_policy_mode=greedy [solved=29/50, score_range=6.00-16.00/16.0, initial=9.00]
[step 18500] PROGRESS: filled=14.80 violations=0.06 zero_cand=0.00
[step 18500] DEBUG: ep_len=11.4 ep_ret=0.153 stop_prob=0.000 score_chg=6.1450
[DEBUG] train_step 18500: starting episode collection
[DEBUG] train_step 18500: episodes collected, starting value_update
[DEBUG] train_step 18500: value_update done, starting policy_update
[DEBUG] train_step 18500: policy_update done
[step 18550] value_loss=8.471147 policy_loss=-0.576965
[step 18550] VALUE_DEBUG: target(mean=-2.43 std=8.25 min=-22.09 max=6.54) V(s)(mean=-2.04 std=7.82) reward(mean=-0.617 std=5.014) clip=50.0
[DEBUG] train_step 18550: starting episode collection
[DEBUG] train_step 18550: episodes collected, starting value_update
[DEBUG] train_step 18550: value_update done, starting policy_update
[DEBUG] train_step 18550: policy_update done
[step 18600] value_loss=9.151921 policy_loss=-0.558544
[step 18600] VALUE_DEBUG: target(mean=-0.75 std=7.15 min=-16.15 max=5.37) V(s)(mean=-0.15 std=6.50) reward(mean=-0.775 std=4.318) clip=50.0
[step 18600] eval_success_rate=0.600 eval_mean_score=14.820 eval_policy_mode=greedy [solved=30/50, score_range=7.00-16.00/16.0, initial=9.00]
[step 18600] PROGRESS: filled=14.94 violations=0.06 zero_cand=0.00
[step 18600] DEBUG: ep_len=11.0 ep_ret=0.524 stop_prob=0.000 score_chg=5.9100
[DEBUG] train_step 18600: starting episode collection
[DEBUG] train_step 18600: episodes collected, starting value_update
[DEBUG] train_step 18600: value_update done, starting policy_update
[DEBUG] train_step 18600: policy_update done
[step 18650] value_loss=1.795597 policy_loss=0.131103
[step 18650] VALUE_DEBUG: target(mean=-4.94 std=7.98 min=-17.60 max=8.12) V(s)(mean=-4.87 std=7.96) reward(mean=0.070 std=3.650) clip=50.0
[DEBUG] train_step 18650: starting episode collection
[DEBUG] train_step 18650: episodes collected, starting value_update
[DEBUG] train_step 18650: value_update done, starting policy_update
[DEBUG] train_step 18650: policy_update done
[step 18700] value_loss=2.208940 policy_loss=0.291519
[step 18700] VALUE_DEBUG: target(mean=-0.30 std=7.87 min=-16.99 max=10.75) V(s)(mean=-0.75 std=7.52) reward(mean=1.045 std=1.753) clip=50.0
[step 18700] eval_success_rate=0.580 eval_mean_score=14.500 eval_policy_mode=greedy [solved=29/50, score_range=7.00-16.00/16.0, initial=9.00]
[step 18700] PROGRESS: filled=14.62 violations=0.06 zero_cand=0.00
[step 18700] DEBUG: ep_len=11.1 ep_ret=1.106 stop_prob=0.000 score_chg=6.2450
[DEBUG] train_step 18700: starting episode collection
[DEBUG] train_step 18700: episodes collected, starting value_update
[DEBUG] train_step 18700: value_update done, starting policy_update
[DEBUG] train_step 18700: policy_update done
[step 18750] value_loss=3.188498 policy_loss=-0.601767
[step 18750] VALUE_DEBUG: target(mean=-2.31 std=8.54 min=-17.70 max=7.57) V(s)(mean=-2.11 std=8.23) reward(mean=0.847 std=2.781) clip=50.0
[DEBUG] train_step 18750: starting episode collection
[DEBUG] train_step 18750: episodes collected, starting value_update
[DEBUG] train_step 18750: value_update done, starting policy_update
[DEBUG] train_step 18750: policy_update done
[step 18800] value_loss=2.208642 policy_loss=0.207271
[step 18800] VALUE_DEBUG: target(mean=-2.45 std=8.50 min=-19.00 max=7.71) V(s)(mean=-2.68 std=8.07) reward(mean=0.691 std=2.572) clip=50.0
[step 18800] eval_success_rate=0.580 eval_mean_score=14.660 eval_policy_mode=greedy [solved=29/50, score_range=7.00-16.00/16.0, initial=9.00]
[step 18800] PROGRESS: filled=14.78 violations=0.06 zero_cand=0.00
[step 18800] DEBUG: ep_len=10.6 ep_ret=2.080 stop_prob=0.000 score_chg=6.2075
[DEBUG] train_step 18800: starting episode collection
[DEBUG] train_step 18800: episodes collected, starting value_update
[DEBUG] train_step 18800: value_update done, starting policy_update
[DEBUG] train_step 18800: policy_update done
[step 18850] value_loss=3.780431 policy_loss=-0.560295
[step 18850] VALUE_DEBUG: target(mean=-3.61 std=9.33 min=-22.41 max=14.50) V(s)(mean=-4.13 std=8.44) reward(mean=0.153 std=3.649) clip=50.0
[DEBUG] train_step 18850: starting episode collection
[DEBUG] train_step 18850: episodes collected, starting value_update
[DEBUG] train_step 18850: value_update done, starting policy_update
[DEBUG] train_step 18850: policy_update done
[step 18900] value_loss=2.132552 policy_loss=-0.406989
[step 18900] VALUE_DEBUG: target(mean=-3.31 std=9.13 min=-18.07 max=10.21) V(s)(mean=-3.70 std=8.67) reward(mean=0.261 std=4.191) clip=50.0
[step 18900] eval_success_rate=0.580 eval_mean_score=14.660 eval_policy_mode=greedy [solved=29/50, score_range=7.00-16.00/16.0, initial=9.00]
[step 18900] PROGRESS: filled=14.78 violations=0.06 zero_cand=0.00
[step 18900] DEBUG: ep_len=11.0 ep_ret=2.263 stop_prob=0.000 score_chg=6.4675
[DEBUG] train_step 18900: starting episode collection
[DEBUG] train_step 18900: episodes collected, starting value_update
[DEBUG] train_step 18900: value_update done, starting policy_update
[DEBUG] train_step 18900: policy_update done
[step 18950] value_loss=3.933517 policy_loss=-0.228438
[step 18950] VALUE_DEBUG: target(mean=-3.22 std=9.51 min=-19.38 max=13.92) V(s)(mean=-3.23 std=8.84) reward(mean=0.233 std=3.217) clip=50.0
[DEBUG] train_step 18950: starting episode collection
[DEBUG] train_step 18950: episodes collected, starting value_update
[DEBUG] train_step 18950: value_update done, starting policy_update
[DEBUG] train_step 18950: policy_update done
[step 19000] value_loss=1.884706 policy_loss=0.080566
[step 19000] VALUE_DEBUG: target(mean=-2.81 std=8.97 min=-17.79 max=10.28) V(s)(mean=-3.07 std=8.76) reward(mean=-0.101 std=4.575) clip=50.0
[step 19000] eval_success_rate=0.640 eval_mean_score=14.800 eval_policy_mode=greedy [solved=32/50, score_range=7.00-16.00/16.0, initial=9.00]
[step 19000] PROGRESS: filled=14.92 violations=0.06 zero_cand=0.00
[step 19000] DEBUG: ep_len=10.8 ep_ret=2.079 stop_prob=0.000 score_chg=6.3375
[Checkpoint] Saved to buiksat_trm/checkpoints/table3_hard_6to8_controlled_nomask_nc_r10_s2/rl_checkpoint_step_19000.pt
[DEBUG] train_step 19000: starting episode collection
[DEBUG] train_step 19000: episodes collected, starting value_update
[DEBUG] train_step 19000: value_update done, starting policy_update
[DEBUG] train_step 19000: policy_update done
[step 19050] value_loss=2.925081 policy_loss=-0.434744
[step 19050] VALUE_DEBUG: target(mean=-1.48 std=7.19 min=-17.10 max=7.25) V(s)(mean=-1.12 std=6.98) reward(mean=-0.146 std=3.229) clip=50.0
[DEBUG] train_step 19050: starting episode collection
[DEBUG] train_step 19050: episodes collected, starting value_update
[DEBUG] train_step 19050: value_update done, starting policy_update
[DEBUG] train_step 19050: policy_update done
[step 19100] value_loss=0.832287 policy_loss=-0.789686
[step 19100] VALUE_DEBUG: target(mean=-3.02 std=7.86 min=-17.79 max=6.53) V(s)(mean=-3.19 std=7.93) reward(mean=0.189 std=1.573) clip=50.0
[step 19100] eval_success_rate=0.600 eval_mean_score=14.780 eval_policy_mode=greedy [solved=30/50, score_range=7.00-16.00/16.0, initial=9.00]
[step 19100] PROGRESS: filled=14.90 violations=0.06 zero_cand=0.00
[step 19100] DEBUG: ep_len=10.8 ep_ret=1.867 stop_prob=0.000 score_chg=6.2500
[DEBUG] train_step 19100: starting episode collection
[DEBUG] train_step 19100: episodes collected, starting value_update
[DEBUG] train_step 19100: value_update done, starting policy_update
[DEBUG] train_step 19100: policy_update done
[step 19150] value_loss=14.397720 policy_loss=-0.513318
[step 19150] VALUE_DEBUG: target(mean=-4.32 std=9.60 min=-23.57 max=7.76) V(s)(mean=-3.65 std=8.79) reward(mean=0.068 std=4.437) clip=50.0
[DEBUG] train_step 19150: starting episode collection
[DEBUG] train_step 19150: episodes collected, starting value_update
[DEBUG] train_step 19150: value_update done, starting policy_update
[DEBUG] train_step 19150: policy_update done
[step 19200] value_loss=0.459599 policy_loss=0.972964
[step 19200] VALUE_DEBUG: target(mean=-0.10 std=7.02 min=-17.88 max=11.90) V(s)(mean=-0.06 std=6.92) reward(mean=0.163 std=1.942) clip=50.0
[step 19200] eval_success_rate=0.600 eval_mean_score=14.800 eval_policy_mode=greedy [solved=30/50, score_range=7.00-16.00/16.0, initial=9.00]
[step 19200] PROGRESS: filled=14.92 violations=0.06 zero_cand=0.00
[step 19200] DEBUG: ep_len=10.8 ep_ret=1.977 stop_prob=0.000 score_chg=6.1975
[DEBUG] train_step 19200: starting episode collection
[DEBUG] train_step 19200: episodes collected, starting value_update
[DEBUG] train_step 19200: value_update done, starting policy_update
[DEBUG] train_step 19200: policy_update done
[step 19250] value_loss=1.083666 policy_loss=-0.348556
[step 19250] VALUE_DEBUG: target(mean=-1.40 std=6.80 min=-17.33 max=7.54) V(s)(mean=-1.55 std=6.60) reward(mean=0.467 std=1.676) clip=50.0
[DEBUG] train_step 19250: starting episode collection
[DEBUG] train_step 19250: episodes collected, starting value_update
[DEBUG] train_step 19250: value_update done, starting policy_update
[DEBUG] train_step 19250: policy_update done
[step 19300] value_loss=3.570055 policy_loss=-1.489200
[step 19300] VALUE_DEBUG: target(mean=-1.90 std=7.89 min=-16.42 max=8.65) V(s)(mean=-1.90 std=7.65) reward(mean=1.123 std=2.558) clip=50.0
[step 19300] eval_success_rate=0.640 eval_mean_score=14.800 eval_policy_mode=greedy [solved=32/50, score_range=7.00-16.00/16.0, initial=9.00]
[step 19300] PROGRESS: filled=14.92 violations=0.06 zero_cand=0.00
[step 19300] DEBUG: ep_len=10.8 ep_ret=2.080 stop_prob=0.000 score_chg=6.3400
[DEBUG] train_step 19300: starting episode collection
[DEBUG] train_step 19300: episodes collected, starting value_update
[DEBUG] train_step 19300: value_update done, starting policy_update
[DEBUG] train_step 19300: policy_update done
[step 19350] value_loss=14.231071 policy_loss=0.672040
[step 19350] VALUE_DEBUG: target(mean=-3.90 std=7.79 min=-17.16 max=5.78) V(s)(mean=-4.09 std=7.99) reward(mean=-0.270 std=3.774) clip=50.0
[DEBUG] train_step 19350: starting episode collection
[DEBUG] train_step 19350: episodes collected, starting value_update
[DEBUG] train_step 19350: value_update done, starting policy_update
[DEBUG] train_step 19350: policy_update done
[step 19400] value_loss=4.289363 policy_loss=-0.650284
[step 19400] VALUE_DEBUG: target(mean=-2.63 std=8.65 min=-17.32 max=12.09) V(s)(mean=-3.37 std=8.74) reward(mean=0.665 std=1.694) clip=50.0
[step 19400] eval_success_rate=0.660 eval_mean_score=15.140 eval_policy_mode=greedy [solved=33/50, score_range=9.00-16.00/16.0, initial=9.00]
[step 19400] PROGRESS: filled=15.14 violations=0.00 zero_cand=0.00
[step 19400] DEBUG: ep_len=10.6 ep_ret=2.027 stop_prob=0.000 score_chg=6.2775
[DEBUG] train_step 19400: starting episode collection
[DEBUG] train_step 19400: episodes collected, starting value_update
[DEBUG] train_step 19400: value_update done, starting policy_update
[DEBUG] train_step 19400: policy_update done
[step 19450] value_loss=3.528707 policy_loss=-0.310247
[step 19450] VALUE_DEBUG: target(mean=-3.65 std=9.01 min=-16.77 max=12.41) V(s)(mean=-3.29 std=8.84) reward(mean=0.164 std=2.836) clip=50.0
[DEBUG] train_step 19450: starting episode collection
[DEBUG] train_step 19450: episodes collected, starting value_update
[DEBUG] train_step 19450: value_update done, starting policy_update
[DEBUG] train_step 19450: policy_update done
[step 19500] value_loss=15.574989 policy_loss=0.122768
[step 19500] VALUE_DEBUG: target(mean=-0.81 std=7.27 min=-17.11 max=10.59) V(s)(mean=-1.36 std=7.82) reward(mean=-0.178 std=2.790) clip=50.0
[step 19500] eval_success_rate=0.660 eval_mean_score=15.100 eval_policy_mode=greedy [solved=33/50, score_range=9.00-16.00/16.0, initial=9.00]
[step 19500] PROGRESS: filled=15.10 violations=0.00 zero_cand=0.00
[step 19500] DEBUG: ep_len=10.5 ep_ret=2.546 stop_prob=0.000 score_chg=6.2675
[DEBUG] train_step 19500: starting episode collection
[DEBUG] train_step 19500: episodes collected, starting value_update
[DEBUG] train_step 19500: value_update done, starting policy_update
[DEBUG] train_step 19500: policy_update done
[step 19550] value_loss=4.719042 policy_loss=-0.072597
[step 19550] VALUE_DEBUG: target(mean=-5.71 std=10.08 min=-20.99 max=11.55) V(s)(mean=-5.75 std=9.35) reward(mean=-1.026 std=5.491) clip=50.0
[DEBUG] train_step 19550: starting episode collection
[DEBUG] train_step 19550: episodes collected, starting value_update
[DEBUG] train_step 19550: value_update done, starting policy_update
[DEBUG] train_step 19550: policy_update done
[step 19600] value_loss=2.241771 policy_loss=0.013144
[step 19600] VALUE_DEBUG: target(mean=-1.24 std=8.00 min=-16.62 max=7.85) V(s)(mean=-1.12 std=8.01) reward(mean=0.787 std=1.745) clip=50.0
[step 19600] eval_success_rate=0.580 eval_mean_score=15.020 eval_policy_mode=greedy [solved=29/50, score_range=9.00-16.00/16.0, initial=9.00]
[step 19600] PROGRESS: filled=15.02 violations=0.00 zero_cand=0.00
[step 19600] DEBUG: ep_len=10.7 ep_ret=2.862 stop_prob=0.000 score_chg=6.5150
[DEBUG] train_step 19600: starting episode collection
[DEBUG] train_step 19600: episodes collected, starting value_update
[DEBUG] train_step 19600: value_update done, starting policy_update
[DEBUG] train_step 19600: policy_update done
[step 19650] value_loss=7.676845 policy_loss=-0.606696
[step 19650] VALUE_DEBUG: target(mean=-2.29 std=9.01 min=-16.89 max=9.87) V(s)(mean=-2.00 std=8.81) reward(mean=0.285 std=3.328) clip=50.0
[DEBUG] train_step 19650: starting episode collection
[DEBUG] train_step 19650: episodes collected, starting value_update
[DEBUG] train_step 19650: value_update done, starting policy_update
[DEBUG] train_step 19650: policy_update done
[step 19700] value_loss=4.799119 policy_loss=0.193130
[step 19700] VALUE_DEBUG: target(mean=-1.16 std=9.31 min=-19.21 max=10.97) V(s)(mean=-1.58 std=8.56) reward(mean=0.540 std=3.976) clip=50.0
[step 19700] eval_success_rate=0.540 eval_mean_score=14.780 eval_policy_mode=greedy [solved=27/50, score_range=9.00-16.00/16.0, initial=9.00]
[step 19700] PROGRESS: filled=14.78 violations=0.00 zero_cand=0.00
[step 19700] DEBUG: ep_len=10.8 ep_ret=1.646 stop_prob=0.000 score_chg=6.1750
[DEBUG] train_step 19700: starting episode collection
[DEBUG] train_step 19700: episodes collected, starting value_update
[DEBUG] train_step 19700: value_update done, starting policy_update
[DEBUG] train_step 19700: policy_update done
[step 19750] value_loss=11.198252 policy_loss=-0.513298
[step 19750] VALUE_DEBUG: target(mean=-0.50 std=7.99 min=-16.58 max=8.83) V(s)(mean=-0.74 std=6.94) reward(mean=0.811 std=3.577) clip=50.0
[DEBUG] train_step 19750: starting episode collection
[DEBUG] train_step 19750: episodes collected, starting value_update
[DEBUG] train_step 19750: value_update done, starting policy_update
[DEBUG] train_step 19750: policy_update done
[step 19800] value_loss=3.581892 policy_loss=0.084475
[step 19800] VALUE_DEBUG: target(mean=-2.18 std=9.07 min=-16.25 max=9.15) V(s)(mean=-2.83 std=8.77) reward(mean=0.467 std=3.518) clip=50.0
[step 19800] eval_success_rate=0.580 eval_mean_score=14.820 eval_policy_mode=greedy [solved=29/50, score_range=9.00-16.00/16.0, initial=9.00]
[step 19800] PROGRESS: filled=14.82 violations=0.00 zero_cand=0.00
[step 19800] DEBUG: ep_len=11.0 ep_ret=1.625 stop_prob=0.000 score_chg=6.2250
[DEBUG] train_step 19800: starting episode collection
[DEBUG] train_step 19800: episodes collected, starting value_update
[DEBUG] train_step 19800: value_update done, starting policy_update
[DEBUG] train_step 19800: policy_update done
[step 19850] value_loss=9.557536 policy_loss=0.038421
[step 19850] VALUE_DEBUG: target(mean=-1.54 std=8.08 min=-17.19 max=9.21) V(s)(mean=-1.36 std=7.65) reward(mean=0.314 std=3.546) clip=50.0
[DEBUG] train_step 19850: starting episode collection
[DEBUG] train_step 19850: episodes collected, starting value_update
[DEBUG] train_step 19850: value_update done, starting policy_update
[DEBUG] train_step 19850: policy_update done
[step 19900] value_loss=11.949572 policy_loss=0.249231
[step 19900] VALUE_DEBUG: target(mean=0.73 std=7.57 min=-16.15 max=13.26) V(s)(mean=0.91 std=6.52) reward(mean=0.346 std=4.191) clip=50.0
[step 19900] eval_success_rate=0.520 eval_mean_score=14.840 eval_policy_mode=greedy [solved=26/50, score_range=9.00-16.00/16.0, initial=9.00]
[step 19900] PROGRESS: filled=14.84 violations=0.00 zero_cand=0.00
[step 19900] DEBUG: ep_len=10.5 ep_ret=2.205 stop_prob=0.000 score_chg=6.4075
[DEBUG] train_step 19900: starting episode collection
[DEBUG] train_step 19900: episodes collected, starting value_update
[DEBUG] train_step 19900: value_update done, starting policy_update
[DEBUG] train_step 19900: policy_update done
[step 19950] value_loss=10.396342 policy_loss=-0.410947
[step 19950] VALUE_DEBUG: target(mean=-2.67 std=8.24 min=-16.15 max=7.29) V(s)(mean=-2.82 std=7.96) reward(mean=-0.031 std=4.623) clip=50.0
[DEBUG] train_step 19950: starting episode collection
[DEBUG] train_step 19950: episodes collected, starting value_update
[DEBUG] train_step 19950: value_update done, starting policy_update
[DEBUG] train_step 19950: policy_update done
[step 20000] value_loss=2.925367 policy_loss=-0.201789
[step 20000] VALUE_DEBUG: target(mean=-1.75 std=8.11 min=-17.18 max=6.75) V(s)(mean=-2.04 std=8.26) reward(mean=0.470 std=2.575) clip=50.0
[step 20000] eval_success_rate=0.480 eval_mean_score=14.900 eval_policy_mode=greedy [solved=24/50, score_range=9.00-16.00/16.0, initial=9.00]
[step 20000] PROGRESS: filled=14.90 violations=0.00 zero_cand=0.00
[step 20000] DEBUG: ep_len=10.7 ep_ret=1.870 stop_prob=0.000 score_chg=6.3050
[Checkpoint] Saved to buiksat_trm/checkpoints/table3_hard_6to8_controlled_nomask_nc_r10_s2/rl_checkpoint_step_20000.pt
[Checkpoint] Saved to buiksat_trm/checkpoints/table3_hard_6to8_controlled_nomask_nc_r10_s2/rl_checkpoint_step_20000.pt
