[2026-04-10T10:36:09.081-07:00] Buck UI: https://www.internalfb.com/buck2/53df1ba7-e7c8-4719-ae4f-bfbae1e89804
[2026-04-10T10:36:09.325-07:00] Network: Up: 0B  Down: 0B
BUILD SUCCEEDED - starting your binary
[DATASET] dataset_paths=['buiksat_trm/data/sudoku-4x4-easy_6to8empties']
[DATASET] resolved_dataset_name=sudoku-4x4-easy_6to8empties
[DATASET] num_samples=32
[INFO] Using feasibility-aware Sudoku checker for 4x4
       score = filled - 2.0*violations - 5.0*zeroCand
       Max score: 16 (all filled, no violations)
[INFO] Training for 20000 steps (gamma=0.990, K=1, inner_unroll_n=2)
[INFO] Terminal rewards: solve=1.000, fail=-16.000
[INFO] Using TRM backbone (hidden=64, H=2, L=2)
[DEBUG] Policy head STOP bias: 0.00 (should be 0.0 for uniform init)
[INFO] Puzzle embeddings DISABLED (set --puzzle-emb-ndim > 0 to enable)
============================================================
TRAINER SELECTION
============================================================
INFO:2026-04-10 10:36:15 1003764:1003764 CuptiCallbackApi.cpp:69] Callback: domain = 3, cbid = 1
INFO:2026-04-10 10:36:15 1003764:1003764 CuptiActivityProfiler.cpp:93] CUDA versions. CUPTI: 22; Runtime: 12040; Driver: 12040
INFO:2026-04-10 10:36:15 1003764:1005894 FBConfig.cpp:330] Perfetto builder enabled: 1
INFO:2026-04-10 10:36:15 1003764:1005894 DynoConfigLoader.cpp:61] Setting communication fabric enabled = 0
INFO:2026-04-10 10:36:15 1003764:1005894 DynoConfigLoader.cpp:61] Setting communication fabric enabled = 0
TritonTraceHandler: disabled because /logs does not exist
===========[FB_TRITON]=========== Triton Version: 3.5.0+fb
[TRAINER] UPI-TRM (K=1, inner_n=2)
[TRAINER] CLI --baseline: None, YAML algorithm: None
============================================================

============================================================
UPI-TRM THEORY ALIGNMENT CHECK
============================================================
⚠ Configuration has theory gaps:
  • enable_contraction=False disables spectral normalization (Assumption 4.2). L_z < 1 contraction not enforced.
  • exact_baseline_summation=False: Using approximate baseline. This gives O(ε_A/(1-γ)) bound instead of O(α·ε_A) from Theorem 5.9. For discrete action spaces (Sudoku), enable for tighter bounds.
  • theory_exact_mixture=False: Using parameter-space interpolation for CPI, which is NOT equivalent to policy-space mixture. The CPI improvement guarantee does not strictly apply. Set theory_exact_mixture=True for theory-exact behavior (but slower due to evaluating two networks).

Theory status:
  Forward-invariant projection: ✓
  Contraction enforced (L_z < 1): ✗
  Exact baseline (Thm 5.9): ✗
  Distillation (not in theory): ✓ disabled

Is theory-exact: False
============================================================

UPI-TRM theoretical dials:
  L_z target (rl_cfg.target_Lz): 0.9
  L_V target (rl_cfg.target_Lv): 1.0
  Inner unroll n (rl_cfg.inner_unroll_n): 2
  K-step horizon K (rl_cfg.K): 1
  Mixture alpha (rl_cfg.mixture_alpha): 0.1
  Latent ball radius (rl_cfg.latent_ball_radius): 10.0
  Episodic latent: True
  Exact K-step targets: False
  Exact baseline summation: False

[INFO] STOP action mode: disabled
[INFO] Forward-invariant projection enabled (R=10.0)
[WandB] Disabled by default (enable with: --wandb)
[DEBUG] train_step 0: starting episode collection
[DEBUG] Action mask: 28 valid actions out of 97 total
[DEBUG] Latent mode: episodic
[DEBUG] Episode 0, Step 0: calling _mixed_policy_dist
[DEBUG] Step 0 probs: STOP=0.000000, edits=1.000000
[DEBUG] Top 5 action probs: torch.return_types.topk(
values=tensor([0.0526, 0.0462, 0.0440, 0.0432, 0.0431], device='cuda:0'),
indices=tensor([82, 34, 83, 11, 41], device='cuda:0'))
[DEBUG] Episode 0, Step 0 complete: action=15, reward=-5.0400, done=False
[DEBUG] Episode 0, Step 1: calling _mixed_policy_dist
[DEBUG] Episode 0, Step 1 complete: action=35, reward=-8.9500, done=False
[DEBUG] Episode 0, Step 2: calling _mixed_policy_dist
[DEBUG] Episode 0, Step 2 complete: action=35, reward=0.0500, done=False
[DEBUG] Episode 0, Step 3: calling _mixed_policy_dist
[DEBUG] Episode 0, Step 3 complete: action=39, reward=2.0300, done=False
[DEBUG] Episode 0, Step 4: calling _mixed_policy_dist
[DEBUG] Episode 0, Step 4 complete: action=41, reward=2.0100, done=False
[DEBUG] Episode 0 finished: 16 steps, done=True, reason=budget
[DEBUG] Episode 1, Step 0: calling _mixed_policy_dist
[DEBUG] Episode 1, Step 0 complete: action=69, reward=-6.0400, done=False
[DEBUG] Episode 1, Step 1: calling _mixed_policy_dist
[DEBUG] Episode 1, Step 1 complete: action=71, reward=-2.0200, done=False
[DEBUG] Episode 1, Step 2: calling _mixed_policy_dist
[DEBUG] Episode 1, Step 2 complete: action=92, reward=-1.0100, done=False
[DEBUG] Episode 1, Step 3: calling _mixed_policy_dist
[DEBUG] Episode 1, Step 3 complete: action=20, reward=-0.0100, done=False
[DEBUG] Episode 1, Step 4: calling _mixed_policy_dist
[DEBUG] Episode 1, Step 4 complete: action=70, reward=-2.9800, done=False
[DEBUG] Episode 1 finished: 16 steps, done=True, reason=budget
[DEBUG] Episode 2, Step 0: calling _mixed_policy_dist
[DEBUG] Episode 2, Step 0 complete: action=15, reward=-3.0600, done=False
[DEBUG] Episode 2, Step 1: calling _mixed_policy_dist
[DEBUG] Episode 2, Step 1 complete: action=16, reward=3.9000, done=False
[DEBUG] Episode 2, Step 2: calling _mixed_policy_dist
[DEBUG] Episode 2, Step 2 complete: action=14, reward=-7.0300, done=False
[DEBUG] Episode 2, Step 3: calling _mixed_policy_dist
[DEBUG] Episode 2, Step 3 complete: action=5, reward=0.9600, done=False
[DEBUG] Episode 2, Step 4: calling _mixed_policy_dist
[DEBUG] Episode 2, Step 4 complete: action=95, reward=-5.9800, done=False
[DEBUG] Episode 2 finished: 16 steps, done=True, reason=budget
[DEBUG] Episode 3, Step 0: calling _mixed_policy_dist
[DEBUG] Episode 3, Step 0 complete: action=16, reward=0.9000, done=False
[DEBUG] Episode 3, Step 1: calling _mixed_policy_dist
[DEBUG] Episode 3, Step 1 complete: action=9, reward=-5.0500, done=False
[DEBUG] Episode 3, Step 2: calling _mixed_policy_dist
[DEBUG] Episode 3, Step 2 complete: action=89, reward=-3.0200, done=False
[DEBUG] Episode 3, Step 3: calling _mixed_policy_dist
[DEBUG] Episode 3, Step 3 complete: action=8, reward=5.9200, done=False
[DEBUG] Episode 3, Step 4: calling _mixed_policy_dist
[DEBUG] Episode 3, Step 4 complete: action=10, reward=-13.9400, done=False
[DEBUG] Episode 3 finished: 16 steps, done=True, reason=budget
[DEBUG] train_step 0: episodes collected, starting value_update
[DEBUG] train_step 0: value_update done, starting policy_update
[DEBUG] train_step 0: policy_update done
[DEBUG] train_step 1: starting episode collection
[DEBUG] Episode 4, Step 0: calling _mixed_policy_dist
[DEBUG] Episode 4, Step 0 complete: action=87, reward=-9.0000, done=False
[DEBUG] Episode 4, Step 1: calling _mixed_policy_dist
[DEBUG] Episode 4, Step 1 complete: action=15, reward=3.9600, done=False
[DEBUG] Episode 4, Step 2: calling _mixed_policy_dist
[DEBUG] Episode 4, Step 2 complete: action=89, reward=-2.0200, done=False
[DEBUG] Episode 4, Step 3: calling _mixed_policy_dist
[DEBUG] Episode 4, Step 3 complete: action=15, reward=-0.0200, done=False
[DEBUG] Episode 4, Step 4: calling _mixed_policy_dist
[DEBUG] Episode 4, Step 4 complete: action=87, reward=1.9600, done=False
[DEBUG] Episode 4 finished: 16 steps, done=True, reason=budget
[DEBUG] train_step 1: episodes collected, starting value_update
[DEBUG] train_step 1: value_update done, starting policy_update
[DEBUG] train_step 1: policy_update done
[DEBUG] train_step 2: starting episode collection
[DEBUG] train_step 2: episodes collected, starting value_update
[DEBUG] train_step 2: value_update done, starting policy_update
[DEBUG] train_step 2: policy_update done
[DEBUG] train_step 3: starting episode collection
[DEBUG] train_step 3: episodes collected, starting value_update
[DEBUG] train_step 3: value_update done, starting policy_update
[DEBUG] train_step 3: policy_update done
[DEBUG] train_step 4: starting episode collection
[DEBUG] train_step 4: episodes collected, starting value_update
[DEBUG] train_step 4: value_update done, starting policy_update
[DEBUG] train_step 4: policy_update done
[step 00050] value_loss=55.386150 policy_loss=-0.116864
[step 00050] VALUE_DEBUG: target(mean=-3.68 std=7.23 min=-21.89 max=3.82) V(s)(mean=-1.98 std=0.20) reward(mean=-3.371 std=7.325) clip=50.0
[DEBUG] train_step 50: starting episode collection
[DEBUG] train_step 50: episodes collected, starting value_update
[DEBUG] train_step 50: value_update done, starting policy_update
[DEBUG] train_step 50: policy_update done
[step 00100] value_loss=28.792103 policy_loss=-0.264114
[step 00100] VALUE_DEBUG: target(mean=-4.98 std=4.91 min=-15.97 max=2.89) V(s)(mean=-2.75 std=0.37) reward(mean=-3.965 std=5.181) clip=50.0
[step 00100] eval_success_rate=0.000 eval_mean_score=5.980 eval_policy_mode=greedy [solved=0/50, score_range=-6.00-12.00/16.0, initial=9.00]
[step 00100] PROGRESS: filled=10.10 violations=1.16 zero_cand=0.36
[step 00100] DEBUG: ep_len=16.0 ep_ret=-30.247 stop_prob=0.000 score_chg=-14.7925
[DEBUG] train_step 100: starting episode collection
[DEBUG] train_step 100: episodes collected, starting value_update
[DEBUG] train_step 100: value_update done, starting policy_update
[DEBUG] train_step 100: policy_update done
[step 00150] value_loss=27.392979 policy_loss=0.413615
[step 00150] VALUE_DEBUG: target(mean=-4.15 std=5.27 min=-18.00 max=7.34) V(s)(mean=-3.49 std=0.71) reward(mean=-2.487 std=5.659) clip=50.0
[DEBUG] train_step 150: starting episode collection
[DEBUG] train_step 150: episodes collected, starting value_update
[DEBUG] train_step 150: value_update done, starting policy_update
[DEBUG] train_step 150: policy_update done
[step 00200] value_loss=13.551365 policy_loss=0.114765
[step 00200] VALUE_DEBUG: target(mean=-3.57 std=3.71 min=-13.99 max=4.05) V(s)(mean=-4.78 std=0.63) reward(mean=-0.782 std=3.920) clip=50.0
[step 00200] eval_success_rate=0.000 eval_mean_score=7.820 eval_policy_mode=greedy [solved=0/50, score_range=-1.00-11.00/16.0, initial=9.00]
[step 00200] PROGRESS: filled=10.08 violations=0.58 zero_cand=0.22
[step 00200] DEBUG: ep_len=16.0 ep_ret=-29.627 stop_prob=0.000 score_chg=-14.0700
[DEBUG] train_step 200: starting episode collection
[DEBUG] train_step 200: episodes collected, starting value_update
[DEBUG] train_step 200: value_update done, starting policy_update
[DEBUG] train_step 200: policy_update done
[step 00250] value_loss=15.409999 policy_loss=-0.677384
[step 00250] VALUE_DEBUG: target(mean=-3.86 std=3.78 min=-11.27 max=2.97) V(s)(mean=-4.76 std=0.71) reward(mean=-0.511 std=3.786) clip=50.0
[DEBUG] train_step 250: starting episode collection
[DEBUG] train_step 250: episodes collected, starting value_update
[DEBUG] train_step 250: value_update done, starting policy_update
[DEBUG] train_step 250: policy_update done
[step 00300] value_loss=20.714878 policy_loss=-0.396293
[step 00300] VALUE_DEBUG: target(mean=-5.16 std=4.44 min=-15.94 max=2.12) V(s)(mean=-6.18 std=0.81) reward(mean=-0.839 std=4.837) clip=50.0
[step 00300] eval_success_rate=0.000 eval_mean_score=9.440 eval_policy_mode=greedy [solved=0/50, score_range=2.00-12.00/16.0, initial=9.00]
[step 00300] PROGRESS: filled=10.08 violations=0.22 zero_cand=0.04
[step 00300] DEBUG: ep_len=16.0 ep_ret=-28.925 stop_prob=0.000 score_chg=-13.2125
[DEBUG] train_step 300: starting episode collection
[DEBUG] train_step 300: episodes collected, starting value_update
[DEBUG] train_step 300: value_update done, starting policy_update
[DEBUG] train_step 300: policy_update done
[step 00350] value_loss=18.505707 policy_loss=-0.068482
[step 00350] VALUE_DEBUG: target(mean=-6.44 std=4.56 min=-15.94 max=1.16) V(s)(mean=-6.60 std=1.04) reward(mean=-1.730 std=5.136) clip=50.0
[DEBUG] train_step 350: starting episode collection
[DEBUG] train_step 350: episodes collected, starting value_update
[DEBUG] train_step 350: value_update done, starting policy_update
[DEBUG] train_step 350: policy_update done
[step 00400] value_loss=24.299765 policy_loss=-0.474604
[step 00400] VALUE_DEBUG: target(mean=-8.36 std=4.60 min=-22.92 max=1.87) V(s)(mean=-6.87 std=1.23) reward(mean=-3.041 std=5.770) clip=50.0
[step 00400] eval_success_rate=0.000 eval_mean_score=9.720 eval_policy_mode=greedy [solved=0/50, score_range=5.00-11.00/16.0, initial=9.00]
[step 00400] PROGRESS: filled=10.00 violations=0.04 zero_cand=0.04
[step 00400] DEBUG: ep_len=16.0 ep_ret=-27.000 stop_prob=0.000 score_chg=-10.8950
[DEBUG] train_step 400: starting episode collection
[DEBUG] train_step 400: episodes collected, starting value_update
[DEBUG] train_step 400: value_update done, starting policy_update
[DEBUG] train_step 400: policy_update done
[step 00450] value_loss=17.929893 policy_loss=-0.224171
[step 00450] VALUE_DEBUG: target(mean=-9.05 std=4.65 min=-21.92 max=-1.25) V(s)(mean=-7.64 std=1.40) reward(mean=-3.282 std=5.479) clip=50.0
[DEBUG] train_step 450: starting episode collection
[DEBUG] train_step 450: episodes collected, starting value_update
[DEBUG] train_step 450: value_update done, starting policy_update
[DEBUG] train_step 450: policy_update done
[step 00500] value_loss=10.231142 policy_loss=-0.496039
[step 00500] VALUE_DEBUG: target(mean=-7.61 std=3.29 min=-14.26 max=-2.11) V(s)(mean=-8.27 std=1.21) reward(mean=-0.696 std=2.959) clip=50.0
[step 00500] eval_success_rate=0.000 eval_mean_score=9.800 eval_policy_mode=greedy [solved=0/50, score_range=5.00-12.00/16.0, initial=9.00]
[step 00500] PROGRESS: filled=10.16 violations=0.08 zero_cand=0.04
[step 00500] DEBUG: ep_len=16.0 ep_ret=-23.803 stop_prob=0.000 score_chg=-7.1325
[DEBUG] train_step 500: starting episode collection
[DEBUG] train_step 500: episodes collected, starting value_update
[DEBUG] train_step 500: value_update done, starting policy_update
[DEBUG] train_step 500: policy_update done
[step 00550] value_loss=12.153126 policy_loss=0.234587
[step 00550] VALUE_DEBUG: target(mean=-7.85 std=3.69 min=-17.28 max=0.36) V(s)(mean=-8.19 std=1.53) reward(mean=-0.632 std=3.316) clip=50.0
[DEBUG] train_step 550: starting episode collection
[DEBUG] train_step 550: episodes collected, starting value_update
[DEBUG] train_step 550: value_update done, starting policy_update
[DEBUG] train_step 550: policy_update done
[step 00600] value_loss=13.142437 policy_loss=-1.578296
[step 00600] VALUE_DEBUG: target(mean=-8.92 std=3.90 min=-22.02 max=-1.42) V(s)(mean=-8.97 std=1.55) reward(mean=-1.200 std=4.659) clip=50.0
[step 00600] eval_success_rate=0.000 eval_mean_score=9.960 eval_policy_mode=greedy [solved=0/50, score_range=8.00-12.00/16.0, initial=9.00]
[step 00600] PROGRESS: filled=10.04 violations=0.04 zero_cand=0.00
[step 00600] DEBUG: ep_len=16.0 ep_ret=-22.213 stop_prob=0.000 score_chg=-5.3275
[DEBUG] train_step 600: starting episode collection
[DEBUG] train_step 600: episodes collected, starting value_update
[DEBUG] train_step 600: value_update done, starting policy_update
[DEBUG] train_step 600: policy_update done
[step 00650] value_loss=13.199921 policy_loss=-1.001828
[step 00650] VALUE_DEBUG: target(mean=-9.36 std=4.15 min=-19.37 max=-2.08) V(s)(mean=-9.46 std=1.32) reward(mean=-1.729 std=4.889) clip=50.0
[DEBUG] train_step 650: starting episode collection
[DEBUG] train_step 650: episodes collected, starting value_update
[DEBUG] train_step 650: value_update done, starting policy_update
[DEBUG] train_step 650: policy_update done
[step 00700] value_loss=28.363869 policy_loss=1.178265
[step 00700] VALUE_DEBUG: target(mean=-11.43 std=4.66 min=-22.92 max=-0.76) V(s)(mean=-10.29 std=1.55) reward(mean=-3.771 std=7.681) clip=50.0
[step 00700] eval_success_rate=0.000 eval_mean_score=9.800 eval_policy_mode=greedy [solved=0/50, score_range=5.00-11.00/16.0, initial=9.00]
[step 00700] PROGRESS: filled=10.08 violations=0.04 zero_cand=0.04
[step 00700] DEBUG: ep_len=16.0 ep_ret=-20.641 stop_prob=0.000 score_chg=-3.4525
[DEBUG] train_step 700: starting episode collection
[DEBUG] train_step 700: episodes collected, starting value_update
[DEBUG] train_step 700: value_update done, starting policy_update
[DEBUG] train_step 700: policy_update done
[step 00750] value_loss=20.256615 policy_loss=-1.638917
[step 00750] VALUE_DEBUG: target(mean=-11.10 std=4.16 min=-19.84 max=-3.13) V(s)(mean=-9.84 std=1.38) reward(mean=-3.578 std=6.440) clip=50.0
[DEBUG] train_step 750: starting episode collection
[DEBUG] train_step 750: episodes collected, starting value_update
[DEBUG] train_step 750: value_update done, starting policy_update
[DEBUG] train_step 750: policy_update done
[step 00800] value_loss=15.378176 policy_loss=0.355364
[step 00800] VALUE_DEBUG: target(mean=-11.48 std=3.35 min=-18.27 max=-5.37) V(s)(mean=-9.62 std=1.50) reward(mean=-2.912 std=4.656) clip=50.0
[step 00800] eval_success_rate=0.000 eval_mean_score=9.880 eval_policy_mode=greedy [solved=0/50, score_range=8.00-11.00/16.0, initial=9.00]
[step 00800] PROGRESS: filled=10.08 violations=0.10 zero_cand=0.00
[step 00800] DEBUG: ep_len=16.0 ep_ret=-19.541 stop_prob=0.000 score_chg=-2.2600
[DEBUG] train_step 800: starting episode collection
[DEBUG] train_step 800: episodes collected, starting value_update
[DEBUG] train_step 800: value_update done, starting policy_update
[DEBUG] train_step 800: policy_update done
[step 00850] value_loss=12.264959 policy_loss=-0.827114
[step 00850] VALUE_DEBUG: target(mean=-10.90 std=3.77 min=-21.07 max=-2.40) V(s)(mean=-10.85 std=1.56) reward(mean=-2.072 std=5.800) clip=50.0
[DEBUG] train_step 850: starting episode collection
[DEBUG] train_step 850: episodes collected, starting value_update
[DEBUG] train_step 850: value_update done, starting policy_update
[DEBUG] train_step 850: policy_update done
[step 00900] value_loss=18.110142 policy_loss=0.878586
[step 00900] VALUE_DEBUG: target(mean=-10.38 std=4.01 min=-17.88 max=-1.53) V(s)(mean=-9.93 std=1.09) reward(mean=-0.972 std=5.511) clip=50.0
[step 00900] eval_success_rate=0.000 eval_mean_score=10.040 eval_policy_mode=greedy [solved=0/50, score_range=9.00-11.00/16.0, initial=9.00]
[step 00900] PROGRESS: filled=10.04 violations=0.00 zero_cand=0.00
[step 00900] DEBUG: ep_len=16.0 ep_ret=-18.986 stop_prob=0.000 score_chg=-1.7175
[DEBUG] train_step 900: starting episode collection
[DEBUG] train_step 900: episodes collected, starting value_update
[DEBUG] train_step 900: value_update done, starting policy_update
[DEBUG] train_step 900: policy_update done
[step 00950] value_loss=7.516527 policy_loss=-0.837398
[step 00950] VALUE_DEBUG: target(mean=-11.01 std=2.73 min=-16.01 max=-4.57) V(s)(mean=-11.42 std=1.52) reward(mean=-0.303 std=2.435) clip=50.0
[DEBUG] train_step 950: starting episode collection
[DEBUG] train_step 950: episodes collected, starting value_update
[DEBUG] train_step 950: value_update done, starting policy_update
[DEBUG] train_step 950: policy_update done
[step 01000] value_loss=9.913186 policy_loss=0.137763
[step 01000] VALUE_DEBUG: target(mean=-11.39 std=3.33 min=-17.99 max=-1.14) V(s)(mean=-11.76 std=1.01) reward(mean=-2.013 std=5.970) clip=50.0
[step 01000] eval_success_rate=0.000 eval_mean_score=10.100 eval_policy_mode=greedy [solved=0/50, score_range=9.00-11.00/16.0, initial=9.00]
[step 01000] PROGRESS: filled=10.10 violations=0.00 zero_cand=0.00
[step 01000] DEBUG: ep_len=16.0 ep_ret=-19.042 stop_prob=0.000 score_chg=-1.7400
[Checkpoint] Saved to buiksat_trm/checkpoints/table3_hard_6to8_controlled_nomask_nc_r10_s9/rl_checkpoint_step_1000.pt
[DEBUG] train_step 1000: starting episode collection
[DEBUG] train_step 1000: episodes collected, starting value_update
[DEBUG] train_step 1000: value_update done, starting policy_update
[DEBUG] train_step 1000: policy_update done
[step 01050] value_loss=9.120750 policy_loss=-0.005323
[step 01050] VALUE_DEBUG: target(mean=-11.93 std=2.94 min=-19.64 max=-3.51) V(s)(mean=-12.11 std=0.76) reward(mean=-0.966 std=3.083) clip=50.0
[DEBUG] train_step 1050: starting episode collection
[DEBUG] train_step 1050: episodes collected, starting value_update
[DEBUG] train_step 1050: value_update done, starting policy_update
[DEBUG] train_step 1050: policy_update done
[step 01100] value_loss=6.871578 policy_loss=-0.453736
[step 01100] VALUE_DEBUG: target(mean=-11.87 std=2.95 min=-18.88 max=-7.06) V(s)(mean=-12.42 std=1.49) reward(mean=-1.018 std=3.621) clip=50.0
[step 01100] eval_success_rate=0.000 eval_mean_score=10.020 eval_policy_mode=greedy [solved=0/50, score_range=9.00-11.00/16.0, initial=9.00]
[step 01100] PROGRESS: filled=10.02 violations=0.00 zero_cand=0.00
[step 01100] DEBUG: ep_len=16.0 ep_ret=-18.479 stop_prob=0.000 score_chg=-1.1300
[DEBUG] train_step 1100: starting episode collection
[DEBUG] train_step 1100: episodes collected, starting value_update
[DEBUG] train_step 1100: value_update done, starting policy_update
[DEBUG] train_step 1100: policy_update done
[step 01150] value_loss=15.649136 policy_loss=0.670735
[step 01150] VALUE_DEBUG: target(mean=-12.84 std=3.98 min=-19.12 max=-2.38) V(s)(mean=-12.44 std=1.22) reward(mean=-1.951 std=4.576) clip=50.0
[DEBUG] train_step 1150: starting episode collection
[DEBUG] train_step 1150: episodes collected, starting value_update
[DEBUG] train_step 1150: value_update done, starting policy_update
[DEBUG] train_step 1150: policy_update done
[step 01200] value_loss=11.022020 policy_loss=0.763780
[step 01200] VALUE_DEBUG: target(mean=-12.44 std=3.46 min=-21.93 max=-6.34) V(s)(mean=-13.11 std=1.52) reward(mean=-1.343 std=4.892) clip=50.0
[step 01200] eval_success_rate=0.000 eval_mean_score=10.020 eval_policy_mode=greedy [solved=0/50, score_range=9.00-11.00/16.0, initial=9.00]
[step 01200] PROGRESS: filled=10.02 violations=0.00 zero_cand=0.00
[step 01200] DEBUG: ep_len=16.0 ep_ret=-18.297 stop_prob=0.000 score_chg=-1.0400
[DEBUG] train_step 1200: starting episode collection
[DEBUG] train_step 1200: episodes collected, starting value_update
[DEBUG] train_step 1200: value_update done, starting policy_update
[DEBUG] train_step 1200: policy_update done
[step 01250] value_loss=6.995973 policy_loss=0.965617
[step 01250] VALUE_DEBUG: target(mean=-12.65 std=2.88 min=-20.50 max=-7.33) V(s)(mean=-12.93 std=1.31) reward(mean=-1.786 std=4.934) clip=50.0
[DEBUG] train_step 1250: starting episode collection
[DEBUG] train_step 1250: episodes collected, starting value_update
[DEBUG] train_step 1250: value_update done, starting policy_update
[DEBUG] train_step 1250: policy_update done
[step 01300] value_loss=11.835629 policy_loss=-0.136468
[step 01300] VALUE_DEBUG: target(mean=-13.08 std=3.62 min=-20.76 max=-3.25) V(s)(mean=-13.38 std=1.05) reward(mean=-1.460 std=5.111) clip=50.0
[step 01300] eval_success_rate=0.000 eval_mean_score=10.060 eval_policy_mode=greedy [solved=0/50, score_range=9.00-12.00/16.0, initial=9.00]
[step 01300] PROGRESS: filled=10.06 violations=0.00 zero_cand=0.00
[step 01300] DEBUG: ep_len=16.0 ep_ret=-17.986 stop_prob=0.000 score_chg=-0.5150
[DEBUG] train_step 1300: starting episode collection
[DEBUG] train_step 1300: episodes collected, starting value_update
[DEBUG] train_step 1300: value_update done, starting policy_update
[DEBUG] train_step 1300: policy_update done
[step 01350] value_loss=11.446134 policy_loss=1.429952
[step 01350] VALUE_DEBUG: target(mean=-12.55 std=3.36 min=-19.39 max=-1.80) V(s)(mean=-13.40 std=1.02) reward(mean=-0.805 std=5.076) clip=50.0
[DEBUG] train_step 1350: starting episode collection
[DEBUG] train_step 1350: episodes collected, starting value_update
[DEBUG] train_step 1350: value_update done, starting policy_update
[DEBUG] train_step 1350: policy_update done
[step 01400] value_loss=14.531393 policy_loss=0.965869
[step 01400] VALUE_DEBUG: target(mean=-13.13 std=3.77 min=-22.82 max=-3.46) V(s)(mean=-12.89 std=1.39) reward(mean=-1.101 std=5.163) clip=50.0
[step 01400] eval_success_rate=0.000 eval_mean_score=10.080 eval_policy_mode=greedy [solved=0/50, score_range=9.00-12.00/16.0, initial=9.00]
[step 01400] PROGRESS: filled=10.08 violations=0.00 zero_cand=0.00
[step 01400] DEBUG: ep_len=16.0 ep_ret=-18.174 stop_prob=0.000 score_chg=-0.7000
[DEBUG] train_step 1400: starting episode collection
[DEBUG] train_step 1400: episodes collected, starting value_update
[DEBUG] train_step 1400: value_update done, starting policy_update
[DEBUG] train_step 1400: policy_update done
[step 01450] value_loss=4.535808 policy_loss=1.568351
[step 01450] VALUE_DEBUG: target(mean=-13.72 std=2.20 min=-21.09 max=-10.89) V(s)(mean=-13.93 std=1.15) reward(mean=-1.380 std=4.431) clip=50.0
[DEBUG] train_step 1450: starting episode collection
[DEBUG] train_step 1450: episodes collected, starting value_update
[DEBUG] train_step 1450: value_update done, starting policy_update
[DEBUG] train_step 1450: policy_update done
[step 01500] value_loss=4.445090 policy_loss=1.092498
[step 01500] VALUE_DEBUG: target(mean=-12.84 std=1.99 min=-16.34 max=-6.97) V(s)(mean=-13.72 std=1.01) reward(mean=-1.480 std=5.654) clip=50.0
[step 01500] eval_success_rate=0.000 eval_mean_score=10.060 eval_policy_mode=greedy [solved=0/50, score_range=9.00-12.00/16.0, initial=9.00]
[step 01500] PROGRESS: filled=10.06 violations=0.00 zero_cand=0.00
[step 01500] DEBUG: ep_len=16.0 ep_ret=-17.538 stop_prob=0.000 score_chg=-0.1300
[DEBUG] train_step 1500: starting episode collection
[DEBUG] train_step 1500: episodes collected, starting value_update
[DEBUG] train_step 1500: value_update done, starting policy_update
[DEBUG] train_step 1500: policy_update done
[step 01550] value_loss=6.223137 policy_loss=-0.105965
[step 01550] VALUE_DEBUG: target(mean=-13.08 std=2.72 min=-17.48 max=-6.65) V(s)(mean=-13.80 std=0.92) reward(mean=-0.286 std=3.605) clip=50.0
[DEBUG] train_step 1550: starting episode collection
[DEBUG] train_step 1550: episodes collected, starting value_update
[DEBUG] train_step 1550: value_update done, starting policy_update
[DEBUG] train_step 1550: policy_update done
[step 01600] value_loss=7.577235 policy_loss=0.810223
[step 01600] VALUE_DEBUG: target(mean=-13.62 std=2.76 min=-17.60 max=-4.46) V(s)(mean=-14.32 std=1.07) reward(mean=0.342 std=2.635) clip=50.0
[step 01600] eval_success_rate=0.000 eval_mean_score=10.040 eval_policy_mode=greedy [solved=0/50, score_range=9.00-11.00/16.0, initial=9.00]
[step 01600] PROGRESS: filled=10.04 violations=0.00 zero_cand=0.00
[step 01600] DEBUG: ep_len=16.0 ep_ret=-17.393 stop_prob=0.000 score_chg=-0.0850
[DEBUG] train_step 1600: starting episode collection
[DEBUG] train_step 1600: episodes collected, starting value_update
[DEBUG] train_step 1600: value_update done, starting policy_update
[DEBUG] train_step 1600: policy_update done
[step 01650] value_loss=7.673443 policy_loss=0.544140
[step 01650] VALUE_DEBUG: target(mean=-14.20 std=2.95 min=-24.37 max=-8.45) V(s)(mean=-14.91 std=1.31) reward(mean=-0.914 std=3.737) clip=50.0
[DEBUG] train_step 1650: starting episode collection
[DEBUG] train_step 1650: episodes collected, starting value_update
[DEBUG] train_step 1650: value_update done, starting policy_update
[DEBUG] train_step 1650: policy_update done
[step 01700] value_loss=3.266479 policy_loss=0.156712
[step 01700] VALUE_DEBUG: target(mean=-14.57 std=1.94 min=-19.96 max=-10.61) V(s)(mean=-14.35 std=0.89) reward(mean=-0.837 std=3.203) clip=50.0
[step 01700] eval_success_rate=0.000 eval_mean_score=10.220 eval_policy_mode=greedy [solved=0/50, score_range=9.00-12.00/16.0, initial=9.00]
[step 01700] PROGRESS: filled=10.22 violations=0.00 zero_cand=0.00
[step 01700] DEBUG: ep_len=16.0 ep_ret=-17.318 stop_prob=0.000 score_chg=-0.0675
[DEBUG] train_step 1700: starting episode collection
[DEBUG] train_step 1700: episodes collected, starting value_update
[DEBUG] train_step 1700: value_update done, starting policy_update
[DEBUG] train_step 1700: policy_update done
[step 01750] value_loss=6.767416 policy_loss=0.168973
[step 01750] VALUE_DEBUG: target(mean=-14.49 std=2.63 min=-20.83 max=-6.56) V(s)(mean=-15.53 std=1.14) reward(mean=-1.189 std=5.361) clip=50.0
[DEBUG] train_step 1750: starting episode collection
[DEBUG] train_step 1750: episodes collected, starting value_update
[DEBUG] train_step 1750: value_update done, starting policy_update
[DEBUG] train_step 1750: policy_update done
[step 01800] value_loss=1.521299 policy_loss=0.362851
[step 01800] VALUE_DEBUG: target(mean=-14.46 std=1.59 min=-17.29 max=-10.45) V(s)(mean=-14.29 std=1.28) reward(mean=-1.049 std=4.046) clip=50.0
[step 01800] eval_success_rate=0.000 eval_mean_score=10.060 eval_policy_mode=greedy [solved=0/50, score_range=9.00-11.00/16.0, initial=9.00]
[step 01800] PROGRESS: filled=10.06 violations=0.00 zero_cand=0.00
[step 01800] DEBUG: ep_len=16.0 ep_ret=-16.949 stop_prob=0.000 score_chg=0.3350
[DEBUG] train_step 1800: starting episode collection
[DEBUG] train_step 1800: episodes collected, starting value_update
[DEBUG] train_step 1800: value_update done, starting policy_update
[DEBUG] train_step 1800: policy_update done
[step 01850] value_loss=8.639908 policy_loss=-0.636243
[step 01850] VALUE_DEBUG: target(mean=-15.01 std=3.02 min=-23.51 max=-8.06) V(s)(mean=-14.95 std=0.92) reward(mean=-1.921 std=5.000) clip=50.0
[DEBUG] train_step 1850: starting episode collection
[DEBUG] train_step 1850: episodes collected, starting value_update
[DEBUG] train_step 1850: value_update done, starting policy_update
[DEBUG] train_step 1850: policy_update done
[step 01900] value_loss=3.940531 policy_loss=1.499385
[step 01900] VALUE_DEBUG: target(mean=-14.95 std=2.41 min=-24.17 max=-12.72) V(s)(mean=-14.45 std=1.13) reward(mean=-0.373 std=1.926) clip=50.0
[step 01900] eval_success_rate=0.000 eval_mean_score=10.180 eval_policy_mode=greedy [solved=0/50, score_range=9.00-12.00/16.0, initial=9.00]
[step 01900] PROGRESS: filled=10.18 violations=0.00 zero_cand=0.00
[step 01900] DEBUG: ep_len=16.0 ep_ret=-17.085 stop_prob=0.000 score_chg=0.2525
[DEBUG] train_step 1900: starting episode collection
[DEBUG] train_step 1900: episodes collected, starting value_update
[DEBUG] train_step 1900: value_update done, starting policy_update
[DEBUG] train_step 1900: policy_update done
[step 01950] value_loss=4.354986 policy_loss=0.041583
[step 01950] VALUE_DEBUG: target(mean=-14.86 std=2.30 min=-23.44 max=-10.15) V(s)(mean=-15.08 std=1.03) reward(mean=-2.248 std=5.112) clip=50.0
[DEBUG] train_step 1950: starting episode collection
[DEBUG] train_step 1950: episodes collected, starting value_update
[DEBUG] train_step 1950: value_update done, starting policy_update
[DEBUG] train_step 1950: policy_update done
[step 02000] value_loss=5.487732 policy_loss=0.429969
[step 02000] VALUE_DEBUG: target(mean=-14.89 std=2.64 min=-24.75 max=-9.68) V(s)(mean=-14.47 std=1.16) reward(mean=-1.118 std=4.596) clip=50.0
[step 02000] eval_success_rate=0.000 eval_mean_score=10.180 eval_policy_mode=greedy [solved=0/50, score_range=9.00-12.00/16.0, initial=9.00]
[step 02000] PROGRESS: filled=10.18 violations=0.00 zero_cand=0.00
[step 02000] DEBUG: ep_len=15.9 ep_ret=-16.878 stop_prob=0.000 score_chg=0.2550
[Checkpoint] Saved to buiksat_trm/checkpoints/table3_hard_6to8_controlled_nomask_nc_r10_s9/rl_checkpoint_step_2000.pt
[DEBUG] train_step 2000: starting episode collection
[DEBUG] train_step 2000: episodes collected, starting value_update
[DEBUG] train_step 2000: value_update done, starting policy_update
[DEBUG] train_step 2000: policy_update done
[step 02050] value_loss=2.992055 policy_loss=0.104142
[step 02050] VALUE_DEBUG: target(mean=-14.40 std=2.10 min=-22.26 max=-10.32) V(s)(mean=-14.62 std=1.32) reward(mean=-1.153 std=4.119) clip=50.0
[DEBUG] train_step 2050: starting episode collection
[DEBUG] train_step 2050: episodes collected, starting value_update
[DEBUG] train_step 2050: value_update done, starting policy_update
[DEBUG] train_step 2050: policy_update done
[step 02100] value_loss=3.994698 policy_loss=0.035790
[step 02100] VALUE_DEBUG: target(mean=-14.94 std=2.33 min=-22.49 max=-8.65) V(s)(mean=-15.38 std=1.13) reward(mean=-0.946 std=4.850) clip=50.0
[step 02100] eval_success_rate=0.000 eval_mean_score=10.240 eval_policy_mode=greedy [solved=0/50, score_range=9.00-13.00/16.0, initial=9.00]
[step 02100] PROGRESS: filled=10.24 violations=0.00 zero_cand=0.00
[step 02100] DEBUG: ep_len=15.9 ep_ret=-16.046 stop_prob=0.000 score_chg=1.0200
[DEBUG] train_step 2100: starting episode collection
[DEBUG] train_step 2100: episodes collected, starting value_update
[DEBUG] train_step 2100: value_update done, starting policy_update
[DEBUG] train_step 2100: policy_update done
[step 02150] value_loss=3.210281 policy_loss=0.386927
[step 02150] VALUE_DEBUG: target(mean=-14.75 std=1.75 min=-18.82 max=-7.74) V(s)(mean=-15.04 std=1.13) reward(mean=-0.656 std=4.380) clip=50.0
[DEBUG] train_step 2150: starting episode collection
[DEBUG] train_step 2150: episodes collected, starting value_update
[DEBUG] train_step 2150: value_update done, starting policy_update
[DEBUG] train_step 2150: policy_update done
[step 02200] value_loss=3.439098 policy_loss=0.335063
[step 02200] VALUE_DEBUG: target(mean=-15.33 std=2.12 min=-23.91 max=-12.60) V(s)(mean=-14.94 std=0.99) reward(mean=-1.814 std=4.873) clip=50.0
[step 02200] eval_success_rate=0.000 eval_mean_score=10.340 eval_policy_mode=greedy [solved=0/50, score_range=9.00-13.00/16.0, initial=9.00]
[step 02200] PROGRESS: filled=10.34 violations=0.00 zero_cand=0.00
[step 02200] DEBUG: ep_len=15.9 ep_ret=-16.638 stop_prob=0.000 score_chg=0.5600
[DEBUG] train_step 2200: starting episode collection
[DEBUG] train_step 2200: episodes collected, starting value_update
[DEBUG] train_step 2200: value_update done, starting policy_update
[DEBUG] train_step 2200: policy_update done
[step 02250] value_loss=5.272403 policy_loss=-0.521823
[step 02250] VALUE_DEBUG: target(mean=-15.02 std=2.34 min=-22.14 max=-9.08) V(s)(mean=-15.73 std=1.58) reward(mean=-0.385 std=3.632) clip=50.0
[DEBUG] train_step 2250: starting episode collection
[DEBUG] train_step 2250: episodes collected, starting value_update
[DEBUG] train_step 2250: value_update done, starting policy_update
[DEBUG] train_step 2250: policy_update done
[step 02300] value_loss=2.077909 policy_loss=1.127366
[step 02300] VALUE_DEBUG: target(mean=-15.13 std=1.47 min=-19.32 max=-10.29) V(s)(mean=-15.93 std=1.04) reward(mean=-0.256 std=3.105) clip=50.0
[step 02300] eval_success_rate=0.000 eval_mean_score=10.360 eval_policy_mode=greedy [solved=0/50, score_range=9.00-13.00/16.0, initial=9.00]
[step 02300] PROGRESS: filled=10.36 violations=0.00 zero_cand=0.00
[step 02300] DEBUG: ep_len=16.0 ep_ret=-16.686 stop_prob=0.000 score_chg=0.6450
[DEBUG] train_step 2300: starting episode collection
[DEBUG] train_step 2300: episodes collected, starting value_update
[DEBUG] train_step 2300: value_update done, starting policy_update
[DEBUG] train_step 2300: policy_update done
[step 02350] value_loss=4.969765 policy_loss=0.762619
[step 02350] VALUE_DEBUG: target(mean=-14.80 std=2.42 min=-19.89 max=-6.56) V(s)(mean=-15.65 std=0.94) reward(mean=-0.935 std=5.342) clip=50.0
[DEBUG] train_step 2350: starting episode collection
[DEBUG] train_step 2350: episodes collected, starting value_update
[DEBUG] train_step 2350: value_update done, starting policy_update
[DEBUG] train_step 2350: policy_update done
[step 02400] value_loss=2.494718 policy_loss=1.175022
[step 02400] VALUE_DEBUG: target(mean=-14.88 std=1.89 min=-19.70 max=-10.39) V(s)(mean=-15.52 std=1.42) reward(mean=0.404 std=1.574) clip=50.0
[step 02400] eval_success_rate=0.000 eval_mean_score=10.380 eval_policy_mode=greedy [solved=0/50, score_range=9.00-12.00/16.0, initial=9.00]
[step 02400] PROGRESS: filled=10.38 violations=0.00 zero_cand=0.00
[step 02400] DEBUG: ep_len=15.9 ep_ret=-16.229 stop_prob=0.000 score_chg=0.8575
[DEBUG] train_step 2400: starting episode collection
[DEBUG] train_step 2400: episodes collected, starting value_update
[DEBUG] train_step 2400: value_update done, starting policy_update
[DEBUG] train_step 2400: policy_update done
[step 02450] value_loss=8.043150 policy_loss=0.421602
[step 02450] VALUE_DEBUG: target(mean=-15.61 std=3.40 min=-25.52 max=-8.27) V(s)(mean=-15.68 std=1.29) reward(mean=-1.689 std=5.387) clip=50.0
[DEBUG] train_step 2450: starting episode collection
[DEBUG] train_step 2450: episodes collected, starting value_update
[DEBUG] train_step 2450: value_update done, starting policy_update
[DEBUG] train_step 2450: policy_update done
[step 02500] value_loss=4.352098 policy_loss=0.370803
[step 02500] VALUE_DEBUG: target(mean=-15.28 std=2.34 min=-21.83 max=-9.82) V(s)(mean=-14.85 std=0.98) reward(mean=-1.405 std=5.064) clip=50.0
[step 02500] eval_success_rate=0.000 eval_mean_score=10.500 eval_policy_mode=greedy [solved=0/50, score_range=9.00-12.00/16.0, initial=9.00]
[step 02500] PROGRESS: filled=10.50 violations=0.00 zero_cand=0.00
[step 02500] DEBUG: ep_len=15.9 ep_ret=-15.966 stop_prob=0.000 score_chg=1.2950
[DEBUG] train_step 2500: starting episode collection
[DEBUG] train_step 2500: episodes collected, starting value_update
[DEBUG] train_step 2500: value_update done, starting policy_update
[DEBUG] train_step 2500: policy_update done
[step 02550] value_loss=8.901121 policy_loss=0.618195
[step 02550] VALUE_DEBUG: target(mean=-15.59 std=3.38 min=-25.09 max=-7.52) V(s)(mean=-15.35 std=1.04) reward(mean=-0.717 std=4.124) clip=50.0
[DEBUG] train_step 2550: starting episode collection
[DEBUG] train_step 2550: episodes collected, starting value_update
[DEBUG] train_step 2550: value_update done, starting policy_update
[DEBUG] train_step 2550: policy_update done
[step 02600] value_loss=0.740910 policy_loss=-0.317400
[step 02600] VALUE_DEBUG: target(mean=-14.69 std=1.36 min=-17.63 max=-10.35) V(s)(mean=-15.08 std=0.96) reward(mean=-0.581 std=3.838) clip=50.0
[step 02600] eval_success_rate=0.000 eval_mean_score=10.380 eval_policy_mode=greedy [solved=0/50, score_range=9.00-13.00/16.0, initial=9.00]
[step 02600] PROGRESS: filled=10.38 violations=0.00 zero_cand=0.00
[step 02600] DEBUG: ep_len=15.9 ep_ret=-16.492 stop_prob=0.000 score_chg=0.7025
[DEBUG] train_step 2600: starting episode collection
[DEBUG] train_step 2600: episodes collected, starting value_update
[DEBUG] train_step 2600: value_update done, starting policy_update
[DEBUG] train_step 2600: policy_update done
[step 02650] value_loss=3.508206 policy_loss=0.243909
[step 02650] VALUE_DEBUG: target(mean=-15.59 std=2.31 min=-23.27 max=-10.18) V(s)(mean=-15.51 std=1.20) reward(mean=-1.502 std=5.044) clip=50.0
[DEBUG] train_step 2650: starting episode collection
[DEBUG] train_step 2650: episodes collected, starting value_update
[DEBUG] train_step 2650: value_update done, starting policy_update
[DEBUG] train_step 2650: policy_update done
[step 02700] value_loss=2.330395 policy_loss=0.420825
[step 02700] VALUE_DEBUG: target(mean=-15.45 std=1.63 min=-19.49 max=-8.58) V(s)(mean=-15.91 std=0.85) reward(mean=-0.326 std=3.182) clip=50.0
[step 02700] eval_success_rate=0.000 eval_mean_score=10.820 eval_policy_mode=greedy [solved=0/50, score_range=9.00-14.00/16.0, initial=9.00]
[step 02700] PROGRESS: filled=10.82 violations=0.00 zero_cand=0.00
[step 02700] DEBUG: ep_len=15.9 ep_ret=-15.758 stop_prob=0.000 score_chg=1.1650
[DEBUG] train_step 2700: starting episode collection
[DEBUG] train_step 2700: episodes collected, starting value_update
[DEBUG] train_step 2700: value_update done, starting policy_update
[DEBUG] train_step 2700: policy_update done
[step 02750] value_loss=3.435734 policy_loss=0.527586
[step 02750] VALUE_DEBUG: target(mean=-15.18 std=2.29 min=-20.52 max=-6.25) V(s)(mean=-15.32 std=1.28) reward(mean=-0.878 std=4.439) clip=50.0
[DEBUG] train_step 2750: starting episode collection
[DEBUG] train_step 2750: episodes collected, starting value_update
[DEBUG] train_step 2750: value_update done, starting policy_update
[DEBUG] train_step 2750: policy_update done
[step 02800] value_loss=3.591369 policy_loss=0.613776
[step 02800] VALUE_DEBUG: target(mean=-15.29 std=2.40 min=-21.21 max=-8.15) V(s)(mean=-15.35 std=1.04) reward(mean=-0.011 std=2.190) clip=50.0
[step 02800] eval_success_rate=0.000 eval_mean_score=10.620 eval_policy_mode=greedy [solved=0/50, score_range=9.00-13.00/16.0, initial=9.00]
[step 02800] PROGRESS: filled=10.62 violations=0.00 zero_cand=0.00
[step 02800] DEBUG: ep_len=15.9 ep_ret=-15.407 stop_prob=0.000 score_chg=1.6100
[DEBUG] train_step 2800: starting episode collection
[DEBUG] train_step 2800: episodes collected, starting value_update
[DEBUG] train_step 2800: value_update done, starting policy_update
[DEBUG] train_step 2800: policy_update done
[step 02850] value_loss=2.972460 policy_loss=-0.271938
[step 02850] VALUE_DEBUG: target(mean=-15.46 std=1.86 min=-21.12 max=-12.33) V(s)(mean=-15.07 std=1.07) reward(mean=-1.825 std=4.893) clip=50.0
[DEBUG] train_step 2850: starting episode collection
[DEBUG] train_step 2850: episodes collected, starting value_update
[DEBUG] train_step 2850: value_update done, starting policy_update
[DEBUG] train_step 2850: policy_update done
[step 02900] value_loss=5.791365 policy_loss=1.085950
[step 02900] VALUE_DEBUG: target(mean=-15.50 std=2.84 min=-24.35 max=-6.81) V(s)(mean=-15.41 std=1.42) reward(mean=-0.460 std=3.866) clip=50.0
[step 02900] eval_success_rate=0.000 eval_mean_score=10.700 eval_policy_mode=greedy [solved=0/50, score_range=9.00-13.00/16.0, initial=9.00]
[step 02900] PROGRESS: filled=10.70 violations=0.00 zero_cand=0.00
[step 02900] DEBUG: ep_len=15.9 ep_ret=-15.800 stop_prob=0.000 score_chg=1.1125
[DEBUG] train_step 2900: starting episode collection
[DEBUG] train_step 2900: episodes collected, starting value_update
[DEBUG] train_step 2900: value_update done, starting policy_update
[DEBUG] train_step 2900: policy_update done
[step 02950] value_loss=2.502059 policy_loss=1.115241
[step 02950] VALUE_DEBUG: target(mean=-15.23 std=1.61 min=-21.97 max=-13.02) V(s)(mean=-15.05 std=1.06) reward(mean=-0.880 std=4.159) clip=50.0
[DEBUG] train_step 2950: starting episode collection
[DEBUG] train_step 2950: episodes collected, starting value_update
[DEBUG] train_step 2950: value_update done, starting policy_update
[DEBUG] train_step 2950: policy_update done
[step 03000] value_loss=5.038537 policy_loss=0.300793
[step 03000] VALUE_DEBUG: target(mean=-15.20 std=2.46 min=-23.27 max=-8.35) V(s)(mean=-15.33 std=0.99) reward(mean=-1.103 std=5.091) clip=50.0
[step 03000] eval_success_rate=0.000 eval_mean_score=10.940 eval_policy_mode=greedy [solved=0/50, score_range=9.00-15.00/16.0, initial=9.00]
[step 03000] PROGRESS: filled=10.94 violations=0.00 zero_cand=0.00
[step 03000] DEBUG: ep_len=15.8 ep_ret=-15.081 stop_prob=0.000 score_chg=1.6500
[Checkpoint] Saved to buiksat_trm/checkpoints/table3_hard_6to8_controlled_nomask_nc_r10_s9/rl_checkpoint_step_3000.pt
[DEBUG] train_step 3000: starting episode collection
[DEBUG] train_step 3000: episodes collected, starting value_update
[DEBUG] train_step 3000: value_update done, starting policy_update
[DEBUG] train_step 3000: policy_update done
[step 03050] value_loss=4.725712 policy_loss=0.338098
[step 03050] VALUE_DEBUG: target(mean=-14.76 std=2.25 min=-18.17 max=-5.99) V(s)(mean=-15.16 std=1.18) reward(mean=0.585 std=2.074) clip=50.0
[DEBUG] train_step 3050: starting episode collection
[DEBUG] train_step 3050: episodes collected, starting value_update
[DEBUG] train_step 3050: value_update done, starting policy_update
[DEBUG] train_step 3050: policy_update done
[step 03100] value_loss=1.886271 policy_loss=0.211910
[step 03100] VALUE_DEBUG: target(mean=-15.15 std=1.26 min=-17.14 max=-11.09) V(s)(mean=-14.76 std=1.04) reward(mean=-1.229 std=4.816) clip=50.0
[step 03100] eval_success_rate=0.000 eval_mean_score=10.860 eval_policy_mode=greedy [solved=0/50, score_range=9.00-14.00/16.0, initial=9.00]
[step 03100] PROGRESS: filled=10.86 violations=0.00 zero_cand=0.00
[step 03100] DEBUG: ep_len=15.8 ep_ret=-15.175 stop_prob=0.000 score_chg=1.6750
[DEBUG] train_step 3100: starting episode collection
[DEBUG] train_step 3100: episodes collected, starting value_update
[DEBUG] train_step 3100: value_update done, starting policy_update
[DEBUG] train_step 3100: policy_update done
[step 03150] value_loss=1.330871 policy_loss=0.985688
[step 03150] VALUE_DEBUG: target(mean=-14.64 std=1.37 min=-16.49 max=-9.85) V(s)(mean=-14.96 std=1.12) reward(mean=-1.674 std=5.511) clip=50.0
[DEBUG] train_step 3150: starting episode collection
[DEBUG] train_step 3150: episodes collected, starting value_update
[DEBUG] train_step 3150: value_update done, starting policy_update
[DEBUG] train_step 3150: policy_update done
[step 03200] value_loss=3.906492 policy_loss=0.827766
[step 03200] VALUE_DEBUG: target(mean=-15.19 std=1.95 min=-22.61 max=-11.22) V(s)(mean=-15.60 std=1.40) reward(mean=-1.008 std=4.316) clip=50.0
[step 03200] eval_success_rate=0.000 eval_mean_score=10.980 eval_policy_mode=greedy [solved=0/50, score_range=9.00-13.00/16.0, initial=9.00]
[step 03200] PROGRESS: filled=10.98 violations=0.00 zero_cand=0.00
[step 03200] DEBUG: ep_len=15.8 ep_ret=-14.363 stop_prob=0.000 score_chg=2.0850
[DEBUG] train_step 3200: starting episode collection
[DEBUG] train_step 3200: episodes collected, starting value_update
[DEBUG] train_step 3200: value_update done, starting policy_update
[DEBUG] train_step 3200: policy_update done
[step 03250] value_loss=8.267648 policy_loss=1.200951
[step 03250] VALUE_DEBUG: target(mean=-14.88 std=3.22 min=-25.01 max=-9.05) V(s)(mean=-15.04 std=1.21) reward(mean=-0.255 std=4.122) clip=50.0
[DEBUG] train_step 3250: starting episode collection
[DEBUG] train_step 3250: episodes collected, starting value_update
[DEBUG] train_step 3250: value_update done, starting policy_update
[DEBUG] train_step 3250: policy_update done
[step 03300] value_loss=2.360378 policy_loss=0.160542
[step 03300] VALUE_DEBUG: target(mean=-15.56 std=1.75 min=-21.48 max=-12.08) V(s)(mean=-14.89 std=1.01) reward(mean=-3.163 std=6.637) clip=50.0
[step 03300] eval_success_rate=0.000 eval_mean_score=10.840 eval_policy_mode=greedy [solved=0/50, score_range=9.00-13.00/16.0, initial=9.00]
[step 03300] PROGRESS: filled=10.84 violations=0.00 zero_cand=0.00
[step 03300] DEBUG: ep_len=15.7 ep_ret=-14.200 stop_prob=0.000 score_chg=2.2050
[DEBUG] train_step 3300: starting episode collection
[DEBUG] train_step 3300: episodes collected, starting value_update
[DEBUG] train_step 3300: value_update done, starting policy_update
[DEBUG] train_step 3300: policy_update done
[step 03350] value_loss=13.689605 policy_loss=0.530681
[step 03350] VALUE_DEBUG: target(mean=-16.30 std=3.97 min=-26.88 max=-9.47) V(s)(mean=-15.42 std=0.95) reward(mean=-3.462 std=7.366) clip=50.0
[DEBUG] train_step 3350: starting episode collection
[DEBUG] train_step 3350: episodes collected, starting value_update
[DEBUG] train_step 3350: value_update done, starting policy_update
[DEBUG] train_step 3350: policy_update done
[step 03400] value_loss=2.921375 policy_loss=-0.807631
[step 03400] VALUE_DEBUG: target(mean=-15.34 std=2.40 min=-21.79 max=-10.49) V(s)(mean=-15.20 std=1.53) reward(mean=0.084 std=1.827) clip=50.0
[step 03400] eval_success_rate=0.000 eval_mean_score=11.040 eval_policy_mode=greedy [solved=0/50, score_range=9.00-14.00/16.0, initial=9.00]
[step 03400] PROGRESS: filled=11.04 violations=0.00 zero_cand=0.00
[step 03400] DEBUG: ep_len=15.8 ep_ret=-14.493 stop_prob=0.000 score_chg=2.1800
[DEBUG] train_step 3400: starting episode collection
[DEBUG] train_step 3400: episodes collected, starting value_update
[DEBUG] train_step 3400: value_update done, starting policy_update
[DEBUG] train_step 3400: policy_update done
[step 03450] value_loss=3.411462 policy_loss=0.545449
[step 03450] VALUE_DEBUG: target(mean=-14.95 std=2.40 min=-19.54 max=-6.94) V(s)(mean=-15.18 std=1.45) reward(mean=-1.659 std=5.180) clip=50.0
[DEBUG] train_step 3450: starting episode collection
[DEBUG] train_step 3450: episodes collected, starting value_update
[DEBUG] train_step 3450: value_update done, starting policy_update
[DEBUG] train_step 3450: policy_update done
[step 03500] value_loss=5.066918 policy_loss=0.473284
[step 03500] VALUE_DEBUG: target(mean=-14.92 std=2.61 min=-20.06 max=-5.80) V(s)(mean=-15.64 std=1.23) reward(mean=-0.167 std=3.547) clip=50.0
[step 03500] eval_success_rate=0.000 eval_mean_score=10.760 eval_policy_mode=greedy [solved=0/50, score_range=9.00-14.00/16.0, initial=9.00]
[step 03500] PROGRESS: filled=10.76 violations=0.00 zero_cand=0.00
[step 03500] DEBUG: ep_len=15.7 ep_ret=-14.678 stop_prob=0.000 score_chg=1.8125
[DEBUG] train_step 3500: starting episode collection
[DEBUG] train_step 3500: episodes collected, starting value_update
[DEBUG] train_step 3500: value_update done, starting policy_update
[DEBUG] train_step 3500: policy_update done
[step 03550] value_loss=1.188046 policy_loss=0.402801
[step 03550] VALUE_DEBUG: target(mean=-15.12 std=1.55 min=-20.32 max=-11.18) V(s)(mean=-15.51 std=1.16) reward(mean=-0.255 std=3.044) clip=50.0
[DEBUG] train_step 3550: starting episode collection
[DEBUG] train_step 3550: episodes collected, starting value_update
[DEBUG] train_step 3550: value_update done, starting policy_update
[DEBUG] train_step 3550: policy_update done
[step 03600] value_loss=2.821697 policy_loss=0.126894
[step 03600] VALUE_DEBUG: target(mean=-15.85 std=1.70 min=-21.25 max=-12.69) V(s)(mean=-15.32 std=1.04) reward(mean=-1.417 std=4.205) clip=50.0
[step 03600] eval_success_rate=0.000 eval_mean_score=10.960 eval_policy_mode=greedy [solved=0/50, score_range=9.00-13.00/16.0, initial=9.00]
[step 03600] PROGRESS: filled=10.96 violations=0.00 zero_cand=0.00
[step 03600] DEBUG: ep_len=15.7 ep_ret=-14.356 stop_prob=0.000 score_chg=2.1325
[DEBUG] train_step 3600: starting episode collection
[DEBUG] train_step 3600: episodes collected, starting value_update
[DEBUG] train_step 3600: value_update done, starting policy_update
[DEBUG] train_step 3600: policy_update done
[step 03650] value_loss=6.045028 policy_loss=0.032936
[step 03650] VALUE_DEBUG: target(mean=-15.54 std=2.25 min=-23.28 max=-10.77) V(s)(mean=-15.84 std=1.02) reward(mean=-1.228 std=4.472) clip=50.0
[DEBUG] train_step 3650: starting episode collection
[DEBUG] train_step 3650: episodes collected, starting value_update
[DEBUG] train_step 3650: value_update done, starting policy_update
[DEBUG] train_step 3650: policy_update done
[step 03700] value_loss=14.716510 policy_loss=0.089851
[step 03700] VALUE_DEBUG: target(mean=-13.81 std=4.35 min=-19.20 max=6.84) V(s)(mean=-15.03 std=1.33) reward(mean=0.769 std=2.234) clip=50.0
[step 03700] eval_success_rate=0.000 eval_mean_score=11.380 eval_policy_mode=greedy [solved=0/50, score_range=9.00-15.00/16.0, initial=9.00]
[step 03700] PROGRESS: filled=11.38 violations=0.00 zero_cand=0.00
[step 03700] DEBUG: ep_len=15.6 ep_ret=-13.485 stop_prob=0.000 score_chg=2.5350
[DEBUG] train_step 3700: starting episode collection
[DEBUG] train_step 3700: episodes collected, starting value_update
[DEBUG] train_step 3700: value_update done, starting policy_update
[DEBUG] train_step 3700: policy_update done
[step 03750] value_loss=1.931547 policy_loss=0.542105
[step 03750] VALUE_DEBUG: target(mean=-15.52 std=1.57 min=-22.02 max=-12.98) V(s)(mean=-15.20 std=0.92) reward(mean=-1.725 std=4.810) clip=50.0
[DEBUG] train_step 3750: starting episode collection
[DEBUG] train_step 3750: episodes collected, starting value_update
[DEBUG] train_step 3750: value_update done, starting policy_update
[DEBUG] train_step 3750: policy_update done
[step 03800] value_loss=13.022058 policy_loss=0.283286
[step 03800] VALUE_DEBUG: target(mean=-14.60 std=3.98 min=-24.99 max=1.84) V(s)(mean=-14.73 std=1.08) reward(mean=-1.979 std=5.742) clip=50.0
[step 03800] eval_success_rate=0.000 eval_mean_score=11.900 eval_policy_mode=greedy [solved=0/50, score_range=9.00-15.00/16.0, initial=9.00]
[step 03800] PROGRESS: filled=11.90 violations=0.00 zero_cand=0.00
[step 03800] DEBUG: ep_len=15.7 ep_ret=-14.208 stop_prob=0.000 score_chg=2.1525
[DEBUG] train_step 3800: starting episode collection
[DEBUG] train_step 3800: episodes collected, starting value_update
[DEBUG] train_step 3800: value_update done, starting policy_update
[DEBUG] train_step 3800: policy_update done
[step 03850] value_loss=20.235405 policy_loss=-0.101985
[step 03850] VALUE_DEBUG: target(mean=-13.78 std=4.80 min=-21.09 max=6.84) V(s)(mean=-14.27 std=2.08) reward(mean=-0.957 std=5.862) clip=50.0
[DEBUG] train_step 3850: starting episode collection
[DEBUG] train_step 3850: episodes collected, starting value_update
[DEBUG] train_step 3850: value_update done, starting policy_update
[DEBUG] train_step 3850: policy_update done
[step 03900] value_loss=2.232867 policy_loss=0.733687
[step 03900] VALUE_DEBUG: target(mean=-15.56 std=1.68 min=-21.12 max=-13.26) V(s)(mean=-15.06 std=1.11) reward(mean=-1.291 std=4.125) clip=50.0
[step 03900] eval_success_rate=0.000 eval_mean_score=10.980 eval_policy_mode=greedy [solved=0/50, score_range=9.00-14.00/16.0, initial=9.00]
[step 03900] PROGRESS: filled=10.98 violations=0.00 zero_cand=0.00
[step 03900] DEBUG: ep_len=15.6 ep_ret=-12.998 stop_prob=0.000 score_chg=2.7725
[DEBUG] train_step 3900: starting episode collection
[DEBUG] train_step 3900: episodes collected, starting value_update
[DEBUG] train_step 3900: value_update done, starting policy_update
[DEBUG] train_step 3900: policy_update done
[step 03950] value_loss=3.881557 policy_loss=-0.110796
[step 03950] VALUE_DEBUG: target(mean=-15.13 std=2.31 min=-24.73 max=-10.52) V(s)(mean=-14.99 std=1.34) reward(mean=-0.817 std=4.364) clip=50.0
[DEBUG] train_step 3950: starting episode collection
[DEBUG] train_step 3950: episodes collected, starting value_update
[DEBUG] train_step 3950: value_update done, starting policy_update
[DEBUG] train_step 3950: policy_update done
[step 04000] value_loss=10.780027 policy_loss=-0.513131
[step 04000] VALUE_DEBUG: target(mean=-15.51 std=2.83 min=-25.40 max=-11.51) V(s)(mean=-14.46 std=1.68) reward(mean=-1.499 std=4.209) clip=50.0
[step 04000] eval_success_rate=0.020 eval_mean_score=11.380 eval_policy_mode=greedy [solved=1/50, score_range=9.00-16.00/16.0, initial=9.00]
[step 04000] PROGRESS: filled=11.38 violations=0.00 zero_cand=0.00
[step 04000] DEBUG: ep_len=15.5 ep_ret=-13.295 stop_prob=0.000 score_chg=2.1525
[Checkpoint] Saved to buiksat_trm/checkpoints/table3_hard_6to8_controlled_nomask_nc_r10_s9/rl_checkpoint_step_4000.pt
[DEBUG] train_step 4000: starting episode collection
[DEBUG] train_step 4000: episodes collected, starting value_update
[DEBUG] train_step 4000: value_update done, starting policy_update
[DEBUG] train_step 4000: policy_update done
[step 04050] value_loss=4.709379 policy_loss=0.806741
[step 04050] VALUE_DEBUG: target(mean=-14.64 std=2.49 min=-20.35 max=-7.50) V(s)(mean=-15.06 std=1.34) reward(mean=-0.675 std=4.535) clip=50.0
[DEBUG] train_step 4050: starting episode collection
[DEBUG] train_step 4050: episodes collected, starting value_update
[DEBUG] train_step 4050: value_update done, starting policy_update
[DEBUG] train_step 4050: policy_update done
[step 04100] value_loss=3.522212 policy_loss=-0.113997
[step 04100] VALUE_DEBUG: target(mean=-14.99 std=2.26 min=-20.32 max=-9.44) V(s)(mean=-15.12 std=1.42) reward(mean=-0.454 std=3.398) clip=50.0
[step 04100] eval_success_rate=0.000 eval_mean_score=11.420 eval_policy_mode=greedy [solved=0/50, score_range=9.00-15.00/16.0, initial=9.00]
[step 04100] PROGRESS: filled=11.42 violations=0.00 zero_cand=0.00
[step 04100] DEBUG: ep_len=15.6 ep_ret=-13.133 stop_prob=0.000 score_chg=2.5850
[DEBUG] train_step 4100: starting episode collection
[DEBUG] train_step 4100: episodes collected, starting value_update
[DEBUG] train_step 4100: value_update done, starting policy_update
[DEBUG] train_step 4100: policy_update done
[step 04150] value_loss=4.054829 policy_loss=1.128784
[step 04150] VALUE_DEBUG: target(mean=-14.96 std=2.65 min=-24.36 max=-9.26) V(s)(mean=-15.07 std=1.45) reward(mean=-0.363 std=3.505) clip=50.0
[DEBUG] train_step 4150: starting episode collection
[DEBUG] train_step 4150: episodes collected, starting value_update
[DEBUG] train_step 4150: value_update done, starting policy_update
[DEBUG] train_step 4150: policy_update done
[step 04200] value_loss=7.611947 policy_loss=-0.126116
[step 04200] VALUE_DEBUG: target(mean=-15.10 std=3.14 min=-26.41 max=-8.46) V(s)(mean=-14.87 std=1.53) reward(mean=-2.232 std=6.312) clip=50.0
[step 04200] eval_success_rate=0.060 eval_mean_score=11.720 eval_policy_mode=greedy [solved=3/50, score_range=9.00-16.00/16.0, initial=9.00]
[step 04200] PROGRESS: filled=11.72 violations=0.00 zero_cand=0.00
[step 04200] DEBUG: ep_len=15.5 ep_ret=-12.859 stop_prob=0.000 score_chg=2.6125
[DEBUG] train_step 4200: starting episode collection
[DEBUG] train_step 4200: episodes collected, starting value_update
[DEBUG] train_step 4200: value_update done, starting policy_update
[DEBUG] train_step 4200: policy_update done
[step 04250] value_loss=2.250364 policy_loss=1.192253
[step 04250] VALUE_DEBUG: target(mean=-14.62 std=2.37 min=-18.23 max=-6.13) V(s)(mean=-14.81 std=1.72) reward(mean=-0.116 std=3.280) clip=50.0
[DEBUG] train_step 4250: starting episode collection
[DEBUG] train_step 4250: episodes collected, starting value_update
[DEBUG] train_step 4250: value_update done, starting policy_update
[DEBUG] train_step 4250: policy_update done
[step 04300] value_loss=12.331944 policy_loss=0.475305
[step 04300] VALUE_DEBUG: target(mean=-14.98 std=3.60 min=-24.78 max=-9.15) V(s)(mean=-14.71 std=2.09) reward(mean=-0.354 std=3.379) clip=50.0
[step 04300] eval_success_rate=0.000 eval_mean_score=12.240 eval_policy_mode=greedy [solved=0/50, score_range=9.00-15.00/16.0, initial=9.00]
[step 04300] PROGRESS: filled=12.24 violations=0.00 zero_cand=0.00
[step 04300] DEBUG: ep_len=15.4 ep_ret=-12.114 stop_prob=0.000 score_chg=2.8775
[DEBUG] train_step 4300: starting episode collection
[DEBUG] train_step 4300: episodes collected, starting value_update
[DEBUG] train_step 4300: value_update done, starting policy_update
[DEBUG] train_step 4300: policy_update done
[step 04350] value_loss=2.165170 policy_loss=1.211350
[step 04350] VALUE_DEBUG: target(mean=-14.49 std=2.25 min=-19.80 max=-7.65) V(s)(mean=-14.08 std=2.16) reward(mean=-1.643 std=4.835) clip=50.0
[DEBUG] train_step 4350: starting episode collection
[DEBUG] train_step 4350: episodes collected, starting value_update
[DEBUG] train_step 4350: value_update done, starting policy_update
[DEBUG] train_step 4350: policy_update done
[step 04400] value_loss=6.322357 policy_loss=0.342023
[step 04400] VALUE_DEBUG: target(mean=-15.15 std=2.99 min=-22.22 max=-6.30) V(s)(mean=-14.88 std=1.63) reward(mean=-1.670 std=5.321) clip=50.0
[step 04400] eval_success_rate=0.000 eval_mean_score=11.540 eval_policy_mode=greedy [solved=0/50, score_range=9.00-15.00/16.0, initial=9.00]
[step 04400] PROGRESS: filled=11.54 violations=0.00 zero_cand=0.00
[step 04400] DEBUG: ep_len=15.4 ep_ret=-12.907 stop_prob=0.000 score_chg=2.5700
[DEBUG] train_step 4400: starting episode collection
[DEBUG] train_step 4400: episodes collected, starting value_update
[DEBUG] train_step 4400: value_update done, starting policy_update
[DEBUG] train_step 4400: policy_update done
[step 04450] value_loss=9.263978 policy_loss=0.946135
[step 04450] VALUE_DEBUG: target(mean=-14.82 std=3.92 min=-25.55 max=-2.79) V(s)(mean=-14.17 std=2.08) reward(mean=-1.998 std=5.982) clip=50.0
[DEBUG] train_step 4450: starting episode collection
[DEBUG] train_step 4450: episodes collected, starting value_update
[DEBUG] train_step 4450: value_update done, starting policy_update
[DEBUG] train_step 4450: policy_update done
[step 04500] value_loss=5.428708 policy_loss=-0.299544
[step 04500] VALUE_DEBUG: target(mean=-14.61 std=2.90 min=-20.63 max=-5.81) V(s)(mean=-14.00 std=2.19) reward(mean=-0.635 std=3.483) clip=50.0
[step 04500] eval_success_rate=0.040 eval_mean_score=12.200 eval_policy_mode=greedy [solved=2/50, score_range=9.00-16.00/16.0, initial=9.00]
[step 04500] PROGRESS: filled=12.20 violations=0.00 zero_cand=0.00
[step 04500] DEBUG: ep_len=15.4 ep_ret=-11.937 stop_prob=0.000 score_chg=3.2525
[DEBUG] train_step 4500: starting episode collection
[DEBUG] train_step 4500: episodes collected, starting value_update
[DEBUG] train_step 4500: value_update done, starting policy_update
[DEBUG] train_step 4500: policy_update done
[step 04550] value_loss=22.064426 policy_loss=0.540473
[step 04550] VALUE_DEBUG: target(mean=-13.39 std=5.13 min=-21.71 max=1.84) V(s)(mean=-14.32 std=1.99) reward(mean=-0.670 std=4.600) clip=50.0
[DEBUG] train_step 4550: starting episode collection
[DEBUG] train_step 4550: episodes collected, starting value_update
[DEBUG] train_step 4550: value_update done, starting policy_update
[DEBUG] train_step 4550: policy_update done
[step 04600] value_loss=3.611686 policy_loss=1.244470
[step 04600] VALUE_DEBUG: target(mean=-14.63 std=2.27 min=-20.00 max=-8.14) V(s)(mean=-14.19 std=1.51) reward(mean=-1.544 std=5.418) clip=50.0
[step 04600] eval_success_rate=0.080 eval_mean_score=12.160 eval_policy_mode=greedy [solved=4/50, score_range=9.00-16.00/16.0, initial=9.00]
[step 04600] PROGRESS: filled=12.16 violations=0.00 zero_cand=0.00
[step 04600] DEBUG: ep_len=15.1 ep_ret=-11.564 stop_prob=0.000 score_chg=3.0150
[DEBUG] train_step 4600: starting episode collection
[DEBUG] train_step 4600: episodes collected, starting value_update
[DEBUG] train_step 4600: value_update done, starting policy_update
[DEBUG] train_step 4600: policy_update done
[step 04650] value_loss=3.951865 policy_loss=-0.222007
[step 04650] VALUE_DEBUG: target(mean=-14.53 std=2.30 min=-21.64 max=-7.71) V(s)(mean=-14.56 std=1.15) reward(mean=-0.955 std=4.313) clip=50.0
[DEBUG] train_step 4650: starting episode collection
[DEBUG] train_step 4650: episodes collected, starting value_update
[DEBUG] train_step 4650: value_update done, starting policy_update
[DEBUG] train_step 4650: policy_update done
[step 04700] value_loss=3.764537 policy_loss=0.734476
[step 04700] VALUE_DEBUG: target(mean=-13.97 std=2.33 min=-20.28 max=-7.01) V(s)(mean=-14.24 std=1.09) reward(mean=-0.614 std=4.446) clip=50.0
[step 04700] eval_success_rate=0.120 eval_mean_score=12.320 eval_policy_mode=greedy [solved=6/50, score_range=9.00-16.00/16.0, initial=9.00]
[step 04700] PROGRESS: filled=12.32 violations=0.00 zero_cand=0.00
[step 04700] DEBUG: ep_len=15.0 ep_ret=-10.944 stop_prob=0.000 score_chg=3.1025
[DEBUG] train_step 4700: starting episode collection
[DEBUG] train_step 4700: episodes collected, starting value_update
[DEBUG] train_step 4700: value_update done, starting policy_update
[DEBUG] train_step 4700: policy_update done
[step 04750] value_loss=2.759551 policy_loss=0.292000
[step 04750] VALUE_DEBUG: target(mean=-14.53 std=2.32 min=-20.65 max=-8.45) V(s)(mean=-14.24 std=1.50) reward(mean=-0.452 std=3.257) clip=50.0
[DEBUG] train_step 4750: starting episode collection
[DEBUG] train_step 4750: episodes collected, starting value_update
[DEBUG] train_step 4750: value_update done, starting policy_update
[DEBUG] train_step 4750: policy_update done
[step 04800] value_loss=10.548719 policy_loss=-0.401292
[step 04800] VALUE_DEBUG: target(mean=-13.20 std=3.54 min=-17.38 max=1.84) V(s)(mean=-14.15 std=2.08) reward(mean=0.108 std=3.264) clip=50.0
[step 04800] eval_success_rate=0.000 eval_mean_score=12.380 eval_policy_mode=greedy [solved=0/50, score_range=10.00-15.00/16.0, initial=9.00]
[step 04800] PROGRESS: filled=12.38 violations=0.00 zero_cand=0.00
[step 04800] DEBUG: ep_len=15.1 ep_ret=-11.322 stop_prob=0.000 score_chg=3.2050
[DEBUG] train_step 4800: starting episode collection
[DEBUG] train_step 4800: episodes collected, starting value_update
[DEBUG] train_step 4800: value_update done, starting policy_update
[DEBUG] train_step 4800: policy_update done
[step 04850] value_loss=9.825955 policy_loss=0.796752
[step 04850] VALUE_DEBUG: target(mean=-14.83 std=3.40 min=-21.59 max=-6.82) V(s)(mean=-13.95 std=2.45) reward(mean=-1.916 std=4.803) clip=50.0
[DEBUG] train_step 4850: starting episode collection
[DEBUG] train_step 4850: episodes collected, starting value_update
[DEBUG] train_step 4850: value_update done, starting policy_update
[DEBUG] train_step 4850: policy_update done
[step 04900] value_loss=11.338811 policy_loss=-0.122520
[step 04900] VALUE_DEBUG: target(mean=-14.74 std=3.19 min=-24.04 max=-8.75) V(s)(mean=-14.44 std=1.80) reward(mean=-0.289 std=3.340) clip=50.0
[step 04900] eval_success_rate=0.100 eval_mean_score=12.300 eval_policy_mode=greedy [solved=5/50, score_range=9.00-16.00/16.0, initial=9.00]
[step 04900] PROGRESS: filled=12.30 violations=0.00 zero_cand=0.00
[step 04900] DEBUG: ep_len=15.0 ep_ret=-10.387 stop_prob=0.000 score_chg=3.6425
[DEBUG] train_step 4900: starting episode collection
[DEBUG] train_step 4900: episodes collected, starting value_update
[DEBUG] train_step 4900: value_update done, starting policy_update
[DEBUG] train_step 4900: policy_update done
[step 04950] value_loss=8.107723 policy_loss=-0.294657
[step 04950] VALUE_DEBUG: target(mean=-15.13 std=2.36 min=-21.99 max=-8.40) V(s)(mean=-14.42 std=1.56) reward(mean=-0.441 std=2.743) clip=50.0
[DEBUG] train_step 4950: starting episode collection
[DEBUG] train_step 4950: episodes collected, starting value_update
[DEBUG] train_step 4950: value_update done, starting policy_update
[DEBUG] train_step 4950: policy_update done
[step 05000] value_loss=4.412437 policy_loss=1.120372
[step 05000] VALUE_DEBUG: target(mean=-13.97 std=3.78 min=-21.67 max=-5.66) V(s)(mean=-13.28 std=2.72) reward(mean=-1.069 std=3.437) clip=50.0
[step 05000] eval_success_rate=0.000 eval_mean_score=12.460 eval_policy_mode=greedy [solved=0/50, score_range=9.00-15.00/16.0, initial=9.00]
[step 05000] PROGRESS: filled=12.46 violations=0.00 zero_cand=0.00
[step 05000] DEBUG: ep_len=15.3 ep_ret=-11.718 stop_prob=0.000 score_chg=3.2925
[Checkpoint] Saved to buiksat_trm/checkpoints/table3_hard_6to8_controlled_nomask_nc_r10_s9/rl_checkpoint_step_5000.pt
[DEBUG] train_step 5000: starting episode collection
[DEBUG] train_step 5000: episodes collected, starting value_update
[DEBUG] train_step 5000: value_update done, starting policy_update
[DEBUG] train_step 5000: policy_update done
[step 05050] value_loss=5.384213 policy_loss=0.408131
[step 05050] VALUE_DEBUG: target(mean=-13.62 std=2.99 min=-17.53 max=-1.00) V(s)(mean=-14.06 std=1.88) reward(mean=-0.337 std=4.567) clip=50.0
[DEBUG] train_step 5050: starting episode collection
[DEBUG] train_step 5050: episodes collected, starting value_update
[DEBUG] train_step 5050: value_update done, starting policy_update
[DEBUG] train_step 5050: policy_update done
[step 05100] value_loss=11.308745 policy_loss=0.510344
[step 05100] VALUE_DEBUG: target(mean=-13.71 std=3.61 min=-22.70 max=-0.69) V(s)(mean=-14.38 std=2.54) reward(mean=-0.644 std=5.005) clip=50.0
[step 05100] eval_success_rate=0.000 eval_mean_score=11.820 eval_policy_mode=greedy [solved=0/50, score_range=9.00-15.00/16.0, initial=9.00]
[step 05100] PROGRESS: filled=11.82 violations=0.00 zero_cand=0.00
[step 05100] DEBUG: ep_len=14.9 ep_ret=-10.364 stop_prob=0.000 score_chg=3.2925
[DEBUG] train_step 5100: starting episode collection
[DEBUG] train_step 5100: episodes collected, starting value_update
[DEBUG] train_step 5100: value_update done, starting policy_update
[DEBUG] train_step 5100: policy_update done
[step 05150] value_loss=1.803197 policy_loss=0.936741
[step 05150] VALUE_DEBUG: target(mean=-14.38 std=1.78 min=-17.18 max=-10.15) V(s)(mean=-14.28 std=1.68) reward(mean=-1.143 std=4.301) clip=50.0
[DEBUG] train_step 5150: starting episode collection
[DEBUG] train_step 5150: episodes collected, starting value_update
[DEBUG] train_step 5150: value_update done, starting policy_update
[DEBUG] train_step 5150: policy_update done
[step 05200] value_loss=6.238153 policy_loss=0.178505
[step 05200] VALUE_DEBUG: target(mean=-13.11 std=3.79 min=-24.67 max=-4.82) V(s)(mean=-13.17 std=2.55) reward(mean=-0.887 std=4.741) clip=50.0
[step 05200] eval_success_rate=0.040 eval_mean_score=12.220 eval_policy_mode=greedy [solved=2/50, score_range=9.00-16.00/16.0, initial=9.00]
[step 05200] PROGRESS: filled=12.22 violations=0.00 zero_cand=0.00
[step 05200] DEBUG: ep_len=15.1 ep_ret=-11.138 stop_prob=0.000 score_chg=3.4125
[DEBUG] train_step 5200: starting episode collection
[DEBUG] train_step 5200: episodes collected, starting value_update
[DEBUG] train_step 5200: value_update done, starting policy_update
[DEBUG] train_step 5200: policy_update done
[step 05250] value_loss=10.662316 policy_loss=-0.647280
[step 05250] VALUE_DEBUG: target(mean=-13.24 std=4.00 min=-21.71 max=-0.56) V(s)(mean=-13.58 std=2.01) reward(mean=-0.396 std=5.171) clip=50.0
[DEBUG] train_step 5250: starting episode collection
[DEBUG] train_step 5250: episodes collected, starting value_update
[DEBUG] train_step 5250: value_update done, starting policy_update
[DEBUG] train_step 5250: policy_update done
[step 05300] value_loss=7.658085 policy_loss=-0.457579
[step 05300] VALUE_DEBUG: target(mean=-14.50 std=3.05 min=-25.02 max=-9.66) V(s)(mean=-13.62 std=1.88) reward(mean=-1.603 std=4.560) clip=50.0
[step 05300] eval_success_rate=0.080 eval_mean_score=12.200 eval_policy_mode=greedy [solved=4/50, score_range=9.00-16.00/16.0, initial=9.00]
[step 05300] PROGRESS: filled=12.20 violations=0.00 zero_cand=0.00
[step 05300] DEBUG: ep_len=14.8 ep_ret=-10.324 stop_prob=0.000 score_chg=3.5025
[DEBUG] train_step 5300: starting episode collection
[DEBUG] train_step 5300: episodes collected, starting value_update
[DEBUG] train_step 5300: value_update done, starting policy_update
[DEBUG] train_step 5300: policy_update done
[step 05350] value_loss=4.800345 policy_loss=0.093105
[step 05350] VALUE_DEBUG: target(mean=-13.95 std=2.46 min=-17.40 max=-7.30) V(s)(mean=-14.24 std=1.76) reward(mean=-0.667 std=4.408) clip=50.0
[DEBUG] train_step 5350: starting episode collection
[DEBUG] train_step 5350: episodes collected, starting value_update
[DEBUG] train_step 5350: value_update done, starting policy_update
[DEBUG] train_step 5350: policy_update done
[step 05400] value_loss=2.404098 policy_loss=-1.043017
[step 05400] VALUE_DEBUG: target(mean=-13.74 std=2.34 min=-17.94 max=-9.01) V(s)(mean=-14.05 std=2.22) reward(mean=0.427 std=1.525) clip=50.0
[step 05400] eval_success_rate=0.100 eval_mean_score=12.860 eval_policy_mode=greedy [solved=5/50, score_range=10.00-16.00/16.0, initial=9.00]
[step 05400] PROGRESS: filled=12.86 violations=0.00 zero_cand=0.00
[step 05400] DEBUG: ep_len=14.7 ep_ret=-9.225 stop_prob=0.000 score_chg=3.9575
[DEBUG] train_step 5400: starting episode collection
[DEBUG] train_step 5400: episodes collected, starting value_update
[DEBUG] train_step 5400: value_update done, starting policy_update
[DEBUG] train_step 5400: policy_update done
[step 05450] value_loss=25.333239 policy_loss=1.949988
[step 05450] VALUE_DEBUG: target(mean=-12.81 std=4.95 min=-22.09 max=6.84) V(s)(mean=-13.37 std=2.52) reward(mean=-1.897 std=6.831) clip=50.0
[DEBUG] train_step 5450: starting episode collection
[DEBUG] train_step 5450: episodes collected, starting value_update
[DEBUG] train_step 5450: value_update done, starting policy_update
[DEBUG] train_step 5450: policy_update done
[step 05500] value_loss=10.395084 policy_loss=0.243883
[step 05500] VALUE_DEBUG: target(mean=-13.66 std=3.98 min=-21.89 max=1.84) V(s)(mean=-13.81 std=1.98) reward(mean=-1.521 std=5.194) clip=50.0
[step 05500] eval_success_rate=0.060 eval_mean_score=12.580 eval_policy_mode=greedy [solved=3/50, score_range=9.00-16.00/16.0, initial=9.00]
[step 05500] PROGRESS: filled=12.58 violations=0.00 zero_cand=0.00
[step 05500] DEBUG: ep_len=14.3 ep_ret=-8.349 stop_prob=0.000 score_chg=3.8875
[DEBUG] train_step 5500: starting episode collection
[DEBUG] train_step 5500: episodes collected, starting value_update
[DEBUG] train_step 5500: value_update done, starting policy_update
[DEBUG] train_step 5500: policy_update done
[step 05550] value_loss=22.279184 policy_loss=-0.156734
[step 05550] VALUE_DEBUG: target(mean=-12.37 std=5.07 min=-16.87 max=6.84) V(s)(mean=-14.11 std=2.12) reward(mean=0.477 std=3.643) clip=50.0
[DEBUG] train_step 5550: starting episode collection
[DEBUG] train_step 5550: episodes collected, starting value_update
[DEBUG] train_step 5550: value_update done, starting policy_update
[DEBUG] train_step 5550: policy_update done
[step 05600] value_loss=14.480401 policy_loss=1.168979
[step 05600] VALUE_DEBUG: target(mean=-14.07 std=4.48 min=-21.66 max=1.84) V(s)(mean=-13.53 std=2.50) reward(mean=-1.454 std=4.545) clip=50.0
[step 05600] eval_success_rate=0.040 eval_mean_score=12.700 eval_policy_mode=greedy [solved=2/50, score_range=9.00-16.00/16.0, initial=9.00]
[step 05600] PROGRESS: filled=12.70 violations=0.00 zero_cand=0.00
[step 05600] DEBUG: ep_len=14.6 ep_ret=-9.336 stop_prob=0.000 score_chg=3.9075
[DEBUG] train_step 5600: starting episode collection
[DEBUG] train_step 5600: episodes collected, starting value_update
[DEBUG] train_step 5600: value_update done, starting policy_update
[DEBUG] train_step 5600: policy_update done
[step 05650] value_loss=10.483775 policy_loss=-1.602672
[step 05650] VALUE_DEBUG: target(mean=-14.44 std=4.49 min=-25.05 max=-2.99) V(s)(mean=-13.27 std=2.99) reward(mean=-2.171 std=6.269) clip=50.0
[DEBUG] train_step 5650: starting episode collection
[DEBUG] train_step 5650: episodes collected, starting value_update
[DEBUG] train_step 5650: value_update done, starting policy_update
[DEBUG] train_step 5650: policy_update done
[step 05700] value_loss=19.689566 policy_loss=-1.311301
[step 05700] VALUE_DEBUG: target(mean=-11.97 std=5.59 min=-22.20 max=6.84) V(s)(mean=-12.70 std=3.08) reward(mean=-0.019 std=3.726) clip=50.0
[step 05700] eval_success_rate=0.100 eval_mean_score=13.040 eval_policy_mode=greedy [solved=5/50, score_range=9.00-16.00/16.0, initial=9.00]
[step 05700] PROGRESS: filled=13.04 violations=0.00 zero_cand=0.00
[step 05700] DEBUG: ep_len=14.4 ep_ret=-8.052 stop_prob=0.000 score_chg=4.3025
[DEBUG] train_step 5700: starting episode collection
[DEBUG] train_step 5700: episodes collected, starting value_update
[DEBUG] train_step 5700: value_update done, starting policy_update
[DEBUG] train_step 5700: policy_update done
[step 05750] value_loss=6.725142 policy_loss=0.472529
[step 05750] VALUE_DEBUG: target(mean=-13.40 std=3.50 min=-20.26 max=-3.57) V(s)(mean=-12.97 std=2.69) reward(mean=-1.198 std=4.815) clip=50.0
[DEBUG] train_step 5750: starting episode collection
[DEBUG] train_step 5750: episodes collected, starting value_update
[DEBUG] train_step 5750: value_update done, starting policy_update
[DEBUG] train_step 5750: policy_update done
[step 05800] value_loss=3.456737 policy_loss=0.395031
[step 05800] VALUE_DEBUG: target(mean=-12.83 std=3.91 min=-22.42 max=-3.13) V(s)(mean=-12.61 std=3.34) reward(mean=-0.676 std=3.455) clip=50.0
[step 05800] eval_success_rate=0.200 eval_mean_score=13.460 eval_policy_mode=greedy [solved=10/50, score_range=9.00-16.00/16.0, initial=9.00]
[step 05800] PROGRESS: filled=13.46 violations=0.00 zero_cand=0.00
[step 05800] DEBUG: ep_len=14.1 ep_ret=-7.496 stop_prob=0.000 score_chg=4.1800
[DEBUG] train_step 5800: starting episode collection
[DEBUG] train_step 5800: episodes collected, starting value_update
[DEBUG] train_step 5800: value_update done, starting policy_update
[DEBUG] train_step 5800: policy_update done
[step 05850] value_loss=2.218785 policy_loss=-0.700323
[step 05850] VALUE_DEBUG: target(mean=-12.37 std=3.89 min=-17.94 max=1.84) V(s)(mean=-12.35 std=3.40) reward(mean=0.660 std=1.246) clip=50.0
[DEBUG] train_step 5850: starting episode collection
[DEBUG] train_step 5850: episodes collected, starting value_update
[DEBUG] train_step 5850: value_update done, starting policy_update
[DEBUG] train_step 5850: policy_update done
[step 05900] value_loss=10.244314 policy_loss=-0.356762
[step 05900] VALUE_DEBUG: target(mean=-11.43 std=3.80 min=-19.32 max=-2.03) V(s)(mean=-12.67 std=3.19) reward(mean=0.607 std=4.266) clip=50.0
[step 05900] eval_success_rate=0.140 eval_mean_score=13.060 eval_policy_mode=greedy [solved=7/50, score_range=9.00-16.00/16.0, initial=9.00]
[step 05900] PROGRESS: filled=13.06 violations=0.00 zero_cand=0.00
[step 05900] DEBUG: ep_len=14.0 ep_ret=-7.289 stop_prob=0.000 score_chg=4.4625
[DEBUG] train_step 5900: starting episode collection
[DEBUG] train_step 5900: episodes collected, starting value_update
[DEBUG] train_step 5900: value_update done, starting policy_update
[DEBUG] train_step 5900: policy_update done
[step 05950] value_loss=8.825437 policy_loss=-0.054754
[step 05950] VALUE_DEBUG: target(mean=-11.91 std=5.41 min=-21.11 max=6.84) V(s)(mean=-12.27 std=3.71) reward(mean=-0.840 std=3.699) clip=50.0
[DEBUG] train_step 5950: starting episode collection
[DEBUG] train_step 5950: episodes collected, starting value_update
[DEBUG] train_step 5950: value_update done, starting policy_update
[DEBUG] train_step 5950: policy_update done
[step 06000] value_loss=3.697017 policy_loss=-0.400956
[step 06000] VALUE_DEBUG: target(mean=-13.52 std=3.03 min=-22.09 max=-6.99) V(s)(mean=-13.56 std=2.32) reward(mean=-1.237 std=5.594) clip=50.0
[step 06000] eval_success_rate=0.260 eval_mean_score=13.860 eval_policy_mode=greedy [solved=13/50, score_range=4.00-16.00/16.0, initial=9.00]
[step 06000] PROGRESS: filled=14.06 violations=0.00 zero_cand=0.04
[step 06000] DEBUG: ep_len=14.0 ep_ret=-7.399 stop_prob=0.000 score_chg=4.1500
[Checkpoint] Saved to buiksat_trm/checkpoints/table3_hard_6to8_controlled_nomask_nc_r10_s9/rl_checkpoint_step_6000.pt
[DEBUG] train_step 6000: starting episode collection
[DEBUG] train_step 6000: episodes collected, starting value_update
[DEBUG] train_step 6000: value_update done, starting policy_update
[DEBUG] train_step 6000: policy_update done
[step 06050] value_loss=17.003359 policy_loss=-0.454980
[step 06050] VALUE_DEBUG: target(mean=-13.60 std=4.62 min=-25.00 max=-2.43) V(s)(mean=-12.55 std=2.97) reward(mean=-2.260 std=6.748) clip=50.0
[DEBUG] train_step 6050: starting episode collection
[DEBUG] train_step 6050: episodes collected, starting value_update
[DEBUG] train_step 6050: value_update done, starting policy_update
[DEBUG] train_step 6050: policy_update done
[step 06100] value_loss=6.215349 policy_loss=-0.651231
[step 06100] VALUE_DEBUG: target(mean=-11.93 std=4.18 min=-22.08 max=1.84) V(s)(mean=-11.19 std=3.36) reward(mean=-0.464 std=3.918) clip=50.0
[step 06100] eval_success_rate=0.200 eval_mean_score=13.140 eval_policy_mode=greedy [solved=10/50, score_range=9.00-16.00/16.0, initial=9.00]
[step 06100] PROGRESS: filled=13.14 violations=0.00 zero_cand=0.00
[step 06100] DEBUG: ep_len=13.4 ep_ret=-6.106 stop_prob=0.000 score_chg=4.6575
[DEBUG] train_step 6100: starting episode collection
[DEBUG] train_step 6100: episodes collected, starting value_update
[DEBUG] train_step 6100: value_update done, starting policy_update
[DEBUG] train_step 6100: policy_update done
[step 06150] value_loss=2.386726 policy_loss=-1.621122
[step 06150] VALUE_DEBUG: target(mean=-12.81 std=2.35 min=-16.40 max=-7.52) V(s)(mean=-12.67 std=2.17) reward(mean=-0.654 std=4.190) clip=50.0
[DEBUG] train_step 6150: starting episode collection
[DEBUG] train_step 6150: episodes collected, starting value_update
[DEBUG] train_step 6150: value_update done, starting policy_update
[DEBUG] train_step 6150: policy_update done
[step 06200] value_loss=16.750309 policy_loss=0.284604
[step 06200] VALUE_DEBUG: target(mean=-13.27 std=3.87 min=-20.88 max=-4.68) V(s)(mean=-12.53 std=3.34) reward(mean=-0.391 std=4.175) clip=50.0
[step 06200] eval_success_rate=0.380 eval_mean_score=13.780 eval_policy_mode=greedy [solved=19/50, score_range=9.00-16.00/16.0, initial=9.00]
[step 06200] PROGRESS: filled=13.78 violations=0.00 zero_cand=0.00
[step 06200] DEBUG: ep_len=13.8 ep_ret=-6.703 stop_prob=0.000 score_chg=4.4675
[DEBUG] train_step 6200: starting episode collection
[DEBUG] train_step 6200: episodes collected, starting value_update
[DEBUG] train_step 6200: value_update done, starting policy_update
[DEBUG] train_step 6200: policy_update done
[step 06250] value_loss=3.951145 policy_loss=-0.893547
[step 06250] VALUE_DEBUG: target(mean=-13.00 std=3.84 min=-22.50 max=-6.17) V(s)(mean=-12.92 std=3.35) reward(mean=0.010 std=2.047) clip=50.0
[DEBUG] train_step 6250: starting episode collection
[DEBUG] train_step 6250: episodes collected, starting value_update
[DEBUG] train_step 6250: value_update done, starting policy_update
[DEBUG] train_step 6250: policy_update done
[step 06300] value_loss=6.177884 policy_loss=1.046889
[step 06300] VALUE_DEBUG: target(mean=-13.02 std=4.51 min=-19.66 max=-0.79) V(s)(mean=-13.28 std=4.22) reward(mean=-0.359 std=2.382) clip=50.0
[step 06300] eval_success_rate=0.300 eval_mean_score=13.500 eval_policy_mode=greedy [solved=15/50, score_range=9.00-16.00/16.0, initial=9.00]
[step 06300] PROGRESS: filled=13.50 violations=0.00 zero_cand=0.00
[step 06300] DEBUG: ep_len=13.6 ep_ret=-6.755 stop_prob=0.000 score_chg=4.3475
[DEBUG] train_step 6300: starting episode collection
[DEBUG] train_step 6300: episodes collected, starting value_update
[DEBUG] train_step 6300: value_update done, starting policy_update
[DEBUG] train_step 6300: policy_update done
[step 06350] value_loss=1.610526 policy_loss=0.176657
[step 06350] VALUE_DEBUG: target(mean=-11.86 std=4.70 min=-17.30 max=1.84) V(s)(mean=-11.85 std=4.17) reward(mean=-0.703 std=4.025) clip=50.0
[DEBUG] train_step 6350: starting episode collection
[DEBUG] train_step 6350: episodes collected, starting value_update
[DEBUG] train_step 6350: value_update done, starting policy_update
[DEBUG] train_step 6350: policy_update done
[step 06400] value_loss=18.216856 policy_loss=-1.113842
[step 06400] VALUE_DEBUG: target(mean=-10.19 std=6.62 min=-20.50 max=5.01) V(s)(mean=-11.87 std=4.07) reward(mean=0.600 std=4.189) clip=50.0
[step 06400] eval_success_rate=0.240 eval_mean_score=13.160 eval_policy_mode=greedy [solved=12/50, score_range=10.00-16.00/16.0, initial=9.00]
[step 06400] PROGRESS: filled=13.16 violations=0.00 zero_cand=0.00
[step 06400] DEBUG: ep_len=13.6 ep_ret=-6.716 stop_prob=0.000 score_chg=4.3175
[DEBUG] train_step 6400: starting episode collection
[DEBUG] train_step 6400: episodes collected, starting value_update
[DEBUG] train_step 6400: value_update done, starting policy_update
[DEBUG] train_step 6400: policy_update done
[step 06450] value_loss=8.192259 policy_loss=1.505422
[step 06450] VALUE_DEBUG: target(mean=-10.19 std=5.60 min=-17.67 max=1.84) V(s)(mean=-11.05 std=4.35) reward(mean=0.262 std=3.648) clip=50.0
[DEBUG] train_step 6450: starting episode collection
[DEBUG] train_step 6450: episodes collected, starting value_update
[DEBUG] train_step 6450: value_update done, starting policy_update
[DEBUG] train_step 6450: policy_update done
[step 06500] value_loss=12.543266 policy_loss=-0.729058
[step 06500] VALUE_DEBUG: target(mean=-13.53 std=5.16 min=-23.35 max=1.84) V(s)(mean=-13.11 std=4.55) reward(mean=-0.951 std=3.908) clip=50.0
[step 06500] eval_success_rate=0.280 eval_mean_score=13.140 eval_policy_mode=greedy [solved=14/50, score_range=9.00-16.00/16.0, initial=9.00]
[step 06500] PROGRESS: filled=13.14 violations=0.00 zero_cand=0.00
[step 06500] DEBUG: ep_len=13.5 ep_ret=-6.554 stop_prob=0.000 score_chg=4.2800
[DEBUG] train_step 6500: starting episode collection
[DEBUG] train_step 6500: episodes collected, starting value_update
[DEBUG] train_step 6500: value_update done, starting policy_update
[DEBUG] train_step 6500: policy_update done
[step 06550] value_loss=8.875217 policy_loss=0.286341
[step 06550] VALUE_DEBUG: target(mean=-12.64 std=4.72 min=-26.68 max=-2.88) V(s)(mean=-12.64 std=3.74) reward(mean=-0.139 std=3.022) clip=50.0
[DEBUG] train_step 6550: starting episode collection
[DEBUG] train_step 6550: episodes collected, starting value_update
[DEBUG] train_step 6550: value_update done, starting policy_update
[DEBUG] train_step 6550: policy_update done
[step 06600] value_loss=6.563443 policy_loss=-0.718190
[step 06600] VALUE_DEBUG: target(mean=-12.80 std=4.52 min=-23.51 max=-2.15) V(s)(mean=-13.09 std=3.63) reward(mean=0.607 std=2.535) clip=50.0
[step 06600] eval_success_rate=0.260 eval_mean_score=13.080 eval_policy_mode=greedy [solved=13/50, score_range=9.00-16.00/16.0, initial=9.00]
[step 06600] PROGRESS: filled=13.12 violations=0.02 zero_cand=0.00
[step 06600] DEBUG: ep_len=13.8 ep_ret=-7.138 stop_prob=0.000 score_chg=4.2375
[DEBUG] train_step 6600: starting episode collection
[DEBUG] train_step 6600: episodes collected, starting value_update
[DEBUG] train_step 6600: value_update done, starting policy_update
[DEBUG] train_step 6600: policy_update done
[step 06650] value_loss=3.831993 policy_loss=-1.026146
[step 06650] VALUE_DEBUG: target(mean=-11.51 std=5.14 min=-17.27 max=6.84) V(s)(mean=-11.98 std=4.01) reward(mean=0.159 std=3.369) clip=50.0
[DEBUG] train_step 6650: starting episode collection
[DEBUG] train_step 6650: episodes collected, starting value_update
[DEBUG] train_step 6650: value_update done, starting policy_update
[DEBUG] train_step 6650: policy_update done
[step 06700] value_loss=8.649532 policy_loss=-0.496790
[step 06700] VALUE_DEBUG: target(mean=-10.68 std=5.05 min=-16.90 max=4.50) V(s)(mean=-10.97 std=4.70) reward(mean=-0.086 std=4.067) clip=50.0
[step 06700] eval_success_rate=0.340 eval_mean_score=13.480 eval_policy_mode=greedy [solved=17/50, score_range=10.00-16.00/16.0, initial=9.00]
[step 06700] PROGRESS: filled=13.48 violations=0.00 zero_cand=0.00
[step 06700] DEBUG: ep_len=13.7 ep_ret=-7.879 stop_prob=0.000 score_chg=3.7750
[DEBUG] train_step 6700: starting episode collection
[DEBUG] train_step 6700: episodes collected, starting value_update
[DEBUG] train_step 6700: value_update done, starting policy_update
[DEBUG] train_step 6700: policy_update done
[step 06750] value_loss=7.814067 policy_loss=1.828498
[step 06750] VALUE_DEBUG: target(mean=-10.85 std=4.46 min=-17.45 max=0.66) V(s)(mean=-10.24 std=3.45) reward(mean=0.417 std=2.776) clip=50.0
[DEBUG] train_step 6750: starting episode collection
[DEBUG] train_step 6750: episodes collected, starting value_update
[DEBUG] train_step 6750: value_update done, starting policy_update
[DEBUG] train_step 6750: policy_update done
[step 06800] value_loss=7.530697 policy_loss=-0.485394
[step 06800] VALUE_DEBUG: target(mean=-11.86 std=4.09 min=-18.86 max=-1.55) V(s)(mean=-12.04 std=3.34) reward(mean=-0.527 std=3.459) clip=50.0
[step 06800] eval_success_rate=0.320 eval_mean_score=13.400 eval_policy_mode=greedy [solved=16/50, score_range=9.00-16.00/16.0, initial=9.00]
[step 06800] PROGRESS: filled=13.40 violations=0.00 zero_cand=0.00
[step 06800] DEBUG: ep_len=13.6 ep_ret=-6.981 stop_prob=0.000 score_chg=4.2800
[DEBUG] train_step 6800: starting episode collection
[DEBUG] train_step 6800: episodes collected, starting value_update
[DEBUG] train_step 6800: value_update done, starting policy_update
[DEBUG] train_step 6800: policy_update done
[step 06850] value_loss=16.152479 policy_loss=-0.927300
[step 06850] VALUE_DEBUG: target(mean=-11.89 std=5.49 min=-23.24 max=3.57) V(s)(mean=-10.83 std=4.49) reward(mean=-0.300 std=3.996) clip=50.0
[DEBUG] train_step 6850: starting episode collection
[DEBUG] train_step 6850: episodes collected, starting value_update
[DEBUG] train_step 6850: value_update done, starting policy_update
[DEBUG] train_step 6850: policy_update done
[step 06900] value_loss=4.620735 policy_loss=0.631337
[step 06900] VALUE_DEBUG: target(mean=-10.54 std=5.26 min=-16.15 max=1.84) V(s)(mean=-10.74 std=4.57) reward(mean=-0.087 std=4.509) clip=50.0
[step 06900] eval_success_rate=0.380 eval_mean_score=13.640 eval_policy_mode=greedy [solved=19/50, score_range=10.00-16.00/16.0, initial=9.00]
[step 06900] PROGRESS: filled=13.64 violations=0.00 zero_cand=0.00
[step 06900] DEBUG: ep_len=13.5 ep_ret=-6.624 stop_prob=0.000 score_chg=4.2800
[DEBUG] train_step 6900: starting episode collection
[DEBUG] train_step 6900: episodes collected, starting value_update
[DEBUG] train_step 6900: value_update done, starting policy_update
[DEBUG] train_step 6900: policy_update done
[step 06950] value_loss=5.037737 policy_loss=-0.566402
[step 06950] VALUE_DEBUG: target(mean=-10.39 std=5.21 min=-17.98 max=1.84) V(s)(mean=-11.67 std=4.77) reward(mean=0.418 std=2.299) clip=50.0
[DEBUG] train_step 6950: starting episode collection
[DEBUG] train_step 6950: episodes collected, starting value_update
[DEBUG] train_step 6950: value_update done, starting policy_update
[DEBUG] train_step 6950: policy_update done
[step 07000] value_loss=17.121155 policy_loss=-1.249669
[step 07000] VALUE_DEBUG: target(mean=-10.30 std=5.24 min=-20.16 max=1.84) V(s)(mean=-10.16 std=4.60) reward(mean=-0.612 std=4.372) clip=50.0
[step 07000] eval_success_rate=0.420 eval_mean_score=13.880 eval_policy_mode=greedy [solved=21/50, score_range=9.00-16.00/16.0, initial=9.00]
[step 07000] PROGRESS: filled=13.88 violations=0.00 zero_cand=0.00
[step 07000] DEBUG: ep_len=12.9 ep_ret=-5.044 stop_prob=0.000 score_chg=4.6275
[Checkpoint] Saved to buiksat_trm/checkpoints/table3_hard_6to8_controlled_nomask_nc_r10_s9/rl_checkpoint_step_7000.pt
[DEBUG] train_step 7000: starting episode collection
[DEBUG] train_step 7000: episodes collected, starting value_update
[DEBUG] train_step 7000: value_update done, starting policy_update
[DEBUG] train_step 7000: policy_update done
[step 07050] value_loss=3.445396 policy_loss=-0.058253
[step 07050] VALUE_DEBUG: target(mean=-10.27 std=5.42 min=-16.92 max=1.84) V(s)(mean=-10.43 std=5.22) reward(mean=-0.145 std=3.549) clip=50.0
[DEBUG] train_step 7050: starting episode collection
[DEBUG] train_step 7050: episodes collected, starting value_update
[DEBUG] train_step 7050: value_update done, starting policy_update
[DEBUG] train_step 7050: policy_update done
[step 07100] value_loss=5.851635 policy_loss=0.475537
[step 07100] VALUE_DEBUG: target(mean=-9.74 std=5.88 min=-17.51 max=1.84) V(s)(mean=-10.70 std=5.20) reward(mean=0.503 std=3.854) clip=50.0
[step 07100] eval_success_rate=0.340 eval_mean_score=13.480 eval_policy_mode=greedy [solved=17/50, score_range=9.00-16.00/16.0, initial=9.00]
[step 07100] PROGRESS: filled=13.48 violations=0.00 zero_cand=0.00
[step 07100] DEBUG: ep_len=13.0 ep_ret=-5.426 stop_prob=0.000 score_chg=4.6650
[DEBUG] train_step 7100: starting episode collection
[DEBUG] train_step 7100: episodes collected, starting value_update
[DEBUG] train_step 7100: value_update done, starting policy_update
[DEBUG] train_step 7100: policy_update done
[step 07150] value_loss=5.596527 policy_loss=0.025575
[step 07150] VALUE_DEBUG: target(mean=-12.28 std=4.85 min=-20.72 max=-0.43) V(s)(mean=-12.05 std=4.42) reward(mean=-1.233 std=3.638) clip=50.0
[DEBUG] train_step 7150: starting episode collection
[DEBUG] train_step 7150: episodes collected, starting value_update
[DEBUG] train_step 7150: value_update done, starting policy_update
[DEBUG] train_step 7150: policy_update done
[step 07200] value_loss=5.402754 policy_loss=0.572356
[step 07200] VALUE_DEBUG: target(mean=-10.57 std=6.28 min=-22.54 max=5.76) V(s)(mean=-10.33 std=5.73) reward(mean=-0.932 std=4.548) clip=50.0
[step 07200] eval_success_rate=0.420 eval_mean_score=13.620 eval_policy_mode=greedy [solved=21/50, score_range=9.00-16.00/16.0, initial=9.00]
[step 07200] PROGRESS: filled=13.62 violations=0.00 zero_cand=0.00
[step 07200] DEBUG: ep_len=13.1 ep_ret=-5.982 stop_prob=0.000 score_chg=4.1800
[DEBUG] train_step 7200: starting episode collection
[DEBUG] train_step 7200: episodes collected, starting value_update
[DEBUG] train_step 7200: value_update done, starting policy_update
[DEBUG] train_step 7200: policy_update done
[step 07250] value_loss=7.707843 policy_loss=-0.353916
[step 07250] VALUE_DEBUG: target(mean=-10.94 std=6.25 min=-21.20 max=1.96) V(s)(mean=-10.69 std=5.42) reward(mean=-0.962 std=4.609) clip=50.0
[DEBUG] train_step 7250: starting episode collection
[DEBUG] train_step 7250: episodes collected, starting value_update
[DEBUG] train_step 7250: value_update done, starting policy_update
[DEBUG] train_step 7250: policy_update done
[step 07300] value_loss=4.564978 policy_loss=-1.408166
[step 07300] VALUE_DEBUG: target(mean=-10.05 std=6.03 min=-17.63 max=2.01) V(s)(mean=-10.25 std=5.75) reward(mean=-0.405 std=4.211) clip=50.0
[step 07300] eval_success_rate=0.400 eval_mean_score=13.440 eval_policy_mode=greedy [solved=20/50, score_range=9.00-16.00/16.0, initial=9.00]
[step 07300] PROGRESS: filled=13.44 violations=0.00 zero_cand=0.00
[step 07300] DEBUG: ep_len=12.8 ep_ret=-5.277 stop_prob=0.000 score_chg=4.1875
[DEBUG] train_step 7300: starting episode collection
[DEBUG] train_step 7300: episodes collected, starting value_update
[DEBUG] train_step 7300: value_update done, starting policy_update
[DEBUG] train_step 7300: policy_update done
[step 07350] value_loss=4.344494 policy_loss=1.466814
[step 07350] VALUE_DEBUG: target(mean=-11.53 std=4.84 min=-22.09 max=-0.25) V(s)(mean=-11.72 std=4.63) reward(mean=-0.804 std=5.124) clip=50.0
[DEBUG] train_step 7350: starting episode collection
[DEBUG] train_step 7350: episodes collected, starting value_update
[DEBUG] train_step 7350: value_update done, starting policy_update
[DEBUG] train_step 7350: policy_update done
[step 07400] value_loss=5.992804 policy_loss=-0.620025
[step 07400] VALUE_DEBUG: target(mean=-11.17 std=6.03 min=-23.53 max=2.05) V(s)(mean=-10.67 std=4.96) reward(mean=-1.484 std=5.770) clip=50.0
[step 07400] eval_success_rate=0.300 eval_mean_score=13.360 eval_policy_mode=greedy [solved=15/50, score_range=9.00-16.00/16.0, initial=9.00]
[step 07400] PROGRESS: filled=13.36 violations=0.00 zero_cand=0.00
[step 07400] DEBUG: ep_len=12.8 ep_ret=-4.400 stop_prob=0.000 score_chg=4.5775
[DEBUG] train_step 7400: starting episode collection
[DEBUG] train_step 7400: episodes collected, starting value_update
[DEBUG] train_step 7400: value_update done, starting policy_update
[DEBUG] train_step 7400: policy_update done
[step 07450] value_loss=8.623835 policy_loss=-0.606322
[step 07450] VALUE_DEBUG: target(mean=-10.48 std=7.29 min=-22.23 max=5.14) V(s)(mean=-9.95 std=6.33) reward(mean=-0.484 std=2.931) clip=50.0
[DEBUG] train_step 7450: starting episode collection
[DEBUG] train_step 7450: episodes collected, starting value_update
[DEBUG] train_step 7450: value_update done, starting policy_update
[DEBUG] train_step 7450: policy_update done
[step 07500] value_loss=2.298189 policy_loss=0.320717
[step 07500] VALUE_DEBUG: target(mean=-11.33 std=5.13 min=-19.56 max=1.84) V(s)(mean=-11.19 std=4.69) reward(mean=0.012 std=1.546) clip=50.0
[step 07500] eval_success_rate=0.460 eval_mean_score=14.000 eval_policy_mode=greedy [solved=23/50, score_range=9.00-16.00/16.0, initial=9.00]
[step 07500] PROGRESS: filled=14.00 violations=0.00 zero_cand=0.00
[step 07500] DEBUG: ep_len=12.8 ep_ret=-4.503 stop_prob=0.000 score_chg=4.6925
[DEBUG] train_step 7500: starting episode collection
[DEBUG] train_step 7500: episodes collected, starting value_update
[DEBUG] train_step 7500: value_update done, starting policy_update
[DEBUG] train_step 7500: policy_update done
[step 07550] value_loss=3.869412 policy_loss=0.765416
[step 07550] VALUE_DEBUG: target(mean=-12.14 std=5.38 min=-18.01 max=2.61) V(s)(mean=-11.93 std=5.50) reward(mean=-0.617 std=3.395) clip=50.0
[DEBUG] train_step 7550: starting episode collection
[DEBUG] train_step 7550: episodes collected, starting value_update
[DEBUG] train_step 7550: value_update done, starting policy_update
[DEBUG] train_step 7550: policy_update done
[step 07600] value_loss=5.827341 policy_loss=0.410150
[step 07600] VALUE_DEBUG: target(mean=-10.96 std=6.14 min=-22.96 max=6.84) V(s)(mean=-10.16 std=5.04) reward(mean=-0.519 std=3.464) clip=50.0
[step 07600] eval_success_rate=0.420 eval_mean_score=13.600 eval_policy_mode=greedy [solved=21/50, score_range=10.00-16.00/16.0, initial=9.00]
[step 07600] PROGRESS: filled=13.60 violations=0.00 zero_cand=0.00
[step 07600] DEBUG: ep_len=12.2 ep_ret=-4.023 stop_prob=0.000 score_chg=4.7025
[DEBUG] train_step 7600: starting episode collection
[DEBUG] train_step 7600: episodes collected, starting value_update
[DEBUG] train_step 7600: value_update done, starting policy_update
[DEBUG] train_step 7600: policy_update done
[step 07650] value_loss=4.471783 policy_loss=-0.749606
[step 07650] VALUE_DEBUG: target(mean=-10.42 std=5.85 min=-18.91 max=2.31) V(s)(mean=-10.50 std=5.69) reward(mean=-0.392 std=3.557) clip=50.0
[DEBUG] train_step 7650: starting episode collection
[DEBUG] train_step 7650: episodes collected, starting value_update
[DEBUG] train_step 7650: value_update done, starting policy_update
[DEBUG] train_step 7650: policy_update done
[step 07700] value_loss=3.852013 policy_loss=-0.046550
[step 07700] VALUE_DEBUG: target(mean=-10.68 std=6.29 min=-17.12 max=4.64) V(s)(mean=-10.90 std=6.05) reward(mean=-0.494 std=4.390) clip=50.0
[step 07700] eval_success_rate=0.440 eval_mean_score=13.540 eval_policy_mode=greedy [solved=22/50, score_range=9.00-16.00/16.0, initial=9.00]
[step 07700] PROGRESS: filled=13.54 violations=0.00 zero_cand=0.00
[step 07700] DEBUG: ep_len=12.9 ep_ret=-5.184 stop_prob=0.000 score_chg=4.4275
[DEBUG] train_step 7700: starting episode collection
[DEBUG] train_step 7700: episodes collected, starting value_update
[DEBUG] train_step 7700: value_update done, starting policy_update
[DEBUG] train_step 7700: policy_update done
[step 07750] value_loss=5.101886 policy_loss=-1.246369
[step 07750] VALUE_DEBUG: target(mean=-10.98 std=5.07 min=-19.29 max=2.12) V(s)(mean=-11.75 std=5.16) reward(mean=0.199 std=2.902) clip=50.0
[DEBUG] train_step 7750: starting episode collection
[DEBUG] train_step 7750: episodes collected, starting value_update
[DEBUG] train_step 7750: value_update done, starting policy_update
[DEBUG] train_step 7750: policy_update done
[step 07800] value_loss=6.034499 policy_loss=1.110197
[step 07800] VALUE_DEBUG: target(mean=-8.75 std=6.95 min=-18.43 max=2.12) V(s)(mean=-8.63 std=6.68) reward(mean=0.389 std=2.906) clip=50.0
[step 07800] eval_success_rate=0.460 eval_mean_score=13.920 eval_policy_mode=greedy [solved=23/50, score_range=9.00-16.00/16.0, initial=9.00]
[step 07800] PROGRESS: filled=13.92 violations=0.00 zero_cand=0.00
[step 07800] DEBUG: ep_len=12.1 ep_ret=-3.041 stop_prob=0.000 score_chg=4.8450
[DEBUG] train_step 7800: starting episode collection
[DEBUG] train_step 7800: episodes collected, starting value_update
[DEBUG] train_step 7800: value_update done, starting policy_update
[DEBUG] train_step 7800: policy_update done
[step 07850] value_loss=7.576107 policy_loss=1.029935
[step 07850] VALUE_DEBUG: target(mean=-9.37 std=7.87 min=-19.42 max=11.13) V(s)(mean=-9.60 std=6.97) reward(mean=-0.301 std=4.264) clip=50.0
[DEBUG] train_step 7850: starting episode collection
[DEBUG] train_step 7850: episodes collected, starting value_update
[DEBUG] train_step 7850: value_update done, starting policy_update
[DEBUG] train_step 7850: policy_update done
[step 07900] value_loss=2.784300 policy_loss=0.105710
[step 07900] VALUE_DEBUG: target(mean=-10.11 std=6.75 min=-17.52 max=2.49) V(s)(mean=-10.23 std=6.57) reward(mean=-0.768 std=4.353) clip=50.0
[step 07900] eval_success_rate=0.460 eval_mean_score=13.960 eval_policy_mode=greedy [solved=23/50, score_range=9.00-16.00/16.0, initial=9.00]
[step 07900] PROGRESS: filled=13.96 violations=0.00 zero_cand=0.00
[step 07900] DEBUG: ep_len=12.7 ep_ret=-4.482 stop_prob=0.000 score_chg=4.5425
[DEBUG] train_step 7900: starting episode collection
[DEBUG] train_step 7900: episodes collected, starting value_update
[DEBUG] train_step 7900: value_update done, starting policy_update
[DEBUG] train_step 7900: policy_update done
[step 07950] value_loss=4.935953 policy_loss=-0.133329
[step 07950] VALUE_DEBUG: target(mean=-8.20 std=7.17 min=-21.08 max=3.60) V(s)(mean=-8.65 std=6.77) reward(mean=-0.271 std=5.182) clip=50.0
[DEBUG] train_step 7950: starting episode collection
[DEBUG] train_step 7950: episodes collected, starting value_update
[DEBUG] train_step 7950: value_update done, starting policy_update
[DEBUG] train_step 7950: policy_update done
[step 08000] value_loss=13.792374 policy_loss=-0.434563
[step 08000] VALUE_DEBUG: target(mean=-10.38 std=7.47 min=-20.00 max=3.94) V(s)(mean=-11.14 std=6.92) reward(mean=0.142 std=2.374) clip=50.0
[step 08000] eval_success_rate=0.440 eval_mean_score=14.240 eval_policy_mode=greedy [solved=22/50, score_range=10.00-16.00/16.0, initial=9.00]
[step 08000] PROGRESS: filled=14.24 violations=0.00 zero_cand=0.00
[step 08000] DEBUG: ep_len=12.2 ep_ret=-3.881 stop_prob=0.000 score_chg=4.2900
[Checkpoint] Saved to buiksat_trm/checkpoints/table3_hard_6to8_controlled_nomask_nc_r10_s9/rl_checkpoint_step_8000.pt
[DEBUG] train_step 8000: starting episode collection
[DEBUG] train_step 8000: episodes collected, starting value_update
[DEBUG] train_step 8000: value_update done, starting policy_update
[DEBUG] train_step 8000: policy_update done
[step 08050] value_loss=8.537374 policy_loss=0.119508
[step 08050] VALUE_DEBUG: target(mean=-9.20 std=7.97 min=-19.09 max=11.07) V(s)(mean=-10.05 std=7.14) reward(mean=0.975 std=2.661) clip=50.0
[DEBUG] train_step 8050: starting episode collection
[DEBUG] train_step 8050: episodes collected, starting value_update
[DEBUG] train_step 8050: value_update done, starting policy_update
[DEBUG] train_step 8050: policy_update done
[step 08100] value_loss=9.591077 policy_loss=0.411505
[step 08100] VALUE_DEBUG: target(mean=-11.30 std=7.38 min=-26.19 max=4.17) V(s)(mean=-11.11 std=6.66) reward(mean=-1.356 std=3.826) clip=50.0
[step 08100] eval_success_rate=0.460 eval_mean_score=14.160 eval_policy_mode=greedy [solved=23/50, score_range=9.00-16.00/16.0, initial=9.00]
[step 08100] PROGRESS: filled=14.16 violations=0.00 zero_cand=0.00
[step 08100] DEBUG: ep_len=12.4 ep_ret=-3.544 stop_prob=0.000 score_chg=4.8400
[DEBUG] train_step 8100: starting episode collection
[DEBUG] train_step 8100: episodes collected, starting value_update
[DEBUG] train_step 8100: value_update done, starting policy_update
[DEBUG] train_step 8100: policy_update done
[step 08150] value_loss=3.741556 policy_loss=-0.476289
[step 08150] VALUE_DEBUG: target(mean=-8.63 std=6.71 min=-20.99 max=3.10) V(s)(mean=-8.75 std=6.83) reward(mean=0.544 std=2.167) clip=50.0
[DEBUG] train_step 8150: starting episode collection
[DEBUG] train_step 8150: episodes collected, starting value_update
[DEBUG] train_step 8150: value_update done, starting policy_update
[DEBUG] train_step 8150: policy_update done
[step 08200] value_loss=10.675890 policy_loss=0.197742
[step 08200] VALUE_DEBUG: target(mean=-9.55 std=8.08 min=-19.31 max=8.32) V(s)(mean=-9.82 std=7.17) reward(mean=0.017 std=3.628) clip=50.0
[step 08200] eval_success_rate=0.400 eval_mean_score=14.040 eval_policy_mode=greedy [solved=20/50, score_range=9.00-16.00/16.0, initial=9.00]
[step 08200] PROGRESS: filled=14.04 violations=0.00 zero_cand=0.00
[step 08200] DEBUG: ep_len=12.4 ep_ret=-4.178 stop_prob=0.000 score_chg=4.5450
[DEBUG] train_step 8200: starting episode collection
[DEBUG] train_step 8200: episodes collected, starting value_update
[DEBUG] train_step 8200: value_update done, starting policy_update
[DEBUG] train_step 8200: policy_update done
[step 08250] value_loss=9.246501 policy_loss=-1.960602
[step 08250] VALUE_DEBUG: target(mean=-8.04 std=8.28 min=-18.33 max=11.69) V(s)(mean=-7.80 std=7.65) reward(mean=-0.356 std=4.079) clip=50.0
[DEBUG] train_step 8250: starting episode collection
[DEBUG] train_step 8250: episodes collected, starting value_update
[DEBUG] train_step 8250: value_update done, starting policy_update
[DEBUG] train_step 8250: policy_update done
[step 08300] value_loss=8.676722 policy_loss=-0.356463
[step 08300] VALUE_DEBUG: target(mean=-8.72 std=7.90 min=-17.87 max=4.40) V(s)(mean=-8.77 std=7.94) reward(mean=-0.588 std=3.476) clip=50.0
[step 08300] eval_success_rate=0.400 eval_mean_score=14.060 eval_policy_mode=greedy [solved=20/50, score_range=9.00-16.00/16.0, initial=9.00]
[step 08300] PROGRESS: filled=14.06 violations=0.00 zero_cand=0.00
[step 08300] DEBUG: ep_len=12.7 ep_ret=-4.482 stop_prob=0.000 score_chg=4.5425
[DEBUG] train_step 8300: starting episode collection
[DEBUG] train_step 8300: episodes collected, starting value_update
[DEBUG] train_step 8300: value_update done, starting policy_update
[DEBUG] train_step 8300: policy_update done
[step 08350] value_loss=5.182290 policy_loss=0.459041
[step 08350] VALUE_DEBUG: target(mean=-8.60 std=8.64 min=-22.09 max=3.89) V(s)(mean=-7.95 std=8.05) reward(mean=-0.802 std=4.284) clip=50.0
[DEBUG] train_step 8350: starting episode collection
[DEBUG] train_step 8350: episodes collected, starting value_update
[DEBUG] train_step 8350: value_update done, starting policy_update
[DEBUG] train_step 8350: policy_update done
[step 08400] value_loss=4.007366 policy_loss=-1.203427
[step 08400] VALUE_DEBUG: target(mean=-7.43 std=8.88 min=-18.62 max=7.11) V(s)(mean=-7.97 std=8.48) reward(mean=0.349 std=3.802) clip=50.0
[step 08400] eval_success_rate=0.400 eval_mean_score=13.840 eval_policy_mode=greedy [solved=20/50, score_range=9.00-16.00/16.0, initial=9.00]
[step 08400] PROGRESS: filled=13.84 violations=0.00 zero_cand=0.00
[step 08400] DEBUG: ep_len=12.6 ep_ret=-3.391 stop_prob=0.000 score_chg=5.0025
[DEBUG] train_step 8400: starting episode collection
[DEBUG] train_step 8400: episodes collected, starting value_update
[DEBUG] train_step 8400: value_update done, starting policy_update
[DEBUG] train_step 8400: policy_update done
[step 08450] value_loss=9.546879 policy_loss=-0.334492
[step 08450] VALUE_DEBUG: target(mean=-8.94 std=8.58 min=-21.68 max=9.84) V(s)(mean=-8.72 std=7.72) reward(mean=-0.744 std=4.736) clip=50.0
[DEBUG] train_step 8450: starting episode collection
[DEBUG] train_step 8450: episodes collected, starting value_update
[DEBUG] train_step 8450: value_update done, starting policy_update
[DEBUG] train_step 8450: policy_update done
[step 08500] value_loss=15.519300 policy_loss=-0.624359
[step 08500] VALUE_DEBUG: target(mean=-5.84 std=9.47 min=-25.06 max=10.06) V(s)(mean=-6.08 std=8.96) reward(mean=-1.464 std=6.189) clip=50.0
[step 08500] eval_success_rate=0.480 eval_mean_score=14.180 eval_policy_mode=greedy [solved=24/50, score_range=9.00-16.00/16.0, initial=9.00]
[step 08500] PROGRESS: filled=14.18 violations=0.00 zero_cand=0.00
[step 08500] DEBUG: ep_len=12.4 ep_ret=-3.681 stop_prob=0.000 score_chg=4.8800
[DEBUG] train_step 8500: starting episode collection
[DEBUG] train_step 8500: episodes collected, starting value_update
[DEBUG] train_step 8500: value_update done, starting policy_update
[DEBUG] train_step 8500: policy_update done
[step 08550] value_loss=12.499699 policy_loss=-0.484486
[step 08550] VALUE_DEBUG: target(mean=-9.74 std=7.05 min=-19.91 max=2.44) V(s)(mean=-9.97 std=6.81) reward(mean=0.134 std=2.181) clip=50.0
[DEBUG] train_step 8550: starting episode collection
[DEBUG] train_step 8550: episodes collected, starting value_update
[DEBUG] train_step 8550: value_update done, starting policy_update
[DEBUG] train_step 8550: policy_update done
[step 08600] value_loss=7.564955 policy_loss=0.976965
[step 08600] VALUE_DEBUG: target(mean=-6.19 std=8.99 min=-18.61 max=10.52) V(s)(mean=-6.44 std=8.65) reward(mean=0.603 std=2.922) clip=50.0
[step 08600] eval_success_rate=0.400 eval_mean_score=14.200 eval_policy_mode=greedy [solved=20/50, score_range=10.00-16.00/16.0, initial=9.00]
[step 08600] PROGRESS: filled=14.20 violations=0.00 zero_cand=0.00
[step 08600] DEBUG: ep_len=12.3 ep_ret=-3.287 stop_prob=0.000 score_chg=4.8775
[DEBUG] train_step 8600: starting episode collection
[DEBUG] train_step 8600: episodes collected, starting value_update
[DEBUG] train_step 8600: value_update done, starting policy_update
[DEBUG] train_step 8600: policy_update done
[step 08650] value_loss=1.208077 policy_loss=-0.201292
[step 08650] VALUE_DEBUG: target(mean=-9.11 std=8.99 min=-22.07 max=5.48) V(s)(mean=-9.21 std=9.19) reward(mean=-0.466 std=4.884) clip=50.0
[DEBUG] train_step 8650: starting episode collection
[DEBUG] train_step 8650: episodes collected, starting value_update
[DEBUG] train_step 8650: value_update done, starting policy_update
[DEBUG] train_step 8650: policy_update done
[step 08700] value_loss=19.778751 policy_loss=-0.145519
[step 08700] VALUE_DEBUG: target(mean=-10.14 std=8.14 min=-22.09 max=4.98) V(s)(mean=-9.21 std=7.55) reward(mean=-1.928 std=6.882) clip=50.0
[step 08700] eval_success_rate=0.380 eval_mean_score=13.760 eval_policy_mode=greedy [solved=19/50, score_range=9.00-16.00/16.0, initial=9.00]
[step 08700] PROGRESS: filled=13.76 violations=0.00 zero_cand=0.00
[step 08700] DEBUG: ep_len=12.8 ep_ret=-4.467 stop_prob=0.000 score_chg=4.7575
[DEBUG] train_step 8700: starting episode collection
[DEBUG] train_step 8700: episodes collected, starting value_update
[DEBUG] train_step 8700: value_update done, starting policy_update
[DEBUG] train_step 8700: policy_update done
[step 08750] value_loss=3.950391 policy_loss=0.021929
[step 08750] VALUE_DEBUG: target(mean=-8.18 std=9.39 min=-19.37 max=6.36) V(s)(mean=-8.06 std=8.89) reward(mean=-0.184 std=3.429) clip=50.0
[DEBUG] train_step 8750: starting episode collection
[DEBUG] train_step 8750: episodes collected, starting value_update
[DEBUG] train_step 8750: value_update done, starting policy_update
[DEBUG] train_step 8750: policy_update done
[step 08800] value_loss=2.835024 policy_loss=0.005929
[step 08800] VALUE_DEBUG: target(mean=-6.91 std=9.02 min=-18.83 max=5.98) V(s)(mean=-6.95 std=9.16) reward(mean=-0.300 std=3.118) clip=50.0
[step 08800] eval_success_rate=0.300 eval_mean_score=14.160 eval_policy_mode=greedy [solved=15/50, score_range=10.00-16.00/16.0, initial=9.00]
[step 08800] PROGRESS: filled=14.16 violations=0.00 zero_cand=0.00
[step 08800] DEBUG: ep_len=12.5 ep_ret=-3.362 stop_prob=0.000 score_chg=5.1375
[DEBUG] train_step 8800: starting episode collection
[DEBUG] train_step 8800: episodes collected, starting value_update
[DEBUG] train_step 8800: value_update done, starting policy_update
[DEBUG] train_step 8800: policy_update done
[step 08850] value_loss=3.301047 policy_loss=-0.177247
[step 08850] VALUE_DEBUG: target(mean=-10.46 std=7.70 min=-17.80 max=6.84) V(s)(mean=-10.79 std=7.35) reward(mean=-0.054 std=3.202) clip=50.0
[DEBUG] train_step 8850: starting episode collection
[DEBUG] train_step 8850: episodes collected, starting value_update
[DEBUG] train_step 8850: value_update done, starting policy_update
[DEBUG] train_step 8850: policy_update done
[step 08900] value_loss=6.369172 policy_loss=-0.116666
[step 08900] VALUE_DEBUG: target(mean=-10.18 std=8.39 min=-20.06 max=7.92) V(s)(mean=-9.34 std=8.29) reward(mean=-0.396 std=3.874) clip=50.0
[step 08900] eval_success_rate=0.360 eval_mean_score=14.160 eval_policy_mode=greedy [solved=18/50, score_range=10.00-16.00/16.0, initial=9.00]
[step 08900] PROGRESS: filled=14.16 violations=0.00 zero_cand=0.00
[step 08900] DEBUG: ep_len=12.8 ep_ret=-3.976 stop_prob=0.000 score_chg=5.1725
[DEBUG] train_step 8900: starting episode collection
[DEBUG] train_step 8900: episodes collected, starting value_update
[DEBUG] train_step 8900: value_update done, starting policy_update
[DEBUG] train_step 8900: policy_update done
[step 08950] value_loss=4.095304 policy_loss=0.037262
[step 08950] VALUE_DEBUG: target(mean=-9.24 std=8.13 min=-18.94 max=6.93) V(s)(mean=-9.64 std=8.65) reward(mean=0.470 std=3.787) clip=50.0
[DEBUG] train_step 8950: starting episode collection
[DEBUG] train_step 8950: episodes collected, starting value_update
[DEBUG] train_step 8950: value_update done, starting policy_update
[DEBUG] train_step 8950: policy_update done
[step 09000] value_loss=7.622569 policy_loss=-0.378888
[step 09000] VALUE_DEBUG: target(mean=-6.38 std=9.28 min=-17.71 max=13.22) V(s)(mean=-7.12 std=8.57) reward(mean=0.449 std=3.764) clip=50.0
[step 09000] eval_success_rate=0.340 eval_mean_score=14.040 eval_policy_mode=greedy [solved=17/50, score_range=10.00-16.00/16.0, initial=9.00]
[step 09000] PROGRESS: filled=14.04 violations=0.00 zero_cand=0.00
[step 09000] DEBUG: ep_len=13.1 ep_ret=-5.286 stop_prob=0.000 score_chg=4.7025
[Checkpoint] Saved to buiksat_trm/checkpoints/table3_hard_6to8_controlled_nomask_nc_r10_s9/rl_checkpoint_step_9000.pt
[DEBUG] train_step 9000: starting episode collection
[DEBUG] train_step 9000: episodes collected, starting value_update
[DEBUG] train_step 9000: value_update done, starting policy_update
[DEBUG] train_step 9000: policy_update done
[step 09050] value_loss=2.672840 policy_loss=-0.373792
[step 09050] VALUE_DEBUG: target(mean=-8.59 std=10.06 min=-18.79 max=10.42) V(s)(mean=-8.60 std=9.56) reward(mean=0.258 std=1.840) clip=50.0
[DEBUG] train_step 9050: starting episode collection
[DEBUG] train_step 9050: episodes collected, starting value_update
[DEBUG] train_step 9050: value_update done, starting policy_update
[DEBUG] train_step 9050: policy_update done
[step 09100] value_loss=4.324208 policy_loss=0.444514
[step 09100] VALUE_DEBUG: target(mean=-9.12 std=9.68 min=-22.09 max=7.16) V(s)(mean=-9.20 std=8.97) reward(mean=-0.298 std=4.397) clip=50.0
[step 09100] eval_success_rate=0.300 eval_mean_score=13.680 eval_policy_mode=greedy [solved=15/50, score_range=9.00-16.00/16.0, initial=9.00]
[step 09100] PROGRESS: filled=13.68 violations=0.00 zero_cand=0.00
[step 09100] DEBUG: ep_len=13.3 ep_ret=-5.476 stop_prob=0.000 score_chg=4.8100
[DEBUG] train_step 9100: starting episode collection
[DEBUG] train_step 9100: episodes collected, starting value_update
[DEBUG] train_step 9100: value_update done, starting policy_update
[DEBUG] train_step 9100: policy_update done
[step 09150] value_loss=4.436731 policy_loss=0.208415
[step 09150] VALUE_DEBUG: target(mean=-8.14 std=8.94 min=-18.79 max=7.69) V(s)(mean=-7.90 std=8.84) reward(mean=-0.511 std=3.802) clip=50.0
[DEBUG] train_step 9150: starting episode collection
[DEBUG] train_step 9150: episodes collected, starting value_update
[DEBUG] train_step 9150: value_update done, starting policy_update
[DEBUG] train_step 9150: policy_update done
[step 09200] value_loss=4.940482 policy_loss=-0.649203
[step 09200] VALUE_DEBUG: target(mean=-5.92 std=9.30 min=-17.67 max=7.12) V(s)(mean=-5.93 std=9.08) reward(mean=-0.927 std=5.598) clip=50.0
[step 09200] eval_success_rate=0.260 eval_mean_score=13.840 eval_policy_mode=greedy [solved=13/50, score_range=10.00-16.00/16.0, initial=9.00]
[step 09200] PROGRESS: filled=13.84 violations=0.00 zero_cand=0.00
[step 09200] DEBUG: ep_len=13.8 ep_ret=-6.658 stop_prob=0.000 score_chg=4.6650
[DEBUG] train_step 9200: starting episode collection
[DEBUG] train_step 9200: episodes collected, starting value_update
[DEBUG] train_step 9200: value_update done, starting policy_update
[DEBUG] train_step 9200: policy_update done
[step 09250] value_loss=5.013884 policy_loss=-0.316188
[step 09250] VALUE_DEBUG: target(mean=-9.86 std=8.78 min=-19.52 max=6.83) V(s)(mean=-10.25 std=8.46) reward(mean=-0.569 std=4.617) clip=50.0
[DEBUG] train_step 9250: starting episode collection
[DEBUG] train_step 9250: episodes collected, starting value_update
[DEBUG] train_step 9250: value_update done, starting policy_update
[DEBUG] train_step 9250: policy_update done
[step 09300] value_loss=7.066229 policy_loss=-0.589287
[step 09300] VALUE_DEBUG: target(mean=-7.28 std=9.73 min=-25.00 max=6.26) V(s)(mean=-6.71 std=9.37) reward(mean=-0.373 std=2.692) clip=50.0
[step 09300] eval_success_rate=0.160 eval_mean_score=13.560 eval_policy_mode=greedy [solved=8/50, score_range=9.00-16.00/16.0, initial=9.00]
[step 09300] PROGRESS: filled=13.56 violations=0.00 zero_cand=0.00
[step 09300] DEBUG: ep_len=13.8 ep_ret=-6.999 stop_prob=0.000 score_chg=4.4350
[DEBUG] train_step 9300: starting episode collection
[DEBUG] train_step 9300: episodes collected, starting value_update
[DEBUG] train_step 9300: value_update done, starting policy_update
[DEBUG] train_step 9300: policy_update done
[step 09350] value_loss=1.688644 policy_loss=-0.001463
[step 09350] VALUE_DEBUG: target(mean=-5.69 std=9.43 min=-18.04 max=6.57) V(s)(mean=-6.34 std=9.36) reward(mean=0.319 std=3.286) clip=50.0
[DEBUG] train_step 9350: starting episode collection
[DEBUG] train_step 9350: episodes collected, starting value_update
[DEBUG] train_step 9350: value_update done, starting policy_update
[DEBUG] train_step 9350: policy_update done
[step 09400] value_loss=12.776574 policy_loss=-0.663841
[step 09400] VALUE_DEBUG: target(mean=-7.73 std=9.34 min=-21.48 max=10.42) V(s)(mean=-7.36 std=9.12) reward(mean=-0.093 std=4.784) clip=50.0
[step 09400] eval_success_rate=0.160 eval_mean_score=13.640 eval_policy_mode=greedy [solved=8/50, score_range=9.00-16.00/16.0, initial=9.00]
[step 09400] PROGRESS: filled=13.64 violations=0.00 zero_cand=0.00
[step 09400] DEBUG: ep_len=13.9 ep_ret=-6.553 stop_prob=0.000 score_chg=4.7425
[DEBUG] train_step 9400: starting episode collection
[DEBUG] train_step 9400: episodes collected, starting value_update
[DEBUG] train_step 9400: value_update done, starting policy_update
[DEBUG] train_step 9400: policy_update done
[step 09450] value_loss=8.326046 policy_loss=0.673250
[step 09450] VALUE_DEBUG: target(mean=-6.58 std=9.43 min=-18.84 max=10.84) V(s)(mean=-7.34 std=9.41) reward(mean=0.313 std=4.157) clip=50.0
[DEBUG] train_step 9450: starting episode collection
[DEBUG] train_step 9450: episodes collected, starting value_update
[DEBUG] train_step 9450: value_update done, starting policy_update
[DEBUG] train_step 9450: policy_update done
[step 09500] value_loss=8.956992 policy_loss=-1.602956
[step 09500] VALUE_DEBUG: target(mean=-4.36 std=9.79 min=-19.58 max=10.57) V(s)(mean=-4.49 std=8.96) reward(mean=0.164 std=4.162) clip=50.0
[step 09500] eval_success_rate=0.280 eval_mean_score=14.080 eval_policy_mode=greedy [solved=14/50, score_range=10.00-16.00/16.0, initial=9.00]
[step 09500] PROGRESS: filled=14.08 violations=0.00 zero_cand=0.00
[step 09500] DEBUG: ep_len=13.2 ep_ret=-5.201 stop_prob=0.000 score_chg=5.0350
[DEBUG] train_step 9500: starting episode collection
[DEBUG] train_step 9500: episodes collected, starting value_update
[DEBUG] train_step 9500: value_update done, starting policy_update
[DEBUG] train_step 9500: policy_update done
[step 09550] value_loss=3.363083 policy_loss=1.297438
[step 09550] VALUE_DEBUG: target(mean=-8.21 std=10.06 min=-21.24 max=9.21) V(s)(mean=-8.14 std=9.22) reward(mean=0.415 std=2.263) clip=50.0
[DEBUG] train_step 9550: starting episode collection
[DEBUG] train_step 9550: episodes collected, starting value_update
[DEBUG] train_step 9550: value_update done, starting policy_update
[DEBUG] train_step 9550: policy_update done
[step 09600] value_loss=8.677521 policy_loss=1.317569
[step 09600] VALUE_DEBUG: target(mean=-2.77 std=9.86 min=-22.08 max=10.87) V(s)(mean=-3.50 std=9.13) reward(mean=-0.124 std=4.838) clip=50.0
[step 09600] eval_success_rate=0.260 eval_mean_score=13.580 eval_policy_mode=greedy [solved=13/50, score_range=10.00-16.00/16.0, initial=9.00]
[step 09600] PROGRESS: filled=13.58 violations=0.00 zero_cand=0.00
[step 09600] DEBUG: ep_len=13.5 ep_ret=-6.066 stop_prob=0.000 score_chg=4.8025
[DEBUG] train_step 9600: starting episode collection
[DEBUG] train_step 9600: episodes collected, starting value_update
[DEBUG] train_step 9600: value_update done, starting policy_update
[DEBUG] train_step 9600: policy_update done
[step 09650] value_loss=11.029506 policy_loss=-0.404825
[step 09650] VALUE_DEBUG: target(mean=-6.53 std=10.56 min=-18.91 max=15.79) V(s)(mean=-7.15 std=9.52) reward(mean=0.983 std=3.066) clip=50.0
[DEBUG] train_step 9650: starting episode collection
[DEBUG] train_step 9650: episodes collected, starting value_update
[DEBUG] train_step 9650: value_update done, starting policy_update
[DEBUG] train_step 9650: policy_update done
[step 09700] value_loss=9.382064 policy_loss=-0.252890
[step 09700] VALUE_DEBUG: target(mean=-8.81 std=9.44 min=-22.08 max=9.07) V(s)(mean=-9.47 std=8.60) reward(mean=0.358 std=5.700) clip=50.0
[step 09700] eval_success_rate=0.260 eval_mean_score=13.940 eval_policy_mode=greedy [solved=13/50, score_range=10.00-16.00/16.0, initial=9.00]
[step 09700] PROGRESS: filled=13.94 violations=0.00 zero_cand=0.00
[step 09700] DEBUG: ep_len=13.5 ep_ret=-5.949 stop_prob=0.000 score_chg=4.8975
[DEBUG] train_step 9700: starting episode collection
[DEBUG] train_step 9700: episodes collected, starting value_update
[DEBUG] train_step 9700: value_update done, starting policy_update
[DEBUG] train_step 9700: policy_update done
[step 09750] value_loss=1.778217 policy_loss=0.820188
[step 09750] VALUE_DEBUG: target(mean=-6.23 std=9.61 min=-20.70 max=9.01) V(s)(mean=-6.56 std=9.21) reward(mean=0.043 std=3.816) clip=50.0
[DEBUG] train_step 9750: starting episode collection
[DEBUG] train_step 9750: episodes collected, starting value_update
[DEBUG] train_step 9750: value_update done, starting policy_update
[DEBUG] train_step 9750: policy_update done
[step 09800] value_loss=7.366294 policy_loss=0.398436
[step 09800] VALUE_DEBUG: target(mean=-6.60 std=9.88 min=-20.40 max=7.80) V(s)(mean=-6.07 std=9.40) reward(mean=-0.708 std=4.174) clip=50.0
[step 09800] eval_success_rate=0.140 eval_mean_score=13.460 eval_policy_mode=greedy [solved=7/50, score_range=10.00-16.00/16.0, initial=9.00]
[step 09800] PROGRESS: filled=13.46 violations=0.00 zero_cand=0.00
[step 09800] DEBUG: ep_len=13.6 ep_ret=-6.532 stop_prob=0.000 score_chg=4.3500
[DEBUG] train_step 9800: starting episode collection
[DEBUG] train_step 9800: episodes collected, starting value_update
[DEBUG] train_step 9800: value_update done, starting policy_update
[DEBUG] train_step 9800: policy_update done
[step 09850] value_loss=2.041582 policy_loss=0.136614
[step 09850] VALUE_DEBUG: target(mean=-6.32 std=9.89 min=-17.85 max=7.45) V(s)(mean=-6.22 std=9.62) reward(mean=0.068 std=1.781) clip=50.0
[DEBUG] train_step 9850: starting episode collection
[DEBUG] train_step 9850: episodes collected, starting value_update
[DEBUG] train_step 9850: value_update done, starting policy_update
[DEBUG] train_step 9850: policy_update done
[step 09900] value_loss=8.570626 policy_loss=-0.503487
[step 09900] VALUE_DEBUG: target(mean=-7.00 std=10.48 min=-25.92 max=9.55) V(s)(mean=-7.20 std=9.73) reward(mean=-0.084 std=2.836) clip=50.0
[step 09900] eval_success_rate=0.240 eval_mean_score=13.780 eval_policy_mode=greedy [solved=12/50, score_range=10.00-16.00/16.0, initial=9.00]
[step 09900] PROGRESS: filled=13.78 violations=0.00 zero_cand=0.00
[step 09900] DEBUG: ep_len=13.4 ep_ret=-5.276 stop_prob=0.000 score_chg=5.0350
[DEBUG] train_step 9900: starting episode collection
[DEBUG] train_step 9900: episodes collected, starting value_update
[DEBUG] train_step 9900: value_update done, starting policy_update
[DEBUG] train_step 9900: policy_update done
[step 09950] value_loss=2.052248 policy_loss=0.863355
[step 09950] VALUE_DEBUG: target(mean=-6.24 std=9.97 min=-18.86 max=8.17) V(s)(mean=-6.76 std=9.99) reward(mean=-0.205 std=4.339) clip=50.0
[DEBUG] train_step 9950: starting episode collection
[DEBUG] train_step 9950: episodes collected, starting value_update
[DEBUG] train_step 9950: value_update done, starting policy_update
[DEBUG] train_step 9950: policy_update done
[step 10000] value_loss=6.426915 policy_loss=0.048795
[step 10000] VALUE_DEBUG: target(mean=-6.78 std=9.68 min=-22.87 max=5.66) V(s)(mean=-6.43 std=9.45) reward(mean=-1.396 std=4.562) clip=50.0
[step 10000] eval_success_rate=0.340 eval_mean_score=14.080 eval_policy_mode=greedy [solved=17/50, score_range=10.00-16.00/16.0, initial=9.00]
[step 10000] PROGRESS: filled=14.08 violations=0.00 zero_cand=0.00
[step 10000] DEBUG: ep_len=13.3 ep_ret=-4.373 stop_prob=0.000 score_chg=4.9750
[Checkpoint] Saved to buiksat_trm/checkpoints/table3_hard_6to8_controlled_nomask_nc_r10_s9/rl_checkpoint_step_10000.pt
[DEBUG] train_step 10000: starting episode collection
[DEBUG] train_step 10000: episodes collected, starting value_update
[DEBUG] train_step 10000: value_update done, starting policy_update
[DEBUG] train_step 10000: policy_update done
[step 10050] value_loss=23.110125 policy_loss=-0.365817
[step 10050] VALUE_DEBUG: target(mean=-6.17 std=9.72 min=-25.57 max=9.81) V(s)(mean=-5.58 std=9.04) reward(mean=-0.586 std=4.930) clip=50.0
[DEBUG] train_step 10050: starting episode collection
[DEBUG] train_step 10050: episodes collected, starting value_update
[DEBUG] train_step 10050: value_update done, starting policy_update
[DEBUG] train_step 10050: policy_update done
[step 10100] value_loss=7.617333 policy_loss=-1.334441
[step 10100] VALUE_DEBUG: target(mean=-6.43 std=8.90 min=-18.55 max=7.44) V(s)(mean=-6.22 std=9.13) reward(mean=-0.647 std=4.028) clip=50.0
[step 10100] eval_success_rate=0.280 eval_mean_score=13.860 eval_policy_mode=greedy [solved=14/50, score_range=10.00-16.00/16.0, initial=9.00]
[step 10100] PROGRESS: filled=13.86 violations=0.00 zero_cand=0.00
[step 10100] DEBUG: ep_len=13.0 ep_ret=-4.226 stop_prob=0.000 score_chg=5.0550
[DEBUG] train_step 10100: starting episode collection
[DEBUG] train_step 10100: episodes collected, starting value_update
[DEBUG] train_step 10100: value_update done, starting policy_update
[DEBUG] train_step 10100: policy_update done
[step 10150] value_loss=10.108783 policy_loss=-0.360322
[step 10150] VALUE_DEBUG: target(mean=-8.87 std=8.95 min=-18.06 max=6.88) V(s)(mean=-8.61 std=9.10) reward(mean=-0.521 std=4.395) clip=50.0
[DEBUG] train_step 10150: starting episode collection
[DEBUG] train_step 10150: episodes collected, starting value_update
[DEBUG] train_step 10150: value_update done, starting policy_update
[DEBUG] train_step 10150: policy_update done
[step 10200] value_loss=9.879342 policy_loss=1.202273
[step 10200] VALUE_DEBUG: target(mean=-8.40 std=10.12 min=-23.90 max=10.28) V(s)(mean=-9.35 std=8.97) reward(mean=0.006 std=5.767) clip=50.0
[step 10200] eval_success_rate=0.240 eval_mean_score=13.720 eval_policy_mode=greedy [solved=12/50, score_range=10.00-16.00/16.0, initial=9.00]
[step 10200] PROGRESS: filled=13.72 violations=0.00 zero_cand=0.00
[step 10200] DEBUG: ep_len=13.6 ep_ret=-6.194 stop_prob=0.000 score_chg=4.8200
[DEBUG] train_step 10200: starting episode collection
[DEBUG] train_step 10200: episodes collected, starting value_update
[DEBUG] train_step 10200: value_update done, starting policy_update
[DEBUG] train_step 10200: policy_update done
[step 10250] value_loss=13.618163 policy_loss=0.581141
[step 10250] VALUE_DEBUG: target(mean=-6.96 std=9.36 min=-22.52 max=5.75) V(s)(mean=-6.22 std=8.76) reward(mean=-0.463 std=3.798) clip=50.0
[DEBUG] train_step 10250: starting episode collection
[DEBUG] train_step 10250: episodes collected, starting value_update
[DEBUG] train_step 10250: value_update done, starting policy_update
[DEBUG] train_step 10250: policy_update done
[step 10300] value_loss=1.032449 policy_loss=-0.854026
[step 10300] VALUE_DEBUG: target(mean=-9.22 std=8.94 min=-20.19 max=5.47) V(s)(mean=-8.92 std=8.73) reward(mean=0.433 std=1.628) clip=50.0
[step 10300] eval_success_rate=0.180 eval_mean_score=13.880 eval_policy_mode=greedy [solved=9/50, score_range=10.00-16.00/16.0, initial=9.00]
[step 10300] PROGRESS: filled=13.88 violations=0.00 zero_cand=0.00
[step 10300] DEBUG: ep_len=13.4 ep_ret=-5.826 stop_prob=0.000 score_chg=4.9700
[DEBUG] train_step 10300: starting episode collection
[DEBUG] train_step 10300: episodes collected, starting value_update
[DEBUG] train_step 10300: value_update done, starting policy_update
[DEBUG] train_step 10300: policy_update done
[step 10350] value_loss=1.019757 policy_loss=-0.762172
[step 10350] VALUE_DEBUG: target(mean=-7.17 std=9.74 min=-21.93 max=5.68) V(s)(mean=-6.79 std=9.29) reward(mean=0.128 std=1.832) clip=50.0
[DEBUG] train_step 10350: starting episode collection
[DEBUG] train_step 10350: episodes collected, starting value_update
[DEBUG] train_step 10350: value_update done, starting policy_update
[DEBUG] train_step 10350: policy_update done
[step 10400] value_loss=12.643120 policy_loss=-0.394557
[step 10400] VALUE_DEBUG: target(mean=-7.42 std=9.31 min=-19.16 max=6.34) V(s)(mean=-6.54 std=8.49) reward(mean=-2.773 std=6.318) clip=50.0
[step 10400] eval_success_rate=0.320 eval_mean_score=14.000 eval_policy_mode=greedy [solved=16/50, score_range=10.00-16.00/16.0, initial=9.00]
[step 10400] PROGRESS: filled=14.00 violations=0.00 zero_cand=0.00
[step 10400] DEBUG: ep_len=13.0 ep_ret=-4.291 stop_prob=0.000 score_chg=5.0900
[DEBUG] train_step 10400: starting episode collection
[DEBUG] train_step 10400: episodes collected, starting value_update
[DEBUG] train_step 10400: value_update done, starting policy_update
[DEBUG] train_step 10400: policy_update done
[step 10450] value_loss=16.253679 policy_loss=-0.406806
[step 10450] VALUE_DEBUG: target(mean=-6.81 std=9.36 min=-18.54 max=11.17) V(s)(mean=-6.82 std=8.80) reward(mean=0.319 std=4.005) clip=50.0
[DEBUG] train_step 10450: starting episode collection
[DEBUG] train_step 10450: episodes collected, starting value_update
[DEBUG] train_step 10450: value_update done, starting policy_update
[DEBUG] train_step 10450: policy_update done
[step 10500] value_loss=16.721586 policy_loss=-0.448902
[step 10500] VALUE_DEBUG: target(mean=-4.42 std=8.37 min=-17.83 max=9.74) V(s)(mean=-4.09 std=7.62) reward(mean=-0.498 std=3.799) clip=50.0
[step 10500] eval_success_rate=0.320 eval_mean_score=14.360 eval_policy_mode=greedy [solved=16/50, score_range=11.00-16.00/16.0, initial=9.00]
[step 10500] PROGRESS: filled=14.36 violations=0.00 zero_cand=0.00
[step 10500] DEBUG: ep_len=12.3 ep_ret=-2.272 stop_prob=0.000 score_chg=5.6625
[DEBUG] train_step 10500: starting episode collection
[DEBUG] train_step 10500: episodes collected, starting value_update
[DEBUG] train_step 10500: value_update done, starting policy_update
[DEBUG] train_step 10500: policy_update done
[step 10550] value_loss=3.611958 policy_loss=-1.145677
[step 10550] VALUE_DEBUG: target(mean=-9.18 std=8.66 min=-17.59 max=10.19) V(s)(mean=-9.68 std=7.99) reward(mean=-0.594 std=4.621) clip=50.0
[DEBUG] train_step 10550: starting episode collection
[DEBUG] train_step 10550: episodes collected, starting value_update
[DEBUG] train_step 10550: value_update done, starting policy_update
[DEBUG] train_step 10550: policy_update done
[step 10600] value_loss=23.206295 policy_loss=0.029369
[step 10600] VALUE_DEBUG: target(mean=-6.95 std=9.30 min=-22.09 max=9.32) V(s)(mean=-6.46 std=8.84) reward(mean=-1.637 std=6.227) clip=50.0
[step 10600] eval_success_rate=0.400 eval_mean_score=14.540 eval_policy_mode=greedy [solved=20/50, score_range=11.00-16.00/16.0, initial=9.00]
[step 10600] PROGRESS: filled=14.54 violations=0.00 zero_cand=0.00
[step 10600] DEBUG: ep_len=12.6 ep_ret=-3.164 stop_prob=0.000 score_chg=5.4350
[DEBUG] train_step 10600: starting episode collection
[DEBUG] train_step 10600: episodes collected, starting value_update
[DEBUG] train_step 10600: value_update done, starting policy_update
[DEBUG] train_step 10600: policy_update done
[step 10650] value_loss=13.950189 policy_loss=-0.892809
[step 10650] VALUE_DEBUG: target(mean=-7.50 std=9.33 min=-21.14 max=10.26) V(s)(mean=-7.71 std=8.61) reward(mean=-1.244 std=6.272) clip=50.0
[DEBUG] train_step 10650: starting episode collection
[DEBUG] train_step 10650: episodes collected, starting value_update
[DEBUG] train_step 10650: value_update done, starting policy_update
[DEBUG] train_step 10650: policy_update done
[step 10700] value_loss=2.039712 policy_loss=0.194238
[step 10700] VALUE_DEBUG: target(mean=-8.18 std=9.20 min=-20.74 max=8.09) V(s)(mean=-8.69 std=9.04) reward(mean=-0.936 std=4.279) clip=50.0
[step 10700] eval_success_rate=0.300 eval_mean_score=14.540 eval_policy_mode=greedy [solved=15/50, score_range=11.00-16.00/16.0, initial=9.00]
[step 10700] PROGRESS: filled=14.54 violations=0.00 zero_cand=0.00
[step 10700] DEBUG: ep_len=13.0 ep_ret=-3.683 stop_prob=0.000 score_chg=5.5450
[DEBUG] train_step 10700: starting episode collection
[DEBUG] train_step 10700: episodes collected, starting value_update
[DEBUG] train_step 10700: value_update done, starting policy_update
[DEBUG] train_step 10700: policy_update done
[step 10750] value_loss=3.607668 policy_loss=0.247497
[step 10750] VALUE_DEBUG: target(mean=-7.68 std=9.37 min=-25.98 max=5.63) V(s)(mean=-7.85 std=8.85) reward(mean=-0.430 std=4.851) clip=50.0
[DEBUG] train_step 10750: starting episode collection
[DEBUG] train_step 10750: episodes collected, starting value_update
[DEBUG] train_step 10750: value_update done, starting policy_update
[DEBUG] train_step 10750: policy_update done
[step 10800] value_loss=17.762293 policy_loss=0.164030
[step 10800] VALUE_DEBUG: target(mean=-7.87 std=10.31 min=-24.74 max=6.43) V(s)(mean=-8.03 std=9.02) reward(mean=-1.921 std=5.508) clip=50.0
[step 10800] eval_success_rate=0.400 eval_mean_score=14.540 eval_policy_mode=greedy [solved=20/50, score_range=11.00-16.00/16.0, initial=9.00]
[step 10800] PROGRESS: filled=14.54 violations=0.00 zero_cand=0.00
[step 10800] DEBUG: ep_len=13.0 ep_ret=-3.511 stop_prob=0.000 score_chg=5.6425
[DEBUG] train_step 10800: starting episode collection
[DEBUG] train_step 10800: episodes collected, starting value_update
[DEBUG] train_step 10800: value_update done, starting policy_update
[DEBUG] train_step 10800: policy_update done
[step 10850] value_loss=9.740135 policy_loss=0.030235
[step 10850] VALUE_DEBUG: target(mean=-5.41 std=8.93 min=-17.88 max=16.39) V(s)(mean=-5.89 std=7.75) reward(mean=0.165 std=4.686) clip=50.0
[DEBUG] train_step 10850: starting episode collection
[DEBUG] train_step 10850: episodes collected, starting value_update
[DEBUG] train_step 10850: value_update done, starting policy_update
[DEBUG] train_step 10850: policy_update done
[step 10900] value_loss=5.412281 policy_loss=-0.553131
[step 10900] VALUE_DEBUG: target(mean=-7.39 std=8.65 min=-18.38 max=6.38) V(s)(mean=-8.21 std=8.49) reward(mean=0.183 std=4.842) clip=50.0
[step 10900] eval_success_rate=0.380 eval_mean_score=14.440 eval_policy_mode=greedy [solved=19/50, score_range=10.00-16.00/16.0, initial=9.00]
[step 10900] PROGRESS: filled=14.44 violations=0.00 zero_cand=0.00
[step 10900] DEBUG: ep_len=12.9 ep_ret=-3.697 stop_prob=0.000 score_chg=5.4850
[DEBUG] train_step 10900: starting episode collection
[DEBUG] train_step 10900: episodes collected, starting value_update
[DEBUG] train_step 10900: value_update done, starting policy_update
[DEBUG] train_step 10900: policy_update done
[step 10950] value_loss=2.273547 policy_loss=-0.411478
[step 10950] VALUE_DEBUG: target(mean=-6.13 std=8.81 min=-21.29 max=5.93) V(s)(mean=-6.38 std=8.61) reward(mean=0.293 std=1.613) clip=50.0
[DEBUG] train_step 10950: starting episode collection
[DEBUG] train_step 10950: episodes collected, starting value_update
[DEBUG] train_step 10950: value_update done, starting policy_update
[DEBUG] train_step 10950: policy_update done
[step 11000] value_loss=7.928219 policy_loss=1.250918
[step 11000] VALUE_DEBUG: target(mean=-6.49 std=8.60 min=-19.64 max=9.66) V(s)(mean=-7.30 std=7.56) reward(mean=0.034 std=3.121) clip=50.0
[step 11000] eval_success_rate=0.320 eval_mean_score=14.680 eval_policy_mode=greedy [solved=16/50, score_range=11.00-16.00/16.0, initial=9.00]
[step 11000] PROGRESS: filled=14.68 violations=0.00 zero_cand=0.00
[step 11000] DEBUG: ep_len=12.8 ep_ret=-2.803 stop_prob=0.000 score_chg=5.7925
[Checkpoint] Saved to buiksat_trm/checkpoints/table3_hard_6to8_controlled_nomask_nc_r10_s9/rl_checkpoint_step_11000.pt
[DEBUG] train_step 11000: starting episode collection
[DEBUG] train_step 11000: episodes collected, starting value_update
[DEBUG] train_step 11000: value_update done, starting policy_update
[DEBUG] train_step 11000: policy_update done
[step 11050] value_loss=4.316713 policy_loss=-0.196661
[step 11050] VALUE_DEBUG: target(mean=-9.82 std=9.28 min=-18.17 max=13.25) V(s)(mean=-10.77 std=8.42) reward(mean=0.279 std=3.565) clip=50.0
[DEBUG] train_step 11050: starting episode collection
[DEBUG] train_step 11050: episodes collected, starting value_update
[DEBUG] train_step 11050: value_update done, starting policy_update
[DEBUG] train_step 11050: policy_update done
[step 11100] value_loss=3.788051 policy_loss=0.551152
[step 11100] VALUE_DEBUG: target(mean=-8.17 std=8.30 min=-18.60 max=6.05) V(s)(mean=-8.26 std=8.16) reward(mean=-0.993 std=4.609) clip=50.0
[step 11100] eval_success_rate=0.240 eval_mean_score=14.560 eval_policy_mode=greedy [solved=12/50, score_range=11.00-16.00/16.0, initial=9.00]
[step 11100] PROGRESS: filled=14.56 violations=0.00 zero_cand=0.00
[step 11100] DEBUG: ep_len=13.1 ep_ret=-3.861 stop_prob=0.000 score_chg=5.2400
[DEBUG] train_step 11100: starting episode collection
[DEBUG] train_step 11100: episodes collected, starting value_update
[DEBUG] train_step 11100: value_update done, starting policy_update
[DEBUG] train_step 11100: policy_update done
[step 11150] value_loss=3.649726 policy_loss=0.606028
[step 11150] VALUE_DEBUG: target(mean=-11.28 std=7.58 min=-20.36 max=7.76) V(s)(mean=-10.85 std=7.07) reward(mean=-0.432 std=3.712) clip=50.0
[DEBUG] train_step 11150: starting episode collection
[DEBUG] train_step 11150: episodes collected, starting value_update
[DEBUG] train_step 11150: value_update done, starting policy_update
[DEBUG] train_step 11150: policy_update done
[step 11200] value_loss=5.497242 policy_loss=-0.293916
[step 11200] VALUE_DEBUG: target(mean=-9.32 std=8.28 min=-22.09 max=6.38) V(s)(mean=-8.82 std=7.74) reward(mean=-0.518 std=5.885) clip=50.0
[step 11200] eval_success_rate=0.360 eval_mean_score=14.740 eval_policy_mode=greedy [solved=18/50, score_range=11.00-16.00/16.0, initial=9.00]
[step 11200] PROGRESS: filled=14.74 violations=0.00 zero_cand=0.00
[step 11200] DEBUG: ep_len=13.0 ep_ret=-3.255 stop_prob=0.000 score_chg=5.6675
[DEBUG] train_step 11200: starting episode collection
[DEBUG] train_step 11200: episodes collected, starting value_update
[DEBUG] train_step 11200: value_update done, starting policy_update
[DEBUG] train_step 11200: policy_update done
[step 11250] value_loss=9.940508 policy_loss=-0.810092
[step 11250] VALUE_DEBUG: target(mean=-8.78 std=8.29 min=-18.48 max=8.13) V(s)(mean=-8.79 std=8.18) reward(mean=-0.838 std=4.678) clip=50.0
[DEBUG] train_step 11250: starting episode collection
[DEBUG] train_step 11250: episodes collected, starting value_update
[DEBUG] train_step 11250: value_update done, starting policy_update
[DEBUG] train_step 11250: policy_update done
[step 11300] value_loss=4.019631 policy_loss=-1.324920
[step 11300] VALUE_DEBUG: target(mean=-7.90 std=8.18 min=-22.85 max=4.95) V(s)(mean=-7.45 std=7.95) reward(mean=-0.088 std=2.818) clip=50.0
[step 11300] eval_success_rate=0.360 eval_mean_score=14.660 eval_policy_mode=greedy [solved=18/50, score_range=11.00-16.00/16.0, initial=9.00]
[step 11300] PROGRESS: filled=14.66 violations=0.00 zero_cand=0.00
[step 11300] DEBUG: ep_len=12.7 ep_ret=-2.882 stop_prob=0.000 score_chg=5.7400
[DEBUG] train_step 11300: starting episode collection
[DEBUG] train_step 11300: episodes collected, starting value_update
[DEBUG] train_step 11300: value_update done, starting policy_update
[DEBUG] train_step 11300: policy_update done
[step 11350] value_loss=5.000951 policy_loss=-0.218507
[step 11350] VALUE_DEBUG: target(mean=-9.30 std=8.60 min=-18.33 max=3.64) V(s)(mean=-9.32 std=7.82) reward(mean=-0.310 std=3.269) clip=50.0
[DEBUG] train_step 11350: starting episode collection
[DEBUG] train_step 11350: episodes collected, starting value_update
[DEBUG] train_step 11350: value_update done, starting policy_update
[DEBUG] train_step 11350: policy_update done
[step 11400] value_loss=3.550896 policy_loss=-0.347452
[step 11400] VALUE_DEBUG: target(mean=-9.77 std=8.16 min=-18.28 max=9.02) V(s)(mean=-9.87 std=7.85) reward(mean=-0.251 std=2.856) clip=50.0
[step 11400] eval_success_rate=0.400 eval_mean_score=14.620 eval_policy_mode=greedy [solved=20/50, score_range=10.00-16.00/16.0, initial=9.00]
[step 11400] PROGRESS: filled=14.62 violations=0.00 zero_cand=0.00
[step 11400] DEBUG: ep_len=11.9 ep_ret=-1.487 stop_prob=0.000 score_chg=5.8775
[DEBUG] train_step 11400: starting episode collection
[DEBUG] train_step 11400: episodes collected, starting value_update
[DEBUG] train_step 11400: value_update done, starting policy_update
[DEBUG] train_step 11400: policy_update done
[step 11450] value_loss=8.795536 policy_loss=0.786740
[step 11450] VALUE_DEBUG: target(mean=-7.02 std=9.33 min=-22.95 max=13.16) V(s)(mean=-6.88 std=8.46) reward(mean=-1.240 std=4.736) clip=50.0
[DEBUG] train_step 11450: starting episode collection
[DEBUG] train_step 11450: episodes collected, starting value_update
[DEBUG] train_step 11450: value_update done, starting policy_update
[DEBUG] train_step 11450: policy_update done
[step 11500] value_loss=8.598217 policy_loss=1.032094
[step 11500] VALUE_DEBUG: target(mean=-8.52 std=9.38 min=-24.89 max=6.63) V(s)(mean=-8.27 std=8.73) reward(mean=-1.055 std=4.595) clip=50.0
[step 11500] eval_success_rate=0.500 eval_mean_score=14.800 eval_policy_mode=greedy [solved=25/50, score_range=11.00-16.00/16.0, initial=9.00]
[step 11500] PROGRESS: filled=14.80 violations=0.00 zero_cand=0.00
[step 11500] DEBUG: ep_len=11.9 ep_ret=-1.753 stop_prob=0.000 score_chg=5.6700
[DEBUG] train_step 11500: starting episode collection
[DEBUG] train_step 11500: episodes collected, starting value_update
[DEBUG] train_step 11500: value_update done, starting policy_update
[DEBUG] train_step 11500: policy_update done
[step 11550] value_loss=7.008729 policy_loss=-0.254256
[step 11550] VALUE_DEBUG: target(mean=-8.73 std=8.83 min=-18.44 max=10.62) V(s)(mean=-8.74 std=8.25) reward(mean=0.651 std=3.024) clip=50.0
[DEBUG] train_step 11550: starting episode collection
[DEBUG] train_step 11550: episodes collected, starting value_update
[DEBUG] train_step 11550: value_update done, starting policy_update
[DEBUG] train_step 11550: policy_update done
[step 11600] value_loss=6.255569 policy_loss=-0.379378
[step 11600] VALUE_DEBUG: target(mean=-7.12 std=9.55 min=-22.17 max=7.27) V(s)(mean=-7.14 std=8.56) reward(mean=-0.032 std=4.034) clip=50.0
[step 11600] eval_success_rate=0.420 eval_mean_score=14.960 eval_policy_mode=greedy [solved=21/50, score_range=11.00-16.00/16.0, initial=9.00]
[step 11600] PROGRESS: filled=14.96 violations=0.00 zero_cand=0.00
[step 11600] DEBUG: ep_len=12.2 ep_ret=-2.144 stop_prob=0.000 score_chg=5.6275
[DEBUG] train_step 11600: starting episode collection
[DEBUG] train_step 11600: episodes collected, starting value_update
[DEBUG] train_step 11600: value_update done, starting policy_update
[DEBUG] train_step 11600: policy_update done
[step 11650] value_loss=4.664400 policy_loss=0.055503
[step 11650] VALUE_DEBUG: target(mean=-5.63 std=8.91 min=-22.09 max=6.61) V(s)(mean=-6.02 std=8.23) reward(mean=-0.215 std=5.156) clip=50.0
[DEBUG] train_step 11650: starting episode collection
[DEBUG] train_step 11650: episodes collected, starting value_update
[DEBUG] train_step 11650: value_update done, starting policy_update
[DEBUG] train_step 11650: policy_update done
[step 11700] value_loss=14.713490 policy_loss=-0.635987
[step 11700] VALUE_DEBUG: target(mean=-8.73 std=9.04 min=-21.96 max=6.93) V(s)(mean=-7.60 std=8.38) reward(mean=-1.893 std=5.589) clip=50.0
[step 11700] eval_success_rate=0.580 eval_mean_score=15.020 eval_policy_mode=greedy [solved=29/50, score_range=10.00-16.00/16.0, initial=9.00]
[step 11700] PROGRESS: filled=15.02 violations=0.00 zero_cand=0.00
[step 11700] DEBUG: ep_len=12.2 ep_ret=-1.874 stop_prob=0.000 score_chg=5.6125
[DEBUG] train_step 11700: starting episode collection
[DEBUG] train_step 11700: episodes collected, starting value_update
[DEBUG] train_step 11700: value_update done, starting policy_update
[DEBUG] train_step 11700: policy_update done
[step 11750] value_loss=5.711549 policy_loss=0.893923
[step 11750] VALUE_DEBUG: target(mean=-8.18 std=10.05 min=-19.94 max=11.21) V(s)(mean=-8.46 std=8.93) reward(mean=-0.055 std=3.941) clip=50.0
[DEBUG] train_step 11750: starting episode collection
[DEBUG] train_step 11750: episodes collected, starting value_update
[DEBUG] train_step 11750: value_update done, starting policy_update
[DEBUG] train_step 11750: policy_update done
[step 11800] value_loss=17.299335 policy_loss=-0.462532
[step 11800] VALUE_DEBUG: target(mean=-7.06 std=9.53 min=-22.82 max=10.75) V(s)(mean=-6.39 std=8.56) reward(mean=-0.838 std=4.454) clip=50.0
[step 11800] eval_success_rate=0.560 eval_mean_score=15.200 eval_policy_mode=greedy [solved=28/50, score_range=12.00-16.00/16.0, initial=9.00]
[step 11800] PROGRESS: filled=15.20 violations=0.00 zero_cand=0.00
[step 11800] DEBUG: ep_len=11.8 ep_ret=-1.176 stop_prob=0.000 score_chg=5.9375
[DEBUG] train_step 11800: starting episode collection
[DEBUG] train_step 11800: episodes collected, starting value_update
[DEBUG] train_step 11800: value_update done, starting policy_update
[DEBUG] train_step 11800: policy_update done
[step 11850] value_loss=5.858060 policy_loss=0.702727
[step 11850] VALUE_DEBUG: target(mean=-6.15 std=9.02 min=-17.77 max=10.69) V(s)(mean=-6.61 std=8.50) reward(mean=0.781 std=2.426) clip=50.0
[DEBUG] train_step 11850: starting episode collection
[DEBUG] train_step 11850: episodes collected, starting value_update
[DEBUG] train_step 11850: value_update done, starting policy_update
[DEBUG] train_step 11850: policy_update done
[step 11900] value_loss=10.916428 policy_loss=-0.100466
[step 11900] VALUE_DEBUG: target(mean=-8.94 std=8.82 min=-20.00 max=7.02) V(s)(mean=-8.04 std=9.21) reward(mean=-1.620 std=4.738) clip=50.0
[step 11900] eval_success_rate=0.520 eval_mean_score=14.940 eval_policy_mode=greedy [solved=26/50, score_range=10.00-16.00/16.0, initial=9.00]
[step 11900] PROGRESS: filled=14.94 violations=0.00 zero_cand=0.00
[step 11900] DEBUG: ep_len=11.8 ep_ret=-1.123 stop_prob=0.000 score_chg=5.9350
[DEBUG] train_step 11900: starting episode collection
[DEBUG] train_step 11900: episodes collected, starting value_update
[DEBUG] train_step 11900: value_update done, starting policy_update
[DEBUG] train_step 11900: policy_update done
[step 11950] value_loss=5.976301 policy_loss=-0.343813
[step 11950] VALUE_DEBUG: target(mean=-7.44 std=9.61 min=-18.80 max=11.35) V(s)(mean=-7.58 std=8.56) reward(mean=-0.066 std=4.035) clip=50.0
[DEBUG] train_step 11950: starting episode collection
[DEBUG] train_step 11950: episodes collected, starting value_update
[DEBUG] train_step 11950: value_update done, starting policy_update
[DEBUG] train_step 11950: policy_update done
[step 12000] value_loss=1.806901 policy_loss=-0.161408
[step 12000] VALUE_DEBUG: target(mean=-6.79 std=8.65 min=-18.14 max=7.18) V(s)(mean=-7.18 std=8.69) reward(mean=-0.279 std=3.791) clip=50.0
[step 12000] eval_success_rate=0.560 eval_mean_score=15.140 eval_policy_mode=greedy [solved=28/50, score_range=12.00-16.00/16.0, initial=9.00]
[step 12000] PROGRESS: filled=15.14 violations=0.00 zero_cand=0.00
[step 12000] DEBUG: ep_len=12.1 ep_ret=-2.425 stop_prob=0.000 score_chg=5.7775
[Checkpoint] Saved to buiksat_trm/checkpoints/table3_hard_6to8_controlled_nomask_nc_r10_s9/rl_checkpoint_step_12000.pt
[DEBUG] train_step 12000: starting episode collection
[DEBUG] train_step 12000: episodes collected, starting value_update
[DEBUG] train_step 12000: value_update done, starting policy_update
[DEBUG] train_step 12000: policy_update done
[step 12050] value_loss=4.151740 policy_loss=0.727756
[step 12050] VALUE_DEBUG: target(mean=-3.57 std=8.65 min=-18.02 max=7.03) V(s)(mean=-3.55 std=8.89) reward(mean=0.025 std=4.036) clip=50.0
[DEBUG] train_step 12050: starting episode collection
[DEBUG] train_step 12050: episodes collected, starting value_update
[DEBUG] train_step 12050: value_update done, starting policy_update
[DEBUG] train_step 12050: policy_update done
[step 12100] value_loss=5.058569 policy_loss=-0.207413
[step 12100] VALUE_DEBUG: target(mean=-6.71 std=8.78 min=-18.79 max=7.82) V(s)(mean=-6.89 std=8.47) reward(mean=1.033 std=2.975) clip=50.0
[step 12100] eval_success_rate=0.460 eval_mean_score=15.000 eval_policy_mode=greedy [solved=23/50, score_range=11.00-16.00/16.0, initial=9.00]
[step 12100] PROGRESS: filled=15.00 violations=0.00 zero_cand=0.00
[step 12100] DEBUG: ep_len=11.6 ep_ret=-1.377 stop_prob=0.000 score_chg=5.5650
[DEBUG] train_step 12100: starting episode collection
[DEBUG] train_step 12100: episodes collected, starting value_update
[DEBUG] train_step 12100: value_update done, starting policy_update
[DEBUG] train_step 12100: policy_update done
[step 12150] value_loss=8.360412 policy_loss=-0.516023
[step 12150] VALUE_DEBUG: target(mean=-6.99 std=8.59 min=-17.10 max=7.01) V(s)(mean=-6.08 std=8.33) reward(mean=-1.087 std=4.361) clip=50.0
[DEBUG] train_step 12150: starting episode collection
[DEBUG] train_step 12150: episodes collected, starting value_update
[DEBUG] train_step 12150: value_update done, starting policy_update
[DEBUG] train_step 12150: policy_update done
[step 12200] value_loss=1.648790 policy_loss=-0.040725
[step 12200] VALUE_DEBUG: target(mean=-3.83 std=8.40 min=-17.70 max=6.97) V(s)(mean=-3.35 std=8.39) reward(mean=-0.215 std=3.406) clip=50.0
[step 12200] eval_success_rate=0.420 eval_mean_score=14.800 eval_policy_mode=greedy [solved=21/50, score_range=11.00-16.00/16.0, initial=9.00]
[step 12200] PROGRESS: filled=14.80 violations=0.00 zero_cand=0.00
[step 12200] DEBUG: ep_len=12.0 ep_ret=-2.051 stop_prob=0.000 score_chg=5.4500
[DEBUG] train_step 12200: starting episode collection
[DEBUG] train_step 12200: episodes collected, starting value_update
[DEBUG] train_step 12200: value_update done, starting policy_update
[DEBUG] train_step 12200: policy_update done
[step 12250] value_loss=5.947844 policy_loss=0.078672
[step 12250] VALUE_DEBUG: target(mean=-6.90 std=8.80 min=-22.71 max=7.76) V(s)(mean=-6.50 std=8.73) reward(mean=-1.242 std=4.791) clip=50.0
[DEBUG] train_step 12250: starting episode collection
[DEBUG] train_step 12250: episodes collected, starting value_update
[DEBUG] train_step 12250: value_update done, starting policy_update
[DEBUG] train_step 12250: policy_update done
[step 12300] value_loss=5.212811 policy_loss=0.343066
[step 12300] VALUE_DEBUG: target(mean=-6.72 std=8.71 min=-21.63 max=8.51) V(s)(mean=-6.64 std=8.30) reward(mean=-0.406 std=4.990) clip=50.0
[step 12300] eval_success_rate=0.400 eval_mean_score=14.660 eval_policy_mode=greedy [solved=20/50, score_range=11.00-16.00/16.0, initial=9.00]
[step 12300] PROGRESS: filled=14.66 violations=0.00 zero_cand=0.00
[step 12300] DEBUG: ep_len=12.4 ep_ret=-2.825 stop_prob=0.000 score_chg=5.4050
[DEBUG] train_step 12300: starting episode collection
[DEBUG] train_step 12300: episodes collected, starting value_update
[DEBUG] train_step 12300: value_update done, starting policy_update
[DEBUG] train_step 12300: policy_update done
[step 12350] value_loss=5.603063 policy_loss=0.669172
[step 12350] VALUE_DEBUG: target(mean=-5.85 std=9.75 min=-19.58 max=9.91) V(s)(mean=-6.56 std=8.78) reward(mean=0.102 std=4.083) clip=50.0
[DEBUG] train_step 12350: starting episode collection
[DEBUG] train_step 12350: episodes collected, starting value_update
[DEBUG] train_step 12350: value_update done, starting policy_update
[DEBUG] train_step 12350: policy_update done
[step 12400] value_loss=17.674198 policy_loss=-0.688213
[step 12400] VALUE_DEBUG: target(mean=-7.62 std=7.74 min=-17.75 max=6.89) V(s)(mean=-9.33 std=8.02) reward(mean=-0.372 std=4.556) clip=50.0
[step 12400] eval_success_rate=0.400 eval_mean_score=14.820 eval_policy_mode=greedy [solved=20/50, score_range=12.00-16.00/16.0, initial=9.00]
[step 12400] PROGRESS: filled=14.82 violations=0.00 zero_cand=0.00
[step 12400] DEBUG: ep_len=12.1 ep_ret=-2.074 stop_prob=0.000 score_chg=5.7100
[DEBUG] train_step 12400: starting episode collection
[DEBUG] train_step 12400: episodes collected, starting value_update
[DEBUG] train_step 12400: value_update done, starting policy_update
[DEBUG] train_step 12400: policy_update done
[step 12450] value_loss=7.847703 policy_loss=0.159224
[step 12450] VALUE_DEBUG: target(mean=-8.25 std=9.22 min=-17.85 max=7.88) V(s)(mean=-8.52 std=9.04) reward(mean=-0.340 std=5.070) clip=50.0
[DEBUG] train_step 12450: starting episode collection
[DEBUG] train_step 12450: episodes collected, starting value_update
[DEBUG] train_step 12450: value_update done, starting policy_update
[DEBUG] train_step 12450: policy_update done
[step 12500] value_loss=2.547829 policy_loss=-0.460782
[step 12500] VALUE_DEBUG: target(mean=-7.44 std=10.04 min=-21.01 max=8.78) V(s)(mean=-7.23 std=9.50) reward(mean=-1.232 std=3.843) clip=50.0
[step 12500] eval_success_rate=0.400 eval_mean_score=14.720 eval_policy_mode=greedy [solved=20/50, score_range=12.00-16.00/16.0, initial=9.00]
[step 12500] PROGRESS: filled=14.72 violations=0.00 zero_cand=0.00
[step 12500] DEBUG: ep_len=12.4 ep_ret=-2.992 stop_prob=0.000 score_chg=5.4775
[DEBUG] train_step 12500: starting episode collection
[DEBUG] train_step 12500: episodes collected, starting value_update
[DEBUG] train_step 12500: value_update done, starting policy_update
[DEBUG] train_step 12500: policy_update done
[step 12550] value_loss=7.801581 policy_loss=0.002031
[step 12550] VALUE_DEBUG: target(mean=-9.10 std=7.96 min=-17.55 max=4.85) V(s)(mean=-8.92 std=8.03) reward(mean=0.177 std=3.140) clip=50.0
[DEBUG] train_step 12550: starting episode collection
[DEBUG] train_step 12550: episodes collected, starting value_update
[DEBUG] train_step 12550: value_update done, starting policy_update
[DEBUG] train_step 12550: policy_update done
[step 12600] value_loss=10.269860 policy_loss=0.560122
[step 12600] VALUE_DEBUG: target(mean=-5.66 std=9.67 min=-19.12 max=10.57) V(s)(mean=-6.40 std=9.29) reward(mean=-0.434 std=4.602) clip=50.0
[step 12600] eval_success_rate=0.360 eval_mean_score=14.600 eval_policy_mode=greedy [solved=18/50, score_range=12.00-16.00/16.0, initial=9.00]
[step 12600] PROGRESS: filled=14.60 violations=0.00 zero_cand=0.00
[step 12600] DEBUG: ep_len=12.8 ep_ret=-4.213 stop_prob=0.000 score_chg=5.1550
[DEBUG] train_step 12600: starting episode collection
[DEBUG] train_step 12600: episodes collected, starting value_update
[DEBUG] train_step 12600: value_update done, starting policy_update
[DEBUG] train_step 12600: policy_update done
[step 12650] value_loss=7.122176 policy_loss=0.196931
[step 12650] VALUE_DEBUG: target(mean=-5.83 std=8.94 min=-17.96 max=10.17) V(s)(mean=-5.85 std=8.52) reward(mean=-0.311 std=3.852) clip=50.0
[DEBUG] train_step 12650: starting episode collection
[DEBUG] train_step 12650: episodes collected, starting value_update
[DEBUG] train_step 12650: value_update done, starting policy_update
[DEBUG] train_step 12650: policy_update done
[step 12700] value_loss=17.164375 policy_loss=-0.335636
[step 12700] VALUE_DEBUG: target(mean=-9.06 std=8.85 min=-22.08 max=12.63) V(s)(mean=-8.50 std=8.14) reward(mean=-1.456 std=7.009) clip=50.0
[step 12700] eval_success_rate=0.400 eval_mean_score=14.480 eval_policy_mode=greedy [solved=20/50, score_range=10.00-16.00/16.0, initial=9.00]
[step 12700] PROGRESS: filled=14.48 violations=0.00 zero_cand=0.00
[step 12700] DEBUG: ep_len=13.0 ep_ret=-5.243 stop_prob=0.000 score_chg=5.0475
[DEBUG] train_step 12700: starting episode collection
[DEBUG] train_step 12700: episodes collected, starting value_update
[DEBUG] train_step 12700: value_update done, starting policy_update
[DEBUG] train_step 12700: policy_update done
[step 12750] value_loss=2.324501 policy_loss=0.794073
[step 12750] VALUE_DEBUG: target(mean=-8.25 std=8.50 min=-18.87 max=5.63) V(s)(mean=-7.82 std=8.32) reward(mean=-0.491 std=2.818) clip=50.0
[DEBUG] train_step 12750: starting episode collection
[DEBUG] train_step 12750: episodes collected, starting value_update
[DEBUG] train_step 12750: value_update done, starting policy_update
[DEBUG] train_step 12750: policy_update done
[step 12800] value_loss=7.106876 policy_loss=-0.595021
[step 12800] VALUE_DEBUG: target(mean=-5.41 std=9.28 min=-17.66 max=13.33) V(s)(mean=-5.69 std=8.59) reward(mean=-0.244 std=5.028) clip=50.0
[step 12800] eval_success_rate=0.340 eval_mean_score=14.320 eval_policy_mode=greedy [solved=17/50, score_range=10.00-16.00/16.0, initial=9.00]
[step 12800] PROGRESS: filled=14.32 violations=0.00 zero_cand=0.00
[step 12800] DEBUG: ep_len=12.7 ep_ret=-4.605 stop_prob=0.000 score_chg=5.1850
[DEBUG] train_step 12800: starting episode collection
[DEBUG] train_step 12800: episodes collected, starting value_update
[DEBUG] train_step 12800: value_update done, starting policy_update
[DEBUG] train_step 12800: policy_update done
[step 12850] value_loss=1.605066 policy_loss=1.033292
[step 12850] VALUE_DEBUG: target(mean=-6.03 std=9.60 min=-20.98 max=6.98) V(s)(mean=-5.82 std=9.52) reward(mean=-0.367 std=3.570) clip=50.0
[DEBUG] train_step 12850: starting episode collection
[DEBUG] train_step 12850: episodes collected, starting value_update
[DEBUG] train_step 12850: value_update done, starting policy_update
[DEBUG] train_step 12850: policy_update done
[step 12900] value_loss=16.749222 policy_loss=-0.308730
[step 12900] VALUE_DEBUG: target(mean=-7.69 std=8.94 min=-19.32 max=7.26) V(s)(mean=-6.58 std=8.89) reward(mean=-0.924 std=4.438) clip=50.0
[step 12900] eval_success_rate=0.380 eval_mean_score=14.460 eval_policy_mode=greedy [solved=19/50, score_range=10.00-16.00/16.0, initial=9.00]
[step 12900] PROGRESS: filled=14.46 violations=0.00 zero_cand=0.00
[step 12900] DEBUG: ep_len=12.8 ep_ret=-4.602 stop_prob=0.000 score_chg=5.1275
[DEBUG] train_step 12900: starting episode collection
[DEBUG] train_step 12900: episodes collected, starting value_update
[DEBUG] train_step 12900: value_update done, starting policy_update
[DEBUG] train_step 12900: policy_update done
[step 12950] value_loss=3.574035 policy_loss=-0.191813
[step 12950] VALUE_DEBUG: target(mean=-4.10 std=9.47 min=-22.57 max=12.33) V(s)(mean=-3.69 std=8.82) reward(mean=0.156 std=3.320) clip=50.0
[DEBUG] train_step 12950: starting episode collection
[DEBUG] train_step 12950: episodes collected, starting value_update
[DEBUG] train_step 12950: value_update done, starting policy_update
[DEBUG] train_step 12950: policy_update done
[step 13000] value_loss=3.696877 policy_loss=1.036060
[step 13000] VALUE_DEBUG: target(mean=-7.02 std=9.33 min=-20.89 max=10.56) V(s)(mean=-6.59 std=8.91) reward(mean=-1.036 std=5.278) clip=50.0
[step 13000] eval_success_rate=0.360 eval_mean_score=14.360 eval_policy_mode=greedy [solved=18/50, score_range=10.00-16.00/16.0, initial=9.00]
[step 13000] PROGRESS: filled=14.36 violations=0.00 zero_cand=0.00
[step 13000] DEBUG: ep_len=12.7 ep_ret=-4.088 stop_prob=0.000 score_chg=5.2875
[Checkpoint] Saved to buiksat_trm/checkpoints/table3_hard_6to8_controlled_nomask_nc_r10_s9/rl_checkpoint_step_13000.pt
[DEBUG] train_step 13000: starting episode collection
[DEBUG] train_step 13000: episodes collected, starting value_update
[DEBUG] train_step 13000: value_update done, starting policy_update
[DEBUG] train_step 13000: policy_update done
[step 13050] value_loss=19.128214 policy_loss=0.243588
[step 13050] VALUE_DEBUG: target(mean=-9.84 std=7.80 min=-18.05 max=6.69) V(s)(mean=-8.75 std=7.79) reward(mean=-1.374 std=4.997) clip=50.0
[DEBUG] train_step 13050: starting episode collection
[DEBUG] train_step 13050: episodes collected, starting value_update
[DEBUG] train_step 13050: value_update done, starting policy_update
[DEBUG] train_step 13050: policy_update done
[step 13100] value_loss=15.322422 policy_loss=0.504671
[step 13100] VALUE_DEBUG: target(mean=-5.41 std=9.85 min=-18.20 max=11.84) V(s)(mean=-5.16 std=9.77) reward(mean=-0.929 std=5.887) clip=50.0
[step 13100] eval_success_rate=0.340 eval_mean_score=14.120 eval_policy_mode=greedy [solved=17/50, score_range=11.00-16.00/16.0, initial=9.00]
[step 13100] PROGRESS: filled=14.12 violations=0.00 zero_cand=0.00
[step 13100] DEBUG: ep_len=12.7 ep_ret=-3.819 stop_prob=0.000 score_chg=5.2750
[DEBUG] train_step 13100: starting episode collection
[DEBUG] train_step 13100: episodes collected, starting value_update
[DEBUG] train_step 13100: value_update done, starting policy_update
[DEBUG] train_step 13100: policy_update done
[step 13150] value_loss=1.980794 policy_loss=0.222499
[step 13150] VALUE_DEBUG: target(mean=-4.50 std=8.56 min=-18.91 max=5.81) V(s)(mean=-4.28 std=8.54) reward(mean=-0.217 std=3.709) clip=50.0
[DEBUG] train_step 13150: starting episode collection
[DEBUG] train_step 13150: episodes collected, starting value_update
[DEBUG] train_step 13150: value_update done, starting policy_update
[DEBUG] train_step 13150: policy_update done
[step 13200] value_loss=3.807827 policy_loss=-0.268629
[step 13200] VALUE_DEBUG: target(mean=-7.41 std=8.46 min=-20.68 max=3.89) V(s)(mean=-7.09 std=8.60) reward(mean=-0.875 std=4.427) clip=50.0
[step 13200] eval_success_rate=0.380 eval_mean_score=14.280 eval_policy_mode=greedy [solved=19/50, score_range=11.00-16.00/16.0, initial=9.00]
[step 13200] PROGRESS: filled=14.28 violations=0.00 zero_cand=0.00
[step 13200] DEBUG: ep_len=12.6 ep_ret=-3.890 stop_prob=0.000 score_chg=5.2825
[DEBUG] train_step 13200: starting episode collection
[DEBUG] train_step 13200: episodes collected, starting value_update
[DEBUG] train_step 13200: value_update done, starting policy_update
[DEBUG] train_step 13200: policy_update done
[step 13250] value_loss=5.503607 policy_loss=0.784384
[step 13250] VALUE_DEBUG: target(mean=-4.32 std=9.02 min=-16.80 max=14.43) V(s)(mean=-4.14 std=8.92) reward(mean=-0.744 std=4.559) clip=50.0
[DEBUG] train_step 13250: starting episode collection
[DEBUG] train_step 13250: episodes collected, starting value_update
[DEBUG] train_step 13250: value_update done, starting policy_update
[DEBUG] train_step 13250: policy_update done
[step 13300] value_loss=4.378694 policy_loss=0.210745
[step 13300] VALUE_DEBUG: target(mean=-8.49 std=10.23 min=-20.78 max=11.28) V(s)(mean=-8.86 std=9.52) reward(mean=0.337 std=3.777) clip=50.0
[step 13300] eval_success_rate=0.380 eval_mean_score=14.200 eval_policy_mode=greedy [solved=19/50, score_range=11.00-16.00/16.0, initial=9.00]
[step 13300] PROGRESS: filled=14.20 violations=0.00 zero_cand=0.00
[step 13300] DEBUG: ep_len=12.4 ep_ret=-3.273 stop_prob=0.000 score_chg=5.3725
[DEBUG] train_step 13300: starting episode collection
[DEBUG] train_step 13300: episodes collected, starting value_update
[DEBUG] train_step 13300: value_update done, starting policy_update
[DEBUG] train_step 13300: policy_update done
[step 13350] value_loss=1.126878 policy_loss=-0.138317
[step 13350] VALUE_DEBUG: target(mean=-7.31 std=9.37 min=-21.01 max=5.69) V(s)(mean=-7.46 std=9.42) reward(mean=0.467 std=1.611) clip=50.0
[DEBUG] train_step 13350: starting episode collection
[DEBUG] train_step 13350: episodes collected, starting value_update
[DEBUG] train_step 13350: value_update done, starting policy_update
[DEBUG] train_step 13350: policy_update done
[step 13400] value_loss=24.428364 policy_loss=0.033534
[step 13400] VALUE_DEBUG: target(mean=-6.65 std=9.71 min=-18.12 max=7.33) V(s)(mean=-6.95 std=8.99) reward(mean=0.251 std=4.040) clip=50.0
[step 13400] eval_success_rate=0.380 eval_mean_score=14.220 eval_policy_mode=greedy [solved=19/50, score_range=11.00-16.00/16.0, initial=9.00]
[step 13400] PROGRESS: filled=14.22 violations=0.00 zero_cand=0.00
[step 13400] DEBUG: ep_len=12.7 ep_ret=-4.240 stop_prob=0.000 score_chg=5.2525
[DEBUG] train_step 13400: starting episode collection
[DEBUG] train_step 13400: episodes collected, starting value_update
[DEBUG] train_step 13400: value_update done, starting policy_update
[DEBUG] train_step 13400: policy_update done
[step 13450] value_loss=3.052093 policy_loss=1.491235
[step 13450] VALUE_DEBUG: target(mean=-6.92 std=9.74 min=-18.05 max=10.98) V(s)(mean=-7.22 std=8.96) reward(mean=1.097 std=2.084) clip=50.0
[DEBUG] train_step 13450: starting episode collection
[DEBUG] train_step 13450: episodes collected, starting value_update
[DEBUG] train_step 13450: value_update done, starting policy_update
[DEBUG] train_step 13450: policy_update done
[step 13500] value_loss=2.602751 policy_loss=0.637588
[step 13500] VALUE_DEBUG: target(mean=-6.77 std=9.64 min=-23.41 max=8.32) V(s)(mean=-7.04 std=9.13) reward(mean=0.015 std=3.916) clip=50.0
[step 13500] eval_success_rate=0.400 eval_mean_score=13.940 eval_policy_mode=greedy [solved=20/50, score_range=11.00-16.00/16.0, initial=9.00]
[step 13500] PROGRESS: filled=13.94 violations=0.00 zero_cand=0.00
[step 13500] DEBUG: ep_len=12.6 ep_ret=-3.451 stop_prob=0.000 score_chg=5.3900
[DEBUG] train_step 13500: starting episode collection
[DEBUG] train_step 13500: episodes collected, starting value_update
[DEBUG] train_step 13500: value_update done, starting policy_update
[DEBUG] train_step 13500: policy_update done
[step 13550] value_loss=1.769338 policy_loss=0.118847
[step 13550] VALUE_DEBUG: target(mean=-7.58 std=9.07 min=-17.85 max=6.18) V(s)(mean=-6.94 std=8.77) reward(mean=-0.569 std=4.282) clip=50.0
[DEBUG] train_step 13550: starting episode collection
[DEBUG] train_step 13550: episodes collected, starting value_update
[DEBUG] train_step 13550: value_update done, starting policy_update
[DEBUG] train_step 13550: policy_update done
[step 13600] value_loss=15.792604 policy_loss=-0.491747
[step 13600] VALUE_DEBUG: target(mean=-8.03 std=8.82 min=-18.05 max=9.62) V(s)(mean=-6.84 std=9.30) reward(mean=-0.962 std=4.898) clip=50.0
[step 13600] eval_success_rate=0.360 eval_mean_score=14.120 eval_policy_mode=greedy [solved=18/50, score_range=10.00-16.00/16.0, initial=9.00]
[step 13600] PROGRESS: filled=14.12 violations=0.00 zero_cand=0.00
[step 13600] DEBUG: ep_len=12.6 ep_ret=-3.803 stop_prob=0.000 score_chg=5.1925
[DEBUG] train_step 13600: starting episode collection
[DEBUG] train_step 13600: episodes collected, starting value_update
[DEBUG] train_step 13600: value_update done, starting policy_update
[DEBUG] train_step 13600: policy_update done
[step 13650] value_loss=1.426418 policy_loss=-0.217944
[step 13650] VALUE_DEBUG: target(mean=-7.13 std=8.62 min=-18.09 max=5.09) V(s)(mean=-6.98 std=8.52) reward(mean=0.402 std=1.881) clip=50.0
[DEBUG] train_step 13650: starting episode collection
[DEBUG] train_step 13650: episodes collected, starting value_update
[DEBUG] train_step 13650: value_update done, starting policy_update
[DEBUG] train_step 13650: policy_update done
[step 13700] value_loss=1.363202 policy_loss=-0.410591
[step 13700] VALUE_DEBUG: target(mean=-3.17 std=9.38 min=-17.77 max=8.13) V(s)(mean=-3.19 std=9.55) reward(mean=-0.089 std=2.980) clip=50.0
[step 13700] eval_success_rate=0.340 eval_mean_score=14.280 eval_policy_mode=greedy [solved=17/50, score_range=11.00-16.00/16.0, initial=9.00]
[step 13700] PROGRESS: filled=14.28 violations=0.00 zero_cand=0.00
[step 13700] DEBUG: ep_len=13.1 ep_ret=-4.024 stop_prob=0.000 score_chg=5.4325
[DEBUG] train_step 13700: starting episode collection
[DEBUG] train_step 13700: episodes collected, starting value_update
[DEBUG] train_step 13700: value_update done, starting policy_update
[DEBUG] train_step 13700: policy_update done
[step 13750] value_loss=2.964321 policy_loss=-0.178235
[step 13750] VALUE_DEBUG: target(mean=-6.54 std=9.35 min=-19.58 max=13.13) V(s)(mean=-6.79 std=8.85) reward(mean=-0.088 std=3.510) clip=50.0
[DEBUG] train_step 13750: starting episode collection
[DEBUG] train_step 13750: episodes collected, starting value_update
[DEBUG] train_step 13750: value_update done, starting policy_update
[DEBUG] train_step 13750: policy_update done
[step 13800] value_loss=4.123400 policy_loss=1.208079
[step 13800] VALUE_DEBUG: target(mean=-5.09 std=8.84 min=-18.16 max=7.06) V(s)(mean=-5.56 std=8.46) reward(mean=0.880 std=1.623) clip=50.0
[step 13800] eval_success_rate=0.340 eval_mean_score=14.300 eval_policy_mode=greedy [solved=17/50, score_range=11.00-16.00/16.0, initial=9.00]
[step 13800] PROGRESS: filled=14.30 violations=0.00 zero_cand=0.00
[step 13800] DEBUG: ep_len=12.3 ep_ret=-2.934 stop_prob=0.000 score_chg=5.4650
[DEBUG] train_step 13800: starting episode collection
[DEBUG] train_step 13800: episodes collected, starting value_update
[DEBUG] train_step 13800: value_update done, starting policy_update
[DEBUG] train_step 13800: policy_update done
[step 13850] value_loss=3.263908 policy_loss=0.324101
[step 13850] VALUE_DEBUG: target(mean=-6.44 std=9.15 min=-18.78 max=5.47) V(s)(mean=-6.29 std=9.44) reward(mean=-1.090 std=4.597) clip=50.0
[DEBUG] train_step 13850: starting episode collection
[DEBUG] train_step 13850: episodes collected, starting value_update
[DEBUG] train_step 13850: value_update done, starting policy_update
[DEBUG] train_step 13850: policy_update done
[step 13900] value_loss=8.433517 policy_loss=-0.514862
[step 13900] VALUE_DEBUG: target(mean=-5.41 std=8.64 min=-20.09 max=6.29) V(s)(mean=-4.87 std=8.93) reward(mean=-1.958 std=5.508) clip=50.0
[step 13900] eval_success_rate=0.400 eval_mean_score=14.300 eval_policy_mode=greedy [solved=20/50, score_range=9.00-16.00/16.0, initial=9.00]
[step 13900] PROGRESS: filled=14.30 violations=0.00 zero_cand=0.00
[step 13900] DEBUG: ep_len=12.6 ep_ret=-2.869 stop_prob=0.000 score_chg=5.7075
[DEBUG] train_step 13900: starting episode collection
[DEBUG] train_step 13900: episodes collected, starting value_update
[DEBUG] train_step 13900: value_update done, starting policy_update
[DEBUG] train_step 13900: policy_update done
[step 13950] value_loss=12.031464 policy_loss=-0.178112
[step 13950] VALUE_DEBUG: target(mean=-5.77 std=9.62 min=-25.04 max=9.06) V(s)(mean=-5.29 std=8.98) reward(mean=-0.785 std=5.634) clip=50.0
[DEBUG] train_step 13950: starting episode collection
[DEBUG] train_step 13950: episodes collected, starting value_update
[DEBUG] train_step 13950: value_update done, starting policy_update
[DEBUG] train_step 13950: policy_update done
[step 14000] value_loss=10.086615 policy_loss=0.123990
[step 14000] VALUE_DEBUG: target(mean=-5.93 std=9.62 min=-18.87 max=12.27) V(s)(mean=-5.76 std=9.32) reward(mean=-0.706 std=4.398) clip=50.0
[step 14000] eval_success_rate=0.360 eval_mean_score=14.000 eval_policy_mode=greedy [solved=18/50, score_range=9.00-16.00/16.0, initial=9.00]
[step 14000] PROGRESS: filled=14.00 violations=0.00 zero_cand=0.00
[step 14000] DEBUG: ep_len=12.3 ep_ret=-2.656 stop_prob=0.000 score_chg=5.4550
[Checkpoint] Saved to buiksat_trm/checkpoints/table3_hard_6to8_controlled_nomask_nc_r10_s9/rl_checkpoint_step_14000.pt
[DEBUG] train_step 14000: starting episode collection
[DEBUG] train_step 14000: episodes collected, starting value_update
[DEBUG] train_step 14000: value_update done, starting policy_update
[DEBUG] train_step 14000: policy_update done
[step 14050] value_loss=3.448239 policy_loss=1.126819
[step 14050] VALUE_DEBUG: target(mean=-6.53 std=8.81 min=-17.83 max=5.89) V(s)(mean=-6.81 std=9.02) reward(mean=-0.026 std=3.354) clip=50.0
[DEBUG] train_step 14050: starting episode collection
[DEBUG] train_step 14050: episodes collected, starting value_update
[DEBUG] train_step 14050: value_update done, starting policy_update
[DEBUG] train_step 14050: policy_update done
[step 14100] value_loss=4.104431 policy_loss=-0.144966
[step 14100] VALUE_DEBUG: target(mean=-6.16 std=8.05 min=-17.74 max=6.24) V(s)(mean=-6.02 std=8.50) reward(mean=0.072 std=2.348) clip=50.0
[step 14100] eval_success_rate=0.340 eval_mean_score=13.920 eval_policy_mode=greedy [solved=17/50, score_range=9.00-16.00/16.0, initial=9.00]
[step 14100] PROGRESS: filled=13.92 violations=0.00 zero_cand=0.00
[step 14100] DEBUG: ep_len=12.3 ep_ret=-3.191 stop_prob=0.000 score_chg=5.3650
[DEBUG] train_step 14100: starting episode collection
[DEBUG] train_step 14100: episodes collected, starting value_update
[DEBUG] train_step 14100: value_update done, starting policy_update
[DEBUG] train_step 14100: policy_update done
[step 14150] value_loss=17.595839 policy_loss=0.327691
[step 14150] VALUE_DEBUG: target(mean=-5.98 std=8.60 min=-17.76 max=5.54) V(s)(mean=-5.40 std=8.39) reward(mean=-0.968 std=5.563) clip=50.0
[DEBUG] train_step 14150: starting episode collection
[DEBUG] train_step 14150: episodes collected, starting value_update
[DEBUG] train_step 14150: value_update done, starting policy_update
[DEBUG] train_step 14150: policy_update done
[step 14200] value_loss=5.234687 policy_loss=-0.002206
[step 14200] VALUE_DEBUG: target(mean=-4.72 std=8.49 min=-24.77 max=5.82) V(s)(mean=-4.17 std=7.88) reward(mean=0.158 std=4.133) clip=50.0
[step 14200] eval_success_rate=0.420 eval_mean_score=14.160 eval_policy_mode=greedy [solved=21/50, score_range=9.00-16.00/16.0, initial=9.00]
[step 14200] PROGRESS: filled=14.16 violations=0.00 zero_cand=0.00
[step 14200] DEBUG: ep_len=12.4 ep_ret=-3.173 stop_prob=0.000 score_chg=5.2475
[DEBUG] train_step 14200: starting episode collection
[DEBUG] train_step 14200: episodes collected, starting value_update
[DEBUG] train_step 14200: value_update done, starting policy_update
[DEBUG] train_step 14200: policy_update done
[step 14250] value_loss=6.504012 policy_loss=0.095788
[step 14250] VALUE_DEBUG: target(mean=-6.59 std=8.35 min=-22.08 max=7.18) V(s)(mean=-6.60 std=7.46) reward(mean=-0.246 std=4.751) clip=50.0
[DEBUG] train_step 14250: starting episode collection
[DEBUG] train_step 14250: episodes collected, starting value_update
[DEBUG] train_step 14250: value_update done, starting policy_update
[DEBUG] train_step 14250: policy_update done
[step 14300] value_loss=4.622546 policy_loss=-0.287655
[step 14300] VALUE_DEBUG: target(mean=-6.51 std=8.47 min=-18.15 max=6.84) V(s)(mean=-6.55 std=8.43) reward(mean=0.341 std=3.058) clip=50.0
[step 14300] eval_success_rate=0.460 eval_mean_score=14.180 eval_policy_mode=greedy [solved=23/50, score_range=9.00-16.00/16.0, initial=9.00]
[step 14300] PROGRESS: filled=14.18 violations=0.00 zero_cand=0.00
[step 14300] DEBUG: ep_len=12.1 ep_ret=-2.428 stop_prob=0.000 score_chg=5.5000
[DEBUG] train_step 14300: starting episode collection
[DEBUG] train_step 14300: episodes collected, starting value_update
[DEBUG] train_step 14300: value_update done, starting policy_update
[DEBUG] train_step 14300: policy_update done
[step 14350] value_loss=1.626571 policy_loss=-0.012371
[step 14350] VALUE_DEBUG: target(mean=-7.95 std=7.75 min=-17.90 max=5.47) V(s)(mean=-8.39 std=7.85) reward(mean=0.376 std=2.804) clip=50.0
[DEBUG] train_step 14350: starting episode collection
[DEBUG] train_step 14350: episodes collected, starting value_update
[DEBUG] train_step 14350: value_update done, starting policy_update
[DEBUG] train_step 14350: policy_update done
[step 14400] value_loss=3.168613 policy_loss=-0.120434
[step 14400] VALUE_DEBUG: target(mean=-7.69 std=8.63 min=-17.81 max=7.25) V(s)(mean=-7.64 std=8.42) reward(mean=-0.030 std=2.341) clip=50.0
[step 14400] eval_success_rate=0.500 eval_mean_score=14.160 eval_policy_mode=greedy [solved=25/50, score_range=9.00-16.00/16.0, initial=9.00]
[step 14400] PROGRESS: filled=14.16 violations=0.00 zero_cand=0.00
[step 14400] DEBUG: ep_len=12.6 ep_ret=-3.651 stop_prob=0.000 score_chg=5.3125
[DEBUG] train_step 14400: starting episode collection
[DEBUG] train_step 14400: episodes collected, starting value_update
[DEBUG] train_step 14400: value_update done, starting policy_update
[DEBUG] train_step 14400: policy_update done
[step 14450] value_loss=10.627794 policy_loss=0.070961
[step 14450] VALUE_DEBUG: target(mean=-7.86 std=9.44 min=-22.08 max=6.84) V(s)(mean=-7.27 std=8.65) reward(mean=-2.249 std=6.277) clip=50.0
[DEBUG] train_step 14450: starting episode collection
[DEBUG] train_step 14450: episodes collected, starting value_update
[DEBUG] train_step 14450: value_update done, starting policy_update
[DEBUG] train_step 14450: policy_update done
[step 14500] value_loss=3.773684 policy_loss=-0.914353
[step 14500] VALUE_DEBUG: target(mean=-7.17 std=9.23 min=-18.30 max=12.11) V(s)(mean=-6.97 std=8.71) reward(mean=-0.284 std=3.659) clip=50.0
[step 14500] eval_success_rate=0.480 eval_mean_score=14.260 eval_policy_mode=greedy [solved=24/50, score_range=11.00-16.00/16.0, initial=9.00]
[step 14500] PROGRESS: filled=14.26 violations=0.00 zero_cand=0.00
[step 14500] DEBUG: ep_len=11.9 ep_ret=-1.729 stop_prob=0.000 score_chg=5.6350
[DEBUG] train_step 14500: starting episode collection
[DEBUG] train_step 14500: episodes collected, starting value_update
[DEBUG] train_step 14500: value_update done, starting policy_update
[DEBUG] train_step 14500: policy_update done
[step 14550] value_loss=4.914311 policy_loss=0.637221
[step 14550] VALUE_DEBUG: target(mean=-6.28 std=9.21 min=-19.01 max=8.38) V(s)(mean=-5.92 std=8.79) reward(mean=0.074 std=2.219) clip=50.0
[DEBUG] train_step 14550: starting episode collection
[DEBUG] train_step 14550: episodes collected, starting value_update
[DEBUG] train_step 14550: value_update done, starting policy_update
[DEBUG] train_step 14550: policy_update done
[step 14600] value_loss=2.497803 policy_loss=0.202095
[step 14600] VALUE_DEBUG: target(mean=-7.68 std=9.16 min=-18.07 max=9.49) V(s)(mean=-8.21 std=8.61) reward(mean=0.942 std=2.225) clip=50.0
[step 14600] eval_success_rate=0.480 eval_mean_score=14.220 eval_policy_mode=greedy [solved=24/50, score_range=10.00-16.00/16.0, initial=9.00]
[step 14600] PROGRESS: filled=14.22 violations=0.00 zero_cand=0.00
[step 14600] DEBUG: ep_len=11.7 ep_ret=-0.974 stop_prob=0.000 score_chg=5.8050
[DEBUG] train_step 14600: starting episode collection
[DEBUG] train_step 14600: episodes collected, starting value_update
[DEBUG] train_step 14600: value_update done, starting policy_update
[DEBUG] train_step 14600: policy_update done
[step 14650] value_loss=2.184412 policy_loss=0.026359
[step 14650] VALUE_DEBUG: target(mean=-6.50 std=8.21 min=-16.90 max=6.15) V(s)(mean=-6.64 std=8.10) reward(mean=0.252 std=1.965) clip=50.0
[DEBUG] train_step 14650: starting episode collection
[DEBUG] train_step 14650: episodes collected, starting value_update
[DEBUG] train_step 14650: value_update done, starting policy_update
[DEBUG] train_step 14650: policy_update done
[step 14700] value_loss=0.838209 policy_loss=0.109336
[step 14700] VALUE_DEBUG: target(mean=-8.27 std=9.09 min=-18.98 max=6.09) V(s)(mean=-7.98 std=8.71) reward(mean=-0.402 std=2.193) clip=50.0
[step 14700] eval_success_rate=0.440 eval_mean_score=14.160 eval_policy_mode=greedy [solved=22/50, score_range=10.00-16.00/16.0, initial=9.00]
[step 14700] PROGRESS: filled=14.16 violations=0.00 zero_cand=0.00
[step 14700] DEBUG: ep_len=11.6 ep_ret=-1.424 stop_prob=0.000 score_chg=5.5875
[DEBUG] train_step 14700: starting episode collection
[DEBUG] train_step 14700: episodes collected, starting value_update
[DEBUG] train_step 14700: value_update done, starting policy_update
[DEBUG] train_step 14700: policy_update done
[step 14750] value_loss=15.109526 policy_loss=0.056334
[step 14750] VALUE_DEBUG: target(mean=-5.64 std=8.63 min=-18.01 max=7.43) V(s)(mean=-5.66 std=8.33) reward(mean=-0.649 std=4.739) clip=50.0
[DEBUG] train_step 14750: starting episode collection
[DEBUG] train_step 14750: episodes collected, starting value_update
[DEBUG] train_step 14750: value_update done, starting policy_update
[DEBUG] train_step 14750: policy_update done
[step 14800] value_loss=2.596522 policy_loss=0.450358
[step 14800] VALUE_DEBUG: target(mean=-5.28 std=9.73 min=-21.01 max=10.86) V(s)(mean=-5.48 std=8.89) reward(mean=0.069 std=3.915) clip=50.0
[step 14800] eval_success_rate=0.440 eval_mean_score=14.480 eval_policy_mode=greedy [solved=22/50, score_range=11.00-16.00/16.0, initial=9.00]
[step 14800] PROGRESS: filled=14.48 violations=0.00 zero_cand=0.00
[step 14800] DEBUG: ep_len=12.2 ep_ret=-2.288 stop_prob=0.000 score_chg=5.6625
[DEBUG] train_step 14800: starting episode collection
[DEBUG] train_step 14800: episodes collected, starting value_update
[DEBUG] train_step 14800: value_update done, starting policy_update
[DEBUG] train_step 14800: policy_update done
[step 14850] value_loss=5.732061 policy_loss=0.528369
[step 14850] VALUE_DEBUG: target(mean=-5.44 std=9.06 min=-21.10 max=8.33) V(s)(mean=-5.39 std=8.92) reward(mean=-1.269 std=6.094) clip=50.0
[DEBUG] train_step 14850: starting episode collection
[DEBUG] train_step 14850: episodes collected, starting value_update
[DEBUG] train_step 14850: value_update done, starting policy_update
[DEBUG] train_step 14850: policy_update done
[step 14900] value_loss=3.478189 policy_loss=-0.477806
[step 14900] VALUE_DEBUG: target(mean=-6.30 std=9.41 min=-18.02 max=9.10) V(s)(mean=-6.48 std=9.01) reward(mean=-0.124 std=4.600) clip=50.0
[step 14900] eval_success_rate=0.460 eval_mean_score=14.320 eval_policy_mode=greedy [solved=23/50, score_range=11.00-16.00/16.0, initial=9.00]
[step 14900] PROGRESS: filled=14.32 violations=0.00 zero_cand=0.00
[step 14900] DEBUG: ep_len=11.9 ep_ret=-2.113 stop_prob=0.000 score_chg=5.5350
[DEBUG] train_step 14900: starting episode collection
[DEBUG] train_step 14900: episodes collected, starting value_update
[DEBUG] train_step 14900: value_update done, starting policy_update
[DEBUG] train_step 14900: policy_update done
[step 14950] value_loss=6.295857 policy_loss=0.433700
[step 14950] VALUE_DEBUG: target(mean=-7.64 std=7.33 min=-17.78 max=6.84) V(s)(mean=-7.19 std=7.36) reward(mean=-1.049 std=5.015) clip=50.0
[DEBUG] train_step 14950: starting episode collection
[DEBUG] train_step 14950: episodes collected, starting value_update
[DEBUG] train_step 14950: value_update done, starting policy_update
[DEBUG] train_step 14950: policy_update done
[step 15000] value_loss=2.493092 policy_loss=0.163571
[step 15000] VALUE_DEBUG: target(mean=-6.04 std=8.79 min=-18.04 max=8.93) V(s)(mean=-6.03 std=8.55) reward(mean=0.913 std=2.110) clip=50.0
[step 15000] eval_success_rate=0.440 eval_mean_score=14.300 eval_policy_mode=greedy [solved=22/50, score_range=11.00-16.00/16.0, initial=9.00]
[step 15000] PROGRESS: filled=14.30 violations=0.00 zero_cand=0.00
[step 15000] DEBUG: ep_len=12.1 ep_ret=-2.232 stop_prob=0.000 score_chg=5.5800
[Checkpoint] Saved to buiksat_trm/checkpoints/table3_hard_6to8_controlled_nomask_nc_r10_s9/rl_checkpoint_step_15000.pt
[DEBUG] train_step 15000: starting episode collection
[DEBUG] train_step 15000: episodes collected, starting value_update
[DEBUG] train_step 15000: value_update done, starting policy_update
[DEBUG] train_step 15000: policy_update done
[step 15050] value_loss=3.244459 policy_loss=0.081091
[step 15050] VALUE_DEBUG: target(mean=-3.91 std=8.56 min=-16.64 max=7.92) V(s)(mean=-4.04 std=8.06) reward(mean=0.418 std=2.313) clip=50.0
[DEBUG] train_step 15050: starting episode collection
[DEBUG] train_step 15050: episodes collected, starting value_update
[DEBUG] train_step 15050: value_update done, starting policy_update
[DEBUG] train_step 15050: policy_update done
[step 15100] value_loss=9.919010 policy_loss=0.480004
[step 15100] VALUE_DEBUG: target(mean=-7.40 std=8.03 min=-22.09 max=4.72) V(s)(mean=-6.63 std=8.09) reward(mean=-2.211 std=6.277) clip=50.0
[step 15100] eval_success_rate=0.420 eval_mean_score=14.800 eval_policy_mode=greedy [solved=21/50, score_range=11.00-16.00/16.0, initial=9.00]
[step 15100] PROGRESS: filled=14.80 violations=0.00 zero_cand=0.00
[step 15100] DEBUG: ep_len=12.1 ep_ret=-1.777 stop_prob=0.000 score_chg=5.7825
[DEBUG] train_step 15100: starting episode collection
[DEBUG] train_step 15100: episodes collected, starting value_update
[DEBUG] train_step 15100: value_update done, starting policy_update
[DEBUG] train_step 15100: policy_update done
[step 15150] value_loss=2.736750 policy_loss=-1.182461
[step 15150] VALUE_DEBUG: target(mean=-5.20 std=9.72 min=-17.50 max=7.93) V(s)(mean=-5.55 std=9.95) reward(mean=-0.524 std=4.493) clip=50.0
[DEBUG] train_step 15150: starting episode collection
[DEBUG] train_step 15150: episodes collected, starting value_update
[DEBUG] train_step 15150: value_update done, starting policy_update
[DEBUG] train_step 15150: policy_update done
[step 15200] value_loss=3.917278 policy_loss=-0.599885
[step 15200] VALUE_DEBUG: target(mean=-6.44 std=8.57 min=-16.87 max=6.65) V(s)(mean=-6.14 std=8.31) reward(mean=-0.061 std=3.003) clip=50.0
[step 15200] eval_success_rate=0.400 eval_mean_score=14.660 eval_policy_mode=greedy [solved=20/50, score_range=11.00-16.00/16.0, initial=9.00]
[step 15200] PROGRESS: filled=14.66 violations=0.00 zero_cand=0.00
[step 15200] DEBUG: ep_len=12.0 ep_ret=-1.555 stop_prob=0.000 score_chg=5.7175
[DEBUG] train_step 15200: starting episode collection
[DEBUG] train_step 15200: episodes collected, starting value_update
[DEBUG] train_step 15200: value_update done, starting policy_update
[DEBUG] train_step 15200: policy_update done
[step 15250] value_loss=3.361720 policy_loss=-0.079182
[step 15250] VALUE_DEBUG: target(mean=-6.35 std=8.98 min=-17.58 max=6.17) V(s)(mean=-5.89 std=8.98) reward(mean=-1.153 std=4.608) clip=50.0
[DEBUG] train_step 15250: starting episode collection
[DEBUG] train_step 15250: episodes collected, starting value_update
[DEBUG] train_step 15250: value_update done, starting policy_update
[DEBUG] train_step 15250: policy_update done
[step 15300] value_loss=3.631097 policy_loss=-0.390177
[step 15300] VALUE_DEBUG: target(mean=-6.35 std=9.11 min=-21.40 max=7.61) V(s)(mean=-6.65 std=8.83) reward(mean=-0.037 std=3.629) clip=50.0
[step 15300] eval_success_rate=0.420 eval_mean_score=14.800 eval_policy_mode=greedy [solved=21/50, score_range=9.00-16.00/16.0, initial=9.00]
[step 15300] PROGRESS: filled=14.80 violations=0.00 zero_cand=0.00
[step 15300] DEBUG: ep_len=11.7 ep_ret=-1.094 stop_prob=0.000 score_chg=5.7375
[DEBUG] train_step 15300: starting episode collection
[DEBUG] train_step 15300: episodes collected, starting value_update
[DEBUG] train_step 15300: value_update done, starting policy_update
[DEBUG] train_step 15300: policy_update done
[step 15350] value_loss=3.497175 policy_loss=0.382514
[step 15350] VALUE_DEBUG: target(mean=-5.81 std=8.66 min=-20.31 max=6.78) V(s)(mean=-5.83 std=8.27) reward(mean=0.381 std=2.513) clip=50.0
[DEBUG] train_step 15350: starting episode collection
[DEBUG] train_step 15350: episodes collected, starting value_update
[DEBUG] train_step 15350: value_update done, starting policy_update
[DEBUG] train_step 15350: policy_update done
[step 15400] value_loss=2.713049 policy_loss=0.135192
[step 15400] VALUE_DEBUG: target(mean=-5.85 std=8.32 min=-17.71 max=6.73) V(s)(mean=-5.52 std=7.96) reward(mean=0.256 std=3.663) clip=50.0
[step 15400] eval_success_rate=0.440 eval_mean_score=14.720 eval_policy_mode=greedy [solved=22/50, score_range=11.00-16.00/16.0, initial=9.00]
[step 15400] PROGRESS: filled=14.72 violations=0.00 zero_cand=0.00
[step 15400] DEBUG: ep_len=11.6 ep_ret=0.104 stop_prob=0.000 score_chg=6.1325
[DEBUG] train_step 15400: starting episode collection
[DEBUG] train_step 15400: episodes collected, starting value_update
[DEBUG] train_step 15400: value_update done, starting policy_update
[DEBUG] train_step 15400: policy_update done
[step 15450] value_loss=3.875976 policy_loss=-0.093555
[step 15450] VALUE_DEBUG: target(mean=-7.05 std=10.17 min=-23.05 max=10.75) V(s)(mean=-7.17 std=9.55) reward(mean=-1.401 std=6.722) clip=50.0
[DEBUG] train_step 15450: starting episode collection
[DEBUG] train_step 15450: episodes collected, starting value_update
[DEBUG] train_step 15450: value_update done, starting policy_update
[DEBUG] train_step 15450: policy_update done
[step 15500] value_loss=6.309839 policy_loss=-0.279613
[step 15500] VALUE_DEBUG: target(mean=-7.43 std=9.38 min=-18.08 max=7.93) V(s)(mean=-7.42 std=9.40) reward(mean=-0.938 std=5.936) clip=50.0
[step 15500] eval_success_rate=0.500 eval_mean_score=14.780 eval_policy_mode=greedy [solved=25/50, score_range=10.00-16.00/16.0, initial=9.00]
[step 15500] PROGRESS: filled=14.78 violations=0.00 zero_cand=0.00
[step 15500] DEBUG: ep_len=12.0 ep_ret=-1.773 stop_prob=0.000 score_chg=5.8350
[DEBUG] train_step 15500: starting episode collection
[DEBUG] train_step 15500: episodes collected, starting value_update
[DEBUG] train_step 15500: value_update done, starting policy_update
[DEBUG] train_step 15500: policy_update done
[step 15550] value_loss=4.823690 policy_loss=-0.666773
[step 15550] VALUE_DEBUG: target(mean=-5.91 std=8.70 min=-20.56 max=7.89) V(s)(mean=-5.66 std=8.46) reward(mean=-0.122 std=3.015) clip=50.0
[DEBUG] train_step 15550: starting episode collection
[DEBUG] train_step 15550: episodes collected, starting value_update
[DEBUG] train_step 15550: value_update done, starting policy_update
[DEBUG] train_step 15550: policy_update done
[step 15600] value_loss=16.983244 policy_loss=-0.892091
[step 15600] VALUE_DEBUG: target(mean=-6.15 std=8.50 min=-17.16 max=7.77) V(s)(mean=-6.57 std=8.42) reward(mean=-0.026 std=4.051) clip=50.0
[step 15600] eval_success_rate=0.540 eval_mean_score=14.900 eval_policy_mode=greedy [solved=27/50, score_range=9.00-16.00/16.0, initial=9.00]
[step 15600] PROGRESS: filled=14.90 violations=0.00 zero_cand=0.00
[step 15600] DEBUG: ep_len=11.5 ep_ret=-0.473 stop_prob=0.000 score_chg=6.0400
[DEBUG] train_step 15600: starting episode collection
[DEBUG] train_step 15600: episodes collected, starting value_update
[DEBUG] train_step 15600: value_update done, starting policy_update
[DEBUG] train_step 15600: policy_update done
[step 15650] value_loss=4.854115 policy_loss=-0.854072
[step 15650] VALUE_DEBUG: target(mean=-6.96 std=8.46 min=-18.22 max=8.07) V(s)(mean=-6.24 std=8.72) reward(mean=-1.227 std=3.909) clip=50.0
[DEBUG] train_step 15650: starting episode collection
[DEBUG] train_step 15650: episodes collected, starting value_update
[DEBUG] train_step 15650: value_update done, starting policy_update
[DEBUG] train_step 15650: policy_update done
[step 15700] value_loss=11.571759 policy_loss=0.071137
[step 15700] VALUE_DEBUG: target(mean=-7.63 std=10.14 min=-24.05 max=7.65) V(s)(mean=-6.80 std=9.09) reward(mean=-1.093 std=5.508) clip=50.0
[step 15700] eval_success_rate=0.480 eval_mean_score=14.760 eval_policy_mode=greedy [solved=24/50, score_range=9.00-16.00/16.0, initial=9.00]
[step 15700] PROGRESS: filled=14.80 violations=0.02 zero_cand=0.00
[step 15700] DEBUG: ep_len=11.7 ep_ret=-1.293 stop_prob=0.000 score_chg=5.7025
[DEBUG] train_step 15700: starting episode collection
[DEBUG] train_step 15700: episodes collected, starting value_update
[DEBUG] train_step 15700: value_update done, starting policy_update
[DEBUG] train_step 15700: policy_update done
[step 15750] value_loss=8.072233 policy_loss=0.542499
[step 15750] VALUE_DEBUG: target(mean=-4.64 std=8.59 min=-17.57 max=9.68) V(s)(mean=-4.83 std=8.24) reward(mean=0.255 std=4.625) clip=50.0
[DEBUG] train_step 15750: starting episode collection
[DEBUG] train_step 15750: episodes collected, starting value_update
[DEBUG] train_step 15750: value_update done, starting policy_update
[DEBUG] train_step 15750: policy_update done
[step 15800] value_loss=4.702027 policy_loss=0.146661
[step 15800] VALUE_DEBUG: target(mean=-8.00 std=8.40 min=-17.28 max=8.37) V(s)(mean=-7.99 std=8.18) reward(mean=0.039 std=3.995) clip=50.0
[step 15800] eval_success_rate=0.520 eval_mean_score=14.980 eval_policy_mode=greedy [solved=26/50, score_range=10.00-16.00/16.0, initial=9.00]
[step 15800] PROGRESS: filled=15.02 violations=0.02 zero_cand=0.00
[step 15800] DEBUG: ep_len=11.5 ep_ret=-0.940 stop_prob=0.000 score_chg=5.8250
[DEBUG] train_step 15800: starting episode collection
[DEBUG] train_step 15800: episodes collected, starting value_update
[DEBUG] train_step 15800: value_update done, starting policy_update
[DEBUG] train_step 15800: policy_update done
[step 15850] value_loss=5.417368 policy_loss=-0.611369
[step 15850] VALUE_DEBUG: target(mean=-7.21 std=9.60 min=-17.94 max=6.87) V(s)(mean=-7.09 std=8.87) reward(mean=-0.750 std=5.382) clip=50.0
[DEBUG] train_step 15850: starting episode collection
[DEBUG] train_step 15850: episodes collected, starting value_update
[DEBUG] train_step 15850: value_update done, starting policy_update
[DEBUG] train_step 15850: policy_update done
[step 15900] value_loss=8.998305 policy_loss=0.070829
[step 15900] VALUE_DEBUG: target(mean=-4.51 std=9.28 min=-17.26 max=10.68) V(s)(mean=-4.24 std=8.91) reward(mean=0.409 std=3.283) clip=50.0
[step 15900] eval_success_rate=0.640 eval_mean_score=15.260 eval_policy_mode=greedy [solved=32/50, score_range=10.00-16.00/16.0, initial=9.00]
[step 15900] PROGRESS: filled=15.30 violations=0.02 zero_cand=0.00
[step 15900] DEBUG: ep_len=11.0 ep_ret=0.654 stop_prob=0.000 score_chg=6.0525
[DEBUG] train_step 15900: starting episode collection
[DEBUG] train_step 15900: episodes collected, starting value_update
[DEBUG] train_step 15900: value_update done, starting policy_update
[DEBUG] train_step 15900: policy_update done
[step 15950] value_loss=3.394936 policy_loss=0.470618
[step 15950] VALUE_DEBUG: target(mean=-7.86 std=8.16 min=-17.34 max=7.83) V(s)(mean=-7.91 std=8.32) reward(mean=-0.057 std=3.588) clip=50.0
[DEBUG] train_step 15950: starting episode collection
[DEBUG] train_step 15950: episodes collected, starting value_update
[DEBUG] train_step 15950: value_update done, starting policy_update
[DEBUG] train_step 15950: policy_update done
[step 16000] value_loss=3.784053 policy_loss=0.163120
[step 16000] VALUE_DEBUG: target(mean=-7.48 std=9.23 min=-17.44 max=7.97) V(s)(mean=-7.06 std=8.98) reward(mean=-0.903 std=4.657) clip=50.0
[step 16000] eval_success_rate=0.620 eval_mean_score=15.080 eval_policy_mode=greedy [solved=31/50, score_range=9.00-16.00/16.0, initial=9.00]
[step 16000] PROGRESS: filled=15.12 violations=0.02 zero_cand=0.00
[step 16000] DEBUG: ep_len=11.0 ep_ret=0.517 stop_prob=0.000 score_chg=6.0425
[Checkpoint] Saved to buiksat_trm/checkpoints/table3_hard_6to8_controlled_nomask_nc_r10_s9/rl_checkpoint_step_16000.pt
[DEBUG] train_step 16000: starting episode collection
[DEBUG] train_step 16000: episodes collected, starting value_update
[DEBUG] train_step 16000: value_update done, starting policy_update
[DEBUG] train_step 16000: policy_update done
[step 16050] value_loss=2.926255 policy_loss=-0.580955
[step 16050] VALUE_DEBUG: target(mean=-7.77 std=8.89 min=-17.40 max=8.11) V(s)(mean=-7.50 std=8.84) reward(mean=0.134 std=2.573) clip=50.0
[DEBUG] train_step 16050: starting episode collection
[DEBUG] train_step 16050: episodes collected, starting value_update
[DEBUG] train_step 16050: value_update done, starting policy_update
[DEBUG] train_step 16050: policy_update done
[step 16100] value_loss=3.339944 policy_loss=-0.544676
[step 16100] VALUE_DEBUG: target(mean=-2.94 std=8.96 min=-18.19 max=7.15) V(s)(mean=-3.02 std=8.48) reward(mean=-0.556 std=3.702) clip=50.0
[step 16100] eval_success_rate=0.620 eval_mean_score=15.300 eval_policy_mode=greedy [solved=31/50, score_range=10.00-16.00/16.0, initial=9.00]
[step 16100] PROGRESS: filled=15.34 violations=0.02 zero_cand=0.00
[step 16100] DEBUG: ep_len=11.1 ep_ret=-0.121 stop_prob=0.000 score_chg=5.7875
[DEBUG] train_step 16100: starting episode collection
[DEBUG] train_step 16100: episodes collected, starting value_update
[DEBUG] train_step 16100: value_update done, starting policy_update
[DEBUG] train_step 16100: policy_update done
[step 16150] value_loss=13.907447 policy_loss=-0.128176
[step 16150] VALUE_DEBUG: target(mean=-9.80 std=8.11 min=-18.05 max=4.82) V(s)(mean=-8.95 std=8.58) reward(mean=-0.372 std=3.260) clip=50.0
[DEBUG] train_step 16150: starting episode collection
[DEBUG] train_step 16150: episodes collected, starting value_update
[DEBUG] train_step 16150: value_update done, starting policy_update
[DEBUG] train_step 16150: policy_update done
[step 16200] value_loss=13.207092 policy_loss=0.118997
[step 16200] VALUE_DEBUG: target(mean=-5.61 std=9.68 min=-20.28 max=8.62) V(s)(mean=-5.30 std=9.15) reward(mean=-0.781 std=4.698) clip=50.0
[step 16200] eval_success_rate=0.520 eval_mean_score=15.280 eval_policy_mode=greedy [solved=26/50, score_range=11.00-16.00/16.0, initial=9.00]
[step 16200] PROGRESS: filled=15.32 violations=0.02 zero_cand=0.00
[step 16200] DEBUG: ep_len=11.6 ep_ret=-0.116 stop_prob=0.000 score_chg=6.0350
[DEBUG] train_step 16200: starting episode collection
[DEBUG] train_step 16200: episodes collected, starting value_update
[DEBUG] train_step 16200: value_update done, starting policy_update
[DEBUG] train_step 16200: policy_update done
[step 16250] value_loss=2.404124 policy_loss=0.342815
[step 16250] VALUE_DEBUG: target(mean=-7.39 std=8.87 min=-17.29 max=6.17) V(s)(mean=-7.43 std=8.74) reward(mean=0.057 std=3.307) clip=50.0
[DEBUG] train_step 16250: starting episode collection
[DEBUG] train_step 16250: episodes collected, starting value_update
[DEBUG] train_step 16250: value_update done, starting policy_update
[DEBUG] train_step 16250: policy_update done
[step 16300] value_loss=2.347676 policy_loss=-0.195542
[step 16300] VALUE_DEBUG: target(mean=-6.53 std=8.82 min=-17.69 max=7.68) V(s)(mean=-6.81 std=8.45) reward(mean=1.062 std=2.247) clip=50.0
[step 16300] eval_success_rate=0.480 eval_mean_score=14.960 eval_policy_mode=greedy [solved=24/50, score_range=10.00-16.00/16.0, initial=9.00]
[step 16300] PROGRESS: filled=15.00 violations=0.02 zero_cand=0.00
[step 16300] DEBUG: ep_len=11.5 ep_ret=-0.067 stop_prob=0.000 score_chg=6.0075
[DEBUG] train_step 16300: starting episode collection
[DEBUG] train_step 16300: episodes collected, starting value_update
[DEBUG] train_step 16300: value_update done, starting policy_update
[DEBUG] train_step 16300: policy_update done
[step 16350] value_loss=2.201841 policy_loss=-0.206273
[step 16350] VALUE_DEBUG: target(mean=-6.96 std=9.04 min=-18.12 max=8.52) V(s)(mean=-7.02 std=8.66) reward(mean=0.968 std=2.328) clip=50.0
[DEBUG] train_step 16350: starting episode collection
[DEBUG] train_step 16350: episodes collected, starting value_update
[DEBUG] train_step 16350: value_update done, starting policy_update
[DEBUG] train_step 16350: policy_update done
[step 16400] value_loss=3.585799 policy_loss=0.336733
[step 16400] VALUE_DEBUG: target(mean=-8.56 std=9.01 min=-17.95 max=8.91) V(s)(mean=-8.10 std=8.48) reward(mean=-0.803 std=4.093) clip=50.0
[step 16400] eval_success_rate=0.480 eval_mean_score=15.080 eval_policy_mode=greedy [solved=24/50, score_range=10.00-16.00/16.0, initial=9.00]
[step 16400] PROGRESS: filled=15.12 violations=0.02 zero_cand=0.00
[step 16400] DEBUG: ep_len=11.8 ep_ret=-1.144 stop_prob=0.000 score_chg=6.0225
[DEBUG] train_step 16400: starting episode collection
[DEBUG] train_step 16400: episodes collected, starting value_update
[DEBUG] train_step 16400: value_update done, starting policy_update
[DEBUG] train_step 16400: policy_update done
[step 16450] value_loss=6.008972 policy_loss=-1.021991
[step 16450] VALUE_DEBUG: target(mean=-7.76 std=7.89 min=-18.69 max=7.00) V(s)(mean=-7.35 std=8.19) reward(mean=-1.278 std=4.913) clip=50.0
[DEBUG] train_step 16450: starting episode collection
[DEBUG] train_step 16450: episodes collected, starting value_update
[DEBUG] train_step 16450: value_update done, starting policy_update
[DEBUG] train_step 16450: policy_update done
[step 16500] value_loss=2.257464 policy_loss=-0.311243
[step 16500] VALUE_DEBUG: target(mean=-4.36 std=8.96 min=-18.51 max=7.86) V(s)(mean=-4.36 std=8.78) reward(mean=0.089 std=3.341) clip=50.0
[step 16500] eval_success_rate=0.440 eval_mean_score=14.880 eval_policy_mode=greedy [solved=22/50, score_range=11.00-16.00/16.0, initial=9.00]
[step 16500] PROGRESS: filled=14.92 violations=0.02 zero_cand=0.00
[step 16500] DEBUG: ep_len=11.7 ep_ret=-1.107 stop_prob=0.000 score_chg=5.6450
[DEBUG] train_step 16500: starting episode collection
[DEBUG] train_step 16500: episodes collected, starting value_update
[DEBUG] train_step 16500: value_update done, starting policy_update
[DEBUG] train_step 16500: policy_update done
[step 16550] value_loss=6.570536 policy_loss=0.025230
[step 16550] VALUE_DEBUG: target(mean=-6.76 std=9.26 min=-22.09 max=10.10) V(s)(mean=-6.27 std=9.33) reward(mean=-1.025 std=5.551) clip=50.0
[DEBUG] train_step 16550: starting episode collection
[DEBUG] train_step 16550: episodes collected, starting value_update
[DEBUG] train_step 16550: value_update done, starting policy_update
[DEBUG] train_step 16550: policy_update done
[step 16600] value_loss=4.229873 policy_loss=0.594962
[step 16600] VALUE_DEBUG: target(mean=-7.48 std=9.35 min=-23.00 max=6.60) V(s)(mean=-6.78 std=8.85) reward(mean=-0.021 std=2.119) clip=50.0
[step 16600] eval_success_rate=0.460 eval_mean_score=15.040 eval_policy_mode=greedy [solved=23/50, score_range=11.00-16.00/16.0, initial=9.00]
[step 16600] PROGRESS: filled=15.04 violations=0.00 zero_cand=0.00
[step 16600] DEBUG: ep_len=11.4 ep_ret=-0.137 stop_prob=0.000 score_chg=6.0275
[DEBUG] train_step 16600: starting episode collection
[DEBUG] train_step 16600: episodes collected, starting value_update
[DEBUG] train_step 16600: value_update done, starting policy_update
[DEBUG] train_step 16600: policy_update done
[step 16650] value_loss=5.569010 policy_loss=0.017011
[step 16650] VALUE_DEBUG: target(mean=0.01 std=8.72 min=-19.45 max=11.34) V(s)(mean=-1.00 std=8.25) reward(mean=1.535 std=2.688) clip=50.0
[DEBUG] train_step 16650: starting episode collection
[DEBUG] train_step 16650: episodes collected, starting value_update
[DEBUG] train_step 16650: value_update done, starting policy_update
[DEBUG] train_step 16650: policy_update done
[step 16700] value_loss=3.606185 policy_loss=-0.332694
[step 16700] VALUE_DEBUG: target(mean=-5.22 std=8.69 min=-16.97 max=7.60) V(s)(mean=-5.06 std=8.84) reward(mean=-0.719 std=4.624) clip=50.0
[step 16700] eval_success_rate=0.500 eval_mean_score=14.960 eval_policy_mode=greedy [solved=25/50, score_range=11.00-16.00/16.0, initial=9.00]
[step 16700] PROGRESS: filled=14.96 violations=0.00 zero_cand=0.00
[step 16700] DEBUG: ep_len=11.6 ep_ret=-0.680 stop_prob=0.000 score_chg=5.8575
[DEBUG] train_step 16700: starting episode collection
[DEBUG] train_step 16700: episodes collected, starting value_update
[DEBUG] train_step 16700: value_update done, starting policy_update
[DEBUG] train_step 16700: policy_update done
[step 16750] value_loss=5.409880 policy_loss=-0.767906
[step 16750] VALUE_DEBUG: target(mean=-7.88 std=10.23 min=-22.09 max=9.51) V(s)(mean=-7.50 std=9.70) reward(mean=-0.557 std=4.811) clip=50.0
[DEBUG] train_step 16750: starting episode collection
[DEBUG] train_step 16750: episodes collected, starting value_update
[DEBUG] train_step 16750: value_update done, starting policy_update
[DEBUG] train_step 16750: policy_update done
[step 16800] value_loss=9.165831 policy_loss=-0.708086
[step 16800] VALUE_DEBUG: target(mean=-6.48 std=10.13 min=-22.08 max=10.92) V(s)(mean=-6.06 std=9.31) reward(mean=-0.749 std=5.177) clip=50.0
[step 16800] eval_success_rate=0.460 eval_mean_score=14.840 eval_policy_mode=greedy [solved=23/50, score_range=11.00-16.00/16.0, initial=9.00]
[step 16800] PROGRESS: filled=14.88 violations=0.02 zero_cand=0.00
[step 16800] DEBUG: ep_len=11.5 ep_ret=-0.085 stop_prob=0.000 score_chg=6.0425
[DEBUG] train_step 16800: starting episode collection
[DEBUG] train_step 16800: episodes collected, starting value_update
[DEBUG] train_step 16800: value_update done, starting policy_update
[DEBUG] train_step 16800: policy_update done
[step 16850] value_loss=2.494270 policy_loss=-0.587759
[step 16850] VALUE_DEBUG: target(mean=-7.11 std=9.42 min=-22.09 max=7.36) V(s)(mean=-7.10 std=9.14) reward(mean=0.093 std=5.394) clip=50.0
[DEBUG] train_step 16850: starting episode collection
[DEBUG] train_step 16850: episodes collected, starting value_update
[DEBUG] train_step 16850: value_update done, starting policy_update
[DEBUG] train_step 16850: policy_update done
[step 16900] value_loss=1.503542 policy_loss=0.052547
[step 16900] VALUE_DEBUG: target(mean=-7.09 std=9.24 min=-17.56 max=9.64) V(s)(mean=-7.34 std=9.33) reward(mean=0.310 std=1.110) clip=50.0
[step 16900] eval_success_rate=0.420 eval_mean_score=14.820 eval_policy_mode=greedy [solved=21/50, score_range=11.00-16.00/16.0, initial=9.00]
[step 16900] PROGRESS: filled=14.86 violations=0.02 zero_cand=0.00
[step 16900] DEBUG: ep_len=11.8 ep_ret=-0.548 stop_prob=0.000 score_chg=5.9750
[DEBUG] train_step 16900: starting episode collection
[DEBUG] train_step 16900: episodes collected, starting value_update
[DEBUG] train_step 16900: value_update done, starting policy_update
[DEBUG] train_step 16900: policy_update done
[step 16950] value_loss=3.331230 policy_loss=0.234555
[step 16950] VALUE_DEBUG: target(mean=-7.10 std=9.41 min=-18.71 max=9.65) V(s)(mean=-7.28 std=9.23) reward(mean=-0.217 std=3.675) clip=50.0
[DEBUG] train_step 16950: starting episode collection
[DEBUG] train_step 16950: episodes collected, starting value_update
[DEBUG] train_step 16950: value_update done, starting policy_update
[DEBUG] train_step 16950: policy_update done
[step 17000] value_loss=2.496684 policy_loss=-0.179127
[step 17000] VALUE_DEBUG: target(mean=-1.98 std=8.79 min=-17.41 max=8.15) V(s)(mean=-2.11 std=8.48) reward(mean=0.593 std=2.185) clip=50.0
[step 17000] eval_success_rate=0.500 eval_mean_score=14.800 eval_policy_mode=greedy [solved=25/50, score_range=11.00-16.00/16.0, initial=9.00]
[step 17000] PROGRESS: filled=14.84 violations=0.02 zero_cand=0.00
[step 17000] DEBUG: ep_len=11.6 ep_ret=-0.463 stop_prob=0.000 score_chg=6.0475
[Checkpoint] Saved to buiksat_trm/checkpoints/table3_hard_6to8_controlled_nomask_nc_r10_s9/rl_checkpoint_step_17000.pt
[DEBUG] train_step 17000: starting episode collection
[DEBUG] train_step 17000: episodes collected, starting value_update
[DEBUG] train_step 17000: value_update done, starting policy_update
[DEBUG] train_step 17000: policy_update done
[step 17050] value_loss=8.263167 policy_loss=-0.451632
[step 17050] VALUE_DEBUG: target(mean=-4.58 std=8.84 min=-22.09 max=8.41) V(s)(mean=-4.17 std=8.40) reward(mean=-0.354 std=5.437) clip=50.0
[DEBUG] train_step 17050: starting episode collection
[DEBUG] train_step 17050: episodes collected, starting value_update
[DEBUG] train_step 17050: value_update done, starting policy_update
[DEBUG] train_step 17050: policy_update done
[step 17100] value_loss=5.763335 policy_loss=-0.664982
[step 17100] VALUE_DEBUG: target(mean=-5.42 std=8.63 min=-20.44 max=7.14) V(s)(mean=-5.41 std=8.32) reward(mean=0.340 std=3.137) clip=50.0
[step 17100] eval_success_rate=0.460 eval_mean_score=14.880 eval_policy_mode=greedy [solved=23/50, score_range=11.00-16.00/16.0, initial=9.00]
[step 17100] PROGRESS: filled=14.92 violations=0.02 zero_cand=0.00
[step 17100] DEBUG: ep_len=11.7 ep_ret=-0.258 stop_prob=0.000 score_chg=6.0750
[DEBUG] train_step 17100: starting episode collection
[DEBUG] train_step 17100: episodes collected, starting value_update
[DEBUG] train_step 17100: value_update done, starting policy_update
[DEBUG] train_step 17100: policy_update done
[step 17150] value_loss=1.874892 policy_loss=-0.514786
[step 17150] VALUE_DEBUG: target(mean=-5.12 std=9.25 min=-17.32 max=6.45) V(s)(mean=-4.92 std=9.11) reward(mean=-0.632 std=3.555) clip=50.0
[DEBUG] train_step 17150: starting episode collection
[DEBUG] train_step 17150: episodes collected, starting value_update
[DEBUG] train_step 17150: value_update done, starting policy_update
[DEBUG] train_step 17150: policy_update done
[step 17200] value_loss=11.580969 policy_loss=-0.184192
[step 17200] VALUE_DEBUG: target(mean=-3.38 std=9.44 min=-17.30 max=10.86) V(s)(mean=-3.30 std=8.85) reward(mean=0.248 std=4.778) clip=50.0
[step 17200] eval_success_rate=0.520 eval_mean_score=14.860 eval_policy_mode=greedy [solved=26/50, score_range=11.00-16.00/16.0, initial=9.00]
[step 17200] PROGRESS: filled=14.90 violations=0.02 zero_cand=0.00
[step 17200] DEBUG: ep_len=11.6 ep_ret=-0.316 stop_prob=0.000 score_chg=6.0125
[DEBUG] train_step 17200: starting episode collection
[DEBUG] train_step 17200: episodes collected, starting value_update
[DEBUG] train_step 17200: value_update done, starting policy_update
[DEBUG] train_step 17200: policy_update done
[step 17250] value_loss=1.120625 policy_loss=0.541332
[step 17250] VALUE_DEBUG: target(mean=-5.45 std=9.29 min=-17.42 max=7.34) V(s)(mean=-5.49 std=8.83) reward(mean=-0.326 std=3.448) clip=50.0
[DEBUG] train_step 17250: starting episode collection
[DEBUG] train_step 17250: episodes collected, starting value_update
[DEBUG] train_step 17250: value_update done, starting policy_update
[DEBUG] train_step 17250: policy_update done
[step 17300] value_loss=3.498908 policy_loss=0.123754
[step 17300] VALUE_DEBUG: target(mean=-5.17 std=7.79 min=-16.63 max=6.28) V(s)(mean=-5.31 std=8.31) reward(mean=0.970 std=2.779) clip=50.0
[step 17300] eval_success_rate=0.520 eval_mean_score=14.920 eval_policy_mode=greedy [solved=26/50, score_range=11.00-16.00/16.0, initial=9.00]
[step 17300] PROGRESS: filled=14.96 violations=0.02 zero_cand=0.00
[step 17300] DEBUG: ep_len=11.9 ep_ret=-1.020 stop_prob=0.000 score_chg=5.8425
[DEBUG] train_step 17300: starting episode collection
[DEBUG] train_step 17300: episodes collected, starting value_update
[DEBUG] train_step 17300: value_update done, starting policy_update
[DEBUG] train_step 17300: policy_update done
[step 17350] value_loss=2.076501 policy_loss=-0.287621
[step 17350] VALUE_DEBUG: target(mean=-6.31 std=10.55 min=-20.06 max=7.13) V(s)(mean=-6.17 std=9.92) reward(mean=-0.997 std=4.916) clip=50.0
[DEBUG] train_step 17350: starting episode collection
[DEBUG] train_step 17350: episodes collected, starting value_update
[DEBUG] train_step 17350: value_update done, starting policy_update
[DEBUG] train_step 17350: policy_update done
[step 17400] value_loss=1.062117 policy_loss=-0.340983
[step 17400] VALUE_DEBUG: target(mean=-6.64 std=9.47 min=-16.65 max=7.41) V(s)(mean=-6.84 std=9.42) reward(mean=0.343 std=3.330) clip=50.0
[step 17400] eval_success_rate=0.440 eval_mean_score=14.880 eval_policy_mode=greedy [solved=22/50, score_range=11.00-16.00/16.0, initial=9.00]
[step 17400] PROGRESS: filled=14.92 violations=0.02 zero_cand=0.00
[step 17400] DEBUG: ep_len=11.9 ep_ret=-0.840 stop_prob=0.000 score_chg=5.6025
[DEBUG] train_step 17400: starting episode collection
[DEBUG] train_step 17400: episodes collected, starting value_update
[DEBUG] train_step 17400: value_update done, starting policy_update
[DEBUG] train_step 17400: policy_update done
[step 17450] value_loss=4.156600 policy_loss=-0.066626
[step 17450] VALUE_DEBUG: target(mean=-2.83 std=9.34 min=-22.09 max=7.44) V(s)(mean=-2.60 std=9.13) reward(mean=-0.776 std=5.358) clip=50.0
[DEBUG] train_step 17450: starting episode collection
[DEBUG] train_step 17450: episodes collected, starting value_update
[DEBUG] train_step 17450: value_update done, starting policy_update
[DEBUG] train_step 17450: policy_update done
[step 17500] value_loss=8.547039 policy_loss=0.059659
[step 17500] VALUE_DEBUG: target(mean=-3.79 std=9.43 min=-18.12 max=9.24) V(s)(mean=-4.41 std=9.16) reward(mean=0.158 std=5.122) clip=50.0
[step 17500] eval_success_rate=0.520 eval_mean_score=14.980 eval_policy_mode=greedy [solved=26/50, score_range=11.00-16.00/16.0, initial=9.00]
[step 17500] PROGRESS: filled=15.02 violations=0.02 zero_cand=0.00
[step 17500] DEBUG: ep_len=11.8 ep_ret=-0.253 stop_prob=0.000 score_chg=5.9600
[DEBUG] train_step 17500: starting episode collection
[DEBUG] train_step 17500: episodes collected, starting value_update
[DEBUG] train_step 17500: value_update done, starting policy_update
[DEBUG] train_step 17500: policy_update done
[step 17550] value_loss=1.843089 policy_loss=0.370666
[step 17550] VALUE_DEBUG: target(mean=-5.88 std=8.76 min=-18.13 max=7.37) V(s)(mean=-5.86 std=8.81) reward(mean=-0.930 std=3.717) clip=50.0
[DEBUG] train_step 17550: starting episode collection
[DEBUG] train_step 17550: episodes collected, starting value_update
[DEBUG] train_step 17550: value_update done, starting policy_update
[DEBUG] train_step 17550: policy_update done
[step 17600] value_loss=0.438909 policy_loss=1.018275
[step 17600] VALUE_DEBUG: target(mean=-3.65 std=8.89 min=-17.24 max=6.86) V(s)(mean=-3.54 std=8.97) reward(mean=0.596 std=0.451) clip=50.0
[step 17600] eval_success_rate=0.520 eval_mean_score=15.000 eval_policy_mode=greedy [solved=26/50, score_range=11.00-16.00/16.0, initial=9.00]
[step 17600] PROGRESS: filled=15.04 violations=0.02 zero_cand=0.00
[step 17600] DEBUG: ep_len=11.3 ep_ret=0.276 stop_prob=0.000 score_chg=5.9700
[DEBUG] train_step 17600: starting episode collection
[DEBUG] train_step 17600: episodes collected, starting value_update
[DEBUG] train_step 17600: value_update done, starting policy_update
[DEBUG] train_step 17600: policy_update done
[step 17650] value_loss=1.858437 policy_loss=0.660933
[step 17650] VALUE_DEBUG: target(mean=-4.01 std=9.10 min=-16.63 max=7.51) V(s)(mean=-3.87 std=9.12) reward(mean=0.067 std=3.777) clip=50.0
[DEBUG] train_step 17650: starting episode collection
[DEBUG] train_step 17650: episodes collected, starting value_update
[DEBUG] train_step 17650: value_update done, starting policy_update
[DEBUG] train_step 17650: policy_update done
[step 17700] value_loss=2.482069 policy_loss=0.097302
[step 17700] VALUE_DEBUG: target(mean=-4.72 std=8.83 min=-17.11 max=6.84) V(s)(mean=-4.63 std=8.73) reward(mean=0.649 std=2.461) clip=50.0
[step 17700] eval_success_rate=0.520 eval_mean_score=14.980 eval_policy_mode=greedy [solved=26/50, score_range=10.00-16.00/16.0, initial=9.00]
[step 17700] PROGRESS: filled=14.98 violations=0.00 zero_cand=0.00
[step 17700] DEBUG: ep_len=11.7 ep_ret=-0.485 stop_prob=0.000 score_chg=5.9225
[DEBUG] train_step 17700: starting episode collection
[DEBUG] train_step 17700: episodes collected, starting value_update
[DEBUG] train_step 17700: value_update done, starting policy_update
[DEBUG] train_step 17700: policy_update done
[step 17750] value_loss=3.972733 policy_loss=-0.013826
[step 17750] VALUE_DEBUG: target(mean=-2.74 std=10.01 min=-17.29 max=11.71) V(s)(mean=-3.24 std=9.26) reward(mean=1.528 std=2.364) clip=50.0
[DEBUG] train_step 17750: starting episode collection
[DEBUG] train_step 17750: episodes collected, starting value_update
[DEBUG] train_step 17750: value_update done, starting policy_update
[DEBUG] train_step 17750: policy_update done
[step 17800] value_loss=5.137447 policy_loss=0.051714
[step 17800] VALUE_DEBUG: target(mean=-4.27 std=8.61 min=-16.56 max=7.27) V(s)(mean=-4.46 std=8.32) reward(mean=-0.407 std=4.620) clip=50.0
[step 17800] eval_success_rate=0.480 eval_mean_score=14.980 eval_policy_mode=greedy [solved=24/50, score_range=11.00-16.00/16.0, initial=9.00]
[step 17800] PROGRESS: filled=14.98 violations=0.00 zero_cand=0.00
[step 17800] DEBUG: ep_len=11.2 ep_ret=0.812 stop_prob=0.000 score_chg=6.0575
[DEBUG] train_step 17800: starting episode collection
[DEBUG] train_step 17800: episodes collected, starting value_update
[DEBUG] train_step 17800: value_update done, starting policy_update
[DEBUG] train_step 17800: policy_update done
[step 17850] value_loss=3.690077 policy_loss=-0.541229
[step 17850] VALUE_DEBUG: target(mean=-4.50 std=9.06 min=-17.42 max=8.08) V(s)(mean=-4.05 std=8.73) reward(mean=-2.003 std=6.357) clip=50.0
[DEBUG] train_step 17850: starting episode collection
[DEBUG] train_step 17850: episodes collected, starting value_update
[DEBUG] train_step 17850: value_update done, starting policy_update
[DEBUG] train_step 17850: policy_update done
[step 17900] value_loss=3.921407 policy_loss=-0.417720
[step 17900] VALUE_DEBUG: target(mean=-6.18 std=9.55 min=-17.26 max=10.09) V(s)(mean=-6.36 std=9.40) reward(mean=-0.777 std=4.224) clip=50.0
[step 17900] eval_success_rate=0.580 eval_mean_score=15.220 eval_policy_mode=greedy [solved=29/50, score_range=10.00-16.00/16.0, initial=9.00]
[step 17900] PROGRESS: filled=15.22 violations=0.00 zero_cand=0.00
[step 17900] DEBUG: ep_len=11.4 ep_ret=0.113 stop_prob=0.000 score_chg=5.9200
[DEBUG] train_step 17900: starting episode collection
[DEBUG] train_step 17900: episodes collected, starting value_update
[DEBUG] train_step 17900: value_update done, starting policy_update
[DEBUG] train_step 17900: policy_update done
[step 17950] value_loss=2.605516 policy_loss=-0.099558
[step 17950] VALUE_DEBUG: target(mean=-5.80 std=9.01 min=-20.68 max=6.76) V(s)(mean=-5.65 std=8.98) reward(mean=-0.957 std=3.910) clip=50.0
[DEBUG] train_step 17950: starting episode collection
[DEBUG] train_step 17950: episodes collected, starting value_update
[DEBUG] train_step 17950: value_update done, starting policy_update
[DEBUG] train_step 17950: policy_update done
[step 18000] value_loss=2.156508 policy_loss=0.392683
[step 18000] VALUE_DEBUG: target(mean=-5.80 std=8.73 min=-20.55 max=6.17) V(s)(mean=-5.47 std=8.80) reward(mean=-0.472 std=3.429) clip=50.0
[step 18000] eval_success_rate=0.560 eval_mean_score=15.180 eval_policy_mode=greedy [solved=28/50, score_range=10.00-16.00/16.0, initial=9.00]
[step 18000] PROGRESS: filled=15.18 violations=0.00 zero_cand=0.00
[step 18000] DEBUG: ep_len=11.3 ep_ret=-0.293 stop_prob=0.000 score_chg=5.8275
[Checkpoint] Saved to buiksat_trm/checkpoints/table3_hard_6to8_controlled_nomask_nc_r10_s9/rl_checkpoint_step_18000.pt
[DEBUG] train_step 18000: starting episode collection
[DEBUG] train_step 18000: episodes collected, starting value_update
[DEBUG] train_step 18000: value_update done, starting policy_update
[DEBUG] train_step 18000: policy_update done
[step 18050] value_loss=5.584887 policy_loss=-0.129402
[step 18050] VALUE_DEBUG: target(mean=-2.98 std=9.30 min=-19.75 max=9.63) V(s)(mean=-2.96 std=8.67) reward(mean=0.157 std=3.249) clip=50.0
[DEBUG] train_step 18050: starting episode collection
[DEBUG] train_step 18050: episodes collected, starting value_update
[DEBUG] train_step 18050: value_update done, starting policy_update
[DEBUG] train_step 18050: policy_update done
[step 18100] value_loss=4.911819 policy_loss=-0.619057
[step 18100] VALUE_DEBUG: target(mean=-4.07 std=8.94 min=-17.15 max=7.37) V(s)(mean=-4.27 std=9.34) reward(mean=0.412 std=2.973) clip=50.0
[step 18100] eval_success_rate=0.480 eval_mean_score=14.900 eval_policy_mode=greedy [solved=24/50, score_range=10.00-16.00/16.0, initial=9.00]
[step 18100] PROGRESS: filled=14.90 violations=0.00 zero_cand=0.00
[step 18100] DEBUG: ep_len=11.1 ep_ret=0.790 stop_prob=0.000 score_chg=6.0200
[DEBUG] train_step 18100: starting episode collection
[DEBUG] train_step 18100: episodes collected, starting value_update
[DEBUG] train_step 18100: value_update done, starting policy_update
[DEBUG] train_step 18100: policy_update done
[step 18150] value_loss=2.523041 policy_loss=-0.542843
[step 18150] VALUE_DEBUG: target(mean=-6.84 std=10.21 min=-18.14 max=9.93) V(s)(mean=-7.13 std=9.65) reward(mean=0.069 std=3.693) clip=50.0
[DEBUG] train_step 18150: starting episode collection
[DEBUG] train_step 18150: episodes collected, starting value_update
[DEBUG] train_step 18150: value_update done, starting policy_update
[DEBUG] train_step 18150: policy_update done
[step 18200] value_loss=4.967157 policy_loss=0.226242
[step 18200] VALUE_DEBUG: target(mean=-4.46 std=9.76 min=-21.09 max=12.54) V(s)(mean=-4.69 std=8.98) reward(mean=0.234 std=4.892) clip=50.0
[step 18200] eval_success_rate=0.480 eval_mean_score=14.780 eval_policy_mode=greedy [solved=24/50, score_range=10.00-16.00/16.0, initial=9.00]
[step 18200] PROGRESS: filled=14.78 violations=0.00 zero_cand=0.00
[step 18200] DEBUG: ep_len=11.5 ep_ret=-0.019 stop_prob=0.000 score_chg=6.0525
[DEBUG] train_step 18200: starting episode collection
[DEBUG] train_step 18200: episodes collected, starting value_update
[DEBUG] train_step 18200: value_update done, starting policy_update
[DEBUG] train_step 18200: policy_update done
[step 18250] value_loss=15.995736 policy_loss=0.558923
[step 18250] VALUE_DEBUG: target(mean=-2.93 std=8.78 min=-17.12 max=8.69) V(s)(mean=-3.72 std=8.40) reward(mean=0.253 std=3.902) clip=50.0
[DEBUG] train_step 18250: starting episode collection
[DEBUG] train_step 18250: episodes collected, starting value_update
[DEBUG] train_step 18250: value_update done, starting policy_update
[DEBUG] train_step 18250: policy_update done
[step 18300] value_loss=3.936397 policy_loss=-1.225174
[step 18300] VALUE_DEBUG: target(mean=-3.14 std=8.70 min=-19.80 max=7.87) V(s)(mean=-3.05 std=8.18) reward(mean=0.375 std=2.605) clip=50.0
[step 18300] eval_success_rate=0.480 eval_mean_score=14.960 eval_policy_mode=greedy [solved=24/50, score_range=10.00-16.00/16.0, initial=9.00]
[step 18300] PROGRESS: filled=14.96 violations=0.00 zero_cand=0.00
[step 18300] DEBUG: ep_len=11.3 ep_ret=-0.273 stop_prob=0.000 score_chg=5.7975
[DEBUG] train_step 18300: starting episode collection
[DEBUG] train_step 18300: episodes collected, starting value_update
[DEBUG] train_step 18300: value_update done, starting policy_update
[DEBUG] train_step 18300: policy_update done
[step 18350] value_loss=2.508098 policy_loss=0.189905
[step 18350] VALUE_DEBUG: target(mean=-4.03 std=9.76 min=-17.16 max=14.50) V(s)(mean=-4.32 std=9.13) reward(mean=0.906 std=2.250) clip=50.0
[DEBUG] train_step 18350: starting episode collection
[DEBUG] train_step 18350: episodes collected, starting value_update
[DEBUG] train_step 18350: value_update done, starting policy_update
[DEBUG] train_step 18350: policy_update done
[step 18400] value_loss=3.665383 policy_loss=0.092348
[step 18400] VALUE_DEBUG: target(mean=-7.18 std=9.24 min=-17.87 max=7.61) V(s)(mean=-6.76 std=9.27) reward(mean=0.007 std=2.538) clip=50.0
[step 18400] eval_success_rate=0.460 eval_mean_score=14.600 eval_policy_mode=greedy [solved=23/50, score_range=10.00-16.00/16.0, initial=9.00]
[step 18400] PROGRESS: filled=14.60 violations=0.00 zero_cand=0.00
[step 18400] DEBUG: ep_len=11.3 ep_ret=0.193 stop_prob=0.000 score_chg=5.9925
[DEBUG] train_step 18400: starting episode collection
[DEBUG] train_step 18400: episodes collected, starting value_update
[DEBUG] train_step 18400: value_update done, starting policy_update
[DEBUG] train_step 18400: policy_update done
[step 18450] value_loss=4.501256 policy_loss=-0.128082
[step 18450] VALUE_DEBUG: target(mean=-1.93 std=9.28 min=-17.07 max=11.11) V(s)(mean=-2.65 std=8.86) reward(mean=1.038 std=2.500) clip=50.0
[DEBUG] train_step 18450: starting episode collection
[DEBUG] train_step 18450: episodes collected, starting value_update
[DEBUG] train_step 18450: value_update done, starting policy_update
[DEBUG] train_step 18450: policy_update done
[step 18500] value_loss=0.903631 policy_loss=-0.166434
[step 18500] VALUE_DEBUG: target(mean=-2.94 std=8.92 min=-17.13 max=8.24) V(s)(mean=-3.12 std=8.81) reward(mean=0.183 std=3.179) clip=50.0
[step 18500] eval_success_rate=0.440 eval_mean_score=14.820 eval_policy_mode=greedy [solved=22/50, score_range=11.00-16.00/16.0, initial=9.00]
[step 18500] PROGRESS: filled=14.82 violations=0.00 zero_cand=0.00
[step 18500] DEBUG: ep_len=11.8 ep_ret=-0.928 stop_prob=0.000 score_chg=5.8375
[DEBUG] train_step 18500: starting episode collection
[DEBUG] train_step 18500: episodes collected, starting value_update
[DEBUG] train_step 18500: value_update done, starting policy_update
[DEBUG] train_step 18500: policy_update done
[step 18550] value_loss=2.328398 policy_loss=-0.311682
[step 18550] VALUE_DEBUG: target(mean=-2.07 std=9.34 min=-17.29 max=12.20) V(s)(mean=-2.34 std=8.99) reward(mean=1.281 std=2.015) clip=50.0
[DEBUG] train_step 18550: starting episode collection
[DEBUG] train_step 18550: episodes collected, starting value_update
[DEBUG] train_step 18550: value_update done, starting policy_update
[DEBUG] train_step 18550: policy_update done
[step 18600] value_loss=2.711197 policy_loss=0.500715
[step 18600] VALUE_DEBUG: target(mean=-3.49 std=8.68 min=-18.71 max=6.59) V(s)(mean=-3.55 std=8.59) reward(mean=-0.057 std=3.872) clip=50.0
[step 18600] eval_success_rate=0.440 eval_mean_score=14.860 eval_policy_mode=greedy [solved=22/50, score_range=11.00-16.00/16.0, initial=9.00]
[step 18600] PROGRESS: filled=14.86 violations=0.00 zero_cand=0.00
[step 18600] DEBUG: ep_len=11.9 ep_ret=-1.084 stop_prob=0.000 score_chg=5.7200
[DEBUG] train_step 18600: starting episode collection
[DEBUG] train_step 18600: episodes collected, starting value_update
[DEBUG] train_step 18600: value_update done, starting policy_update
[DEBUG] train_step 18600: policy_update done
[step 18650] value_loss=4.408494 policy_loss=0.049564
[step 18650] VALUE_DEBUG: target(mean=-5.81 std=7.82 min=-17.65 max=6.64) V(s)(mean=-5.73 std=8.02) reward(mean=-0.281 std=4.067) clip=50.0
[DEBUG] train_step 18650: starting episode collection
[DEBUG] train_step 18650: episodes collected, starting value_update
[DEBUG] train_step 18650: value_update done, starting policy_update
[DEBUG] train_step 18650: policy_update done
[step 18700] value_loss=16.594933 policy_loss=0.036464
[step 18700] VALUE_DEBUG: target(mean=-3.45 std=9.51 min=-16.50 max=15.09) V(s)(mean=-3.04 std=8.80) reward(mean=-0.164 std=4.939) clip=50.0
[step 18700] eval_success_rate=0.460 eval_mean_score=14.840 eval_policy_mode=greedy [solved=23/50, score_range=11.00-16.00/16.0, initial=9.00]
[step 18700] PROGRESS: filled=14.84 violations=0.00 zero_cand=0.00
[step 18700] DEBUG: ep_len=11.5 ep_ret=-0.383 stop_prob=0.000 score_chg=5.9675
[DEBUG] train_step 18700: starting episode collection
[DEBUG] train_step 18700: episodes collected, starting value_update
[DEBUG] train_step 18700: value_update done, starting policy_update
[DEBUG] train_step 18700: policy_update done
[step 18750] value_loss=4.172318 policy_loss=0.598183
[step 18750] VALUE_DEBUG: target(mean=-2.36 std=7.97 min=-17.89 max=6.62) V(s)(mean=-2.36 std=7.75) reward(mean=0.255 std=2.335) clip=50.0
[DEBUG] train_step 18750: starting episode collection
[DEBUG] train_step 18750: episodes collected, starting value_update
[DEBUG] train_step 18750: value_update done, starting policy_update
[DEBUG] train_step 18750: policy_update done
[step 18800] value_loss=1.160199 policy_loss=-0.131750
[step 18800] VALUE_DEBUG: target(mean=-3.73 std=8.50 min=-16.68 max=7.86) V(s)(mean=-3.75 std=8.51) reward(mean=0.572 std=2.292) clip=50.0
[step 18800] eval_success_rate=0.460 eval_mean_score=14.680 eval_policy_mode=greedy [solved=23/50, score_range=10.00-16.00/16.0, initial=9.00]
[step 18800] PROGRESS: filled=14.68 violations=0.00 zero_cand=0.00
[step 18800] DEBUG: ep_len=11.8 ep_ret=-1.104 stop_prob=0.000 score_chg=5.6150
[DEBUG] train_step 18800: starting episode collection
[DEBUG] train_step 18800: episodes collected, starting value_update
[DEBUG] train_step 18800: value_update done, starting policy_update
[DEBUG] train_step 18800: policy_update done
[step 18850] value_loss=6.372154 policy_loss=-0.313348
[step 18850] VALUE_DEBUG: target(mean=-2.85 std=9.33 min=-16.63 max=12.49) V(s)(mean=-3.23 std=8.83) reward(mean=0.746 std=4.064) clip=50.0
[DEBUG] train_step 18850: starting episode collection
[DEBUG] train_step 18850: episodes collected, starting value_update
[DEBUG] train_step 18850: value_update done, starting policy_update
[DEBUG] train_step 18850: policy_update done
[step 18900] value_loss=1.964483 policy_loss=0.014262
[step 18900] VALUE_DEBUG: target(mean=-2.27 std=8.36 min=-17.27 max=10.83) V(s)(mean=-2.79 std=8.64) reward(mean=0.501 std=3.704) clip=50.0
[step 18900] eval_success_rate=0.400 eval_mean_score=14.700 eval_policy_mode=greedy [solved=20/50, score_range=11.00-16.00/16.0, initial=9.00]
[step 18900] PROGRESS: filled=14.70 violations=0.00 zero_cand=0.00
[step 18900] DEBUG: ep_len=11.4 ep_ret=-0.029 stop_prob=0.000 score_chg=5.9650
[DEBUG] train_step 18900: starting episode collection
[DEBUG] train_step 18900: episodes collected, starting value_update
[DEBUG] train_step 18900: value_update done, starting policy_update
[DEBUG] train_step 18900: policy_update done
[step 18950] value_loss=30.457239 policy_loss=0.384909
[step 18950] VALUE_DEBUG: target(mean=-7.27 std=9.57 min=-19.57 max=11.17) V(s)(mean=-5.56 std=9.13) reward(mean=-1.809 std=5.964) clip=50.0
[DEBUG] train_step 18950: starting episode collection
[DEBUG] train_step 18950: episodes collected, starting value_update
[DEBUG] train_step 18950: value_update done, starting policy_update
[DEBUG] train_step 18950: policy_update done
[step 19000] value_loss=7.689735 policy_loss=-1.295359
[step 19000] VALUE_DEBUG: target(mean=-2.14 std=8.43 min=-17.28 max=17.42) V(s)(mean=-2.42 std=8.10) reward(mean=-0.250 std=4.182) clip=50.0
[step 19000] eval_success_rate=0.420 eval_mean_score=14.580 eval_policy_mode=greedy [solved=21/50, score_range=10.00-16.00/16.0, initial=9.00]
[step 19000] PROGRESS: filled=14.58 violations=0.00 zero_cand=0.00
[step 19000] DEBUG: ep_len=11.5 ep_ret=-1.417 stop_prob=0.000 score_chg=5.6050
[Checkpoint] Saved to buiksat_trm/checkpoints/table3_hard_6to8_controlled_nomask_nc_r10_s9/rl_checkpoint_step_19000.pt
[DEBUG] train_step 19000: starting episode collection
[DEBUG] train_step 19000: episodes collected, starting value_update
[DEBUG] train_step 19000: value_update done, starting policy_update
[DEBUG] train_step 19000: policy_update done
[step 19050] value_loss=2.619289 policy_loss=-0.239260
[step 19050] VALUE_DEBUG: target(mean=-1.59 std=7.93 min=-16.94 max=10.12) V(s)(mean=-1.76 std=7.77) reward(mean=0.155 std=4.004) clip=50.0
[DEBUG] train_step 19050: starting episode collection
[DEBUG] train_step 19050: episodes collected, starting value_update
[DEBUG] train_step 19050: value_update done, starting policy_update
[DEBUG] train_step 19050: policy_update done
[step 19100] value_loss=1.675383 policy_loss=-0.025306
[step 19100] VALUE_DEBUG: target(mean=-4.40 std=9.27 min=-16.84 max=6.11) V(s)(mean=-4.50 std=9.30) reward(mean=0.218 std=1.100) clip=50.0
[step 19100] eval_success_rate=0.380 eval_mean_score=14.420 eval_policy_mode=greedy [solved=19/50, score_range=10.00-16.00/16.0, initial=9.00]
[step 19100] PROGRESS: filled=14.42 violations=0.00 zero_cand=0.00
[step 19100] DEBUG: ep_len=11.6 ep_ret=-0.510 stop_prob=0.000 score_chg=5.8300
[DEBUG] train_step 19100: starting episode collection
[DEBUG] train_step 19100: episodes collected, starting value_update
[DEBUG] train_step 19100: value_update done, starting policy_update
[DEBUG] train_step 19100: policy_update done
[step 19150] value_loss=9.068956 policy_loss=-0.219277
[step 19150] VALUE_DEBUG: target(mean=-2.30 std=9.17 min=-19.43 max=11.08) V(s)(mean=-2.51 std=8.61) reward(mean=1.039 std=3.610) clip=50.0
[DEBUG] train_step 19150: starting episode collection
[DEBUG] train_step 19150: episodes collected, starting value_update
[DEBUG] train_step 19150: value_update done, starting policy_update
[DEBUG] train_step 19150: policy_update done
[step 19200] value_loss=9.668681 policy_loss=0.410797
[step 19200] VALUE_DEBUG: target(mean=-4.74 std=8.92 min=-17.09 max=6.69) V(s)(mean=-3.98 std=8.94) reward(mean=-0.497 std=2.821) clip=50.0
[step 19200] eval_success_rate=0.520 eval_mean_score=14.720 eval_policy_mode=greedy [solved=26/50, score_range=11.00-16.00/16.0, initial=9.00]
[step 19200] PROGRESS: filled=14.72 violations=0.00 zero_cand=0.00
[step 19200] DEBUG: ep_len=11.7 ep_ret=-0.392 stop_prob=0.000 score_chg=6.0475
[DEBUG] train_step 19200: starting episode collection
[DEBUG] train_step 19200: episodes collected, starting value_update
[DEBUG] train_step 19200: value_update done, starting policy_update
[DEBUG] train_step 19200: policy_update done
[step 19250] value_loss=11.551234 policy_loss=0.111948
[step 19250] VALUE_DEBUG: target(mean=-3.48 std=9.38 min=-17.14 max=11.37) V(s)(mean=-3.03 std=9.14) reward(mean=0.213 std=3.698) clip=50.0
[DEBUG] train_step 19250: starting episode collection
[DEBUG] train_step 19250: episodes collected, starting value_update
[DEBUG] train_step 19250: value_update done, starting policy_update
[DEBUG] train_step 19250: policy_update done
[step 19300] value_loss=2.330381 policy_loss=-0.351633
[step 19300] VALUE_DEBUG: target(mean=-4.90 std=8.37 min=-18.75 max=5.94) V(s)(mean=-4.46 std=8.09) reward(mean=-0.906 std=3.728) clip=50.0
[step 19300] eval_success_rate=0.540 eval_mean_score=14.700 eval_policy_mode=greedy [solved=27/50, score_range=11.00-16.00/16.0, initial=9.00]
[step 19300] PROGRESS: filled=14.70 violations=0.00 zero_cand=0.00
[step 19300] DEBUG: ep_len=11.6 ep_ret=-0.680 stop_prob=0.000 score_chg=5.9325
[DEBUG] train_step 19300: starting episode collection
[DEBUG] train_step 19300: episodes collected, starting value_update
[DEBUG] train_step 19300: value_update done, starting policy_update
[DEBUG] train_step 19300: policy_update done
[step 19350] value_loss=4.165810 policy_loss=0.300111
[step 19350] VALUE_DEBUG: target(mean=-6.05 std=8.99 min=-18.35 max=5.82) V(s)(mean=-6.10 std=8.98) reward(mean=-1.150 std=5.087) clip=50.0
[DEBUG] train_step 19350: starting episode collection
[DEBUG] train_step 19350: episodes collected, starting value_update
[DEBUG] train_step 19350: value_update done, starting policy_update
[DEBUG] train_step 19350: policy_update done
[step 19400] value_loss=17.879295 policy_loss=-0.488077
[step 19400] VALUE_DEBUG: target(mean=-5.66 std=8.43 min=-18.66 max=6.04) V(s)(mean=-4.71 std=8.84) reward(mean=-0.994 std=3.686) clip=50.0
[step 19400] eval_success_rate=0.500 eval_mean_score=14.720 eval_policy_mode=greedy [solved=25/50, score_range=11.00-16.00/16.0, initial=9.00]
[step 19400] PROGRESS: filled=14.72 violations=0.00 zero_cand=0.00
[step 19400] DEBUG: ep_len=11.5 ep_ret=-0.682 stop_prob=0.000 score_chg=5.6975
[DEBUG] train_step 19400: starting episode collection
[DEBUG] train_step 19400: episodes collected, starting value_update
[DEBUG] train_step 19400: value_update done, starting policy_update
[DEBUG] train_step 19400: policy_update done
[step 19450] value_loss=2.881295 policy_loss=0.400842
[step 19450] VALUE_DEBUG: target(mean=-7.04 std=8.84 min=-19.73 max=9.06) V(s)(mean=-6.76 std=9.01) reward(mean=-0.148 std=2.194) clip=50.0
[DEBUG] train_step 19450: starting episode collection
[DEBUG] train_step 19450: episodes collected, starting value_update
[DEBUG] train_step 19450: value_update done, starting policy_update
[DEBUG] train_step 19450: policy_update done
[step 19500] value_loss=1.549731 policy_loss=0.510733
[step 19500] VALUE_DEBUG: target(mean=-2.36 std=8.07 min=-17.33 max=6.84) V(s)(mean=-2.49 std=7.76) reward(mean=0.402 std=3.093) clip=50.0
[step 19500] eval_success_rate=0.520 eval_mean_score=14.780 eval_policy_mode=greedy [solved=26/50, score_range=10.00-16.00/16.0, initial=9.00]
[step 19500] PROGRESS: filled=14.78 violations=0.00 zero_cand=0.00
[step 19500] DEBUG: ep_len=11.5 ep_ret=-1.168 stop_prob=0.000 score_chg=5.5875
[DEBUG] train_step 19500: starting episode collection
[DEBUG] train_step 19500: episodes collected, starting value_update
[DEBUG] train_step 19500: value_update done, starting policy_update
[DEBUG] train_step 19500: policy_update done
[step 19550] value_loss=5.496050 policy_loss=-0.271574
[step 19550] VALUE_DEBUG: target(mean=-2.35 std=8.81 min=-17.43 max=11.03) V(s)(mean=-3.42 std=8.32) reward(mean=1.279 std=2.443) clip=50.0
[DEBUG] train_step 19550: starting episode collection
[DEBUG] train_step 19550: episodes collected, starting value_update
[DEBUG] train_step 19550: value_update done, starting policy_update
[DEBUG] train_step 19550: policy_update done
[step 19600] value_loss=3.125353 policy_loss=-0.405545
[step 19600] VALUE_DEBUG: target(mean=-5.38 std=8.69 min=-18.83 max=7.66) V(s)(mean=-5.25 std=8.79) reward(mean=-1.559 std=5.419) clip=50.0
[step 19600] eval_success_rate=0.500 eval_mean_score=14.740 eval_policy_mode=greedy [solved=25/50, score_range=11.00-16.00/16.0, initial=9.00]
[step 19600] PROGRESS: filled=14.74 violations=0.00 zero_cand=0.00
[step 19600] DEBUG: ep_len=11.2 ep_ret=-0.395 stop_prob=0.000 score_chg=5.7625
[DEBUG] train_step 19600: starting episode collection
[DEBUG] train_step 19600: episodes collected, starting value_update
[DEBUG] train_step 19600: value_update done, starting policy_update
[DEBUG] train_step 19600: policy_update done
[step 19650] value_loss=6.177871 policy_loss=0.254577
[step 19650] VALUE_DEBUG: target(mean=-4.92 std=8.88 min=-18.21 max=6.60) V(s)(mean=-5.17 std=8.96) reward(mean=-0.624 std=4.783) clip=50.0
[DEBUG] train_step 19650: starting episode collection
[DEBUG] train_step 19650: episodes collected, starting value_update
[DEBUG] train_step 19650: value_update done, starting policy_update
[DEBUG] train_step 19650: policy_update done
[step 19700] value_loss=6.872732 policy_loss=-0.310666
[step 19700] VALUE_DEBUG: target(mean=-2.66 std=8.50 min=-18.85 max=8.89) V(s)(mean=-3.08 std=8.44) reward(mean=0.628 std=2.695) clip=50.0
[step 19700] eval_success_rate=0.540 eval_mean_score=14.860 eval_policy_mode=greedy [solved=27/50, score_range=10.00-16.00/16.0, initial=9.00]
[step 19700] PROGRESS: filled=14.86 violations=0.00 zero_cand=0.00
[step 19700] DEBUG: ep_len=11.2 ep_ret=-0.065 stop_prob=0.000 score_chg=5.8800
[DEBUG] train_step 19700: starting episode collection
[DEBUG] train_step 19700: episodes collected, starting value_update
[DEBUG] train_step 19700: value_update done, starting policy_update
[DEBUG] train_step 19700: policy_update done
[step 19750] value_loss=0.450492 policy_loss=0.026507
[step 19750] VALUE_DEBUG: target(mean=-5.48 std=9.33 min=-18.26 max=8.32) V(s)(mean=-5.51 std=9.19) reward(mean=0.628 std=1.611) clip=50.0
[DEBUG] train_step 19750: starting episode collection
[DEBUG] train_step 19750: episodes collected, starting value_update
[DEBUG] train_step 19750: value_update done, starting policy_update
[DEBUG] train_step 19750: policy_update done
[step 19800] value_loss=1.561393 policy_loss=0.339776
[step 19800] VALUE_DEBUG: target(mean=-4.25 std=8.84 min=-16.66 max=6.06) V(s)(mean=-4.31 std=8.41) reward(mean=0.006 std=3.350) clip=50.0
[step 19800] eval_success_rate=0.540 eval_mean_score=14.980 eval_policy_mode=greedy [solved=27/50, score_range=10.00-16.00/16.0, initial=9.00]
[step 19800] PROGRESS: filled=14.98 violations=0.00 zero_cand=0.00
[step 19800] DEBUG: ep_len=11.1 ep_ret=0.300 stop_prob=0.000 score_chg=5.9425
[DEBUG] train_step 19800: starting episode collection
[DEBUG] train_step 19800: episodes collected, starting value_update
[DEBUG] train_step 19800: value_update done, starting policy_update
[DEBUG] train_step 19800: policy_update done
[step 19850] value_loss=13.234088 policy_loss=0.069148
[step 19850] VALUE_DEBUG: target(mean=-4.83 std=8.40 min=-17.36 max=6.58) V(s)(mean=-5.27 std=8.77) reward(mean=0.099 std=2.455) clip=50.0
[DEBUG] train_step 19850: starting episode collection
[DEBUG] train_step 19850: episodes collected, starting value_update
[DEBUG] train_step 19850: value_update done, starting policy_update
[DEBUG] train_step 19850: policy_update done
[step 19900] value_loss=5.274494 policy_loss=-0.432173
[step 19900] VALUE_DEBUG: target(mean=-2.55 std=8.58 min=-19.12 max=9.86) V(s)(mean=-2.30 std=8.56) reward(mean=-0.240 std=2.943) clip=50.0
[step 19900] eval_success_rate=0.480 eval_mean_score=14.920 eval_policy_mode=greedy [solved=24/50, score_range=10.00-16.00/16.0, initial=9.00]
[step 19900] PROGRESS: filled=14.92 violations=0.00 zero_cand=0.00
[step 19900] DEBUG: ep_len=11.2 ep_ret=0.340 stop_prob=0.000 score_chg=5.9450
[DEBUG] train_step 19900: starting episode collection
[DEBUG] train_step 19900: episodes collected, starting value_update
[DEBUG] train_step 19900: value_update done, starting policy_update
[DEBUG] train_step 19900: policy_update done
[step 19950] value_loss=2.570244 policy_loss=1.053167
[step 19950] VALUE_DEBUG: target(mean=-4.59 std=9.14 min=-19.71 max=10.82) V(s)(mean=-5.06 std=8.90) reward(mean=0.094 std=3.314) clip=50.0
[DEBUG] train_step 19950: starting episode collection
[DEBUG] train_step 19950: episodes collected, starting value_update
[DEBUG] train_step 19950: value_update done, starting policy_update
[DEBUG] train_step 19950: policy_update done
[step 20000] value_loss=1.447748 policy_loss=-0.092757
[step 20000] VALUE_DEBUG: target(mean=-6.33 std=9.31 min=-17.42 max=6.07) V(s)(mean=-6.06 std=9.24) reward(mean=-1.371 std=4.927) clip=50.0
[step 20000] eval_success_rate=0.480 eval_mean_score=15.020 eval_policy_mode=greedy [solved=24/50, score_range=10.00-16.00/16.0, initial=9.00]
[step 20000] PROGRESS: filled=15.02 violations=0.00 zero_cand=0.00
[step 20000] DEBUG: ep_len=11.4 ep_ret=-0.460 stop_prob=0.000 score_chg=5.9200
[Checkpoint] Saved to buiksat_trm/checkpoints/table3_hard_6to8_controlled_nomask_nc_r10_s9/rl_checkpoint_step_20000.pt
[Checkpoint] Saved to buiksat_trm/checkpoints/table3_hard_6to8_controlled_nomask_nc_r10_s9/rl_checkpoint_step_20000.pt
