[2026-04-09T15:51:36.740-07:00] Buck UI: https://www.internalfb.com/buck2/476ee9b5-f44d-404d-8951-8b34f39cb2c5
[2026-04-09T15:51:36.926-07:00] Network: Up: 0B  Down: 0B
BUILD SUCCEEDED - starting your binary
[DATASET] dataset_paths=['buiksat_trm/data/sudoku-4x4-easy_6to8empties']
[DATASET] resolved_dataset_name=sudoku-4x4-easy_6to8empties
[DATASET] num_samples=32
[INFO] Using feasibility-aware Sudoku checker for 4x4
       score = filled - 2.0*violations - 5.0*zeroCand
       Max score: 16 (all filled, no violations)
[INFO] Training for 20000 steps (gamma=0.990, K=1, inner_unroll_n=2)
[INFO] Terminal rewards: solve=1.000, fail=-16.000
[INFO] Using TRM backbone (hidden=64, H=2, L=2)
[DEBUG] Policy head STOP bias: 0.00 (should be 0.0 for uniform init)
[INFO] Puzzle embeddings DISABLED (set --puzzle-emb-ndim > 0 to enable)
============================================================
TRAINER SELECTION
============================================================
INFO:2026-04-09 15:51:42 2394138:2394138 CuptiCallbackApi.cpp:69] Callback: domain = 3, cbid = 1
INFO:2026-04-09 15:51:42 2394138:2394138 CuptiActivityProfiler.cpp:93] CUDA versions. CUPTI: 22; Runtime: 12040; Driver: 12040
INFO:2026-04-09 15:51:42 2394138:2396258 FBConfig.cpp:330] Perfetto builder enabled: 1
INFO:2026-04-09 15:51:42 2394138:2396258 DynoConfigLoader.cpp:61] Setting communication fabric enabled = 0
INFO:2026-04-09 15:51:43 2394138:2396258 DynoConfigLoader.cpp:61] Setting communication fabric enabled = 0
TritonTraceHandler: disabled because /logs does not exist
===========[FB_TRITON]=========== Triton Version: 3.5.0+fb
[TRAINER] UPI-TRM (K=1, inner_n=2)
[TRAINER] CLI --baseline: None, YAML algorithm: None
============================================================

============================================================
UPI-TRM THEORY ALIGNMENT CHECK
============================================================
⚠ Configuration has theory gaps:
  • enable_contraction=False disables spectral normalization (Assumption 4.2). L_z < 1 contraction not enforced.
  • exact_baseline_summation=False: Using approximate baseline. This gives O(ε_A/(1-γ)) bound instead of O(α·ε_A) from Theorem 5.9. For discrete action spaces (Sudoku), enable for tighter bounds.
  • theory_exact_mixture=False: Using parameter-space interpolation for CPI, which is NOT equivalent to policy-space mixture. The CPI improvement guarantee does not strictly apply. Set theory_exact_mixture=True for theory-exact behavior (but slower due to evaluating two networks).

Theory status:
  Forward-invariant projection: ✓
  Contraction enforced (L_z < 1): ✗
  Exact baseline (Thm 5.9): ✗
  Distillation (not in theory): ✓ disabled

Is theory-exact: False
============================================================

UPI-TRM theoretical dials:
  L_z target (rl_cfg.target_Lz): 0.9
  L_V target (rl_cfg.target_Lv): 1.0
  Inner unroll n (rl_cfg.inner_unroll_n): 2
  K-step horizon K (rl_cfg.K): 1
  Mixture alpha (rl_cfg.mixture_alpha): 0.1
  Latent ball radius (rl_cfg.latent_ball_radius): 10.0
  Episodic latent: True
  Exact K-step targets: False
  Exact baseline summation: False

[INFO] STOP action mode: disabled
[INFO] Forward-invariant projection enabled (R=10.0)
[WandB] Disabled by default (enable with: --wandb)
[DEBUG] train_step 0: starting episode collection
[DEBUG] Action mask: 28 valid actions out of 97 total
[DEBUG] Latent mode: episodic
[DEBUG] Episode 0, Step 0: calling _mixed_policy_dist
[DEBUG] Step 0 probs: STOP=0.000000, edits=1.000000
[DEBUG] Top 5 action probs: torch.return_types.topk(
values=tensor([0.0522, 0.0516, 0.0490, 0.0400, 0.0396], device='cuda:0'),
indices=tensor([71, 59, 80, 40, 68], device='cuda:0'))
[DEBUG] Episode 0, Step 0 complete: action=59, reward=-8.0100, done=False
[DEBUG] Episode 0, Step 1: calling _mixed_policy_dist
[DEBUG] Episode 0, Step 1 complete: action=35, reward=-7.9300, done=False
[DEBUG] Episode 0, Step 2: calling _mixed_policy_dist
[DEBUG] Episode 0, Step 2 complete: action=33, reward=2.0500, done=False
[DEBUG] Episode 0, Step 3: calling _mixed_policy_dist
[DEBUG] Episode 0, Step 3 complete: action=69, reward=2.0300, done=False
[DEBUG] Episode 0, Step 4: calling _mixed_policy_dist
[DEBUG] Episode 0, Step 4 complete: action=81, reward=-2.9400, done=False
[DEBUG] Episode 0 finished: 16 steps, done=True, reason=budget
[DEBUG] Episode 1, Step 0: calling _mixed_policy_dist
[DEBUG] Episode 1, Step 0 complete: action=92, reward=-8.0100, done=False
[DEBUG] Episode 1, Step 1: calling _mixed_policy_dist
[DEBUG] Episode 1, Step 1 complete: action=57, reward=0.9800, done=False
[DEBUG] Episode 1, Step 2: calling _mixed_policy_dist
[DEBUG] Episode 1, Step 2 complete: action=57, reward=-0.0200, done=False
[DEBUG] Episode 1, Step 3: calling _mixed_policy_dist
[DEBUG] Episode 1, Step 3 complete: action=71, reward=-3.9800, done=False
[DEBUG] Episode 1, Step 4: calling _mixed_policy_dist
[DEBUG] Episode 1, Step 4 complete: action=3, reward=1.0100, done=False
[DEBUG] Episode 1 finished: 16 steps, done=True, reason=budget
[DEBUG] Episode 2, Step 0: calling _mixed_policy_dist
[DEBUG] Episode 2, Step 0 complete: action=3, reward=-10.9800, done=False
[DEBUG] Episode 2, Step 1: calling _mixed_policy_dist
[DEBUG] Episode 2, Step 1 complete: action=86, reward=1.0100, done=False
[DEBUG] Episode 2, Step 2: calling _mixed_policy_dist
[DEBUG] Episode 2, Step 2 complete: action=2, reward=4.9600, done=False
[DEBUG] Episode 2, Step 3: calling _mixed_policy_dist
[DEBUG] Episode 2, Step 3 complete: action=21, reward=0.9500, done=False
[DEBUG] Episode 2, Step 4: calling _mixed_policy_dist
[DEBUG] Episode 2, Step 4 complete: action=75, reward=0.9400, done=False
[DEBUG] Episode 2 finished: 16 steps, done=True, reason=budget
[DEBUG] Episode 3, Step 0: calling _mixed_policy_dist
[DEBUG] Episode 3, Step 0 complete: action=92, reward=-1.0700, done=False
[DEBUG] Episode 3, Step 1: calling _mixed_policy_dist
[DEBUG] Episode 3, Step 1 complete: action=56, reward=0.9200, done=False
[DEBUG] Episode 3, Step 2: calling _mixed_policy_dist
[DEBUG] Episode 3, Step 2 complete: action=88, reward=-8.0000, done=False
[DEBUG] Episode 3, Step 3: calling _mixed_policy_dist
[DEBUG] Episode 3, Step 3 complete: action=89, reward=4.9500, done=False
[DEBUG] Episode 3, Step 4: calling _mixed_policy_dist
[DEBUG] Episode 3, Step 4 complete: action=77, reward=-1.0400, done=False
[DEBUG] Episode 3 finished: 16 steps, done=True, reason=budget
[DEBUG] train_step 0: episodes collected, starting value_update
[DEBUG] train_step 0: value_update done, starting policy_update
[DEBUG] train_step 0: policy_update done
[DEBUG] train_step 1: starting episode collection
[DEBUG] Episode 4, Step 0: calling _mixed_policy_dist
[DEBUG] Episode 4, Step 0 complete: action=75, reward=0.9100, done=False
[DEBUG] Episode 4, Step 1: calling _mixed_policy_dist
[DEBUG] Episode 4, Step 1 complete: action=65, reward=-8.0100, done=False
[DEBUG] Episode 4, Step 2: calling _mixed_policy_dist
[DEBUG] Episode 4, Step 2 complete: action=17, reward=-4.9600, done=False
[DEBUG] Episode 4, Step 3: calling _mixed_policy_dist
[DEBUG] Episode 4, Step 3 complete: action=15, reward=2.0200, done=False
[DEBUG] Episode 4, Step 4: calling _mixed_policy_dist
[DEBUG] Episode 4, Step 4 complete: action=81, reward=-7.9000, done=False
[DEBUG] Episode 4 finished: 16 steps, done=True, reason=budget
[DEBUG] train_step 1: episodes collected, starting value_update
[DEBUG] train_step 1: value_update done, starting policy_update
[DEBUG] train_step 1: policy_update done
[DEBUG] train_step 2: starting episode collection
[DEBUG] train_step 2: episodes collected, starting value_update
[DEBUG] train_step 2: value_update done, starting policy_update
[DEBUG] train_step 2: policy_update done
[DEBUG] train_step 3: starting episode collection
[DEBUG] train_step 3: episodes collected, starting value_update
[DEBUG] train_step 3: value_update done, starting policy_update
[DEBUG] train_step 3: policy_update done
[DEBUG] train_step 4: starting episode collection
[DEBUG] train_step 4: episodes collected, starting value_update
[DEBUG] train_step 4: value_update done, starting policy_update
[DEBUG] train_step 4: policy_update done
[step 00050] value_loss=27.141438 policy_loss=0.004593
[step 00050] VALUE_DEBUG: target(mean=-1.91 std=5.19 min=-15.92 max=6.83) V(s)(mean=-1.61 std=0.23) reward(mean=-1.669 std=5.255) clip=50.0
[DEBUG] train_step 50: starting episode collection
[DEBUG] train_step 50: episodes collected, starting value_update
[DEBUG] train_step 50: value_update done, starting policy_update
[DEBUG] train_step 50: policy_update done
[step 00100] value_loss=18.410896 policy_loss=1.447825
[step 00100] VALUE_DEBUG: target(mean=-2.14 std=4.31 min=-9.93 max=6.92) V(s)(mean=-2.38 std=0.43) reward(mean=-1.107 std=4.320) clip=50.0
[step 00100] eval_success_rate=0.000 eval_mean_score=5.820 eval_policy_mode=greedy [solved=0/50, score_range=-4.00-11.00/16.0, initial=9.00]
[step 00100] PROGRESS: filled=10.18 violations=1.18 zero_cand=0.40
[step 00100] DEBUG: ep_len=16.0 ep_ret=-30.814 stop_prob=0.000 score_chg=-15.3450
[DEBUG] train_step 100: starting episode collection
[DEBUG] train_step 100: episodes collected, starting value_update
[DEBUG] train_step 100: value_update done, starting policy_update
[DEBUG] train_step 100: policy_update done
[step 00150] value_loss=18.705290 policy_loss=0.241985
[step 00150] VALUE_DEBUG: target(mean=-2.32 std=4.40 min=-13.25 max=5.52) V(s)(mean=-3.24 std=0.56) reward(mean=-0.596 std=4.311) clip=50.0
[DEBUG] train_step 150: starting episode collection
[DEBUG] train_step 150: episodes collected, starting value_update
[DEBUG] train_step 150: value_update done, starting policy_update
[DEBUG] train_step 150: policy_update done
[step 00200] value_loss=20.530491 policy_loss=-0.306337
[step 00200] VALUE_DEBUG: target(mean=-4.73 std=4.40 min=-17.91 max=6.66) V(s)(mean=-4.67 std=0.87) reward(mean=-2.196 std=4.873) clip=50.0
[step 00200] eval_success_rate=0.000 eval_mean_score=7.840 eval_policy_mode=greedy [solved=0/50, score_range=-1.00-11.00/16.0, initial=9.00]
[step 00200] PROGRESS: filled=10.06 violations=0.56 zero_cand=0.22
[step 00200] DEBUG: ep_len=16.0 ep_ret=-29.835 stop_prob=0.000 score_chg=-14.3025
[DEBUG] train_step 200: starting episode collection
[DEBUG] train_step 200: episodes collected, starting value_update
[DEBUG] train_step 200: value_update done, starting policy_update
[DEBUG] train_step 200: policy_update done
[step 00250] value_loss=27.575722 policy_loss=-0.321127
[step 00250] VALUE_DEBUG: target(mean=-5.21 std=5.11 min=-17.98 max=4.67) V(s)(mean=-4.07 std=1.00) reward(mean=-2.242 std=5.852) clip=50.0
[DEBUG] train_step 250: starting episode collection
[DEBUG] train_step 250: episodes collected, starting value_update
[DEBUG] train_step 250: value_update done, starting policy_update
[DEBUG] train_step 250: policy_update done
[step 00300] value_loss=21.052431 policy_loss=-0.340971
[step 00300] VALUE_DEBUG: target(mean=-5.01 std=4.65 min=-14.97 max=4.39) V(s)(mean=-5.85 std=1.06) reward(mean=-0.974 std=4.881) clip=50.0
[step 00300] eval_success_rate=0.000 eval_mean_score=8.860 eval_policy_mode=greedy [solved=0/50, score_range=-3.00-11.00/16.0, initial=9.00]
[step 00300] PROGRESS: filled=10.12 violations=0.38 zero_cand=0.10
[step 00300] DEBUG: ep_len=16.0 ep_ret=-28.705 stop_prob=0.000 score_chg=-12.9550
[DEBUG] train_step 300: starting episode collection
[DEBUG] train_step 300: episodes collected, starting value_update
[DEBUG] train_step 300: value_update done, starting policy_update
[DEBUG] train_step 300: policy_update done
[step 00350] value_loss=33.114624 policy_loss=0.293640
[step 00350] VALUE_DEBUG: target(mean=-7.92 std=5.09 min=-24.92 max=-1.12) V(s)(mean=-5.86 std=1.44) reward(mean=-3.686 std=6.261) clip=50.0
[DEBUG] train_step 350: starting episode collection
[DEBUG] train_step 350: episodes collected, starting value_update
[DEBUG] train_step 350: value_update done, starting policy_update
[DEBUG] train_step 350: policy_update done
[step 00400] value_loss=16.655878 policy_loss=-0.605018
[step 00400] VALUE_DEBUG: target(mean=-6.01 std=4.17 min=-15.96 max=1.96) V(s)(mean=-6.87 std=0.66) reward(mean=-0.858 std=4.481) clip=50.0
[step 00400] eval_success_rate=0.000 eval_mean_score=9.600 eval_policy_mode=greedy [solved=0/50, score_range=-3.00-12.00/16.0, initial=9.00]
[step 00400] PROGRESS: filled=10.02 violations=0.06 zero_cand=0.06
[step 00400] DEBUG: ep_len=16.0 ep_ret=-26.574 stop_prob=0.000 score_chg=-10.5325
[DEBUG] train_step 400: starting episode collection
[DEBUG] train_step 400: episodes collected, starting value_update
[DEBUG] train_step 400: value_update done, starting policy_update
[DEBUG] train_step 400: policy_update done
[step 00450] value_loss=22.661064 policy_loss=-0.755118
[step 00450] VALUE_DEBUG: target(mean=-8.50 std=4.37 min=-20.00 max=-0.65) V(s)(mean=-7.14 std=1.11) reward(mean=-2.641 std=5.504) clip=50.0
[DEBUG] train_step 450: starting episode collection
[DEBUG] train_step 450: episodes collected, starting value_update
[DEBUG] train_step 450: value_update done, starting policy_update
[DEBUG] train_step 450: policy_update done
[step 00500] value_loss=17.504557 policy_loss=-0.538606
[step 00500] VALUE_DEBUG: target(mean=-9.92 std=4.24 min=-21.96 max=-1.48) V(s)(mean=-8.69 std=1.26) reward(mean=-2.811 std=5.441) clip=50.0
[step 00500] eval_success_rate=0.000 eval_mean_score=9.740 eval_policy_mode=greedy [solved=0/50, score_range=5.00-12.00/16.0, initial=9.00]
[step 00500] PROGRESS: filled=10.10 violations=0.08 zero_cand=0.04
[step 00500] DEBUG: ep_len=16.0 ep_ret=-24.259 stop_prob=0.000 score_chg=-7.6975
[DEBUG] train_step 500: starting episode collection
[DEBUG] train_step 500: episodes collected, starting value_update
[DEBUG] train_step 500: value_update done, starting policy_update
[DEBUG] train_step 500: policy_update done
[step 00550] value_loss=19.379898 policy_loss=-0.643124
[step 00550] VALUE_DEBUG: target(mean=-9.17 std=4.25 min=-18.04 max=-1.17) V(s)(mean=-9.08 std=1.27) reward(mean=-2.820 std=6.703) clip=50.0
[DEBUG] train_step 550: starting episode collection
[DEBUG] train_step 550: episodes collected, starting value_update
[DEBUG] train_step 550: value_update done, starting policy_update
[DEBUG] train_step 550: policy_update done
[step 00600] value_loss=15.942940 policy_loss=-0.420186
[step 00600] VALUE_DEBUG: target(mean=-9.71 std=3.72 min=-17.56 max=-1.65) V(s)(mean=-10.41 std=1.03) reward(mean=-1.629 std=4.461) clip=50.0
[step 00600] eval_success_rate=0.000 eval_mean_score=9.980 eval_policy_mode=greedy [solved=0/50, score_range=7.00-11.00/16.0, initial=9.00]
[step 00600] PROGRESS: filled=10.06 violations=0.04 zero_cand=0.00
[step 00600] DEBUG: ep_len=16.0 ep_ret=-21.925 stop_prob=0.000 score_chg=-5.0550
[DEBUG] train_step 600: starting episode collection
[DEBUG] train_step 600: episodes collected, starting value_update
[DEBUG] train_step 600: value_update done, starting policy_update
[DEBUG] train_step 600: policy_update done
[step 00650] value_loss=13.877639 policy_loss=-0.660575
[step 00650] VALUE_DEBUG: target(mean=-11.13 std=4.17 min=-19.04 max=0.88) V(s)(mean=-10.43 std=1.47) reward(mean=-3.271 std=5.644) clip=50.0
[DEBUG] train_step 650: starting episode collection
[DEBUG] train_step 650: episodes collected, starting value_update
[DEBUG] train_step 650: value_update done, starting policy_update
[DEBUG] train_step 650: policy_update done
[step 00700] value_loss=17.032871 policy_loss=1.493585
[step 00700] VALUE_DEBUG: target(mean=-11.75 std=4.33 min=-22.07 max=-4.40) V(s)(mean=-10.53 std=1.56) reward(mean=-2.787 std=4.529) clip=50.0
[step 00700] eval_success_rate=0.000 eval_mean_score=10.060 eval_policy_mode=greedy [solved=0/50, score_range=9.00-12.00/16.0, initial=9.00]
[step 00700] PROGRESS: filled=10.06 violations=0.00 zero_cand=0.00
[step 00700] DEBUG: ep_len=16.0 ep_ret=-19.967 stop_prob=0.000 score_chg=-2.8425
[DEBUG] train_step 700: starting episode collection
[DEBUG] train_step 700: episodes collected, starting value_update
[DEBUG] train_step 700: value_update done, starting policy_update
[DEBUG] train_step 700: policy_update done
[step 00750] value_loss=11.518937 policy_loss=-0.377128
[step 00750] VALUE_DEBUG: target(mean=-10.22 std=3.73 min=-19.15 max=-1.26) V(s)(mean=-10.36 std=0.99) reward(mean=-1.088 std=4.313) clip=50.0
[DEBUG] train_step 750: starting episode collection
[DEBUG] train_step 750: episodes collected, starting value_update
[DEBUG] train_step 750: value_update done, starting policy_update
[DEBUG] train_step 750: policy_update done
[step 00800] value_loss=7.975965 policy_loss=-0.307957
[step 00800] VALUE_DEBUG: target(mean=-10.44 std=3.26 min=-17.24 max=-3.56) V(s)(mean=-10.72 std=1.46) reward(mean=-0.803 std=3.688) clip=50.0
[step 00800] eval_success_rate=0.000 eval_mean_score=10.020 eval_policy_mode=greedy [solved=0/50, score_range=9.00-12.00/16.0, initial=9.00]
[step 00800] PROGRESS: filled=10.02 violations=0.00 zero_cand=0.00
[step 00800] DEBUG: ep_len=15.9 ep_ret=-18.991 stop_prob=0.000 score_chg=-1.9025
[DEBUG] train_step 800: starting episode collection
[DEBUG] train_step 800: episodes collected, starting value_update
[DEBUG] train_step 800: value_update done, starting policy_update
[DEBUG] train_step 800: policy_update done
[step 00850] value_loss=6.427690 policy_loss=-0.183665
[step 00850] VALUE_DEBUG: target(mean=-10.64 std=2.66 min=-15.60 max=-2.38) V(s)(mean=-11.25 std=1.69) reward(mean=-0.489 std=2.208) clip=50.0
[DEBUG] train_step 850: starting episode collection
[DEBUG] train_step 850: episodes collected, starting value_update
[DEBUG] train_step 850: value_update done, starting policy_update
[DEBUG] train_step 850: policy_update done
[step 00900] value_loss=7.490508 policy_loss=0.463089
[step 00900] VALUE_DEBUG: target(mean=-11.51 std=3.19 min=-18.97 max=-5.54) V(s)(mean=-11.49 std=1.50) reward(mean=-0.939 std=4.765) clip=50.0
[step 00900] eval_success_rate=0.000 eval_mean_score=9.960 eval_policy_mode=greedy [solved=0/50, score_range=8.00-12.00/16.0, initial=9.00]
[step 00900] PROGRESS: filled=10.04 violations=0.04 zero_cand=0.00
[step 00900] DEBUG: ep_len=16.0 ep_ret=-18.872 stop_prob=0.000 score_chg=-1.6425
[DEBUG] train_step 900: starting episode collection
[DEBUG] train_step 900: episodes collected, starting value_update
[DEBUG] train_step 900: value_update done, starting policy_update
[DEBUG] train_step 900: policy_update done
[step 00950] value_loss=16.071133 policy_loss=-0.412920
[step 00950] VALUE_DEBUG: target(mean=-12.85 std=4.01 min=-21.01 max=-6.41) V(s)(mean=-12.01 std=1.44) reward(mean=-2.891 std=5.742) clip=50.0
[DEBUG] train_step 950: starting episode collection
[DEBUG] train_step 950: episodes collected, starting value_update
[DEBUG] train_step 950: value_update done, starting policy_update
[DEBUG] train_step 950: policy_update done
[step 01000] value_loss=9.044308 policy_loss=0.180056
[step 01000] VALUE_DEBUG: target(mean=-12.97 std=3.34 min=-20.48 max=-6.27) V(s)(mean=-12.58 std=1.41) reward(mean=-1.321 std=2.917) clip=50.0
[step 01000] eval_success_rate=0.000 eval_mean_score=10.020 eval_policy_mode=greedy [solved=0/50, score_range=8.00-12.00/16.0, initial=9.00]
[step 01000] PROGRESS: filled=10.10 violations=0.04 zero_cand=0.00
[step 01000] DEBUG: ep_len=16.0 ep_ret=-18.130 stop_prob=0.000 score_chg=-0.7700
[Checkpoint] Saved to buiksat_trm/checkpoints/table3_hard_6to8_controlled_nomask_nc_r10_s6/rl_checkpoint_step_1000.pt
[DEBUG] train_step 1000: starting episode collection
[DEBUG] train_step 1000: episodes collected, starting value_update
[DEBUG] train_step 1000: value_update done, starting policy_update
[DEBUG] train_step 1000: policy_update done
[step 01050] value_loss=10.695486 policy_loss=0.108649
[step 01050] VALUE_DEBUG: target(mean=-13.28 std=3.19 min=-21.92 max=-7.37) V(s)(mean=-12.81 std=1.32) reward(mean=-1.597 std=4.620) clip=50.0
[DEBUG] train_step 1050: starting episode collection
[DEBUG] train_step 1050: episodes collected, starting value_update
[DEBUG] train_step 1050: value_update done, starting policy_update
[DEBUG] train_step 1050: policy_update done
[step 01100] value_loss=8.740545 policy_loss=0.830424
[step 01100] VALUE_DEBUG: target(mean=-13.30 std=2.74 min=-20.77 max=-7.62) V(s)(mean=-12.31 std=1.29) reward(mean=-2.318 std=5.109) clip=50.0
[step 01100] eval_success_rate=0.000 eval_mean_score=9.980 eval_policy_mode=greedy [solved=0/50, score_range=8.00-11.00/16.0, initial=9.00]
[step 01100] PROGRESS: filled=10.06 violations=0.04 zero_cand=0.00
[step 01100] DEBUG: ep_len=15.9 ep_ret=-17.738 stop_prob=0.000 score_chg=-0.6350
[DEBUG] train_step 1100: starting episode collection
[DEBUG] train_step 1100: episodes collected, starting value_update
[DEBUG] train_step 1100: value_update done, starting policy_update
[DEBUG] train_step 1100: policy_update done
[step 01150] value_loss=20.639126 policy_loss=1.093283
[step 01150] VALUE_DEBUG: target(mean=-12.82 std=5.04 min=-26.59 max=-0.48) V(s)(mean=-13.09 std=1.43) reward(mean=-1.167 std=5.659) clip=50.0
[DEBUG] train_step 1150: starting episode collection
[DEBUG] train_step 1150: episodes collected, starting value_update
[DEBUG] train_step 1150: value_update done, starting policy_update
[DEBUG] train_step 1150: policy_update done
[step 01200] value_loss=10.741919 policy_loss=0.513608
[step 01200] VALUE_DEBUG: target(mean=-12.68 std=3.52 min=-22.93 max=-3.48) V(s)(mean=-13.68 std=1.36) reward(mean=-0.072 std=3.313) clip=50.0
[step 01200] eval_success_rate=0.000 eval_mean_score=10.200 eval_policy_mode=greedy [solved=0/50, score_range=9.00-12.00/16.0, initial=9.00]
[step 01200] PROGRESS: filled=10.20 violations=0.00 zero_cand=0.00
[step 01200] DEBUG: ep_len=16.0 ep_ret=-17.313 stop_prob=0.000 score_chg=-0.0375
[DEBUG] train_step 1200: starting episode collection
[DEBUG] train_step 1200: episodes collected, starting value_update
[DEBUG] train_step 1200: value_update done, starting policy_update
[DEBUG] train_step 1200: policy_update done
[step 01250] value_loss=6.384991 policy_loss=0.514454
[step 01250] VALUE_DEBUG: target(mean=-13.84 std=2.91 min=-22.02 max=-9.82) V(s)(mean=-13.25 std=1.53) reward(mean=-1.974 std=4.263) clip=50.0
[DEBUG] train_step 1250: starting episode collection
[DEBUG] train_step 1250: episodes collected, starting value_update
[DEBUG] train_step 1250: value_update done, starting policy_update
[DEBUG] train_step 1250: policy_update done
[step 01300] value_loss=6.564201 policy_loss=0.430659
[step 01300] VALUE_DEBUG: target(mean=-13.20 std=2.77 min=-24.00 max=-8.86) V(s)(mean=-13.22 std=1.40) reward(mean=-1.185 std=5.174) clip=50.0
[step 01300] eval_success_rate=0.000 eval_mean_score=10.180 eval_policy_mode=greedy [solved=0/50, score_range=9.00-12.00/16.0, initial=9.00]
[step 01300] PROGRESS: filled=10.18 violations=0.00 zero_cand=0.00
[step 01300] DEBUG: ep_len=15.9 ep_ret=-17.308 stop_prob=0.000 score_chg=-0.2425
[DEBUG] train_step 1300: starting episode collection
[DEBUG] train_step 1300: episodes collected, starting value_update
[DEBUG] train_step 1300: value_update done, starting policy_update
[DEBUG] train_step 1300: policy_update done
[step 01350] value_loss=7.632930 policy_loss=0.697831
[step 01350] VALUE_DEBUG: target(mean=-13.57 std=3.23 min=-20.53 max=-5.00) V(s)(mean=-13.01 std=1.54) reward(mean=-0.756 std=3.720) clip=50.0
[DEBUG] train_step 1350: starting episode collection
[DEBUG] train_step 1350: episodes collected, starting value_update
[DEBUG] train_step 1350: value_update done, starting policy_update
[DEBUG] train_step 1350: policy_update done
[step 01400] value_loss=5.015467 policy_loss=0.334279
[step 01400] VALUE_DEBUG: target(mean=-13.82 std=2.62 min=-23.72 max=-9.03) V(s)(mean=-13.46 std=1.46) reward(mean=-1.848 std=4.922) clip=50.0
[step 01400] eval_success_rate=0.000 eval_mean_score=10.120 eval_policy_mode=greedy [solved=0/50, score_range=9.00-12.00/16.0, initial=9.00]
[step 01400] PROGRESS: filled=10.12 violations=0.00 zero_cand=0.00
[step 01400] DEBUG: ep_len=15.9 ep_ret=-16.760 stop_prob=0.000 score_chg=0.3450
[DEBUG] train_step 1400: starting episode collection
[DEBUG] train_step 1400: episodes collected, starting value_update
[DEBUG] train_step 1400: value_update done, starting policy_update
[DEBUG] train_step 1400: policy_update done
[step 01450] value_loss=11.501553 policy_loss=1.303883
[step 01450] VALUE_DEBUG: target(mean=-13.63 std=3.64 min=-21.80 max=-5.58) V(s)(mean=-13.92 std=1.56) reward(mean=-1.277 std=5.767) clip=50.0
[DEBUG] train_step 1450: starting episode collection
[DEBUG] train_step 1450: episodes collected, starting value_update
[DEBUG] train_step 1450: value_update done, starting policy_update
[DEBUG] train_step 1450: policy_update done
[step 01500] value_loss=7.262887 policy_loss=0.293211
[step 01500] VALUE_DEBUG: target(mean=-14.87 std=2.60 min=-22.51 max=-10.82) V(s)(mean=-14.48 std=1.20) reward(mean=-2.059 std=5.221) clip=50.0
[step 01500] eval_success_rate=0.000 eval_mean_score=10.140 eval_policy_mode=greedy [solved=0/50, score_range=9.00-12.00/16.0, initial=9.00]
[step 01500] PROGRESS: filled=10.14 violations=0.00 zero_cand=0.00
[step 01500] DEBUG: ep_len=16.0 ep_ret=-17.010 stop_prob=0.000 score_chg=0.0775
[DEBUG] train_step 1500: starting episode collection
[DEBUG] train_step 1500: episodes collected, starting value_update
[DEBUG] train_step 1500: value_update done, starting policy_update
[DEBUG] train_step 1500: policy_update done
[step 01550] value_loss=3.658102 policy_loss=1.619658
[step 01550] VALUE_DEBUG: target(mean=-14.16 std=2.28 min=-23.50 max=-10.98) V(s)(mean=-14.71 std=1.17) reward(mean=-0.088 std=2.018) clip=50.0
[DEBUG] train_step 1550: starting episode collection
[DEBUG] train_step 1550: episodes collected, starting value_update
[DEBUG] train_step 1550: value_update done, starting policy_update
[DEBUG] train_step 1550: policy_update done
[step 01600] value_loss=10.434872 policy_loss=1.261971
[step 01600] VALUE_DEBUG: target(mean=-14.48 std=3.52 min=-23.98 max=-7.14) V(s)(mean=-13.98 std=1.36) reward(mean=-1.147 std=4.757) clip=50.0
[step 01600] eval_success_rate=0.000 eval_mean_score=10.160 eval_policy_mode=greedy [solved=0/50, score_range=9.00-12.00/16.0, initial=9.00]
[step 01600] PROGRESS: filled=10.16 violations=0.00 zero_cand=0.00
[step 01600] DEBUG: ep_len=15.9 ep_ret=-16.532 stop_prob=0.000 score_chg=0.7750
[DEBUG] train_step 1600: starting episode collection
[DEBUG] train_step 1600: episodes collected, starting value_update
[DEBUG] train_step 1600: value_update done, starting policy_update
[DEBUG] train_step 1600: policy_update done
[step 01650] value_loss=14.021641 policy_loss=-0.145901
[step 01650] VALUE_DEBUG: target(mean=-13.31 std=3.69 min=-21.02 max=1.84) V(s)(mean=-14.22 std=1.07) reward(mean=0.230 std=2.219) clip=50.0
[DEBUG] train_step 1650: starting episode collection
[DEBUG] train_step 1650: episodes collected, starting value_update
[DEBUG] train_step 1650: value_update done, starting policy_update
[DEBUG] train_step 1650: policy_update done
[step 01700] value_loss=6.321798 policy_loss=0.122948
[step 01700] VALUE_DEBUG: target(mean=-14.38 std=2.60 min=-22.25 max=-5.54) V(s)(mean=-14.59 std=1.28) reward(mean=-1.083 std=4.487) clip=50.0
[step 01700] eval_success_rate=0.000 eval_mean_score=10.420 eval_policy_mode=greedy [solved=0/50, score_range=9.00-12.00/16.0, initial=9.00]
[step 01700] PROGRESS: filled=10.42 violations=0.00 zero_cand=0.00
[step 01700] DEBUG: ep_len=15.9 ep_ret=-16.325 stop_prob=0.000 score_chg=0.8075
[DEBUG] train_step 1700: starting episode collection
[DEBUG] train_step 1700: episodes collected, starting value_update
[DEBUG] train_step 1700: value_update done, starting policy_update
[DEBUG] train_step 1700: policy_update done
[step 01750] value_loss=3.041332 policy_loss=0.309507
[step 01750] VALUE_DEBUG: target(mean=-14.65 std=2.05 min=-21.63 max=-10.09) V(s)(mean=-14.75 std=1.12) reward(mean=-0.858 std=3.610) clip=50.0
[DEBUG] train_step 1750: starting episode collection
[DEBUG] train_step 1750: episodes collected, starting value_update
[DEBUG] train_step 1750: value_update done, starting policy_update
[DEBUG] train_step 1750: policy_update done
[step 01800] value_loss=6.475351 policy_loss=-0.003130
[step 01800] VALUE_DEBUG: target(mean=-15.24 std=2.46 min=-22.03 max=-10.02) V(s)(mean=-15.55 std=1.28) reward(mean=-1.928 std=5.635) clip=50.0
[step 01800] eval_success_rate=0.000 eval_mean_score=10.380 eval_policy_mode=greedy [solved=0/50, score_range=9.00-12.00/16.0, initial=9.00]
[step 01800] PROGRESS: filled=10.38 violations=0.00 zero_cand=0.00
[step 01800] DEBUG: ep_len=15.9 ep_ret=-16.360 stop_prob=0.000 score_chg=0.6900
[DEBUG] train_step 1800: starting episode collection
[DEBUG] train_step 1800: episodes collected, starting value_update
[DEBUG] train_step 1800: value_update done, starting policy_update
[DEBUG] train_step 1800: policy_update done
[step 01850] value_loss=4.334615 policy_loss=0.018717
[step 01850] VALUE_DEBUG: target(mean=-15.24 std=2.37 min=-23.27 max=-12.15) V(s)(mean=-15.04 std=0.97) reward(mean=-2.453 std=5.329) clip=50.0
[DEBUG] train_step 1850: starting episode collection
[DEBUG] train_step 1850: episodes collected, starting value_update
[DEBUG] train_step 1850: value_update done, starting policy_update
[DEBUG] train_step 1850: policy_update done
[step 01900] value_loss=4.987947 policy_loss=1.444278
[step 01900] VALUE_DEBUG: target(mean=-14.88 std=2.23 min=-21.21 max=-10.28) V(s)(mean=-15.07 std=1.07) reward(mean=-1.007 std=3.470) clip=50.0
[step 01900] eval_success_rate=0.000 eval_mean_score=10.240 eval_policy_mode=greedy [solved=0/50, score_range=9.00-13.00/16.0, initial=9.00]
[step 01900] PROGRESS: filled=10.24 violations=0.00 zero_cand=0.00
[step 01900] DEBUG: ep_len=15.9 ep_ret=-16.242 stop_prob=0.000 score_chg=0.5500
[DEBUG] train_step 1900: starting episode collection
[DEBUG] train_step 1900: episodes collected, starting value_update
[DEBUG] train_step 1900: value_update done, starting policy_update
[DEBUG] train_step 1900: policy_update done
[step 01950] value_loss=6.223570 policy_loss=0.979262
[step 01950] VALUE_DEBUG: target(mean=-15.20 std=2.52 min=-22.07 max=-11.63) V(s)(mean=-15.74 std=1.08) reward(mean=-1.258 std=5.343) clip=50.0
[DEBUG] train_step 1950: starting episode collection
[DEBUG] train_step 1950: episodes collected, starting value_update
[DEBUG] train_step 1950: value_update done, starting policy_update
[DEBUG] train_step 1950: policy_update done
[step 02000] value_loss=3.937830 policy_loss=0.285050
[step 02000] VALUE_DEBUG: target(mean=-15.09 std=2.23 min=-25.03 max=-12.32) V(s)(mean=-14.73 std=1.05) reward(mean=-1.940 std=4.964) clip=50.0
[step 02000] eval_success_rate=0.000 eval_mean_score=10.360 eval_policy_mode=greedy [solved=0/50, score_range=9.00-12.00/16.0, initial=9.00]
[step 02000] PROGRESS: filled=10.36 violations=0.00 zero_cand=0.00
[step 02000] DEBUG: ep_len=15.9 ep_ret=-15.957 stop_prob=0.000 score_chg=0.9150
[Checkpoint] Saved to buiksat_trm/checkpoints/table3_hard_6to8_controlled_nomask_nc_r10_s6/rl_checkpoint_step_2000.pt
[DEBUG] train_step 2000: starting episode collection
[DEBUG] train_step 2000: episodes collected, starting value_update
[DEBUG] train_step 2000: value_update done, starting policy_update
[DEBUG] train_step 2000: policy_update done
[step 02050] value_loss=3.387215 policy_loss=0.165474
[step 02050] VALUE_DEBUG: target(mean=-15.02 std=1.93 min=-22.57 max=-10.22) V(s)(mean=-15.02 std=0.94) reward(mean=-0.589 std=3.354) clip=50.0
[DEBUG] train_step 2050: starting episode collection
[DEBUG] train_step 2050: episodes collected, starting value_update
[DEBUG] train_step 2050: value_update done, starting policy_update
[DEBUG] train_step 2050: policy_update done
[step 02100] value_loss=5.797813 policy_loss=0.413466
[step 02100] VALUE_DEBUG: target(mean=-14.23 std=2.69 min=-23.96 max=-5.92) V(s)(mean=-14.22 std=0.97) reward(mean=-0.580 std=4.608) clip=50.0
[step 02100] eval_success_rate=0.000 eval_mean_score=10.540 eval_policy_mode=greedy [solved=0/50, score_range=9.00-12.00/16.0, initial=9.00]
[step 02100] PROGRESS: filled=10.54 violations=0.00 zero_cand=0.00
[step 02100] DEBUG: ep_len=15.8 ep_ret=-15.659 stop_prob=0.000 score_chg=1.1975
[DEBUG] train_step 2100: starting episode collection
[DEBUG] train_step 2100: episodes collected, starting value_update
[DEBUG] train_step 2100: value_update done, starting policy_update
[DEBUG] train_step 2100: policy_update done
[step 02150] value_loss=16.395403 policy_loss=0.317402
[step 02150] VALUE_DEBUG: target(mean=-13.75 std=4.03 min=-21.02 max=6.84) V(s)(mean=-14.80 std=1.00) reward(mean=-0.603 std=4.307) clip=50.0
[DEBUG] train_step 2150: starting episode collection
[DEBUG] train_step 2150: episodes collected, starting value_update
[DEBUG] train_step 2150: value_update done, starting policy_update
[DEBUG] train_step 2150: policy_update done
[step 02200] value_loss=8.018345 policy_loss=1.104558
[step 02200] VALUE_DEBUG: target(mean=-13.87 std=2.81 min=-21.75 max=-4.74) V(s)(mean=-14.65 std=1.14) reward(mean=0.215 std=3.964) clip=50.0
[step 02200] eval_success_rate=0.000 eval_mean_score=10.800 eval_policy_mode=greedy [solved=0/50, score_range=9.00-12.00/16.0, initial=9.00]
[step 02200] PROGRESS: filled=10.80 violations=0.00 zero_cand=0.00
[step 02200] DEBUG: ep_len=15.8 ep_ret=-15.359 stop_prob=0.000 score_chg=1.3075
[DEBUG] train_step 2200: starting episode collection
[DEBUG] train_step 2200: episodes collected, starting value_update
[DEBUG] train_step 2200: value_update done, starting policy_update
[DEBUG] train_step 2200: policy_update done
[step 02250] value_loss=18.449228 policy_loss=0.086348
[step 02250] VALUE_DEBUG: target(mean=-13.68 std=4.51 min=-20.52 max=6.84) V(s)(mean=-14.33 std=1.21) reward(mean=0.094 std=3.701) clip=50.0
[DEBUG] train_step 2250: starting episode collection
[DEBUG] train_step 2250: episodes collected, starting value_update
[DEBUG] train_step 2250: value_update done, starting policy_update
[DEBUG] train_step 2250: policy_update done
[step 02300] value_loss=2.290308 policy_loss=1.819668
[step 02300] VALUE_DEBUG: target(mean=-14.13 std=1.91 min=-19.46 max=-8.12) V(s)(mean=-14.75 std=1.39) reward(mean=0.232 std=1.566) clip=50.0
[step 02300] eval_success_rate=0.000 eval_mean_score=10.640 eval_policy_mode=greedy [solved=0/50, score_range=9.00-13.00/16.0, initial=9.00]
[step 02300] PROGRESS: filled=10.64 violations=0.00 zero_cand=0.00
[step 02300] DEBUG: ep_len=15.8 ep_ret=-15.025 stop_prob=0.000 score_chg=1.5350
[DEBUG] train_step 2300: starting episode collection
[DEBUG] train_step 2300: episodes collected, starting value_update
[DEBUG] train_step 2300: value_update done, starting policy_update
[DEBUG] train_step 2300: policy_update done
[step 02350] value_loss=12.442541 policy_loss=1.070220
[step 02350] VALUE_DEBUG: target(mean=-14.54 std=3.84 min=-22.43 max=0.39) V(s)(mean=-14.87 std=1.74) reward(mean=-1.059 std=5.218) clip=50.0
[DEBUG] train_step 2350: starting episode collection
[DEBUG] train_step 2350: episodes collected, starting value_update
[DEBUG] train_step 2350: value_update done, starting policy_update
[DEBUG] train_step 2350: policy_update done
[step 02400] value_loss=4.658575 policy_loss=0.201592
[step 02400] VALUE_DEBUG: target(mean=-14.95 std=2.47 min=-25.04 max=-8.83) V(s)(mean=-14.51 std=1.12) reward(mean=-2.561 std=6.852) clip=50.0
[step 02400] eval_success_rate=0.000 eval_mean_score=10.960 eval_policy_mode=greedy [solved=0/50, score_range=9.00-14.00/16.0, initial=9.00]
[step 02400] PROGRESS: filled=10.96 violations=0.00 zero_cand=0.00
[step 02400] DEBUG: ep_len=15.7 ep_ret=-14.306 stop_prob=0.000 score_chg=1.6625
[DEBUG] train_step 2400: starting episode collection
[DEBUG] train_step 2400: episodes collected, starting value_update
[DEBUG] train_step 2400: value_update done, starting policy_update
[DEBUG] train_step 2400: policy_update done
[step 02450] value_loss=3.451754 policy_loss=-0.312773
[step 02450] VALUE_DEBUG: target(mean=-14.89 std=1.73 min=-20.89 max=-11.02) V(s)(mean=-14.42 std=1.39) reward(mean=-0.722 std=3.230) clip=50.0
[DEBUG] train_step 2450: starting episode collection
[DEBUG] train_step 2450: episodes collected, starting value_update
[DEBUG] train_step 2450: value_update done, starting policy_update
[DEBUG] train_step 2450: policy_update done
[step 02500] value_loss=7.419999 policy_loss=-0.022797
[step 02500] VALUE_DEBUG: target(mean=-14.48 std=2.98 min=-22.08 max=-5.14) V(s)(mean=-14.41 std=1.09) reward(mean=-1.856 std=6.659) clip=50.0
[step 02500] eval_success_rate=0.000 eval_mean_score=11.020 eval_policy_mode=greedy [solved=0/50, score_range=9.00-14.00/16.0, initial=9.00]
[step 02500] PROGRESS: filled=11.02 violations=0.00 zero_cand=0.00
[step 02500] DEBUG: ep_len=15.7 ep_ret=-14.239 stop_prob=0.000 score_chg=2.0075
[DEBUG] train_step 2500: starting episode collection
[DEBUG] train_step 2500: episodes collected, starting value_update
[DEBUG] train_step 2500: value_update done, starting policy_update
[DEBUG] train_step 2500: policy_update done
[step 02550] value_loss=5.271362 policy_loss=-0.162384
[step 02550] VALUE_DEBUG: target(mean=-15.01 std=2.60 min=-22.19 max=-8.74) V(s)(mean=-14.80 std=1.22) reward(mean=-1.155 std=4.471) clip=50.0
[DEBUG] train_step 2550: starting episode collection
[DEBUG] train_step 2550: episodes collected, starting value_update
[DEBUG] train_step 2550: value_update done, starting policy_update
[DEBUG] train_step 2550: policy_update done
[step 02600] value_loss=8.271112 policy_loss=1.504442
[step 02600] VALUE_DEBUG: target(mean=-14.34 std=3.20 min=-22.82 max=-5.19) V(s)(mean=-14.45 std=1.16) reward(mean=-0.904 std=4.787) clip=50.0
[step 02600] eval_success_rate=0.000 eval_mean_score=11.080 eval_policy_mode=greedy [solved=0/50, score_range=9.00-14.00/16.0, initial=9.00]
[step 02600] PROGRESS: filled=11.08 violations=0.00 zero_cand=0.00
[step 02600] DEBUG: ep_len=15.8 ep_ret=-14.610 stop_prob=0.000 score_chg=1.9275
[DEBUG] train_step 2600: starting episode collection
[DEBUG] train_step 2600: episodes collected, starting value_update
[DEBUG] train_step 2600: value_update done, starting policy_update
[DEBUG] train_step 2600: policy_update done
[step 02650] value_loss=3.051158 policy_loss=0.604569
[step 02650] VALUE_DEBUG: target(mean=-14.35 std=2.11 min=-20.52 max=-8.68) V(s)(mean=-14.39 std=1.03) reward(mean=-1.597 std=5.737) clip=50.0
[DEBUG] train_step 2650: starting episode collection
[DEBUG] train_step 2650: episodes collected, starting value_update
[DEBUG] train_step 2650: value_update done, starting policy_update
[DEBUG] train_step 2650: policy_update done
[step 02700] value_loss=5.317879 policy_loss=0.601573
[step 02700] VALUE_DEBUG: target(mean=-15.40 std=2.29 min=-22.49 max=-11.95) V(s)(mean=-14.81 std=1.31) reward(mean=-1.528 std=4.412) clip=50.0
[step 02700] eval_success_rate=0.000 eval_mean_score=11.140 eval_policy_mode=greedy [solved=0/50, score_range=9.00-13.00/16.0, initial=9.00]
[step 02700] PROGRESS: filled=11.14 violations=0.00 zero_cand=0.00
[step 02700] DEBUG: ep_len=15.9 ep_ret=-15.195 stop_prob=0.000 score_chg=1.7450
[DEBUG] train_step 2700: starting episode collection
[DEBUG] train_step 2700: episodes collected, starting value_update
[DEBUG] train_step 2700: value_update done, starting policy_update
[DEBUG] train_step 2700: policy_update done
[step 02750] value_loss=6.702018 policy_loss=0.617149
[step 02750] VALUE_DEBUG: target(mean=-14.73 std=2.69 min=-23.58 max=-7.14) V(s)(mean=-14.74 std=1.20) reward(mean=-1.687 std=4.440) clip=50.0
[DEBUG] train_step 2750: starting episode collection
[DEBUG] train_step 2750: episodes collected, starting value_update
[DEBUG] train_step 2750: value_update done, starting policy_update
[DEBUG] train_step 2750: policy_update done
[step 02800] value_loss=3.411068 policy_loss=0.586927
[step 02800] VALUE_DEBUG: target(mean=-14.86 std=2.15 min=-20.20 max=-6.55) V(s)(mean=-15.71 std=1.39) reward(mean=-0.319 std=3.234) clip=50.0
[step 02800] eval_success_rate=0.000 eval_mean_score=11.140 eval_policy_mode=greedy [solved=0/50, score_range=9.00-13.00/16.0, initial=9.00]
[step 02800] PROGRESS: filled=11.14 violations=0.00 zero_cand=0.00
[step 02800] DEBUG: ep_len=15.8 ep_ret=-14.771 stop_prob=0.000 score_chg=1.8025
[DEBUG] train_step 2800: starting episode collection
[DEBUG] train_step 2800: episodes collected, starting value_update
[DEBUG] train_step 2800: value_update done, starting policy_update
[DEBUG] train_step 2800: policy_update done
[step 02850] value_loss=6.164367 policy_loss=1.172045
[step 02850] VALUE_DEBUG: target(mean=-15.30 std=2.79 min=-21.07 max=-10.14) V(s)(mean=-14.79 std=2.11) reward(mean=-2.697 std=6.048) clip=50.0
[DEBUG] train_step 2850: starting episode collection
[DEBUG] train_step 2850: episodes collected, starting value_update
[DEBUG] train_step 2850: value_update done, starting policy_update
[DEBUG] train_step 2850: policy_update done
[step 02900] value_loss=18.137268 policy_loss=0.399193
[step 02900] VALUE_DEBUG: target(mean=-13.93 std=4.33 min=-22.09 max=6.84) V(s)(mean=-14.36 std=1.11) reward(mean=-0.443 std=4.234) clip=50.0
[step 02900] eval_success_rate=0.000 eval_mean_score=11.560 eval_policy_mode=greedy [solved=0/50, score_range=9.00-15.00/16.0, initial=9.00]
[step 02900] PROGRESS: filled=11.56 violations=0.00 zero_cand=0.00
[step 02900] DEBUG: ep_len=15.7 ep_ret=-14.912 stop_prob=0.000 score_chg=1.7800
[DEBUG] train_step 2900: starting episode collection
[DEBUG] train_step 2900: episodes collected, starting value_update
[DEBUG] train_step 2900: value_update done, starting policy_update
[DEBUG] train_step 2900: policy_update done
[step 02950] value_loss=3.864431 policy_loss=0.013393
[step 02950] VALUE_DEBUG: target(mean=-14.44 std=2.89 min=-28.16 max=-11.22) V(s)(mean=-14.29 std=1.65) reward(mean=-0.636 std=3.426) clip=50.0
[DEBUG] train_step 2950: starting episode collection
[DEBUG] train_step 2950: episodes collected, starting value_update
[DEBUG] train_step 2950: value_update done, starting policy_update
[DEBUG] train_step 2950: policy_update done
[step 03000] value_loss=6.967884 policy_loss=0.769158
[step 03000] VALUE_DEBUG: target(mean=-15.58 std=2.87 min=-23.25 max=-10.60) V(s)(mean=-14.63 std=1.27) reward(mean=-1.919 std=4.400) clip=50.0
[step 03000] eval_success_rate=0.000 eval_mean_score=11.680 eval_policy_mode=greedy [solved=0/50, score_range=9.00-14.00/16.0, initial=9.00]
[step 03000] PROGRESS: filled=11.68 violations=0.00 zero_cand=0.00
[step 03000] DEBUG: ep_len=15.7 ep_ret=-14.896 stop_prob=0.000 score_chg=1.5075
[Checkpoint] Saved to buiksat_trm/checkpoints/table3_hard_6to8_controlled_nomask_nc_r10_s6/rl_checkpoint_step_3000.pt
[DEBUG] train_step 3000: starting episode collection
[DEBUG] train_step 3000: episodes collected, starting value_update
[DEBUG] train_step 3000: value_update done, starting policy_update
[DEBUG] train_step 3000: policy_update done
[step 03050] value_loss=4.699309 policy_loss=0.358491
[step 03050] VALUE_DEBUG: target(mean=-14.32 std=2.38 min=-22.99 max=-10.28) V(s)(mean=-14.61 std=1.59) reward(mean=-0.759 std=5.052) clip=50.0
[DEBUG] train_step 3050: starting episode collection
[DEBUG] train_step 3050: episodes collected, starting value_update
[DEBUG] train_step 3050: value_update done, starting policy_update
[DEBUG] train_step 3050: policy_update done
[step 03100] value_loss=3.819641 policy_loss=-0.048071
[step 03100] VALUE_DEBUG: target(mean=-14.60 std=2.47 min=-22.39 max=-10.79) V(s)(mean=-14.00 std=1.54) reward(mean=-1.635 std=4.968) clip=50.0
[step 03100] eval_success_rate=0.000 eval_mean_score=11.480 eval_policy_mode=greedy [solved=0/50, score_range=9.00-14.00/16.0, initial=9.00]
[step 03100] PROGRESS: filled=11.48 violations=0.00 zero_cand=0.00
[step 03100] DEBUG: ep_len=15.8 ep_ret=-14.332 stop_prob=0.000 score_chg=2.1125
[DEBUG] train_step 3100: starting episode collection
[DEBUG] train_step 3100: episodes collected, starting value_update
[DEBUG] train_step 3100: value_update done, starting policy_update
[DEBUG] train_step 3100: policy_update done
[step 03150] value_loss=10.075227 policy_loss=0.131989
[step 03150] VALUE_DEBUG: target(mean=-14.76 std=2.98 min=-23.69 max=-8.21) V(s)(mean=-14.01 std=1.61) reward(mean=-0.856 std=4.059) clip=50.0
[DEBUG] train_step 3150: starting episode collection
[DEBUG] train_step 3150: episodes collected, starting value_update
[DEBUG] train_step 3150: value_update done, starting policy_update
[DEBUG] train_step 3150: policy_update done
[step 03200] value_loss=15.456906 policy_loss=0.141817
[step 03200] VALUE_DEBUG: target(mean=-13.42 std=3.83 min=-19.37 max=1.84) V(s)(mean=-14.54 std=1.14) reward(mean=-1.102 std=5.759) clip=50.0
[step 03200] eval_success_rate=0.040 eval_mean_score=11.420 eval_policy_mode=greedy [solved=2/50, score_range=9.00-16.00/16.0, initial=9.00]
[step 03200] PROGRESS: filled=11.42 violations=0.00 zero_cand=0.00
[step 03200] DEBUG: ep_len=15.5 ep_ret=-13.015 stop_prob=0.000 score_chg=2.4275
[DEBUG] train_step 3200: starting episode collection
[DEBUG] train_step 3200: episodes collected, starting value_update
[DEBUG] train_step 3200: value_update done, starting policy_update
[DEBUG] train_step 3200: policy_update done
[step 03250] value_loss=9.286754 policy_loss=0.221171
[step 03250] VALUE_DEBUG: target(mean=-14.95 std=3.38 min=-22.29 max=-3.31) V(s)(mean=-14.06 std=1.55) reward(mean=-1.292 std=4.045) clip=50.0
[DEBUG] train_step 3250: starting episode collection
[DEBUG] train_step 3250: episodes collected, starting value_update
[DEBUG] train_step 3250: value_update done, starting policy_update
[DEBUG] train_step 3250: policy_update done
[step 03300] value_loss=11.090690 policy_loss=0.104856
[step 03300] VALUE_DEBUG: target(mean=-15.09 std=3.64 min=-26.25 max=-5.28) V(s)(mean=-14.71 std=1.76) reward(mean=-0.963 std=4.244) clip=50.0
[step 03300] eval_success_rate=0.000 eval_mean_score=11.460 eval_policy_mode=greedy [solved=0/50, score_range=9.00-14.00/16.0, initial=9.00]
[step 03300] PROGRESS: filled=11.46 violations=0.00 zero_cand=0.00
[step 03300] DEBUG: ep_len=15.7 ep_ret=-14.258 stop_prob=0.000 score_chg=2.1750
[DEBUG] train_step 3300: starting episode collection
[DEBUG] train_step 3300: episodes collected, starting value_update
[DEBUG] train_step 3300: value_update done, starting policy_update
[DEBUG] train_step 3300: policy_update done
[step 03350] value_loss=4.154621 policy_loss=0.452175
[step 03350] VALUE_DEBUG: target(mean=-13.82 std=2.64 min=-23.15 max=-8.01) V(s)(mean=-13.56 std=1.33) reward(mean=0.435 std=2.110) clip=50.0
[DEBUG] train_step 3350: starting episode collection
[DEBUG] train_step 3350: episodes collected, starting value_update
[DEBUG] train_step 3350: value_update done, starting policy_update
[DEBUG] train_step 3350: policy_update done
[step 03400] value_loss=3.983380 policy_loss=0.462662
[step 03400] VALUE_DEBUG: target(mean=-14.32 std=2.28 min=-22.09 max=-8.27) V(s)(mean=-14.49 std=1.07) reward(mean=-1.075 std=5.729) clip=50.0
[step 03400] eval_success_rate=0.000 eval_mean_score=11.460 eval_policy_mode=greedy [solved=0/50, score_range=9.00-14.00/16.0, initial=9.00]
[step 03400] PROGRESS: filled=11.46 violations=0.00 zero_cand=0.00
[step 03400] DEBUG: ep_len=15.5 ep_ret=-13.058 stop_prob=0.000 score_chg=2.6300
[DEBUG] train_step 3400: starting episode collection
[DEBUG] train_step 3400: episodes collected, starting value_update
[DEBUG] train_step 3400: value_update done, starting policy_update
[DEBUG] train_step 3400: policy_update done
[step 03450] value_loss=4.555281 policy_loss=0.804102
[step 03450] VALUE_DEBUG: target(mean=-14.25 std=2.51 min=-21.46 max=-7.58) V(s)(mean=-14.11 std=1.17) reward(mean=-1.690 std=5.836) clip=50.0
[DEBUG] train_step 3450: starting episode collection
[DEBUG] train_step 3450: episodes collected, starting value_update
[DEBUG] train_step 3450: value_update done, starting policy_update
[DEBUG] train_step 3450: policy_update done
[step 03500] value_loss=3.530158 policy_loss=0.773389
[step 03500] VALUE_DEBUG: target(mean=-13.41 std=2.46 min=-16.52 max=-6.39) V(s)(mean=-13.95 std=1.43) reward(mean=-0.118 std=4.481) clip=50.0
[step 03500] eval_success_rate=0.000 eval_mean_score=11.500 eval_policy_mode=greedy [solved=0/50, score_range=9.00-14.00/16.0, initial=9.00]
[step 03500] PROGRESS: filled=11.50 violations=0.00 zero_cand=0.00
[step 03500] DEBUG: ep_len=15.6 ep_ret=-13.055 stop_prob=0.000 score_chg=2.6875
[DEBUG] train_step 3500: starting episode collection
[DEBUG] train_step 3500: episodes collected, starting value_update
[DEBUG] train_step 3500: value_update done, starting policy_update
[DEBUG] train_step 3500: policy_update done
[step 03550] value_loss=7.486763 policy_loss=-0.148432
[step 03550] VALUE_DEBUG: target(mean=-13.59 std=2.90 min=-18.43 max=-2.67) V(s)(mean=-14.48 std=1.57) reward(mean=-1.137 std=5.515) clip=50.0
[DEBUG] train_step 3550: starting episode collection
[DEBUG] train_step 3550: episodes collected, starting value_update
[DEBUG] train_step 3550: value_update done, starting policy_update
[DEBUG] train_step 3550: policy_update done
[step 03600] value_loss=1.735495 policy_loss=0.117762
[step 03600] VALUE_DEBUG: target(mean=-13.82 std=2.04 min=-17.11 max=-10.15) V(s)(mean=-13.64 std=1.81) reward(mean=-1.244 std=4.365) clip=50.0
[step 03600] eval_success_rate=0.020 eval_mean_score=12.140 eval_policy_mode=greedy [solved=1/50, score_range=9.00-16.00/16.0, initial=9.00]
[step 03600] PROGRESS: filled=12.14 violations=0.00 zero_cand=0.00
[step 03600] DEBUG: ep_len=15.5 ep_ret=-13.318 stop_prob=0.000 score_chg=2.4025
[DEBUG] train_step 3600: starting episode collection
[DEBUG] train_step 3600: episodes collected, starting value_update
[DEBUG] train_step 3600: value_update done, starting policy_update
[DEBUG] train_step 3600: policy_update done
[step 03650] value_loss=22.779594 policy_loss=0.235778
[step 03650] VALUE_DEBUG: target(mean=-13.82 std=4.99 min=-22.87 max=6.84) V(s)(mean=-14.52 std=1.91) reward(mean=-0.197 std=4.316) clip=50.0
[DEBUG] train_step 3650: starting episode collection
[DEBUG] train_step 3650: episodes collected, starting value_update
[DEBUG] train_step 3650: value_update done, starting policy_update
[DEBUG] train_step 3650: policy_update done
[step 03700] value_loss=7.151136 policy_loss=0.173473
[step 03700] VALUE_DEBUG: target(mean=-15.05 std=3.04 min=-23.30 max=-11.06) V(s)(mean=-14.46 std=1.60) reward(mean=-2.477 std=5.100) clip=50.0
[step 03700] eval_success_rate=0.000 eval_mean_score=11.940 eval_policy_mode=greedy [solved=0/50, score_range=9.00-15.00/16.0, initial=9.00]
[step 03700] PROGRESS: filled=11.94 violations=0.00 zero_cand=0.00
[step 03700] DEBUG: ep_len=15.5 ep_ret=-12.427 stop_prob=0.000 score_chg=3.0750
[DEBUG] train_step 3700: starting episode collection
[DEBUG] train_step 3700: episodes collected, starting value_update
[DEBUG] train_step 3700: value_update done, starting policy_update
[DEBUG] train_step 3700: policy_update done
[step 03750] value_loss=0.534839 policy_loss=-0.243600
[step 03750] VALUE_DEBUG: target(mean=-14.01 std=1.55 min=-16.53 max=-10.50) V(s)(mean=-13.84 std=1.46) reward(mean=-0.763 std=3.997) clip=50.0
[DEBUG] train_step 3750: starting episode collection
[DEBUG] train_step 3750: episodes collected, starting value_update
[DEBUG] train_step 3750: value_update done, starting policy_update
[DEBUG] train_step 3750: policy_update done
[step 03800] value_loss=6.986731 policy_loss=0.882814
[step 03800] VALUE_DEBUG: target(mean=-14.17 std=3.44 min=-25.64 max=-6.88) V(s)(mean=-13.85 std=1.99) reward(mean=-0.359 std=3.867) clip=50.0
[step 03800] eval_success_rate=0.040 eval_mean_score=12.200 eval_policy_mode=greedy [solved=2/50, score_range=9.00-16.00/16.0, initial=9.00]
[step 03800] PROGRESS: filled=12.20 violations=0.00 zero_cand=0.00
[step 03800] DEBUG: ep_len=15.4 ep_ret=-11.847 stop_prob=0.000 score_chg=3.1975
[DEBUG] train_step 3800: starting episode collection
[DEBUG] train_step 3800: episodes collected, starting value_update
[DEBUG] train_step 3800: value_update done, starting policy_update
[DEBUG] train_step 3800: policy_update done
[step 03850] value_loss=2.326933 policy_loss=0.586038
[step 03850] VALUE_DEBUG: target(mean=-13.79 std=1.98 min=-18.96 max=-9.22) V(s)(mean=-13.63 std=1.36) reward(mean=-1.268 std=4.978) clip=50.0
[DEBUG] train_step 3850: starting episode collection
[DEBUG] train_step 3850: episodes collected, starting value_update
[DEBUG] train_step 3850: value_update done, starting policy_update
[DEBUG] train_step 3850: policy_update done
[step 03900] value_loss=5.807078 policy_loss=0.700083
[step 03900] VALUE_DEBUG: target(mean=-13.40 std=2.59 min=-17.86 max=-6.65) V(s)(mean=-14.37 std=1.76) reward(mean=0.471 std=3.794) clip=50.0
[step 03900] eval_success_rate=0.040 eval_mean_score=12.280 eval_policy_mode=greedy [solved=2/50, score_range=10.00-16.00/16.0, initial=9.00]
[step 03900] PROGRESS: filled=12.28 violations=0.00 zero_cand=0.00
[step 03900] DEBUG: ep_len=15.2 ep_ret=-11.489 stop_prob=0.000 score_chg=2.9725
[DEBUG] train_step 3900: starting episode collection
[DEBUG] train_step 3900: episodes collected, starting value_update
[DEBUG] train_step 3900: value_update done, starting policy_update
[DEBUG] train_step 3900: policy_update done
[step 03950] value_loss=7.025279 policy_loss=0.281039
[step 03950] VALUE_DEBUG: target(mean=-14.73 std=2.97 min=-21.68 max=-9.01) V(s)(mean=-13.51 std=1.82) reward(mean=-3.514 std=5.976) clip=50.0
[DEBUG] train_step 3950: starting episode collection
[DEBUG] train_step 3950: episodes collected, starting value_update
[DEBUG] train_step 3950: value_update done, starting policy_update
[DEBUG] train_step 3950: policy_update done
[step 04000] value_loss=7.865622 policy_loss=1.596575
[step 04000] VALUE_DEBUG: target(mean=-15.55 std=3.63 min=-25.35 max=-9.35) V(s)(mean=-15.29 std=1.99) reward(mean=-2.418 std=5.121) clip=50.0
[step 04000] eval_success_rate=0.000 eval_mean_score=12.220 eval_policy_mode=greedy [solved=0/50, score_range=10.00-15.00/16.0, initial=9.00]
[step 04000] PROGRESS: filled=12.22 violations=0.00 zero_cand=0.00
[step 04000] DEBUG: ep_len=15.2 ep_ret=-11.156 stop_prob=0.000 score_chg=3.1675
[Checkpoint] Saved to buiksat_trm/checkpoints/table3_hard_6to8_controlled_nomask_nc_r10_s6/rl_checkpoint_step_4000.pt
[DEBUG] train_step 4000: starting episode collection
[DEBUG] train_step 4000: episodes collected, starting value_update
[DEBUG] train_step 4000: value_update done, starting policy_update
[DEBUG] train_step 4000: policy_update done
[step 04050] value_loss=17.623985 policy_loss=0.727740
[step 04050] VALUE_DEBUG: target(mean=-14.96 std=4.69 min=-22.59 max=1.84) V(s)(mean=-14.32 std=1.82) reward(mean=-1.440 std=3.974) clip=50.0
[DEBUG] train_step 4050: starting episode collection
[DEBUG] train_step 4050: episodes collected, starting value_update
[DEBUG] train_step 4050: value_update done, starting policy_update
[DEBUG] train_step 4050: policy_update done
[step 04100] value_loss=3.852593 policy_loss=1.309611
[step 04100] VALUE_DEBUG: target(mean=-14.34 std=2.23 min=-21.20 max=-7.25) V(s)(mean=-13.58 std=1.80) reward(mean=-0.605 std=3.080) clip=50.0
[step 04100] eval_success_rate=0.020 eval_mean_score=12.120 eval_policy_mode=greedy [solved=1/50, score_range=10.00-16.00/16.0, initial=9.00]
[step 04100] PROGRESS: filled=12.12 violations=0.00 zero_cand=0.00
[step 04100] DEBUG: ep_len=15.2 ep_ret=-11.458 stop_prob=0.000 score_chg=3.1700
[DEBUG] train_step 4100: starting episode collection
[DEBUG] train_step 4100: episodes collected, starting value_update
[DEBUG] train_step 4100: value_update done, starting policy_update
[DEBUG] train_step 4100: policy_update done
[step 04150] value_loss=4.105479 policy_loss=0.351766
[step 04150] VALUE_DEBUG: target(mean=-14.85 std=2.60 min=-22.71 max=-9.76) V(s)(mean=-14.77 std=1.73) reward(mean=-2.131 std=5.655) clip=50.0
[DEBUG] train_step 4150: starting episode collection
[DEBUG] train_step 4150: episodes collected, starting value_update
[DEBUG] train_step 4150: value_update done, starting policy_update
[DEBUG] train_step 4150: policy_update done
[step 04200] value_loss=7.260232 policy_loss=0.184181
[step 04200] VALUE_DEBUG: target(mean=-14.43 std=3.06 min=-22.06 max=-6.15) V(s)(mean=-14.02 std=1.31) reward(mean=-0.886 std=3.791) clip=50.0
[step 04200] eval_success_rate=0.000 eval_mean_score=12.560 eval_policy_mode=greedy [solved=0/50, score_range=9.00-15.00/16.0, initial=9.00]
[step 04200] PROGRESS: filled=12.56 violations=0.00 zero_cand=0.00
[step 04200] DEBUG: ep_len=15.1 ep_ret=-10.744 stop_prob=0.000 score_chg=3.4400
[DEBUG] train_step 4200: starting episode collection
[DEBUG] train_step 4200: episodes collected, starting value_update
[DEBUG] train_step 4200: value_update done, starting policy_update
[DEBUG] train_step 4200: policy_update done
[step 04250] value_loss=15.995496 policy_loss=-0.534394
[step 04250] VALUE_DEBUG: target(mean=-13.38 std=4.45 min=-23.93 max=1.84) V(s)(mean=-14.09 std=1.84) reward(mean=-1.478 std=5.688) clip=50.0
[DEBUG] train_step 4250: starting episode collection
[DEBUG] train_step 4250: episodes collected, starting value_update
[DEBUG] train_step 4250: value_update done, starting policy_update
[DEBUG] train_step 4250: policy_update done
[step 04300] value_loss=5.966176 policy_loss=-0.410648
[step 04300] VALUE_DEBUG: target(mean=-14.21 std=2.94 min=-21.69 max=-4.12) V(s)(mean=-13.37 std=1.48) reward(mean=-1.393 std=5.669) clip=50.0
[step 04300] eval_success_rate=0.000 eval_mean_score=12.840 eval_policy_mode=greedy [solved=0/50, score_range=9.00-15.00/16.0, initial=9.00]
[step 04300] PROGRESS: filled=12.84 violations=0.00 zero_cand=0.00
[step 04300] DEBUG: ep_len=14.8 ep_ret=-10.223 stop_prob=0.000 score_chg=3.4425
[DEBUG] train_step 4300: starting episode collection
[DEBUG] train_step 4300: episodes collected, starting value_update
[DEBUG] train_step 4300: value_update done, starting policy_update
[DEBUG] train_step 4300: policy_update done
[step 04350] value_loss=6.815513 policy_loss=-0.650683
[step 04350] VALUE_DEBUG: target(mean=-14.10 std=3.67 min=-21.76 max=-0.27) V(s)(mean=-13.95 std=2.01) reward(mean=-0.864 std=3.701) clip=50.0
[DEBUG] train_step 4350: starting episode collection
[DEBUG] train_step 4350: episodes collected, starting value_update
[DEBUG] train_step 4350: value_update done, starting policy_update
[DEBUG] train_step 4350: policy_update done
[step 04400] value_loss=8.077688 policy_loss=0.240364
[step 04400] VALUE_DEBUG: target(mean=-13.77 std=3.56 min=-23.68 max=-5.31) V(s)(mean=-13.58 std=2.13) reward(mean=-0.958 std=3.766) clip=50.0
[step 04400] eval_success_rate=0.040 eval_mean_score=12.900 eval_policy_mode=greedy [solved=2/50, score_range=10.00-16.00/16.0, initial=9.00]
[step 04400] PROGRESS: filled=12.90 violations=0.00 zero_cand=0.00
[step 04400] DEBUG: ep_len=15.0 ep_ret=-9.808 stop_prob=0.000 score_chg=3.9000
[DEBUG] train_step 4400: starting episode collection
[DEBUG] train_step 4400: episodes collected, starting value_update
[DEBUG] train_step 4400: value_update done, starting policy_update
[DEBUG] train_step 4400: policy_update done
[step 04450] value_loss=3.189021 policy_loss=1.026582
[step 04450] VALUE_DEBUG: target(mean=-13.87 std=3.01 min=-21.02 max=-6.09) V(s)(mean=-13.89 std=2.19) reward(mean=-1.091 std=4.275) clip=50.0
[DEBUG] train_step 4450: starting episode collection
[DEBUG] train_step 4450: episodes collected, starting value_update
[DEBUG] train_step 4450: value_update done, starting policy_update
[DEBUG] train_step 4450: policy_update done
[step 04500] value_loss=10.473921 policy_loss=0.337869
[step 04500] VALUE_DEBUG: target(mean=-13.11 std=3.77 min=-22.09 max=1.84) V(s)(mean=-13.55 std=1.94) reward(mean=-2.164 std=6.671) clip=50.0
[step 04500] eval_success_rate=0.040 eval_mean_score=13.080 eval_policy_mode=greedy [solved=2/50, score_range=9.00-16.00/16.0, initial=9.00]
[step 04500] PROGRESS: filled=13.08 violations=0.00 zero_cand=0.00
[step 04500] DEBUG: ep_len=14.8 ep_ret=-10.220 stop_prob=0.000 score_chg=3.6575
[DEBUG] train_step 4500: starting episode collection
[DEBUG] train_step 4500: episodes collected, starting value_update
[DEBUG] train_step 4500: value_update done, starting policy_update
[DEBUG] train_step 4500: policy_update done
[step 04550] value_loss=1.906226 policy_loss=0.713852
[step 04550] VALUE_DEBUG: target(mean=-13.05 std=2.71 min=-16.44 max=-8.14) V(s)(mean=-12.54 std=2.46) reward(mean=-1.112 std=4.929) clip=50.0
[DEBUG] train_step 4550: starting episode collection
[DEBUG] train_step 4550: episodes collected, starting value_update
[DEBUG] train_step 4550: value_update done, starting policy_update
[DEBUG] train_step 4550: policy_update done
[step 04600] value_loss=19.104771 policy_loss=0.328988
[step 04600] VALUE_DEBUG: target(mean=-11.90 std=5.13 min=-20.54 max=6.84) V(s)(mean=-12.44 std=1.99) reward(mean=0.235 std=2.454) clip=50.0
[step 04600] eval_success_rate=0.020 eval_mean_score=12.420 eval_policy_mode=greedy [solved=1/50, score_range=10.00-16.00/16.0, initial=9.00]
[step 04600] PROGRESS: filled=12.42 violations=0.00 zero_cand=0.00
[step 04600] DEBUG: ep_len=14.9 ep_ret=-9.983 stop_prob=0.000 score_chg=3.7100
[DEBUG] train_step 4600: starting episode collection
[DEBUG] train_step 4600: episodes collected, starting value_update
[DEBUG] train_step 4600: value_update done, starting policy_update
[DEBUG] train_step 4600: policy_update done
[step 04650] value_loss=14.747025 policy_loss=0.966140
[step 04650] VALUE_DEBUG: target(mean=-12.39 std=4.45 min=-19.11 max=1.84) V(s)(mean=-12.64 std=2.28) reward(mean=-2.086 std=6.214) clip=50.0
[DEBUG] train_step 4650: starting episode collection
[DEBUG] train_step 4650: episodes collected, starting value_update
[DEBUG] train_step 4650: value_update done, starting policy_update
[DEBUG] train_step 4650: policy_update done
[step 04700] value_loss=14.864675 policy_loss=-0.064600
[step 04700] VALUE_DEBUG: target(mean=-12.31 std=4.39 min=-22.11 max=1.84) V(s)(mean=-13.54 std=1.91) reward(mean=-1.299 std=5.862) clip=50.0
[step 04700] eval_success_rate=0.000 eval_mean_score=12.880 eval_policy_mode=greedy [solved=0/50, score_range=9.00-15.00/16.0, initial=9.00]
[step 04700] PROGRESS: filled=12.88 violations=0.00 zero_cand=0.00
[step 04700] DEBUG: ep_len=15.0 ep_ret=-10.327 stop_prob=0.000 score_chg=3.7000
[DEBUG] train_step 4700: starting episode collection
[DEBUG] train_step 4700: episodes collected, starting value_update
[DEBUG] train_step 4700: value_update done, starting policy_update
[DEBUG] train_step 4700: policy_update done
[step 04750] value_loss=3.779738 policy_loss=0.100663
[step 04750] VALUE_DEBUG: target(mean=-12.53 std=2.91 min=-18.41 max=-6.84) V(s)(mean=-12.86 std=2.47) reward(mean=-0.021 std=3.486) clip=50.0
[DEBUG] train_step 4750: starting episode collection
[DEBUG] train_step 4750: episodes collected, starting value_update
[DEBUG] train_step 4750: value_update done, starting policy_update
[DEBUG] train_step 4750: policy_update done
[step 04800] value_loss=2.693094 policy_loss=0.236458
[step 04800] VALUE_DEBUG: target(mean=-14.17 std=2.06 min=-18.93 max=-9.09) V(s)(mean=-13.71 std=1.69) reward(mean=-1.424 std=4.095) clip=50.0
[step 04800] eval_success_rate=0.080 eval_mean_score=12.940 eval_policy_mode=greedy [solved=4/50, score_range=10.00-16.00/16.0, initial=9.00]
[step 04800] PROGRESS: filled=12.94 violations=0.00 zero_cand=0.00
[step 04800] DEBUG: ep_len=14.8 ep_ret=-9.513 stop_prob=0.000 score_chg=3.8100
[DEBUG] train_step 4800: starting episode collection
[DEBUG] train_step 4800: episodes collected, starting value_update
[DEBUG] train_step 4800: value_update done, starting policy_update
[DEBUG] train_step 4800: policy_update done
[step 04850] value_loss=11.789824 policy_loss=0.308936
[step 04850] VALUE_DEBUG: target(mean=-12.69 std=3.91 min=-21.69 max=1.84) V(s)(mean=-12.99 std=1.84) reward(mean=0.018 std=2.587) clip=50.0
[DEBUG] train_step 4850: starting episode collection
[DEBUG] train_step 4850: episodes collected, starting value_update
[DEBUG] train_step 4850: value_update done, starting policy_update
[DEBUG] train_step 4850: policy_update done
[step 04900] value_loss=4.087713 policy_loss=0.570809
[step 04900] VALUE_DEBUG: target(mean=-13.11 std=2.94 min=-17.31 max=-5.75) V(s)(mean=-12.76 std=2.51) reward(mean=-0.281 std=3.647) clip=50.0
[step 04900] eval_success_rate=0.060 eval_mean_score=12.900 eval_policy_mode=greedy [solved=3/50, score_range=9.00-16.00/16.0, initial=9.00]
[step 04900] PROGRESS: filled=12.90 violations=0.00 zero_cand=0.00
[step 04900] DEBUG: ep_len=14.8 ep_ret=-10.255 stop_prob=0.000 score_chg=3.4075
[DEBUG] train_step 4900: starting episode collection
[DEBUG] train_step 4900: episodes collected, starting value_update
[DEBUG] train_step 4900: value_update done, starting policy_update
[DEBUG] train_step 4900: policy_update done
[step 04950] value_loss=18.219484 policy_loss=-0.335884
[step 04950] VALUE_DEBUG: target(mean=-12.05 std=5.65 min=-19.10 max=6.84) V(s)(mean=-12.72 std=2.40) reward(mean=-2.617 std=6.867) clip=50.0
[DEBUG] train_step 4950: starting episode collection
[DEBUG] train_step 4950: episodes collected, starting value_update
[DEBUG] train_step 4950: value_update done, starting policy_update
[DEBUG] train_step 4950: policy_update done
[step 05000] value_loss=1.125669 policy_loss=-1.260141
[step 05000] VALUE_DEBUG: target(mean=-12.45 std=3.23 min=-18.66 max=-6.16) V(s)(mean=-12.06 std=3.04) reward(mean=-0.329 std=2.980) clip=50.0
[step 05000] eval_success_rate=0.140 eval_mean_score=12.740 eval_policy_mode=greedy [solved=7/50, score_range=10.00-16.00/16.0, initial=9.00]
[step 05000] PROGRESS: filled=12.74 violations=0.00 zero_cand=0.00
[step 05000] DEBUG: ep_len=14.5 ep_ret=-8.791 stop_prob=0.000 score_chg=4.0675
[Checkpoint] Saved to buiksat_trm/checkpoints/table3_hard_6to8_controlled_nomask_nc_r10_s6/rl_checkpoint_step_5000.pt
[DEBUG] train_step 5000: starting episode collection
[DEBUG] train_step 5000: episodes collected, starting value_update
[DEBUG] train_step 5000: value_update done, starting policy_update
[DEBUG] train_step 5000: policy_update done
[step 05050] value_loss=8.093697 policy_loss=-0.515584
[step 05050] VALUE_DEBUG: target(mean=-12.43 std=4.42 min=-18.74 max=1.84) V(s)(mean=-12.96 std=2.63) reward(mean=-0.676 std=4.540) clip=50.0
[DEBUG] train_step 5050: starting episode collection
[DEBUG] train_step 5050: episodes collected, starting value_update
[DEBUG] train_step 5050: value_update done, starting policy_update
[DEBUG] train_step 5050: policy_update done
[step 05100] value_loss=4.889711 policy_loss=-1.126014
[step 05100] VALUE_DEBUG: target(mean=-13.03 std=3.24 min=-21.69 max=-4.38) V(s)(mean=-12.65 std=2.40) reward(mean=-0.265 std=2.202) clip=50.0
[step 05100] eval_success_rate=0.180 eval_mean_score=13.600 eval_policy_mode=greedy [solved=9/50, score_range=10.00-16.00/16.0, initial=9.00]
[step 05100] PROGRESS: filled=13.60 violations=0.00 zero_cand=0.00
[step 05100] DEBUG: ep_len=14.4 ep_ret=-8.235 stop_prob=0.000 score_chg=4.1200
[DEBUG] train_step 5100: starting episode collection
[DEBUG] train_step 5100: episodes collected, starting value_update
[DEBUG] train_step 5100: value_update done, starting policy_update
[DEBUG] train_step 5100: policy_update done
[step 05150] value_loss=11.551856 policy_loss=0.845335
[step 05150] VALUE_DEBUG: target(mean=-13.38 std=3.93 min=-22.00 max=-6.27) V(s)(mean=-11.94 std=2.86) reward(mean=-0.826 std=3.785) clip=50.0
[DEBUG] train_step 5150: starting episode collection
[DEBUG] train_step 5150: episodes collected, starting value_update
[DEBUG] train_step 5150: value_update done, starting policy_update
[DEBUG] train_step 5150: policy_update done
[step 05200] value_loss=1.593798 policy_loss=-0.876898
[step 05200] VALUE_DEBUG: target(mean=-11.81 std=3.18 min=-16.54 max=-5.15) V(s)(mean=-11.86 std=3.01) reward(mean=0.484 std=1.123) clip=50.0
[step 05200] eval_success_rate=0.160 eval_mean_score=13.580 eval_policy_mode=greedy [solved=8/50, score_range=10.00-16.00/16.0, initial=9.00]
[step 05200] PROGRESS: filled=13.58 violations=0.00 zero_cand=0.00
[step 05200] DEBUG: ep_len=14.2 ep_ret=-7.363 stop_prob=0.000 score_chg=4.3050
[DEBUG] train_step 5200: starting episode collection
[DEBUG] train_step 5200: episodes collected, starting value_update
[DEBUG] train_step 5200: value_update done, starting policy_update
[DEBUG] train_step 5200: policy_update done
[step 05250] value_loss=13.779808 policy_loss=0.449138
[step 05250] VALUE_DEBUG: target(mean=-10.95 std=5.40 min=-16.60 max=1.84) V(s)(mean=-12.13 std=2.72) reward(mean=-0.626 std=4.062) clip=50.0
[DEBUG] train_step 5250: starting episode collection
[DEBUG] train_step 5250: episodes collected, starting value_update
[DEBUG] train_step 5250: value_update done, starting policy_update
[DEBUG] train_step 5250: policy_update done
[step 05300] value_loss=8.419469 policy_loss=1.158852
[step 05300] VALUE_DEBUG: target(mean=-11.66 std=5.34 min=-17.61 max=6.84) V(s)(mean=-11.76 std=3.40) reward(mean=0.196 std=2.509) clip=50.0
[step 05300] eval_success_rate=0.140 eval_mean_score=13.680 eval_policy_mode=greedy [solved=7/50, score_range=10.00-16.00/16.0, initial=9.00]
[step 05300] PROGRESS: filled=13.68 violations=0.00 zero_cand=0.00
[step 05300] DEBUG: ep_len=14.0 ep_ret=-7.057 stop_prob=0.000 score_chg=4.4650
[DEBUG] train_step 5300: starting episode collection
[DEBUG] train_step 5300: episodes collected, starting value_update
[DEBUG] train_step 5300: value_update done, starting policy_update
[DEBUG] train_step 5300: policy_update done
[step 05350] value_loss=5.739723 policy_loss=-0.713372
[step 05350] VALUE_DEBUG: target(mean=-11.95 std=3.85 min=-19.32 max=-3.70) V(s)(mean=-12.43 std=3.09) reward(mean=0.422 std=2.743) clip=50.0
[DEBUG] train_step 5350: starting episode collection
[DEBUG] train_step 5350: episodes collected, starting value_update
[DEBUG] train_step 5350: value_update done, starting policy_update
[DEBUG] train_step 5350: policy_update done
[step 05400] value_loss=15.871208 policy_loss=0.201273
[step 05400] VALUE_DEBUG: target(mean=-12.52 std=5.31 min=-24.53 max=1.84) V(s)(mean=-12.79 std=2.92) reward(mean=-1.642 std=5.910) clip=50.0
[step 05400] eval_success_rate=0.120 eval_mean_score=13.900 eval_policy_mode=greedy [solved=6/50, score_range=10.00-16.00/16.0, initial=9.00]
[step 05400] PROGRESS: filled=13.90 violations=0.00 zero_cand=0.00
[step 05400] DEBUG: ep_len=13.9 ep_ret=-6.730 stop_prob=0.000 score_chg=4.6050
[DEBUG] train_step 5400: starting episode collection
[DEBUG] train_step 5400: episodes collected, starting value_update
[DEBUG] train_step 5400: value_update done, starting policy_update
[DEBUG] train_step 5400: policy_update done
[step 05450] value_loss=2.018014 policy_loss=0.432101
[step 05450] VALUE_DEBUG: target(mean=-11.58 std=3.35 min=-16.15 max=-4.94) V(s)(mean=-12.03 std=3.16) reward(mean=-1.178 std=4.958) clip=50.0
[DEBUG] train_step 5450: starting episode collection
[DEBUG] train_step 5450: episodes collected, starting value_update
[DEBUG] train_step 5450: value_update done, starting policy_update
[DEBUG] train_step 5450: policy_update done
[step 05500] value_loss=5.293441 policy_loss=-1.044688
[step 05500] VALUE_DEBUG: target(mean=-12.37 std=4.29 min=-19.24 max=-1.37) V(s)(mean=-12.40 std=3.74) reward(mean=-1.116 std=4.384) clip=50.0
[step 05500] eval_success_rate=0.240 eval_mean_score=14.060 eval_policy_mode=greedy [solved=12/50, score_range=11.00-16.00/16.0, initial=9.00]
[step 05500] PROGRESS: filled=14.06 violations=0.00 zero_cand=0.00
[step 05500] DEBUG: ep_len=13.8 ep_ret=-6.871 stop_prob=0.000 score_chg=4.3575
[DEBUG] train_step 5500: starting episode collection
[DEBUG] train_step 5500: episodes collected, starting value_update
[DEBUG] train_step 5500: value_update done, starting policy_update
[DEBUG] train_step 5500: policy_update done
[step 05550] value_loss=9.118432 policy_loss=0.745062
[step 05550] VALUE_DEBUG: target(mean=-13.20 std=3.73 min=-20.98 max=-2.02) V(s)(mean=-13.40 std=1.77) reward(mean=-1.394 std=6.172) clip=50.0
[DEBUG] train_step 5550: starting episode collection
[DEBUG] train_step 5550: episodes collected, starting value_update
[DEBUG] train_step 5550: value_update done, starting policy_update
[DEBUG] train_step 5550: policy_update done
[step 05600] value_loss=15.158702 policy_loss=-0.305626
[step 05600] VALUE_DEBUG: target(mean=-9.41 std=4.98 min=-16.15 max=1.84) V(s)(mean=-10.97 std=3.55) reward(mean=0.574 std=3.561) clip=50.0
[step 05600] eval_success_rate=0.260 eval_mean_score=13.780 eval_policy_mode=greedy [solved=13/50, score_range=10.00-16.00/16.0, initial=9.00]
[step 05600] PROGRESS: filled=13.78 violations=0.00 zero_cand=0.00
[step 05600] DEBUG: ep_len=13.9 ep_ret=-7.060 stop_prob=0.000 score_chg=4.3550
[DEBUG] train_step 5600: starting episode collection
[DEBUG] train_step 5600: episodes collected, starting value_update
[DEBUG] train_step 5600: value_update done, starting policy_update
[DEBUG] train_step 5600: policy_update done
[step 05650] value_loss=12.665173 policy_loss=0.363812
[step 05650] VALUE_DEBUG: target(mean=-11.41 std=5.17 min=-23.54 max=1.84) V(s)(mean=-12.30 std=3.53) reward(mean=0.218 std=2.395) clip=50.0
[DEBUG] train_step 5650: starting episode collection
[DEBUG] train_step 5650: episodes collected, starting value_update
[DEBUG] train_step 5650: value_update done, starting policy_update
[DEBUG] train_step 5650: policy_update done
[step 05700] value_loss=7.211964 policy_loss=-0.248313
[step 05700] VALUE_DEBUG: target(mean=-12.97 std=3.86 min=-22.06 max=-4.91) V(s)(mean=-12.26 std=2.58) reward(mean=-0.982 std=3.642) clip=50.0
[step 05700] eval_success_rate=0.280 eval_mean_score=13.660 eval_policy_mode=greedy [solved=14/50, score_range=11.00-16.00/16.0, initial=9.00]
[step 05700] PROGRESS: filled=13.66 violations=0.00 zero_cand=0.00
[step 05700] DEBUG: ep_len=13.7 ep_ret=-5.999 stop_prob=0.000 score_chg=4.7900
[DEBUG] train_step 5700: starting episode collection
[DEBUG] train_step 5700: episodes collected, starting value_update
[DEBUG] train_step 5700: value_update done, starting policy_update
[DEBUG] train_step 5700: policy_update done
[step 05750] value_loss=7.968232 policy_loss=1.400792
[step 05750] VALUE_DEBUG: target(mean=-9.96 std=4.26 min=-17.01 max=1.84) V(s)(mean=-10.18 std=4.08) reward(mean=-0.739 std=4.481) clip=50.0
[DEBUG] train_step 5750: starting episode collection
[DEBUG] train_step 5750: episodes collected, starting value_update
[DEBUG] train_step 5750: value_update done, starting policy_update
[DEBUG] train_step 5750: policy_update done
[step 05800] value_loss=2.475053 policy_loss=-0.907244
[step 05800] VALUE_DEBUG: target(mean=-11.47 std=4.36 min=-20.50 max=-0.24) V(s)(mean=-11.72 std=3.85) reward(mean=0.374 std=1.576) clip=50.0
[step 05800] eval_success_rate=0.320 eval_mean_score=13.580 eval_policy_mode=greedy [solved=16/50, score_range=9.00-16.00/16.0, initial=9.00]
[step 05800] PROGRESS: filled=13.58 violations=0.00 zero_cand=0.00
[step 05800] DEBUG: ep_len=13.5 ep_ret=-5.955 stop_prob=0.000 score_chg=4.7500
[DEBUG] train_step 5800: starting episode collection
[DEBUG] train_step 5800: episodes collected, starting value_update
[DEBUG] train_step 5800: value_update done, starting policy_update
[DEBUG] train_step 5800: policy_update done
[step 05850] value_loss=14.549332 policy_loss=-0.405197
[step 05850] VALUE_DEBUG: target(mean=-11.52 std=5.06 min=-22.09 max=1.84) V(s)(mean=-11.40 std=3.63) reward(mean=-1.081 std=5.756) clip=50.0
[DEBUG] train_step 5850: starting episode collection
[DEBUG] train_step 5850: episodes collected, starting value_update
[DEBUG] train_step 5850: value_update done, starting policy_update
[DEBUG] train_step 5850: policy_update done
[step 05900] value_loss=7.315728 policy_loss=-0.129116
[step 05900] VALUE_DEBUG: target(mean=-10.95 std=4.57 min=-18.51 max=1.74) V(s)(mean=-10.53 std=3.95) reward(mean=-0.176 std=3.422) clip=50.0
[step 05900] eval_success_rate=0.320 eval_mean_score=13.960 eval_policy_mode=greedy [solved=16/50, score_range=11.00-16.00/16.0, initial=9.00]
[step 05900] PROGRESS: filled=13.96 violations=0.00 zero_cand=0.00
[step 05900] DEBUG: ep_len=13.1 ep_ret=-5.083 stop_prob=0.000 score_chg=4.7225
[DEBUG] train_step 5900: starting episode collection
[DEBUG] train_step 5900: episodes collected, starting value_update
[DEBUG] train_step 5900: value_update done, starting policy_update
[DEBUG] train_step 5900: policy_update done
[step 05950] value_loss=4.816854 policy_loss=0.082740
[step 05950] VALUE_DEBUG: target(mean=-10.66 std=4.76 min=-21.53 max=-0.21) V(s)(mean=-9.75 std=3.91) reward(mean=-0.431 std=2.225) clip=50.0
[DEBUG] train_step 5950: starting episode collection
[DEBUG] train_step 5950: episodes collected, starting value_update
[DEBUG] train_step 5950: value_update done, starting policy_update
[DEBUG] train_step 5950: policy_update done
[step 06000] value_loss=7.004236 policy_loss=1.668070
[step 06000] VALUE_DEBUG: target(mean=-9.83 std=5.02 min=-17.84 max=1.84) V(s)(mean=-9.62 std=4.52) reward(mean=0.282 std=2.381) clip=50.0
[step 06000] eval_success_rate=0.360 eval_mean_score=13.880 eval_policy_mode=greedy [solved=18/50, score_range=9.00-16.00/16.0, initial=9.00]
[step 06000] PROGRESS: filled=13.88 violations=0.00 zero_cand=0.00
[step 06000] DEBUG: ep_len=13.4 ep_ret=-6.018 stop_prob=0.000 score_chg=4.7000
[Checkpoint] Saved to buiksat_trm/checkpoints/table3_hard_6to8_controlled_nomask_nc_r10_s6/rl_checkpoint_step_6000.pt
[DEBUG] train_step 6000: starting episode collection
[DEBUG] train_step 6000: episodes collected, starting value_update
[DEBUG] train_step 6000: value_update done, starting policy_update
[DEBUG] train_step 6000: policy_update done
[step 06050] value_loss=15.590261 policy_loss=0.440285
[step 06050] VALUE_DEBUG: target(mean=-9.50 std=6.20 min=-19.11 max=6.84) V(s)(mean=-10.08 std=4.40) reward(mean=-0.656 std=4.439) clip=50.0
[DEBUG] train_step 6050: starting episode collection
[DEBUG] train_step 6050: episodes collected, starting value_update
[DEBUG] train_step 6050: value_update done, starting policy_update
[DEBUG] train_step 6050: policy_update done
[step 06100] value_loss=3.206508 policy_loss=-0.148836
[step 06100] VALUE_DEBUG: target(mean=-11.97 std=3.93 min=-18.39 max=-2.10) V(s)(mean=-11.73 std=3.55) reward(mean=-1.717 std=5.016) clip=50.0
[step 06100] eval_success_rate=0.320 eval_mean_score=14.040 eval_policy_mode=greedy [solved=16/50, score_range=10.00-16.00/16.0, initial=9.00]
[step 06100] PROGRESS: filled=14.04 violations=0.00 zero_cand=0.00
[step 06100] DEBUG: ep_len=13.3 ep_ret=-5.025 stop_prob=0.000 score_chg=5.0150
[DEBUG] train_step 6100: starting episode collection
[DEBUG] train_step 6100: episodes collected, starting value_update
[DEBUG] train_step 6100: value_update done, starting policy_update
[DEBUG] train_step 6100: policy_update done
[step 06150] value_loss=2.741390 policy_loss=-0.584741
[step 06150] VALUE_DEBUG: target(mean=-11.34 std=4.43 min=-17.53 max=1.84) V(s)(mean=-11.87 std=3.61) reward(mean=-1.239 std=4.917) clip=50.0
[DEBUG] train_step 6150: starting episode collection
[DEBUG] train_step 6150: episodes collected, starting value_update
[DEBUG] train_step 6150: value_update done, starting policy_update
[DEBUG] train_step 6150: policy_update done
[step 06200] value_loss=7.623324 policy_loss=0.107705
[step 06200] VALUE_DEBUG: target(mean=-9.32 std=6.15 min=-20.42 max=1.84) V(s)(mean=-9.02 std=4.77) reward(mean=-1.023 std=4.485) clip=50.0
[step 06200] eval_success_rate=0.380 eval_mean_score=13.740 eval_policy_mode=greedy [solved=19/50, score_range=9.00-16.00/16.0, initial=9.00]
[step 06200] PROGRESS: filled=13.74 violations=0.00 zero_cand=0.00
[step 06200] DEBUG: ep_len=13.2 ep_ret=-5.467 stop_prob=0.000 score_chg=4.6475
[DEBUG] train_step 6200: starting episode collection
[DEBUG] train_step 6200: episodes collected, starting value_update
[DEBUG] train_step 6200: value_update done, starting policy_update
[DEBUG] train_step 6200: policy_update done
[step 06250] value_loss=6.979273 policy_loss=0.141065
[step 06250] VALUE_DEBUG: target(mean=-11.29 std=4.70 min=-20.00 max=1.84) V(s)(mean=-11.23 std=3.83) reward(mean=-0.305 std=3.879) clip=50.0
[DEBUG] train_step 6250: starting episode collection
[DEBUG] train_step 6250: episodes collected, starting value_update
[DEBUG] train_step 6250: value_update done, starting policy_update
[DEBUG] train_step 6250: policy_update done
[step 06300] value_loss=8.890688 policy_loss=0.232033
[step 06300] VALUE_DEBUG: target(mean=-10.82 std=4.90 min=-20.77 max=0.96) V(s)(mean=-10.83 std=4.40) reward(mean=-0.448 std=2.959) clip=50.0
[step 06300] eval_success_rate=0.460 eval_mean_score=14.060 eval_policy_mode=greedy [solved=23/50, score_range=10.00-16.00/16.0, initial=9.00]
[step 06300] PROGRESS: filled=14.06 violations=0.00 zero_cand=0.00
[step 06300] DEBUG: ep_len=12.7 ep_ret=-4.084 stop_prob=0.000 score_chg=4.8625
[DEBUG] train_step 6300: starting episode collection
[DEBUG] train_step 6300: episodes collected, starting value_update
[DEBUG] train_step 6300: value_update done, starting policy_update
[DEBUG] train_step 6300: policy_update done
[step 06350] value_loss=6.097452 policy_loss=-0.433036
[step 06350] VALUE_DEBUG: target(mean=-9.22 std=5.48 min=-20.03 max=1.04) V(s)(mean=-9.68 std=5.05) reward(mean=0.538 std=2.385) clip=50.0
[DEBUG] train_step 6350: starting episode collection
[DEBUG] train_step 6350: episodes collected, starting value_update
[DEBUG] train_step 6350: value_update done, starting policy_update
[DEBUG] train_step 6350: policy_update done
[step 06400] value_loss=8.711580 policy_loss=1.446876
[step 06400] VALUE_DEBUG: target(mean=-9.64 std=5.85 min=-18.48 max=3.14) V(s)(mean=-11.02 std=4.86) reward(mean=0.349 std=3.685) clip=50.0
[step 06400] eval_success_rate=0.360 eval_mean_score=13.460 eval_policy_mode=greedy [solved=18/50, score_range=10.00-16.00/16.0, initial=9.00]
[step 06400] PROGRESS: filled=13.46 violations=0.00 zero_cand=0.00
[step 06400] DEBUG: ep_len=13.3 ep_ret=-5.948 stop_prob=0.000 score_chg=4.3800
[DEBUG] train_step 6400: starting episode collection
[DEBUG] train_step 6400: episodes collected, starting value_update
[DEBUG] train_step 6400: value_update done, starting policy_update
[DEBUG] train_step 6400: policy_update done
[step 06450] value_loss=3.381732 policy_loss=0.769381
[step 06450] VALUE_DEBUG: target(mean=-10.56 std=4.89 min=-16.94 max=-0.42) V(s)(mean=-11.00 std=5.16) reward(mean=0.065 std=3.300) clip=50.0
[DEBUG] train_step 6450: starting episode collection
[DEBUG] train_step 6450: episodes collected, starting value_update
[DEBUG] train_step 6450: value_update done, starting policy_update
[DEBUG] train_step 6450: policy_update done
[step 06500] value_loss=12.805894 policy_loss=-0.560932
[step 06500] VALUE_DEBUG: target(mean=-9.51 std=5.17 min=-23.45 max=1.84) V(s)(mean=-10.12 std=4.47) reward(mean=0.231 std=1.854) clip=50.0
[step 06500] eval_success_rate=0.420 eval_mean_score=13.780 eval_policy_mode=greedy [solved=21/50, score_range=9.00-16.00/16.0, initial=9.00]
[step 06500] PROGRESS: filled=13.78 violations=0.00 zero_cand=0.00
[step 06500] DEBUG: ep_len=12.5 ep_ret=-4.392 stop_prob=0.000 score_chg=4.6625
[DEBUG] train_step 6500: starting episode collection
[DEBUG] train_step 6500: episodes collected, starting value_update
[DEBUG] train_step 6500: value_update done, starting policy_update
[DEBUG] train_step 6500: policy_update done
[step 06550] value_loss=2.732977 policy_loss=-0.177511
[step 06550] VALUE_DEBUG: target(mean=-10.12 std=4.44 min=-16.09 max=-0.07) V(s)(mean=-9.74 std=4.71) reward(mean=-0.835 std=4.244) clip=50.0
[DEBUG] train_step 6550: starting episode collection
[DEBUG] train_step 6550: episodes collected, starting value_update
[DEBUG] train_step 6550: value_update done, starting policy_update
[DEBUG] train_step 6550: policy_update done
[step 06600] value_loss=7.654714 policy_loss=0.469408
[step 06600] VALUE_DEBUG: target(mean=-9.97 std=5.75 min=-17.55 max=1.84) V(s)(mean=-10.81 std=4.96) reward(mean=-0.366 std=3.569) clip=50.0
[step 06600] eval_success_rate=0.400 eval_mean_score=13.640 eval_policy_mode=greedy [solved=20/50, score_range=9.00-16.00/16.0, initial=9.00]
[step 06600] PROGRESS: filled=13.64 violations=0.00 zero_cand=0.00
[step 06600] DEBUG: ep_len=12.8 ep_ret=-4.789 stop_prob=0.000 score_chg=4.6475
[DEBUG] train_step 6600: starting episode collection
[DEBUG] train_step 6600: episodes collected, starting value_update
[DEBUG] train_step 6600: value_update done, starting policy_update
[DEBUG] train_step 6600: policy_update done
[step 06650] value_loss=5.379676 policy_loss=0.997371
[step 06650] VALUE_DEBUG: target(mean=-9.06 std=5.58 min=-17.17 max=1.84) V(s)(mean=-9.30 std=5.48) reward(mean=0.100 std=3.706) clip=50.0
[DEBUG] train_step 6650: starting episode collection
[DEBUG] train_step 6650: episodes collected, starting value_update
[DEBUG] train_step 6650: value_update done, starting policy_update
[DEBUG] train_step 6650: policy_update done
[step 06700] value_loss=10.912443 policy_loss=0.451267
[step 06700] VALUE_DEBUG: target(mean=-11.34 std=5.17 min=-18.21 max=6.84) V(s)(mean=-11.68 std=4.39) reward(mean=-0.801 std=4.749) clip=50.0
[step 06700] eval_success_rate=0.480 eval_mean_score=14.040 eval_policy_mode=greedy [solved=24/50, score_range=9.00-16.00/16.0, initial=9.00]
[step 06700] PROGRESS: filled=14.04 violations=0.00 zero_cand=0.00
[step 06700] DEBUG: ep_len=13.0 ep_ret=-5.495 stop_prob=0.000 score_chg=4.5375
[DEBUG] train_step 6700: starting episode collection
[DEBUG] train_step 6700: episodes collected, starting value_update
[DEBUG] train_step 6700: value_update done, starting policy_update
[DEBUG] train_step 6700: policy_update done
[step 06750] value_loss=5.455709 policy_loss=0.225281
[step 06750] VALUE_DEBUG: target(mean=-9.69 std=6.16 min=-19.90 max=1.84) V(s)(mean=-9.64 std=5.44) reward(mean=0.295 std=2.204) clip=50.0
[DEBUG] train_step 6750: starting episode collection
[DEBUG] train_step 6750: episodes collected, starting value_update
[DEBUG] train_step 6750: value_update done, starting policy_update
[DEBUG] train_step 6750: policy_update done
[step 06800] value_loss=19.616564 policy_loss=0.825773
[step 06800] VALUE_DEBUG: target(mean=-9.20 std=7.10 min=-21.33 max=10.40) V(s)(mean=-9.52 std=5.08) reward(mean=0.928 std=5.370) clip=50.0
[step 06800] eval_success_rate=0.480 eval_mean_score=14.040 eval_policy_mode=greedy [solved=24/50, score_range=10.00-16.00/16.0, initial=9.00]
[step 06800] PROGRESS: filled=14.04 violations=0.00 zero_cand=0.00
[step 06800] DEBUG: ep_len=12.7 ep_ret=-5.362 stop_prob=0.000 score_chg=4.4725
[DEBUG] train_step 6800: starting episode collection
[DEBUG] train_step 6800: episodes collected, starting value_update
[DEBUG] train_step 6800: value_update done, starting policy_update
[DEBUG] train_step 6800: policy_update done
[step 06850] value_loss=9.904369 policy_loss=0.337771
[step 06850] VALUE_DEBUG: target(mean=-10.19 std=6.57 min=-21.55 max=1.84) V(s)(mean=-10.60 std=6.15) reward(mean=-0.522 std=3.165) clip=50.0
[DEBUG] train_step 6850: starting episode collection
[DEBUG] train_step 6850: episodes collected, starting value_update
[DEBUG] train_step 6850: value_update done, starting policy_update
[DEBUG] train_step 6850: policy_update done
[step 06900] value_loss=3.990073 policy_loss=-0.214855
[step 06900] VALUE_DEBUG: target(mean=-8.73 std=5.96 min=-18.70 max=1.84) V(s)(mean=-9.02 std=5.65) reward(mean=-0.965 std=5.187) clip=50.0
[step 06900] eval_success_rate=0.400 eval_mean_score=13.980 eval_policy_mode=greedy [solved=20/50, score_range=9.00-16.00/16.0, initial=9.00]
[step 06900] PROGRESS: filled=13.98 violations=0.00 zero_cand=0.00
[step 06900] DEBUG: ep_len=12.4 ep_ret=-4.121 stop_prob=0.000 score_chg=4.8525
[DEBUG] train_step 6900: starting episode collection
[DEBUG] train_step 6900: episodes collected, starting value_update
[DEBUG] train_step 6900: value_update done, starting policy_update
[DEBUG] train_step 6900: policy_update done
[step 06950] value_loss=7.149897 policy_loss=-0.998526
[step 06950] VALUE_DEBUG: target(mean=-10.56 std=6.73 min=-21.93 max=1.84) V(s)(mean=-9.84 std=5.80) reward(mean=-1.551 std=5.134) clip=50.0
[DEBUG] train_step 6950: starting episode collection
[DEBUG] train_step 6950: episodes collected, starting value_update
[DEBUG] train_step 6950: value_update done, starting policy_update
[DEBUG] train_step 6950: policy_update done
[step 07000] value_loss=8.779617 policy_loss=-0.868550
[step 07000] VALUE_DEBUG: target(mean=-8.63 std=6.92 min=-19.64 max=4.99) V(s)(mean=-8.74 std=6.26) reward(mean=0.312 std=4.049) clip=50.0
[step 07000] eval_success_rate=0.440 eval_mean_score=14.080 eval_policy_mode=greedy [solved=22/50, score_range=11.00-16.00/16.0, initial=9.00]
[step 07000] PROGRESS: filled=14.08 violations=0.00 zero_cand=0.00
[step 07000] DEBUG: ep_len=12.6 ep_ret=-4.457 stop_prob=0.000 score_chg=4.7925
[Checkpoint] Saved to buiksat_trm/checkpoints/table3_hard_6to8_controlled_nomask_nc_r10_s6/rl_checkpoint_step_7000.pt
[DEBUG] train_step 7000: starting episode collection
[DEBUG] train_step 7000: episodes collected, starting value_update
[DEBUG] train_step 7000: value_update done, starting policy_update
[DEBUG] train_step 7000: policy_update done
[step 07050] value_loss=2.898419 policy_loss=0.373827
[step 07050] VALUE_DEBUG: target(mean=-10.19 std=6.41 min=-20.63 max=1.84) V(s)(mean=-9.78 std=6.10) reward(mean=-0.357 std=1.952) clip=50.0
[DEBUG] train_step 7050: starting episode collection
[DEBUG] train_step 7050: episodes collected, starting value_update
[DEBUG] train_step 7050: value_update done, starting policy_update
[DEBUG] train_step 7050: policy_update done
[step 07100] value_loss=10.229379 policy_loss=0.504638
[step 07100] VALUE_DEBUG: target(mean=-8.94 std=6.78 min=-22.08 max=3.35) V(s)(mean=-8.13 std=6.07) reward(mean=-1.975 std=5.976) clip=50.0
[step 07100] eval_success_rate=0.480 eval_mean_score=14.020 eval_policy_mode=greedy [solved=24/50, score_range=9.00-16.00/16.0, initial=9.00]
[step 07100] PROGRESS: filled=14.02 violations=0.00 zero_cand=0.00
[step 07100] DEBUG: ep_len=12.5 ep_ret=-4.693 stop_prob=0.000 score_chg=4.6675
[DEBUG] train_step 7100: starting episode collection
[DEBUG] train_step 7100: episodes collected, starting value_update
[DEBUG] train_step 7100: value_update done, starting policy_update
[DEBUG] train_step 7100: policy_update done
[step 07150] value_loss=3.887772 policy_loss=-1.137660
[step 07150] VALUE_DEBUG: target(mean=-8.91 std=5.94 min=-16.33 max=5.25) V(s)(mean=-9.13 std=5.55) reward(mean=0.490 std=2.184) clip=50.0
[DEBUG] train_step 7150: starting episode collection
[DEBUG] train_step 7150: episodes collected, starting value_update
[DEBUG] train_step 7150: value_update done, starting policy_update
[DEBUG] train_step 7150: policy_update done
[step 07200] value_loss=4.016818 policy_loss=-0.019865
[step 07200] VALUE_DEBUG: target(mean=-9.60 std=6.66 min=-19.23 max=3.89) V(s)(mean=-9.75 std=6.19) reward(mean=0.601 std=2.090) clip=50.0
[step 07200] eval_success_rate=0.480 eval_mean_score=14.320 eval_policy_mode=greedy [solved=24/50, score_range=9.00-16.00/16.0, initial=9.00]
[step 07200] PROGRESS: filled=14.32 violations=0.00 zero_cand=0.00
[step 07200] DEBUG: ep_len=12.2 ep_ret=-3.961 stop_prob=0.000 score_chg=4.9600
[DEBUG] train_step 7200: starting episode collection
[DEBUG] train_step 7200: episodes collected, starting value_update
[DEBUG] train_step 7200: value_update done, starting policy_update
[DEBUG] train_step 7200: policy_update done
[step 07250] value_loss=8.302552 policy_loss=0.995614
[step 07250] VALUE_DEBUG: target(mean=-7.77 std=7.50 min=-17.17 max=8.08) V(s)(mean=-8.22 std=7.12) reward(mean=-0.523 std=5.832) clip=50.0
[DEBUG] train_step 7250: starting episode collection
[DEBUG] train_step 7250: episodes collected, starting value_update
[DEBUG] train_step 7250: value_update done, starting policy_update
[DEBUG] train_step 7250: policy_update done
[step 07300] value_loss=3.299809 policy_loss=0.400382
[step 07300] VALUE_DEBUG: target(mean=-6.84 std=7.77 min=-17.89 max=6.56) V(s)(mean=-7.22 std=7.27) reward(mean=-0.152 std=3.614) clip=50.0
[step 07300] eval_success_rate=0.480 eval_mean_score=14.080 eval_policy_mode=greedy [solved=24/50, score_range=9.00-16.00/16.0, initial=9.00]
[step 07300] PROGRESS: filled=14.08 violations=0.00 zero_cand=0.00
[step 07300] DEBUG: ep_len=12.7 ep_ret=-4.268 stop_prob=0.000 score_chg=5.0200
[DEBUG] train_step 7300: starting episode collection
[DEBUG] train_step 7300: episodes collected, starting value_update
[DEBUG] train_step 7300: value_update done, starting policy_update
[DEBUG] train_step 7300: policy_update done
[step 07350] value_loss=5.587073 policy_loss=0.205545
[step 07350] VALUE_DEBUG: target(mean=-9.30 std=8.13 min=-18.27 max=6.84) V(s)(mean=-8.69 std=7.95) reward(mean=-1.021 std=4.621) clip=50.0
[DEBUG] train_step 7350: starting episode collection
[DEBUG] train_step 7350: episodes collected, starting value_update
[DEBUG] train_step 7350: value_update done, starting policy_update
[DEBUG] train_step 7350: policy_update done
[step 07400] value_loss=3.540654 policy_loss=-0.197500
[step 07400] VALUE_DEBUG: target(mean=-8.52 std=8.02 min=-19.10 max=7.57) V(s)(mean=-9.32 std=7.25) reward(mean=0.187 std=3.586) clip=50.0
[step 07400] eval_success_rate=0.480 eval_mean_score=14.040 eval_policy_mode=greedy [solved=24/50, score_range=9.00-16.00/16.0, initial=9.00]
[step 07400] PROGRESS: filled=14.04 violations=0.00 zero_cand=0.00
[step 07400] DEBUG: ep_len=12.3 ep_ret=-3.726 stop_prob=0.000 score_chg=5.0000
[DEBUG] train_step 7400: starting episode collection
[DEBUG] train_step 7400: episodes collected, starting value_update
[DEBUG] train_step 7400: value_update done, starting policy_update
[DEBUG] train_step 7400: policy_update done
[step 07450] value_loss=3.799743 policy_loss=0.020159
[step 07450] VALUE_DEBUG: target(mean=-7.11 std=7.31 min=-16.21 max=4.67) V(s)(mean=-6.86 std=7.38) reward(mean=-0.742 std=3.499) clip=50.0
[DEBUG] train_step 7450: starting episode collection
[DEBUG] train_step 7450: episodes collected, starting value_update
[DEBUG] train_step 7450: value_update done, starting policy_update
[DEBUG] train_step 7450: policy_update done
[step 07500] value_loss=5.651874 policy_loss=0.547464
[step 07500] VALUE_DEBUG: target(mean=-7.67 std=6.70 min=-19.31 max=1.84) V(s)(mean=-7.62 std=6.21) reward(mean=0.072 std=3.590) clip=50.0
[step 07500] eval_success_rate=0.440 eval_mean_score=13.860 eval_policy_mode=greedy [solved=22/50, score_range=9.00-16.00/16.0, initial=9.00]
[step 07500] PROGRESS: filled=13.86 violations=0.00 zero_cand=0.00
[step 07500] DEBUG: ep_len=12.4 ep_ret=-4.074 stop_prob=0.000 score_chg=4.9425
[DEBUG] train_step 7500: starting episode collection
[DEBUG] train_step 7500: episodes collected, starting value_update
[DEBUG] train_step 7500: value_update done, starting policy_update
[DEBUG] train_step 7500: policy_update done
[step 07550] value_loss=6.466907 policy_loss=-0.847143
[step 07550] VALUE_DEBUG: target(mean=-9.09 std=6.89 min=-16.15 max=3.50) V(s)(mean=-8.79 std=6.85) reward(mean=-1.304 std=5.463) clip=50.0
[DEBUG] train_step 7550: starting episode collection
[DEBUG] train_step 7550: episodes collected, starting value_update
[DEBUG] train_step 7550: value_update done, starting policy_update
[DEBUG] train_step 7550: policy_update done
[step 07600] value_loss=1.950074 policy_loss=-0.067836
[step 07600] VALUE_DEBUG: target(mean=-11.28 std=6.11 min=-19.21 max=2.88) V(s)(mean=-10.84 std=5.87) reward(mean=0.007 std=1.423) clip=50.0
[step 07600] eval_success_rate=0.440 eval_mean_score=14.280 eval_policy_mode=greedy [solved=22/50, score_range=10.00-16.00/16.0, initial=9.00]
[step 07600] PROGRESS: filled=14.28 violations=0.00 zero_cand=0.00
[step 07600] DEBUG: ep_len=12.2 ep_ret=-3.008 stop_prob=0.000 score_chg=5.2975
[DEBUG] train_step 7600: starting episode collection
[DEBUG] train_step 7600: episodes collected, starting value_update
[DEBUG] train_step 7600: value_update done, starting policy_update
[DEBUG] train_step 7600: policy_update done
[step 07650] value_loss=10.018843 policy_loss=0.404645
[step 07650] VALUE_DEBUG: target(mean=-7.50 std=7.62 min=-19.00 max=3.32) V(s)(mean=-7.69 std=7.19) reward(mean=0.287 std=2.115) clip=50.0
[DEBUG] train_step 7650: starting episode collection
[DEBUG] train_step 7650: episodes collected, starting value_update
[DEBUG] train_step 7650: value_update done, starting policy_update
[DEBUG] train_step 7650: policy_update done
[step 07700] value_loss=2.229624 policy_loss=0.276741
[step 07700] VALUE_DEBUG: target(mean=-7.74 std=7.98 min=-19.87 max=5.54) V(s)(mean=-8.57 std=8.08) reward(mean=0.136 std=1.572) clip=50.0
[step 07700] eval_success_rate=0.400 eval_mean_score=13.780 eval_policy_mode=greedy [solved=20/50, score_range=10.00-16.00/16.0, initial=9.00]
[step 07700] PROGRESS: filled=13.78 violations=0.00 zero_cand=0.00
[step 07700] DEBUG: ep_len=12.3 ep_ret=-3.877 stop_prob=0.000 score_chg=5.0650
[DEBUG] train_step 7700: starting episode collection
[DEBUG] train_step 7700: episodes collected, starting value_update
[DEBUG] train_step 7700: value_update done, starting policy_update
[DEBUG] train_step 7700: policy_update done
[step 07750] value_loss=7.429196 policy_loss=-0.108290
[step 07750] VALUE_DEBUG: target(mean=-7.56 std=7.55 min=-23.27 max=6.77) V(s)(mean=-8.32 std=6.95) reward(mean=0.957 std=2.695) clip=50.0
[DEBUG] train_step 7750: starting episode collection
[DEBUG] train_step 7750: episodes collected, starting value_update
[DEBUG] train_step 7750: value_update done, starting policy_update
[DEBUG] train_step 7750: policy_update done
[step 07800] value_loss=4.662176 policy_loss=-0.102984
[step 07800] VALUE_DEBUG: target(mean=-7.78 std=9.13 min=-17.26 max=11.39) V(s)(mean=-8.01 std=8.35) reward(mean=0.190 std=3.646) clip=50.0
[step 07800] eval_success_rate=0.400 eval_mean_score=14.100 eval_policy_mode=greedy [solved=20/50, score_range=10.00-16.00/16.0, initial=9.00]
[step 07800] PROGRESS: filled=14.10 violations=0.00 zero_cand=0.00
[step 07800] DEBUG: ep_len=12.7 ep_ret=-4.764 stop_prob=0.000 score_chg=4.8250
[DEBUG] train_step 7800: starting episode collection
[DEBUG] train_step 7800: episodes collected, starting value_update
[DEBUG] train_step 7800: value_update done, starting policy_update
[DEBUG] train_step 7800: policy_update done
[step 07850] value_loss=1.940280 policy_loss=0.447751
[step 07850] VALUE_DEBUG: target(mean=-9.19 std=8.03 min=-19.13 max=4.34) V(s)(mean=-9.09 std=7.67) reward(mean=-0.466 std=3.219) clip=50.0
[DEBUG] train_step 7850: starting episode collection
[DEBUG] train_step 7850: episodes collected, starting value_update
[DEBUG] train_step 7850: value_update done, starting policy_update
[DEBUG] train_step 7850: policy_update done
[step 07900] value_loss=18.265400 policy_loss=0.016867
[step 07900] VALUE_DEBUG: target(mean=-8.38 std=8.02 min=-19.44 max=9.79) V(s)(mean=-8.50 std=7.44) reward(mean=-0.031 std=4.251) clip=50.0
[step 07900] eval_success_rate=0.360 eval_mean_score=13.820 eval_policy_mode=greedy [solved=18/50, score_range=10.00-16.00/16.0, initial=9.00]
[step 07900] PROGRESS: filled=13.82 violations=0.00 zero_cand=0.00
[step 07900] DEBUG: ep_len=12.9 ep_ret=-5.486 stop_prob=0.000 score_chg=4.6525
[DEBUG] train_step 7900: starting episode collection
[DEBUG] train_step 7900: episodes collected, starting value_update
[DEBUG] train_step 7900: value_update done, starting policy_update
[DEBUG] train_step 7900: policy_update done
[step 07950] value_loss=6.314053 policy_loss=-0.966439
[step 07950] VALUE_DEBUG: target(mean=-8.29 std=8.29 min=-23.15 max=4.30) V(s)(mean=-7.79 std=8.21) reward(mean=-0.771 std=3.618) clip=50.0
[DEBUG] train_step 7950: starting episode collection
[DEBUG] train_step 7950: episodes collected, starting value_update
[DEBUG] train_step 7950: value_update done, starting policy_update
[DEBUG] train_step 7950: policy_update done
[step 08000] value_loss=12.269404 policy_loss=0.943268
[step 08000] VALUE_DEBUG: target(mean=-8.12 std=8.54 min=-22.20 max=7.26) V(s)(mean=-7.04 std=7.90) reward(mean=-0.984 std=5.255) clip=50.0
[step 08000] eval_success_rate=0.360 eval_mean_score=14.100 eval_policy_mode=greedy [solved=18/50, score_range=9.00-16.00/16.0, initial=9.00]
[step 08000] PROGRESS: filled=14.10 violations=0.00 zero_cand=0.00
[step 08000] DEBUG: ep_len=12.9 ep_ret=-4.441 stop_prob=0.000 score_chg=4.9350
[Checkpoint] Saved to buiksat_trm/checkpoints/table3_hard_6to8_controlled_nomask_nc_r10_s6/rl_checkpoint_step_8000.pt
[DEBUG] train_step 8000: starting episode collection
[DEBUG] train_step 8000: episodes collected, starting value_update
[DEBUG] train_step 8000: value_update done, starting policy_update
[DEBUG] train_step 8000: policy_update done
[step 08050] value_loss=3.893870 policy_loss=0.669792
[step 08050] VALUE_DEBUG: target(mean=-7.56 std=7.99 min=-16.42 max=5.97) V(s)(mean=-6.97 std=7.85) reward(mean=-0.330 std=1.982) clip=50.0
[DEBUG] train_step 8050: starting episode collection
[DEBUG] train_step 8050: episodes collected, starting value_update
[DEBUG] train_step 8050: value_update done, starting policy_update
[DEBUG] train_step 8050: policy_update done
[step 08100] value_loss=1.565438 policy_loss=0.601282
[step 08100] VALUE_DEBUG: target(mean=-10.08 std=8.10 min=-18.75 max=5.37) V(s)(mean=-10.04 std=8.31) reward(mean=-1.535 std=4.899) clip=50.0
[step 08100] eval_success_rate=0.380 eval_mean_score=13.860 eval_policy_mode=greedy [solved=19/50, score_range=9.00-16.00/16.0, initial=9.00]
[step 08100] PROGRESS: filled=13.86 violations=0.00 zero_cand=0.00
[step 08100] DEBUG: ep_len=12.6 ep_ret=-4.266 stop_prob=0.000 score_chg=4.9525
[DEBUG] train_step 8100: starting episode collection
[DEBUG] train_step 8100: episodes collected, starting value_update
[DEBUG] train_step 8100: value_update done, starting policy_update
[DEBUG] train_step 8100: policy_update done
[step 08150] value_loss=4.003176 policy_loss=0.332439
[step 08150] VALUE_DEBUG: target(mean=-6.28 std=8.34 min=-19.13 max=5.52) V(s)(mean=-6.63 std=7.99) reward(mean=-0.270 std=3.459) clip=50.0
[DEBUG] train_step 8150: starting episode collection
[DEBUG] train_step 8150: episodes collected, starting value_update
[DEBUG] train_step 8150: value_update done, starting policy_update
[DEBUG] train_step 8150: policy_update done
[step 08200] value_loss=0.918861 policy_loss=-0.205003
[step 08200] VALUE_DEBUG: target(mean=-8.65 std=9.04 min=-17.82 max=7.50) V(s)(mean=-9.07 std=8.67) reward(mean=-0.087 std=2.990) clip=50.0
[step 08200] eval_success_rate=0.440 eval_mean_score=13.880 eval_policy_mode=greedy [solved=22/50, score_range=9.00-16.00/16.0, initial=9.00]
[step 08200] PROGRESS: filled=13.88 violations=0.00 zero_cand=0.00
[step 08200] DEBUG: ep_len=12.0 ep_ret=-3.044 stop_prob=0.000 score_chg=4.7775
[DEBUG] train_step 8200: starting episode collection
[DEBUG] train_step 8200: episodes collected, starting value_update
[DEBUG] train_step 8200: value_update done, starting policy_update
[DEBUG] train_step 8200: policy_update done
[step 08250] value_loss=3.649471 policy_loss=-0.576570
[step 08250] VALUE_DEBUG: target(mean=-7.62 std=8.63 min=-20.47 max=5.13) V(s)(mean=-7.31 std=8.21) reward(mean=0.063 std=2.282) clip=50.0
[DEBUG] train_step 8250: starting episode collection
[DEBUG] train_step 8250: episodes collected, starting value_update
[DEBUG] train_step 8250: value_update done, starting policy_update
[DEBUG] train_step 8250: policy_update done
[step 08300] value_loss=5.307754 policy_loss=-0.299739
[step 08300] VALUE_DEBUG: target(mean=-10.34 std=7.87 min=-19.40 max=5.01) V(s)(mean=-10.69 std=7.41) reward(mean=-1.813 std=5.820) clip=50.0
[step 08300] eval_success_rate=0.400 eval_mean_score=13.720 eval_policy_mode=greedy [solved=20/50, score_range=9.00-16.00/16.0, initial=9.00]
[step 08300] PROGRESS: filled=13.84 violations=0.06 zero_cand=0.00
[step 08300] DEBUG: ep_len=12.1 ep_ret=-3.034 stop_prob=0.000 score_chg=4.9500
[DEBUG] train_step 8300: starting episode collection
[DEBUG] train_step 8300: episodes collected, starting value_update
[DEBUG] train_step 8300: value_update done, starting policy_update
[DEBUG] train_step 8300: policy_update done
[step 08350] value_loss=8.919176 policy_loss=-0.891274
[step 08350] VALUE_DEBUG: target(mean=-5.94 std=9.64 min=-17.55 max=13.15) V(s)(mean=-6.53 std=8.97) reward(mean=0.915 std=2.905) clip=50.0
[DEBUG] train_step 8350: starting episode collection
[DEBUG] train_step 8350: episodes collected, starting value_update
[DEBUG] train_step 8350: value_update done, starting policy_update
[DEBUG] train_step 8350: policy_update done
[step 08400] value_loss=2.156497 policy_loss=-0.261974
[step 08400] VALUE_DEBUG: target(mean=-8.53 std=9.08 min=-22.21 max=8.68) V(s)(mean=-8.83 std=8.61) reward(mean=-0.243 std=3.258) clip=50.0
[step 08400] eval_success_rate=0.260 eval_mean_score=13.740 eval_policy_mode=greedy [solved=13/50, score_range=10.00-16.00/16.0, initial=9.00]
[step 08400] PROGRESS: filled=13.74 violations=0.00 zero_cand=0.00
[step 08400] DEBUG: ep_len=12.7 ep_ret=-3.630 stop_prob=0.000 score_chg=5.2250
[DEBUG] train_step 8400: starting episode collection
[DEBUG] train_step 8400: episodes collected, starting value_update
[DEBUG] train_step 8400: value_update done, starting policy_update
[DEBUG] train_step 8400: policy_update done
[step 08450] value_loss=14.110043 policy_loss=-0.531578
[step 08450] VALUE_DEBUG: target(mean=-7.77 std=8.51 min=-24.67 max=13.28) V(s)(mean=-8.08 std=6.84) reward(mean=0.634 std=4.167) clip=50.0
[DEBUG] train_step 8450: starting episode collection
[DEBUG] train_step 8450: episodes collected, starting value_update
[DEBUG] train_step 8450: value_update done, starting policy_update
[DEBUG] train_step 8450: policy_update done
[step 08500] value_loss=8.236234 policy_loss=-0.926914
[step 08500] VALUE_DEBUG: target(mean=-5.80 std=9.70 min=-18.68 max=10.77) V(s)(mean=-5.59 std=8.98) reward(mean=-0.044 std=3.114) clip=50.0
[step 08500] eval_success_rate=0.220 eval_mean_score=13.460 eval_policy_mode=greedy [solved=11/50, score_range=10.00-16.00/16.0, initial=9.00]
[step 08500] PROGRESS: filled=13.46 violations=0.00 zero_cand=0.00
[step 08500] DEBUG: ep_len=13.2 ep_ret=-4.438 stop_prob=0.000 score_chg=5.0225
[DEBUG] train_step 8500: starting episode collection
[DEBUG] train_step 8500: episodes collected, starting value_update
[DEBUG] train_step 8500: value_update done, starting policy_update
[DEBUG] train_step 8500: policy_update done
[step 08550] value_loss=4.741514 policy_loss=0.642399
[step 08550] VALUE_DEBUG: target(mean=-6.99 std=8.19 min=-18.55 max=5.57) V(s)(mean=-7.63 std=8.02) reward(mean=0.321 std=3.890) clip=50.0
[DEBUG] train_step 8550: starting episode collection
[DEBUG] train_step 8550: episodes collected, starting value_update
[DEBUG] train_step 8550: value_update done, starting policy_update
[DEBUG] train_step 8550: policy_update done
[step 08600] value_loss=9.729443 policy_loss=0.213375
[step 08600] VALUE_DEBUG: target(mean=-6.38 std=9.62 min=-23.01 max=11.07) V(s)(mean=-6.31 std=9.30) reward(mean=-0.494 std=5.179) clip=50.0
[step 08600] eval_success_rate=0.260 eval_mean_score=13.900 eval_policy_mode=greedy [solved=13/50, score_range=9.00-16.00/16.0, initial=9.00]
[step 08600] PROGRESS: filled=13.90 violations=0.00 zero_cand=0.00
[step 08600] DEBUG: ep_len=13.6 ep_ret=-5.901 stop_prob=0.000 score_chg=4.9850
[DEBUG] train_step 8600: starting episode collection
[DEBUG] train_step 8600: episodes collected, starting value_update
[DEBUG] train_step 8600: value_update done, starting policy_update
[DEBUG] train_step 8600: policy_update done
[step 08650] value_loss=25.797623 policy_loss=0.443286
[step 08650] VALUE_DEBUG: target(mean=-7.92 std=8.83 min=-22.84 max=5.13) V(s)(mean=-8.30 std=8.21) reward(mean=-0.111 std=3.326) clip=50.0
[DEBUG] train_step 8650: starting episode collection
[DEBUG] train_step 8650: episodes collected, starting value_update
[DEBUG] train_step 8650: value_update done, starting policy_update
[DEBUG] train_step 8650: policy_update done
[step 08700] value_loss=11.629148 policy_loss=0.660027
[step 08700] VALUE_DEBUG: target(mean=-5.26 std=9.43 min=-19.19 max=6.67) V(s)(mean=-5.91 std=9.09) reward(mean=-0.058 std=3.576) clip=50.0
[step 08700] eval_success_rate=0.320 eval_mean_score=13.800 eval_policy_mode=greedy [solved=16/50, score_range=10.00-16.00/16.0, initial=9.00]
[step 08700] PROGRESS: filled=13.80 violations=0.00 zero_cand=0.00
[step 08700] DEBUG: ep_len=12.6 ep_ret=-2.980 stop_prob=0.000 score_chg=5.5675
[DEBUG] train_step 8700: starting episode collection
[DEBUG] train_step 8700: episodes collected, starting value_update
[DEBUG] train_step 8700: value_update done, starting policy_update
[DEBUG] train_step 8700: policy_update done
[step 08750] value_loss=21.678715 policy_loss=-0.374642
[step 08750] VALUE_DEBUG: target(mean=-8.20 std=8.30 min=-16.72 max=5.43) V(s)(mean=-7.85 std=8.87) reward(mean=-1.083 std=4.340) clip=50.0
[DEBUG] train_step 8750: starting episode collection
[DEBUG] train_step 8750: episodes collected, starting value_update
[DEBUG] train_step 8750: value_update done, starting policy_update
[DEBUG] train_step 8750: policy_update done
[step 08800] value_loss=4.706857 policy_loss=0.040674
[step 08800] VALUE_DEBUG: target(mean=-5.93 std=8.91 min=-16.73 max=12.13) V(s)(mean=-6.38 std=9.06) reward(mean=0.033 std=4.847) clip=50.0
[step 08800] eval_success_rate=0.200 eval_mean_score=13.780 eval_policy_mode=greedy [solved=10/50, score_range=10.00-16.00/16.0, initial=9.00]
[step 08800] PROGRESS: filled=13.78 violations=0.00 zero_cand=0.00
[step 08800] DEBUG: ep_len=13.5 ep_ret=-4.986 stop_prob=0.000 score_chg=5.0975
[DEBUG] train_step 8800: starting episode collection
[DEBUG] train_step 8800: episodes collected, starting value_update
[DEBUG] train_step 8800: value_update done, starting policy_update
[DEBUG] train_step 8800: policy_update done
[step 08850] value_loss=1.790075 policy_loss=0.419699
[step 08850] VALUE_DEBUG: target(mean=-6.85 std=8.78 min=-18.19 max=5.37) V(s)(mean=-7.14 std=8.81) reward(mean=0.410 std=1.300) clip=50.0
[DEBUG] train_step 8850: starting episode collection
[DEBUG] train_step 8850: episodes collected, starting value_update
[DEBUG] train_step 8850: value_update done, starting policy_update
[DEBUG] train_step 8850: policy_update done
[step 08900] value_loss=3.938487 policy_loss=-0.341008
[step 08900] VALUE_DEBUG: target(mean=-6.04 std=8.48 min=-16.52 max=9.77) V(s)(mean=-5.92 std=8.22) reward(mean=0.409 std=2.102) clip=50.0
[step 08900] eval_success_rate=0.200 eval_mean_score=13.740 eval_policy_mode=greedy [solved=10/50, score_range=9.00-16.00/16.0, initial=9.00]
[step 08900] PROGRESS: filled=13.74 violations=0.00 zero_cand=0.00
[step 08900] DEBUG: ep_len=12.8 ep_ret=-3.613 stop_prob=0.000 score_chg=5.3225
[DEBUG] train_step 8900: starting episode collection
[DEBUG] train_step 8900: episodes collected, starting value_update
[DEBUG] train_step 8900: value_update done, starting policy_update
[DEBUG] train_step 8900: policy_update done
[step 08950] value_loss=18.258797 policy_loss=0.629897
[step 08950] VALUE_DEBUG: target(mean=-10.39 std=8.85 min=-22.92 max=11.95) V(s)(mean=-10.34 std=7.61) reward(mean=-0.921 std=4.687) clip=50.0
[DEBUG] train_step 8950: starting episode collection
[DEBUG] train_step 8950: episodes collected, starting value_update
[DEBUG] train_step 8950: value_update done, starting policy_update
[DEBUG] train_step 8950: policy_update done
[step 09000] value_loss=5.932595 policy_loss=0.029321
[step 09000] VALUE_DEBUG: target(mean=-5.97 std=9.10 min=-20.63 max=13.32) V(s)(mean=-6.65 std=8.90) reward(mean=0.818 std=2.615) clip=50.0
[step 09000] eval_success_rate=0.300 eval_mean_score=13.800 eval_policy_mode=greedy [solved=15/50, score_range=10.00-16.00/16.0, initial=9.00]
[step 09000] PROGRESS: filled=13.80 violations=0.00 zero_cand=0.00
[step 09000] DEBUG: ep_len=12.9 ep_ret=-3.890 stop_prob=0.000 score_chg=5.3725
[Checkpoint] Saved to buiksat_trm/checkpoints/table3_hard_6to8_controlled_nomask_nc_r10_s6/rl_checkpoint_step_9000.pt
[DEBUG] train_step 9000: starting episode collection
[DEBUG] train_step 9000: episodes collected, starting value_update
[DEBUG] train_step 9000: value_update done, starting policy_update
[DEBUG] train_step 9000: policy_update done
[step 09050] value_loss=8.792518 policy_loss=0.321974
[step 09050] VALUE_DEBUG: target(mean=-9.84 std=8.50 min=-22.78 max=6.21) V(s)(mean=-8.96 std=8.37) reward(mean=-1.082 std=4.044) clip=50.0
[DEBUG] train_step 9050: starting episode collection
[DEBUG] train_step 9050: episodes collected, starting value_update
[DEBUG] train_step 9050: value_update done, starting policy_update
[DEBUG] train_step 9050: policy_update done
[step 09100] value_loss=12.937701 policy_loss=-0.116526
[step 09100] VALUE_DEBUG: target(mean=-7.51 std=7.83 min=-21.35 max=6.86) V(s)(mean=-7.03 std=7.70) reward(mean=-0.338 std=3.984) clip=50.0
[step 09100] eval_success_rate=0.240 eval_mean_score=13.980 eval_policy_mode=greedy [solved=12/50, score_range=10.00-16.00/16.0, initial=9.00]
[step 09100] PROGRESS: filled=13.98 violations=0.00 zero_cand=0.00
[step 09100] DEBUG: ep_len=12.9 ep_ret=-3.643 stop_prob=0.000 score_chg=5.3350
[DEBUG] train_step 9100: starting episode collection
[DEBUG] train_step 9100: episodes collected, starting value_update
[DEBUG] train_step 9100: value_update done, starting policy_update
[DEBUG] train_step 9100: policy_update done
[step 09150] value_loss=6.590045 policy_loss=1.123243
[step 09150] VALUE_DEBUG: target(mean=-6.23 std=9.57 min=-19.76 max=9.65) V(s)(mean=-5.71 std=8.82) reward(mean=-0.020 std=2.696) clip=50.0
[DEBUG] train_step 9150: starting episode collection
[DEBUG] train_step 9150: episodes collected, starting value_update
[DEBUG] train_step 9150: value_update done, starting policy_update
[DEBUG] train_step 9150: policy_update done
[step 09200] value_loss=4.050006 policy_loss=0.137754
[step 09200] VALUE_DEBUG: target(mean=-4.51 std=9.28 min=-17.75 max=6.96) V(s)(mean=-5.31 std=8.85) reward(mean=0.797 std=2.142) clip=50.0
[step 09200] eval_success_rate=0.280 eval_mean_score=14.100 eval_policy_mode=greedy [solved=14/50, score_range=10.00-16.00/16.0, initial=9.00]
[step 09200] PROGRESS: filled=14.10 violations=0.00 zero_cand=0.00
[step 09200] DEBUG: ep_len=12.8 ep_ret=-4.201 stop_prob=0.000 score_chg=5.1300
[DEBUG] train_step 9200: starting episode collection
[DEBUG] train_step 9200: episodes collected, starting value_update
[DEBUG] train_step 9200: value_update done, starting policy_update
[DEBUG] train_step 9200: policy_update done
[step 09250] value_loss=3.175323 policy_loss=0.367841
[step 09250] VALUE_DEBUG: target(mean=-7.08 std=9.77 min=-22.06 max=5.93) V(s)(mean=-6.65 std=9.04) reward(mean=-0.591 std=3.592) clip=50.0
[DEBUG] train_step 9250: starting episode collection
[DEBUG] train_step 9250: episodes collected, starting value_update
[DEBUG] train_step 9250: value_update done, starting policy_update
[DEBUG] train_step 9250: policy_update done
[step 09300] value_loss=2.262336 policy_loss=-0.194179
[step 09300] VALUE_DEBUG: target(mean=-9.39 std=7.76 min=-21.18 max=6.36) V(s)(mean=-8.91 std=7.49) reward(mean=-0.206 std=3.599) clip=50.0
[step 09300] eval_success_rate=0.340 eval_mean_score=14.100 eval_policy_mode=greedy [solved=17/50, score_range=10.00-16.00/16.0, initial=9.00]
[step 09300] PROGRESS: filled=14.10 violations=0.00 zero_cand=0.00
[step 09300] DEBUG: ep_len=12.5 ep_ret=-2.841 stop_prob=0.000 score_chg=5.3700
[DEBUG] train_step 9300: starting episode collection
[DEBUG] train_step 9300: episodes collected, starting value_update
[DEBUG] train_step 9300: value_update done, starting policy_update
[DEBUG] train_step 9300: policy_update done
[step 09350] value_loss=13.008509 policy_loss=0.331209
[step 09350] VALUE_DEBUG: target(mean=-7.13 std=9.72 min=-18.27 max=9.25) V(s)(mean=-7.09 std=9.13) reward(mean=-0.396 std=4.556) clip=50.0
[DEBUG] train_step 9350: starting episode collection
[DEBUG] train_step 9350: episodes collected, starting value_update
[DEBUG] train_step 9350: value_update done, starting policy_update
[DEBUG] train_step 9350: policy_update done
[step 09400] value_loss=13.267032 policy_loss=-1.049877
[step 09400] VALUE_DEBUG: target(mean=-8.22 std=7.93 min=-18.14 max=6.84) V(s)(mean=-7.51 std=7.98) reward(mean=-0.399 std=2.823) clip=50.0
[step 09400] eval_success_rate=0.420 eval_mean_score=14.660 eval_policy_mode=greedy [solved=21/50, score_range=10.00-16.00/16.0, initial=9.00]
[step 09400] PROGRESS: filled=14.66 violations=0.00 zero_cand=0.00
[step 09400] DEBUG: ep_len=12.3 ep_ret=-2.169 stop_prob=0.000 score_chg=5.6700
[DEBUG] train_step 9400: starting episode collection
[DEBUG] train_step 9400: episodes collected, starting value_update
[DEBUG] train_step 9400: value_update done, starting policy_update
[DEBUG] train_step 9400: policy_update done
[step 09450] value_loss=10.511465 policy_loss=-0.263873
[step 09450] VALUE_DEBUG: target(mean=-6.27 std=8.93 min=-18.47 max=9.22) V(s)(mean=-6.87 std=8.54) reward(mean=-0.241 std=4.236) clip=50.0
[DEBUG] train_step 9450: starting episode collection
[DEBUG] train_step 9450: episodes collected, starting value_update
[DEBUG] train_step 9450: value_update done, starting policy_update
[DEBUG] train_step 9450: policy_update done
[step 09500] value_loss=6.366773 policy_loss=-0.729049
[step 09500] VALUE_DEBUG: target(mean=-4.65 std=8.37 min=-18.37 max=14.16) V(s)(mean=-5.32 std=8.39) reward(mean=0.814 std=2.357) clip=50.0
[step 09500] eval_success_rate=0.320 eval_mean_score=14.160 eval_policy_mode=greedy [solved=16/50, score_range=10.00-16.00/16.0, initial=9.00]
[step 09500] PROGRESS: filled=14.16 violations=0.00 zero_cand=0.00
[step 09500] DEBUG: ep_len=11.6 ep_ret=-0.753 stop_prob=0.000 score_chg=5.8475
[DEBUG] train_step 9500: starting episode collection
[DEBUG] train_step 9500: episodes collected, starting value_update
[DEBUG] train_step 9500: value_update done, starting policy_update
[DEBUG] train_step 9500: policy_update done
[step 09550] value_loss=7.695990 policy_loss=-1.456226
[step 09550] VALUE_DEBUG: target(mean=-7.26 std=8.07 min=-20.08 max=6.84) V(s)(mean=-7.12 std=7.36) reward(mean=0.311 std=1.880) clip=50.0
[DEBUG] train_step 9550: starting episode collection
[DEBUG] train_step 9550: episodes collected, starting value_update
[DEBUG] train_step 9550: value_update done, starting policy_update
[DEBUG] train_step 9550: policy_update done
[step 09600] value_loss=2.401406 policy_loss=1.913822
[step 09600] VALUE_DEBUG: target(mean=-7.88 std=8.79 min=-21.03 max=6.90) V(s)(mean=-7.56 std=8.37) reward(mean=-0.147 std=3.949) clip=50.0
[step 09600] eval_success_rate=0.360 eval_mean_score=14.320 eval_policy_mode=greedy [solved=18/50, score_range=10.00-16.00/16.0, initial=9.00]
[step 09600] PROGRESS: filled=14.32 violations=0.00 zero_cand=0.00
[step 09600] DEBUG: ep_len=12.3 ep_ret=-2.279 stop_prob=0.000 score_chg=5.5975
[DEBUG] train_step 9600: starting episode collection
[DEBUG] train_step 9600: episodes collected, starting value_update
[DEBUG] train_step 9600: value_update done, starting policy_update
[DEBUG] train_step 9600: policy_update done
[step 09650] value_loss=3.506871 policy_loss=-0.917658
[step 09650] VALUE_DEBUG: target(mean=-7.73 std=8.96 min=-18.62 max=13.99) V(s)(mean=-7.63 std=8.23) reward(mean=0.808 std=2.048) clip=50.0
[DEBUG] train_step 9650: starting episode collection
[DEBUG] train_step 9650: episodes collected, starting value_update
[DEBUG] train_step 9650: value_update done, starting policy_update
[DEBUG] train_step 9650: policy_update done
[step 09700] value_loss=2.564446 policy_loss=-0.126698
[step 09700] VALUE_DEBUG: target(mean=-4.73 std=7.73 min=-16.92 max=6.44) V(s)(mean=-4.28 std=7.76) reward(mean=-0.343 std=3.314) clip=50.0
[step 09700] eval_success_rate=0.320 eval_mean_score=14.440 eval_policy_mode=greedy [solved=16/50, score_range=10.00-16.00/16.0, initial=9.00]
[step 09700] PROGRESS: filled=14.44 violations=0.00 zero_cand=0.00
[step 09700] DEBUG: ep_len=12.0 ep_ret=-1.565 stop_prob=0.000 score_chg=5.7675
[DEBUG] train_step 9700: starting episode collection
[DEBUG] train_step 9700: episodes collected, starting value_update
[DEBUG] train_step 9700: value_update done, starting policy_update
[DEBUG] train_step 9700: policy_update done
[step 09750] value_loss=3.376635 policy_loss=-1.008779
[step 09750] VALUE_DEBUG: target(mean=-8.03 std=8.00 min=-21.08 max=5.02) V(s)(mean=-7.62 std=7.85) reward(mean=-1.775 std=5.865) clip=50.0
[DEBUG] train_step 9750: starting episode collection
[DEBUG] train_step 9750: episodes collected, starting value_update
[DEBUG] train_step 9750: value_update done, starting policy_update
[DEBUG] train_step 9750: policy_update done
[step 09800] value_loss=6.381825 policy_loss=-0.280132
[step 09800] VALUE_DEBUG: target(mean=-6.65 std=7.39 min=-18.38 max=5.74) V(s)(mean=-6.32 std=6.80) reward(mean=-0.184 std=2.983) clip=50.0
[step 09800] eval_success_rate=0.340 eval_mean_score=14.480 eval_policy_mode=greedy [solved=17/50, score_range=10.00-16.00/16.0, initial=9.00]
[step 09800] PROGRESS: filled=14.48 violations=0.00 zero_cand=0.00
[step 09800] DEBUG: ep_len=12.3 ep_ret=-1.217 stop_prob=0.000 score_chg=5.8625
[DEBUG] train_step 9800: starting episode collection
[DEBUG] train_step 9800: episodes collected, starting value_update
[DEBUG] train_step 9800: value_update done, starting policy_update
[DEBUG] train_step 9800: policy_update done
[step 09850] value_loss=6.420928 policy_loss=-0.434239
[step 09850] VALUE_DEBUG: target(mean=-6.59 std=8.50 min=-19.39 max=7.15) V(s)(mean=-6.41 std=8.42) reward(mean=-0.344 std=3.767) clip=50.0
[DEBUG] train_step 9850: starting episode collection
[DEBUG] train_step 9850: episodes collected, starting value_update
[DEBUG] train_step 9850: value_update done, starting policy_update
[DEBUG] train_step 9850: policy_update done
[step 09900] value_loss=6.030617 policy_loss=-1.052342
[step 09900] VALUE_DEBUG: target(mean=-6.74 std=8.97 min=-20.21 max=11.02) V(s)(mean=-7.58 std=8.12) reward(mean=1.073 std=2.336) clip=50.0
[step 09900] eval_success_rate=0.440 eval_mean_score=14.300 eval_policy_mode=greedy [solved=22/50, score_range=10.00-16.00/16.0, initial=9.00]
[step 09900] PROGRESS: filled=14.30 violations=0.00 zero_cand=0.00
[step 09900] DEBUG: ep_len=11.9 ep_ret=-1.427 stop_prob=0.000 score_chg=5.5500
[DEBUG] train_step 9900: starting episode collection
[DEBUG] train_step 9900: episodes collected, starting value_update
[DEBUG] train_step 9900: value_update done, starting policy_update
[DEBUG] train_step 9900: policy_update done
[step 09950] value_loss=7.514712 policy_loss=0.076598
[step 09950] VALUE_DEBUG: target(mean=-5.24 std=8.84 min=-21.18 max=11.44) V(s)(mean=-5.26 std=8.26) reward(mean=0.356 std=2.948) clip=50.0
[DEBUG] train_step 9950: starting episode collection
[DEBUG] train_step 9950: episodes collected, starting value_update
[DEBUG] train_step 9950: value_update done, starting policy_update
[DEBUG] train_step 9950: policy_update done
[step 10000] value_loss=5.760393 policy_loss=0.987348
[step 10000] VALUE_DEBUG: target(mean=-7.33 std=8.44 min=-18.28 max=10.38) V(s)(mean=-7.81 std=7.89) reward(mean=0.442 std=3.877) clip=50.0
[step 10000] eval_success_rate=0.360 eval_mean_score=14.320 eval_policy_mode=greedy [solved=18/50, score_range=10.00-16.00/16.0, initial=9.00]
[step 10000] PROGRESS: filled=14.32 violations=0.00 zero_cand=0.00
[step 10000] DEBUG: ep_len=11.7 ep_ret=-0.621 stop_prob=0.000 score_chg=5.4850
[Checkpoint] Saved to buiksat_trm/checkpoints/table3_hard_6to8_controlled_nomask_nc_r10_s6/rl_checkpoint_step_10000.pt
[DEBUG] train_step 10000: starting episode collection
[DEBUG] train_step 10000: episodes collected, starting value_update
[DEBUG] train_step 10000: value_update done, starting policy_update
[DEBUG] train_step 10000: policy_update done
[step 10050] value_loss=2.709280 policy_loss=0.684758
[step 10050] VALUE_DEBUG: target(mean=-4.59 std=9.02 min=-18.80 max=7.61) V(s)(mean=-5.34 std=9.11) reward(mean=0.123 std=3.106) clip=50.0
[DEBUG] train_step 10050: starting episode collection
[DEBUG] train_step 10050: episodes collected, starting value_update
[DEBUG] train_step 10050: value_update done, starting policy_update
[DEBUG] train_step 10050: policy_update done
[step 10100] value_loss=4.681380 policy_loss=0.354320
[step 10100] VALUE_DEBUG: target(mean=-6.12 std=8.51 min=-21.74 max=6.50) V(s)(mean=-6.37 std=7.99) reward(mean=0.040 std=2.446) clip=50.0
[step 10100] eval_success_rate=0.540 eval_mean_score=14.840 eval_policy_mode=greedy [solved=27/50, score_range=10.00-16.00/16.0, initial=9.00]
[step 10100] PROGRESS: filled=14.84 violations=0.00 zero_cand=0.00
[step 10100] DEBUG: ep_len=11.7 ep_ret=-0.602 stop_prob=0.000 score_chg=5.7800
[DEBUG] train_step 10100: starting episode collection
[DEBUG] train_step 10100: episodes collected, starting value_update
[DEBUG] train_step 10100: value_update done, starting policy_update
[DEBUG] train_step 10100: policy_update done
[step 10150] value_loss=2.901739 policy_loss=1.176696
[step 10150] VALUE_DEBUG: target(mean=-7.40 std=7.24 min=-17.21 max=6.38) V(s)(mean=-8.04 std=7.21) reward(mean=0.256 std=2.414) clip=50.0
[DEBUG] train_step 10150: starting episode collection
[DEBUG] train_step 10150: episodes collected, starting value_update
[DEBUG] train_step 10150: value_update done, starting policy_update
[DEBUG] train_step 10150: policy_update done
[step 10200] value_loss=0.916748 policy_loss=0.130579
[step 10200] VALUE_DEBUG: target(mean=-4.96 std=8.44 min=-17.19 max=6.95) V(s)(mean=-4.91 std=8.26) reward(mean=-0.620 std=4.272) clip=50.0
[step 10200] eval_success_rate=0.600 eval_mean_score=14.780 eval_policy_mode=greedy [solved=30/50, score_range=10.00-16.00/16.0, initial=9.00]
[step 10200] PROGRESS: filled=14.78 violations=0.00 zero_cand=0.00
[step 10200] DEBUG: ep_len=11.2 ep_ret=0.109 stop_prob=0.000 score_chg=5.7925
[DEBUG] train_step 10200: starting episode collection
[DEBUG] train_step 10200: episodes collected, starting value_update
[DEBUG] train_step 10200: value_update done, starting policy_update
[DEBUG] train_step 10200: policy_update done
[step 10250] value_loss=6.398372 policy_loss=0.622242
[step 10250] VALUE_DEBUG: target(mean=-8.08 std=7.55 min=-19.15 max=6.23) V(s)(mean=-7.71 std=7.59) reward(mean=-0.456 std=2.587) clip=50.0
[DEBUG] train_step 10250: starting episode collection
[DEBUG] train_step 10250: episodes collected, starting value_update
[DEBUG] train_step 10250: value_update done, starting policy_update
[DEBUG] train_step 10250: policy_update done
[step 10300] value_loss=9.200984 policy_loss=-0.544659
[step 10300] VALUE_DEBUG: target(mean=-5.32 std=7.41 min=-16.18 max=7.72) V(s)(mean=-5.90 std=7.41) reward(mean=0.636 std=3.505) clip=50.0
[step 10300] eval_success_rate=0.540 eval_mean_score=14.580 eval_policy_mode=greedy [solved=27/50, score_range=10.00-16.00/16.0, initial=9.00]
[step 10300] PROGRESS: filled=14.58 violations=0.00 zero_cand=0.00
[step 10300] DEBUG: ep_len=11.4 ep_ret=0.180 stop_prob=0.000 score_chg=6.0200
[DEBUG] train_step 10300: starting episode collection
[DEBUG] train_step 10300: episodes collected, starting value_update
[DEBUG] train_step 10300: value_update done, starting policy_update
[DEBUG] train_step 10300: policy_update done
[step 10350] value_loss=15.075556 policy_loss=1.181268
[step 10350] VALUE_DEBUG: target(mean=-5.45 std=7.55 min=-21.65 max=4.98) V(s)(mean=-5.68 std=7.35) reward(mean=-0.433 std=3.901) clip=50.0
[DEBUG] train_step 10350: starting episode collection
[DEBUG] train_step 10350: episodes collected, starting value_update
[DEBUG] train_step 10350: value_update done, starting policy_update
[DEBUG] train_step 10350: policy_update done
[step 10400] value_loss=5.920131 policy_loss=0.052631
[step 10400] VALUE_DEBUG: target(mean=-5.18 std=7.46 min=-16.15 max=6.84) V(s)(mean=-5.40 std=7.13) reward(mean=-0.124 std=4.887) clip=50.0
[step 10400] eval_success_rate=0.580 eval_mean_score=14.760 eval_policy_mode=greedy [solved=29/50, score_range=10.00-16.00/16.0, initial=9.00]
[step 10400] PROGRESS: filled=14.76 violations=0.00 zero_cand=0.00
[step 10400] DEBUG: ep_len=11.6 ep_ret=-0.873 stop_prob=0.000 score_chg=5.6525
[DEBUG] train_step 10400: starting episode collection
[DEBUG] train_step 10400: episodes collected, starting value_update
[DEBUG] train_step 10400: value_update done, starting policy_update
[DEBUG] train_step 10400: policy_update done
[step 10450] value_loss=3.007469 policy_loss=-0.004531
[step 10450] VALUE_DEBUG: target(mean=-4.89 std=9.09 min=-18.76 max=6.84) V(s)(mean=-5.54 std=8.70) reward(mean=0.134 std=3.851) clip=50.0
[DEBUG] train_step 10450: starting episode collection
[DEBUG] train_step 10450: episodes collected, starting value_update
[DEBUG] train_step 10450: value_update done, starting policy_update
[DEBUG] train_step 10450: policy_update done
[step 10500] value_loss=11.797170 policy_loss=0.455644
[step 10500] VALUE_DEBUG: target(mean=-5.61 std=7.94 min=-17.15 max=7.50) V(s)(mean=-5.01 std=7.44) reward(mean=0.222 std=3.652) clip=50.0
[step 10500] eval_success_rate=0.580 eval_mean_score=15.000 eval_policy_mode=greedy [solved=29/50, score_range=10.00-16.00/16.0, initial=9.00]
[step 10500] PROGRESS: filled=15.00 violations=0.00 zero_cand=0.00
[step 10500] DEBUG: ep_len=11.5 ep_ret=-0.299 stop_prob=0.000 score_chg=5.7750
[DEBUG] train_step 10500: starting episode collection
[DEBUG] train_step 10500: episodes collected, starting value_update
[DEBUG] train_step 10500: value_update done, starting policy_update
[DEBUG] train_step 10500: policy_update done
[step 10550] value_loss=14.608982 policy_loss=0.025371
[step 10550] VALUE_DEBUG: target(mean=-5.76 std=8.37 min=-22.52 max=8.24) V(s)(mean=-5.94 std=8.19) reward(mean=-0.650 std=5.365) clip=50.0
[DEBUG] train_step 10550: starting episode collection
[DEBUG] train_step 10550: episodes collected, starting value_update
[DEBUG] train_step 10550: value_update done, starting policy_update
[DEBUG] train_step 10550: policy_update done
[step 10600] value_loss=9.832243 policy_loss=0.377806
[step 10600] VALUE_DEBUG: target(mean=-6.50 std=8.36 min=-18.61 max=6.90) V(s)(mean=-6.01 std=7.52) reward(mean=-0.546 std=3.445) clip=50.0
[step 10600] eval_success_rate=0.520 eval_mean_score=14.900 eval_policy_mode=greedy [solved=26/50, score_range=10.00-16.00/16.0, initial=9.00]
[step 10600] PROGRESS: filled=14.90 violations=0.00 zero_cand=0.00
[step 10600] DEBUG: ep_len=11.4 ep_ret=0.452 stop_prob=0.000 score_chg=5.9425
[DEBUG] train_step 10600: starting episode collection
[DEBUG] train_step 10600: episodes collected, starting value_update
[DEBUG] train_step 10600: value_update done, starting policy_update
[DEBUG] train_step 10600: policy_update done
[step 10650] value_loss=1.734840 policy_loss=-0.396734
[step 10650] VALUE_DEBUG: target(mean=-2.71 std=7.43 min=-17.22 max=6.45) V(s)(mean=-2.98 std=7.75) reward(mean=0.658 std=1.216) clip=50.0
[DEBUG] train_step 10650: starting episode collection
[DEBUG] train_step 10650: episodes collected, starting value_update
[DEBUG] train_step 10650: value_update done, starting policy_update
[DEBUG] train_step 10650: policy_update done
[step 10700] value_loss=6.743706 policy_loss=-0.808349
[step 10700] VALUE_DEBUG: target(mean=-3.95 std=8.18 min=-17.43 max=7.25) V(s)(mean=-4.46 std=7.74) reward(mean=0.600 std=2.503) clip=50.0
[step 10700] eval_success_rate=0.460 eval_mean_score=14.920 eval_policy_mode=greedy [solved=23/50, score_range=10.00-16.00/16.0, initial=9.00]
[step 10700] PROGRESS: filled=14.92 violations=0.00 zero_cand=0.00
[step 10700] DEBUG: ep_len=11.2 ep_ret=0.247 stop_prob=0.000 score_chg=5.8175
[DEBUG] train_step 10700: starting episode collection
[DEBUG] train_step 10700: episodes collected, starting value_update
[DEBUG] train_step 10700: value_update done, starting policy_update
[DEBUG] train_step 10700: policy_update done
[step 10750] value_loss=5.382569 policy_loss=0.046710
[step 10750] VALUE_DEBUG: target(mean=-6.30 std=7.62 min=-17.26 max=11.24) V(s)(mean=-6.89 std=6.91) reward(mean=0.727 std=2.845) clip=50.0
[DEBUG] train_step 10750: starting episode collection
[DEBUG] train_step 10750: episodes collected, starting value_update
[DEBUG] train_step 10750: value_update done, starting policy_update
[DEBUG] train_step 10750: policy_update done
[step 10800] value_loss=6.949198 policy_loss=0.729962
[step 10800] VALUE_DEBUG: target(mean=-7.57 std=8.18 min=-17.66 max=6.84) V(s)(mean=-7.84 std=8.30) reward(mean=-1.119 std=4.515) clip=50.0
[step 10800] eval_success_rate=0.400 eval_mean_score=14.860 eval_policy_mode=greedy [solved=20/50, score_range=12.00-16.00/16.0, initial=9.00]
[step 10800] PROGRESS: filled=14.86 violations=0.00 zero_cand=0.00
[step 10800] DEBUG: ep_len=11.4 ep_ret=0.274 stop_prob=0.000 score_chg=5.9700
[DEBUG] train_step 10800: starting episode collection
[DEBUG] train_step 10800: episodes collected, starting value_update
[DEBUG] train_step 10800: value_update done, starting policy_update
[DEBUG] train_step 10800: policy_update done
[step 10850] value_loss=3.773288 policy_loss=-1.193955
[step 10850] VALUE_DEBUG: target(mean=-5.53 std=8.50 min=-18.54 max=8.76) V(s)(mean=-5.37 std=8.20) reward(mean=-0.033 std=3.627) clip=50.0
[DEBUG] train_step 10850: starting episode collection
[DEBUG] train_step 10850: episodes collected, starting value_update
[DEBUG] train_step 10850: value_update done, starting policy_update
[DEBUG] train_step 10850: policy_update done
[step 10900] value_loss=10.129339 policy_loss=0.166533
[step 10900] VALUE_DEBUG: target(mean=-5.05 std=7.77 min=-16.39 max=6.21) V(s)(mean=-4.52 std=7.71) reward(mean=-0.734 std=4.548) clip=50.0
[step 10900] eval_success_rate=0.420 eval_mean_score=14.440 eval_policy_mode=greedy [solved=21/50, score_range=10.00-16.00/16.0, initial=9.00]
[step 10900] PROGRESS: filled=14.44 violations=0.00 zero_cand=0.00
[step 10900] DEBUG: ep_len=11.5 ep_ret=0.223 stop_prob=0.000 score_chg=6.0525
[DEBUG] train_step 10900: starting episode collection
[DEBUG] train_step 10900: episodes collected, starting value_update
[DEBUG] train_step 10900: value_update done, starting policy_update
[DEBUG] train_step 10900: policy_update done
[step 10950] value_loss=2.051657 policy_loss=0.609998
[step 10950] VALUE_DEBUG: target(mean=-2.96 std=8.36 min=-17.18 max=5.99) V(s)(mean=-3.23 std=8.13) reward(mean=0.439 std=1.507) clip=50.0
[DEBUG] train_step 10950: starting episode collection
[DEBUG] train_step 10950: episodes collected, starting value_update
[DEBUG] train_step 10950: value_update done, starting policy_update
[DEBUG] train_step 10950: policy_update done
[step 11000] value_loss=18.886255 policy_loss=0.033071
[step 11000] VALUE_DEBUG: target(mean=-4.28 std=8.33 min=-23.07 max=12.31) V(s)(mean=-4.03 std=6.91) reward(mean=-0.178 std=5.025) clip=50.0
[step 11000] eval_success_rate=0.500 eval_mean_score=14.880 eval_policy_mode=greedy [solved=25/50, score_range=10.00-16.00/16.0, initial=9.00]
[step 11000] PROGRESS: filled=14.88 violations=0.00 zero_cand=0.00
[step 11000] DEBUG: ep_len=11.6 ep_ret=-0.190 stop_prob=0.000 score_chg=5.9500
[Checkpoint] Saved to buiksat_trm/checkpoints/table3_hard_6to8_controlled_nomask_nc_r10_s6/rl_checkpoint_step_11000.pt
[DEBUG] train_step 11000: starting episode collection
[DEBUG] train_step 11000: episodes collected, starting value_update
[DEBUG] train_step 11000: value_update done, starting policy_update
[DEBUG] train_step 11000: policy_update done
[step 11050] value_loss=1.199887 policy_loss=-0.043756
[step 11050] VALUE_DEBUG: target(mean=-5.04 std=8.14 min=-18.21 max=6.02) V(s)(mean=-5.29 std=8.31) reward(mean=0.697 std=0.813) clip=50.0
[DEBUG] train_step 11050: starting episode collection
[DEBUG] train_step 11050: episodes collected, starting value_update
[DEBUG] train_step 11050: value_update done, starting policy_update
[DEBUG] train_step 11050: policy_update done
[step 11100] value_loss=10.581276 policy_loss=0.254772
[step 11100] VALUE_DEBUG: target(mean=-6.10 std=7.38 min=-17.75 max=5.93) V(s)(mean=-6.02 std=7.47) reward(mean=-0.147 std=5.105) clip=50.0
[step 11100] eval_success_rate=0.520 eval_mean_score=14.860 eval_policy_mode=greedy [solved=26/50, score_range=10.00-16.00/16.0, initial=9.00]
[step 11100] PROGRESS: filled=14.86 violations=0.00 zero_cand=0.00
[step 11100] DEBUG: ep_len=11.4 ep_ret=0.126 stop_prob=0.000 score_chg=5.8975
[DEBUG] train_step 11100: starting episode collection
[DEBUG] train_step 11100: episodes collected, starting value_update
[DEBUG] train_step 11100: value_update done, starting policy_update
[DEBUG] train_step 11100: policy_update done
[step 11150] value_loss=4.275927 policy_loss=0.415974
[step 11150] VALUE_DEBUG: target(mean=-6.07 std=7.95 min=-18.62 max=9.12) V(s)(mean=-6.41 std=7.40) reward(mean=0.508 std=2.458) clip=50.0
[DEBUG] train_step 11150: starting episode collection
[DEBUG] train_step 11150: episodes collected, starting value_update
[DEBUG] train_step 11150: value_update done, starting policy_update
[DEBUG] train_step 11150: policy_update done
[step 11200] value_loss=12.866207 policy_loss=-0.894978
[step 11200] VALUE_DEBUG: target(mean=-4.91 std=8.59 min=-18.00 max=17.27) V(s)(mean=-5.19 std=8.24) reward(mean=0.301 std=4.042) clip=50.0
[step 11200] eval_success_rate=0.460 eval_mean_score=14.840 eval_policy_mode=greedy [solved=23/50, score_range=10.00-16.00/16.0, initial=9.00]
[step 11200] PROGRESS: filled=14.84 violations=0.00 zero_cand=0.00
[step 11200] DEBUG: ep_len=11.6 ep_ret=-0.451 stop_prob=0.000 score_chg=5.8375
[DEBUG] train_step 11200: starting episode collection
[DEBUG] train_step 11200: episodes collected, starting value_update
[DEBUG] train_step 11200: value_update done, starting policy_update
[DEBUG] train_step 11200: policy_update done
[step 11250] value_loss=5.826554 policy_loss=-0.259285
[step 11250] VALUE_DEBUG: target(mean=-3.51 std=7.82 min=-16.97 max=7.03) V(s)(mean=-4.24 std=7.84) reward(mean=0.439 std=3.606) clip=50.0
[DEBUG] train_step 11250: starting episode collection
[DEBUG] train_step 11250: episodes collected, starting value_update
[DEBUG] train_step 11250: value_update done, starting policy_update
[DEBUG] train_step 11250: policy_update done
[step 11300] value_loss=9.754248 policy_loss=-0.214819
[step 11300] VALUE_DEBUG: target(mean=-3.79 std=8.14 min=-16.99 max=9.26) V(s)(mean=-3.70 std=8.23) reward(mean=0.538 std=3.041) clip=50.0
[step 11300] eval_success_rate=0.480 eval_mean_score=14.800 eval_policy_mode=greedy [solved=24/50, score_range=10.00-16.00/16.0, initial=9.00]
[step 11300] PROGRESS: filled=14.80 violations=0.00 zero_cand=0.00
[step 11300] DEBUG: ep_len=11.3 ep_ret=0.920 stop_prob=0.000 score_chg=6.0925
[DEBUG] train_step 11300: starting episode collection
[DEBUG] train_step 11300: episodes collected, starting value_update
[DEBUG] train_step 11300: value_update done, starting policy_update
[DEBUG] train_step 11300: policy_update done
[step 11350] value_loss=15.920534 policy_loss=-0.100133
[step 11350] VALUE_DEBUG: target(mean=-5.91 std=9.28 min=-18.99 max=8.25) V(s)(mean=-4.88 std=8.46) reward(mean=-1.304 std=5.175) clip=50.0
[DEBUG] train_step 11350: starting episode collection
[DEBUG] train_step 11350: episodes collected, starting value_update
[DEBUG] train_step 11350: value_update done, starting policy_update
[DEBUG] train_step 11350: policy_update done
[step 11400] value_loss=8.476274 policy_loss=0.527481
[step 11400] VALUE_DEBUG: target(mean=-4.63 std=8.67 min=-19.05 max=10.30) V(s)(mean=-4.13 std=8.70) reward(mean=-0.333 std=3.505) clip=50.0
[step 11400] eval_success_rate=0.540 eval_mean_score=14.860 eval_policy_mode=greedy [solved=27/50, score_range=10.00-16.00/16.0, initial=9.00]
[step 11400] PROGRESS: filled=14.86 violations=0.00 zero_cand=0.00
[step 11400] DEBUG: ep_len=11.0 ep_ret=0.825 stop_prob=0.000 score_chg=6.0475
[DEBUG] train_step 11400: starting episode collection
[DEBUG] train_step 11400: episodes collected, starting value_update
[DEBUG] train_step 11400: value_update done, starting policy_update
[DEBUG] train_step 11400: policy_update done
[step 11450] value_loss=5.857836 policy_loss=-1.484439
[step 11450] VALUE_DEBUG: target(mean=-4.04 std=7.81 min=-18.29 max=5.85) V(s)(mean=-4.62 std=7.57) reward(mean=0.163 std=1.722) clip=50.0
[DEBUG] train_step 11450: starting episode collection
[DEBUG] train_step 11450: episodes collected, starting value_update
[DEBUG] train_step 11450: value_update done, starting policy_update
[DEBUG] train_step 11450: policy_update done
[step 11500] value_loss=2.767303 policy_loss=-0.042384
[step 11500] VALUE_DEBUG: target(mean=-4.17 std=8.35 min=-17.47 max=9.07) V(s)(mean=-4.07 std=7.84) reward(mean=-0.052 std=3.368) clip=50.0
[step 11500] eval_success_rate=0.560 eval_mean_score=14.840 eval_policy_mode=greedy [solved=28/50, score_range=10.00-16.00/16.0, initial=9.00]
[step 11500] PROGRESS: filled=14.84 violations=0.00 zero_cand=0.00
[step 11500] DEBUG: ep_len=10.9 ep_ret=1.474 stop_prob=0.000 score_chg=6.0800
[DEBUG] train_step 11500: starting episode collection
[DEBUG] train_step 11500: episodes collected, starting value_update
[DEBUG] train_step 11500: value_update done, starting policy_update
[DEBUG] train_step 11500: policy_update done
[step 11550] value_loss=2.756777 policy_loss=0.125821
[step 11550] VALUE_DEBUG: target(mean=-4.66 std=9.30 min=-17.18 max=11.53) V(s)(mean=-5.14 std=8.92) reward(mean=-0.628 std=4.550) clip=50.0
[DEBUG] train_step 11550: starting episode collection
[DEBUG] train_step 11550: episodes collected, starting value_update
[DEBUG] train_step 11550: value_update done, starting policy_update
[DEBUG] train_step 11550: policy_update done
[step 11600] value_loss=2.467409 policy_loss=-0.318957
[step 11600] VALUE_DEBUG: target(mean=-2.57 std=8.32 min=-21.41 max=6.06) V(s)(mean=-2.63 std=8.20) reward(mean=0.127 std=3.466) clip=50.0
[step 11600] eval_success_rate=0.540 eval_mean_score=14.760 eval_policy_mode=greedy [solved=27/50, score_range=10.00-16.00/16.0, initial=9.00]
[step 11600] PROGRESS: filled=14.76 violations=0.00 zero_cand=0.00
[step 11600] DEBUG: ep_len=10.8 ep_ret=1.362 stop_prob=0.000 score_chg=6.0850
[DEBUG] train_step 11600: starting episode collection
[DEBUG] train_step 11600: episodes collected, starting value_update
[DEBUG] train_step 11600: value_update done, starting policy_update
[DEBUG] train_step 11600: policy_update done
[step 11650] value_loss=9.191360 policy_loss=0.150003
[step 11650] VALUE_DEBUG: target(mean=-4.32 std=9.26 min=-17.63 max=9.65) V(s)(mean=-3.89 std=8.76) reward(mean=-0.467 std=4.318) clip=50.0
[DEBUG] train_step 11650: starting episode collection
[DEBUG] train_step 11650: episodes collected, starting value_update
[DEBUG] train_step 11650: value_update done, starting policy_update
[DEBUG] train_step 11650: policy_update done
[step 11700] value_loss=5.376410 policy_loss=-0.306163
[step 11700] VALUE_DEBUG: target(mean=-5.02 std=9.24 min=-17.21 max=12.32) V(s)(mean=-5.15 std=9.03) reward(mean=0.376 std=2.722) clip=50.0
[step 11700] eval_success_rate=0.480 eval_mean_score=14.540 eval_policy_mode=greedy [solved=24/50, score_range=10.00-16.00/16.0, initial=9.00]
[step 11700] PROGRESS: filled=14.54 violations=0.00 zero_cand=0.00
[step 11700] DEBUG: ep_len=11.1 ep_ret=0.860 stop_prob=0.000 score_chg=5.8950
[DEBUG] train_step 11700: starting episode collection
[DEBUG] train_step 11700: episodes collected, starting value_update
[DEBUG] train_step 11700: value_update done, starting policy_update
[DEBUG] train_step 11700: policy_update done
[step 11750] value_loss=3.042066 policy_loss=-0.770420
[step 11750] VALUE_DEBUG: target(mean=0.00 std=7.77 min=-17.06 max=9.62) V(s)(mean=-0.88 std=7.25) reward(mean=1.066 std=1.603) clip=50.0
[DEBUG] train_step 11750: starting episode collection
[DEBUG] train_step 11750: episodes collected, starting value_update
[DEBUG] train_step 11750: value_update done, starting policy_update
[DEBUG] train_step 11750: policy_update done
[step 11800] value_loss=2.116641 policy_loss=2.120024
[step 11800] VALUE_DEBUG: target(mean=-2.29 std=8.23 min=-18.38 max=6.72) V(s)(mean=-2.41 std=8.20) reward(mean=0.623 std=2.240) clip=50.0
[step 11800] eval_success_rate=0.520 eval_mean_score=14.740 eval_policy_mode=greedy [solved=26/50, score_range=10.00-16.00/16.0, initial=9.00]
[step 11800] PROGRESS: filled=14.74 violations=0.00 zero_cand=0.00
[step 11800] DEBUG: ep_len=11.4 ep_ret=0.870 stop_prob=0.000 score_chg=6.0725
[DEBUG] train_step 11800: starting episode collection
[DEBUG] train_step 11800: episodes collected, starting value_update
[DEBUG] train_step 11800: value_update done, starting policy_update
[DEBUG] train_step 11800: policy_update done
[step 11850] value_loss=18.716042 policy_loss=0.393311
[step 11850] VALUE_DEBUG: target(mean=-5.42 std=8.55 min=-19.95 max=5.90) V(s)(mean=-5.55 std=8.75) reward(mean=-1.652 std=4.992) clip=50.0
[DEBUG] train_step 11850: starting episode collection
[DEBUG] train_step 11850: episodes collected, starting value_update
[DEBUG] train_step 11850: value_update done, starting policy_update
[DEBUG] train_step 11850: policy_update done
[step 11900] value_loss=6.724881 policy_loss=-0.273734
[step 11900] VALUE_DEBUG: target(mean=-1.45 std=7.33 min=-16.98 max=14.23) V(s)(mean=-1.63 std=6.51) reward(mean=0.904 std=2.731) clip=50.0
[step 11900] eval_success_rate=0.440 eval_mean_score=14.720 eval_policy_mode=greedy [solved=22/50, score_range=11.00-16.00/16.0, initial=9.00]
[step 11900] PROGRESS: filled=14.72 violations=0.00 zero_cand=0.00
[step 11900] DEBUG: ep_len=11.1 ep_ret=0.879 stop_prob=0.000 score_chg=5.9775
[DEBUG] train_step 11900: starting episode collection
[DEBUG] train_step 11900: episodes collected, starting value_update
[DEBUG] train_step 11900: value_update done, starting policy_update
[DEBUG] train_step 11900: policy_update done
[step 11950] value_loss=1.392330 policy_loss=-0.169754
[step 11950] VALUE_DEBUG: target(mean=-4.98 std=8.26 min=-17.67 max=6.31) V(s)(mean=-5.18 std=8.19) reward(mean=0.530 std=1.444) clip=50.0
[DEBUG] train_step 11950: starting episode collection
[DEBUG] train_step 11950: episodes collected, starting value_update
[DEBUG] train_step 11950: value_update done, starting policy_update
[DEBUG] train_step 11950: policy_update done
[step 12000] value_loss=2.085038 policy_loss=0.146142
[step 12000] VALUE_DEBUG: target(mean=-5.50 std=9.63 min=-20.78 max=11.10) V(s)(mean=-5.62 std=9.21) reward(mean=0.561 std=1.583) clip=50.0
[step 12000] eval_success_rate=0.460 eval_mean_score=14.680 eval_policy_mode=greedy [solved=23/50, score_range=12.00-16.00/16.0, initial=9.00]
[step 12000] PROGRESS: filled=14.68 violations=0.00 zero_cand=0.00
[step 12000] DEBUG: ep_len=11.5 ep_ret=-0.097 stop_prob=0.000 score_chg=5.8600
[Checkpoint] Saved to buiksat_trm/checkpoints/table3_hard_6to8_controlled_nomask_nc_r10_s6/rl_checkpoint_step_12000.pt
[DEBUG] train_step 12000: starting episode collection
[DEBUG] train_step 12000: episodes collected, starting value_update
[DEBUG] train_step 12000: value_update done, starting policy_update
[DEBUG] train_step 12000: policy_update done
[step 12050] value_loss=15.595993 policy_loss=-0.105344
[step 12050] VALUE_DEBUG: target(mean=0.56 std=7.79 min=-17.19 max=16.44) V(s)(mean=0.27 std=6.55) reward(mean=0.719 std=3.756) clip=50.0
[DEBUG] train_step 12050: starting episode collection
[DEBUG] train_step 12050: episodes collected, starting value_update
[DEBUG] train_step 12050: value_update done, starting policy_update
[DEBUG] train_step 12050: policy_update done
[step 12100] value_loss=6.681792 policy_loss=-0.423069
[step 12100] VALUE_DEBUG: target(mean=-0.20 std=8.19 min=-16.53 max=10.51) V(s)(mean=-0.95 std=8.02) reward(mean=0.336 std=3.490) clip=50.0
[step 12100] eval_success_rate=0.500 eval_mean_score=14.620 eval_policy_mode=greedy [solved=25/50, score_range=9.00-16.00/16.0, initial=9.00]
[step 12100] PROGRESS: filled=14.62 violations=0.00 zero_cand=0.00
[step 12100] DEBUG: ep_len=11.1 ep_ret=0.781 stop_prob=0.000 score_chg=6.1050
[DEBUG] train_step 12100: starting episode collection
[DEBUG] train_step 12100: episodes collected, starting value_update
[DEBUG] train_step 12100: value_update done, starting policy_update
[DEBUG] train_step 12100: policy_update done
[step 12150] value_loss=16.283123 policy_loss=-0.322679
[step 12150] VALUE_DEBUG: target(mean=-1.62 std=9.40 min=-17.28 max=13.52) V(s)(mean=-1.96 std=8.36) reward(mean=0.133 std=4.034) clip=50.0
[DEBUG] train_step 12150: starting episode collection
[DEBUG] train_step 12150: episodes collected, starting value_update
[DEBUG] train_step 12150: value_update done, starting policy_update
[DEBUG] train_step 12150: policy_update done
[step 12200] value_loss=3.836880 policy_loss=-0.828895
[step 12200] VALUE_DEBUG: target(mean=-3.69 std=9.83 min=-17.65 max=10.93) V(s)(mean=-4.23 std=9.24) reward(mean=0.221 std=3.581) clip=50.0
[step 12200] eval_success_rate=0.480 eval_mean_score=14.600 eval_policy_mode=greedy [solved=24/50, score_range=9.00-16.00/16.0, initial=9.00]
[step 12200] PROGRESS: filled=14.60 violations=0.00 zero_cand=0.00
[step 12200] DEBUG: ep_len=11.6 ep_ret=-0.251 stop_prob=0.000 score_chg=5.7875
[DEBUG] train_step 12200: starting episode collection
[DEBUG] train_step 12200: episodes collected, starting value_update
[DEBUG] train_step 12200: value_update done, starting policy_update
[DEBUG] train_step 12200: policy_update done
[step 12250] value_loss=6.245602 policy_loss=-1.508592
[step 12250] VALUE_DEBUG: target(mean=-2.51 std=7.61 min=-16.12 max=11.74) V(s)(mean=-2.65 std=7.07) reward(mean=-0.024 std=4.168) clip=50.0
[DEBUG] train_step 12250: starting episode collection
[DEBUG] train_step 12250: episodes collected, starting value_update
[DEBUG] train_step 12250: value_update done, starting policy_update
[DEBUG] train_step 12250: policy_update done
[step 12300] value_loss=21.874716 policy_loss=-0.149159
[step 12300] VALUE_DEBUG: target(mean=-4.44 std=9.47 min=-22.09 max=9.92) V(s)(mean=-3.91 std=8.40) reward(mean=-0.528 std=4.242) clip=50.0
[step 12300] eval_success_rate=0.520 eval_mean_score=14.640 eval_policy_mode=greedy [solved=26/50, score_range=9.00-16.00/16.0, initial=9.00]
[step 12300] PROGRESS: filled=14.64 violations=0.00 zero_cand=0.00
[step 12300] DEBUG: ep_len=11.7 ep_ret=-1.205 stop_prob=0.000 score_chg=5.7075
[DEBUG] train_step 12300: starting episode collection
[DEBUG] train_step 12300: episodes collected, starting value_update
[DEBUG] train_step 12300: value_update done, starting policy_update
[DEBUG] train_step 12300: policy_update done
[step 12350] value_loss=20.587008 policy_loss=-0.076638
[step 12350] VALUE_DEBUG: target(mean=-1.53 std=8.55 min=-18.60 max=9.77) V(s)(mean=-0.99 std=8.04) reward(mean=0.345 std=3.976) clip=50.0
[DEBUG] train_step 12350: starting episode collection
[DEBUG] train_step 12350: episodes collected, starting value_update
[DEBUG] train_step 12350: value_update done, starting policy_update
[DEBUG] train_step 12350: policy_update done
[step 12400] value_loss=6.344014 policy_loss=0.231234
[step 12400] VALUE_DEBUG: target(mean=-4.67 std=10.44 min=-22.72 max=10.94) V(s)(mean=-4.99 std=9.51) reward(mean=0.758 std=3.037) clip=50.0
[step 12400] eval_success_rate=0.540 eval_mean_score=14.520 eval_policy_mode=greedy [solved=27/50, score_range=9.00-16.00/16.0, initial=9.00]
[step 12400] PROGRESS: filled=14.52 violations=0.00 zero_cand=0.00
[step 12400] DEBUG: ep_len=11.4 ep_ret=-0.094 stop_prob=0.000 score_chg=5.8425
[DEBUG] train_step 12400: starting episode collection
[DEBUG] train_step 12400: episodes collected, starting value_update
[DEBUG] train_step 12400: value_update done, starting policy_update
[DEBUG] train_step 12400: policy_update done
[step 12450] value_loss=3.446549 policy_loss=0.214923
[step 12450] VALUE_DEBUG: target(mean=-3.46 std=8.52 min=-16.82 max=8.20) V(s)(mean=-3.72 std=8.91) reward(mean=-0.558 std=4.726) clip=50.0
[DEBUG] train_step 12450: starting episode collection
[DEBUG] train_step 12450: episodes collected, starting value_update
[DEBUG] train_step 12450: value_update done, starting policy_update
[DEBUG] train_step 12450: policy_update done
[step 12500] value_loss=1.854356 policy_loss=-0.469356
[step 12500] VALUE_DEBUG: target(mean=-1.35 std=7.54 min=-16.82 max=8.69) V(s)(mean=-1.94 std=7.12) reward(mean=0.532 std=3.281) clip=50.0
[step 12500] eval_success_rate=0.520 eval_mean_score=14.480 eval_policy_mode=greedy [solved=26/50, score_range=9.00-16.00/16.0, initial=9.00]
[step 12500] PROGRESS: filled=14.48 violations=0.00 zero_cand=0.00
[step 12500] DEBUG: ep_len=11.5 ep_ret=-0.701 stop_prob=0.000 score_chg=5.8325
[DEBUG] train_step 12500: starting episode collection
[DEBUG] train_step 12500: episodes collected, starting value_update
[DEBUG] train_step 12500: value_update done, starting policy_update
[DEBUG] train_step 12500: policy_update done
[step 12550] value_loss=3.765954 policy_loss=-0.058752
[step 12550] VALUE_DEBUG: target(mean=-3.23 std=8.47 min=-17.05 max=10.70) V(s)(mean=-3.40 std=7.85) reward(mean=0.851 std=2.321) clip=50.0
[DEBUG] train_step 12550: starting episode collection
[DEBUG] train_step 12550: episodes collected, starting value_update
[DEBUG] train_step 12550: value_update done, starting policy_update
[DEBUG] train_step 12550: policy_update done
[step 12600] value_loss=3.833864 policy_loss=-0.445326
[step 12600] VALUE_DEBUG: target(mean=-1.46 std=9.16 min=-19.39 max=12.16) V(s)(mean=-1.11 std=8.43) reward(mean=-0.179 std=3.649) clip=50.0
[step 12600] eval_success_rate=0.520 eval_mean_score=14.380 eval_policy_mode=greedy [solved=26/50, score_range=9.00-16.00/16.0, initial=9.00]
[step 12600] PROGRESS: filled=14.38 violations=0.00 zero_cand=0.00
[step 12600] DEBUG: ep_len=11.1 ep_ret=0.365 stop_prob=0.000 score_chg=5.7475
[DEBUG] train_step 12600: starting episode collection
[DEBUG] train_step 12600: episodes collected, starting value_update
[DEBUG] train_step 12600: value_update done, starting policy_update
[DEBUG] train_step 12600: policy_update done
[step 12650] value_loss=7.224225 policy_loss=-1.095156
[step 12650] VALUE_DEBUG: target(mean=-5.56 std=9.27 min=-22.07 max=8.17) V(s)(mean=-5.96 std=8.99) reward(mean=0.245 std=4.777) clip=50.0
[DEBUG] train_step 12650: starting episode collection
[DEBUG] train_step 12650: episodes collected, starting value_update
[DEBUG] train_step 12650: value_update done, starting policy_update
[DEBUG] train_step 12650: policy_update done
[step 12700] value_loss=12.993650 policy_loss=0.511472
[step 12700] VALUE_DEBUG: target(mean=-3.79 std=9.12 min=-18.20 max=10.47) V(s)(mean=-3.43 std=8.34) reward(mean=-0.182 std=4.080) clip=50.0
[step 12700] eval_success_rate=0.580 eval_mean_score=14.680 eval_policy_mode=greedy [solved=29/50, score_range=9.00-16.00/16.0, initial=9.00]
[step 12700] PROGRESS: filled=14.68 violations=0.00 zero_cand=0.00
[step 12700] DEBUG: ep_len=11.4 ep_ret=-0.391 stop_prob=0.000 score_chg=5.8575
[DEBUG] train_step 12700: starting episode collection
[DEBUG] train_step 12700: episodes collected, starting value_update
[DEBUG] train_step 12700: value_update done, starting policy_update
[DEBUG] train_step 12700: policy_update done
[step 12750] value_loss=4.603764 policy_loss=0.052809
[step 12750] VALUE_DEBUG: target(mean=-4.02 std=9.84 min=-22.09 max=10.41) V(s)(mean=-4.15 std=9.14) reward(mean=-0.713 std=5.288) clip=50.0
[DEBUG] train_step 12750: starting episode collection
[DEBUG] train_step 12750: episodes collected, starting value_update
[DEBUG] train_step 12750: value_update done, starting policy_update
[DEBUG] train_step 12750: policy_update done
[step 12800] value_loss=19.693829 policy_loss=-0.233278
[step 12800] VALUE_DEBUG: target(mean=-2.74 std=8.89 min=-17.73 max=11.73) V(s)(mean=-2.59 std=8.10) reward(mean=-0.586 std=5.782) clip=50.0
[step 12800] eval_success_rate=0.560 eval_mean_score=14.480 eval_policy_mode=greedy [solved=28/50, score_range=9.00-16.00/16.0, initial=9.00]
[step 12800] PROGRESS: filled=14.48 violations=0.00 zero_cand=0.00
[step 12800] DEBUG: ep_len=11.1 ep_ret=0.375 stop_prob=0.000 score_chg=6.0400
[DEBUG] train_step 12800: starting episode collection
[DEBUG] train_step 12800: episodes collected, starting value_update
[DEBUG] train_step 12800: value_update done, starting policy_update
[DEBUG] train_step 12800: policy_update done
[step 12850] value_loss=11.956208 policy_loss=-1.277968
[step 12850] VALUE_DEBUG: target(mean=-3.32 std=9.38 min=-17.72 max=6.68) V(s)(mean=-2.94 std=9.10) reward(mean=-0.281 std=3.268) clip=50.0
[DEBUG] train_step 12850: starting episode collection
[DEBUG] train_step 12850: episodes collected, starting value_update
[DEBUG] train_step 12850: value_update done, starting policy_update
[DEBUG] train_step 12850: policy_update done
[step 12900] value_loss=12.216370 policy_loss=0.333268
[step 12900] VALUE_DEBUG: target(mean=-3.12 std=8.95 min=-20.89 max=9.01) V(s)(mean=-2.50 std=8.37) reward(mean=-0.653 std=4.559) clip=50.0
[step 12900] eval_success_rate=0.520 eval_mean_score=14.380 eval_policy_mode=greedy [solved=26/50, score_range=9.00-16.00/16.0, initial=9.00]
[step 12900] PROGRESS: filled=14.38 violations=0.00 zero_cand=0.00
[step 12900] DEBUG: ep_len=10.9 ep_ret=0.545 stop_prob=0.000 score_chg=5.9600
[DEBUG] train_step 12900: starting episode collection
[DEBUG] train_step 12900: episodes collected, starting value_update
[DEBUG] train_step 12900: value_update done, starting policy_update
[DEBUG] train_step 12900: policy_update done
[step 12950] value_loss=2.227954 policy_loss=-0.144518
[step 12950] VALUE_DEBUG: target(mean=-4.32 std=8.66 min=-19.73 max=7.31) V(s)(mean=-4.46 std=8.51) reward(mean=0.510 std=1.765) clip=50.0
[DEBUG] train_step 12950: starting episode collection
[DEBUG] train_step 12950: episodes collected, starting value_update
[DEBUG] train_step 12950: value_update done, starting policy_update
[DEBUG] train_step 12950: policy_update done
[step 13000] value_loss=8.114943 policy_loss=0.624069
[step 13000] VALUE_DEBUG: target(mean=-6.25 std=8.94 min=-17.91 max=5.41) V(s)(mean=-5.47 std=8.80) reward(mean=-0.715 std=3.656) clip=50.0
[step 13000] eval_success_rate=0.560 eval_mean_score=14.440 eval_policy_mode=greedy [solved=28/50, score_range=9.00-16.00/16.0, initial=9.00]
[step 13000] PROGRESS: filled=14.44 violations=0.00 zero_cand=0.00
[step 13000] DEBUG: ep_len=11.1 ep_ret=0.737 stop_prob=0.000 score_chg=6.0700
[Checkpoint] Saved to buiksat_trm/checkpoints/table3_hard_6to8_controlled_nomask_nc_r10_s6/rl_checkpoint_step_13000.pt
[DEBUG] train_step 13000: starting episode collection
[DEBUG] train_step 13000: episodes collected, starting value_update
[DEBUG] train_step 13000: value_update done, starting policy_update
[DEBUG] train_step 13000: policy_update done
[step 13050] value_loss=5.444751 policy_loss=0.018923
[step 13050] VALUE_DEBUG: target(mean=-4.16 std=8.56 min=-22.07 max=6.51) V(s)(mean=-4.22 std=8.67) reward(mean=-0.995 std=4.440) clip=50.0
[DEBUG] train_step 13050: starting episode collection
[DEBUG] train_step 13050: episodes collected, starting value_update
[DEBUG] train_step 13050: value_update done, starting policy_update
[DEBUG] train_step 13050: policy_update done
[step 13100] value_loss=4.491767 policy_loss=0.952402
[step 13100] VALUE_DEBUG: target(mean=-1.58 std=8.12 min=-17.61 max=8.79) V(s)(mean=-1.95 std=7.61) reward(mean=0.442 std=4.075) clip=50.0
[step 13100] eval_success_rate=0.520 eval_mean_score=14.240 eval_policy_mode=greedy [solved=26/50, score_range=9.00-16.00/16.0, initial=9.00]
[step 13100] PROGRESS: filled=14.24 violations=0.00 zero_cand=0.00
[step 13100] DEBUG: ep_len=11.3 ep_ret=0.214 stop_prob=0.000 score_chg=5.9175
[DEBUG] train_step 13100: starting episode collection
[DEBUG] train_step 13100: episodes collected, starting value_update
[DEBUG] train_step 13100: value_update done, starting policy_update
[DEBUG] train_step 13100: policy_update done
[step 13150] value_loss=10.527028 policy_loss=-0.445690
[step 13150] VALUE_DEBUG: target(mean=0.39 std=7.87 min=-20.19 max=10.13) V(s)(mean=-1.11 std=7.05) reward(mean=1.217 std=2.676) clip=50.0
[DEBUG] train_step 13150: starting episode collection
[DEBUG] train_step 13150: episodes collected, starting value_update
[DEBUG] train_step 13150: value_update done, starting policy_update
[DEBUG] train_step 13150: policy_update done
[step 13200] value_loss=14.086431 policy_loss=0.028277
[step 13200] VALUE_DEBUG: target(mean=-0.39 std=9.41 min=-17.31 max=11.86) V(s)(mean=-0.88 std=8.00) reward(mean=1.377 std=3.929) clip=50.0
[step 13200] eval_success_rate=0.500 eval_mean_score=14.280 eval_policy_mode=greedy [solved=25/50, score_range=9.00-16.00/16.0, initial=9.00]
[step 13200] PROGRESS: filled=14.28 violations=0.00 zero_cand=0.00
[step 13200] DEBUG: ep_len=11.5 ep_ret=-0.055 stop_prob=0.000 score_chg=6.0050
[DEBUG] train_step 13200: starting episode collection
[DEBUG] train_step 13200: episodes collected, starting value_update
[DEBUG] train_step 13200: value_update done, starting policy_update
[DEBUG] train_step 13200: policy_update done
[step 13250] value_loss=1.343662 policy_loss=0.459253
[step 13250] VALUE_DEBUG: target(mean=-1.80 std=9.08 min=-17.27 max=12.07) V(s)(mean=-2.17 std=8.83) reward(mean=0.816 std=1.552) clip=50.0
[DEBUG] train_step 13250: starting episode collection
[DEBUG] train_step 13250: episodes collected, starting value_update
[DEBUG] train_step 13250: value_update done, starting policy_update
[DEBUG] train_step 13250: policy_update done
[step 13300] value_loss=2.545977 policy_loss=-0.311305
[step 13300] VALUE_DEBUG: target(mean=-1.69 std=8.96 min=-22.22 max=10.69) V(s)(mean=-2.12 std=8.40) reward(mean=0.602 std=2.181) clip=50.0
[step 13300] eval_success_rate=0.540 eval_mean_score=14.340 eval_policy_mode=greedy [solved=27/50, score_range=9.00-16.00/16.0, initial=9.00]
[step 13300] PROGRESS: filled=14.34 violations=0.00 zero_cand=0.00
[step 13300] DEBUG: ep_len=11.3 ep_ret=0.084 stop_prob=0.000 score_chg=5.9275
[DEBUG] train_step 13300: starting episode collection
[DEBUG] train_step 13300: episodes collected, starting value_update
[DEBUG] train_step 13300: value_update done, starting policy_update
[DEBUG] train_step 13300: policy_update done
[step 13350] value_loss=3.465985 policy_loss=-0.091071
[step 13350] VALUE_DEBUG: target(mean=-2.77 std=8.62 min=-18.29 max=9.19) V(s)(mean=-2.69 std=8.23) reward(mean=0.258 std=2.654) clip=50.0
[DEBUG] train_step 13350: starting episode collection
[DEBUG] train_step 13350: episodes collected, starting value_update
[DEBUG] train_step 13350: value_update done, starting policy_update
[DEBUG] train_step 13350: policy_update done
[step 13400] value_loss=4.106776 policy_loss=0.407420
[step 13400] VALUE_DEBUG: target(mean=-4.25 std=8.64 min=-20.84 max=5.85) V(s)(mean=-3.78 std=8.32) reward(mean=0.352 std=2.983) clip=50.0
[step 13400] eval_success_rate=0.560 eval_mean_score=14.300 eval_policy_mode=greedy [solved=28/50, score_range=9.00-16.00/16.0, initial=9.00]
[step 13400] PROGRESS: filled=14.30 violations=0.00 zero_cand=0.00
[step 13400] DEBUG: ep_len=11.0 ep_ret=0.388 stop_prob=0.000 score_chg=5.9300
[DEBUG] train_step 13400: starting episode collection
[DEBUG] train_step 13400: episodes collected, starting value_update
[DEBUG] train_step 13400: value_update done, starting policy_update
[DEBUG] train_step 13400: policy_update done
[step 13450] value_loss=5.158991 policy_loss=0.197262
[step 13450] VALUE_DEBUG: target(mean=-2.42 std=8.03 min=-21.59 max=9.31) V(s)(mean=-2.58 std=7.18) reward(mean=0.006 std=3.023) clip=50.0
[DEBUG] train_step 13450: starting episode collection
[DEBUG] train_step 13450: episodes collected, starting value_update
[DEBUG] train_step 13450: value_update done, starting policy_update
[DEBUG] train_step 13450: policy_update done
[step 13500] value_loss=13.041807 policy_loss=0.910971
[step 13500] VALUE_DEBUG: target(mean=-1.89 std=8.51 min=-20.07 max=9.74) V(s)(mean=-2.27 std=7.74) reward(mean=0.438 std=4.017) clip=50.0
[step 13500] eval_success_rate=0.520 eval_mean_score=14.460 eval_policy_mode=greedy [solved=26/50, score_range=9.00-16.00/16.0, initial=9.00]
[step 13500] PROGRESS: filled=14.46 violations=0.00 zero_cand=0.00
[step 13500] DEBUG: ep_len=11.3 ep_ret=-0.136 stop_prob=0.000 score_chg=5.9125
[DEBUG] train_step 13500: starting episode collection
[DEBUG] train_step 13500: episodes collected, starting value_update
[DEBUG] train_step 13500: value_update done, starting policy_update
[DEBUG] train_step 13500: policy_update done
[step 13550] value_loss=5.380018 policy_loss=0.026405
[step 13550] VALUE_DEBUG: target(mean=-1.27 std=8.25 min=-17.09 max=7.98) V(s)(mean=-1.45 std=8.03) reward(mean=0.602 std=2.173) clip=50.0
[DEBUG] train_step 13550: starting episode collection
[DEBUG] train_step 13550: episodes collected, starting value_update
[DEBUG] train_step 13550: value_update done, starting policy_update
[DEBUG] train_step 13550: policy_update done
[step 13600] value_loss=4.344530 policy_loss=-0.173106
[step 13600] VALUE_DEBUG: target(mean=-2.59 std=8.37 min=-17.69 max=14.31) V(s)(mean=-2.55 std=7.79) reward(mean=-0.057 std=2.789) clip=50.0
[step 13600] eval_success_rate=0.600 eval_mean_score=14.700 eval_policy_mode=greedy [solved=30/50, score_range=9.00-16.00/16.0, initial=9.00]
[step 13600] PROGRESS: filled=14.70 violations=0.00 zero_cand=0.00
[step 13600] DEBUG: ep_len=11.4 ep_ret=0.311 stop_prob=0.000 score_chg=6.1150
[DEBUG] train_step 13600: starting episode collection
[DEBUG] train_step 13600: episodes collected, starting value_update
[DEBUG] train_step 13600: value_update done, starting policy_update
[DEBUG] train_step 13600: policy_update done
[step 13650] value_loss=7.209033 policy_loss=-0.508096
[step 13650] VALUE_DEBUG: target(mean=-4.15 std=8.94 min=-16.90 max=10.18) V(s)(mean=-4.47 std=8.21) reward(mean=-0.031 std=4.088) clip=50.0
[DEBUG] train_step 13650: starting episode collection
[DEBUG] train_step 13650: episodes collected, starting value_update
[DEBUG] train_step 13650: value_update done, starting policy_update
[DEBUG] train_step 13650: policy_update done
[step 13700] value_loss=3.620498 policy_loss=-0.377969
[step 13700] VALUE_DEBUG: target(mean=-3.56 std=8.40 min=-16.73 max=6.82) V(s)(mean=-3.75 std=8.59) reward(mean=0.160 std=3.723) clip=50.0
[step 13700] eval_success_rate=0.520 eval_mean_score=14.400 eval_policy_mode=greedy [solved=26/50, score_range=9.00-16.00/16.0, initial=9.00]
[step 13700] PROGRESS: filled=14.40 violations=0.00 zero_cand=0.00
[step 13700] DEBUG: ep_len=10.9 ep_ret=1.391 stop_prob=0.000 score_chg=6.1175
[DEBUG] train_step 13700: starting episode collection
[DEBUG] train_step 13700: episodes collected, starting value_update
[DEBUG] train_step 13700: value_update done, starting policy_update
[DEBUG] train_step 13700: policy_update done
[step 13750] value_loss=2.880710 policy_loss=0.474156
[step 13750] VALUE_DEBUG: target(mean=-5.76 std=8.73 min=-17.77 max=7.58) V(s)(mean=-5.70 std=8.32) reward(mean=0.346 std=1.904) clip=50.0
[DEBUG] train_step 13750: starting episode collection
[DEBUG] train_step 13750: episodes collected, starting value_update
[DEBUG] train_step 13750: value_update done, starting policy_update
[DEBUG] train_step 13750: policy_update done
[step 13800] value_loss=1.905542 policy_loss=-0.379848
[step 13800] VALUE_DEBUG: target(mean=-3.51 std=8.62 min=-17.75 max=6.17) V(s)(mean=-3.66 std=8.19) reward(mean=-0.867 std=5.262) clip=50.0
[step 13800] eval_success_rate=0.580 eval_mean_score=14.720 eval_policy_mode=greedy [solved=29/50, score_range=9.00-16.00/16.0, initial=9.00]
[step 13800] PROGRESS: filled=14.72 violations=0.00 zero_cand=0.00
[step 13800] DEBUG: ep_len=10.9 ep_ret=0.978 stop_prob=0.000 score_chg=6.1825
[DEBUG] train_step 13800: starting episode collection
[DEBUG] train_step 13800: episodes collected, starting value_update
[DEBUG] train_step 13800: value_update done, starting policy_update
[DEBUG] train_step 13800: policy_update done
[step 13850] value_loss=10.741226 policy_loss=-0.369805
[step 13850] VALUE_DEBUG: target(mean=-0.63 std=7.16 min=-16.14 max=7.13) V(s)(mean=-0.20 std=6.29) reward(mean=-0.023 std=3.591) clip=50.0
[DEBUG] train_step 13850: starting episode collection
[DEBUG] train_step 13850: episodes collected, starting value_update
[DEBUG] train_step 13850: value_update done, starting policy_update
[DEBUG] train_step 13850: policy_update done
[step 13900] value_loss=4.599417 policy_loss=0.568498
[step 13900] VALUE_DEBUG: target(mean=0.48 std=7.66 min=-16.80 max=9.40) V(s)(mean=0.10 std=7.17) reward(mean=0.788 std=2.532) clip=50.0
[step 13900] eval_success_rate=0.580 eval_mean_score=14.960 eval_policy_mode=greedy [solved=29/50, score_range=10.00-16.00/16.0, initial=9.00]
[step 13900] PROGRESS: filled=14.96 violations=0.00 zero_cand=0.00
[step 13900] DEBUG: ep_len=10.9 ep_ret=1.157 stop_prob=0.000 score_chg=6.1925
[DEBUG] train_step 13900: starting episode collection
[DEBUG] train_step 13900: episodes collected, starting value_update
[DEBUG] train_step 13900: value_update done, starting policy_update
[DEBUG] train_step 13900: policy_update done
[step 13950] value_loss=9.164385 policy_loss=-0.762893
[step 13950] VALUE_DEBUG: target(mean=-3.52 std=8.23 min=-17.64 max=4.63) V(s)(mean=-4.00 std=7.77) reward(mean=0.365 std=3.347) clip=50.0
[DEBUG] train_step 13950: starting episode collection
[DEBUG] train_step 13950: episodes collected, starting value_update
[DEBUG] train_step 13950: value_update done, starting policy_update
[DEBUG] train_step 13950: policy_update done
[step 14000] value_loss=8.429842 policy_loss=0.132145
[step 14000] VALUE_DEBUG: target(mean=-3.59 std=9.81 min=-24.95 max=9.22) V(s)(mean=-3.82 std=8.63) reward(mean=0.755 std=4.175) clip=50.0
[step 14000] eval_success_rate=0.580 eval_mean_score=14.600 eval_policy_mode=greedy [solved=29/50, score_range=9.00-16.00/16.0, initial=9.00]
[step 14000] PROGRESS: filled=14.60 violations=0.00 zero_cand=0.00
[step 14000] DEBUG: ep_len=10.9 ep_ret=1.177 stop_prob=0.000 score_chg=6.1225
[Checkpoint] Saved to buiksat_trm/checkpoints/table3_hard_6to8_controlled_nomask_nc_r10_s6/rl_checkpoint_step_14000.pt
[DEBUG] train_step 14000: starting episode collection
[DEBUG] train_step 14000: episodes collected, starting value_update
[DEBUG] train_step 14000: value_update done, starting policy_update
[DEBUG] train_step 14000: policy_update done
[step 14050] value_loss=3.388446 policy_loss=0.011795
[step 14050] VALUE_DEBUG: target(mean=-3.44 std=8.73 min=-20.37 max=7.15) V(s)(mean=-3.25 std=8.10) reward(mean=0.127 std=2.577) clip=50.0
[DEBUG] train_step 14050: starting episode collection
[DEBUG] train_step 14050: episodes collected, starting value_update
[DEBUG] train_step 14050: value_update done, starting policy_update
[DEBUG] train_step 14050: policy_update done
[step 14100] value_loss=6.736084 policy_loss=-0.372835
[step 14100] VALUE_DEBUG: target(mean=-2.23 std=7.99 min=-16.89 max=12.80) V(s)(mean=-2.62 std=7.76) reward(mean=0.001 std=3.957) clip=50.0
[step 14100] eval_success_rate=0.560 eval_mean_score=14.780 eval_policy_mode=greedy [solved=28/50, score_range=9.00-16.00/16.0, initial=9.00]
[step 14100] PROGRESS: filled=14.78 violations=0.00 zero_cand=0.00
[step 14100] DEBUG: ep_len=11.6 ep_ret=-0.523 stop_prob=0.000 score_chg=5.8775
[DEBUG] train_step 14100: starting episode collection
[DEBUG] train_step 14100: episodes collected, starting value_update
[DEBUG] train_step 14100: value_update done, starting policy_update
[DEBUG] train_step 14100: policy_update done
[step 14150] value_loss=1.547336 policy_loss=0.341960
[step 14150] VALUE_DEBUG: target(mean=-2.30 std=7.98 min=-16.97 max=6.84) V(s)(mean=-2.15 std=8.07) reward(mean=0.087 std=3.385) clip=50.0
[DEBUG] train_step 14150: starting episode collection
[DEBUG] train_step 14150: episodes collected, starting value_update
[DEBUG] train_step 14150: value_update done, starting policy_update
[DEBUG] train_step 14150: policy_update done
[step 14200] value_loss=9.990403 policy_loss=0.733455
[step 14200] VALUE_DEBUG: target(mean=-3.01 std=8.27 min=-17.25 max=6.51) V(s)(mean=-2.38 std=7.43) reward(mean=-0.561 std=4.065) clip=50.0
[step 14200] eval_success_rate=0.580 eval_mean_score=14.900 eval_policy_mode=greedy [solved=29/50, score_range=11.00-16.00/16.0, initial=9.00]
[step 14200] PROGRESS: filled=14.90 violations=0.00 zero_cand=0.00
[step 14200] DEBUG: ep_len=11.1 ep_ret=0.227 stop_prob=0.000 score_chg=6.0425
[DEBUG] train_step 14200: starting episode collection
[DEBUG] train_step 14200: episodes collected, starting value_update
[DEBUG] train_step 14200: value_update done, starting policy_update
[DEBUG] train_step 14200: policy_update done
[step 14250] value_loss=3.486593 policy_loss=0.065555
[step 14250] VALUE_DEBUG: target(mean=0.20 std=7.91 min=-16.65 max=15.62) V(s)(mean=-0.26 std=7.49) reward(mean=1.004 std=2.525) clip=50.0
[DEBUG] train_step 14250: starting episode collection
[DEBUG] train_step 14250: episodes collected, starting value_update
[DEBUG] train_step 14250: value_update done, starting policy_update
[DEBUG] train_step 14250: policy_update done
[step 14300] value_loss=17.110107 policy_loss=0.125465
[step 14300] VALUE_DEBUG: target(mean=-2.74 std=9.33 min=-25.06 max=10.32) V(s)(mean=-2.12 std=8.36) reward(mean=-0.330 std=5.299) clip=50.0
[step 14300] eval_success_rate=0.620 eval_mean_score=14.900 eval_policy_mode=greedy [solved=31/50, score_range=11.00-16.00/16.0, initial=9.00]
[step 14300] PROGRESS: filled=14.90 violations=0.00 zero_cand=0.00
[step 14300] DEBUG: ep_len=11.1 ep_ret=0.745 stop_prob=0.000 score_chg=6.1175
[DEBUG] train_step 14300: starting episode collection
[DEBUG] train_step 14300: episodes collected, starting value_update
[DEBUG] train_step 14300: value_update done, starting policy_update
[DEBUG] train_step 14300: policy_update done
[step 14350] value_loss=6.946107 policy_loss=-0.769591
[step 14350] VALUE_DEBUG: target(mean=-2.79 std=7.48 min=-16.65 max=8.84) V(s)(mean=-2.39 std=6.91) reward(mean=-1.152 std=4.654) clip=50.0
[DEBUG] train_step 14350: starting episode collection
[DEBUG] train_step 14350: episodes collected, starting value_update
[DEBUG] train_step 14350: value_update done, starting policy_update
[DEBUG] train_step 14350: policy_update done
[step 14400] value_loss=4.138010 policy_loss=-0.135999
[step 14400] VALUE_DEBUG: target(mean=0.02 std=6.43 min=-16.14 max=7.16) V(s)(mean=0.15 std=6.10) reward(mean=-0.331 std=3.544) clip=50.0
[step 14400] eval_success_rate=0.660 eval_mean_score=15.180 eval_policy_mode=greedy [solved=33/50, score_range=11.00-16.00/16.0, initial=9.00]
[step 14400] PROGRESS: filled=15.18 violations=0.00 zero_cand=0.00
[step 14400] DEBUG: ep_len=10.7 ep_ret=1.004 stop_prob=0.000 score_chg=6.0175
[DEBUG] train_step 14400: starting episode collection
[DEBUG] train_step 14400: episodes collected, starting value_update
[DEBUG] train_step 14400: value_update done, starting policy_update
[DEBUG] train_step 14400: policy_update done
[step 14450] value_loss=6.434112 policy_loss=-0.194219
[step 14450] VALUE_DEBUG: target(mean=-2.55 std=8.47 min=-17.40 max=10.46) V(s)(mean=-3.14 std=7.95) reward(mean=0.690 std=2.972) clip=50.0
[DEBUG] train_step 14450: starting episode collection
[DEBUG] train_step 14450: episodes collected, starting value_update
[DEBUG] train_step 14450: value_update done, starting policy_update
[DEBUG] train_step 14450: policy_update done
[step 14500] value_loss=5.433868 policy_loss=-0.311467
[step 14500] VALUE_DEBUG: target(mean=-0.61 std=7.14 min=-17.19 max=10.31) V(s)(mean=-0.43 std=7.10) reward(mean=0.259 std=2.969) clip=50.0
[step 14500] eval_success_rate=0.640 eval_mean_score=15.060 eval_policy_mode=greedy [solved=32/50, score_range=11.00-16.00/16.0, initial=9.00]
[step 14500] PROGRESS: filled=15.06 violations=0.00 zero_cand=0.00
[step 14500] DEBUG: ep_len=10.5 ep_ret=2.388 stop_prob=0.000 score_chg=6.3250
[DEBUG] train_step 14500: starting episode collection
[DEBUG] train_step 14500: episodes collected, starting value_update
[DEBUG] train_step 14500: value_update done, starting policy_update
[DEBUG] train_step 14500: policy_update done
[step 14550] value_loss=12.496550 policy_loss=-0.266143
[step 14550] VALUE_DEBUG: target(mean=-7.20 std=7.60 min=-17.18 max=4.02) V(s)(mean=-6.35 std=8.13) reward(mean=-1.868 std=5.180) clip=50.0
[DEBUG] train_step 14550: starting episode collection
[DEBUG] train_step 14550: episodes collected, starting value_update
[DEBUG] train_step 14550: value_update done, starting policy_update
[DEBUG] train_step 14550: policy_update done
[step 14600] value_loss=1.436277 policy_loss=-0.471236
[step 14600] VALUE_DEBUG: target(mean=-2.41 std=9.10 min=-19.89 max=7.06) V(s)(mean=-2.14 std=8.92) reward(mean=0.100 std=3.440) clip=50.0
[step 14600] eval_success_rate=0.640 eval_mean_score=14.940 eval_policy_mode=greedy [solved=32/50, score_range=11.00-16.00/16.0, initial=9.00]
[step 14600] PROGRESS: filled=14.94 violations=0.00 zero_cand=0.00
[step 14600] DEBUG: ep_len=10.8 ep_ret=1.225 stop_prob=0.000 score_chg=6.2200
[DEBUG] train_step 14600: starting episode collection
[DEBUG] train_step 14600: episodes collected, starting value_update
[DEBUG] train_step 14600: value_update done, starting policy_update
[DEBUG] train_step 14600: policy_update done
[step 14650] value_loss=12.273003 policy_loss=-0.171663
[step 14650] VALUE_DEBUG: target(mean=-3.94 std=7.94 min=-16.59 max=6.39) V(s)(mean=-2.79 std=7.50) reward(mean=-1.329 std=4.339) clip=50.0
[DEBUG] train_step 14650: starting episode collection
[DEBUG] train_step 14650: episodes collected, starting value_update
[DEBUG] train_step 14650: value_update done, starting policy_update
[DEBUG] train_step 14650: policy_update done
[step 14700] value_loss=3.316497 policy_loss=-0.476788
[step 14700] VALUE_DEBUG: target(mean=-3.07 std=8.97 min=-22.07 max=6.84) V(s)(mean=-2.98 std=8.38) reward(mean=-0.183 std=4.439) clip=50.0
[step 14700] eval_success_rate=0.640 eval_mean_score=14.880 eval_policy_mode=greedy [solved=32/50, score_range=10.00-16.00/16.0, initial=9.00]
[step 14700] PROGRESS: filled=14.88 violations=0.00 zero_cand=0.00
[step 14700] DEBUG: ep_len=10.9 ep_ret=1.344 stop_prob=0.000 score_chg=6.1425
[DEBUG] train_step 14700: starting episode collection
[DEBUG] train_step 14700: episodes collected, starting value_update
[DEBUG] train_step 14700: value_update done, starting policy_update
[DEBUG] train_step 14700: policy_update done
[step 14750] value_loss=6.252596 policy_loss=0.170447
[step 14750] VALUE_DEBUG: target(mean=-2.50 std=9.35 min=-22.09 max=14.45) V(s)(mean=-2.91 std=8.31) reward(mean=-0.349 std=5.437) clip=50.0
[DEBUG] train_step 14750: starting episode collection
[DEBUG] train_step 14750: episodes collected, starting value_update
[DEBUG] train_step 14750: value_update done, starting policy_update
[DEBUG] train_step 14750: policy_update done
[step 14800] value_loss=12.565351 policy_loss=-0.440157
[step 14800] VALUE_DEBUG: target(mean=-1.06 std=7.38 min=-16.72 max=9.27) V(s)(mean=-1.27 std=7.33) reward(mean=0.358 std=3.002) clip=50.0
[step 14800] eval_success_rate=0.520 eval_mean_score=14.740 eval_policy_mode=greedy [solved=26/50, score_range=10.00-16.00/16.0, initial=9.00]
[step 14800] PROGRESS: filled=14.74 violations=0.00 zero_cand=0.00
[step 14800] DEBUG: ep_len=10.7 ep_ret=1.696 stop_prob=0.000 score_chg=6.2300
[DEBUG] train_step 14800: starting episode collection
[DEBUG] train_step 14800: episodes collected, starting value_update
[DEBUG] train_step 14800: value_update done, starting policy_update
[DEBUG] train_step 14800: policy_update done
[step 14850] value_loss=6.578224 policy_loss=0.223589
[step 14850] VALUE_DEBUG: target(mean=-2.13 std=7.58 min=-16.52 max=6.67) V(s)(mean=-1.12 std=7.18) reward(mean=-0.427 std=3.212) clip=50.0
[DEBUG] train_step 14850: starting episode collection
[DEBUG] train_step 14850: episodes collected, starting value_update
[DEBUG] train_step 14850: value_update done, starting policy_update
[DEBUG] train_step 14850: policy_update done
[step 14900] value_loss=9.642540 policy_loss=0.270896
[step 14900] VALUE_DEBUG: target(mean=-3.49 std=9.08 min=-18.90 max=11.09) V(s)(mean=-3.06 std=8.29) reward(mean=-0.215 std=4.446) clip=50.0
[step 14900] eval_success_rate=0.620 eval_mean_score=14.880 eval_policy_mode=greedy [solved=31/50, score_range=10.00-16.00/16.0, initial=9.00]
[step 14900] PROGRESS: filled=14.88 violations=0.00 zero_cand=0.00
[step 14900] DEBUG: ep_len=11.0 ep_ret=0.685 stop_prob=0.000 score_chg=5.8425
[DEBUG] train_step 14900: starting episode collection
[DEBUG] train_step 14900: episodes collected, starting value_update
[DEBUG] train_step 14900: value_update done, starting policy_update
[DEBUG] train_step 14900: policy_update done
[step 14950] value_loss=3.098536 policy_loss=-0.183622
[step 14950] VALUE_DEBUG: target(mean=-3.50 std=8.83 min=-18.19 max=8.08) V(s)(mean=-3.63 std=8.88) reward(mean=0.345 std=2.478) clip=50.0
[DEBUG] train_step 14950: starting episode collection
[DEBUG] train_step 14950: episodes collected, starting value_update
[DEBUG] train_step 14950: value_update done, starting policy_update
[DEBUG] train_step 14950: policy_update done
[step 15000] value_loss=2.630726 policy_loss=-0.397907
[step 15000] VALUE_DEBUG: target(mean=-1.76 std=8.16 min=-20.56 max=7.64) V(s)(mean=-1.28 std=7.65) reward(mean=-0.058 std=1.898) clip=50.0
[step 15000] eval_success_rate=0.560 eval_mean_score=14.800 eval_policy_mode=greedy [solved=28/50, score_range=10.00-16.00/16.0, initial=9.00]
[step 15000] PROGRESS: filled=14.80 violations=0.00 zero_cand=0.00
[step 15000] DEBUG: ep_len=10.9 ep_ret=1.056 stop_prob=0.000 score_chg=6.0350
[Checkpoint] Saved to buiksat_trm/checkpoints/table3_hard_6to8_controlled_nomask_nc_r10_s6/rl_checkpoint_step_15000.pt
[DEBUG] train_step 15000: starting episode collection
[DEBUG] train_step 15000: episodes collected, starting value_update
[DEBUG] train_step 15000: value_update done, starting policy_update
[DEBUG] train_step 15000: policy_update done
[step 15050] value_loss=4.735352 policy_loss=-0.210139
[step 15050] VALUE_DEBUG: target(mean=-4.01 std=8.48 min=-18.53 max=12.37) V(s)(mean=-4.01 std=7.94) reward(mean=-0.093 std=3.949) clip=50.0
[DEBUG] train_step 15050: starting episode collection
[DEBUG] train_step 15050: episodes collected, starting value_update
[DEBUG] train_step 15050: value_update done, starting policy_update
[DEBUG] train_step 15050: policy_update done
[step 15100] value_loss=1.769004 policy_loss=0.157525
[step 15100] VALUE_DEBUG: target(mean=0.17 std=6.24 min=-14.83 max=7.91) V(s)(mean=-0.12 std=6.08) reward(mean=0.652 std=1.607) clip=50.0
[step 15100] eval_success_rate=0.600 eval_mean_score=14.880 eval_policy_mode=greedy [solved=30/50, score_range=10.00-16.00/16.0, initial=9.00]
[step 15100] PROGRESS: filled=14.88 violations=0.00 zero_cand=0.00
[step 15100] DEBUG: ep_len=10.9 ep_ret=1.707 stop_prob=0.000 score_chg=6.0925
[DEBUG] train_step 15100: starting episode collection
[DEBUG] train_step 15100: episodes collected, starting value_update
[DEBUG] train_step 15100: value_update done, starting policy_update
[DEBUG] train_step 15100: policy_update done
[step 15150] value_loss=6.327145 policy_loss=-0.292583
[step 15150] VALUE_DEBUG: target(mean=-4.24 std=8.95 min=-19.98 max=6.16) V(s)(mean=-4.04 std=9.26) reward(mean=-0.639 std=3.163) clip=50.0
[DEBUG] train_step 15150: starting episode collection
[DEBUG] train_step 15150: episodes collected, starting value_update
[DEBUG] train_step 15150: value_update done, starting policy_update
[DEBUG] train_step 15150: policy_update done
[step 15200] value_loss=6.772933 policy_loss=-0.184675
[step 15200] VALUE_DEBUG: target(mean=-0.96 std=7.46 min=-17.24 max=10.28) V(s)(mean=-0.46 std=7.26) reward(mean=-0.595 std=3.548) clip=50.0
[step 15200] eval_success_rate=0.560 eval_mean_score=15.000 eval_policy_mode=greedy [solved=28/50, score_range=10.00-16.00/16.0, initial=9.00]
[step 15200] PROGRESS: filled=15.00 violations=0.00 zero_cand=0.00
[step 15200] DEBUG: ep_len=10.8 ep_ret=1.398 stop_prob=0.000 score_chg=5.8850
[DEBUG] train_step 15200: starting episode collection
[DEBUG] train_step 15200: episodes collected, starting value_update
[DEBUG] train_step 15200: value_update done, starting policy_update
[DEBUG] train_step 15200: policy_update done
[step 15250] value_loss=3.779371 policy_loss=-0.829089
[step 15250] VALUE_DEBUG: target(mean=-0.51 std=7.70 min=-16.66 max=10.51) V(s)(mean=-1.02 std=7.30) reward(mean=0.637 std=3.838) clip=50.0
[DEBUG] train_step 15250: starting episode collection
[DEBUG] train_step 15250: episodes collected, starting value_update
[DEBUG] train_step 15250: value_update done, starting policy_update
[DEBUG] train_step 15250: policy_update done
[step 15300] value_loss=5.500782 policy_loss=0.256342
[step 15300] VALUE_DEBUG: target(mean=-4.03 std=9.79 min=-21.47 max=7.19) V(s)(mean=-3.05 std=9.15) reward(mean=-1.457 std=4.083) clip=50.0
[step 15300] eval_success_rate=0.600 eval_mean_score=15.000 eval_policy_mode=greedy [solved=30/50, score_range=10.00-16.00/16.0, initial=9.00]
[step 15300] PROGRESS: filled=15.00 violations=0.00 zero_cand=0.00
[step 15300] DEBUG: ep_len=10.7 ep_ret=1.806 stop_prob=0.000 score_chg=6.0525
[DEBUG] train_step 15300: starting episode collection
[DEBUG] train_step 15300: episodes collected, starting value_update
[DEBUG] train_step 15300: value_update done, starting policy_update
[DEBUG] train_step 15300: policy_update done
[step 15350] value_loss=2.861049 policy_loss=0.722239
[step 15350] VALUE_DEBUG: target(mean=-3.49 std=7.99 min=-16.52 max=7.54) V(s)(mean=-3.76 std=7.45) reward(mean=0.688 std=1.827) clip=50.0
[DEBUG] train_step 15350: starting episode collection
[DEBUG] train_step 15350: episodes collected, starting value_update
[DEBUG] train_step 15350: value_update done, starting policy_update
[DEBUG] train_step 15350: policy_update done
[step 15400] value_loss=6.906362 policy_loss=0.225960
[step 15400] VALUE_DEBUG: target(mean=-3.74 std=8.11 min=-17.20 max=7.57) V(s)(mean=-3.14 std=8.05) reward(mean=-0.214 std=3.613) clip=50.0
[step 15400] eval_success_rate=0.620 eval_mean_score=14.880 eval_policy_mode=greedy [solved=31/50, score_range=10.00-16.00/16.0, initial=9.00]
[step 15400] PROGRESS: filled=14.88 violations=0.00 zero_cand=0.00
[step 15400] DEBUG: ep_len=10.6 ep_ret=1.946 stop_prob=0.000 score_chg=6.1825
[DEBUG] train_step 15400: starting episode collection
[DEBUG] train_step 15400: episodes collected, starting value_update
[DEBUG] train_step 15400: value_update done, starting policy_update
[DEBUG] train_step 15400: policy_update done
[step 15450] value_loss=2.220470 policy_loss=0.903513
[step 15450] VALUE_DEBUG: target(mean=0.01 std=7.24 min=-18.12 max=7.85) V(s)(mean=0.32 std=6.98) reward(mean=-0.182 std=2.316) clip=50.0
[DEBUG] train_step 15450: starting episode collection
[DEBUG] train_step 15450: episodes collected, starting value_update
[DEBUG] train_step 15450: value_update done, starting policy_update
[DEBUG] train_step 15450: policy_update done
[step 15500] value_loss=5.724874 policy_loss=-0.057705
[step 15500] VALUE_DEBUG: target(mean=-1.68 std=7.96 min=-19.36 max=8.86) V(s)(mean=-1.65 std=7.60) reward(mean=0.353 std=2.740) clip=50.0
[step 15500] eval_success_rate=0.620 eval_mean_score=14.880 eval_policy_mode=greedy [solved=31/50, score_range=10.00-16.00/16.0, initial=9.00]
[step 15500] PROGRESS: filled=14.88 violations=0.00 zero_cand=0.00
[step 15500] DEBUG: ep_len=10.6 ep_ret=1.313 stop_prob=0.000 score_chg=5.9950
[DEBUG] train_step 15500: starting episode collection
[DEBUG] train_step 15500: episodes collected, starting value_update
[DEBUG] train_step 15500: value_update done, starting policy_update
[DEBUG] train_step 15500: policy_update done
[step 15550] value_loss=6.582488 policy_loss=-0.409195
[step 15550] VALUE_DEBUG: target(mean=-2.48 std=8.05 min=-18.35 max=6.84) V(s)(mean=-1.78 std=7.51) reward(mean=-0.467 std=4.440) clip=50.0
[DEBUG] train_step 15550: starting episode collection
[DEBUG] train_step 15550: episodes collected, starting value_update
[DEBUG] train_step 15550: value_update done, starting policy_update
[DEBUG] train_step 15550: policy_update done
[step 15600] value_loss=7.616073 policy_loss=-0.839346
[step 15600] VALUE_DEBUG: target(mean=-3.14 std=8.00 min=-17.51 max=7.59) V(s)(mean=-3.31 std=8.07) reward(mean=0.058 std=3.833) clip=50.0
[step 15600] eval_success_rate=0.600 eval_mean_score=14.920 eval_policy_mode=greedy [solved=30/50, score_range=10.00-16.00/16.0, initial=9.00]
[step 15600] PROGRESS: filled=14.92 violations=0.00 zero_cand=0.00
[step 15600] DEBUG: ep_len=11.0 ep_ret=0.738 stop_prob=0.000 score_chg=5.9350
[DEBUG] train_step 15600: starting episode collection
[DEBUG] train_step 15600: episodes collected, starting value_update
[DEBUG] train_step 15600: value_update done, starting policy_update
[DEBUG] train_step 15600: policy_update done
[step 15650] value_loss=5.122918 policy_loss=-0.226426
[step 15650] VALUE_DEBUG: target(mean=-2.72 std=9.42 min=-18.08 max=12.98) V(s)(mean=-3.56 std=8.81) reward(mean=0.898 std=3.877) clip=50.0
[DEBUG] train_step 15650: starting episode collection
[DEBUG] train_step 15650: episodes collected, starting value_update
[DEBUG] train_step 15650: value_update done, starting policy_update
[DEBUG] train_step 15650: policy_update done
[step 15700] value_loss=5.637541 policy_loss=0.397522
[step 15700] VALUE_DEBUG: target(mean=-2.23 std=8.92 min=-21.52 max=9.47) V(s)(mean=-1.48 std=8.53) reward(mean=-0.341 std=2.828) clip=50.0
[step 15700] eval_success_rate=0.560 eval_mean_score=15.040 eval_policy_mode=greedy [solved=28/50, score_range=10.00-16.00/16.0, initial=9.00]
[step 15700] PROGRESS: filled=15.04 violations=0.00 zero_cand=0.00
[step 15700] DEBUG: ep_len=11.4 ep_ret=-0.478 stop_prob=0.000 score_chg=5.8125
[DEBUG] train_step 15700: starting episode collection
[DEBUG] train_step 15700: episodes collected, starting value_update
[DEBUG] train_step 15700: value_update done, starting policy_update
[DEBUG] train_step 15700: policy_update done
[step 15750] value_loss=6.834860 policy_loss=0.450805
[step 15750] VALUE_DEBUG: target(mean=-2.04 std=8.66 min=-18.10 max=9.76) V(s)(mean=-3.19 std=8.16) reward(mean=1.591 std=3.075) clip=50.0
[DEBUG] train_step 15750: starting episode collection
[DEBUG] train_step 15750: episodes collected, starting value_update
[DEBUG] train_step 15750: value_update done, starting policy_update
[DEBUG] train_step 15750: policy_update done
[step 15800] value_loss=3.333320 policy_loss=-1.100808
[step 15800] VALUE_DEBUG: target(mean=-1.05 std=7.75 min=-17.60 max=7.25) V(s)(mean=-1.37 std=7.33) reward(mean=0.878 std=1.676) clip=50.0
[step 15800] eval_success_rate=0.560 eval_mean_score=14.920 eval_policy_mode=greedy [solved=28/50, score_range=9.00-16.00/16.0, initial=9.00]
[step 15800] PROGRESS: filled=14.92 violations=0.00 zero_cand=0.00
[step 15800] DEBUG: ep_len=11.0 ep_ret=0.185 stop_prob=0.000 score_chg=5.8325
[DEBUG] train_step 15800: starting episode collection
[DEBUG] train_step 15800: episodes collected, starting value_update
[DEBUG] train_step 15800: value_update done, starting policy_update
[DEBUG] train_step 15800: policy_update done
[step 15850] value_loss=4.829873 policy_loss=0.314532
[step 15850] VALUE_DEBUG: target(mean=0.31 std=6.56 min=-18.01 max=8.55) V(s)(mean=0.50 std=6.38) reward(mean=0.526 std=2.661) clip=50.0
[DEBUG] train_step 15850: starting episode collection
[DEBUG] train_step 15850: episodes collected, starting value_update
[DEBUG] train_step 15850: value_update done, starting policy_update
[DEBUG] train_step 15850: policy_update done
[step 15900] value_loss=11.604303 policy_loss=0.489181
[step 15900] VALUE_DEBUG: target(mean=-1.45 std=8.24 min=-17.77 max=11.01) V(s)(mean=-1.71 std=7.41) reward(mean=0.599 std=3.885) clip=50.0
[step 15900] eval_success_rate=0.600 eval_mean_score=14.920 eval_policy_mode=greedy [solved=30/50, score_range=9.00-16.00/16.0, initial=9.00]
[step 15900] PROGRESS: filled=14.92 violations=0.00 zero_cand=0.00
[step 15900] DEBUG: ep_len=11.2 ep_ret=0.187 stop_prob=0.000 score_chg=5.9775
[DEBUG] train_step 15900: starting episode collection
[DEBUG] train_step 15900: episodes collected, starting value_update
[DEBUG] train_step 15900: value_update done, starting policy_update
[DEBUG] train_step 15900: policy_update done
[step 15950] value_loss=2.524460 policy_loss=0.013716
[step 15950] VALUE_DEBUG: target(mean=-3.26 std=7.72 min=-16.87 max=7.54) V(s)(mean=-3.44 std=7.78) reward(mean=0.786 std=2.255) clip=50.0
[DEBUG] train_step 15950: starting episode collection
[DEBUG] train_step 15950: episodes collected, starting value_update
[DEBUG] train_step 15950: value_update done, starting policy_update
[DEBUG] train_step 15950: policy_update done
[step 16000] value_loss=3.836128 policy_loss=-0.222854
[step 16000] VALUE_DEBUG: target(mean=-2.65 std=7.48 min=-17.96 max=6.84) V(s)(mean=-2.97 std=7.10) reward(mean=0.052 std=4.633) clip=50.0
[step 16000] eval_success_rate=0.560 eval_mean_score=14.940 eval_policy_mode=greedy [solved=28/50, score_range=9.00-16.00/16.0, initial=9.00]
[step 16000] PROGRESS: filled=14.94 violations=0.00 zero_cand=0.00
[step 16000] DEBUG: ep_len=11.3 ep_ret=0.886 stop_prob=0.000 score_chg=6.2200
[Checkpoint] Saved to buiksat_trm/checkpoints/table3_hard_6to8_controlled_nomask_nc_r10_s6/rl_checkpoint_step_16000.pt
[DEBUG] train_step 16000: starting episode collection
[DEBUG] train_step 16000: episodes collected, starting value_update
[DEBUG] train_step 16000: value_update done, starting policy_update
[DEBUG] train_step 16000: policy_update done
[step 16050] value_loss=1.613156 policy_loss=0.426169
[step 16050] VALUE_DEBUG: target(mean=-5.01 std=9.29 min=-17.76 max=6.44) V(s)(mean=-4.78 std=9.36) reward(mean=-0.618 std=4.386) clip=50.0
[DEBUG] train_step 16050: starting episode collection
[DEBUG] train_step 16050: episodes collected, starting value_update
[DEBUG] train_step 16050: value_update done, starting policy_update
[DEBUG] train_step 16050: policy_update done
[step 16100] value_loss=5.066754 policy_loss=-0.588417
[step 16100] VALUE_DEBUG: target(mean=-1.91 std=8.33 min=-17.82 max=7.08) V(s)(mean=-1.43 std=8.12) reward(mean=0.288 std=2.684) clip=50.0
[step 16100] eval_success_rate=0.480 eval_mean_score=14.880 eval_policy_mode=greedy [solved=24/50, score_range=9.00-16.00/16.0, initial=9.00]
[step 16100] PROGRESS: filled=14.88 violations=0.00 zero_cand=0.00
[step 16100] DEBUG: ep_len=11.3 ep_ret=0.260 stop_prob=0.000 score_chg=5.9075
[DEBUG] train_step 16100: starting episode collection
[DEBUG] train_step 16100: episodes collected, starting value_update
[DEBUG] train_step 16100: value_update done, starting policy_update
[DEBUG] train_step 16100: policy_update done
[step 16150] value_loss=5.065186 policy_loss=0.158176
[step 16150] VALUE_DEBUG: target(mean=-1.50 std=8.73 min=-17.48 max=10.86) V(s)(mean=-1.93 std=8.01) reward(mean=0.169 std=3.945) clip=50.0
[DEBUG] train_step 16150: starting episode collection
[DEBUG] train_step 16150: episodes collected, starting value_update
[DEBUG] train_step 16150: value_update done, starting policy_update
[DEBUG] train_step 16150: policy_update done
[step 16200] value_loss=4.816940 policy_loss=-0.229496
[step 16200] VALUE_DEBUG: target(mean=-0.22 std=6.71 min=-15.06 max=9.13) V(s)(mean=-0.04 std=6.26) reward(mean=0.317 std=2.873) clip=50.0
[step 16200] eval_success_rate=0.520 eval_mean_score=14.920 eval_policy_mode=greedy [solved=26/50, score_range=9.00-16.00/16.0, initial=9.00]
[step 16200] PROGRESS: filled=14.92 violations=0.00 zero_cand=0.00
[step 16200] DEBUG: ep_len=11.2 ep_ret=0.182 stop_prob=0.000 score_chg=5.8825
[DEBUG] train_step 16200: starting episode collection
[DEBUG] train_step 16200: episodes collected, starting value_update
[DEBUG] train_step 16200: value_update done, starting policy_update
[DEBUG] train_step 16200: policy_update done
[step 16250] value_loss=5.670574 policy_loss=-0.636645
[step 16250] VALUE_DEBUG: target(mean=-1.12 std=8.03 min=-18.01 max=11.94) V(s)(mean=-0.80 std=7.76) reward(mean=-0.115 std=4.394) clip=50.0
[DEBUG] train_step 16250: starting episode collection
[DEBUG] train_step 16250: episodes collected, starting value_update
[DEBUG] train_step 16250: value_update done, starting policy_update
[DEBUG] train_step 16250: policy_update done
[step 16300] value_loss=8.260882 policy_loss=-0.301115
[step 16300] VALUE_DEBUG: target(mean=-2.76 std=7.20 min=-16.79 max=7.11) V(s)(mean=-3.27 std=7.63) reward(mean=-0.840 std=4.312) clip=50.0
[step 16300] eval_success_rate=0.440 eval_mean_score=14.620 eval_policy_mode=greedy [solved=22/50, score_range=9.00-16.00/16.0, initial=9.00]
[step 16300] PROGRESS: filled=14.62 violations=0.00 zero_cand=0.00
[step 16300] DEBUG: ep_len=11.4 ep_ret=0.371 stop_prob=0.000 score_chg=6.0675
[DEBUG] train_step 16300: starting episode collection
[DEBUG] train_step 16300: episodes collected, starting value_update
[DEBUG] train_step 16300: value_update done, starting policy_update
[DEBUG] train_step 16300: policy_update done
[step 16350] value_loss=4.822933 policy_loss=-0.238695
[step 16350] VALUE_DEBUG: target(mean=-1.57 std=9.07 min=-16.15 max=15.31) V(s)(mean=-2.41 std=8.55) reward(mean=0.877 std=3.944) clip=50.0
[DEBUG] train_step 16350: starting episode collection
[DEBUG] train_step 16350: episodes collected, starting value_update
[DEBUG] train_step 16350: value_update done, starting policy_update
[DEBUG] train_step 16350: policy_update done
[step 16400] value_loss=2.040368 policy_loss=0.030528
[step 16400] VALUE_DEBUG: target(mean=-0.23 std=8.43 min=-18.96 max=9.43) V(s)(mean=-0.49 std=8.08) reward(mean=-0.065 std=4.719) clip=50.0
[step 16400] eval_success_rate=0.420 eval_mean_score=14.740 eval_policy_mode=greedy [solved=21/50, score_range=9.00-16.00/16.0, initial=9.00]
[step 16400] PROGRESS: filled=14.74 violations=0.00 zero_cand=0.00
[step 16400] DEBUG: ep_len=11.7 ep_ret=-0.381 stop_prob=0.000 score_chg=5.8500
[DEBUG] train_step 16400: starting episode collection
[DEBUG] train_step 16400: episodes collected, starting value_update
[DEBUG] train_step 16400: value_update done, starting policy_update
[DEBUG] train_step 16400: policy_update done
[step 16450] value_loss=3.299695 policy_loss=-0.017035
[step 16450] VALUE_DEBUG: target(mean=-2.59 std=9.32 min=-16.88 max=12.19) V(s)(mean=-2.50 std=9.04) reward(mean=-0.021 std=3.682) clip=50.0
[DEBUG] train_step 16450: starting episode collection
[DEBUG] train_step 16450: episodes collected, starting value_update
[DEBUG] train_step 16450: value_update done, starting policy_update
[DEBUG] train_step 16450: policy_update done
[step 16500] value_loss=30.846540 policy_loss=-0.529737
[step 16500] VALUE_DEBUG: target(mean=-4.90 std=8.77 min=-19.50 max=13.14) V(s)(mean=-3.61 std=7.27) reward(mean=-1.709 std=6.392) clip=50.0
[step 16500] eval_success_rate=0.480 eval_mean_score=14.780 eval_policy_mode=greedy [solved=24/50, score_range=9.00-16.00/16.0, initial=9.00]
[step 16500] PROGRESS: filled=14.78 violations=0.00 zero_cand=0.00
[step 16500] DEBUG: ep_len=11.7 ep_ret=-1.113 stop_prob=0.000 score_chg=5.4850
[DEBUG] train_step 16500: starting episode collection
[DEBUG] train_step 16500: episodes collected, starting value_update
[DEBUG] train_step 16500: value_update done, starting policy_update
[DEBUG] train_step 16500: policy_update done
[step 16550] value_loss=1.901019 policy_loss=-0.058115
[step 16550] VALUE_DEBUG: target(mean=-2.35 std=8.12 min=-17.11 max=12.49) V(s)(mean=-2.80 std=7.97) reward(mean=0.878 std=1.746) clip=50.0
[DEBUG] train_step 16550: starting episode collection
[DEBUG] train_step 16550: episodes collected, starting value_update
[DEBUG] train_step 16550: value_update done, starting policy_update
[DEBUG] train_step 16550: policy_update done
[step 16600] value_loss=4.211393 policy_loss=-0.381517
[step 16600] VALUE_DEBUG: target(mean=-1.07 std=7.42 min=-16.54 max=6.37) V(s)(mean=-0.71 std=7.35) reward(mean=-0.400 std=4.150) clip=50.0
[step 16600] eval_success_rate=0.560 eval_mean_score=15.020 eval_policy_mode=greedy [solved=28/50, score_range=9.00-16.00/16.0, initial=9.00]
[step 16600] PROGRESS: filled=15.02 violations=0.00 zero_cand=0.00
[step 16600] DEBUG: ep_len=11.2 ep_ret=0.053 stop_prob=0.000 score_chg=5.6575
[DEBUG] train_step 16600: starting episode collection
[DEBUG] train_step 16600: episodes collected, starting value_update
[DEBUG] train_step 16600: value_update done, starting policy_update
[DEBUG] train_step 16600: policy_update done
[step 16650] value_loss=3.312336 policy_loss=-0.380823
[step 16650] VALUE_DEBUG: target(mean=-1.41 std=8.31 min=-17.17 max=11.09) V(s)(mean=-1.86 std=7.89) reward(mean=0.749 std=2.152) clip=50.0
[DEBUG] train_step 16650: starting episode collection
[DEBUG] train_step 16650: episodes collected, starting value_update
[DEBUG] train_step 16650: value_update done, starting policy_update
[DEBUG] train_step 16650: policy_update done
[step 16700] value_loss=19.745634 policy_loss=0.256425
[step 16700] VALUE_DEBUG: target(mean=-5.33 std=8.62 min=-21.10 max=5.26) V(s)(mean=-4.36 std=8.05) reward(mean=-0.751 std=4.352) clip=50.0
[step 16700] eval_success_rate=0.440 eval_mean_score=14.880 eval_policy_mode=greedy [solved=22/50, score_range=9.00-16.00/16.0, initial=9.00]
[step 16700] PROGRESS: filled=14.88 violations=0.00 zero_cand=0.00
[step 16700] DEBUG: ep_len=11.4 ep_ret=-0.019 stop_prob=0.000 score_chg=5.6275
[DEBUG] train_step 16700: starting episode collection
[DEBUG] train_step 16700: episodes collected, starting value_update
[DEBUG] train_step 16700: value_update done, starting policy_update
[DEBUG] train_step 16700: policy_update done
[step 16750] value_loss=7.287985 policy_loss=-0.343215
[step 16750] VALUE_DEBUG: target(mean=-2.99 std=8.00 min=-17.11 max=9.97) V(s)(mean=-2.33 std=7.93) reward(mean=-0.142 std=3.556) clip=50.0
[DEBUG] train_step 16750: starting episode collection
[DEBUG] train_step 16750: episodes collected, starting value_update
[DEBUG] train_step 16750: value_update done, starting policy_update
[DEBUG] train_step 16750: policy_update done
[step 16800] value_loss=7.791349 policy_loss=0.230581
[step 16800] VALUE_DEBUG: target(mean=-3.72 std=9.21 min=-17.63 max=10.08) V(s)(mean=-3.79 std=8.85) reward(mean=-0.066 std=4.356) clip=50.0
[step 16800] eval_success_rate=0.520 eval_mean_score=14.940 eval_policy_mode=greedy [solved=26/50, score_range=9.00-16.00/16.0, initial=9.00]
[step 16800] PROGRESS: filled=14.94 violations=0.00 zero_cand=0.00
[step 16800] DEBUG: ep_len=11.0 ep_ret=1.156 stop_prob=0.000 score_chg=5.9850
[DEBUG] train_step 16800: starting episode collection
[DEBUG] train_step 16800: episodes collected, starting value_update
[DEBUG] train_step 16800: value_update done, starting policy_update
[DEBUG] train_step 16800: policy_update done
[step 16850] value_loss=30.059471 policy_loss=-0.014471
[step 16850] VALUE_DEBUG: target(mean=-3.12 std=8.91 min=-22.09 max=8.83) V(s)(mean=-1.79 std=7.65) reward(mean=-0.642 std=5.233) clip=50.0
[DEBUG] train_step 16850: starting episode collection
[DEBUG] train_step 16850: episodes collected, starting value_update
[DEBUG] train_step 16850: value_update done, starting policy_update
[DEBUG] train_step 16850: policy_update done
[step 16900] value_loss=4.378589 policy_loss=0.656572
[step 16900] VALUE_DEBUG: target(mean=-0.80 std=7.34 min=-21.98 max=7.31) V(s)(mean=-0.27 std=6.66) reward(mean=-0.053 std=2.000) clip=50.0
[step 16900] eval_success_rate=0.420 eval_mean_score=14.880 eval_policy_mode=greedy [solved=21/50, score_range=9.00-16.00/16.0, initial=9.00]
[step 16900] PROGRESS: filled=14.88 violations=0.00 zero_cand=0.00
[step 16900] DEBUG: ep_len=11.4 ep_ret=-0.210 stop_prob=0.000 score_chg=5.8750
[DEBUG] train_step 16900: starting episode collection
[DEBUG] train_step 16900: episodes collected, starting value_update
[DEBUG] train_step 16900: value_update done, starting policy_update
[DEBUG] train_step 16900: policy_update done
[step 16950] value_loss=6.731421 policy_loss=-0.180991
[step 16950] VALUE_DEBUG: target(mean=-0.71 std=8.88 min=-16.81 max=12.65) V(s)(mean=-0.54 std=8.28) reward(mean=0.065 std=4.531) clip=50.0
[DEBUG] train_step 16950: starting episode collection
[DEBUG] train_step 16950: episodes collected, starting value_update
[DEBUG] train_step 16950: value_update done, starting policy_update
[DEBUG] train_step 16950: policy_update done
[step 17000] value_loss=11.591848 policy_loss=-0.169888
[step 17000] VALUE_DEBUG: target(mean=-2.49 std=8.91 min=-17.06 max=7.24) V(s)(mean=-1.87 std=8.48) reward(mean=-0.080 std=3.832) clip=50.0
[step 17000] eval_success_rate=0.400 eval_mean_score=14.760 eval_policy_mode=greedy [solved=20/50, score_range=9.00-16.00/16.0, initial=9.00]
[step 17000] PROGRESS: filled=14.76 violations=0.00 zero_cand=0.00
[step 17000] DEBUG: ep_len=11.4 ep_ret=0.146 stop_prob=0.000 score_chg=5.6925
[Checkpoint] Saved to buiksat_trm/checkpoints/table3_hard_6to8_controlled_nomask_nc_r10_s6/rl_checkpoint_step_17000.pt
[DEBUG] train_step 17000: starting episode collection
[DEBUG] train_step 17000: episodes collected, starting value_update
[DEBUG] train_step 17000: value_update done, starting policy_update
[DEBUG] train_step 17000: policy_update done
[step 17050] value_loss=4.410469 policy_loss=-0.803836
[step 17050] VALUE_DEBUG: target(mean=-2.72 std=9.15 min=-17.03 max=9.58) V(s)(mean=-2.53 std=8.90) reward(mean=-0.770 std=4.763) clip=50.0
[DEBUG] train_step 17050: starting episode collection
[DEBUG] train_step 17050: episodes collected, starting value_update
[DEBUG] train_step 17050: value_update done, starting policy_update
[DEBUG] train_step 17050: policy_update done
[step 17100] value_loss=1.551688 policy_loss=0.029972
[step 17100] VALUE_DEBUG: target(mean=-2.34 std=8.72 min=-16.75 max=6.32) V(s)(mean=-2.45 std=8.46) reward(mean=0.535 std=1.871) clip=50.0
[step 17100] eval_success_rate=0.420 eval_mean_score=14.880 eval_policy_mode=greedy [solved=21/50, score_range=9.00-16.00/16.0, initial=9.00]
[step 17100] PROGRESS: filled=14.88 violations=0.00 zero_cand=0.00
[step 17100] DEBUG: ep_len=11.4 ep_ret=-0.297 stop_prob=0.000 score_chg=5.7775
[DEBUG] train_step 17100: starting episode collection
[DEBUG] train_step 17100: episodes collected, starting value_update
[DEBUG] train_step 17100: value_update done, starting policy_update
[DEBUG] train_step 17100: policy_update done
[step 17150] value_loss=13.522815 policy_loss=-1.130195
[step 17150] VALUE_DEBUG: target(mean=-1.93 std=8.50 min=-17.40 max=6.44) V(s)(mean=-0.94 std=8.15) reward(mean=-0.617 std=3.924) clip=50.0
[DEBUG] train_step 17150: starting episode collection
[DEBUG] train_step 17150: episodes collected, starting value_update
[DEBUG] train_step 17150: value_update done, starting policy_update
[DEBUG] train_step 17150: policy_update done
[step 17200] value_loss=10.137131 policy_loss=-0.156346
[step 17200] VALUE_DEBUG: target(mean=-2.95 std=8.96 min=-17.54 max=8.79) V(s)(mean=-2.56 std=8.64) reward(mean=-0.379 std=4.582) clip=50.0
[step 17200] eval_success_rate=0.500 eval_mean_score=14.960 eval_policy_mode=greedy [solved=25/50, score_range=9.00-16.00/16.0, initial=9.00]
[step 17200] PROGRESS: filled=14.96 violations=0.00 zero_cand=0.00
[step 17200] DEBUG: ep_len=11.6 ep_ret=-0.479 stop_prob=0.000 score_chg=5.7025
[DEBUG] train_step 17200: starting episode collection
[DEBUG] train_step 17200: episodes collected, starting value_update
[DEBUG] train_step 17200: value_update done, starting policy_update
[DEBUG] train_step 17200: policy_update done
[step 17250] value_loss=0.603674 policy_loss=0.027292
[step 17250] VALUE_DEBUG: target(mean=-4.08 std=8.22 min=-17.01 max=7.64) V(s)(mean=-3.97 std=8.09) reward(mean=0.348 std=1.105) clip=50.0
[DEBUG] train_step 17250: starting episode collection
[DEBUG] train_step 17250: episodes collected, starting value_update
[DEBUG] train_step 17250: value_update done, starting policy_update
[DEBUG] train_step 17250: policy_update done
[step 17300] value_loss=3.771843 policy_loss=-0.021524
[step 17300] VALUE_DEBUG: target(mean=-2.59 std=8.74 min=-17.60 max=7.94) V(s)(mean=-2.51 std=8.80) reward(mean=0.420 std=2.402) clip=50.0
[step 17300] eval_success_rate=0.520 eval_mean_score=15.020 eval_policy_mode=greedy [solved=26/50, score_range=9.00-16.00/16.0, initial=9.00]
[step 17300] PROGRESS: filled=15.02 violations=0.00 zero_cand=0.00
[step 17300] DEBUG: ep_len=11.2 ep_ret=0.160 stop_prob=0.000 score_chg=5.6450
[DEBUG] train_step 17300: starting episode collection
[DEBUG] train_step 17300: episodes collected, starting value_update
[DEBUG] train_step 17300: value_update done, starting policy_update
[DEBUG] train_step 17300: policy_update done
[step 17350] value_loss=6.271349 policy_loss=0.328522
[step 17350] VALUE_DEBUG: target(mean=-1.80 std=7.72 min=-16.79 max=7.08) V(s)(mean=-0.99 std=7.25) reward(mean=-0.892 std=3.504) clip=50.0
[DEBUG] train_step 17350: starting episode collection
[DEBUG] train_step 17350: episodes collected, starting value_update
[DEBUG] train_step 17350: value_update done, starting policy_update
[DEBUG] train_step 17350: policy_update done
[step 17400] value_loss=5.471309 policy_loss=0.184877
[step 17400] VALUE_DEBUG: target(mean=-0.42 std=7.51 min=-16.05 max=9.40) V(s)(mean=-1.24 std=7.51) reward(mean=1.325 std=2.394) clip=50.0
[step 17400] eval_success_rate=0.540 eval_mean_score=14.980 eval_policy_mode=greedy [solved=27/50, score_range=9.00-16.00/16.0, initial=9.00]
[step 17400] PROGRESS: filled=14.98 violations=0.00 zero_cand=0.00
[step 17400] DEBUG: ep_len=11.2 ep_ret=0.393 stop_prob=0.000 score_chg=5.9525
[DEBUG] train_step 17400: starting episode collection
[DEBUG] train_step 17400: episodes collected, starting value_update
[DEBUG] train_step 17400: value_update done, starting policy_update
[DEBUG] train_step 17400: policy_update done
[step 17450] value_loss=12.686869 policy_loss=-0.843372
[step 17450] VALUE_DEBUG: target(mean=-5.19 std=8.88 min=-18.36 max=7.99) V(s)(mean=-5.65 std=8.61) reward(mean=-0.614 std=3.900) clip=50.0
[DEBUG] train_step 17450: starting episode collection
[DEBUG] train_step 17450: episodes collected, starting value_update
[DEBUG] train_step 17450: value_update done, starting policy_update
[DEBUG] train_step 17450: policy_update done
[step 17500] value_loss=6.063328 policy_loss=-0.108805
[step 17500] VALUE_DEBUG: target(mean=-6.15 std=9.33 min=-20.87 max=17.27) V(s)(mean=-5.69 std=8.62) reward(mean=-0.273 std=4.393) clip=50.0
[step 17500] eval_success_rate=0.580 eval_mean_score=14.960 eval_policy_mode=greedy [solved=29/50, score_range=9.00-16.00/16.0, initial=9.00]
[step 17500] PROGRESS: filled=14.96 violations=0.00 zero_cand=0.00
[step 17500] DEBUG: ep_len=10.7 ep_ret=1.233 stop_prob=0.000 score_chg=5.8700
[DEBUG] train_step 17500: starting episode collection
[DEBUG] train_step 17500: episodes collected, starting value_update
[DEBUG] train_step 17500: value_update done, starting policy_update
[DEBUG] train_step 17500: policy_update done
[step 17550] value_loss=1.105514 policy_loss=-0.232508
[step 17550] VALUE_DEBUG: target(mean=-0.93 std=7.49 min=-16.40 max=6.76) V(s)(mean=-0.82 std=7.37) reward(mean=0.189 std=1.619) clip=50.0
[DEBUG] train_step 17550: starting episode collection
[DEBUG] train_step 17550: episodes collected, starting value_update
[DEBUG] train_step 17550: value_update done, starting policy_update
[DEBUG] train_step 17550: policy_update done
[step 17600] value_loss=4.001624 policy_loss=0.455602
[step 17600] VALUE_DEBUG: target(mean=-3.10 std=7.98 min=-16.72 max=7.58) V(s)(mean=-3.13 std=8.10) reward(mean=0.034 std=3.903) clip=50.0
[step 17600] eval_success_rate=0.580 eval_mean_score=14.980 eval_policy_mode=greedy [solved=29/50, score_range=9.00-16.00/16.0, initial=9.00]
[step 17600] PROGRESS: filled=14.98 violations=0.00 zero_cand=0.00
[step 17600] DEBUG: ep_len=10.8 ep_ret=1.461 stop_prob=0.000 score_chg=6.1375
[DEBUG] train_step 17600: starting episode collection
[DEBUG] train_step 17600: episodes collected, starting value_update
[DEBUG] train_step 17600: value_update done, starting policy_update
[DEBUG] train_step 17600: policy_update done
[step 17650] value_loss=3.900350 policy_loss=-0.539838
[step 17650] VALUE_DEBUG: target(mean=-2.66 std=8.73 min=-17.53 max=8.75) V(s)(mean=-2.47 std=8.68) reward(mean=0.076 std=3.103) clip=50.0
[DEBUG] train_step 17650: starting episode collection
[DEBUG] train_step 17650: episodes collected, starting value_update
[DEBUG] train_step 17650: value_update done, starting policy_update
[DEBUG] train_step 17650: policy_update done
[step 17700] value_loss=7.340019 policy_loss=0.754900
[step 17700] VALUE_DEBUG: target(mean=-1.28 std=7.36 min=-17.04 max=7.07) V(s)(mean=-0.70 std=6.72) reward(mean=-1.026 std=4.756) clip=50.0
[step 17700] eval_success_rate=0.600 eval_mean_score=15.000 eval_policy_mode=greedy [solved=30/50, score_range=9.00-16.00/16.0, initial=9.00]
[step 17700] PROGRESS: filled=15.00 violations=0.00 zero_cand=0.00
[step 17700] DEBUG: ep_len=10.8 ep_ret=1.651 stop_prob=0.000 score_chg=6.2025
[DEBUG] train_step 17700: starting episode collection
[DEBUG] train_step 17700: episodes collected, starting value_update
[DEBUG] train_step 17700: value_update done, starting policy_update
[DEBUG] train_step 17700: policy_update done
[step 17750] value_loss=8.044142 policy_loss=1.050116
[step 17750] VALUE_DEBUG: target(mean=-4.44 std=9.38 min=-17.70 max=7.17) V(s)(mean=-4.20 std=8.84) reward(mean=-0.279 std=3.333) clip=50.0
[DEBUG] train_step 17750: starting episode collection
[DEBUG] train_step 17750: episodes collected, starting value_update
[DEBUG] train_step 17750: value_update done, starting policy_update
[DEBUG] train_step 17750: policy_update done
[step 17800] value_loss=4.038409 policy_loss=0.367402
[step 17800] VALUE_DEBUG: target(mean=-1.50 std=7.87 min=-18.74 max=7.67) V(s)(mean=-1.36 std=7.33) reward(mean=-0.586 std=4.029) clip=50.0
[step 17800] eval_success_rate=0.660 eval_mean_score=15.080 eval_policy_mode=greedy [solved=33/50, score_range=9.00-16.00/16.0, initial=9.00]
[step 17800] PROGRESS: filled=15.08 violations=0.00 zero_cand=0.00
[step 17800] DEBUG: ep_len=10.5 ep_ret=1.918 stop_prob=0.000 score_chg=6.0950
[DEBUG] train_step 17800: starting episode collection
[DEBUG] train_step 17800: episodes collected, starting value_update
[DEBUG] train_step 17800: value_update done, starting policy_update
[DEBUG] train_step 17800: policy_update done
[step 17850] value_loss=9.944690 policy_loss=-0.047302
[step 17850] VALUE_DEBUG: target(mean=-1.81 std=7.67 min=-16.67 max=10.19) V(s)(mean=-1.86 std=7.24) reward(mean=0.096 std=3.824) clip=50.0
[DEBUG] train_step 17850: starting episode collection
[DEBUG] train_step 17850: episodes collected, starting value_update
[DEBUG] train_step 17850: value_update done, starting policy_update
[DEBUG] train_step 17850: policy_update done
[step 17900] value_loss=11.089512 policy_loss=-0.016067
[step 17900] VALUE_DEBUG: target(mean=-4.24 std=9.05 min=-17.11 max=14.84) V(s)(mean=-3.52 std=8.44) reward(mean=-0.648 std=4.507) clip=50.0
[step 17900] eval_success_rate=0.560 eval_mean_score=14.920 eval_policy_mode=greedy [solved=28/50, score_range=9.00-16.00/16.0, initial=9.00]
[step 17900] PROGRESS: filled=14.92 violations=0.00 zero_cand=0.00
[step 17900] DEBUG: ep_len=10.2 ep_ret=2.751 stop_prob=0.000 score_chg=6.3900
[DEBUG] train_step 17900: starting episode collection
[DEBUG] train_step 17900: episodes collected, starting value_update
[DEBUG] train_step 17900: value_update done, starting policy_update
[DEBUG] train_step 17900: policy_update done
[step 17950] value_loss=5.161406 policy_loss=-0.450906
[step 17950] VALUE_DEBUG: target(mean=-2.42 std=9.53 min=-20.10 max=11.92) V(s)(mean=-2.24 std=9.06) reward(mean=0.358 std=3.378) clip=50.0
[DEBUG] train_step 17950: starting episode collection
[DEBUG] train_step 17950: episodes collected, starting value_update
[DEBUG] train_step 17950: value_update done, starting policy_update
[DEBUG] train_step 17950: policy_update done
[step 18000] value_loss=3.668529 policy_loss=-0.225920
[step 18000] VALUE_DEBUG: target(mean=-3.72 std=8.01 min=-16.92 max=7.69) V(s)(mean=-3.49 std=7.92) reward(mean=-0.472 std=3.811) clip=50.0
[step 18000] eval_success_rate=0.500 eval_mean_score=14.860 eval_policy_mode=greedy [solved=25/50, score_range=9.00-16.00/16.0, initial=9.00]
[step 18000] PROGRESS: filled=14.86 violations=0.00 zero_cand=0.00
[step 18000] DEBUG: ep_len=10.6 ep_ret=1.973 stop_prob=0.000 score_chg=6.2575
[Checkpoint] Saved to buiksat_trm/checkpoints/table3_hard_6to8_controlled_nomask_nc_r10_s6/rl_checkpoint_step_18000.pt
[DEBUG] train_step 18000: starting episode collection
[DEBUG] train_step 18000: episodes collected, starting value_update
[DEBUG] train_step 18000: value_update done, starting policy_update
[DEBUG] train_step 18000: policy_update done
[step 18050] value_loss=1.685443 policy_loss=0.114437
[step 18050] VALUE_DEBUG: target(mean=-4.87 std=9.58 min=-18.92 max=6.95) V(s)(mean=-4.99 std=9.18) reward(mean=-0.558 std=3.763) clip=50.0
[DEBUG] train_step 18050: starting episode collection
[DEBUG] train_step 18050: episodes collected, starting value_update
[DEBUG] train_step 18050: value_update done, starting policy_update
[DEBUG] train_step 18050: policy_update done
[step 18100] value_loss=3.963582 policy_loss=0.201823
[step 18100] VALUE_DEBUG: target(mean=-0.86 std=8.51 min=-17.25 max=12.48) V(s)(mean=-1.50 std=7.83) reward(mean=0.195 std=4.116) clip=50.0
[step 18100] eval_success_rate=0.580 eval_mean_score=15.040 eval_policy_mode=greedy [solved=29/50, score_range=9.00-16.00/16.0, initial=9.00]
[step 18100] PROGRESS: filled=15.04 violations=0.00 zero_cand=0.00
[step 18100] DEBUG: ep_len=10.4 ep_ret=2.622 stop_prob=0.000 score_chg=6.2450
[DEBUG] train_step 18100: starting episode collection
[DEBUG] train_step 18100: episodes collected, starting value_update
[DEBUG] train_step 18100: value_update done, starting policy_update
[DEBUG] train_step 18100: policy_update done
[step 18150] value_loss=2.005778 policy_loss=0.149580
[step 18150] VALUE_DEBUG: target(mean=-3.11 std=8.67 min=-17.06 max=9.81) V(s)(mean=-3.00 std=8.46) reward(mean=0.438 std=3.463) clip=50.0
[DEBUG] train_step 18150: starting episode collection
[DEBUG] train_step 18150: episodes collected, starting value_update
[DEBUG] train_step 18150: value_update done, starting policy_update
[DEBUG] train_step 18150: policy_update done
[step 18200] value_loss=9.522882 policy_loss=0.010879
[step 18200] VALUE_DEBUG: target(mean=-2.39 std=7.24 min=-16.15 max=8.05) V(s)(mean=-1.59 std=6.97) reward(mean=-1.390 std=5.434) clip=50.0
[step 18200] eval_success_rate=0.560 eval_mean_score=14.980 eval_policy_mode=greedy [solved=28/50, score_range=9.00-16.00/16.0, initial=9.00]
[step 18200] PROGRESS: filled=14.98 violations=0.00 zero_cand=0.00
[step 18200] DEBUG: ep_len=10.3 ep_ret=2.612 stop_prob=0.000 score_chg=6.4950
[DEBUG] train_step 18200: starting episode collection
[DEBUG] train_step 18200: episodes collected, starting value_update
[DEBUG] train_step 18200: value_update done, starting policy_update
[DEBUG] train_step 18200: policy_update done
[step 18250] value_loss=1.631898 policy_loss=-0.361856
[step 18250] VALUE_DEBUG: target(mean=-0.69 std=7.99 min=-17.65 max=7.73) V(s)(mean=-0.77 std=7.94) reward(mean=0.071 std=2.372) clip=50.0
[DEBUG] train_step 18250: starting episode collection
[DEBUG] train_step 18250: episodes collected, starting value_update
[DEBUG] train_step 18250: value_update done, starting policy_update
[DEBUG] train_step 18250: policy_update done
[step 18300] value_loss=2.756760 policy_loss=1.301430
[step 18300] VALUE_DEBUG: target(mean=-4.91 std=8.73 min=-17.67 max=5.28) V(s)(mean=-4.54 std=9.22) reward(mean=-0.744 std=3.516) clip=50.0
[step 18300] eval_success_rate=0.640 eval_mean_score=15.160 eval_policy_mode=greedy [solved=32/50, score_range=10.00-16.00/16.0, initial=9.00]
[step 18300] PROGRESS: filled=15.16 violations=0.00 zero_cand=0.00
[step 18300] DEBUG: ep_len=10.5 ep_ret=2.347 stop_prob=0.000 score_chg=6.3675
[DEBUG] train_step 18300: starting episode collection
[DEBUG] train_step 18300: episodes collected, starting value_update
[DEBUG] train_step 18300: value_update done, starting policy_update
[DEBUG] train_step 18300: policy_update done
[step 18350] value_loss=7.108568 policy_loss=0.258769
[step 18350] VALUE_DEBUG: target(mean=-2.11 std=7.39 min=-17.79 max=6.89) V(s)(mean=-3.36 std=7.50) reward(mean=0.998 std=2.337) clip=50.0
[DEBUG] train_step 18350: starting episode collection
[DEBUG] train_step 18350: episodes collected, starting value_update
[DEBUG] train_step 18350: value_update done, starting policy_update
[DEBUG] train_step 18350: policy_update done
[step 18400] value_loss=4.008874 policy_loss=0.487716
[step 18400] VALUE_DEBUG: target(mean=-0.03 std=6.99 min=-17.18 max=8.68) V(s)(mean=-0.47 std=6.99) reward(mean=0.851 std=3.117) clip=50.0
[step 18400] eval_success_rate=0.560 eval_mean_score=15.100 eval_policy_mode=greedy [solved=28/50, score_range=10.00-16.00/16.0, initial=9.00]
[step 18400] PROGRESS: filled=15.10 violations=0.00 zero_cand=0.00
[step 18400] DEBUG: ep_len=10.4 ep_ret=2.061 stop_prob=0.000 score_chg=6.2225
[DEBUG] train_step 18400: starting episode collection
[DEBUG] train_step 18400: episodes collected, starting value_update
[DEBUG] train_step 18400: value_update done, starting policy_update
[DEBUG] train_step 18400: policy_update done
[step 18450] value_loss=1.976152 policy_loss=-0.147925
[step 18450] VALUE_DEBUG: target(mean=-3.63 std=9.35 min=-20.95 max=9.96) V(s)(mean=-3.91 std=8.84) reward(mean=0.903 std=2.277) clip=50.0
[DEBUG] train_step 18450: starting episode collection
[DEBUG] train_step 18450: episodes collected, starting value_update
[DEBUG] train_step 18450: value_update done, starting policy_update
[DEBUG] train_step 18450: policy_update done
[step 18500] value_loss=2.268484 policy_loss=0.402336
[step 18500] VALUE_DEBUG: target(mean=-1.82 std=8.88 min=-17.81 max=9.13) V(s)(mean=-1.99 std=8.71) reward(mean=-0.121 std=3.498) clip=50.0
[step 18500] eval_success_rate=0.580 eval_mean_score=15.120 eval_policy_mode=greedy [solved=29/50, score_range=10.00-16.00/16.0, initial=9.00]
[step 18500] PROGRESS: filled=15.12 violations=0.00 zero_cand=0.00
[step 18500] DEBUG: ep_len=10.2 ep_ret=2.433 stop_prob=0.000 score_chg=6.2200
[DEBUG] train_step 18500: starting episode collection
[DEBUG] train_step 18500: episodes collected, starting value_update
[DEBUG] train_step 18500: value_update done, starting policy_update
[DEBUG] train_step 18500: policy_update done
[step 18550] value_loss=5.071816 policy_loss=-0.060743
[step 18550] VALUE_DEBUG: target(mean=-1.75 std=7.91 min=-17.16 max=9.18) V(s)(mean=-1.43 std=7.51) reward(mean=0.090 std=3.613) clip=50.0
[DEBUG] train_step 18550: starting episode collection
[DEBUG] train_step 18550: episodes collected, starting value_update
[DEBUG] train_step 18550: value_update done, starting policy_update
[DEBUG] train_step 18550: policy_update done
[step 18600] value_loss=5.036829 policy_loss=0.014159
[step 18600] VALUE_DEBUG: target(mean=-3.41 std=8.86 min=-23.46 max=8.63) V(s)(mean=-3.26 std=8.15) reward(mean=0.127 std=4.109) clip=50.0
[step 18600] eval_success_rate=0.620 eval_mean_score=15.100 eval_policy_mode=greedy [solved=31/50, score_range=10.00-16.00/16.0, initial=9.00]
[step 18600] PROGRESS: filled=15.10 violations=0.00 zero_cand=0.00
[step 18600] DEBUG: ep_len=10.7 ep_ret=1.830 stop_prob=0.000 score_chg=6.3600
[DEBUG] train_step 18600: starting episode collection
[DEBUG] train_step 18600: episodes collected, starting value_update
[DEBUG] train_step 18600: value_update done, starting policy_update
[DEBUG] train_step 18600: policy_update done
[step 18650] value_loss=6.401763 policy_loss=-0.488710
[step 18650] VALUE_DEBUG: target(mean=-1.06 std=8.50 min=-16.98 max=11.19) V(s)(mean=-0.91 std=7.78) reward(mean=-0.432 std=4.974) clip=50.0
[DEBUG] train_step 18650: starting episode collection
[DEBUG] train_step 18650: episodes collected, starting value_update
[DEBUG] train_step 18650: value_update done, starting policy_update
[DEBUG] train_step 18650: policy_update done
[step 18700] value_loss=4.398965 policy_loss=0.192890
[step 18700] VALUE_DEBUG: target(mean=-0.97 std=7.37 min=-16.90 max=11.41) V(s)(mean=-1.07 std=7.32) reward(mean=0.264 std=3.039) clip=50.0
[step 18700] eval_success_rate=0.640 eval_mean_score=15.240 eval_policy_mode=greedy [solved=32/50, score_range=10.00-16.00/16.0, initial=9.00]
[step 18700] PROGRESS: filled=15.24 violations=0.00 zero_cand=0.00
[step 18700] DEBUG: ep_len=10.6 ep_ret=1.995 stop_prob=0.000 score_chg=6.3225
[DEBUG] train_step 18700: starting episode collection
[DEBUG] train_step 18700: episodes collected, starting value_update
[DEBUG] train_step 18700: value_update done, starting policy_update
[DEBUG] train_step 18700: policy_update done
[step 18750] value_loss=4.155609 policy_loss=0.949978
[step 18750] VALUE_DEBUG: target(mean=-3.50 std=9.56 min=-17.90 max=14.06) V(s)(mean=-4.38 std=9.05) reward(mean=0.940 std=3.862) clip=50.0
[DEBUG] train_step 18750: starting episode collection
[DEBUG] train_step 18750: episodes collected, starting value_update
[DEBUG] train_step 18750: value_update done, starting policy_update
[DEBUG] train_step 18750: policy_update done
[step 18800] value_loss=4.243270 policy_loss=-0.427242
[step 18800] VALUE_DEBUG: target(mean=0.72 std=6.09 min=-16.13 max=6.87) V(s)(mean=1.17 std=5.51) reward(mean=0.339 std=3.450) clip=50.0
[step 18800] eval_success_rate=0.560 eval_mean_score=14.960 eval_policy_mode=greedy [solved=28/50, score_range=10.00-16.00/16.0, initial=9.00]
[step 18800] PROGRESS: filled=14.96 violations=0.00 zero_cand=0.00
[step 18800] DEBUG: ep_len=10.7 ep_ret=1.903 stop_prob=0.000 score_chg=6.2000
[DEBUG] train_step 18800: starting episode collection
[DEBUG] train_step 18800: episodes collected, starting value_update
[DEBUG] train_step 18800: value_update done, starting policy_update
[DEBUG] train_step 18800: policy_update done
[step 18850] value_loss=1.076804 policy_loss=-0.286838
[step 18850] VALUE_DEBUG: target(mean=-4.82 std=8.89 min=-17.20 max=5.18) V(s)(mean=-5.05 std=9.09) reward(mean=-0.566 std=3.400) clip=50.0
[DEBUG] train_step 18850: starting episode collection
[DEBUG] train_step 18850: episodes collected, starting value_update
[DEBUG] train_step 18850: value_update done, starting policy_update
[DEBUG] train_step 18850: policy_update done
[step 18900] value_loss=4.498876 policy_loss=-0.616626
[step 18900] VALUE_DEBUG: target(mean=-4.96 std=9.45 min=-20.60 max=7.14) V(s)(mean=-4.10 std=9.60) reward(mean=-0.268 std=2.486) clip=50.0
[step 18900] eval_success_rate=0.560 eval_mean_score=14.920 eval_policy_mode=greedy [solved=28/50, score_range=10.00-16.00/16.0, initial=9.00]
[step 18900] PROGRESS: filled=14.92 violations=0.00 zero_cand=0.00
[step 18900] DEBUG: ep_len=10.7 ep_ret=2.125 stop_prob=0.000 score_chg=6.2500
[DEBUG] train_step 18900: starting episode collection
[DEBUG] train_step 18900: episodes collected, starting value_update
[DEBUG] train_step 18900: value_update done, starting policy_update
[DEBUG] train_step 18900: policy_update done
[step 18950] value_loss=1.895893 policy_loss=-0.111452
[step 18950] VALUE_DEBUG: target(mean=-3.21 std=9.52 min=-16.92 max=11.23) V(s)(mean=-3.37 std=9.43) reward(mean=-0.459 std=3.482) clip=50.0
[DEBUG] train_step 18950: starting episode collection
[DEBUG] train_step 18950: episodes collected, starting value_update
[DEBUG] train_step 18950: value_update done, starting policy_update
[DEBUG] train_step 18950: policy_update done
[step 19000] value_loss=1.774602 policy_loss=-0.790439
[step 19000] VALUE_DEBUG: target(mean=-1.63 std=8.66 min=-17.10 max=8.60) V(s)(mean=-1.78 std=8.43) reward(mean=0.970 std=1.997) clip=50.0
[step 19000] eval_success_rate=0.540 eval_mean_score=14.880 eval_policy_mode=greedy [solved=27/50, score_range=10.00-16.00/16.0, initial=9.00]
[step 19000] PROGRESS: filled=14.88 violations=0.00 zero_cand=0.00
[step 19000] DEBUG: ep_len=11.0 ep_ret=1.329 stop_prob=0.000 score_chg=6.2575
[Checkpoint] Saved to buiksat_trm/checkpoints/table3_hard_6to8_controlled_nomask_nc_r10_s6/rl_checkpoint_step_19000.pt
[DEBUG] train_step 19000: starting episode collection
[DEBUG] train_step 19000: episodes collected, starting value_update
[DEBUG] train_step 19000: value_update done, starting policy_update
[DEBUG] train_step 19000: policy_update done
[step 19050] value_loss=3.745980 policy_loss=0.261417
[step 19050] VALUE_DEBUG: target(mean=-1.79 std=9.19 min=-23.27 max=9.12) V(s)(mean=-1.29 std=8.32) reward(mean=-0.024 std=2.588) clip=50.0
[DEBUG] train_step 19050: starting episode collection
[DEBUG] train_step 19050: episodes collected, starting value_update
[DEBUG] train_step 19050: value_update done, starting policy_update
[DEBUG] train_step 19050: policy_update done
[step 19100] value_loss=5.687199 policy_loss=0.039460
[step 19100] VALUE_DEBUG: target(mean=-2.49 std=9.37 min=-19.16 max=9.86) V(s)(mean=-3.39 std=9.72) reward(mean=0.507 std=2.544) clip=50.0
[step 19100] eval_success_rate=0.500 eval_mean_score=14.820 eval_policy_mode=greedy [solved=25/50, score_range=10.00-16.00/16.0, initial=9.00]
[step 19100] PROGRESS: filled=14.82 violations=0.00 zero_cand=0.00
[step 19100] DEBUG: ep_len=11.2 ep_ret=0.946 stop_prob=0.000 score_chg=6.2775
[DEBUG] train_step 19100: starting episode collection
[DEBUG] train_step 19100: episodes collected, starting value_update
[DEBUG] train_step 19100: value_update done, starting policy_update
[DEBUG] train_step 19100: policy_update done
[step 19150] value_loss=3.046847 policy_loss=0.191675
[step 19150] VALUE_DEBUG: target(mean=-0.95 std=7.65 min=-16.78 max=7.30) V(s)(mean=-1.35 std=7.30) reward(mean=0.367 std=3.850) clip=50.0
[DEBUG] train_step 19150: starting episode collection
[DEBUG] train_step 19150: episodes collected, starting value_update
[DEBUG] train_step 19150: value_update done, starting policy_update
[DEBUG] train_step 19150: policy_update done
[step 19200] value_loss=6.029156 policy_loss=-0.070170
[step 19200] VALUE_DEBUG: target(mean=1.22 std=7.99 min=-18.04 max=12.21) V(s)(mean=0.56 std=6.91) reward(mean=0.752 std=4.453) clip=50.0
[step 19200] eval_success_rate=0.520 eval_mean_score=14.880 eval_policy_mode=greedy [solved=26/50, score_range=10.00-16.00/16.0, initial=9.00]
[step 19200] PROGRESS: filled=14.88 violations=0.00 zero_cand=0.00
[step 19200] DEBUG: ep_len=10.9 ep_ret=2.186 stop_prob=0.000 score_chg=6.3850
[DEBUG] train_step 19200: starting episode collection
[DEBUG] train_step 19200: episodes collected, starting value_update
[DEBUG] train_step 19200: value_update done, starting policy_update
[DEBUG] train_step 19200: policy_update done
[step 19250] value_loss=4.208689 policy_loss=0.033136
[step 19250] VALUE_DEBUG: target(mean=0.12 std=9.08 min=-16.63 max=15.94) V(s)(mean=-0.34 std=8.36) reward(mean=0.109 std=5.066) clip=50.0
[DEBUG] train_step 19250: starting episode collection
[DEBUG] train_step 19250: episodes collected, starting value_update
[DEBUG] train_step 19250: value_update done, starting policy_update
[DEBUG] train_step 19250: policy_update done
[step 19300] value_loss=3.045964 policy_loss=-0.113078
[step 19300] VALUE_DEBUG: target(mean=-0.81 std=8.73 min=-18.90 max=10.42) V(s)(mean=-1.18 std=8.72) reward(mean=0.475 std=3.458) clip=50.0
[step 19300] eval_success_rate=0.540 eval_mean_score=14.920 eval_policy_mode=greedy [solved=27/50, score_range=10.00-16.00/16.0, initial=9.00]
[step 19300] PROGRESS: filled=14.92 violations=0.00 zero_cand=0.00
[step 19300] DEBUG: ep_len=10.9 ep_ret=1.789 stop_prob=0.000 score_chg=6.2825
[DEBUG] train_step 19300: starting episode collection
[DEBUG] train_step 19300: episodes collected, starting value_update
[DEBUG] train_step 19300: value_update done, starting policy_update
[DEBUG] train_step 19300: policy_update done
[step 19350] value_loss=2.478215 policy_loss=-0.510552
[step 19350] VALUE_DEBUG: target(mean=-1.70 std=8.60 min=-16.87 max=8.80) V(s)(mean=-1.13 std=8.75) reward(mean=0.404 std=2.469) clip=50.0
[DEBUG] train_step 19350: starting episode collection
[DEBUG] train_step 19350: episodes collected, starting value_update
[DEBUG] train_step 19350: value_update done, starting policy_update
[DEBUG] train_step 19350: policy_update done
[step 19400] value_loss=3.626343 policy_loss=-0.732022
[step 19400] VALUE_DEBUG: target(mean=-3.00 std=8.68 min=-17.76 max=9.86) V(s)(mean=-3.04 std=8.34) reward(mean=-0.219 std=3.483) clip=50.0
[step 19400] eval_success_rate=0.580 eval_mean_score=15.100 eval_policy_mode=greedy [solved=29/50, score_range=12.00-16.00/16.0, initial=9.00]
[step 19400] PROGRESS: filled=15.10 violations=0.00 zero_cand=0.00
[step 19400] DEBUG: ep_len=10.5 ep_ret=2.770 stop_prob=0.000 score_chg=6.4350
[DEBUG] train_step 19400: starting episode collection
[DEBUG] train_step 19400: episodes collected, starting value_update
[DEBUG] train_step 19400: value_update done, starting policy_update
[DEBUG] train_step 19400: policy_update done
[step 19450] value_loss=2.524350 policy_loss=-0.177093
[step 19450] VALUE_DEBUG: target(mean=-3.08 std=9.31 min=-18.21 max=6.57) V(s)(mean=-3.15 std=9.50) reward(mean=0.293 std=2.306) clip=50.0
[DEBUG] train_step 19450: starting episode collection
[DEBUG] train_step 19450: episodes collected, starting value_update
[DEBUG] train_step 19450: value_update done, starting policy_update
[DEBUG] train_step 19450: policy_update done
[step 19500] value_loss=2.909675 policy_loss=0.127409
[step 19500] VALUE_DEBUG: target(mean=1.04 std=5.47 min=-15.92 max=10.02) V(s)(mean=1.08 std=5.67) reward(mean=0.818 std=2.509) clip=50.0
[step 19500] eval_success_rate=0.560 eval_mean_score=15.140 eval_policy_mode=greedy [solved=28/50, score_range=12.00-16.00/16.0, initial=9.00]
[step 19500] PROGRESS: filled=15.14 violations=0.00 zero_cand=0.00
[step 19500] DEBUG: ep_len=10.6 ep_ret=2.232 stop_prob=0.000 score_chg=6.3150
[DEBUG] train_step 19500: starting episode collection
[DEBUG] train_step 19500: episodes collected, starting value_update
[DEBUG] train_step 19500: value_update done, starting policy_update
[DEBUG] train_step 19500: policy_update done
[step 19550] value_loss=1.830617 policy_loss=-0.152800
[step 19550] VALUE_DEBUG: target(mean=-3.32 std=8.82 min=-17.12 max=7.63) V(s)(mean=-3.32 std=8.59) reward(mean=0.098 std=3.302) clip=50.0
[DEBUG] train_step 19550: starting episode collection
[DEBUG] train_step 19550: episodes collected, starting value_update
[DEBUG] train_step 19550: value_update done, starting policy_update
[DEBUG] train_step 19550: policy_update done
[step 19600] value_loss=3.243120 policy_loss=-0.431275
[step 19600] VALUE_DEBUG: target(mean=-1.28 std=8.30 min=-18.70 max=7.01) V(s)(mean=-1.56 std=8.59) reward(mean=0.346 std=3.662) clip=50.0
[step 19600] eval_success_rate=0.580 eval_mean_score=15.140 eval_policy_mode=greedy [solved=29/50, score_range=12.00-16.00/16.0, initial=9.00]
[step 19600] PROGRESS: filled=15.14 violations=0.00 zero_cand=0.00
[step 19600] DEBUG: ep_len=10.8 ep_ret=2.251 stop_prob=0.000 score_chg=6.4550
[DEBUG] train_step 19600: starting episode collection
[DEBUG] train_step 19600: episodes collected, starting value_update
[DEBUG] train_step 19600: value_update done, starting policy_update
[DEBUG] train_step 19600: policy_update done
[step 19650] value_loss=2.638268 policy_loss=-0.064552
[step 19650] VALUE_DEBUG: target(mean=-0.67 std=8.41 min=-21.25 max=8.49) V(s)(mean=-0.71 std=7.58) reward(mean=0.354 std=3.401) clip=50.0
[DEBUG] train_step 19650: starting episode collection
[DEBUG] train_step 19650: episodes collected, starting value_update
[DEBUG] train_step 19650: value_update done, starting policy_update
[DEBUG] train_step 19650: policy_update done
[step 19700] value_loss=2.362214 policy_loss=-0.108557
[step 19700] VALUE_DEBUG: target(mean=-1.05 std=9.27 min=-17.38 max=11.62) V(s)(mean=-1.60 std=9.14) reward(mean=1.192 std=1.828) clip=50.0
[step 19700] eval_success_rate=0.600 eval_mean_score=15.040 eval_policy_mode=greedy [solved=30/50, score_range=10.00-16.00/16.0, initial=9.00]
[step 19700] PROGRESS: filled=15.04 violations=0.00 zero_cand=0.00
[step 19700] DEBUG: ep_len=11.0 ep_ret=1.722 stop_prob=0.000 score_chg=6.3150
[DEBUG] train_step 19700: starting episode collection
[DEBUG] train_step 19700: episodes collected, starting value_update
[DEBUG] train_step 19700: value_update done, starting policy_update
[DEBUG] train_step 19700: policy_update done
[step 19750] value_loss=3.060132 policy_loss=-0.602967
[step 19750] VALUE_DEBUG: target(mean=-0.78 std=8.41 min=-16.69 max=14.58) V(s)(mean=-0.97 std=8.29) reward(mean=0.436 std=3.638) clip=50.0
[DEBUG] train_step 19750: starting episode collection
[DEBUG] train_step 19750: episodes collected, starting value_update
[DEBUG] train_step 19750: value_update done, starting policy_update
[DEBUG] train_step 19750: policy_update done
[step 19800] value_loss=4.328642 policy_loss=0.127219
[step 19800] VALUE_DEBUG: target(mean=0.27 std=8.42 min=-16.73 max=10.28) V(s)(mean=-0.26 std=8.17) reward(mean=1.317 std=2.491) clip=50.0
[step 19800] eval_success_rate=0.500 eval_mean_score=14.900 eval_policy_mode=greedy [solved=25/50, score_range=10.00-16.00/16.0, initial=9.00]
[step 19800] PROGRESS: filled=14.90 violations=0.00 zero_cand=0.00
[step 19800] DEBUG: ep_len=10.7 ep_ret=2.056 stop_prob=0.000 score_chg=6.3350
[DEBUG] train_step 19800: starting episode collection
[DEBUG] train_step 19800: episodes collected, starting value_update
[DEBUG] train_step 19800: value_update done, starting policy_update
[DEBUG] train_step 19800: policy_update done
[step 19850] value_loss=6.378997 policy_loss=0.143937
[step 19850] VALUE_DEBUG: target(mean=-1.02 std=8.40 min=-17.57 max=11.37) V(s)(mean=-1.20 std=8.23) reward(mean=0.006 std=2.557) clip=50.0
[DEBUG] train_step 19850: starting episode collection
[DEBUG] train_step 19850: episodes collected, starting value_update
[DEBUG] train_step 19850: value_update done, starting policy_update
[DEBUG] train_step 19850: policy_update done
[step 19900] value_loss=36.572872 policy_loss=-0.640960
[step 19900] VALUE_DEBUG: target(mean=0.10 std=9.64 min=-22.09 max=17.30) V(s)(mean=0.18 std=7.85) reward(mean=0.191 std=5.544) clip=50.0
[step 19900] eval_success_rate=0.560 eval_mean_score=15.040 eval_policy_mode=greedy [solved=28/50, score_range=11.00-16.00/16.0, initial=9.00]
[step 19900] PROGRESS: filled=15.04 violations=0.00 zero_cand=0.00
[step 19900] DEBUG: ep_len=10.8 ep_ret=1.820 stop_prob=0.000 score_chg=6.2700
[DEBUG] train_step 19900: starting episode collection
[DEBUG] train_step 19900: episodes collected, starting value_update
[DEBUG] train_step 19900: value_update done, starting policy_update
[DEBUG] train_step 19900: policy_update done
[step 19950] value_loss=4.202969 policy_loss=-0.688836
[step 19950] VALUE_DEBUG: target(mean=-3.22 std=10.76 min=-22.56 max=13.34) V(s)(mean=-3.45 std=9.80) reward(mean=-0.066 std=5.254) clip=50.0
[DEBUG] train_step 19950: starting episode collection
[DEBUG] train_step 19950: episodes collected, starting value_update
[DEBUG] train_step 19950: value_update done, starting policy_update
[DEBUG] train_step 19950: policy_update done
[step 20000] value_loss=1.492468 policy_loss=-0.255084
[step 20000] VALUE_DEBUG: target(mean=-1.16 std=8.41 min=-17.23 max=10.69) V(s)(mean=-0.93 std=8.46) reward(mean=0.626 std=1.951) clip=50.0
[step 20000] eval_success_rate=0.520 eval_mean_score=14.940 eval_policy_mode=greedy [solved=26/50, score_range=10.00-16.00/16.0, initial=9.00]
[step 20000] PROGRESS: filled=14.94 violations=0.00 zero_cand=0.00
[step 20000] DEBUG: ep_len=11.1 ep_ret=1.270 stop_prob=0.000 score_chg=6.2575
[Checkpoint] Saved to buiksat_trm/checkpoints/table3_hard_6to8_controlled_nomask_nc_r10_s6/rl_checkpoint_step_20000.pt
[Checkpoint] Saved to buiksat_trm/checkpoints/table3_hard_6to8_controlled_nomask_nc_r10_s6/rl_checkpoint_step_20000.pt
