algorithm,seed,step,success_rate,mean_score,filled_mean,violations_mean,zero_cand_mean
upi_trm,42,100,0.0,5.68,,,
upi_trm,42,200,0.0,6.52,,,
upi_trm,42,300,0.0,7.16,,,
upi_trm,42,400,0.0,8.44,,,
upi_trm,42,500,0.0,9.46,,,
upi_trm,42,600,0.0,9.08,,,
upi_trm,42,700,0.0,8.7,,,
upi_trm,42,800,0.0,9.38,,,
upi_trm,42,900,0.0,9.78,,,
upi_trm,42,1000,0.0,10.0,,,
upi_trm,42,1100,0.0,9.4,,,
upi_trm,42,1200,0.0,9.76,,,
upi_trm,42,1300,0.0,9.72,,,
upi_trm,42,1400,0.0,9.96,,,
upi_trm,42,1500,0.0,9.96,,,
upi_trm,42,1600,0.0,9.76,,,
upi_trm,42,1700,0.0,10.0,,,
upi_trm,42,1800,0.0,10.0,,,
upi_trm,42,1900,0.0,9.96,,,
upi_trm,42,2000,0.0,10.06,,,
upi_trm,42,2100,0.0,10.0,,,
upi_trm,42,2200,0.0,10.0,,,
upi_trm,42,2300,0.0,10.0,,,
upi_trm,42,2400,0.0,10.02,,,
upi_trm,42,2500,0.0,10.0,,,
upi_trm,42,2600,0.0,10.0,,,
upi_trm,42,2700,0.0,10.02,,,
upi_trm,42,2800,0.0,10.04,,,
upi_trm,42,2900,0.0,10.0,,,
upi_trm,42,3000,0.0,10.0,,,
upi_trm,42,3100,0.0,9.92,,,
upi_trm,42,3200,0.0,10.0,,,
upi_trm,42,3300,0.0,10.0,,,
upi_trm,42,3400,0.0,10.0,,,
upi_trm,42,3500,0.0,10.0,,,
upi_trm,42,3600,0.0,10.0,,,
upi_trm,42,3700,0.0,10.0,,,
upi_trm,42,3800,0.0,10.0,,,
upi_trm,42,3900,0.0,10.0,,,
upi_trm,42,4000,0.0,10.0,,,
upi_trm,42,4100,0.0,10.0,,,
upi_trm,42,4200,0.0,10.0,,,
upi_trm,42,4300,0.0,10.0,,,
upi_trm,42,4400,0.0,10.0,,,
upi_trm,42,4500,0.0,10.0,,,
upi_trm,42,4600,0.0,10.0,,,
upi_trm,42,4700,0.0,10.0,,,
upi_trm,42,4800,0.0,10.0,,,
upi_trm,42,4900,0.0,10.0,,,
upi_trm,42,5000,0.0,10.04,,,
upi_trm,42,5100,0.0,10.0,,,
upi_trm,42,5200,0.0,10.0,,,
upi_trm,42,5300,0.0,10.04,,,
upi_trm,42,5400,0.0,10.0,,,
upi_trm,42,5500,0.0,10.0,,,
upi_trm,42,5600,0.0,10.0,,,
upi_trm,42,5700,0.0,10.0,,,
upi_trm,42,5800,0.0,10.06,,,
upi_trm,42,5900,0.0,10.02,,,
upi_trm,42,6000,0.0,10.0,,,
upi_trm,42,6100,0.0,10.0,,,
upi_trm,42,6200,0.0,10.04,,,
upi_trm,42,6300,0.0,10.0,,,
upi_trm,42,6400,0.0,10.0,,,
upi_trm,42,6500,0.0,10.0,,,
upi_trm,42,6600,0.0,10.02,,,
upi_trm,42,6700,0.0,10.02,,,
upi_trm,42,6800,0.0,10.06,,,
upi_trm,42,6900,0.0,10.1,,,
upi_trm,42,7000,0.0,10.0,,,
upi_trm,42,7100,0.0,10.06,,,
upi_trm,42,7200,0.0,10.0,,,
upi_trm,42,7300,0.0,10.06,,,
upi_trm,42,7400,0.0,10.02,,,
upi_trm,42,7500,0.0,10.06,,,
upi_trm,42,7600,0.0,10.06,,,
upi_trm,42,7700,0.0,10.06,,,
upi_trm,42,7800,0.0,10.02,,,
upi_trm,42,7900,0.0,10.04,,,
upi_trm,42,8000,0.0,10.02,,,
upi_trm,42,8100,0.0,10.0,,,
upi_trm,42,8200,0.0,10.02,,,
upi_trm,42,8300,0.0,10.0,,,
upi_trm,42,8400,0.0,10.02,,,
upi_trm,42,8500,0.0,10.1,,,
upi_trm,42,8600,0.0,10.06,,,
upi_trm,42,8700,0.0,10.04,,,
upi_trm,42,8800,0.0,10.06,,,
upi_trm,42,8900,0.0,10.02,,,
upi_trm,42,9000,0.0,10.0,,,
upi_trm,42,9100,0.0,10.06,,,
upi_trm,42,9200,0.0,10.06,,,
upi_trm,42,9300,0.0,10.04,,,
upi_trm,42,9400,0.0,10.02,,,
upi_trm,42,9500,0.0,10.04,,,
upi_trm,42,9600,0.0,10.0,,,
upi_trm,42,9700,0.0,10.04,,,
upi_trm,42,9800,0.0,10.02,,,
upi_trm,42,9900,0.0,10.18,,,
upi_trm,42,10000,0.0,10.06,,,
upi_trm,42,10100,0.0,10.0,,,
upi_trm,42,10200,0.0,10.02,,,
upi_trm,42,10300,0.0,10.02,,,
upi_trm,42,10400,0.0,10.1,,,
upi_trm,42,10500,0.0,10.02,,,
upi_trm,42,10600,0.0,10.02,,,
upi_trm,42,10700,0.0,10.08,,,
upi_trm,42,10800,0.0,10.04,,,
upi_trm,42,10900,0.0,10.0,,,
upi_trm,42,11000,0.0,10.02,,,
upi_trm,42,11100,0.0,10.06,,,
upi_trm,42,11200,0.0,10.08,,,
upi_trm,42,11300,0.0,10.0,,,
upi_trm,42,11400,0.0,10.08,,,
upi_trm,42,11500,0.0,10.08,,,
upi_trm,42,11600,0.0,10.2,,,
upi_trm,42,11700,0.0,10.1,,,
upi_trm,42,11800,0.0,10.16,,,
upi_trm,42,11900,0.0,10.06,,,
upi_trm,42,12000,0.0,10.04,,,
upi_trm,42,12100,0.0,10.06,,,
upi_trm,42,12200,0.0,10.08,,,
upi_trm,42,12300,0.0,10.04,,,
upi_trm,42,12400,0.0,10.1,,,
upi_trm,42,12500,0.0,10.1,,,
upi_trm,42,12600,0.0,10.1,,,
upi_trm,42,12700,0.0,10.08,,,
upi_trm,42,12800,0.0,10.16,,,
upi_trm,42,12900,0.0,10.12,,,
upi_trm,42,13000,0.0,10.16,,,
upi_trm,42,13100,0.0,10.16,,,
upi_trm,42,13200,0.0,10.06,,,
upi_trm,42,13300,0.0,10.1,,,
upi_trm,42,13400,0.0,10.04,,,
upi_trm,42,13500,0.0,10.1,,,
upi_trm,42,13600,0.0,10.04,,,
upi_trm,42,13700,0.0,10.04,,,
upi_trm,42,13800,0.0,10.16,,,
upi_trm,42,13900,0.0,10.06,,,
upi_trm,42,14000,0.0,10.02,,,
upi_trm,42,14100,0.0,10.1,,,
upi_trm,42,14200,0.0,10.1,,,
upi_trm,42,14300,0.0,10.2,,,
upi_trm,42,14400,0.0,10.12,,,
upi_trm,42,14500,0.0,10.2,,,
upi_trm,42,14600,0.0,10.02,,,
upi_trm,42,14700,0.0,10.12,,,
upi_trm,42,14800,0.0,10.22,,,
upi_trm,42,14900,0.0,10.1,,,
upi_trm,42,15000,0.0,10.08,,,
upi_trm,42,15100,0.0,10.12,,,
upi_trm,42,15200,0.0,10.04,,,
upi_trm,42,15300,0.0,10.12,,,
upi_trm,42,15400,0.0,10.1,,,
upi_trm,42,15500,0.0,10.26,,,
upi_trm,42,15600,0.0,10.22,,,
upi_trm,42,15700,0.0,10.1,,,
upi_trm,42,15800,0.0,10.26,,,
upi_trm,42,15900,0.0,10.32,,,
upi_trm,42,16000,0.0,10.12,,,
upi_trm,42,16100,0.0,10.28,,,
upi_trm,42,16200,0.0,10.18,,,
upi_trm,42,16300,0.0,10.18,,,
upi_trm,42,16400,0.0,10.16,,,
upi_trm,42,16500,0.0,10.26,,,
upi_trm,42,16600,0.0,10.26,,,
upi_trm,42,16700,0.0,10.12,,,
upi_trm,42,16800,0.0,10.22,,,
upi_trm,42,16900,0.0,10.36,,,
upi_trm,42,17000,0.0,10.34,,,
upi_trm,42,17100,0.0,10.38,,,
upi_trm,42,17200,0.0,10.32,,,
upi_trm,42,17300,0.0,10.5,,,
upi_trm,42,17400,0.0,10.38,,,
upi_trm,42,17500,0.0,10.38,,,
upi_trm,42,17600,0.0,10.34,,,
upi_trm,42,17700,0.0,10.4,,,
upi_trm,42,17800,0.0,10.34,,,
upi_trm,42,17900,0.0,10.26,,,
upi_trm,42,18000,0.0,10.34,,,
upi_trm,42,18100,0.0,10.28,,,
upi_trm,42,18200,0.0,10.18,,,
upi_trm,42,18300,0.0,10.38,,,
upi_trm,42,18400,0.0,10.4,,,
upi_trm,42,18500,0.0,10.34,,,
upi_trm,42,18600,0.0,10.3,,,
upi_trm,42,18700,0.0,10.3,,,
upi_trm,42,18800,0.0,10.3,,,
upi_trm,42,18900,0.0,10.28,,,
upi_trm,42,19000,0.0,10.26,,,
upi_trm,42,19100,0.0,10.26,,,
upi_trm,42,19200,0.0,10.2,,,
upi_trm,42,19300,0.0,10.32,,,
upi_trm,42,19400,0.0,10.44,,,
upi_trm,42,19500,0.0,10.48,,,
upi_trm,42,19600,0.0,10.42,,,
upi_trm,42,19700,0.0,10.46,,,
upi_trm,42,19800,0.0,10.48,,,
upi_trm,42,19900,0.0,10.46,,,
upi_trm,42,20000,0.0,10.4,,,
upi_trm,123,100,0.0,5.7,,,
upi_trm,123,200,0.0,7.56,,,
upi_trm,123,300,0.0,7.32,,,
upi_trm,123,400,0.0,8.42,,,
upi_trm,123,500,0.0,9.2,,,
upi_trm,123,600,0.0,9.06,,,
upi_trm,123,700,0.0,9.14,,,
upi_trm,123,800,0.0,8.7,,,
upi_trm,123,900,0.0,9.92,,,
upi_trm,123,1000,0.0,10.02,,,
upi_trm,123,1100,0.0,10.02,,,
upi_trm,123,1200,0.0,9.96,,,
upi_trm,123,1300,0.0,10.04,,,
upi_trm,123,1400,0.0,10.04,,,
upi_trm,123,1500,0.0,10.0,,,
upi_trm,123,1600,0.0,10.04,,,
upi_trm,123,1700,0.0,10.06,,,
upi_trm,123,1800,0.0,10.1,,,
upi_trm,123,1900,0.0,10.08,,,
upi_trm,123,2000,0.0,9.96,,,
upi_trm,123,2100,0.0,10.0,,,
upi_trm,123,2200,0.0,10.0,,,
upi_trm,123,2300,0.0,10.0,,,
upi_trm,123,2400,0.0,10.04,,,
upi_trm,123,2500,0.0,10.0,,,
upi_trm,123,2600,0.0,10.0,,,
upi_trm,123,2700,0.0,10.0,,,
upi_trm,123,2800,0.0,10.04,,,
upi_trm,123,2900,0.0,10.0,,,
upi_trm,123,3000,0.0,10.0,,,
upi_trm,123,3100,0.0,10.04,,,
upi_trm,123,3200,0.0,10.0,,,
upi_trm,123,3300,0.0,10.0,,,
upi_trm,123,3400,0.0,10.0,,,
upi_trm,123,3500,0.0,10.0,,,
upi_trm,123,3600,0.0,10.02,,,
upi_trm,123,3700,0.0,10.0,,,
upi_trm,123,3800,0.0,10.0,,,
upi_trm,123,3900,0.0,10.0,,,
upi_trm,123,4000,0.0,10.0,,,
upi_trm,123,4100,0.0,10.0,,,
upi_trm,123,4200,0.0,10.0,,,
upi_trm,123,4300,0.0,10.0,,,
upi_trm,123,4400,0.0,10.04,,,
upi_trm,123,4500,0.0,10.0,,,
upi_trm,123,4600,0.0,10.0,,,
upi_trm,123,4700,0.0,10.0,,,
upi_trm,123,4800,0.0,10.0,,,
upi_trm,123,4900,0.0,10.0,,,
upi_trm,123,5000,0.0,10.0,,,
upi_trm,123,5100,0.0,10.0,,,
upi_trm,123,5200,0.0,10.0,,,
upi_trm,123,5300,0.0,10.0,,,
upi_trm,123,5400,0.0,9.76,,,
upi_trm,123,5500,0.0,8.68,,,
upi_trm,123,5600,0.0,8.6,,,
upi_trm,123,5700,0.0,6.34,,,
upi_trm,123,5800,0.0,5.88,,,
upi_trm,123,5900,0.0,5.08,,,
upi_trm,123,6000,0.0,5.8,,,
upi_trm,123,6100,0.0,5.62,,,
upi_trm,123,6200,0.0,5.58,,,
upi_trm,123,6300,0.0,5.58,,,
upi_trm,123,6400,0.0,5.58,,,
upi_trm,123,6500,0.0,5.54,,,
upi_trm,123,6600,0.0,5.32,,,
upi_trm,123,6700,0.0,5.4,,,
upi_trm,123,6800,0.0,5.3,,,
upi_trm,123,6900,0.0,5.56,,,
upi_trm,123,7000,0.0,5.44,,,
upi_trm,123,7100,0.0,5.44,,,
upi_trm,123,7200,0.0,5.68,,,
upi_trm,123,7300,0.0,5.02,,,
upi_trm,123,7400,0.0,5.04,,,
upi_trm,123,7500,0.0,4.52,,,
upi_trm,123,7600,0.0,4.66,,,
upi_trm,123,7700,0.0,4.66,,,
upi_trm,123,7800,0.0,4.66,,,
upi_trm,123,7900,0.0,4.66,,,
upi_trm,123,8000,0.0,5.8,,,
upi_trm,123,8100,0.0,5.88,,,
upi_trm,123,8200,0.0,6.32,,,
upi_trm,123,8300,0.0,6.7,,,
upi_trm,123,8400,0.0,6.78,,,
upi_trm,123,8500,0.0,5.82,,,
upi_trm,123,8600,0.0,5.54,,,
upi_trm,123,8700,0.0,5.5,,,
upi_trm,123,8800,0.0,5.5,,,
upi_trm,123,8900,0.0,5.5,,,
upi_trm,123,9000,0.0,5.5,,,
upi_trm,123,9100,0.0,5.5,,,
upi_trm,123,9200,0.0,5.5,,,
upi_trm,123,9300,0.0,5.5,,,
upi_trm,123,9400,0.0,5.5,,,
upi_trm,123,9500,0.0,5.5,,,
upi_trm,123,9600,0.0,5.5,,,
upi_trm,123,9700,0.0,5.78,,,
upi_trm,123,9800,0.0,6.06,,,
upi_trm,123,9900,0.0,6.08,,,
upi_trm,123,10000,0.0,6.08,,,
upi_trm,123,10100,0.0,5.76,,,
upi_trm,123,10200,0.0,5.76,,,
upi_trm,123,10300,0.0,5.8,,,
upi_trm,123,10400,0.0,5.62,,,
upi_trm,123,10500,0.0,5.34,,,
upi_trm,123,10600,0.0,5.38,,,
upi_trm,123,10700,0.0,6.38,,,
upi_trm,123,10800,0.0,6.3,,,
upi_trm,123,10900,0.0,6.3,,,
upi_trm,123,11000,0.0,6.3,,,
upi_trm,123,11100,0.0,6.3,,,
upi_trm,123,11200,0.0,6.3,,,
upi_trm,123,11300,0.0,6.3,,,
upi_trm,123,11400,0.0,6.3,,,
upi_trm,123,11500,0.0,5.68,,,
upi_trm,123,11600,0.0,5.16,,,
upi_trm,123,11700,0.0,5.28,,,
upi_trm,123,11800,0.0,5.2,,,
upi_trm,123,11900,0.0,5.2,,,
upi_trm,123,12000,0.0,5.2,,,
upi_trm,123,12100,0.0,5.2,,,
upi_trm,123,12200,0.0,5.2,,,
upi_trm,123,12300,0.0,5.2,,,
upi_trm,123,12400,0.0,5.2,,,
upi_trm,123,12500,0.0,5.2,,,
upi_trm,123,12600,0.0,5.38,,,
upi_trm,123,12700,0.0,5.02,,,
upi_trm,123,12800,0.0,4.9,,,
upi_trm,123,12900,0.0,4.9,,,
upi_trm,123,13000,0.0,4.7,,,
upi_trm,123,13100,0.0,5.04,,,
upi_trm,123,13200,0.0,5.04,,,
upi_trm,123,13300,0.0,5.04,,,
upi_trm,123,13400,0.0,5.66,,,
upi_trm,123,13500,0.0,5.66,,,
upi_trm,123,13600,0.0,5.66,,,
upi_trm,123,13700,0.0,5.46,,,
upi_trm,123,13800,0.0,5.66,,,
upi_trm,123,13900,0.0,5.3,,,
upi_trm,123,14000,0.0,5.46,,,
upi_trm,123,14100,0.0,5.6,,,
upi_trm,123,14200,0.0,5.84,,,
upi_trm,123,14300,0.0,6.0,,,
upi_trm,123,14400,0.0,5.68,,,
upi_trm,123,14500,0.0,5.94,,,
upi_trm,123,14600,0.0,6.04,,,
upi_trm,123,14700,0.0,6.04,,,
upi_trm,123,14800,0.0,6.04,,,
upi_trm,123,14900,0.0,5.6,,,
upi_trm,123,15000,0.0,5.58,,,
upi_trm,123,15100,0.0,5.42,,,
upi_trm,123,15200,0.0,5.94,,,
upi_trm,123,15300,0.0,5.3,,,
upi_trm,123,15400,0.0,5.26,,,
upi_trm,123,15500,0.0,5.7,,,
upi_trm,123,15600,0.0,5.28,,,
upi_trm,123,15700,0.0,5.64,,,
upi_trm,123,15800,0.0,5.4,,,
upi_trm,123,15900,0.0,5.24,,,
upi_trm,123,16000,0.0,5.4,,,
upi_trm,123,16100,0.0,5.86,,,
upi_trm,123,16200,0.0,5.86,,,
upi_trm,123,16300,0.0,5.86,,,
upi_trm,123,16400,0.0,5.86,,,
upi_trm,123,16500,0.0,5.86,,,
upi_trm,123,16600,0.0,5.8,,,
upi_trm,123,16700,0.0,5.9,,,
upi_trm,123,16800,0.0,5.9,,,
upi_trm,123,16900,0.0,5.9,,,
upi_trm,123,17000,0.0,5.74,,,
upi_trm,123,17100,0.0,6.02,,,
upi_trm,123,17200,0.0,5.76,,,
upi_trm,123,17300,0.0,5.9,,,
upi_trm,123,17400,0.0,5.36,,,
upi_trm,123,17500,0.0,6.06,,,
upi_trm,123,17600,0.0,5.64,,,
upi_trm,123,17700,0.0,5.92,,,
upi_trm,123,17800,0.0,5.92,,,
upi_trm,123,17900,0.0,5.9,,,
upi_trm,123,18000,0.0,5.46,,,
upi_trm,123,18100,0.0,5.46,,,
upi_trm,123,18200,0.0,5.42,,,
upi_trm,123,18300,0.0,5.42,,,
upi_trm,123,18400,0.0,5.42,,,
upi_trm,123,18500,0.0,5.38,,,
upi_trm,123,18600,0.0,5.62,,,
upi_trm,123,18700,0.0,5.62,,,
upi_trm,123,18800,0.0,5.62,,,
upi_trm,123,18900,0.0,5.62,,,
upi_trm,123,19000,0.0,5.62,,,
upi_trm,123,19100,0.0,5.62,,,
upi_trm,123,19200,0.0,5.62,,,
upi_trm,123,19300,0.0,5.62,,,
upi_trm,123,19400,0.0,5.62,,,
upi_trm,123,19500,0.0,5.82,,,
upi_trm,123,19600,0.0,5.82,,,
upi_trm,123,19700,0.0,5.82,,,
upi_trm,123,19800,0.0,5.74,,,
upi_trm,123,19900,0.0,5.74,,,
upi_trm,123,20000,0.0,5.96,,,
upi_trm,456,100,0.0,5.54,,,
upi_trm,456,200,0.0,7.86,,,
upi_trm,456,300,0.0,8.56,,,
upi_trm,456,400,0.0,8.6,,,
upi_trm,456,500,0.0,9.4,,,
upi_trm,456,600,0.0,9.02,,,
upi_trm,456,700,0.0,9.0,,,
upi_trm,456,800,0.0,7.62,,,
upi_trm,456,900,0.0,6.3,,,
upi_trm,456,1000,0.0,6.44,,,
upi_trm,456,1100,0.0,5.4,,,
upi_trm,456,1200,0.0,5.24,,,
upi_trm,456,1300,0.0,5.46,,,
upi_trm,456,1400,0.0,5.62,,,
upi_trm,456,1500,0.0,5.8,,,
upi_trm,456,1600,0.0,6.08,,,
upi_trm,456,1700,0.0,6.22,,,
upi_trm,456,1800,0.0,4.34,,,
upi_trm,456,1900,0.0,5.04,,,
upi_trm,456,2000,0.0,4.96,,,
upi_trm,456,2100,0.0,4.9,,,
upi_trm,456,2200,0.0,4.9,,,
upi_trm,456,2300,0.0,4.9,,,
upi_trm,456,2400,0.0,4.9,,,
upi_trm,456,2500,0.0,4.9,,,
upi_trm,456,2600,0.0,4.9,,,
upi_trm,456,2700,0.0,4.9,,,
upi_trm,456,2800,0.0,4.9,,,
upi_trm,456,2900,0.0,4.9,,,
upi_trm,456,3000,0.0,4.9,,,
upi_trm,456,3100,0.0,4.9,,,
upi_trm,456,3200,0.0,4.9,,,
upi_trm,456,3300,0.0,4.9,,,
upi_trm,456,3400,0.0,4.9,,,
upi_trm,456,3500,0.0,4.9,,,
upi_trm,456,3600,0.0,4.9,,,
upi_trm,456,3700,0.0,4.9,,,
upi_trm,456,3800,0.0,4.9,,,
upi_trm,456,3900,0.0,4.9,,,
upi_trm,456,4000,0.0,4.9,,,
upi_trm,456,4100,0.0,4.9,,,
upi_trm,456,4200,0.0,4.9,,,
upi_trm,456,4300,0.0,4.9,,,
upi_trm,456,4400,0.0,4.9,,,
upi_trm,456,4500,0.0,4.9,,,
upi_trm,456,4600,0.0,4.9,,,
upi_trm,456,4700,0.0,4.9,,,
upi_trm,456,4800,0.0,4.9,,,
upi_trm,456,4900,0.0,4.9,,,
upi_trm,456,5000,0.0,4.9,,,
upi_trm,456,5100,0.0,5.1,,,
upi_trm,456,5200,0.0,5.32,,,
upi_trm,456,5300,0.0,5.7,,,
upi_trm,456,5400,0.0,5.7,,,
upi_trm,456,5500,0.0,5.7,,,
upi_trm,456,5600,0.0,5.7,,,
upi_trm,456,5700,0.0,5.7,,,
upi_trm,456,5800,0.0,5.7,,,
upi_trm,456,5900,0.0,5.7,,,
upi_trm,456,6000,0.0,5.7,,,
upi_trm,456,6100,0.0,5.7,,,
upi_trm,456,6200,0.0,5.7,,,
upi_trm,456,6300,0.0,5.7,,,
upi_trm,456,6400,0.0,5.7,,,
upi_trm,456,6500,0.0,5.7,,,
upi_trm,456,6600,0.0,5.7,,,
upi_trm,456,6700,0.0,5.7,,,
upi_trm,456,6800,0.0,5.7,,,
upi_trm,456,6900,0.0,5.7,,,
upi_trm,456,7000,0.0,5.7,,,
upi_trm,456,7100,0.0,5.7,,,
upi_trm,456,7200,0.0,5.7,,,
upi_trm,456,7300,0.0,5.7,,,
upi_trm,456,7400,0.0,5.7,,,
upi_trm,456,7500,0.0,5.7,,,
upi_trm,456,7600,0.0,5.7,,,
upi_trm,456,7700,0.0,5.7,,,
upi_trm,456,7800,0.0,5.7,,,
upi_trm,456,7900,0.0,5.7,,,
upi_trm,456,8000,0.0,5.7,,,
upi_trm,456,8100,0.0,5.7,,,
upi_trm,456,8200,0.0,5.7,,,
upi_trm,456,8300,0.0,5.7,,,
upi_trm,456,8400,0.0,5.7,,,
upi_trm,456,8500,0.0,5.7,,,
upi_trm,456,8600,0.0,5.7,,,
upi_trm,456,8700,0.0,5.7,,,
upi_trm,456,8800,0.0,5.7,,,
upi_trm,456,8900,0.0,5.7,,,
upi_trm,456,9000,0.0,5.7,,,
upi_trm,456,9100,0.0,5.7,,,
upi_trm,456,9200,0.0,5.7,,,
upi_trm,456,9300,0.0,5.7,,,
upi_trm,456,9400,0.0,5.7,,,
upi_trm,456,9500,0.0,5.7,,,
upi_trm,456,9600,0.0,5.7,,,
upi_trm,456,9700,0.0,5.7,,,
upi_trm,456,9800,0.0,5.7,,,
upi_trm,456,9900,0.0,5.7,,,
upi_trm,456,10000,0.0,5.7,,,
upi_trm,456,10100,0.0,5.7,,,
upi_trm,456,10200,0.0,5.7,,,
upi_trm,456,10300,0.0,5.7,,,
upi_trm,456,10400,0.0,5.7,,,
upi_trm,456,10500,0.0,5.7,,,
upi_trm,456,10600,0.0,5.7,,,
upi_trm,456,10700,0.0,5.7,,,
upi_trm,456,10800,0.0,5.7,,,
upi_trm,456,10900,0.0,5.7,,,
upi_trm,456,11000,0.0,5.7,,,
upi_trm,456,11100,0.0,5.7,,,
upi_trm,456,11200,0.0,5.7,,,
upi_trm,456,11300,0.0,5.7,,,
upi_trm,456,11400,0.0,5.7,,,
upi_trm,456,11500,0.0,5.7,,,
upi_trm,456,11600,0.0,5.7,,,
upi_trm,456,11700,0.0,5.7,,,
upi_trm,456,11800,0.0,5.7,,,
upi_trm,456,11900,0.0,5.7,,,
upi_trm,456,12000,0.0,5.7,,,
upi_trm,456,12100,0.0,5.7,,,
upi_trm,456,12200,0.0,5.7,,,
upi_trm,456,12300,0.0,5.7,,,
upi_trm,456,12400,0.0,5.7,,,
upi_trm,456,12500,0.0,5.7,,,
upi_trm,456,12600,0.0,5.7,,,
upi_trm,456,12700,0.0,5.7,,,
upi_trm,456,12800,0.0,5.7,,,
upi_trm,456,12900,0.0,5.7,,,
upi_trm,456,13000,0.0,5.7,,,
upi_trm,456,13100,0.0,5.7,,,
upi_trm,456,13200,0.0,5.7,,,
upi_trm,456,13300,0.0,5.7,,,
upi_trm,456,13400,0.0,5.7,,,
upi_trm,456,13500,0.0,5.7,,,
upi_trm,456,13600,0.0,5.7,,,
upi_trm,456,13700,0.0,5.7,,,
upi_trm,456,13800,0.0,5.7,,,
upi_trm,456,13900,0.0,5.7,,,
upi_trm,456,14000,0.0,5.7,,,
upi_trm,456,14100,0.0,5.7,,,
upi_trm,456,14200,0.0,5.7,,,
upi_trm,456,14300,0.0,5.7,,,
upi_trm,456,14400,0.0,5.7,,,
upi_trm,456,14500,0.0,5.7,,,
upi_trm,456,14600,0.0,5.7,,,
upi_trm,456,14700,0.0,5.7,,,
upi_trm,456,14800,0.0,5.7,,,
upi_trm,456,14900,0.0,5.7,,,
upi_trm,456,15000,0.0,5.7,,,
upi_trm,456,15100,0.0,5.7,,,
upi_trm,456,15200,0.0,5.7,,,
upi_trm,456,15300,0.0,5.7,,,
upi_trm,456,15400,0.0,5.7,,,
upi_trm,456,15500,0.0,5.7,,,
upi_trm,456,15600,0.0,5.7,,,
upi_trm,456,15700,0.0,5.7,,,
upi_trm,456,15800,0.0,5.7,,,
upi_trm,456,15900,0.0,5.7,,,
upi_trm,456,16000,0.0,5.7,,,
upi_trm,456,16100,0.0,5.7,,,
upi_trm,456,16200,0.0,5.7,,,
upi_trm,456,16300,0.0,5.7,,,
upi_trm,456,16400,0.0,5.7,,,
upi_trm,456,16500,0.0,5.7,,,
upi_trm,456,16600,0.0,5.62,,,
upi_trm,456,16700,0.0,5.82,,,
upi_trm,456,16800,0.0,5.74,,,
upi_trm,456,16900,0.0,5.74,,,
upi_trm,456,17000,0.0,5.74,,,
upi_trm,456,17100,0.0,5.74,,,
upi_trm,456,17200,0.0,5.74,,,
upi_trm,456,17300,0.0,5.74,,,
upi_trm,456,17400,0.0,5.74,,,
upi_trm,456,17500,0.0,5.74,,,
upi_trm,456,17600,0.0,5.74,,,
upi_trm,456,17700,0.0,5.74,,,
upi_trm,456,17800,0.0,5.74,,,
upi_trm,456,17900,0.0,5.74,,,
upi_trm,456,18000,0.0,5.74,,,
upi_trm,456,18100,0.0,5.74,,,
upi_trm,456,18200,0.0,5.74,,,
upi_trm,456,18300,0.0,5.74,,,
upi_trm,456,18400,0.0,5.74,,,
upi_trm,456,18500,0.0,5.74,,,
upi_trm,456,18600,0.0,5.74,,,
upi_trm,456,18700,0.0,5.74,,,
upi_trm,456,18800,0.0,5.74,,,
upi_trm,456,18900,0.0,5.74,,,
upi_trm,456,19000,0.0,5.74,,,
upi_trm,456,19100,0.0,5.74,,,
upi_trm,456,19200,0.0,5.74,,,
upi_trm,456,19300,0.0,5.74,,,
upi_trm,456,19400,0.0,5.74,,,
upi_trm,456,19500,0.0,5.74,,,
upi_trm,456,19600,0.0,5.74,,,
upi_trm,456,19700,0.0,5.74,,,
upi_trm,456,19800,0.0,5.74,,,
upi_trm,456,19900,0.0,5.74,,,
upi_trm,456,20000,0.0,5.74,,,
no_contraction,42,100,0.0,4.24,,,
no_contraction,42,200,0.0,7.94,,,
no_contraction,42,300,0.0,8.96,,,
no_contraction,42,400,0.0,9.68,,,
no_contraction,42,500,0.0,9.72,,,
no_contraction,42,600,0.0,9.84,,,
no_contraction,42,700,0.0,10.04,,,
no_contraction,42,800,0.0,10.12,,,
no_contraction,42,900,0.0,10.12,,,
no_contraction,42,1000,0.0,10.08,,,
no_contraction,42,1100,0.0,10.14,,,
no_contraction,42,1200,0.0,10.18,,,
no_contraction,42,1300,0.0,10.14,,,
no_contraction,42,1400,0.0,10.16,,,
no_contraction,42,1500,0.0,10.18,,,
no_contraction,42,1600,0.0,10.08,,,
no_contraction,42,1700,0.0,10.22,,,
no_contraction,42,1800,0.0,10.34,,,
no_contraction,42,1900,0.0,10.28,,,
no_contraction,42,2000,0.0,10.54,,,
no_contraction,42,2100,0.0,10.46,,,
no_contraction,42,2200,0.0,10.28,,,
no_contraction,42,2300,0.0,10.34,,,
no_contraction,42,2400,0.0,10.44,,,
no_contraction,42,2500,0.0,10.76,,,
no_contraction,42,2600,0.0,10.42,,,
no_contraction,42,2700,0.0,10.58,,,
no_contraction,42,2800,0.0,10.78,,,
no_contraction,42,2900,0.0,11.06,,,
no_contraction,42,3000,0.0,10.54,,,
no_contraction,42,3100,0.0,10.82,,,
no_contraction,42,3200,0.0,10.68,,,
no_contraction,42,3300,0.0,10.84,,,
no_contraction,42,3400,0.0,10.88,,,
no_contraction,42,3500,0.0,11.42,,,
no_contraction,42,3600,0.0,11.68,,,
no_contraction,42,3700,0.0,11.5,,,
no_contraction,42,3800,0.0,11.04,,,
no_contraction,42,3900,0.0,11.12,,,
no_contraction,42,4000,0.0,11.34,,,
no_contraction,42,4100,0.0,11.26,,,
no_contraction,42,4200,0.0,11.08,,,
no_contraction,42,4300,0.0,11.54,,,
no_contraction,42,4400,0.0,11.72,,,
no_contraction,42,4500,0.0,11.12,,,
no_contraction,42,4600,0.04,11.7,,,
no_contraction,42,4700,0.02,12.16,,,
no_contraction,42,4800,0.02,11.86,,,
no_contraction,42,4900,0.04,11.84,,,
no_contraction,42,5000,0.04,12.2,,,
no_contraction,42,5100,0.06,12.62,,,
no_contraction,42,5200,0.04,12.82,,,
no_contraction,42,5300,0.08,12.16,,,
no_contraction,42,5400,0.12,13.02,,,
no_contraction,42,5500,0.1,12.38,,,
no_contraction,42,5600,0.02,12.24,,,
no_contraction,42,5700,0.1,12.92,,,
no_contraction,42,5800,0.14,12.68,,,
no_contraction,42,5900,0.18,13.52,,,
no_contraction,42,6000,0.24,13.32,,,
no_contraction,42,6100,0.16,13.36,,,
no_contraction,42,6200,0.16,12.88,,,
no_contraction,42,6300,0.16,12.98,,,
no_contraction,42,6400,0.14,13.12,,,
no_contraction,42,6500,0.24,13.56,,,
no_contraction,42,6600,0.14,12.74,,,
no_contraction,42,6700,0.26,13.58,,,
no_contraction,42,6800,0.14,13.26,,,
no_contraction,42,6900,0.36,13.64,,,
no_contraction,42,7000,0.26,13.52,,,
no_contraction,42,7100,0.34,13.34,,,
no_contraction,42,7200,0.32,13.46,,,
no_contraction,42,7300,0.3,13.32,,,
no_contraction,42,7400,0.34,13.5,,,
no_contraction,42,7500,0.3,13.8,,,
no_contraction,42,7600,0.38,13.56,,,
no_contraction,42,7700,0.42,13.82,,,
no_contraction,42,7800,0.32,13.32,,,
no_contraction,42,7900,0.3,13.86,,,
no_contraction,42,8000,0.4,13.4,,,
no_contraction,42,8100,0.32,13.58,,,
no_contraction,42,8200,0.36,13.48,,,
no_contraction,42,8300,0.3,13.5,,,
no_contraction,42,8400,0.36,13.42,,,
no_contraction,42,8500,0.36,13.2,,,
no_contraction,42,8600,0.36,13.66,,,
no_contraction,42,8700,0.3,13.42,,,
no_contraction,42,8800,0.34,13.52,,,
no_contraction,42,8900,0.34,13.52,,,
no_contraction,42,9000,0.42,13.8,,,
no_contraction,42,9100,0.22,13.5,,,
no_contraction,42,9200,0.24,13.54,,,
no_contraction,42,9300,0.34,13.66,,,
no_contraction,42,9400,0.36,13.62,,,
no_contraction,42,9500,0.32,13.54,,,
no_contraction,42,9600,0.36,13.64,,,
no_contraction,42,9700,0.22,13.6,,,
no_contraction,42,9800,0.16,13.36,,,
no_contraction,42,9900,0.14,13.18,,,
no_contraction,42,10000,0.14,13.5,,,
no_contraction,42,10100,0.22,13.72,,,
no_contraction,42,10200,0.38,14.04,,,
no_contraction,42,10300,0.3,13.88,,,
no_contraction,42,10400,0.28,13.4,,,
no_contraction,42,10500,0.24,13.32,,,
no_contraction,42,10600,0.2,13.24,,,
no_contraction,42,10700,0.2,13.42,,,
no_contraction,42,10800,0.32,13.62,,,
no_contraction,42,10900,0.32,13.56,,,
no_contraction,42,11000,0.32,13.6,,,
no_contraction,42,11100,0.28,13.44,,,
no_contraction,42,11200,0.38,14.12,,,
no_contraction,42,11300,0.34,13.84,,,
no_contraction,42,11400,0.36,13.66,,,
no_contraction,42,11500,0.32,13.84,,,
no_contraction,42,11600,0.4,13.72,,,
no_contraction,42,11700,0.42,14.08,,,
no_contraction,42,11800,0.36,14.14,,,
no_contraction,42,11900,0.42,13.98,,,
no_contraction,42,12000,0.3,14.1,,,
no_contraction,42,12100,0.38,14.02,,,
no_contraction,42,12200,0.46,14.34,,,
no_contraction,42,12300,0.42,14.62,,,
no_contraction,42,12400,0.38,14.16,,,
no_contraction,42,12500,0.3,13.98,,,
no_contraction,42,12600,0.34,14.2,,,
no_contraction,42,12700,0.46,14.38,,,
no_contraction,42,12800,0.3,14.5,,,
no_contraction,42,12900,0.46,14.72,,,
no_contraction,42,13000,0.34,14.44,,,
no_contraction,42,13100,0.44,14.62,,,
no_contraction,42,13200,0.48,14.46,,,
no_contraction,42,13300,0.4,14.04,,,
no_contraction,42,13400,0.46,14.46,,,
no_contraction,42,13500,0.44,14.38,,,
no_contraction,42,13600,0.36,14.06,,,
no_contraction,42,13700,0.38,14.12,,,
no_contraction,42,13800,0.4,14.14,,,
no_contraction,42,13900,0.38,14.12,,,
no_contraction,42,14000,0.36,14.0,,,
no_contraction,42,14100,0.46,14.28,,,
no_contraction,42,14200,0.46,14.32,,,
no_contraction,42,14300,0.46,14.04,,,
no_contraction,42,14400,0.46,14.4,,,
no_contraction,42,14500,0.46,14.16,,,
no_contraction,42,14600,0.54,14.16,,,
no_contraction,42,14700,0.4,14.22,,,
no_contraction,42,14800,0.56,14.3,,,
no_contraction,42,14900,0.52,14.16,,,
no_contraction,42,15000,0.52,14.38,,,
no_contraction,42,15100,0.44,14.26,,,
no_contraction,42,15200,0.52,14.48,,,
no_contraction,42,15300,0.52,14.18,,,
no_contraction,42,15400,0.52,14.42,,,
no_contraction,42,15500,0.5,14.28,,,
no_contraction,42,15600,0.54,14.34,,,
no_contraction,42,15700,0.56,14.44,,,
no_contraction,42,15800,0.48,14.0,,,
no_contraction,42,15900,0.48,14.28,,,
no_contraction,42,16000,0.38,13.84,,,
no_contraction,42,16100,0.38,13.88,,,
no_contraction,42,16200,0.36,14.0,,,
no_contraction,42,16300,0.38,14.16,,,
no_contraction,42,16400,0.44,14.4,,,
no_contraction,42,16500,0.44,14.48,,,
no_contraction,42,16600,0.44,14.34,,,
no_contraction,42,16700,0.44,14.56,,,
no_contraction,42,16800,0.52,14.7,,,
no_contraction,42,16900,0.46,14.34,,,
no_contraction,42,17000,0.46,14.48,,,
no_contraction,42,17100,0.44,14.62,,,
no_contraction,42,17200,0.48,14.72,,,
no_contraction,42,17300,0.5,14.88,,,
no_contraction,42,17400,0.5,14.86,,,
no_contraction,42,17500,0.5,14.62,,,
no_contraction,42,17600,0.5,14.9,,,
no_contraction,42,17700,0.46,14.76,,,
no_contraction,42,17800,0.42,14.94,,,
no_contraction,42,17900,0.46,15.1,,,
no_contraction,42,18000,0.44,14.82,,,
no_contraction,42,18100,0.46,14.68,,,
no_contraction,42,18200,0.44,14.7,,,
no_contraction,42,18300,0.46,14.84,,,
no_contraction,42,18400,0.42,14.5,,,
no_contraction,42,18500,0.48,14.64,,,
no_contraction,42,18600,0.48,14.68,,,
no_contraction,42,18700,0.52,14.6,,,
no_contraction,42,18800,0.48,14.52,,,
no_contraction,42,18900,0.52,14.66,,,
no_contraction,42,19000,0.48,14.8,,,
no_contraction,42,19100,0.52,14.78,,,
no_contraction,42,19200,0.56,14.82,,,
no_contraction,42,19300,0.6,14.8,,,
no_contraction,42,19400,0.6,14.98,,,
no_contraction,42,19500,0.64,15.2,,,
no_contraction,42,19600,0.56,15.02,,,
no_contraction,42,19700,0.48,14.7,,,
no_contraction,42,19800,0.54,14.68,,,
no_contraction,42,19900,0.5,14.72,,,
no_contraction,42,20000,0.42,14.72,,,
no_contraction,123,100,0.0,5.94,,,
no_contraction,123,200,0.0,7.88,,,
no_contraction,123,300,0.0,9.86,,,
no_contraction,123,400,0.0,10.08,,,
no_contraction,123,500,0.0,9.84,,,
no_contraction,123,600,0.0,9.76,,,
no_contraction,123,700,0.0,9.98,,,
no_contraction,123,800,0.0,10.1,,,
no_contraction,123,900,0.0,10.14,,,
no_contraction,123,1000,0.0,10.06,,,
no_contraction,123,1100,0.0,10.06,,,
no_contraction,123,1200,0.0,10.2,,,
no_contraction,123,1300,0.0,10.16,,,
no_contraction,123,1400,0.0,10.18,,,
no_contraction,123,1500,0.0,10.12,,,
no_contraction,123,1600,0.0,10.26,,,
no_contraction,123,1700,0.0,10.32,,,
no_contraction,123,1800,0.0,10.24,,,
no_contraction,123,1900,0.0,10.24,,,
no_contraction,123,2000,0.0,10.36,,,
no_contraction,123,2100,0.0,10.54,,,
no_contraction,123,2200,0.0,10.6,,,
no_contraction,123,2300,0.0,10.68,,,
no_contraction,123,2400,0.0,10.48,,,
no_contraction,123,2500,0.0,10.66,,,
no_contraction,123,2600,0.0,10.62,,,
no_contraction,123,2700,0.0,10.62,,,
no_contraction,123,2800,0.0,10.9,,,
no_contraction,123,2900,0.0,10.6,,,
no_contraction,123,3000,0.0,11.22,,,
no_contraction,123,3100,0.0,11.06,,,
no_contraction,123,3200,0.0,10.94,,,
no_contraction,123,3300,0.0,11.14,,,
no_contraction,123,3400,0.0,10.86,,,
no_contraction,123,3500,0.0,11.42,,,
no_contraction,123,3600,0.0,11.42,,,
no_contraction,123,3700,0.0,11.56,,,
no_contraction,123,3800,0.0,11.78,,,
no_contraction,123,3900,0.0,11.58,,,
no_contraction,123,4000,0.0,12.06,,,
no_contraction,123,4100,0.0,11.9,,,
no_contraction,123,4200,0.0,11.98,,,
no_contraction,123,4300,0.0,11.82,,,
no_contraction,123,4400,0.0,12.02,,,
no_contraction,123,4500,0.04,12.5,,,
no_contraction,123,4600,0.04,12.3,,,
no_contraction,123,4700,0.0,12.1,,,
no_contraction,123,4800,0.02,12.3,,,
no_contraction,123,4900,0.08,12.94,,,
no_contraction,123,5000,0.08,13.0,,,
no_contraction,123,5100,0.1,12.84,,,
no_contraction,123,5200,0.04,13.0,,,
no_contraction,123,5300,0.04,13.02,,,
no_contraction,123,5400,0.14,13.58,,,
no_contraction,123,5500,0.06,12.9,,,
no_contraction,123,5600,0.12,13.48,,,
no_contraction,123,5700,0.08,13.4,,,
no_contraction,123,5800,0.22,13.92,,,
no_contraction,123,5900,0.18,13.34,,,
no_contraction,123,6000,0.28,13.78,,,
no_contraction,123,6100,0.18,13.42,,,
no_contraction,123,6200,0.22,13.3,,,
no_contraction,123,6300,0.22,13.48,,,
no_contraction,123,6400,0.26,13.44,,,
no_contraction,123,6500,0.3,13.44,,,
no_contraction,123,6600,0.24,13.8,,,
no_contraction,123,6700,0.28,13.8,,,
no_contraction,123,6800,0.26,13.8,,,
no_contraction,123,6900,0.3,13.62,,,
no_contraction,123,7000,0.32,13.92,,,
no_contraction,123,7100,0.34,13.66,,,
no_contraction,123,7200,0.3,13.8,,,
no_contraction,123,7300,0.34,13.66,,,
no_contraction,123,7400,0.36,13.62,,,
no_contraction,123,7500,0.36,13.68,,,
no_contraction,123,7600,0.36,13.82,,,
no_contraction,123,7700,0.36,14.06,,,
no_contraction,123,7800,0.32,13.78,,,
no_contraction,123,7900,0.32,13.56,,,
no_contraction,123,8000,0.34,13.66,,,
no_contraction,123,8100,0.32,13.56,,,
no_contraction,123,8200,0.28,13.46,,,
no_contraction,123,8300,0.24,13.66,,,
no_contraction,123,8400,0.24,13.64,,,
no_contraction,123,8500,0.16,13.84,,,
no_contraction,123,8600,0.24,13.3,,,
no_contraction,123,8700,0.18,13.62,,,
no_contraction,123,8800,0.2,13.62,,,
no_contraction,123,8900,0.18,13.8,,,
no_contraction,123,9000,0.14,13.58,,,
no_contraction,123,9100,0.08,13.64,,,
no_contraction,123,9200,0.12,13.54,,,
no_contraction,123,9300,0.12,13.66,,,
no_contraction,123,9400,0.18,13.8,,,
no_contraction,123,9500,0.16,13.5,,,
no_contraction,123,9600,0.08,13.74,,,
no_contraction,123,9700,0.26,14.52,,,
no_contraction,123,9800,0.18,14.18,,,
no_contraction,123,9900,0.24,13.72,,,
no_contraction,123,10000,0.24,14.1,,,
no_contraction,123,10100,0.24,14.3,,,
no_contraction,123,10200,0.36,14.66,,,
no_contraction,123,10300,0.32,14.38,,,
no_contraction,123,10400,0.32,14.5,,,
no_contraction,123,10500,0.42,14.44,,,
no_contraction,123,10600,0.36,14.76,,,
no_contraction,123,10700,0.42,14.62,,,
no_contraction,123,10800,0.48,14.56,,,
no_contraction,123,10900,0.44,14.6,,,
no_contraction,123,11000,0.46,14.74,,,
no_contraction,123,11100,0.34,14.5,,,
no_contraction,123,11200,0.34,14.52,,,
no_contraction,123,11300,0.42,14.48,,,
no_contraction,123,11400,0.36,14.02,,,
no_contraction,123,11500,0.44,14.42,,,
no_contraction,123,11600,0.46,14.28,,,
no_contraction,123,11700,0.46,14.36,,,
no_contraction,123,11800,0.54,14.54,,,
no_contraction,123,11900,0.5,14.36,,,
no_contraction,123,12000,0.46,14.5,,,
no_contraction,123,12100,0.5,14.76,,,
no_contraction,123,12200,0.46,14.64,,,
no_contraction,123,12300,0.42,14.4,,,
no_contraction,123,12400,0.5,14.78,,,
no_contraction,123,12500,0.52,14.68,,,
no_contraction,123,12600,0.44,14.62,,,
no_contraction,123,12700,0.42,14.36,,,
no_contraction,123,12800,0.48,14.58,,,
no_contraction,123,12900,0.52,14.84,,,
no_contraction,123,13000,0.44,14.46,,,
no_contraction,123,13100,0.36,14.38,,,
no_contraction,123,13200,0.44,14.68,,,
no_contraction,123,13300,0.44,14.66,,,
no_contraction,123,13400,0.4,14.48,,,
no_contraction,123,13500,0.44,14.86,,,
no_contraction,123,13600,0.42,14.74,,,
no_contraction,123,13700,0.4,14.76,,,
no_contraction,123,13800,0.4,14.54,,,
no_contraction,123,13900,0.42,14.58,,,
no_contraction,123,14000,0.36,14.52,,,
no_contraction,123,14100,0.32,14.3,,,
no_contraction,123,14200,0.38,14.32,,,
no_contraction,123,14300,0.38,14.58,,,
no_contraction,123,14400,0.44,14.58,,,
no_contraction,123,14500,0.44,14.62,,,
no_contraction,123,14600,0.44,14.42,,,
no_contraction,123,14700,0.48,14.36,,,
no_contraction,123,14800,0.46,14.54,,,
no_contraction,123,14900,0.52,14.58,,,
no_contraction,123,15000,0.52,14.6,,,
no_contraction,123,15100,0.56,14.68,,,
no_contraction,123,15200,0.46,14.78,,,
no_contraction,123,15300,0.54,14.82,,,
no_contraction,123,15400,0.56,15.02,,,
no_contraction,123,15500,0.46,14.76,,,
no_contraction,123,15600,0.4,14.56,,,
no_contraction,123,15700,0.46,14.62,,,
no_contraction,123,15800,0.42,14.58,,,
no_contraction,123,15900,0.46,14.52,,,
no_contraction,123,16000,0.36,14.52,,,
no_contraction,123,16100,0.48,14.5,,,
no_contraction,123,16200,0.4,14.72,,,
no_contraction,123,16300,0.42,14.58,,,
no_contraction,123,16400,0.42,14.52,,,
no_contraction,123,16500,0.4,14.5,,,
no_contraction,123,16600,0.4,14.54,,,
no_contraction,123,16700,0.4,14.38,,,
no_contraction,123,16800,0.42,14.52,,,
no_contraction,123,16900,0.4,14.66,,,
no_contraction,123,17000,0.38,14.38,,,
no_contraction,123,17100,0.4,14.42,,,
no_contraction,123,17200,0.44,14.44,,,
no_contraction,123,17300,0.4,14.56,,,
no_contraction,123,17400,0.36,14.68,,,
no_contraction,123,17500,0.34,14.78,,,
no_contraction,123,17600,0.4,14.76,,,
no_contraction,123,17700,0.38,14.7,,,
no_contraction,123,17800,0.42,14.7,,,
no_contraction,123,17900,0.4,14.7,,,
no_contraction,123,18000,0.4,14.66,,,
no_contraction,123,18100,0.38,14.56,,,
no_contraction,123,18200,0.42,14.76,,,
no_contraction,123,18300,0.4,14.6,,,
no_contraction,123,18400,0.44,14.66,,,
no_contraction,123,18500,0.4,14.62,,,
no_contraction,123,18600,0.4,14.62,,,
no_contraction,123,18700,0.42,14.66,,,
no_contraction,123,18800,0.42,14.54,,,
no_contraction,123,18900,0.5,14.52,,,
no_contraction,123,19000,0.44,14.64,,,
no_contraction,123,19100,0.44,14.88,,,
no_contraction,123,19200,0.42,14.48,,,
no_contraction,123,19300,0.48,14.82,,,
no_contraction,123,19400,0.48,15.0,,,
no_contraction,123,19500,0.52,14.98,,,
no_contraction,123,19600,0.52,14.86,,,
no_contraction,123,19700,0.52,14.9,,,
no_contraction,123,19800,0.5,14.92,,,
no_contraction,123,19900,0.54,14.98,,,
no_contraction,123,20000,0.54,15.06,,,
no_contraction,456,100,0.0,4.84,,,
no_contraction,456,200,0.0,8.06,,,
no_contraction,456,300,0.0,9.3,,,
no_contraction,456,400,0.0,8.72,,,
no_contraction,456,500,0.0,9.66,,,
no_contraction,456,600,0.0,10.02,,,
no_contraction,456,700,0.0,9.82,,,
no_contraction,456,800,0.0,10.08,,,
no_contraction,456,900,0.0,10.02,,,
no_contraction,456,1000,0.0,10.14,,,
no_contraction,456,1100,0.0,10.16,,,
no_contraction,456,1200,0.0,10.08,,,
no_contraction,456,1300,0.0,10.28,,,
no_contraction,456,1400,0.0,10.26,,,
no_contraction,456,1500,0.0,10.26,,,
no_contraction,456,1600,0.0,10.3,,,
no_contraction,456,1700,0.0,10.42,,,
no_contraction,456,1800,0.0,10.5,,,
no_contraction,456,1900,0.0,10.46,,,
no_contraction,456,2000,0.0,10.46,,,
no_contraction,456,2100,0.0,10.52,,,
no_contraction,456,2200,0.0,10.64,,,
no_contraction,456,2300,0.0,10.84,,,
no_contraction,456,2400,0.0,10.96,,,
no_contraction,456,2500,0.0,11.06,,,
no_contraction,456,2600,0.0,10.94,,,
no_contraction,456,2700,0.0,11.24,,,
no_contraction,456,2800,0.0,11.38,,,
no_contraction,456,2900,0.0,11.42,,,
no_contraction,456,3000,0.0,11.38,,,
no_contraction,456,3100,0.0,12.06,,,
no_contraction,456,3200,0.0,11.66,,,
no_contraction,456,3300,0.0,11.66,,,
no_contraction,456,3400,0.0,11.24,,,
no_contraction,456,3500,0.0,11.42,,,
no_contraction,456,3600,0.0,11.88,,,
no_contraction,456,3700,0.0,11.44,,,
no_contraction,456,3800,0.0,11.78,,,
no_contraction,456,3900,0.0,12.1,,,
no_contraction,456,4000,0.0,11.86,,,
no_contraction,456,4100,0.02,12.44,,,
no_contraction,456,4200,0.0,12.48,,,
no_contraction,456,4300,0.0,12.62,,,
no_contraction,456,4400,0.02,12.58,,,
no_contraction,456,4500,0.02,12.82,,,
no_contraction,456,4600,0.04,12.66,,,
no_contraction,456,4700,0.12,12.98,,,
no_contraction,456,4800,0.1,13.22,,,
no_contraction,456,4900,0.08,12.84,,,
no_contraction,456,5000,0.06,13.06,,,
no_contraction,456,5100,0.14,13.16,,,
no_contraction,456,5200,0.12,13.08,,,
no_contraction,456,5300,0.14,13.1,,,
no_contraction,456,5400,0.14,13.22,,,
no_contraction,456,5500,0.12,13.16,,,
no_contraction,456,5600,0.1,13.38,,,
no_contraction,456,5700,0.26,13.42,,,
no_contraction,456,5800,0.34,13.4,,,
no_contraction,456,5900,0.16,12.92,,,
no_contraction,456,6000,0.36,14.02,,,
no_contraction,456,6100,0.34,13.86,,,
no_contraction,456,6200,0.3,13.68,,,
no_contraction,456,6300,0.32,13.66,,,
no_contraction,456,6400,0.34,13.66,,,
no_contraction,456,6500,0.3,13.34,,,
no_contraction,456,6600,0.4,13.58,,,
no_contraction,456,6700,0.44,13.84,,,
no_contraction,456,6800,0.42,13.58,,,
no_contraction,456,6900,0.34,13.72,,,
no_contraction,456,7000,0.42,13.88,,,
no_contraction,456,7100,0.4,13.76,,,
no_contraction,456,7200,0.44,13.74,,,
no_contraction,456,7300,0.4,13.48,,,
no_contraction,456,7400,0.4,13.54,,,
no_contraction,456,7500,0.46,13.76,,,
no_contraction,456,7600,0.42,13.88,,,
no_contraction,456,7700,0.42,13.38,,,
no_contraction,456,7800,0.38,13.66,,,
no_contraction,456,7900,0.5,14.06,,,
no_contraction,456,8000,0.4,13.9,,,
no_contraction,456,8100,0.4,13.64,,,
no_contraction,456,8200,0.38,13.68,,,
no_contraction,456,8300,0.42,13.7,,,
no_contraction,456,8400,0.3,13.46,,,
no_contraction,456,8500,0.24,13.78,,,
no_contraction,456,8600,0.2,13.94,,,
no_contraction,456,8700,0.12,13.5,,,
no_contraction,456,8800,0.22,13.56,,,
no_contraction,456,8900,0.18,13.44,,,
no_contraction,456,9000,0.14,13.2,,,
no_contraction,456,9100,0.16,13.34,,,
no_contraction,456,9200,0.22,13.22,,,
no_contraction,456,9300,0.32,13.72,,,
no_contraction,456,9400,0.26,13.92,,,
no_contraction,456,9500,0.36,13.82,,,
no_contraction,456,9600,0.24,13.88,,,
no_contraction,456,9700,0.3,13.74,,,
no_contraction,456,9800,0.22,13.28,,,
no_contraction,456,9900,0.2,13.74,,,
no_contraction,456,10000,0.28,14.08,,,
no_contraction,456,10100,0.4,14.46,,,
no_contraction,456,10200,0.3,14.44,,,
no_contraction,456,10300,0.36,14.56,,,
no_contraction,456,10400,0.3,14.22,,,
no_contraction,456,10500,0.32,14.4,,,
no_contraction,456,10600,0.36,14.36,,,
no_contraction,456,10700,0.4,14.48,,,
no_contraction,456,10800,0.26,14.1,,,
no_contraction,456,10900,0.3,14.14,,,
no_contraction,456,11000,0.36,14.08,,,
no_contraction,456,11100,0.34,14.42,,,
no_contraction,456,11200,0.42,14.22,,,
no_contraction,456,11300,0.36,14.2,,,
no_contraction,456,11400,0.42,14.46,,,
no_contraction,456,11500,0.34,14.06,,,
no_contraction,456,11600,0.38,14.38,,,
no_contraction,456,11700,0.46,14.28,,,
no_contraction,456,11800,0.5,14.24,,,
no_contraction,456,11900,0.5,14.64,,,
no_contraction,456,12000,0.4,14.32,,,
no_contraction,456,12100,0.44,14.6,,,
no_contraction,456,12200,0.34,14.56,,,
no_contraction,456,12300,0.4,14.36,,,
no_contraction,456,12400,0.36,14.26,,,
no_contraction,456,12500,0.42,14.36,,,
no_contraction,456,12600,0.44,14.16,,,
no_contraction,456,12700,0.42,13.96,,,
no_contraction,456,12800,0.48,14.22,,,
no_contraction,456,12900,0.4,14.08,,,
no_contraction,456,13000,0.4,14.32,,,
no_contraction,456,13100,0.38,14.3,,,
no_contraction,456,13200,0.4,14.08,,,
no_contraction,456,13300,0.42,14.48,,,
no_contraction,456,13400,0.38,14.4,,,
no_contraction,456,13500,0.4,14.5,,,
no_contraction,456,13600,0.36,14.42,,,
no_contraction,456,13700,0.38,14.24,,,
no_contraction,456,13800,0.4,14.36,,,
no_contraction,456,13900,0.38,14.32,,,
no_contraction,456,14000,0.36,14.56,,,
no_contraction,456,14100,0.54,14.76,,,
no_contraction,456,14200,0.46,14.4,,,
no_contraction,456,14300,0.48,14.42,,,
no_contraction,456,14400,0.44,14.28,,,
no_contraction,456,14500,0.38,14.24,,,
no_contraction,456,14600,0.4,14.14,,,
no_contraction,456,14700,0.42,14.6,,,
no_contraction,456,14800,0.48,14.6,,,
no_contraction,456,14900,0.42,14.64,,,
no_contraction,456,15000,0.38,14.48,,,
no_contraction,456,15100,0.38,14.5,,,
no_contraction,456,15200,0.44,14.6,,,
no_contraction,456,15300,0.44,14.68,,,
no_contraction,456,15400,0.44,14.64,,,
no_contraction,456,15500,0.38,14.38,,,
no_contraction,456,15600,0.48,14.62,,,
no_contraction,456,15700,0.38,14.26,,,
no_contraction,456,15800,0.46,14.62,,,
no_contraction,456,15900,0.44,14.38,,,
no_contraction,456,16000,0.6,14.7,,,
no_contraction,456,16100,0.64,14.68,,,
no_contraction,456,16200,0.44,14.28,,,
no_contraction,456,16300,0.52,14.54,,,
no_contraction,456,16400,0.52,14.68,,,
no_contraction,456,16500,0.58,14.9,,,
no_contraction,456,16600,0.5,14.62,,,
no_contraction,456,16700,0.4,14.5,,,
no_contraction,456,16800,0.48,14.74,,,
no_contraction,456,16900,0.44,14.66,,,
no_contraction,456,17000,0.44,14.92,,,
no_contraction,456,17100,0.48,14.82,,,
no_contraction,456,17200,0.5,14.86,,,
no_contraction,456,17300,0.48,14.72,,,
no_contraction,456,17400,0.44,14.48,,,
no_contraction,456,17500,0.48,14.64,,,
no_contraction,456,17600,0.52,14.64,,,
no_contraction,456,17700,0.5,14.68,,,
no_contraction,456,17800,0.42,14.26,,,
no_contraction,456,17900,0.44,14.4,,,
no_contraction,456,18000,0.48,14.58,,,
no_contraction,456,18100,0.52,14.64,,,
no_contraction,456,18200,0.54,14.88,,,
no_contraction,456,18300,0.56,14.9,,,
no_contraction,456,18400,0.56,15.04,,,
no_contraction,456,18500,0.58,14.98,,,
no_contraction,456,18600,0.62,14.86,,,
no_contraction,456,18700,0.6,14.7,,,
no_contraction,456,18800,0.58,14.88,,,
no_contraction,456,18900,0.54,14.7,,,
no_contraction,456,19000,0.62,15.0,,,
no_contraction,456,19100,0.6,14.82,,,
no_contraction,456,19200,0.54,14.72,,,
no_contraction,456,19300,0.56,14.88,,,
no_contraction,456,19400,0.58,14.78,,,
no_contraction,456,19500,0.58,14.74,,,
no_contraction,456,19600,0.58,14.9,,,
no_contraction,456,19700,0.5,14.42,,,
no_contraction,456,19800,0.52,14.38,,,
no_contraction,456,19900,0.48,14.48,,,
no_contraction,456,20000,0.48,14.3,,,
ablation_persistent_z,42,100,0.0,5.54,,,
ablation_persistent_z,42,200,0.0,6.72,,,
ablation_persistent_z,42,300,0.0,7.3,,,
ablation_persistent_z,42,400,0.0,8.62,,,
ablation_persistent_z,42,500,0.0,9.1,,,
ablation_persistent_z,42,600,0.0,8.92,,,
ablation_persistent_z,42,700,0.0,8.76,,,
ablation_persistent_z,42,800,0.0,9.5,,,
ablation_persistent_z,42,900,0.0,9.52,,,
ablation_persistent_z,42,1000,0.0,9.52,,,
ablation_persistent_z,42,1100,0.0,9.96,,,
ablation_persistent_z,42,1200,0.0,10.02,,,
ablation_persistent_z,42,1300,0.0,9.9,,,
ablation_persistent_z,42,1400,0.0,9.98,,,
ablation_persistent_z,42,1500,0.0,9.96,,,
ablation_persistent_z,42,1600,0.0,10.02,,,
ablation_persistent_z,42,1700,0.0,10.0,,,
ablation_persistent_z,42,1800,0.0,9.96,,,
ablation_persistent_z,42,1900,0.0,10.0,,,
ablation_persistent_z,42,2000,0.0,10.0,,,
ablation_persistent_z,42,2100,0.0,10.04,,,
ablation_persistent_z,42,2200,0.0,10.04,,,
ablation_persistent_z,42,2300,0.0,10.0,,,
ablation_persistent_z,42,2400,0.0,10.0,,,
ablation_persistent_z,42,2500,0.0,10.0,,,
ablation_persistent_z,42,2600,0.0,10.04,,,
ablation_persistent_z,42,2700,0.0,10.0,,,
ablation_persistent_z,42,2800,0.0,10.0,,,
ablation_persistent_z,42,2900,0.0,10.0,,,
ablation_persistent_z,42,3000,0.0,10.0,,,
ablation_persistent_z,42,3100,0.0,10.0,,,
ablation_persistent_z,42,3200,0.0,10.0,,,
ablation_persistent_z,42,3300,0.0,10.0,,,
ablation_persistent_z,42,3400,0.0,10.04,,,
ablation_persistent_z,42,3500,0.0,10.0,,,
ablation_persistent_z,42,3600,0.0,10.0,,,
ablation_persistent_z,42,3700,0.0,10.0,,,
ablation_persistent_z,42,3800,0.0,10.0,,,
ablation_persistent_z,42,3900,0.0,10.04,,,
ablation_persistent_z,42,4000,0.0,10.04,,,
ablation_persistent_z,42,4100,0.0,10.0,,,
ablation_persistent_z,42,4200,0.0,10.02,,,
ablation_persistent_z,42,4300,0.0,10.04,,,
ablation_persistent_z,42,4400,0.0,10.0,,,
ablation_persistent_z,42,4500,0.0,10.0,,,
ablation_persistent_z,42,4600,0.0,10.0,,,
ablation_persistent_z,42,4700,0.0,10.02,,,
ablation_persistent_z,42,4800,0.0,10.0,,,
ablation_persistent_z,42,4900,0.0,10.0,,,
ablation_persistent_z,42,5000,0.0,10.0,,,
ablation_persistent_z,42,5100,0.0,10.0,,,
ablation_persistent_z,42,5200,0.0,10.0,,,
ablation_persistent_z,42,5300,0.0,10.0,,,
ablation_persistent_z,42,5400,0.0,10.0,,,
ablation_persistent_z,42,5500,0.0,10.0,,,
ablation_persistent_z,42,5600,0.0,10.06,,,
ablation_persistent_z,42,5700,0.0,10.0,,,
ablation_persistent_z,42,5800,0.0,10.04,,,
ablation_persistent_z,42,5900,0.0,10.0,,,
ablation_persistent_z,42,6000,0.0,10.02,,,
ablation_persistent_z,42,6100,0.0,10.0,,,
ablation_persistent_z,42,6200,0.0,10.0,,,
ablation_persistent_z,42,6300,0.0,10.04,,,
ablation_persistent_z,42,6400,0.0,10.04,,,
ablation_persistent_z,42,6500,0.0,10.0,,,
ablation_persistent_z,42,6600,0.0,10.02,,,
ablation_persistent_z,42,6700,0.0,10.04,,,
ablation_persistent_z,42,6800,0.0,10.04,,,
ablation_persistent_z,42,6900,0.0,10.0,,,
ablation_persistent_z,42,7000,0.0,10.02,,,
ablation_persistent_z,42,7100,0.0,10.08,,,
ablation_persistent_z,42,7200,0.0,10.0,,,
ablation_persistent_z,42,7300,0.0,10.04,,,
ablation_persistent_z,42,7400,0.0,10.06,,,
ablation_persistent_z,42,7500,0.0,10.04,,,
ablation_persistent_z,42,7600,0.0,10.0,,,
ablation_persistent_z,42,7700,0.0,10.02,,,
ablation_persistent_z,42,7800,0.0,10.1,,,
ablation_persistent_z,42,7900,0.0,10.04,,,
ablation_persistent_z,42,8000,0.0,10.0,,,
ablation_persistent_z,42,8100,0.0,10.1,,,
ablation_persistent_z,42,8200,0.0,10.06,,,
ablation_persistent_z,42,8300,0.0,10.04,,,
ablation_persistent_z,42,8400,0.0,10.16,,,
ablation_persistent_z,42,8500,0.0,10.0,,,
ablation_persistent_z,42,8600,0.0,10.06,,,
ablation_persistent_z,42,8700,0.0,10.1,,,
ablation_persistent_z,42,8800,0.0,10.12,,,
ablation_persistent_z,42,8900,0.0,10.1,,,
ablation_persistent_z,42,9000,0.0,10.1,,,
ablation_persistent_z,42,9100,0.0,10.04,,,
ablation_persistent_z,42,9200,0.0,10.06,,,
ablation_persistent_z,42,9300,0.0,10.2,,,
ablation_persistent_z,42,9400,0.0,10.12,,,
ablation_persistent_z,42,9500,0.0,10.12,,,
ablation_persistent_z,42,9600,0.0,10.04,,,
ablation_persistent_z,42,9700,0.0,10.12,,,
ablation_persistent_z,42,9800,0.0,10.18,,,
ablation_persistent_z,42,9900,0.0,10.12,,,
ablation_persistent_z,42,10000,0.0,10.14,,,
ablation_persistent_z,42,10100,0.0,10.08,,,
ablation_persistent_z,42,10200,0.0,10.14,,,
ablation_persistent_z,42,10300,0.0,10.1,,,
ablation_persistent_z,42,10400,0.0,10.12,,,
ablation_persistent_z,42,10500,0.0,10.32,,,
ablation_persistent_z,42,10600,0.0,10.16,,,
ablation_persistent_z,42,10700,0.0,10.16,,,
ablation_persistent_z,42,10800,0.0,10.2,,,
ablation_persistent_z,42,10900,0.0,10.22,,,
ablation_persistent_z,42,11000,0.0,10.24,,,
ablation_persistent_z,42,11100,0.0,10.1,,,
ablation_persistent_z,42,11200,0.0,10.2,,,
ablation_persistent_z,42,11300,0.0,10.24,,,
ablation_persistent_z,42,11400,0.0,10.16,,,
ablation_persistent_z,42,11500,0.0,10.1,,,
ablation_persistent_z,42,11600,0.0,10.26,,,
ablation_persistent_z,42,11700,0.0,10.3,,,
ablation_persistent_z,42,11800,0.0,10.22,,,
ablation_persistent_z,42,11900,0.0,10.22,,,
ablation_persistent_z,42,12000,0.0,10.18,,,
ablation_persistent_z,42,12100,0.0,10.32,,,
ablation_persistent_z,42,12200,0.0,10.28,,,
ablation_persistent_z,42,12300,0.0,10.24,,,
ablation_persistent_z,42,12400,0.0,10.28,,,
ablation_persistent_z,42,12500,0.0,10.1,,,
ablation_persistent_z,42,12600,0.0,10.24,,,
ablation_persistent_z,42,12700,0.0,10.22,,,
ablation_persistent_z,42,12800,0.0,10.22,,,
ablation_persistent_z,42,12900,0.0,10.24,,,
ablation_persistent_z,42,13000,0.0,10.26,,,
ablation_persistent_z,42,13100,0.0,10.24,,,
ablation_persistent_z,42,13200,0.0,10.22,,,
ablation_persistent_z,42,13300,0.0,10.2,,,
ablation_persistent_z,42,13400,0.0,10.22,,,
ablation_persistent_z,42,13500,0.0,10.2,,,
ablation_persistent_z,42,13600,0.0,10.24,,,
ablation_persistent_z,42,13700,0.0,10.3,,,
ablation_persistent_z,42,13800,0.0,10.32,,,
ablation_persistent_z,42,13900,0.0,10.22,,,
ablation_persistent_z,42,14000,0.0,10.36,,,
ablation_persistent_z,42,14100,0.0,10.38,,,
ablation_persistent_z,42,14200,0.0,10.32,,,
ablation_persistent_z,42,14300,0.0,10.42,,,
ablation_persistent_z,42,14400,0.0,10.24,,,
ablation_persistent_z,42,14500,0.0,10.22,,,
ablation_persistent_z,42,14600,0.0,10.2,,,
ablation_persistent_z,42,14700,0.0,10.22,,,
ablation_persistent_z,42,14800,0.0,10.32,,,
ablation_persistent_z,42,14900,0.0,10.28,,,
ablation_persistent_z,42,15000,0.0,10.32,,,
ablation_persistent_z,42,15100,0.0,10.24,,,
ablation_persistent_z,42,15200,0.0,10.26,,,
ablation_persistent_z,42,15300,0.0,10.4,,,
ablation_persistent_z,42,15400,0.0,10.32,,,
ablation_persistent_z,42,15500,0.0,10.32,,,
ablation_persistent_z,42,15600,0.0,10.3,,,
ablation_persistent_z,42,15700,0.0,10.32,,,
ablation_persistent_z,42,15800,0.0,10.44,,,
ablation_persistent_z,42,15900,0.0,10.26,,,
ablation_persistent_z,42,16000,0.0,10.3,,,
ablation_persistent_z,42,16100,0.0,10.28,,,
ablation_persistent_z,42,16200,0.0,10.26,,,
ablation_persistent_z,42,16300,0.0,10.32,,,
ablation_persistent_z,42,16400,0.0,10.26,,,
ablation_persistent_z,42,16500,0.0,10.26,,,
ablation_persistent_z,42,16600,0.0,10.28,,,
ablation_persistent_z,42,16700,0.0,10.28,,,
ablation_persistent_z,42,16800,0.0,10.3,,,
ablation_persistent_z,42,16900,0.0,10.36,,,
ablation_persistent_z,42,17000,0.0,10.3,,,
ablation_persistent_z,42,17100,0.0,10.22,,,
ablation_persistent_z,42,17200,0.0,10.26,,,
ablation_persistent_z,42,17300,0.0,10.28,,,
ablation_persistent_z,42,17400,0.0,10.2,,,
ablation_persistent_z,42,17500,0.0,10.22,,,
ablation_persistent_z,42,17600,0.0,10.14,,,
ablation_persistent_z,42,17700,0.0,10.16,,,
ablation_persistent_z,42,17800,0.0,10.26,,,
ablation_persistent_z,42,17900,0.0,10.3,,,
ablation_persistent_z,42,18000,0.0,10.28,,,
ablation_persistent_z,42,18100,0.0,10.38,,,
ablation_persistent_z,42,18200,0.0,10.28,,,
ablation_persistent_z,42,18300,0.0,10.22,,,
ablation_persistent_z,42,18400,0.0,10.22,,,
ablation_persistent_z,42,18500,0.0,10.22,,,
ablation_persistent_z,42,18600,0.0,10.34,,,
ablation_persistent_z,42,18700,0.0,10.28,,,
ablation_persistent_z,42,18800,0.0,10.26,,,
ablation_persistent_z,42,18900,0.0,10.24,,,
ablation_persistent_z,42,19000,0.0,10.32,,,
ablation_persistent_z,42,19100,0.0,10.32,,,
ablation_persistent_z,42,19200,0.0,10.22,,,
ablation_persistent_z,42,19300,0.0,10.2,,,
ablation_persistent_z,42,19400,0.0,10.22,,,
ablation_persistent_z,42,19500,0.0,10.22,,,
ablation_persistent_z,42,19600,0.0,10.24,,,
ablation_persistent_z,42,19700,0.0,10.28,,,
ablation_persistent_z,42,19800,0.0,10.3,,,
ablation_persistent_z,42,19900,0.0,10.26,,,
ablation_persistent_z,42,20000,0.0,10.22,,,
ablation_persistent_z,123,100,0.0,5.48,,,
ablation_persistent_z,123,200,0.0,7.94,,,
ablation_persistent_z,123,300,0.0,8.14,,,
ablation_persistent_z,123,400,0.0,8.48,,,
ablation_persistent_z,123,500,0.0,9.1,,,
ablation_persistent_z,123,600,0.0,8.88,,,
ablation_persistent_z,123,700,0.0,9.2,,,
ablation_persistent_z,123,800,0.0,9.52,,,
ablation_persistent_z,123,900,0.0,9.74,,,
ablation_persistent_z,123,1000,0.0,9.94,,,
ablation_persistent_z,123,1100,0.0,9.72,,,
ablation_persistent_z,123,1200,0.0,9.88,,,
ablation_persistent_z,123,1300,0.0,10.0,,,
ablation_persistent_z,123,1400,0.0,9.84,,,
ablation_persistent_z,123,1500,0.0,10.0,,,
ablation_persistent_z,123,1600,0.0,10.0,,,
ablation_persistent_z,123,1700,0.0,9.96,,,
ablation_persistent_z,123,1800,0.0,10.08,,,
ablation_persistent_z,123,1900,0.0,10.04,,,
ablation_persistent_z,123,2000,0.0,10.08,,,
ablation_persistent_z,123,2100,0.0,10.1,,,
ablation_persistent_z,123,2200,0.0,10.0,,,
ablation_persistent_z,123,2300,0.0,10.02,,,
ablation_persistent_z,123,2400,0.0,10.04,,,
ablation_persistent_z,123,2500,0.0,9.92,,,
ablation_persistent_z,123,2600,0.0,9.96,,,
ablation_persistent_z,123,2700,0.0,10.06,,,
ablation_persistent_z,123,2800,0.0,10.02,,,
ablation_persistent_z,123,2900,0.0,9.98,,,
ablation_persistent_z,123,3000,0.0,10.02,,,
ablation_persistent_z,123,3100,0.0,10.04,,,
ablation_persistent_z,123,3200,0.0,10.06,,,
ablation_persistent_z,123,3300,0.0,10.02,,,
ablation_persistent_z,123,3400,0.0,10.12,,,
ablation_persistent_z,123,3500,0.0,10.02,,,
ablation_persistent_z,123,3600,0.0,10.08,,,
ablation_persistent_z,123,3700,0.0,10.0,,,
ablation_persistent_z,123,3800,0.0,10.06,,,
ablation_persistent_z,123,3900,0.0,10.1,,,
ablation_persistent_z,123,4000,0.0,10.14,,,
ablation_persistent_z,123,4100,0.0,10.04,,,
ablation_persistent_z,123,4200,0.0,10.08,,,
ablation_persistent_z,123,4300,0.0,10.2,,,
ablation_persistent_z,123,4400,0.0,10.16,,,
ablation_persistent_z,123,4500,0.0,10.26,,,
ablation_persistent_z,123,4600,0.0,10.14,,,
ablation_persistent_z,123,4700,0.0,10.2,,,
ablation_persistent_z,123,4800,0.0,10.18,,,
ablation_persistent_z,123,4900,0.0,10.2,,,
ablation_persistent_z,123,5000,0.0,10.26,,,
ablation_persistent_z,123,5100,0.0,10.34,,,
ablation_persistent_z,123,5200,0.0,10.4,,,
ablation_persistent_z,123,5300,0.0,10.32,,,
ablation_persistent_z,123,5400,0.0,10.44,,,
ablation_persistent_z,123,5500,0.0,10.5,,,
ablation_persistent_z,123,5600,0.0,10.58,,,
ablation_persistent_z,123,5700,0.0,10.2,,,
ablation_persistent_z,123,5800,0.0,10.34,,,
ablation_persistent_z,123,5900,0.0,10.56,,,
ablation_persistent_z,123,6000,0.0,10.56,,,
ablation_persistent_z,123,6100,0.0,10.44,,,
ablation_persistent_z,123,6200,0.0,10.68,,,
ablation_persistent_z,123,6300,0.0,10.44,,,
ablation_persistent_z,123,6400,0.0,10.38,,,
ablation_persistent_z,123,6500,0.0,10.34,,,
ablation_persistent_z,123,6600,0.0,9.9,,,
ablation_persistent_z,123,6700,0.0,7.56,,,
ablation_persistent_z,123,6800,0.0,5.98,,,
ablation_persistent_z,123,6900,0.0,5.18,,,
ablation_persistent_z,123,7000,0.0,5.18,,,
ablation_persistent_z,123,7100,0.0,5.18,,,
ablation_persistent_z,123,7200,0.0,5.18,,,
ablation_persistent_z,123,7300,0.0,5.42,,,
ablation_persistent_z,123,7400,0.0,5.42,,,
ablation_persistent_z,123,7500,0.0,5.5,,,
ablation_persistent_z,123,7600,0.0,5.5,,,
ablation_persistent_z,123,7700,0.0,5.38,,,
ablation_persistent_z,123,7800,0.0,5.38,,,
ablation_persistent_z,123,7900,0.0,5.38,,,
ablation_persistent_z,123,8000,0.0,5.38,,,
ablation_persistent_z,123,8100,0.0,5.38,,,
ablation_persistent_z,123,8200,0.0,5.38,,,
ablation_persistent_z,123,8300,0.0,5.46,,,
ablation_persistent_z,123,8400,0.0,5.52,,,
ablation_persistent_z,123,8500,0.0,5.52,,,
ablation_persistent_z,123,8600,0.0,5.52,,,
ablation_persistent_z,123,8700,0.0,5.48,,,
ablation_persistent_z,123,8800,0.0,5.48,,,
ablation_persistent_z,123,8900,0.0,5.48,,,
ablation_persistent_z,123,9000,0.0,5.48,,,
ablation_persistent_z,123,9100,0.0,5.48,,,
ablation_persistent_z,123,9200,0.0,5.76,,,
ablation_persistent_z,123,9300,0.0,5.76,,,
ablation_persistent_z,123,9400,0.0,5.76,,,
ablation_persistent_z,123,9500,0.0,5.76,,,
ablation_persistent_z,123,9600,0.0,5.94,,,
ablation_persistent_z,123,9700,0.0,6.46,,,
ablation_persistent_z,123,9800,0.0,6.38,,,
ablation_persistent_z,123,9900,0.0,6.32,,,
ablation_persistent_z,123,10000,0.0,6.62,,,
ablation_persistent_z,123,10100,0.0,6.36,,,
ablation_persistent_z,123,10200,0.0,6.16,,,
ablation_persistent_z,123,10300,0.0,6.28,,,
ablation_persistent_z,123,10400,0.0,6.06,,,
ablation_persistent_z,123,10500,0.0,6.12,,,
ablation_persistent_z,123,10600,0.0,5.84,,,
ablation_persistent_z,123,10700,0.0,5.52,,,
ablation_persistent_z,123,10800,0.0,5.34,,,
ablation_persistent_z,123,10900,0.0,5.46,,,
ablation_persistent_z,123,11000,0.0,5.52,,,
ablation_persistent_z,123,11100,0.0,5.36,,,
ablation_persistent_z,123,11200,0.0,4.76,,,
ablation_persistent_z,123,11300,0.0,5.16,,,
ablation_persistent_z,123,11400,0.0,5.34,,,
ablation_persistent_z,123,11500,0.0,5.26,,,
ablation_persistent_z,123,11600,0.0,5.36,,,
ablation_persistent_z,123,11700,0.0,5.34,,,
ablation_persistent_z,123,11800,0.0,5.34,,,
ablation_persistent_z,123,11900,0.0,5.52,,,
ablation_persistent_z,123,12000,0.0,5.52,,,
ablation_persistent_z,123,12100,0.0,5.58,,,
ablation_persistent_z,123,12200,0.0,5.58,,,
ablation_persistent_z,123,12300,0.0,5.4,,,
ablation_persistent_z,123,12400,0.0,5.52,,,
ablation_persistent_z,123,12500,0.0,6.0,,,
ablation_persistent_z,123,12600,0.0,6.52,,,
ablation_persistent_z,123,12700,0.0,6.52,,,
ablation_persistent_z,123,12800,0.0,6.52,,,
ablation_persistent_z,123,12900,0.0,6.06,,,
ablation_persistent_z,123,13000,0.0,6.06,,,
ablation_persistent_z,123,13100,0.0,6.06,,,
ablation_persistent_z,123,13200,0.0,6.06,,,
ablation_persistent_z,123,13300,0.0,6.06,,,
ablation_persistent_z,123,13400,0.0,6.06,,,
ablation_persistent_z,123,13500,0.0,6.06,,,
ablation_persistent_z,123,13600,0.0,6.06,,,
ablation_persistent_z,123,13700,0.0,5.82,,,
ablation_persistent_z,123,13800,0.0,6.2,,,
ablation_persistent_z,123,13900,0.0,6.96,,,
ablation_persistent_z,123,14000,0.0,6.96,,,
ablation_persistent_z,123,14100,0.0,6.76,,,
ablation_persistent_z,123,14200,0.0,6.86,,,
ablation_persistent_z,123,14300,0.0,6.62,,,
ablation_persistent_z,123,14400,0.0,6.88,,,
ablation_persistent_z,123,14500,0.0,6.62,,,
ablation_persistent_z,123,14600,0.0,6.74,,,
ablation_persistent_z,123,14700,0.0,6.78,,,
ablation_persistent_z,123,14800,0.0,6.88,,,
ablation_persistent_z,123,14900,0.0,6.9,,,
ablation_persistent_z,123,15000,0.0,6.94,,,
ablation_persistent_z,123,15100,0.0,6.98,,,
ablation_persistent_z,123,15200,0.0,6.76,,,
ablation_persistent_z,123,15300,0.0,6.96,,,
ablation_persistent_z,123,15400,0.0,7.26,,,
ablation_persistent_z,123,15500,0.0,7.06,,,
ablation_persistent_z,123,15600,0.0,7.38,,,
ablation_persistent_z,123,15700,0.0,7.38,,,
ablation_persistent_z,123,15800,0.0,7.44,,,
ablation_persistent_z,123,15900,0.0,7.44,,,
ablation_persistent_z,123,16000,0.0,7.44,,,
ablation_persistent_z,123,16100,0.0,7.38,,,
ablation_persistent_z,123,16200,0.0,7.3,,,
ablation_persistent_z,123,16300,0.0,7.3,,,
ablation_persistent_z,123,16400,0.0,7.3,,,
ablation_persistent_z,123,16500,0.0,7.26,,,
ablation_persistent_z,123,16600,0.0,7.38,,,
ablation_persistent_z,123,16700,0.0,7.38,,,
ablation_persistent_z,123,16800,0.0,7.38,,,
ablation_persistent_z,123,16900,0.0,7.38,,,
ablation_persistent_z,123,17000,0.0,7.38,,,
ablation_persistent_z,123,17100,0.0,7.38,,,
ablation_persistent_z,123,17200,0.0,7.38,,,
ablation_persistent_z,123,17300,0.0,7.34,,,
ablation_persistent_z,123,17400,0.0,7.38,,,
ablation_persistent_z,123,17500,0.0,7.38,,,
ablation_persistent_z,123,17600,0.0,7.38,,,
ablation_persistent_z,123,17700,0.0,7.38,,,
ablation_persistent_z,123,17800,0.0,7.38,,,
ablation_persistent_z,123,17900,0.0,7.38,,,
ablation_persistent_z,123,18000,0.0,7.38,,,
ablation_persistent_z,123,18100,0.0,7.38,,,
ablation_persistent_z,123,18200,0.0,7.38,,,
ablation_persistent_z,123,18300,0.0,7.38,,,
ablation_persistent_z,123,18400,0.0,7.38,,,
ablation_persistent_z,123,18500,0.0,7.38,,,
ablation_persistent_z,123,18600,0.0,7.38,,,
ablation_persistent_z,123,18700,0.0,7.38,,,
ablation_persistent_z,123,18800,0.0,7.38,,,
ablation_persistent_z,123,18900,0.0,7.38,,,
ablation_persistent_z,123,19000,0.0,7.38,,,
ablation_persistent_z,123,19100,0.0,7.38,,,
ablation_persistent_z,123,19200,0.0,7.38,,,
ablation_persistent_z,123,19300,0.0,7.38,,,
ablation_persistent_z,123,19400,0.0,7.38,,,
ablation_persistent_z,123,19500,0.0,7.38,,,
ablation_persistent_z,123,19600,0.0,7.34,,,
ablation_persistent_z,123,19700,0.0,7.34,,,
ablation_persistent_z,123,19800,0.0,7.34,,,
ablation_persistent_z,123,19900,0.0,7.34,,,
ablation_persistent_z,123,20000,0.0,7.34,,,
ablation_persistent_z,456,100,0.0,5.54,,,
ablation_persistent_z,456,200,0.0,7.96,,,
ablation_persistent_z,456,300,0.0,8.62,,,
ablation_persistent_z,456,400,0.0,8.54,,,
ablation_persistent_z,456,500,0.0,9.2,,,
ablation_persistent_z,456,600,0.0,8.12,,,
ablation_persistent_z,456,700,0.0,7.96,,,
ablation_persistent_z,456,800,0.0,6.98,,,
ablation_persistent_z,456,900,0.0,5.2,,,
ablation_persistent_z,456,1000,0.0,3.98,,,
ablation_persistent_z,456,1100,0.0,4.4,,,
ablation_persistent_z,456,1200,0.0,4.4,,,
ablation_persistent_z,456,1300,0.0,4.4,,,
ablation_persistent_z,456,1400,0.0,4.6,,,
ablation_persistent_z,456,1500,0.0,4.6,,,
ablation_persistent_z,456,1600,0.0,4.8,,,
ablation_persistent_z,456,1700,0.0,4.8,,,
ablation_persistent_z,456,1800,0.0,4.8,,,
ablation_persistent_z,456,1900,0.0,4.8,,,
ablation_persistent_z,456,2000,0.0,4.8,,,
ablation_persistent_z,456,2100,0.0,4.8,,,
ablation_persistent_z,456,2200,0.0,4.8,,,
ablation_persistent_z,456,2300,0.0,4.8,,,
ablation_persistent_z,456,2400,0.0,4.8,,,
ablation_persistent_z,456,2500,0.0,4.8,,,
ablation_persistent_z,456,2600,0.0,4.8,,,
ablation_persistent_z,456,2700,0.0,4.8,,,
ablation_persistent_z,456,2800,0.0,4.8,,,
ablation_persistent_z,456,2900,0.0,4.8,,,
ablation_persistent_z,456,3000,0.0,4.8,,,
ablation_persistent_z,456,3100,0.0,4.8,,,
ablation_persistent_z,456,3200,0.0,4.8,,,
ablation_persistent_z,456,3300,0.0,5.04,,,
ablation_persistent_z,456,3400,0.0,5.4,,,
ablation_persistent_z,456,3500,0.0,4.68,,,
ablation_persistent_z,456,3600,0.0,4.8,,,
ablation_persistent_z,456,3700,0.0,5.04,,,
ablation_persistent_z,456,3800,0.0,4.76,,,
ablation_persistent_z,456,3900,0.0,4.76,,,
ablation_persistent_z,456,4000,0.0,4.76,,,
ablation_persistent_z,456,4100,0.0,4.76,,,
ablation_persistent_z,456,4200,0.0,4.76,,,
ablation_persistent_z,456,4300,0.0,4.76,,,
ablation_persistent_z,456,4400,0.0,4.76,,,
ablation_persistent_z,456,4500,0.0,4.76,,,
ablation_persistent_z,456,4600,0.0,4.76,,,
ablation_persistent_z,456,4700,0.0,4.76,,,
ablation_persistent_z,456,4800,0.0,4.76,,,
ablation_persistent_z,456,4900,0.0,4.76,,,
ablation_persistent_z,456,5000,0.0,4.76,,,
ablation_persistent_z,456,5100,0.0,4.76,,,
ablation_persistent_z,456,5200,0.0,4.76,,,
ablation_persistent_z,456,5300,0.0,4.76,,,
ablation_persistent_z,456,5400,0.0,4.76,,,
ablation_persistent_z,456,5500,0.0,4.76,,,
ablation_persistent_z,456,5600,0.0,4.76,,,
ablation_persistent_z,456,5700,0.0,4.76,,,
ablation_persistent_z,456,5800,0.0,4.76,,,
ablation_persistent_z,456,5900,0.0,4.76,,,
ablation_persistent_z,456,6000,0.0,4.76,,,
ablation_persistent_z,456,6100,0.0,4.76,,,
ablation_persistent_z,456,6200,0.0,4.76,,,
ablation_persistent_z,456,6300,0.0,4.76,,,
ablation_persistent_z,456,6400,0.0,4.76,,,
ablation_persistent_z,456,6500,0.0,4.76,,,
ablation_persistent_z,456,6600,0.0,4.76,,,
ablation_persistent_z,456,6700,0.0,4.76,,,
ablation_persistent_z,456,6800,0.0,4.76,,,
ablation_persistent_z,456,6900,0.0,4.76,,,
ablation_persistent_z,456,7000,0.0,4.76,,,
ablation_persistent_z,456,7100,0.0,4.76,,,
ablation_persistent_z,456,7200,0.0,4.76,,,
ablation_persistent_z,456,7300,0.0,4.76,,,
ablation_persistent_z,456,7400,0.0,4.76,,,
ablation_persistent_z,456,7500,0.0,4.76,,,
ablation_persistent_z,456,7600,0.0,4.76,,,
ablation_persistent_z,456,7700,0.0,5.34,,,
ablation_persistent_z,456,7800,0.0,6.34,,,
ablation_persistent_z,456,7900,0.0,6.52,,,
ablation_persistent_z,456,8000,0.0,6.42,,,
ablation_persistent_z,456,8100,0.0,6.42,,,
ablation_persistent_z,456,8200,0.0,6.72,,,
ablation_persistent_z,456,8300,0.0,6.96,,,
ablation_persistent_z,456,8400,0.0,7.26,,,
ablation_persistent_z,456,8500,0.0,6.56,,,
ablation_persistent_z,456,8600,0.0,5.92,,,
ablation_persistent_z,456,8700,0.0,4.96,,,
ablation_persistent_z,456,8800,0.0,5.64,,,
ablation_persistent_z,456,8900,0.0,5.6,,,
ablation_persistent_z,456,9000,0.0,5.56,,,
ablation_persistent_z,456,9100,0.0,5.56,,,
ablation_persistent_z,456,9200,0.0,5.56,,,
ablation_persistent_z,456,9300,0.0,5.56,,,
ablation_persistent_z,456,9400,0.0,5.2,,,
ablation_persistent_z,456,9500,0.0,4.96,,,
ablation_persistent_z,456,9600,0.0,4.96,,,
ablation_persistent_z,456,9700,0.0,4.96,,,
ablation_persistent_z,456,9800,0.0,4.96,,,
ablation_persistent_z,456,9900,0.0,4.96,,,
ablation_persistent_z,456,10000,0.0,5.04,,,
ablation_persistent_z,456,10100,0.0,5.0,,,
ablation_persistent_z,456,10200,0.0,5.0,,,
ablation_persistent_z,456,10300,0.0,5.0,,,
ablation_persistent_z,456,10400,0.0,5.0,,,
ablation_persistent_z,456,10500,0.0,5.0,,,
ablation_persistent_z,456,10600,0.0,5.0,,,
ablation_persistent_z,456,10700,0.0,5.0,,,
ablation_persistent_z,456,10800,0.0,5.0,,,
ablation_persistent_z,456,10900,0.0,5.0,,,
ablation_persistent_z,456,11000,0.0,5.0,,,
ablation_persistent_z,456,11100,0.0,5.0,,,
ablation_persistent_z,456,11200,0.0,5.0,,,
ablation_persistent_z,456,11300,0.0,5.0,,,
ablation_persistent_z,456,11400,0.0,5.0,,,
ablation_persistent_z,456,11500,0.0,5.0,,,
ablation_persistent_z,456,11600,0.0,5.0,,,
ablation_persistent_z,456,11700,0.0,5.0,,,
ablation_persistent_z,456,11800,0.0,5.0,,,
ablation_persistent_z,456,11900,0.0,5.0,,,
ablation_persistent_z,456,12000,0.0,5.0,,,
ablation_persistent_z,456,12100,0.0,5.0,,,
ablation_persistent_z,456,12200,0.0,5.0,,,
ablation_persistent_z,456,12300,0.0,5.0,,,
ablation_persistent_z,456,12400,0.0,5.0,,,
ablation_persistent_z,456,12500,0.0,5.0,,,
ablation_persistent_z,456,12600,0.0,5.0,,,
ablation_persistent_z,456,12700,0.0,5.0,,,
ablation_persistent_z,456,12800,0.0,5.0,,,
ablation_persistent_z,456,12900,0.0,5.0,,,
ablation_persistent_z,456,13000,0.0,5.0,,,
ablation_persistent_z,456,13100,0.0,5.0,,,
ablation_persistent_z,456,13200,0.0,5.0,,,
ablation_persistent_z,456,13300,0.0,5.0,,,
ablation_persistent_z,456,13400,0.0,5.0,,,
ablation_persistent_z,456,13500,0.0,5.0,,,
ablation_persistent_z,456,13600,0.0,4.84,,,
ablation_persistent_z,456,13700,0.0,4.96,,,
ablation_persistent_z,456,13800,0.0,4.96,,,
ablation_persistent_z,456,13900,0.0,4.96,,,
ablation_persistent_z,456,14000,0.0,4.96,,,
ablation_persistent_z,456,14100,0.0,4.96,,,
ablation_persistent_z,456,14200,0.0,4.96,,,
ablation_persistent_z,456,14300,0.0,4.96,,,
ablation_persistent_z,456,14400,0.0,4.96,,,
ablation_persistent_z,456,14500,0.0,5.2,,,
ablation_persistent_z,456,14600,0.0,5.2,,,
ablation_persistent_z,456,14700,0.0,5.2,,,
ablation_persistent_z,456,14800,0.0,5.2,,,
ablation_persistent_z,456,14900,0.0,5.2,,,
ablation_persistent_z,456,15000,0.0,5.2,,,
ablation_persistent_z,456,15100,0.0,5.2,,,
ablation_persistent_z,456,15200,0.0,5.2,,,
ablation_persistent_z,456,15300,0.0,5.2,,,
ablation_persistent_z,456,15400,0.0,5.2,,,
ablation_persistent_z,456,15500,0.0,5.2,,,
ablation_persistent_z,456,15600,0.0,5.2,,,
ablation_persistent_z,456,15700,0.0,5.2,,,
ablation_persistent_z,456,15800,0.0,5.2,,,
ablation_persistent_z,456,15900,0.0,5.2,,,
ablation_persistent_z,456,16000,0.0,5.2,,,
ablation_persistent_z,456,16100,0.0,5.2,,,
ablation_persistent_z,456,16200,0.0,5.2,,,
ablation_persistent_z,456,16300,0.0,5.2,,,
ablation_persistent_z,456,16400,0.0,5.5,,,
ablation_persistent_z,456,16500,0.0,5.56,,,
ablation_persistent_z,456,16600,0.0,5.56,,,
ablation_persistent_z,456,16700,0.0,5.56,,,
ablation_persistent_z,456,16800,0.0,5.92,,,
ablation_persistent_z,456,16900,0.0,5.56,,,
ablation_persistent_z,456,17000,0.0,6.06,,,
ablation_persistent_z,456,17100,0.0,5.74,,,
ablation_persistent_z,456,17200,0.0,5.64,,,
ablation_persistent_z,456,17300,0.0,5.76,,,
ablation_persistent_z,456,17400,0.0,5.76,,,
ablation_persistent_z,456,17500,0.0,5.96,,,
ablation_persistent_z,456,17600,0.0,5.64,,,
ablation_persistent_z,456,17700,0.0,5.94,,,
ablation_persistent_z,456,17800,0.0,6.82,,,
ablation_persistent_z,456,17900,0.0,6.82,,,
ablation_persistent_z,456,18000,0.0,6.82,,,
ablation_persistent_z,456,18100,0.0,6.82,,,
ablation_persistent_z,456,18200,0.0,6.82,,,
ablation_persistent_z,456,18300,0.0,6.82,,,
ablation_persistent_z,456,18400,0.0,6.82,,,
ablation_persistent_z,456,18500,0.0,6.82,,,
ablation_persistent_z,456,18600,0.0,6.82,,,
ablation_persistent_z,456,18700,0.0,6.82,,,
ablation_persistent_z,456,18800,0.0,6.82,,,
ablation_persistent_z,456,18900,0.0,6.82,,,
ablation_persistent_z,456,19000,0.0,6.82,,,
ablation_persistent_z,456,19100,0.0,6.82,,,
ablation_persistent_z,456,19200,0.0,6.82,,,
ablation_persistent_z,456,19300,0.0,6.82,,,
ablation_persistent_z,456,19400,0.0,6.82,,,
ablation_persistent_z,456,19500,0.0,6.82,,,
ablation_persistent_z,456,19600,0.0,6.82,,,
ablation_persistent_z,456,19700,0.0,6.82,,,
ablation_persistent_z,456,19800,0.0,6.82,,,
ablation_persistent_z,456,19900,0.0,6.82,,,
ablation_persistent_z,456,20000,0.0,6.82,,,
persistent_z_no_contraction,42,100,0.0,4.64,,,
persistent_z_no_contraction,42,200,0.0,7.98,,,
persistent_z_no_contraction,42,300,0.0,8.8,,,
persistent_z_no_contraction,42,400,0.0,8.8,,,
persistent_z_no_contraction,42,500,0.0,9.16,,,
persistent_z_no_contraction,42,600,0.0,9.74,,,
persistent_z_no_contraction,42,700,0.0,10.0,,,
persistent_z_no_contraction,42,800,0.0,10.02,,,
persistent_z_no_contraction,42,900,0.0,10.08,,,
persistent_z_no_contraction,42,1000,0.0,10.02,,,
persistent_z_no_contraction,42,1100,0.0,10.12,,,
persistent_z_no_contraction,42,1200,0.0,10.18,,,
persistent_z_no_contraction,42,1300,0.0,10.22,,,
persistent_z_no_contraction,42,1400,0.0,10.18,,,
persistent_z_no_contraction,42,1500,0.0,10.34,,,
persistent_z_no_contraction,42,1600,0.0,10.4,,,
persistent_z_no_contraction,42,1700,0.0,10.32,,,
persistent_z_no_contraction,42,1800,0.0,10.48,,,
persistent_z_no_contraction,42,1900,0.0,10.4,,,
persistent_z_no_contraction,42,2000,0.0,10.28,,,
persistent_z_no_contraction,42,2100,0.0,10.56,,,
persistent_z_no_contraction,42,2200,0.0,10.62,,,
persistent_z_no_contraction,42,2300,0.0,10.34,,,
persistent_z_no_contraction,42,2400,0.0,10.72,,,
persistent_z_no_contraction,42,2500,0.0,10.86,,,
persistent_z_no_contraction,42,2600,0.0,11.2,,,
persistent_z_no_contraction,42,2700,0.0,10.94,,,
persistent_z_no_contraction,42,2800,0.0,10.76,,,
persistent_z_no_contraction,42,2900,0.0,10.94,,,
persistent_z_no_contraction,42,3000,0.0,11.26,,,
persistent_z_no_contraction,42,3100,0.0,11.34,,,
persistent_z_no_contraction,42,3200,0.0,11.12,,,
persistent_z_no_contraction,42,3300,0.0,11.12,,,
persistent_z_no_contraction,42,3400,0.0,11.22,,,
persistent_z_no_contraction,42,3500,0.0,11.28,,,
persistent_z_no_contraction,42,3600,0.0,11.52,,,
persistent_z_no_contraction,42,3700,0.0,11.28,,,
persistent_z_no_contraction,42,3800,0.0,11.94,,,
persistent_z_no_contraction,42,3900,0.0,11.78,,,
persistent_z_no_contraction,42,4000,0.0,11.76,,,
persistent_z_no_contraction,42,4100,0.0,11.66,,,
persistent_z_no_contraction,42,4200,0.0,11.78,,,
persistent_z_no_contraction,42,4300,0.04,11.74,,,
persistent_z_no_contraction,42,4400,0.0,11.76,,,
persistent_z_no_contraction,42,4500,0.0,11.54,,,
persistent_z_no_contraction,42,4600,0.02,11.9,,,
persistent_z_no_contraction,42,4700,0.04,12.3,,,
persistent_z_no_contraction,42,4800,0.04,12.28,,,
persistent_z_no_contraction,42,4900,0.04,12.56,,,
persistent_z_no_contraction,42,5000,0.0,12.2,,,
persistent_z_no_contraction,42,5100,0.02,12.42,,,
persistent_z_no_contraction,42,5200,0.04,12.62,,,
persistent_z_no_contraction,42,5300,0.02,12.8,,,
persistent_z_no_contraction,42,5400,0.02,12.74,,,
persistent_z_no_contraction,42,5500,0.02,12.94,,,
persistent_z_no_contraction,42,5600,0.06,13.16,,,
persistent_z_no_contraction,42,5700,0.0,12.82,,,
persistent_z_no_contraction,42,5800,0.08,12.78,,,
persistent_z_no_contraction,42,5900,0.06,12.4,,,
persistent_z_no_contraction,42,6000,0.12,13.26,,,
persistent_z_no_contraction,42,6100,0.08,13.08,,,
persistent_z_no_contraction,42,6200,0.1,12.7,,,
persistent_z_no_contraction,42,6300,0.12,13.06,,,
persistent_z_no_contraction,42,6400,0.06,12.86,,,
persistent_z_no_contraction,42,6500,0.1,13.04,,,
persistent_z_no_contraction,42,6600,0.08,13.12,,,
persistent_z_no_contraction,42,6700,0.24,13.54,,,
persistent_z_no_contraction,42,6800,0.26,13.7,,,
persistent_z_no_contraction,42,6900,0.3,13.9,,,
persistent_z_no_contraction,42,7000,0.3,13.74,,,
persistent_z_no_contraction,42,7100,0.3,13.68,,,
persistent_z_no_contraction,42,7200,0.2,13.42,,,
persistent_z_no_contraction,42,7300,0.3,13.74,,,
persistent_z_no_contraction,42,7400,0.26,13.64,,,
persistent_z_no_contraction,42,7500,0.34,13.62,,,
persistent_z_no_contraction,42,7600,0.28,13.5,,,
persistent_z_no_contraction,42,7700,0.3,13.6,,,
persistent_z_no_contraction,42,7800,0.38,13.58,,,
persistent_z_no_contraction,42,7900,0.36,13.56,,,
persistent_z_no_contraction,42,8000,0.38,13.78,,,
persistent_z_no_contraction,42,8100,0.38,13.32,,,
persistent_z_no_contraction,42,8200,0.34,13.3,,,
persistent_z_no_contraction,42,8300,0.34,13.12,,,
persistent_z_no_contraction,42,8400,0.36,13.42,,,
persistent_z_no_contraction,42,8500,0.34,13.84,,,
persistent_z_no_contraction,42,8600,0.38,13.58,,,
persistent_z_no_contraction,42,8700,0.42,13.94,,,
persistent_z_no_contraction,42,8800,0.46,14.06,,,
persistent_z_no_contraction,42,8900,0.48,14.18,,,
persistent_z_no_contraction,42,9000,0.4,14.0,,,
persistent_z_no_contraction,42,9100,0.42,14.02,,,
persistent_z_no_contraction,42,9200,0.44,14.04,,,
persistent_z_no_contraction,42,9300,0.46,14.04,,,
persistent_z_no_contraction,42,9400,0.44,14.3,,,
persistent_z_no_contraction,42,9500,0.46,14.3,,,
persistent_z_no_contraction,42,9600,0.44,14.38,,,
persistent_z_no_contraction,42,9700,0.4,14.24,,,
persistent_z_no_contraction,42,9800,0.34,13.96,,,
persistent_z_no_contraction,42,9900,0.28,14.14,,,
persistent_z_no_contraction,42,10000,0.26,13.94,,,
persistent_z_no_contraction,42,10100,0.2,13.82,,,
persistent_z_no_contraction,42,10200,0.2,13.58,,,
persistent_z_no_contraction,42,10300,0.24,13.7,,,
persistent_z_no_contraction,42,10400,0.24,13.68,,,
persistent_z_no_contraction,42,10500,0.3,13.96,,,
persistent_z_no_contraction,42,10600,0.38,14.24,,,
persistent_z_no_contraction,42,10700,0.42,14.18,,,
persistent_z_no_contraction,42,10800,0.54,14.38,,,
persistent_z_no_contraction,42,10900,0.48,14.36,,,
persistent_z_no_contraction,42,11000,0.44,14.16,,,
persistent_z_no_contraction,42,11100,0.26,14.02,,,
persistent_z_no_contraction,42,11200,0.32,14.14,,,
persistent_z_no_contraction,42,11300,0.52,14.38,,,
persistent_z_no_contraction,42,11400,0.44,14.54,,,
persistent_z_no_contraction,42,11500,0.44,14.32,,,
persistent_z_no_contraction,42,11600,0.42,14.3,,,
persistent_z_no_contraction,42,11700,0.46,14.12,,,
persistent_z_no_contraction,42,11800,0.46,14.26,,,
persistent_z_no_contraction,42,11900,0.42,14.2,,,
persistent_z_no_contraction,42,12000,0.44,14.1,,,
persistent_z_no_contraction,42,12100,0.46,14.3,,,
persistent_z_no_contraction,42,12200,0.46,14.24,,,
persistent_z_no_contraction,42,12300,0.44,14.24,,,
persistent_z_no_contraction,42,12400,0.38,14.22,,,
persistent_z_no_contraction,42,12500,0.42,14.2,,,
persistent_z_no_contraction,42,12600,0.46,14.28,,,
persistent_z_no_contraction,42,12700,0.42,14.12,,,
persistent_z_no_contraction,42,12800,0.42,14.06,,,
persistent_z_no_contraction,42,12900,0.42,14.14,,,
persistent_z_no_contraction,42,13000,0.46,14.42,,,
persistent_z_no_contraction,42,13100,0.46,14.46,,,
persistent_z_no_contraction,42,13200,0.54,14.56,,,
persistent_z_no_contraction,42,13300,0.46,14.36,,,
persistent_z_no_contraction,42,13400,0.46,14.68,,,
persistent_z_no_contraction,42,13500,0.52,14.62,,,
persistent_z_no_contraction,42,13600,0.54,14.56,,,
persistent_z_no_contraction,42,13700,0.58,14.78,,,
persistent_z_no_contraction,42,13800,0.58,14.8,,,
persistent_z_no_contraction,42,13900,0.58,14.94,,,
persistent_z_no_contraction,42,14000,0.62,14.8,,,
persistent_z_no_contraction,42,14100,0.64,14.72,,,
persistent_z_no_contraction,42,14200,0.5,14.66,,,
persistent_z_no_contraction,42,14300,0.5,14.76,,,
persistent_z_no_contraction,42,14400,0.48,14.66,,,
persistent_z_no_contraction,42,14500,0.48,14.48,,,
persistent_z_no_contraction,42,14600,0.5,15.02,,,
persistent_z_no_contraction,42,14700,0.48,14.94,,,
persistent_z_no_contraction,42,14800,0.4,14.8,,,
persistent_z_no_contraction,42,14900,0.42,14.82,,,
persistent_z_no_contraction,42,15000,0.42,14.88,,,
persistent_z_no_contraction,42,15100,0.4,14.7,,,
persistent_z_no_contraction,42,15200,0.44,14.6,,,
persistent_z_no_contraction,42,15300,0.4,14.4,,,
persistent_z_no_contraction,42,15400,0.44,14.56,,,
persistent_z_no_contraction,42,15500,0.48,14.64,,,
persistent_z_no_contraction,42,15600,0.52,14.72,,,
persistent_z_no_contraction,42,15700,0.48,14.5,,,
persistent_z_no_contraction,42,15800,0.58,14.78,,,
persistent_z_no_contraction,42,15900,0.56,14.84,,,
persistent_z_no_contraction,42,16000,0.58,14.82,,,
persistent_z_no_contraction,42,16100,0.6,14.7,,,
persistent_z_no_contraction,42,16200,0.58,14.68,,,
persistent_z_no_contraction,42,16300,0.64,14.82,,,
persistent_z_no_contraction,42,16400,0.64,14.88,,,
persistent_z_no_contraction,42,16500,0.64,14.94,,,
persistent_z_no_contraction,42,16600,0.7,15.12,,,
persistent_z_no_contraction,42,16700,0.7,14.94,,,
persistent_z_no_contraction,42,16800,0.68,15.06,,,
persistent_z_no_contraction,42,16900,0.7,15.04,,,
persistent_z_no_contraction,42,17000,0.7,15.04,,,
persistent_z_no_contraction,42,17100,0.7,14.96,,,
persistent_z_no_contraction,42,17200,0.66,15.0,,,
persistent_z_no_contraction,42,17300,0.62,15.04,,,
persistent_z_no_contraction,42,17400,0.58,14.82,,,
persistent_z_no_contraction,42,17500,0.52,14.72,,,
persistent_z_no_contraction,42,17600,0.48,14.6,,,
persistent_z_no_contraction,42,17700,0.54,14.6,,,
persistent_z_no_contraction,42,17800,0.54,14.5,,,
persistent_z_no_contraction,42,17900,0.48,14.5,,,
persistent_z_no_contraction,42,18000,0.48,14.58,,,
persistent_z_no_contraction,42,18100,0.44,14.4,,,
persistent_z_no_contraction,42,18200,0.4,14.46,,,
persistent_z_no_contraction,42,18300,0.44,14.46,,,
persistent_z_no_contraction,42,18400,0.48,14.68,,,
persistent_z_no_contraction,42,18500,0.4,14.52,,,
persistent_z_no_contraction,42,18600,0.44,14.42,,,
persistent_z_no_contraction,42,18700,0.44,14.56,,,
persistent_z_no_contraction,42,18800,0.4,14.38,,,
persistent_z_no_contraction,42,18900,0.5,14.54,,,
persistent_z_no_contraction,42,19000,0.46,14.42,,,
persistent_z_no_contraction,42,19100,0.52,14.54,,,
persistent_z_no_contraction,42,19200,0.5,14.7,,,
persistent_z_no_contraction,42,19300,0.48,14.42,,,
persistent_z_no_contraction,42,19400,0.54,14.64,,,
persistent_z_no_contraction,42,19500,0.54,14.72,,,
persistent_z_no_contraction,42,19600,0.54,14.76,,,
persistent_z_no_contraction,42,19700,0.54,14.94,,,
persistent_z_no_contraction,42,19800,0.56,14.88,,,
persistent_z_no_contraction,42,19900,0.56,14.94,,,
persistent_z_no_contraction,42,20000,0.6,14.94,,,
persistent_z_no_contraction,123,100,0.0,4.96,,,
persistent_z_no_contraction,123,200,0.0,8.02,,,
persistent_z_no_contraction,123,300,0.0,9.58,,,
persistent_z_no_contraction,123,400,0.0,9.96,,,
persistent_z_no_contraction,123,500,0.0,10.0,,,
persistent_z_no_contraction,123,600,0.0,10.16,,,
persistent_z_no_contraction,123,700,0.0,10.12,,,
persistent_z_no_contraction,123,800,0.0,10.18,,,
persistent_z_no_contraction,123,900,0.0,10.22,,,
persistent_z_no_contraction,123,1000,0.0,10.22,,,
persistent_z_no_contraction,123,1100,0.0,10.22,,,
persistent_z_no_contraction,123,1200,0.0,10.26,,,
persistent_z_no_contraction,123,1300,0.0,10.2,,,
persistent_z_no_contraction,123,1400,0.0,10.48,,,
persistent_z_no_contraction,123,1500,0.0,10.2,,,
persistent_z_no_contraction,123,1600,0.0,10.3,,,
persistent_z_no_contraction,123,1700,0.0,10.7,,,
persistent_z_no_contraction,123,1800,0.0,10.52,,,
persistent_z_no_contraction,123,1900,0.0,10.68,,,
persistent_z_no_contraction,123,2000,0.0,10.7,,,
persistent_z_no_contraction,123,2100,0.0,10.62,,,
persistent_z_no_contraction,123,2200,0.0,10.98,,,
persistent_z_no_contraction,123,2300,0.0,10.7,,,
persistent_z_no_contraction,123,2400,0.0,11.28,,,
persistent_z_no_contraction,123,2500,0.0,10.74,,,
persistent_z_no_contraction,123,2600,0.0,10.96,,,
persistent_z_no_contraction,123,2700,0.0,10.88,,,
persistent_z_no_contraction,123,2800,0.0,11.14,,,
persistent_z_no_contraction,123,2900,0.0,11.58,,,
persistent_z_no_contraction,123,3000,0.04,11.6,,,
persistent_z_no_contraction,123,3100,0.0,11.36,,,
persistent_z_no_contraction,123,3200,0.02,11.36,,,
persistent_z_no_contraction,123,3300,0.0,11.64,,,
persistent_z_no_contraction,123,3400,0.0,11.38,,,
persistent_z_no_contraction,123,3500,0.0,11.94,,,
persistent_z_no_contraction,123,3600,0.02,11.4,,,
persistent_z_no_contraction,123,3700,0.04,12.14,,,
persistent_z_no_contraction,123,3800,0.02,12.2,,,
persistent_z_no_contraction,123,3900,0.04,12.06,,,
persistent_z_no_contraction,123,4000,0.0,11.82,,,
persistent_z_no_contraction,123,4100,0.02,12.5,,,
persistent_z_no_contraction,123,4200,0.0,12.64,,,
persistent_z_no_contraction,123,4300,0.12,12.96,,,
persistent_z_no_contraction,123,4400,0.06,12.8,,,
persistent_z_no_contraction,123,4500,0.04,12.78,,,
persistent_z_no_contraction,123,4600,0.0,12.18,,,
persistent_z_no_contraction,123,4700,0.14,13.6,,,
persistent_z_no_contraction,123,4800,0.12,13.46,,,
persistent_z_no_contraction,123,4900,0.14,13.48,,,
persistent_z_no_contraction,123,5000,0.14,13.12,,,
persistent_z_no_contraction,123,5100,0.14,13.18,,,
persistent_z_no_contraction,123,5200,0.14,13.28,,,
persistent_z_no_contraction,123,5300,0.14,13.28,,,
persistent_z_no_contraction,123,5400,0.12,13.58,,,
persistent_z_no_contraction,123,5500,0.16,13.56,,,
persistent_z_no_contraction,123,5600,0.28,14.1,,,
persistent_z_no_contraction,123,5700,0.3,13.78,,,
persistent_z_no_contraction,123,5800,0.26,13.88,,,
persistent_z_no_contraction,123,5900,0.32,14.14,,,
persistent_z_no_contraction,123,6000,0.28,13.64,,,
persistent_z_no_contraction,123,6100,0.26,13.8,,,
persistent_z_no_contraction,123,6200,0.3,13.8,,,
persistent_z_no_contraction,123,6300,0.34,14.2,,,
persistent_z_no_contraction,123,6400,0.32,13.68,,,
persistent_z_no_contraction,123,6500,0.34,14.08,,,
persistent_z_no_contraction,123,6600,0.32,13.82,,,
persistent_z_no_contraction,123,6700,0.32,13.86,,,
persistent_z_no_contraction,123,6800,0.46,14.34,,,
persistent_z_no_contraction,123,6900,0.42,14.24,,,
persistent_z_no_contraction,123,7000,0.46,14.3,,,
persistent_z_no_contraction,123,7100,0.42,14.18,,,
persistent_z_no_contraction,123,7200,0.46,14.16,,,
persistent_z_no_contraction,123,7300,0.5,14.12,,,
persistent_z_no_contraction,123,7400,0.52,14.38,,,
persistent_z_no_contraction,123,7500,0.46,13.46,,,
persistent_z_no_contraction,123,7600,0.5,13.8,,,
persistent_z_no_contraction,123,7700,0.48,14.02,,,
persistent_z_no_contraction,123,7800,0.52,14.06,,,
persistent_z_no_contraction,123,7900,0.48,13.86,,,
persistent_z_no_contraction,123,8000,0.48,14.2,,,
persistent_z_no_contraction,123,8100,0.42,14.16,,,
persistent_z_no_contraction,123,8200,0.44,14.38,,,
persistent_z_no_contraction,123,8300,0.48,14.24,,,
persistent_z_no_contraction,123,8400,0.48,14.4,,,
persistent_z_no_contraction,123,8500,0.38,14.24,,,
persistent_z_no_contraction,123,8600,0.38,14.3,,,
persistent_z_no_contraction,123,8700,0.3,13.98,,,
persistent_z_no_contraction,123,8800,0.36,14.08,,,
persistent_z_no_contraction,123,8900,0.32,14.18,,,
persistent_z_no_contraction,123,9000,0.3,14.04,,,
persistent_z_no_contraction,123,9100,0.28,14.16,,,
persistent_z_no_contraction,123,9200,0.3,14.3,,,
persistent_z_no_contraction,123,9300,0.36,14.32,,,
persistent_z_no_contraction,123,9400,0.4,14.5,,,
persistent_z_no_contraction,123,9500,0.36,14.44,,,
persistent_z_no_contraction,123,9600,0.22,14.04,,,
persistent_z_no_contraction,123,9700,0.32,14.56,,,
persistent_z_no_contraction,123,9800,0.38,14.56,,,
persistent_z_no_contraction,123,9900,0.44,14.52,,,
persistent_z_no_contraction,123,10000,0.46,14.8,,,
persistent_z_no_contraction,123,10100,0.42,14.66,,,
persistent_z_no_contraction,123,10200,0.44,14.7,,,
persistent_z_no_contraction,123,10300,0.42,14.72,,,
persistent_z_no_contraction,123,10400,0.38,14.56,,,
persistent_z_no_contraction,123,10500,0.32,14.02,,,
persistent_z_no_contraction,123,10600,0.32,14.24,,,
persistent_z_no_contraction,123,10700,0.44,14.66,,,
persistent_z_no_contraction,123,10800,0.42,14.68,,,
persistent_z_no_contraction,123,10900,0.54,14.82,,,
persistent_z_no_contraction,123,11000,0.54,14.76,,,
persistent_z_no_contraction,123,11100,0.44,14.62,,,
persistent_z_no_contraction,123,11200,0.4,14.54,,,
persistent_z_no_contraction,123,11300,0.46,14.48,,,
persistent_z_no_contraction,123,11400,0.5,14.44,,,
persistent_z_no_contraction,123,11500,0.42,14.38,,,
persistent_z_no_contraction,123,11600,0.46,14.32,,,
persistent_z_no_contraction,123,11700,0.46,14.4,,,
persistent_z_no_contraction,123,11800,0.46,14.0,,,
persistent_z_no_contraction,123,11900,0.5,14.44,,,
persistent_z_no_contraction,123,12000,0.5,14.58,,,
persistent_z_no_contraction,123,12100,0.46,14.66,,,
persistent_z_no_contraction,123,12200,0.5,14.68,,,
persistent_z_no_contraction,123,12300,0.48,14.42,,,
persistent_z_no_contraction,123,12400,0.42,14.58,,,
persistent_z_no_contraction,123,12500,0.48,14.52,,,
persistent_z_no_contraction,123,12600,0.46,14.48,,,
persistent_z_no_contraction,123,12700,0.46,14.68,,,
persistent_z_no_contraction,123,12800,0.46,14.46,,,
persistent_z_no_contraction,123,12900,0.42,14.56,,,
persistent_z_no_contraction,123,13000,0.42,14.52,,,
persistent_z_no_contraction,123,13100,0.5,14.74,,,
persistent_z_no_contraction,123,13200,0.46,14.66,,,
persistent_z_no_contraction,123,13300,0.54,14.66,,,
persistent_z_no_contraction,123,13400,0.5,14.6,,,
persistent_z_no_contraction,123,13500,0.48,14.52,,,
persistent_z_no_contraction,123,13600,0.52,14.68,,,
persistent_z_no_contraction,123,13700,0.52,14.62,,,
persistent_z_no_contraction,123,13800,0.5,14.56,,,
persistent_z_no_contraction,123,13900,0.38,14.58,,,
persistent_z_no_contraction,123,14000,0.42,14.62,,,
persistent_z_no_contraction,123,14100,0.32,14.72,,,
persistent_z_no_contraction,123,14200,0.38,14.78,,,
persistent_z_no_contraction,123,14300,0.44,14.7,,,
persistent_z_no_contraction,123,14400,0.5,14.86,,,
persistent_z_no_contraction,123,14500,0.44,15.12,,,
persistent_z_no_contraction,123,14600,0.52,15.24,,,
persistent_z_no_contraction,123,14700,0.56,15.18,,,
persistent_z_no_contraction,123,14800,0.54,15.36,,,
persistent_z_no_contraction,123,14900,0.52,15.2,,,
persistent_z_no_contraction,123,15000,0.42,15.02,,,
persistent_z_no_contraction,123,15100,0.4,14.96,,,
persistent_z_no_contraction,123,15200,0.46,15.08,,,
persistent_z_no_contraction,123,15300,0.4,14.84,,,
persistent_z_no_contraction,123,15400,0.54,14.96,,,
persistent_z_no_contraction,123,15500,0.6,15.12,,,
persistent_z_no_contraction,123,15600,0.56,15.1,,,
persistent_z_no_contraction,123,15700,0.44,14.84,,,
persistent_z_no_contraction,123,15800,0.4,14.72,,,
persistent_z_no_contraction,123,15900,0.52,14.98,,,
persistent_z_no_contraction,123,16000,0.56,14.96,,,
persistent_z_no_contraction,123,16100,0.56,14.86,,,
persistent_z_no_contraction,123,16200,0.52,14.7,,,
persistent_z_no_contraction,123,16300,0.48,14.68,,,
persistent_z_no_contraction,123,16400,0.52,14.76,,,
persistent_z_no_contraction,123,16500,0.52,14.98,,,
persistent_z_no_contraction,123,16600,0.52,14.9,,,
persistent_z_no_contraction,123,16700,0.56,14.88,,,
persistent_z_no_contraction,123,16800,0.52,14.64,,,
persistent_z_no_contraction,123,16900,0.46,14.58,,,
persistent_z_no_contraction,123,17000,0.46,14.52,,,
persistent_z_no_contraction,123,17100,0.46,14.44,,,
persistent_z_no_contraction,123,17200,0.44,14.48,,,
persistent_z_no_contraction,123,17300,0.44,14.68,,,
persistent_z_no_contraction,123,17400,0.5,14.82,,,
persistent_z_no_contraction,123,17500,0.46,14.78,,,
persistent_z_no_contraction,123,17600,0.48,14.8,,,
persistent_z_no_contraction,123,17700,0.6,14.84,,,
persistent_z_no_contraction,123,17800,0.6,14.96,,,
persistent_z_no_contraction,123,17900,0.58,14.98,,,
persistent_z_no_contraction,123,18000,0.52,14.88,,,
persistent_z_no_contraction,123,18100,0.52,14.92,,,
persistent_z_no_contraction,123,18200,0.46,14.82,,,
persistent_z_no_contraction,123,18300,0.44,14.8,,,
persistent_z_no_contraction,123,18400,0.48,14.9,,,
persistent_z_no_contraction,123,18500,0.44,14.74,,,
persistent_z_no_contraction,123,18600,0.44,14.72,,,
persistent_z_no_contraction,123,18700,0.4,14.58,,,
persistent_z_no_contraction,123,18800,0.5,14.8,,,
persistent_z_no_contraction,123,18900,0.5,14.8,,,
persistent_z_no_contraction,123,19000,0.5,14.78,,,
persistent_z_no_contraction,123,19100,0.44,14.7,,,
persistent_z_no_contraction,123,19200,0.46,14.78,,,
persistent_z_no_contraction,123,19300,0.48,14.84,,,
persistent_z_no_contraction,123,19400,0.48,14.84,,,
persistent_z_no_contraction,123,19500,0.46,14.72,,,
persistent_z_no_contraction,123,19600,0.46,14.78,,,
persistent_z_no_contraction,123,19700,0.46,14.7,,,
persistent_z_no_contraction,123,19800,0.48,14.78,,,
persistent_z_no_contraction,123,19900,0.48,14.74,,,
persistent_z_no_contraction,123,20000,0.52,14.78,,,
persistent_z_no_contraction,456,100,0.0,4.92,,,
persistent_z_no_contraction,456,200,0.0,8.16,,,
persistent_z_no_contraction,456,300,0.0,8.84,,,
persistent_z_no_contraction,456,400,0.0,8.74,,,
persistent_z_no_contraction,456,500,0.0,9.42,,,
persistent_z_no_contraction,456,600,0.0,9.96,,,
persistent_z_no_contraction,456,700,0.0,10.04,,,
persistent_z_no_contraction,456,800,0.0,10.06,,,
persistent_z_no_contraction,456,900,0.0,10.04,,,
persistent_z_no_contraction,456,1000,0.0,10.0,,,
persistent_z_no_contraction,456,1100,0.0,10.08,,,
persistent_z_no_contraction,456,1200,0.0,10.08,,,
persistent_z_no_contraction,456,1300,0.0,10.22,,,
persistent_z_no_contraction,456,1400,0.0,10.28,,,
persistent_z_no_contraction,456,1500,0.0,10.32,,,
persistent_z_no_contraction,456,1600,0.0,10.22,,,
persistent_z_no_contraction,456,1700,0.0,10.42,,,
persistent_z_no_contraction,456,1800,0.0,10.62,,,
persistent_z_no_contraction,456,1900,0.0,10.44,,,
persistent_z_no_contraction,456,2000,0.0,10.38,,,
persistent_z_no_contraction,456,2100,0.0,10.78,,,
persistent_z_no_contraction,456,2200,0.0,10.68,,,
persistent_z_no_contraction,456,2300,0.0,10.9,,,
persistent_z_no_contraction,456,2400,0.0,10.86,,,
persistent_z_no_contraction,456,2500,0.0,10.94,,,
persistent_z_no_contraction,456,2600,0.0,11.02,,,
persistent_z_no_contraction,456,2700,0.0,11.2,,,
persistent_z_no_contraction,456,2800,0.0,11.3,,,
persistent_z_no_contraction,456,2900,0.0,11.16,,,
persistent_z_no_contraction,456,3000,0.0,11.28,,,
persistent_z_no_contraction,456,3100,0.0,11.46,,,
persistent_z_no_contraction,456,3200,0.0,11.64,,,
persistent_z_no_contraction,456,3300,0.0,11.14,,,
persistent_z_no_contraction,456,3400,0.0,11.44,,,
persistent_z_no_contraction,456,3500,0.0,11.8,,,
persistent_z_no_contraction,456,3600,0.0,11.88,,,
persistent_z_no_contraction,456,3700,0.0,11.82,,,
persistent_z_no_contraction,456,3800,0.02,11.98,,,
persistent_z_no_contraction,456,3900,0.0,11.84,,,
persistent_z_no_contraction,456,4000,0.0,12.26,,,
persistent_z_no_contraction,456,4100,0.04,12.2,,,
persistent_z_no_contraction,456,4200,0.0,12.52,,,
persistent_z_no_contraction,456,4300,0.0,12.26,,,
persistent_z_no_contraction,456,4400,0.02,12.36,,,
persistent_z_no_contraction,456,4500,0.0,12.6,,,
persistent_z_no_contraction,456,4600,0.06,12.74,,,
persistent_z_no_contraction,456,4700,0.1,13.02,,,
persistent_z_no_contraction,456,4800,0.08,12.76,,,
persistent_z_no_contraction,456,4900,0.02,12.6,,,
persistent_z_no_contraction,456,5000,0.14,12.98,,,
persistent_z_no_contraction,456,5100,0.2,13.2,,,
persistent_z_no_contraction,456,5200,0.2,13.28,,,
persistent_z_no_contraction,456,5300,0.16,12.88,,,
persistent_z_no_contraction,456,5400,0.16,12.96,,,
persistent_z_no_contraction,456,5500,0.24,13.58,,,
persistent_z_no_contraction,456,5600,0.2,13.46,,,
persistent_z_no_contraction,456,5700,0.3,13.92,,,
persistent_z_no_contraction,456,5800,0.24,13.98,,,
persistent_z_no_contraction,456,5900,0.32,13.88,,,
persistent_z_no_contraction,456,6000,0.3,13.88,,,
persistent_z_no_contraction,456,6100,0.28,13.8,,,
persistent_z_no_contraction,456,6200,0.4,14.08,,,
persistent_z_no_contraction,456,6300,0.32,13.92,,,
persistent_z_no_contraction,456,6400,0.38,13.7,,,
persistent_z_no_contraction,456,6500,0.32,13.56,,,
persistent_z_no_contraction,456,6600,0.32,13.46,,,
persistent_z_no_contraction,456,6700,0.42,14.02,,,
persistent_z_no_contraction,456,6800,0.4,13.66,,,
persistent_z_no_contraction,456,6900,0.36,13.96,,,
persistent_z_no_contraction,456,7000,0.42,13.94,,,
persistent_z_no_contraction,456,7100,0.36,13.68,,,
persistent_z_no_contraction,456,7200,0.4,13.74,,,
persistent_z_no_contraction,456,7300,0.36,13.76,,,
persistent_z_no_contraction,456,7400,0.46,13.98,,,
persistent_z_no_contraction,456,7500,0.46,14.02,,,
persistent_z_no_contraction,456,7600,0.4,14.14,,,
persistent_z_no_contraction,456,7700,0.46,14.1,,,
persistent_z_no_contraction,456,7800,0.44,13.98,,,
persistent_z_no_contraction,456,7900,0.4,13.96,,,
persistent_z_no_contraction,456,8000,0.4,13.96,,,
persistent_z_no_contraction,456,8100,0.36,14.0,,,
persistent_z_no_contraction,456,8200,0.3,13.96,,,
persistent_z_no_contraction,456,8300,0.2,13.82,,,
persistent_z_no_contraction,456,8400,0.14,13.52,,,
persistent_z_no_contraction,456,8500,0.14,13.5,,,
persistent_z_no_contraction,456,8600,0.16,13.54,,,
persistent_z_no_contraction,456,8700,0.18,13.6,,,
persistent_z_no_contraction,456,8800,0.26,13.78,,,
persistent_z_no_contraction,456,8900,0.24,13.82,,,
persistent_z_no_contraction,456,9000,0.24,13.82,,,
persistent_z_no_contraction,456,9100,0.22,13.58,,,
persistent_z_no_contraction,456,9200,0.34,14.08,,,
persistent_z_no_contraction,456,9300,0.24,13.92,,,
persistent_z_no_contraction,456,9400,0.3,14.14,,,
persistent_z_no_contraction,456,9500,0.32,13.76,,,
persistent_z_no_contraction,456,9600,0.34,14.04,,,
persistent_z_no_contraction,456,9700,0.28,14.42,,,
persistent_z_no_contraction,456,9800,0.2,13.92,,,
persistent_z_no_contraction,456,9900,0.26,14.14,,,
persistent_z_no_contraction,456,10000,0.4,14.38,,,
persistent_z_no_contraction,456,10100,0.4,14.42,,,
persistent_z_no_contraction,456,10200,0.34,14.14,,,
persistent_z_no_contraction,456,10300,0.38,14.64,,,
persistent_z_no_contraction,456,10400,0.42,14.78,,,
persistent_z_no_contraction,456,10500,0.36,14.56,,,
persistent_z_no_contraction,456,10600,0.32,14.3,,,
persistent_z_no_contraction,456,10700,0.34,14.22,,,
persistent_z_no_contraction,456,10800,0.38,14.48,,,
persistent_z_no_contraction,456,10900,0.24,13.76,,,
persistent_z_no_contraction,456,11000,0.4,14.38,,,
persistent_z_no_contraction,456,11100,0.36,13.88,,,
persistent_z_no_contraction,456,11200,0.36,14.1,,,
persistent_z_no_contraction,456,11300,0.32,14.02,,,
persistent_z_no_contraction,456,11400,0.34,14.16,,,
persistent_z_no_contraction,456,11500,0.52,14.62,,,
persistent_z_no_contraction,456,11600,0.5,14.48,,,
persistent_z_no_contraction,456,11700,0.48,14.6,,,
persistent_z_no_contraction,456,11800,0.4,14.32,,,
persistent_z_no_contraction,456,11900,0.44,14.62,,,
persistent_z_no_contraction,456,12000,0.4,14.46,,,
persistent_z_no_contraction,456,12100,0.42,14.56,,,
persistent_z_no_contraction,456,12200,0.38,14.56,,,
persistent_z_no_contraction,456,12300,0.46,14.76,,,
persistent_z_no_contraction,456,12400,0.52,14.58,,,
persistent_z_no_contraction,456,12500,0.52,14.8,,,
persistent_z_no_contraction,456,12600,0.42,14.56,,,
persistent_z_no_contraction,456,12700,0.46,14.28,,,
persistent_z_no_contraction,456,12800,0.46,14.64,,,
persistent_z_no_contraction,456,12900,0.5,14.76,,,
persistent_z_no_contraction,456,13000,0.5,14.86,,,
persistent_z_no_contraction,456,13100,0.44,14.52,,,
persistent_z_no_contraction,456,13200,0.46,14.6,,,
persistent_z_no_contraction,456,13300,0.42,14.56,,,
persistent_z_no_contraction,456,13400,0.46,14.64,,,
persistent_z_no_contraction,456,13500,0.52,14.62,,,
persistent_z_no_contraction,456,13600,0.48,14.62,,,
persistent_z_no_contraction,456,13700,0.44,14.26,,,
persistent_z_no_contraction,456,13800,0.48,14.54,,,
persistent_z_no_contraction,456,13900,0.38,14.58,,,
persistent_z_no_contraction,456,14000,0.48,14.5,,,
persistent_z_no_contraction,456,14100,0.36,14.02,,,
persistent_z_no_contraction,456,14200,0.44,14.04,,,
persistent_z_no_contraction,456,14300,0.5,14.28,,,
persistent_z_no_contraction,456,14400,0.44,14.28,,,
persistent_z_no_contraction,456,14500,0.48,14.3,,,
persistent_z_no_contraction,456,14600,0.4,14.26,,,
persistent_z_no_contraction,456,14700,0.48,14.4,,,
persistent_z_no_contraction,456,14800,0.48,14.42,,,
persistent_z_no_contraction,456,14900,0.44,14.38,,,
persistent_z_no_contraction,456,15000,0.54,14.52,,,
persistent_z_no_contraction,456,15100,0.48,14.3,,,
persistent_z_no_contraction,456,15200,0.5,14.44,,,
persistent_z_no_contraction,456,15300,0.54,14.66,,,
persistent_z_no_contraction,456,15400,0.58,14.82,,,
persistent_z_no_contraction,456,15500,0.54,14.76,,,
persistent_z_no_contraction,456,15600,0.56,14.76,,,
persistent_z_no_contraction,456,15700,0.66,15.06,,,
persistent_z_no_contraction,456,15800,0.6,14.96,,,
persistent_z_no_contraction,456,15900,0.66,15.08,,,
persistent_z_no_contraction,456,16000,0.62,14.86,,,
persistent_z_no_contraction,456,16100,0.62,15.16,,,
persistent_z_no_contraction,456,16200,0.64,15.08,,,
persistent_z_no_contraction,456,16300,0.56,15.0,,,
persistent_z_no_contraction,456,16400,0.54,14.92,,,
persistent_z_no_contraction,456,16500,0.52,14.92,,,
persistent_z_no_contraction,456,16600,0.56,15.04,,,
persistent_z_no_contraction,456,16700,0.5,14.8,,,
persistent_z_no_contraction,456,16800,0.5,14.92,,,
persistent_z_no_contraction,456,16900,0.5,14.8,,,
persistent_z_no_contraction,456,17000,0.48,14.8,,,
persistent_z_no_contraction,456,17100,0.52,14.86,,,
persistent_z_no_contraction,456,17200,0.46,14.7,,,
persistent_z_no_contraction,456,17300,0.5,14.9,,,
persistent_z_no_contraction,456,17400,0.5,14.6,,,
persistent_z_no_contraction,456,17500,0.52,14.9,,,
persistent_z_no_contraction,456,17600,0.54,15.06,,,
persistent_z_no_contraction,456,17700,0.56,15.08,,,
persistent_z_no_contraction,456,17800,0.54,15.14,,,
persistent_z_no_contraction,456,17900,0.54,15.14,,,
persistent_z_no_contraction,456,18000,0.54,15.1,,,
persistent_z_no_contraction,456,18100,0.54,15.02,,,
persistent_z_no_contraction,456,18200,0.54,14.94,,,
persistent_z_no_contraction,456,18300,0.52,14.9,,,
persistent_z_no_contraction,456,18400,0.54,15.04,,,
persistent_z_no_contraction,456,18500,0.52,14.96,,,
persistent_z_no_contraction,456,18600,0.52,14.82,,,
persistent_z_no_contraction,456,18700,0.54,14.78,,,
persistent_z_no_contraction,456,18800,0.54,14.8,,,
persistent_z_no_contraction,456,18900,0.54,14.82,,,
persistent_z_no_contraction,456,19000,0.58,14.82,,,
persistent_z_no_contraction,456,19100,0.6,14.98,,,
persistent_z_no_contraction,456,19200,0.56,14.72,,,
persistent_z_no_contraction,456,19300,0.56,14.7,,,
persistent_z_no_contraction,456,19400,0.6,14.74,,,
persistent_z_no_contraction,456,19500,0.56,14.62,,,
persistent_z_no_contraction,456,19600,0.56,14.66,,,
persistent_z_no_contraction,456,19700,0.6,14.74,,,
persistent_z_no_contraction,456,19800,0.62,14.66,,,
persistent_z_no_contraction,456,19900,0.6,14.72,,,
persistent_z_no_contraction,456,20000,0.58,14.68,,,
ablation_no_conservative,42,100,0.0,5.58,,,
ablation_no_conservative,42,200,0.0,7.32,,,
ablation_no_conservative,42,300,0.0,6.9,,,
ablation_no_conservative,42,400,0.0,8.28,,,
ablation_no_conservative,42,500,0.0,8.52,,,
ablation_no_conservative,42,600,0.0,8.84,,,
ablation_no_conservative,42,700,0.0,9.68,,,
ablation_no_conservative,42,800,0.0,9.8,,,
ablation_no_conservative,42,900,0.0,9.8,,,
ablation_no_conservative,42,1000,0.0,10.0,,,
ablation_no_conservative,42,1100,0.0,10.04,,,
ablation_no_conservative,42,1200,0.0,9.96,,,
ablation_no_conservative,42,1300,0.0,10.0,,,
ablation_no_conservative,42,1400,0.0,9.96,,,
ablation_no_conservative,42,1500,0.0,10.0,,,
ablation_no_conservative,42,1600,0.0,9.92,,,
ablation_no_conservative,42,1700,0.0,9.92,,,
ablation_no_conservative,42,1800,0.0,9.98,,,
ablation_no_conservative,42,1900,0.0,9.96,,,
ablation_no_conservative,42,2000,0.0,10.06,,,
ablation_no_conservative,42,2100,0.0,10.02,,,
ablation_no_conservative,42,2200,0.0,10.0,,,
ablation_no_conservative,42,2300,0.0,10.02,,,
ablation_no_conservative,42,2400,0.0,10.04,,,
ablation_no_conservative,42,2500,0.0,10.04,,,
ablation_no_conservative,42,2600,0.0,9.76,,,
ablation_no_conservative,42,2700,0.0,10.0,,,
ablation_no_conservative,42,2800,0.0,10.0,,,
ablation_no_conservative,42,2900,0.0,10.0,,,
ablation_no_conservative,42,3000,0.0,10.02,,,
ablation_no_conservative,42,3100,0.0,10.08,,,
ablation_no_conservative,42,3200,0.0,10.04,,,
ablation_no_conservative,42,3300,0.0,10.04,,,
ablation_no_conservative,42,3400,0.0,10.08,,,
ablation_no_conservative,42,3500,0.0,10.04,,,
ablation_no_conservative,42,3600,0.0,10.06,,,
ablation_no_conservative,42,3700,0.0,10.04,,,
ablation_no_conservative,42,3800,0.0,10.0,,,
ablation_no_conservative,42,3900,0.0,10.0,,,
ablation_no_conservative,42,4000,0.0,10.08,,,
ablation_no_conservative,42,4100,0.0,10.08,,,
ablation_no_conservative,42,4200,0.0,10.1,,,
ablation_no_conservative,42,4300,0.0,10.16,,,
ablation_no_conservative,42,4400,0.0,10.1,,,
ablation_no_conservative,42,4500,0.0,10.04,,,
ablation_no_conservative,42,4600,0.0,10.06,,,
ablation_no_conservative,42,4700,0.0,10.02,,,
ablation_no_conservative,42,4800,0.0,10.04,,,
ablation_no_conservative,42,4900,0.0,10.08,,,
ablation_no_conservative,42,5000,0.0,10.06,,,
ablation_no_conservative,42,5100,0.0,10.08,,,
ablation_no_conservative,42,5200,0.0,10.06,,,
ablation_no_conservative,42,5300,0.0,10.14,,,
ablation_no_conservative,42,5400,0.0,10.1,,,
ablation_no_conservative,42,5500,0.0,10.12,,,
ablation_no_conservative,42,5600,0.0,10.08,,,
ablation_no_conservative,42,5700,0.0,10.1,,,
ablation_no_conservative,42,5800,0.0,10.14,,,
ablation_no_conservative,42,5900,0.0,10.18,,,
ablation_no_conservative,42,6000,0.0,10.16,,,
ablation_no_conservative,42,6100,0.0,10.18,,,
ablation_no_conservative,42,6200,0.0,10.14,,,
ablation_no_conservative,42,6300,0.0,10.12,,,
ablation_no_conservative,42,6400,0.0,10.22,,,
ablation_no_conservative,42,6500,0.0,10.22,,,
ablation_no_conservative,42,6600,0.0,10.1,,,
ablation_no_conservative,42,6700,0.0,10.14,,,
ablation_no_conservative,42,6800,0.0,10.16,,,
ablation_no_conservative,42,6900,0.0,10.24,,,
ablation_no_conservative,42,7000,0.0,10.18,,,
ablation_no_conservative,42,7100,0.0,10.06,,,
ablation_no_conservative,42,7200,0.0,10.14,,,
ablation_no_conservative,42,7300,0.0,10.14,,,
ablation_no_conservative,42,7400,0.0,10.16,,,
ablation_no_conservative,42,7500,0.0,10.16,,,
ablation_no_conservative,42,7600,0.0,10.14,,,
ablation_no_conservative,42,7700,0.0,10.12,,,
ablation_no_conservative,42,7800,0.0,10.14,,,
ablation_no_conservative,42,7900,0.0,10.12,,,
ablation_no_conservative,42,8000,0.0,10.16,,,
ablation_no_conservative,42,8100,0.0,10.08,,,
ablation_no_conservative,42,8200,0.0,10.12,,,
ablation_no_conservative,42,8300,0.0,10.1,,,
ablation_no_conservative,42,8400,0.0,10.08,,,
ablation_no_conservative,42,8500,0.0,10.12,,,
ablation_no_conservative,42,8600,0.0,10.14,,,
ablation_no_conservative,42,8700,0.0,10.14,,,
ablation_no_conservative,42,8800,0.0,10.0,,,
ablation_no_conservative,42,8900,0.0,10.12,,,
ablation_no_conservative,42,9000,0.0,10.12,,,
ablation_no_conservative,42,9100,0.0,10.04,,,
ablation_no_conservative,42,9200,0.0,10.3,,,
ablation_no_conservative,42,9300,0.0,10.16,,,
ablation_no_conservative,42,9400,0.0,10.24,,,
ablation_no_conservative,42,9500,0.0,10.12,,,
ablation_no_conservative,42,9600,0.0,10.32,,,
ablation_no_conservative,42,9700,0.0,10.24,,,
ablation_no_conservative,42,9800,0.0,10.18,,,
ablation_no_conservative,42,9900,0.0,10.1,,,
ablation_no_conservative,42,10000,0.0,10.18,,,
ablation_no_conservative,42,10100,0.0,10.06,,,
ablation_no_conservative,42,10200,0.0,10.2,,,
ablation_no_conservative,42,10300,0.0,10.08,,,
ablation_no_conservative,42,10400,0.0,10.08,,,
ablation_no_conservative,42,10500,0.0,10.24,,,
ablation_no_conservative,42,10600,0.0,10.24,,,
ablation_no_conservative,42,10700,0.0,10.14,,,
ablation_no_conservative,42,10800,0.0,10.36,,,
ablation_no_conservative,42,10900,0.0,10.1,,,
ablation_no_conservative,42,11000,0.0,10.24,,,
ablation_no_conservative,42,11100,0.0,10.16,,,
ablation_no_conservative,42,11200,0.0,10.24,,,
ablation_no_conservative,42,11300,0.0,10.22,,,
ablation_no_conservative,42,11400,0.0,10.24,,,
ablation_no_conservative,42,11500,0.0,10.32,,,
ablation_no_conservative,42,11600,0.0,10.26,,,
ablation_no_conservative,42,11700,0.0,10.26,,,
ablation_no_conservative,42,11800,0.0,10.34,,,
ablation_no_conservative,42,11900,0.0,10.14,,,
ablation_no_conservative,42,12000,0.0,10.28,,,
ablation_no_conservative,42,12100,0.0,10.16,,,
ablation_no_conservative,42,12200,0.0,10.3,,,
ablation_no_conservative,42,12300,0.0,10.5,,,
ablation_no_conservative,42,12400,0.0,10.38,,,
ablation_no_conservative,42,12500,0.0,10.32,,,
ablation_no_conservative,42,12600,0.0,10.22,,,
ablation_no_conservative,42,12700,0.0,10.32,,,
ablation_no_conservative,42,12800,0.0,10.22,,,
ablation_no_conservative,42,12900,0.0,10.48,,,
ablation_no_conservative,42,13000,0.0,10.44,,,
ablation_no_conservative,42,13100,0.0,10.62,,,
ablation_no_conservative,42,13200,0.0,10.54,,,
ablation_no_conservative,42,13300,0.0,10.58,,,
ablation_no_conservative,42,13400,0.0,10.54,,,
ablation_no_conservative,42,13500,0.0,10.48,,,
ablation_no_conservative,42,13600,0.0,10.3,,,
ablation_no_conservative,42,13700,0.0,10.38,,,
ablation_no_conservative,42,13800,0.0,10.3,,,
ablation_no_conservative,42,13900,0.0,10.54,,,
ablation_no_conservative,42,14000,0.0,10.54,,,
ablation_no_conservative,42,14100,0.0,10.7,,,
ablation_no_conservative,42,14200,0.0,10.46,,,
ablation_no_conservative,42,14300,0.0,10.52,,,
ablation_no_conservative,42,14400,0.0,10.72,,,
ablation_no_conservative,42,14500,0.0,10.56,,,
ablation_no_conservative,42,14600,0.0,10.62,,,
ablation_no_conservative,42,14700,0.0,10.54,,,
ablation_no_conservative,42,14800,0.0,10.6,,,
ablation_no_conservative,42,14900,0.0,10.46,,,
ablation_no_conservative,42,15000,0.0,10.6,,,
ablation_no_conservative,42,15100,0.0,10.42,,,
ablation_no_conservative,42,15200,0.0,10.3,,,
ablation_no_conservative,42,15300,0.0,10.72,,,
ablation_no_conservative,42,15400,0.0,10.54,,,
ablation_no_conservative,42,15500,0.0,10.66,,,
ablation_no_conservative,42,15600,0.0,10.5,,,
ablation_no_conservative,42,15700,0.0,10.36,,,
ablation_no_conservative,42,15800,0.0,10.58,,,
ablation_no_conservative,42,15900,0.0,10.66,,,
ablation_no_conservative,42,16000,0.0,10.72,,,
ablation_no_conservative,42,16100,0.02,10.76,,,
ablation_no_conservative,42,16200,0.0,10.88,,,
ablation_no_conservative,42,16300,0.0,10.72,,,
ablation_no_conservative,42,16400,0.0,10.48,,,
ablation_no_conservative,42,16500,0.0,10.8,,,
ablation_no_conservative,42,16600,0.0,10.92,,,
ablation_no_conservative,42,16700,0.0,11.3,,,
ablation_no_conservative,42,16800,0.0,11.18,,,
ablation_no_conservative,42,16900,0.04,10.98,,,
ablation_no_conservative,42,17000,0.02,11.02,,,
ablation_no_conservative,42,17100,0.02,10.98,,,
ablation_no_conservative,42,17200,0.0,10.76,,,
ablation_no_conservative,42,17300,0.0,10.78,,,
ablation_no_conservative,42,17400,0.0,10.66,,,
ablation_no_conservative,42,17500,0.02,10.96,,,
ablation_no_conservative,42,17600,0.0,11.1,,,
ablation_no_conservative,42,17700,0.0,11.34,,,
ablation_no_conservative,42,17800,0.0,11.38,,,
ablation_no_conservative,42,17900,0.0,11.14,,,
ablation_no_conservative,42,18000,0.02,11.36,,,
ablation_no_conservative,42,18100,0.0,11.08,,,
ablation_no_conservative,42,18200,0.0,11.22,,,
ablation_no_conservative,42,18300,0.0,11.08,,,
ablation_no_conservative,42,18400,0.0,11.42,,,
ablation_no_conservative,42,18500,0.02,11.38,,,
ablation_no_conservative,42,18600,0.02,11.32,,,
ablation_no_conservative,42,18700,0.02,11.64,,,
ablation_no_conservative,42,18800,0.02,11.62,,,
ablation_no_conservative,42,18900,0.02,11.42,,,
ablation_no_conservative,42,19000,0.02,11.38,,,
ablation_no_conservative,42,19100,0.02,11.44,,,
ablation_no_conservative,42,19200,0.02,11.3,,,
ablation_no_conservative,42,19300,0.02,11.46,,,
ablation_no_conservative,42,19400,0.02,11.66,,,
ablation_no_conservative,42,19500,0.0,11.92,,,
ablation_no_conservative,42,19600,0.0,11.6,,,
ablation_no_conservative,42,19700,0.0,11.78,,,
ablation_no_conservative,42,19800,0.0,11.6,,,
ablation_no_conservative,42,19900,0.02,11.7,,,
ablation_no_conservative,42,20000,0.02,11.54,,,
ablation_no_conservative,123,100,0.0,5.54,,,
ablation_no_conservative,123,200,0.0,8.36,,,
ablation_no_conservative,123,300,0.0,8.26,,,
ablation_no_conservative,123,400,0.0,8.6,,,
ablation_no_conservative,123,500,0.0,8.88,,,
ablation_no_conservative,123,600,0.0,8.94,,,
ablation_no_conservative,123,700,0.0,9.72,,,
ablation_no_conservative,123,800,0.0,9.56,,,
ablation_no_conservative,123,900,0.0,9.86,,,
ablation_no_conservative,123,1000,0.0,9.84,,,
ablation_no_conservative,123,1100,0.0,9.84,,,
ablation_no_conservative,123,1200,0.0,9.84,,,
ablation_no_conservative,123,1300,0.0,9.84,,,
ablation_no_conservative,123,1400,0.0,9.72,,,
ablation_no_conservative,123,1500,0.0,10.04,,,
ablation_no_conservative,123,1600,0.0,9.96,,,
ablation_no_conservative,123,1700,0.0,9.8,,,
ablation_no_conservative,123,1800,0.0,10.0,,,
ablation_no_conservative,123,1900,0.0,10.0,,,
ablation_no_conservative,123,2000,0.0,9.92,,,
ablation_no_conservative,123,2100,0.0,9.92,,,
ablation_no_conservative,123,2200,0.0,9.8,,,
ablation_no_conservative,123,2300,0.0,10.0,,,
ablation_no_conservative,123,2400,0.0,10.04,,,
ablation_no_conservative,123,2500,0.0,9.92,,,
ablation_no_conservative,123,2600,0.0,9.92,,,
ablation_no_conservative,123,2700,0.0,10.0,,,
ablation_no_conservative,123,2800,0.0,10.0,,,
ablation_no_conservative,123,2900,0.0,10.0,,,
ablation_no_conservative,123,3000,0.0,10.0,,,
ablation_no_conservative,123,3100,0.0,10.0,,,
ablation_no_conservative,123,3200,0.0,9.96,,,
ablation_no_conservative,123,3300,0.0,9.94,,,
ablation_no_conservative,123,3400,0.0,10.04,,,
ablation_no_conservative,123,3500,0.0,10.0,,,
ablation_no_conservative,123,3600,0.0,10.0,,,
ablation_no_conservative,123,3700,0.0,10.0,,,
ablation_no_conservative,123,3800,0.0,10.04,,,
ablation_no_conservative,123,3900,0.0,10.0,,,
ablation_no_conservative,123,4000,0.0,10.12,,,
ablation_no_conservative,123,4100,0.0,10.0,,,
ablation_no_conservative,123,4200,0.0,10.0,,,
ablation_no_conservative,123,4300,0.0,10.04,,,
ablation_no_conservative,123,4400,0.0,10.02,,,
ablation_no_conservative,123,4500,0.0,10.12,,,
ablation_no_conservative,123,4600,0.0,10.0,,,
ablation_no_conservative,123,4700,0.0,10.0,,,
ablation_no_conservative,123,4800,0.0,10.0,,,
ablation_no_conservative,123,4900,0.0,10.02,,,
ablation_no_conservative,123,5000,0.0,10.0,,,
ablation_no_conservative,123,5100,0.0,10.08,,,
ablation_no_conservative,123,5200,0.0,10.0,,,
ablation_no_conservative,123,5300,0.0,10.2,,,
ablation_no_conservative,123,5400,0.0,10.1,,,
ablation_no_conservative,123,5500,0.0,10.0,,,
ablation_no_conservative,123,5600,0.0,10.12,,,
ablation_no_conservative,123,5700,0.0,10.12,,,
ablation_no_conservative,123,5800,0.0,10.08,,,
ablation_no_conservative,123,5900,0.0,10.0,,,
ablation_no_conservative,123,6000,0.0,10.14,,,
ablation_no_conservative,123,6100,0.0,10.04,,,
ablation_no_conservative,123,6200,0.0,10.26,,,
ablation_no_conservative,123,6300,0.0,10.04,,,
ablation_no_conservative,123,6400,0.0,10.28,,,
ablation_no_conservative,123,6500,0.0,10.32,,,
ablation_no_conservative,123,6600,0.0,10.3,,,
ablation_no_conservative,123,6700,0.0,10.38,,,
ablation_no_conservative,123,6800,0.0,10.12,,,
ablation_no_conservative,123,6900,0.0,10.26,,,
ablation_no_conservative,123,7000,0.0,10.56,,,
ablation_no_conservative,123,7100,0.0,10.5,,,
ablation_no_conservative,123,7200,0.0,10.36,,,
ablation_no_conservative,123,7300,0.0,10.3,,,
ablation_no_conservative,123,7400,0.0,10.38,,,
ablation_no_conservative,123,7500,0.0,10.44,,,
ablation_no_conservative,123,7600,0.0,10.54,,,
ablation_no_conservative,123,7700,0.0,10.5,,,
ablation_no_conservative,123,7800,0.0,10.44,,,
ablation_no_conservative,123,7900,0.0,10.46,,,
ablation_no_conservative,123,8000,0.0,10.46,,,
ablation_no_conservative,123,8100,0.0,10.54,,,
ablation_no_conservative,123,8200,0.0,10.68,,,
ablation_no_conservative,123,8300,0.0,10.56,,,
ablation_no_conservative,123,8400,0.0,10.62,,,
ablation_no_conservative,123,8500,0.0,10.74,,,
ablation_no_conservative,123,8600,0.0,10.86,,,
ablation_no_conservative,123,8700,0.0,10.7,,,
ablation_no_conservative,123,8800,0.0,10.84,,,
ablation_no_conservative,123,8900,0.0,11.12,,,
ablation_no_conservative,123,9000,0.0,11.34,,,
ablation_no_conservative,123,9100,0.0,10.66,,,
ablation_no_conservative,123,9200,0.0,10.82,,,
ablation_no_conservative,123,9300,0.0,10.84,,,
ablation_no_conservative,123,9400,0.0,11.3,,,
ablation_no_conservative,123,9500,0.0,10.96,,,
ablation_no_conservative,123,9600,0.0,11.14,,,
ablation_no_conservative,123,9700,0.0,11.1,,,
ablation_no_conservative,123,9800,0.0,11.58,,,
ablation_no_conservative,123,9900,0.0,11.54,,,
ablation_no_conservative,123,10000,0.04,11.32,,,
ablation_no_conservative,123,10100,0.0,11.66,,,
ablation_no_conservative,123,10200,0.0,11.36,,,
ablation_no_conservative,123,10300,0.0,11.52,,,
ablation_no_conservative,123,10400,0.0,11.6,,,
ablation_no_conservative,123,10500,0.0,11.7,,,
ablation_no_conservative,123,10600,0.0,11.72,,,
ablation_no_conservative,123,10700,0.04,12.1,,,
ablation_no_conservative,123,10800,0.0,11.84,,,
ablation_no_conservative,123,10900,0.04,12.18,,,
ablation_no_conservative,123,11000,0.0,11.88,,,
ablation_no_conservative,123,11100,0.0,12.24,,,
ablation_no_conservative,123,11200,0.0,12.18,,,
ablation_no_conservative,123,11300,0.0,11.84,,,
ablation_no_conservative,123,11400,0.02,11.88,,,
ablation_no_conservative,123,11500,0.02,12.22,,,
ablation_no_conservative,123,11600,0.04,12.3,,,
ablation_no_conservative,123,11700,0.02,12.38,,,
ablation_no_conservative,123,11800,0.0,12.46,,,
ablation_no_conservative,123,11900,0.04,12.3,,,
ablation_no_conservative,123,12000,0.08,12.56,,,
ablation_no_conservative,123,12100,0.02,12.52,,,
ablation_no_conservative,123,12200,0.04,12.28,,,
ablation_no_conservative,123,12300,0.02,12.66,,,
ablation_no_conservative,123,12400,0.12,12.84,,,
ablation_no_conservative,123,12500,0.04,12.72,,,
ablation_no_conservative,123,12600,0.06,12.44,,,
ablation_no_conservative,123,12700,0.06,12.58,,,
ablation_no_conservative,123,12800,0.14,13.02,,,
ablation_no_conservative,123,12900,0.08,12.72,,,
ablation_no_conservative,123,13000,0.12,12.86,,,
ablation_no_conservative,123,13100,0.1,12.66,,,
ablation_no_conservative,123,13200,0.12,13.02,,,
ablation_no_conservative,123,13300,0.1,13.04,,,
ablation_no_conservative,123,13400,0.16,13.08,,,
ablation_no_conservative,123,13500,0.2,13.58,,,
ablation_no_conservative,123,13600,0.16,13.44,,,
ablation_no_conservative,123,13700,0.08,13.08,,,
ablation_no_conservative,123,13800,0.22,13.54,,,
ablation_no_conservative,123,13900,0.2,13.6,,,
ablation_no_conservative,123,14000,0.16,13.5,,,
ablation_no_conservative,123,14100,0.24,13.84,,,
ablation_no_conservative,123,14200,0.2,13.86,,,
ablation_no_conservative,123,14300,0.22,13.8,,,
ablation_no_conservative,123,14400,0.26,13.84,,,
ablation_no_conservative,123,14500,0.22,13.68,,,
ablation_no_conservative,123,14600,0.28,13.72,,,
ablation_no_conservative,123,14700,0.16,13.86,,,
ablation_no_conservative,123,14800,0.24,13.86,,,
ablation_no_conservative,123,14900,0.22,13.64,,,
ablation_no_conservative,123,15000,0.2,13.62,,,
ablation_no_conservative,123,15100,0.2,13.76,,,
ablation_no_conservative,123,15200,0.22,13.8,,,
ablation_no_conservative,123,15300,0.24,13.96,,,
ablation_no_conservative,123,15400,0.22,14.22,,,
ablation_no_conservative,123,15500,0.24,13.8,,,
ablation_no_conservative,123,15600,0.26,14.1,,,
ablation_no_conservative,123,15700,0.24,13.84,,,
ablation_no_conservative,123,15800,0.24,14.02,,,
ablation_no_conservative,123,15900,0.26,13.94,,,
ablation_no_conservative,123,16000,0.22,13.52,,,
ablation_no_conservative,123,16100,0.3,13.74,,,
ablation_no_conservative,123,16200,0.28,13.74,,,
ablation_no_conservative,123,16300,0.32,14.0,,,
ablation_no_conservative,123,16400,0.3,13.84,,,
ablation_no_conservative,123,16500,0.32,13.96,,,
ablation_no_conservative,123,16600,0.32,14.14,,,
ablation_no_conservative,123,16700,0.3,14.04,,,
ablation_no_conservative,123,16800,0.3,14.22,,,
ablation_no_conservative,123,16900,0.3,14.12,,,
ablation_no_conservative,123,17000,0.34,14.22,,,
ablation_no_conservative,123,17100,0.28,14.04,,,
ablation_no_conservative,123,17200,0.32,14.3,,,
ablation_no_conservative,123,17300,0.34,14.36,,,
ablation_no_conservative,123,17400,0.3,14.16,,,
ablation_no_conservative,123,17500,0.34,14.46,,,
ablation_no_conservative,123,17600,0.34,14.38,,,
ablation_no_conservative,123,17700,0.34,14.3,,,
ablation_no_conservative,123,17800,0.34,14.5,,,
ablation_no_conservative,123,17900,0.3,14.42,,,
ablation_no_conservative,123,18000,0.32,14.42,,,
ablation_no_conservative,123,18100,0.32,14.3,,,
ablation_no_conservative,123,18200,0.34,14.32,,,
ablation_no_conservative,123,18300,0.34,14.3,,,
ablation_no_conservative,123,18400,0.34,14.28,,,
ablation_no_conservative,123,18500,0.36,14.4,,,
ablation_no_conservative,123,18600,0.36,14.42,,,
ablation_no_conservative,123,18700,0.36,14.46,,,
ablation_no_conservative,123,18800,0.32,14.46,,,
ablation_no_conservative,123,18900,0.32,14.42,,,
ablation_no_conservative,123,19000,0.32,14.42,,,
ablation_no_conservative,123,19100,0.32,14.38,,,
ablation_no_conservative,123,19200,0.32,14.46,,,
ablation_no_conservative,123,19300,0.32,14.56,,,
ablation_no_conservative,123,19400,0.32,14.56,,,
ablation_no_conservative,123,19500,0.36,14.56,,,
ablation_no_conservative,123,19600,0.36,14.66,,,
ablation_no_conservative,123,19700,0.34,14.6,,,
ablation_no_conservative,123,19800,0.34,14.6,,,
ablation_no_conservative,123,19900,0.34,14.6,,,
ablation_no_conservative,123,20000,0.34,14.56,,,
ablation_no_conservative,456,100,0.0,5.04,,,
ablation_no_conservative,456,200,0.0,8.02,,,
ablation_no_conservative,456,300,0.0,9.02,,,
ablation_no_conservative,456,400,0.0,7.96,,,
ablation_no_conservative,456,500,0.0,8.7,,,
ablation_no_conservative,456,600,0.0,7.9,,,
ablation_no_conservative,456,700,0.0,6.58,,,
ablation_no_conservative,456,800,0.0,5.82,,,
ablation_no_conservative,456,900,0.0,5.4,,,
ablation_no_conservative,456,1000,0.0,6.26,,,
ablation_no_conservative,456,1100,0.0,5.94,,,
ablation_no_conservative,456,1200,0.0,5.96,,,
ablation_no_conservative,456,1300,0.0,5.96,,,
ablation_no_conservative,456,1400,0.0,5.96,,,
ablation_no_conservative,456,1500,0.0,5.96,,,
ablation_no_conservative,456,1600,0.0,5.96,,,
ablation_no_conservative,456,1700,0.0,5.96,,,
ablation_no_conservative,456,1800,0.0,5.96,,,
ablation_no_conservative,456,1900,0.0,6.18,,,
ablation_no_conservative,456,2000,0.0,6.26,,,
ablation_no_conservative,456,2100,0.0,6.2,,,
ablation_no_conservative,456,2200,0.0,6.34,,,
ablation_no_conservative,456,2300,0.0,6.34,,,
ablation_no_conservative,456,2400,0.0,5.42,,,
ablation_no_conservative,456,2500,0.0,4.9,,,
ablation_no_conservative,456,2600,0.0,4.62,,,
ablation_no_conservative,456,2700,0.0,4.5,,,
ablation_no_conservative,456,2800,0.0,4.26,,,
ablation_no_conservative,456,2900,0.0,4.26,,,
ablation_no_conservative,456,3000,0.0,4.26,,,
ablation_no_conservative,456,3100,0.0,4.26,,,
ablation_no_conservative,456,3200,0.0,4.26,,,
ablation_no_conservative,456,3300,0.0,4.26,,,
ablation_no_conservative,456,3400,0.0,4.26,,,
ablation_no_conservative,456,3500,0.0,4.26,,,
ablation_no_conservative,456,3600,0.0,4.26,,,
ablation_no_conservative,456,3700,0.0,4.26,,,
ablation_no_conservative,456,3800,0.0,4.26,,,
ablation_no_conservative,456,3900,0.0,4.26,,,
ablation_no_conservative,456,4000,0.0,4.26,,,
ablation_no_conservative,456,4100,0.0,4.26,,,
ablation_no_conservative,456,4200,0.0,4.26,,,
ablation_no_conservative,456,4300,0.0,4.26,,,
ablation_no_conservative,456,4400,0.0,4.26,,,
ablation_no_conservative,456,4500,0.0,4.26,,,
ablation_no_conservative,456,4600,0.0,4.26,,,
ablation_no_conservative,456,4700,0.0,4.26,,,
ablation_no_conservative,456,4800,0.0,4.26,,,
ablation_no_conservative,456,4900,0.0,4.26,,,
ablation_no_conservative,456,5000,0.0,4.26,,,
ablation_no_conservative,456,5100,0.0,4.26,,,
ablation_no_conservative,456,5200,0.0,4.26,,,
ablation_no_conservative,456,5300,0.0,4.26,,,
ablation_no_conservative,456,5400,0.0,4.26,,,
ablation_no_conservative,456,5500,0.0,4.26,,,
ablation_no_conservative,456,5600,0.0,4.26,,,
ablation_no_conservative,456,5700,0.0,4.26,,,
ablation_no_conservative,456,5800,0.0,4.26,,,
ablation_no_conservative,456,5900,0.0,4.26,,,
ablation_no_conservative,456,6000,0.0,4.26,,,
ablation_no_conservative,456,6100,0.0,4.26,,,
ablation_no_conservative,456,6200,0.0,4.26,,,
ablation_no_conservative,456,6300,0.0,4.26,,,
ablation_no_conservative,456,6400,0.0,4.26,,,
ablation_no_conservative,456,6500,0.0,4.26,,,
ablation_no_conservative,456,6600,0.0,4.26,,,
ablation_no_conservative,456,6700,0.0,4.26,,,
ablation_no_conservative,456,6800,0.0,4.26,,,
ablation_no_conservative,456,6900,0.0,4.26,,,
ablation_no_conservative,456,7000,0.0,4.26,,,
ablation_no_conservative,456,7100,0.0,4.26,,,
ablation_no_conservative,456,7200,0.0,4.26,,,
ablation_no_conservative,456,7300,0.0,4.26,,,
ablation_no_conservative,456,7400,0.0,4.26,,,
ablation_no_conservative,456,7500,0.0,4.26,,,
ablation_no_conservative,456,7600,0.0,4.26,,,
ablation_no_conservative,456,7700,0.0,4.26,,,
ablation_no_conservative,456,7800,0.0,4.26,,,
ablation_no_conservative,456,7900,0.0,4.26,,,
ablation_no_conservative,456,8000,0.0,4.26,,,
ablation_no_conservative,456,8100,0.0,4.26,,,
ablation_no_conservative,456,8200,0.0,4.26,,,
ablation_no_conservative,456,8300,0.0,4.26,,,
ablation_no_conservative,456,8400,0.0,4.26,,,
ablation_no_conservative,456,8500,0.0,4.26,,,
ablation_no_conservative,456,8600,0.0,4.26,,,
ablation_no_conservative,456,8700,0.0,4.26,,,
ablation_no_conservative,456,8800,0.0,4.26,,,
ablation_no_conservative,456,8900,0.0,4.26,,,
ablation_no_conservative,456,9000,0.0,4.26,,,
ablation_no_conservative,456,9100,0.0,4.26,,,
ablation_no_conservative,456,9200,0.0,4.26,,,
ablation_no_conservative,456,9300,0.0,4.26,,,
ablation_no_conservative,456,9400,0.0,4.26,,,
ablation_no_conservative,456,9500,0.0,4.26,,,
ablation_no_conservative,456,9600,0.0,4.26,,,
ablation_no_conservative,456,9700,0.0,4.26,,,
ablation_no_conservative,456,9800,0.0,4.26,,,
ablation_no_conservative,456,9900,0.0,4.26,,,
ablation_no_conservative,456,10000,0.0,4.26,,,
ablation_no_conservative,456,10100,0.0,4.26,,,
ablation_no_conservative,456,10200,0.0,4.26,,,
ablation_no_conservative,456,10300,0.0,4.26,,,
ablation_no_conservative,456,10400,0.0,4.26,,,
ablation_no_conservative,456,10500,0.0,4.26,,,
ablation_no_conservative,456,10600,0.0,4.26,,,
ablation_no_conservative,456,10700,0.0,4.26,,,
ablation_no_conservative,456,10800,0.0,4.26,,,
ablation_no_conservative,456,10900,0.0,4.26,,,
ablation_no_conservative,456,11000,0.0,4.26,,,
ablation_no_conservative,456,11100,0.0,4.26,,,
ablation_no_conservative,456,11200,0.0,4.26,,,
ablation_no_conservative,456,11300,0.0,4.26,,,
ablation_no_conservative,456,11400,0.0,4.26,,,
ablation_no_conservative,456,11500,0.0,4.26,,,
ablation_no_conservative,456,11600,0.0,4.26,,,
ablation_no_conservative,456,11700,0.0,4.26,,,
ablation_no_conservative,456,11800,0.0,4.26,,,
ablation_no_conservative,456,11900,0.0,4.26,,,
ablation_no_conservative,456,12000,0.0,4.26,,,
ablation_no_conservative,456,12100,0.0,4.26,,,
ablation_no_conservative,456,12200,0.0,4.26,,,
ablation_no_conservative,456,12300,0.0,4.26,,,
ablation_no_conservative,456,12400,0.0,4.26,,,
ablation_no_conservative,456,12500,0.0,4.26,,,
ablation_no_conservative,456,12600,0.0,4.26,,,
ablation_no_conservative,456,12700,0.0,4.26,,,
ablation_no_conservative,456,12800,0.0,4.26,,,
ablation_no_conservative,456,12900,0.0,4.26,,,
ablation_no_conservative,456,13000,0.0,4.26,,,
ablation_no_conservative,456,13100,0.0,4.26,,,
ablation_no_conservative,456,13200,0.0,4.26,,,
ablation_no_conservative,456,13300,0.0,4.26,,,
ablation_no_conservative,456,13400,0.0,4.26,,,
ablation_no_conservative,456,13500,0.0,4.26,,,
ablation_no_conservative,456,13600,0.0,4.26,,,
ablation_no_conservative,456,13700,0.0,4.26,,,
ablation_no_conservative,456,13800,0.0,4.26,,,
ablation_no_conservative,456,13900,0.0,4.26,,,
ablation_no_conservative,456,14000,0.0,4.26,,,
ablation_no_conservative,456,14100,0.0,4.26,,,
ablation_no_conservative,456,14200,0.0,4.26,,,
ablation_no_conservative,456,14300,0.0,4.26,,,
ablation_no_conservative,456,14400,0.0,4.26,,,
ablation_no_conservative,456,14500,0.0,4.26,,,
ablation_no_conservative,456,14600,0.0,4.26,,,
ablation_no_conservative,456,14700,0.0,4.26,,,
ablation_no_conservative,456,14800,0.0,4.26,,,
ablation_no_conservative,456,14900,0.0,4.26,,,
ablation_no_conservative,456,15000,0.0,4.26,,,
ablation_no_conservative,456,15100,0.0,4.26,,,
ablation_no_conservative,456,15200,0.0,4.26,,,
ablation_no_conservative,456,15300,0.0,4.26,,,
ablation_no_conservative,456,15400,0.0,4.26,,,
ablation_no_conservative,456,15500,0.0,4.26,,,
ablation_no_conservative,456,15600,0.0,4.26,,,
ablation_no_conservative,456,15700,0.0,4.26,,,
ablation_no_conservative,456,15800,0.0,4.26,,,
ablation_no_conservative,456,15900,0.0,4.26,,,
ablation_no_conservative,456,16000,0.0,4.26,,,
ablation_no_conservative,456,16100,0.0,4.26,,,
ablation_no_conservative,456,16200,0.0,4.26,,,
ablation_no_conservative,456,16300,0.0,4.26,,,
ablation_no_conservative,456,16400,0.0,4.26,,,
ablation_no_conservative,456,16500,0.0,4.26,,,
ablation_no_conservative,456,16600,0.0,4.26,,,
ablation_no_conservative,456,16700,0.0,4.26,,,
ablation_no_conservative,456,16800,0.0,4.26,,,
ablation_no_conservative,456,16900,0.0,4.26,,,
ablation_no_conservative,456,17000,0.0,4.26,,,
ablation_no_conservative,456,17100,0.0,4.26,,,
ablation_no_conservative,456,17200,0.0,4.26,,,
ablation_no_conservative,456,17300,0.0,4.26,,,
ablation_no_conservative,456,17400,0.0,4.26,,,
ablation_no_conservative,456,17500,0.0,4.26,,,
ablation_no_conservative,456,17600,0.0,4.26,,,
ablation_no_conservative,456,17700,0.0,4.26,,,
ablation_no_conservative,456,17800,0.0,4.26,,,
ablation_no_conservative,456,17900,0.0,4.26,,,
ablation_no_conservative,456,18000,0.0,4.26,,,
ablation_no_conservative,456,18100,0.0,4.26,,,
ablation_no_conservative,456,18200,0.0,4.26,,,
ablation_no_conservative,456,18300,0.0,4.26,,,
ablation_no_conservative,456,18400,0.0,4.26,,,
ablation_no_conservative,456,18500,0.0,4.26,,,
ablation_no_conservative,456,18600,0.0,4.26,,,
ablation_no_conservative,456,18700,0.0,4.26,,,
ablation_no_conservative,456,18800,0.0,4.26,,,
ablation_no_conservative,456,18900,0.0,4.26,,,
ablation_no_conservative,456,19000,0.0,4.26,,,
ablation_no_conservative,456,19100,0.0,4.26,,,
ablation_no_conservative,456,19200,0.0,4.26,,,
ablation_no_conservative,456,19300,0.0,4.26,,,
ablation_no_conservative,456,19400,0.0,4.5,,,
ablation_no_conservative,456,19500,0.0,4.62,,,
ablation_no_conservative,456,19600,0.0,4.62,,,
ablation_no_conservative,456,19700,0.0,4.62,,,
ablation_no_conservative,456,19800,0.0,4.62,,,
ablation_no_conservative,456,19900,0.0,4.62,,,
ablation_no_conservative,456,20000,0.0,4.62,,,
a2c,42,100,0.0,6.0,,,
a2c,42,200,0.0,6.26,,,
a2c,42,300,0.0,6.28,,,
a2c,42,400,0.0,6.64,,,
a2c,42,500,0.0,6.06,,,
a2c,42,600,0.0,6.18,,,
a2c,42,700,0.0,6.36,,,
a2c,42,800,0.0,5.32,,,
a2c,42,900,0.0,5.48,,,
a2c,42,1000,0.0,4.72,,,
a2c,42,1100,0.0,4.66,,,
a2c,42,1200,0.0,5.06,,,
a2c,42,1300,0.0,4.6,,,
a2c,42,1400,0.0,4.16,,,
a2c,42,1500,0.0,4.04,,,
a2c,42,1600,0.0,5.18,,,
a2c,42,1700,0.0,5.98,,,
a2c,42,1800,0.0,5.92,,,
a2c,42,1900,0.0,5.36,,,
a2c,42,2000,0.0,4.98,,,
a2c,42,2100,0.0,5.08,,,
a2c,42,2200,0.0,5.2,,,
a2c,42,2300,0.0,5.2,,,
a2c,42,2400,0.0,5.22,,,
a2c,42,2500,0.0,4.66,,,
a2c,42,2600,0.0,4.66,,,
a2c,42,2700,0.0,4.42,,,
a2c,42,2800,0.0,4.22,,,
a2c,42,2900,0.0,4.42,,,
a2c,42,3000,0.0,5.22,,,
a2c,42,3100,0.0,5.22,,,
a2c,42,3200,0.0,4.76,,,
a2c,42,3300,0.0,4.42,,,
a2c,42,3400,0.0,4.36,,,
a2c,42,3500,0.0,4.24,,,
a2c,42,3600,0.0,4.42,,,
a2c,42,3700,0.0,4.26,,,
a2c,42,3800,0.0,3.72,,,
a2c,42,3900,0.0,3.06,,,
a2c,42,4000,0.0,3.28,,,
a2c,42,4100,0.0,4.08,,,
a2c,42,4200,0.0,4.78,,,
a2c,42,4300,0.0,4.62,,,
a2c,42,4400,0.0,3.7,,,
a2c,42,4500,0.0,2.36,,,
a2c,42,4600,0.0,2.2,,,
a2c,42,4700,0.0,-0.46,,,
a2c,42,4800,0.0,2.58,,,
a2c,42,4900,0.0,1.16,,,
a2c,42,5000,0.0,-3.2,,,
a2c,42,5100,0.0,-3.5,,,
a2c,42,5200,0.0,-4.32,,,
a2c,42,5300,0.0,-3.52,,,
a2c,42,5400,0.0,-2.86,,,
a2c,42,5500,0.0,-1.56,,,
a2c,42,5600,0.0,1.12,,,
a2c,42,5700,0.0,0.08,,,
a2c,42,5800,0.0,3.52,,,
a2c,42,5900,0.0,1.28,,,
a2c,42,6000,0.0,4.5,,,
a2c,42,6100,0.0,5.22,,,
a2c,42,6200,0.0,5.12,,,
a2c,42,6300,0.0,5.56,,,
a2c,42,6400,0.0,6.04,,,
a2c,42,6500,0.0,6.02,,,
a2c,42,6600,0.0,6.24,,,
a2c,42,6700,0.0,6.66,,,
a2c,42,6800,0.0,6.76,,,
a2c,42,6900,0.0,6.78,,,
a2c,42,7000,0.0,6.72,,,
a2c,42,7100,0.0,6.74,,,
a2c,42,7200,0.0,6.7,,,
a2c,42,7300,0.0,6.28,,,
a2c,42,7400,0.0,6.0,,,
a2c,42,7500,0.0,5.76,,,
a2c,42,7600,0.0,5.56,,,
a2c,42,7700,0.0,5.56,,,
a2c,42,7800,0.0,6.02,,,
a2c,42,7900,0.0,6.06,,,
a2c,42,8000,0.0,5.62,,,
a2c,42,8100,0.0,5.26,,,
a2c,42,8200,0.0,5.32,,,
a2c,42,8300,0.0,4.56,,,
a2c,42,8400,0.0,4.68,,,
a2c,42,8500,0.0,4.9,,,
a2c,42,8600,0.0,4.98,,,
a2c,42,8700,0.0,4.76,,,
a2c,42,8800,0.0,5.1,,,
a2c,42,8900,0.0,5.3,,,
a2c,42,9000,0.0,5.52,,,
a2c,42,9100,0.0,5.44,,,
a2c,42,9200,0.0,5.76,,,
a2c,42,9300,0.0,5.78,,,
a2c,42,9400,0.0,5.9,,,
a2c,42,9500,0.0,5.72,,,
a2c,42,9600,0.0,5.9,,,
a2c,42,9700,0.0,5.9,,,
a2c,42,9800,0.0,6.0,,,
a2c,42,9900,0.0,5.84,,,
a2c,42,10000,0.0,5.74,,,
a2c,42,10100,0.0,5.88,,,
a2c,42,10200,0.0,6.24,,,
a2c,42,10300,0.0,6.48,,,
a2c,42,10400,0.0,6.42,,,
a2c,42,10500,0.0,6.34,,,
a2c,42,10600,0.0,6.36,,,
a2c,42,10700,0.0,6.5,,,
a2c,42,10800,0.0,6.28,,,
a2c,42,10900,0.0,6.44,,,
a2c,42,11000,0.0,6.28,,,
a2c,42,11100,0.0,6.38,,,
a2c,42,11200,0.0,5.64,,,
a2c,42,11300,0.0,5.58,,,
a2c,42,11400,0.0,5.44,,,
a2c,42,11500,0.0,5.32,,,
a2c,42,11600,0.0,5.28,,,
a2c,42,11700,0.0,5.44,,,
a2c,42,11800,0.0,5.12,,,
a2c,42,11900,0.0,5.0,,,
a2c,42,12000,0.0,5.06,,,
a2c,42,12100,0.0,5.18,,,
a2c,42,12200,0.0,5.34,,,
a2c,42,12300,0.0,5.32,,,
a2c,42,12400,0.0,5.48,,,
a2c,42,12500,0.0,5.46,,,
a2c,42,12600,0.0,5.46,,,
a2c,42,12700,0.0,5.44,,,
a2c,42,12800,0.0,5.4,,,
a2c,42,12900,0.0,5.36,,,
a2c,42,13000,0.0,5.58,,,
a2c,42,13100,0.0,5.76,,,
a2c,42,13200,0.0,6.08,,,
a2c,42,13300,0.0,6.24,,,
a2c,42,13400,0.0,6.16,,,
a2c,42,13500,0.0,6.42,,,
a2c,42,13600,0.0,6.5,,,
a2c,42,13700,0.0,6.5,,,
a2c,42,13800,0.0,6.48,,,
a2c,42,13900,0.0,6.36,,,
a2c,42,14000,0.0,6.24,,,
a2c,42,14100,0.0,5.56,,,
a2c,42,14200,0.0,5.74,,,
a2c,42,14300,0.0,5.82,,,
a2c,42,14400,0.0,5.66,,,
a2c,42,14500,0.0,5.38,,,
a2c,42,14600,0.0,5.68,,,
a2c,42,14700,0.0,6.06,,,
a2c,42,14800,0.0,6.06,,,
a2c,42,14900,0.0,5.96,,,
a2c,42,15000,0.0,5.86,,,
a2c,42,15100,0.0,5.48,,,
a2c,42,15200,0.0,5.36,,,
a2c,42,15300,0.0,5.58,,,
a2c,42,15400,0.0,5.38,,,
a2c,42,15500,0.0,5.3,,,
a2c,42,15600,0.0,5.44,,,
a2c,42,15700,0.0,5.42,,,
a2c,42,15800,0.0,5.42,,,
a2c,42,15900,0.0,5.34,,,
a2c,42,16000,0.0,5.34,,,
a2c,42,16100,0.0,5.34,,,
a2c,42,16200,0.0,5.36,,,
a2c,42,16300,0.0,5.52,,,
a2c,42,16400,0.0,5.16,,,
a2c,42,16500,0.0,5.5,,,
a2c,42,16600,0.0,5.62,,,
a2c,42,16700,0.0,5.94,,,
a2c,42,16800,0.0,5.82,,,
a2c,42,16900,0.0,5.96,,,
a2c,42,17000,0.0,6.24,,,
a2c,42,17100,0.0,6.28,,,
a2c,42,17200,0.0,6.14,,,
a2c,42,17300,0.0,6.34,,,
a2c,42,17400,0.0,5.64,,,
a2c,42,17500,0.0,5.48,,,
a2c,42,17600,0.0,5.52,,,
a2c,42,17700,0.0,5.52,,,
a2c,42,17800,0.0,5.18,,,
a2c,42,17900,0.0,5.5,,,
a2c,42,18000,0.0,5.42,,,
a2c,42,18100,0.0,5.36,,,
a2c,42,18200,0.0,5.12,,,
a2c,42,18300,0.0,5.34,,,
a2c,42,18400,0.0,5.5,,,
a2c,42,18500,0.0,5.3,,,
a2c,42,18600,0.0,5.02,,,
a2c,42,18700,0.0,5.32,,,
a2c,42,18800,0.0,5.18,,,
a2c,42,18900,0.0,5.14,,,
a2c,42,19000,0.0,5.06,,,
a2c,42,19100,0.0,5.18,,,
a2c,42,19200,0.0,4.9,,,
a2c,42,19300,0.0,5.14,,,
a2c,42,19400,0.0,5.78,,,
a2c,42,19500,0.0,5.78,,,
a2c,42,19600,0.0,5.6,,,
a2c,42,19700,0.0,5.78,,,
a2c,42,19800,0.0,5.7,,,
a2c,42,19900,0.0,5.62,,,
a2c,42,20000,0.0,5.68,,,
a2c,123,100,0.0,6.38,,,
a2c,123,200,0.0,6.08,,,
a2c,123,300,0.0,5.68,,,
a2c,123,400,0.0,5.86,,,
a2c,123,500,0.0,5.06,,,
a2c,123,600,0.0,5.58,,,
a2c,123,700,0.0,5.58,,,
a2c,123,800,0.0,6.16,,,
a2c,123,900,0.0,6.4,,,
a2c,123,1000,0.0,5.54,,,
a2c,123,1100,0.0,6.02,,,
a2c,123,1200,0.0,5.18,,,
a2c,123,1300,0.0,5.42,,,
a2c,123,1400,0.0,4.42,,,
a2c,123,1500,0.0,4.72,,,
a2c,123,1600,0.0,5.82,,,
a2c,123,1700,0.0,6.84,,,
a2c,123,1800,0.0,4.7,,,
a2c,123,1900,0.0,5.14,,,
a2c,123,2000,0.0,5.66,,,
a2c,123,2100,0.0,5.58,,,
a2c,123,2200,0.0,5.4,,,
a2c,123,2300,0.0,5.38,,,
a2c,123,2400,0.0,6.44,,,
a2c,123,2500,0.0,5.5,,,
a2c,123,2600,0.0,5.86,,,
a2c,123,2700,0.0,6.72,,,
a2c,123,2800,0.0,7.66,,,
a2c,123,2900,0.0,7.34,,,
a2c,123,3000,0.0,7.34,,,
a2c,123,3100,0.0,7.26,,,
a2c,123,3200,0.0,5.7,,,
a2c,123,3300,0.0,5.48,,,
a2c,123,3400,0.0,4.9,,,
a2c,123,3500,0.0,4.0,,,
a2c,123,3600,0.0,4.5,,,
a2c,123,3700,0.0,3.9,,,
a2c,123,3800,0.0,3.5,,,
a2c,123,3900,0.0,3.2,,,
a2c,123,4000,0.0,3.84,,,
a2c,123,4100,0.0,4.24,,,
a2c,123,4200,0.0,3.54,,,
a2c,123,4300,0.0,4.14,,,
a2c,123,4400,0.0,4.14,,,
a2c,123,4500,0.0,4.6,,,
a2c,123,4600,0.0,4.96,,,
a2c,123,4700,0.0,5.32,,,
a2c,123,4800,0.0,5.2,,,
a2c,123,4900,0.0,5.3,,,
a2c,123,5000,0.0,6.04,,,
a2c,123,5100,0.0,6.56,,,
a2c,123,5200,0.0,6.82,,,
a2c,123,5300,0.0,7.32,,,
a2c,123,5400,0.0,7.88,,,
a2c,123,5500,0.0,8.74,,,
a2c,123,5600,0.0,8.86,,,
a2c,123,5700,0.0,8.92,,,
a2c,123,5800,0.0,8.98,,,
a2c,123,5900,0.0,8.74,,,
a2c,123,6000,0.0,9.18,,,
a2c,123,6100,0.0,8.98,,,
a2c,123,6200,0.0,8.86,,,
a2c,123,6300,0.0,9.12,,,
a2c,123,6400,0.0,9.18,,,
a2c,123,6500,0.0,9.06,,,
a2c,123,6600,0.0,9.1,,,
a2c,123,6700,0.0,6.66,,,
a2c,123,6800,0.0,9.32,,,
a2c,123,6900,0.0,9.08,,,
a2c,123,7000,0.0,9.38,,,
a2c,123,7100,0.0,6.56,,,
a2c,123,7200,0.0,9.34,,,
a2c,123,7300,0.0,9.48,,,
a2c,123,7400,0.0,9.48,,,
a2c,123,7500,0.0,9.56,,,
a2c,123,7600,0.0,9.52,,,
a2c,123,7700,0.0,9.58,,,
a2c,123,7800,0.0,9.56,,,
a2c,123,7900,0.0,8.56,,,
a2c,123,8000,0.0,7.06,,,
a2c,123,8100,0.0,9.64,,,
a2c,123,8200,0.0,9.74,,,
a2c,123,8300,0.0,9.64,,,
a2c,123,8400,0.0,9.74,,,
a2c,123,8500,0.0,9.74,,,
a2c,123,8600,0.0,9.74,,,
a2c,123,8700,0.0,9.74,,,
a2c,123,8800,0.0,9.74,,,
a2c,123,8900,0.0,9.74,,,
a2c,123,9000,0.0,9.74,,,
a2c,123,9100,0.0,9.74,,,
a2c,123,9200,0.0,9.74,,,
a2c,123,9300,0.0,9.78,,,
a2c,123,9400,0.0,9.68,,,
a2c,123,9500,0.0,9.76,,,
a2c,123,9600,0.0,9.74,,,
a2c,123,9700,0.0,9.76,,,
a2c,123,9800,0.0,9.76,,,
a2c,123,9900,0.0,9.74,,,
a2c,123,10000,0.0,9.74,,,
a2c,123,10100,0.0,9.74,,,
a2c,123,10200,0.0,9.74,,,
a2c,123,10300,0.0,9.74,,,
a2c,123,10400,0.0,9.74,,,
a2c,123,10500,0.0,9.74,,,
a2c,123,10600,0.0,9.74,,,
a2c,123,10700,0.0,9.74,,,
a2c,123,10800,0.0,9.74,,,
a2c,123,10900,0.0,9.74,,,
a2c,123,11000,0.0,9.62,,,
a2c,123,11100,0.0,8.52,,,
a2c,123,11200,0.0,9.74,,,
a2c,123,11300,0.0,9.74,,,
a2c,123,11400,0.0,9.74,,,
a2c,123,11500,0.0,9.74,,,
a2c,123,11600,0.0,9.76,,,
a2c,123,11700,0.0,9.76,,,
a2c,123,11800,0.0,9.76,,,
a2c,123,11900,0.0,9.74,,,
a2c,123,12000,0.0,9.74,,,
a2c,123,12100,0.0,9.74,,,
a2c,123,12200,0.0,9.74,,,
a2c,123,12300,0.0,9.74,,,
a2c,123,12400,0.0,9.74,,,
a2c,123,12500,0.0,9.74,,,
a2c,123,12600,0.0,9.74,,,
a2c,123,12700,0.0,9.74,,,
a2c,123,12800,0.0,9.74,,,
a2c,123,12900,0.0,9.74,,,
a2c,123,13000,0.0,9.74,,,
a2c,123,13100,0.0,9.74,,,
a2c,123,13200,0.0,9.74,,,
a2c,123,13300,0.0,9.74,,,
a2c,123,13400,0.0,9.74,,,
a2c,123,13500,0.0,9.74,,,
a2c,123,13600,0.0,9.74,,,
a2c,123,13700,0.0,9.74,,,
a2c,123,13800,0.0,9.74,,,
a2c,123,13900,0.0,9.74,,,
a2c,123,14000,0.0,9.74,,,
a2c,123,14100,0.0,9.74,,,
a2c,123,14200,0.0,9.58,,,
a2c,123,14300,0.0,9.1,,,
a2c,123,14400,0.0,9.02,,,
a2c,123,14500,0.0,8.62,,,
a2c,123,14600,0.0,8.36,,,
a2c,123,14700,0.0,8.36,,,
a2c,123,14800,0.0,8.52,,,
a2c,123,14900,0.0,8.1,,,
a2c,123,15000,0.0,8.1,,,
a2c,123,15100,0.0,8.22,,,
a2c,123,15200,0.0,8.12,,,
a2c,123,15300,0.0,8.12,,,
a2c,123,15400,0.0,7.74,,,
a2c,123,15500,0.0,7.78,,,
a2c,123,15600,0.0,7.92,,,
a2c,123,15700,0.0,7.66,,,
a2c,123,15800,0.0,7.96,,,
a2c,123,15900,0.0,7.66,,,
a2c,123,16000,0.0,7.62,,,
a2c,123,16100,0.0,7.94,,,
a2c,123,16200,0.0,7.9,,,
a2c,123,16300,0.0,8.14,,,
a2c,123,16400,0.0,7.96,,,
a2c,123,16500,0.0,7.46,,,
a2c,123,16600,0.0,7.06,,,
a2c,123,16700,0.0,7.3,,,
a2c,123,16800,0.0,6.94,,,
a2c,123,16900,0.0,7.18,,,
a2c,123,17000,0.0,6.98,,,
a2c,123,17100,0.0,7.18,,,
a2c,123,17200,0.0,7.32,,,
a2c,123,17300,0.0,7.32,,,
a2c,123,17400,0.0,7.5,,,
a2c,123,17500,0.0,7.24,,,
a2c,123,17600,0.0,7.28,,,
a2c,123,17700,0.0,7.28,,,
a2c,123,17800,0.0,7.16,,,
a2c,123,17900,0.0,7.0,,,
a2c,123,18000,0.0,7.42,,,
a2c,123,18100,0.0,7.36,,,
a2c,123,18200,0.0,6.92,,,
a2c,123,18300,0.0,7.08,,,
a2c,123,18400,0.0,7.42,,,
a2c,123,18500,0.0,7.52,,,
a2c,123,18600,0.0,7.2,,,
a2c,123,18700,0.0,7.2,,,
a2c,123,18800,0.0,7.2,,,
a2c,123,18900,0.0,7.36,,,
a2c,123,19000,0.0,7.04,,,
a2c,123,19100,0.0,7.1,,,
a2c,123,19200,0.0,7.12,,,
a2c,123,19300,0.0,7.08,,,
a2c,123,19400,0.0,7.22,,,
a2c,123,19500,0.0,7.22,,,
a2c,123,19600,0.0,7.22,,,
a2c,123,19700,0.0,7.22,,,
a2c,123,19800,0.0,7.24,,,
a2c,123,19900,0.0,7.24,,,
a2c,123,20000,0.0,7.28,,,
a2c,456,100,0.0,5.84,,,
a2c,456,200,0.0,5.66,,,
a2c,456,300,0.0,5.54,,,
a2c,456,400,0.0,5.66,,,
a2c,456,500,0.0,5.6,,,
a2c,456,600,0.0,5.86,,,
a2c,456,700,0.0,5.96,,,
a2c,456,800,0.0,5.74,,,
a2c,456,900,0.0,6.12,,,
a2c,456,1000,0.0,6.16,,,
a2c,456,1100,0.0,5.58,,,
a2c,456,1200,0.0,4.52,,,
a2c,456,1300,0.0,4.18,,,
a2c,456,1400,0.0,4.46,,,
a2c,456,1500,0.0,5.06,,,
a2c,456,1600,0.0,5.42,,,
a2c,456,1700,0.0,4.28,,,
a2c,456,1800,0.0,4.74,,,
a2c,456,1900,0.0,4.26,,,
a2c,456,2000,0.0,3.9,,,
a2c,456,2100,0.0,4.34,,,
a2c,456,2200,0.0,4.62,,,
a2c,456,2300,0.0,4.7,,,
a2c,456,2400,0.0,5.1,,,
a2c,456,2500,0.0,4.96,,,
a2c,456,2600,0.0,4.16,,,
a2c,456,2700,0.0,4.4,,,
a2c,456,2800,0.0,3.62,,,
a2c,456,2900,0.0,3.66,,,
a2c,456,3000,0.0,3.74,,,
a2c,456,3100,0.0,3.48,,,
a2c,456,3200,0.0,2.02,,,
a2c,456,3300,0.0,2.1,,,
a2c,456,3400,0.0,2.24,,,
a2c,456,3500,0.0,3.04,,,
a2c,456,3600,0.0,2.26,,,
a2c,456,3700,0.0,2.3,,,
a2c,456,3800,0.0,1.56,,,
a2c,456,3900,0.0,1.14,,,
a2c,456,4000,0.0,0.76,,,
a2c,456,4100,0.0,0.08,,,
a2c,456,4200,0.0,-0.26,,,
a2c,456,4300,0.0,-0.16,,,
a2c,456,4400,0.0,0.2,,,
a2c,456,4500,0.0,0.34,,,
a2c,456,4600,0.0,0.32,,,
a2c,456,4700,0.0,0.68,,,
a2c,456,4800,0.0,0.66,,,
a2c,456,4900,0.0,0.56,,,
a2c,456,5000,0.0,0.12,,,
a2c,456,5100,0.0,0.76,,,
a2c,456,5200,0.0,2.52,,,
a2c,456,5300,0.0,4.24,,,
a2c,456,5400,0.0,4.3,,,
a2c,456,5500,0.0,4.4,,,
a2c,456,5600,0.0,4.64,,,
a2c,456,5700,0.0,4.24,,,
a2c,456,5800,0.0,2.78,,,
a2c,456,5900,0.0,1.82,,,
a2c,456,6000,0.0,-0.52,,,
a2c,456,6100,0.0,-0.36,,,
a2c,456,6200,0.0,-0.48,,,
a2c,456,6300,0.0,-0.8,,,
a2c,456,6400,0.0,-0.68,,,
a2c,456,6500,0.0,0.28,,,
a2c,456,6600,0.0,0.76,,,
a2c,456,6700,0.0,2.3,,,
a2c,456,6800,0.0,1.96,,,
a2c,456,6900,0.0,2.52,,,
a2c,456,7000,0.0,2.34,,,
a2c,456,7100,0.0,2.64,,,
a2c,456,7200,0.0,3.2,,,
a2c,456,7300,0.0,3.9,,,
a2c,456,7400,0.0,4.2,,,
a2c,456,7500,0.0,4.5,,,
a2c,456,7600,0.0,4.4,,,
a2c,456,7700,0.0,4.66,,,
a2c,456,7800,0.0,4.54,,,
a2c,456,7900,0.0,4.52,,,
a2c,456,8000,0.0,4.44,,,
a2c,456,8100,0.0,4.12,,,
a2c,456,8200,0.0,4.38,,,
a2c,456,8300,0.0,4.38,,,
a2c,456,8400,0.0,2.26,,,
a2c,456,8500,0.0,2.66,,,
a2c,456,8600,0.0,2.0,,,
a2c,456,8700,0.0,2.28,,,
a2c,456,8800,0.0,1.14,,,
a2c,456,8900,0.0,1.12,,,
a2c,456,9000,0.0,1.0,,,
a2c,456,9100,0.0,1.7,,,
a2c,456,9200,0.0,1.46,,,
a2c,456,9300,0.0,1.52,,,
a2c,456,9400,0.0,1.38,,,
a2c,456,9500,0.0,1.36,,,
a2c,456,9600,0.0,1.56,,,
a2c,456,9700,0.0,1.74,,,
a2c,456,9800,0.0,1.98,,,
a2c,456,9900,0.0,1.62,,,
a2c,456,10000,0.0,-0.02,,,
a2c,456,10100,0.0,-0.14,,,
a2c,456,10200,0.0,0.96,,,
a2c,456,10300,0.0,0.38,,,
a2c,456,10400,0.0,0.56,,,
a2c,456,10500,0.0,1.52,,,
a2c,456,10600,0.0,1.86,,,
a2c,456,10700,0.0,2.38,,,
a2c,456,10800,0.0,2.4,,,
a2c,456,10900,0.0,2.46,,,
a2c,456,11000,0.0,2.56,,,
a2c,456,11100,0.0,2.1,,,
a2c,456,11200,0.0,2.42,,,
a2c,456,11300,0.0,2.7,,,
a2c,456,11400,0.0,2.14,,,
a2c,456,11500,0.0,1.78,,,
a2c,456,11600,0.0,1.62,,,
a2c,456,11700,0.0,1.12,,,
a2c,456,11800,0.0,1.04,,,
a2c,456,11900,0.0,0.2,,,
a2c,456,12000,0.0,-1.02,,,
a2c,456,12100,0.0,-0.96,,,
a2c,456,12200,0.0,-0.06,,,
a2c,456,12300,0.0,0.26,,,
a2c,456,12400,0.0,0.76,,,
a2c,456,12500,0.0,1.26,,,
a2c,456,12600,0.0,1.42,,,
a2c,456,12700,0.0,1.98,,,
a2c,456,12800,0.0,1.46,,,
a2c,456,12900,0.0,0.98,,,
a2c,456,13000,0.0,1.4,,,
a2c,456,13100,0.0,2.14,,,
a2c,456,13200,0.0,2.74,,,
a2c,456,13300,0.0,2.12,,,
a2c,456,13400,0.0,2.3,,,
a2c,456,13500,0.0,2.5,,,
a2c,456,13600,0.0,3.08,,,
a2c,456,13700,0.0,3.22,,,
a2c,456,13800,0.0,3.8,,,
a2c,456,13900,0.0,3.94,,,
a2c,456,14000,0.0,3.9,,,
a2c,456,14100,0.0,4.58,,,
a2c,456,14200,0.0,4.34,,,
a2c,456,14300,0.0,4.78,,,
a2c,456,14400,0.0,4.74,,,
a2c,456,14500,0.0,4.6,,,
a2c,456,14600,0.0,4.8,,,
a2c,456,14700,0.0,5.0,,,
a2c,456,14800,0.0,5.2,,,
a2c,456,14900,0.0,5.34,,,
a2c,456,15000,0.0,5.24,,,
a2c,456,15100,0.0,5.58,,,
a2c,456,15200,0.0,5.72,,,
a2c,456,15300,0.0,6.1,,,
a2c,456,15400,0.0,6.2,,,
a2c,456,15500,0.0,6.1,,,
a2c,456,15600,0.0,5.96,,,
a2c,456,15700,0.0,5.96,,,
a2c,456,15800,0.0,6.2,,,
a2c,456,15900,0.0,5.96,,,
a2c,456,16000,0.0,6.08,,,
a2c,456,16100,0.0,6.3,,,
a2c,456,16200,0.0,6.68,,,
a2c,456,16300,0.0,6.48,,,
a2c,456,16400,0.0,6.5,,,
a2c,456,16500,0.0,6.72,,,
a2c,456,16600,0.0,6.82,,,
a2c,456,16700,0.0,6.7,,,
a2c,456,16800,0.0,6.8,,,
a2c,456,16900,0.0,6.66,,,
a2c,456,17000,0.0,6.76,,,
a2c,456,17100,0.0,6.66,,,
a2c,456,17200,0.0,6.8,,,
a2c,456,17300,0.0,6.9,,,
a2c,456,17400,0.0,6.88,,,
a2c,456,17500,0.0,6.78,,,
a2c,456,17600,0.0,6.88,,,
a2c,456,17700,0.0,6.9,,,
a2c,456,17800,0.0,6.9,,,
a2c,456,17900,0.0,6.9,,,
a2c,456,18000,0.0,6.82,,,
a2c,456,18100,0.0,6.84,,,
a2c,456,18200,0.0,6.92,,,
a2c,456,18300,0.0,6.92,,,
a2c,456,18400,0.0,6.66,,,
a2c,456,18500,0.0,7.04,,,
a2c,456,18600,0.0,7.04,,,
a2c,456,18700,0.0,7.14,,,
a2c,456,18800,0.0,7.14,,,
a2c,456,18900,0.0,7.1,,,
a2c,456,19000,0.0,7.1,,,
a2c,456,19100,0.0,7.02,,,
a2c,456,19200,0.0,7.02,,,
a2c,456,19300,0.0,7.04,,,
a2c,456,19400,0.0,7.04,,,
a2c,456,19500,0.0,7.04,,,
a2c,456,19600,0.0,6.92,,,
a2c,456,19700,0.0,7.0,,,
a2c,456,19800,0.0,7.0,,,
a2c,456,19900,0.0,7.0,,,
a2c,456,20000,0.0,7.0,,,
dqn,42,100,0.0,7.08,,,
dqn,42,200,0.0,6.9,,,
dqn,42,300,0.0,6.94,,,
dqn,42,400,0.0,6.8,,,
dqn,42,500,0.0,7.26,,,
dqn,42,600,0.0,6.54,,,
dqn,42,700,0.0,5.82,,,
dqn,42,800,0.0,5.62,,,
dqn,42,900,0.0,4.98,,,
dqn,42,1000,0.0,5.7,,,
dqn,42,1100,0.0,5.68,,,
dqn,42,1200,0.0,5.78,,,
dqn,42,1300,0.0,5.74,,,
dqn,42,1400,0.0,5.96,,,
dqn,42,1500,0.0,6.3,,,
dqn,42,1600,0.0,6.18,,,
dqn,42,1700,0.0,4.9,,,
dqn,42,1800,0.0,4.62,,,
dqn,42,1900,0.0,4.36,,,
dqn,42,2000,0.0,4.92,,,
dqn,42,2100,0.0,4.58,,,
dqn,42,2200,0.0,4.4,,,
dqn,42,2300,0.0,4.32,,,
dqn,42,2400,0.0,4.64,,,
dqn,42,2500,0.0,4.46,,,
dqn,42,2600,0.0,4.3,,,
dqn,42,2700,0.0,4.86,,,
dqn,42,2800,0.0,4.94,,,
dqn,42,2900,0.0,5.0,,,
dqn,42,3000,0.0,4.88,,,
dqn,42,3100,0.0,4.82,,,
dqn,42,3200,0.0,4.64,,,
dqn,42,3300,0.0,4.46,,,
dqn,42,3400,0.0,5.78,,,
dqn,42,3500,0.0,5.38,,,
dqn,42,3600,0.0,5.7,,,
dqn,42,3700,0.0,5.0,,,
dqn,42,3800,0.0,4.7,,,
dqn,42,3900,0.0,4.94,,,
dqn,42,4000,0.0,4.44,,,
dqn,42,4100,0.0,4.84,,,
dqn,42,4200,0.0,4.78,,,
dqn,42,4300,0.0,5.42,,,
dqn,42,4400,0.0,5.04,,,
dqn,42,4500,0.0,4.82,,,
dqn,42,4600,0.0,5.38,,,
dqn,42,4700,0.0,5.1,,,
dqn,42,4800,0.0,4.9,,,
dqn,42,4900,0.0,5.06,,,
dqn,42,5000,0.0,4.52,,,
dqn,42,5100,0.0,4.58,,,
dqn,42,5200,0.0,5.14,,,
dqn,42,5300,0.0,4.7,,,
dqn,42,5400,0.0,4.84,,,
dqn,42,5500,0.0,4.92,,,
dqn,42,5600,0.0,5.4,,,
dqn,42,5700,0.0,5.8,,,
dqn,42,5800,0.0,5.92,,,
dqn,42,5900,0.0,5.78,,,
dqn,42,6000,0.0,4.74,,,
dqn,42,6100,0.0,5.2,,,
dqn,42,6200,0.0,5.1,,,
dqn,42,6300,0.0,5.12,,,
dqn,42,6400,0.0,4.94,,,
dqn,42,6500,0.0,5.02,,,
dqn,42,6600,0.0,5.66,,,
dqn,42,6700,0.0,6.52,,,
dqn,42,6800,0.0,6.46,,,
dqn,42,6900,0.0,6.26,,,
dqn,42,7000,0.0,6.38,,,
dqn,42,7100,0.0,6.66,,,
dqn,42,7200,0.0,7.42,,,
dqn,42,7300,0.0,7.24,,,
dqn,42,7400,0.0,6.94,,,
dqn,42,7500,0.0,7.76,,,
dqn,42,7600,0.0,7.84,,,
dqn,42,7700,0.0,7.76,,,
dqn,42,7800,0.0,5.52,,,
dqn,42,7900,0.0,8.44,,,
dqn,42,8000,0.0,7.1,,,
dqn,42,8100,0.0,8.0,,,
dqn,42,8200,0.0,6.24,,,
dqn,42,8300,0.0,7.2,,,
dqn,42,8400,0.0,5.74,,,
dqn,42,8500,0.0,6.26,,,
dqn,42,8600,0.0,8.12,,,
dqn,42,8700,0.0,8.66,,,
dqn,42,8800,0.0,8.54,,,
dqn,42,8900,0.0,5.38,,,
dqn,42,9000,0.0,8.12,,,
dqn,42,9100,0.0,5.38,,,
dqn,42,9200,0.0,6.18,,,
dqn,42,9300,0.0,8.96,,,
dqn,42,9400,0.0,9.08,,,
dqn,42,9500,0.0,8.4,,,
dqn,42,9600,0.0,7.74,,,
dqn,42,9700,0.0,5.74,,,
dqn,42,9800,0.0,7.36,,,
dqn,42,9900,0.0,5.98,,,
dqn,42,10000,0.0,6.1,,,
dqn,42,10100,0.0,6.18,,,
dqn,42,10200,0.0,7.54,,,
dqn,42,10300,0.0,7.84,,,
dqn,42,10400,0.0,7.88,,,
dqn,42,10500,0.0,6.32,,,
dqn,42,10600,0.0,8.84,,,
dqn,42,10700,0.0,5.5,,,
dqn,42,10800,0.0,8.64,,,
dqn,42,10900,0.0,8.92,,,
dqn,42,11000,0.0,9.26,,,
dqn,42,11100,0.0,8.94,,,
dqn,42,11200,0.0,6.88,,,
dqn,42,11300,0.0,7.66,,,
dqn,42,11400,0.0,7.72,,,
dqn,42,11500,0.0,8.82,,,
dqn,42,11600,0.0,8.74,,,
dqn,42,11700,0.0,8.3,,,
dqn,42,11800,0.0,9.16,,,
dqn,42,11900,0.0,6.24,,,
dqn,42,12000,0.0,5.24,,,
dqn,42,12100,0.0,7.64,,,
dqn,42,12200,0.0,8.52,,,
dqn,42,12300,0.0,8.68,,,
dqn,42,12400,0.0,6.38,,,
dqn,42,12500,0.0,9.38,,,
dqn,42,12600,0.0,8.74,,,
dqn,42,12700,0.0,9.06,,,
dqn,42,12800,0.0,8.72,,,
dqn,42,12900,0.0,8.24,,,
dqn,42,13000,0.0,5.6,,,
dqn,42,13100,0.0,6.7,,,
dqn,42,13200,0.0,5.94,,,
dqn,42,13300,0.0,7.32,,,
dqn,42,13400,0.0,5.86,,,
dqn,42,13500,0.0,7.82,,,
dqn,42,13600,0.0,6.34,,,
dqn,42,13700,0.0,8.34,,,
dqn,42,13800,0.0,5.76,,,
dqn,42,13900,0.0,8.46,,,
dqn,42,14000,0.0,6.0,,,
dqn,42,14100,0.0,7.72,,,
dqn,42,14200,0.0,7.58,,,
dqn,42,14300,0.0,5.92,,,
dqn,42,14400,0.0,8.56,,,
dqn,42,14500,0.0,5.94,,,
dqn,42,14600,0.0,8.62,,,
dqn,42,14700,0.0,5.62,,,
dqn,42,14800,0.0,6.88,,,
dqn,42,14900,0.0,7.64,,,
dqn,42,15000,0.0,5.56,,,
dqn,42,15100,0.0,8.66,,,
dqn,42,15200,0.0,8.44,,,
dqn,42,15300,0.0,7.98,,,
dqn,42,15400,0.0,7.92,,,
dqn,42,15500,0.0,7.58,,,
dqn,42,15600,0.0,7.58,,,
dqn,42,15700,0.0,7.9,,,
dqn,42,15800,0.0,7.64,,,
dqn,42,15900,0.0,7.44,,,
dqn,42,16000,0.0,7.16,,,
dqn,42,16100,0.0,6.34,,,
dqn,42,16200,0.0,6.52,,,
dqn,42,16300,0.0,6.54,,,
dqn,42,16400,0.0,6.08,,,
dqn,42,16500,0.0,5.64,,,
dqn,42,16600,0.0,5.62,,,
dqn,42,16700,0.0,5.08,,,
dqn,42,16800,0.0,5.64,,,
dqn,42,16900,0.0,4.52,,,
dqn,42,17000,0.0,5.08,,,
dqn,42,17100,0.0,5.76,,,
dqn,42,17200,0.0,5.6,,,
dqn,42,17300,0.0,5.16,,,
dqn,42,17400,0.0,5.34,,,
dqn,42,17500,0.0,5.04,,,
dqn,42,17600,0.0,5.22,,,
dqn,42,17700,0.0,5.3,,,
dqn,42,17800,0.0,4.86,,,
dqn,42,17900,0.0,5.1,,,
dqn,42,18000,0.0,5.08,,,
dqn,42,18100,0.0,5.56,,,
dqn,42,18200,0.0,6.68,,,
dqn,42,18300,0.0,6.02,,,
dqn,42,18400,0.0,6.28,,,
dqn,42,18500,0.0,6.16,,,
dqn,42,18600,0.0,5.38,,,
dqn,42,18700,0.0,5.24,,,
dqn,42,18800,0.0,5.02,,,
dqn,42,18900,0.0,5.7,,,
dqn,42,19000,0.0,5.78,,,
dqn,42,19100,0.0,5.52,,,
dqn,42,19200,0.0,5.66,,,
dqn,42,19300,0.0,5.76,,,
dqn,42,19400,0.0,5.28,,,
dqn,42,19500,0.0,5.54,,,
dqn,42,19600,0.0,5.48,,,
dqn,42,19700,0.0,5.66,,,
dqn,42,19800,0.0,5.2,,,
dqn,42,19900,0.0,5.18,,,
dqn,42,20000,0.0,5.1,,,
dqn,123,100,0.0,4.96,,,
dqn,123,200,0.0,5.78,,,
dqn,123,300,0.0,5.32,,,
dqn,123,400,0.0,6.18,,,
dqn,123,500,0.0,6.8,,,
dqn,123,600,0.0,5.44,,,
dqn,123,700,0.0,5.16,,,
dqn,123,800,0.0,5.04,,,
dqn,123,900,0.0,5.3,,,
dqn,123,1000,0.0,5.04,,,
dqn,123,1100,0.0,5.12,,,
dqn,123,1200,0.0,5.26,,,
dqn,123,1300,0.0,5.0,,,
dqn,123,1400,0.0,5.48,,,
dqn,123,1500,0.0,6.9,,,
dqn,123,1600,0.0,7.02,,,
dqn,123,1700,0.0,7.02,,,
dqn,123,1800,0.0,7.2,,,
dqn,123,1900,0.0,6.24,,,
dqn,123,2000,0.0,6.28,,,
dqn,123,2100,0.0,6.46,,,
dqn,123,2200,0.0,6.78,,,
dqn,123,2300,0.0,5.94,,,
dqn,123,2400,0.0,6.08,,,
dqn,123,2500,0.0,6.14,,,
dqn,123,2600,0.0,6.28,,,
dqn,123,2700,0.0,5.38,,,
dqn,123,2800,0.0,5.54,,,
dqn,123,2900,0.0,5.04,,,
dqn,123,3000,0.0,6.18,,,
dqn,123,3100,0.0,6.5,,,
dqn,123,3200,0.0,5.98,,,
dqn,123,3300,0.0,6.32,,,
dqn,123,3400,0.0,6.12,,,
dqn,123,3500,0.0,5.64,,,
dqn,123,3600,0.0,6.08,,,
dqn,123,3700,0.0,5.96,,,
dqn,123,3800,0.0,6.54,,,
dqn,123,3900,0.0,6.04,,,
dqn,123,4000,0.0,6.1,,,
dqn,123,4100,0.0,5.72,,,
dqn,123,4200,0.0,5.52,,,
dqn,123,4300,0.0,5.4,,,
dqn,123,4400,0.0,5.42,,,
dqn,123,4500,0.0,5.42,,,
dqn,123,4600,0.0,5.36,,,
dqn,123,4700,0.0,5.36,,,
dqn,123,4800,0.0,5.26,,,
dqn,123,4900,0.0,4.96,,,
dqn,123,5000,0.0,5.3,,,
dqn,123,5100,0.0,4.94,,,
dqn,123,5200,0.0,5.28,,,
dqn,123,5300,0.0,4.66,,,
dqn,123,5400,0.0,4.5,,,
dqn,123,5500,0.0,4.88,,,
dqn,123,5600,0.0,5.28,,,
dqn,123,5700,0.0,5.62,,,
dqn,123,5800,0.0,6.06,,,
dqn,123,5900,0.0,5.98,,,
dqn,123,6000,0.0,6.14,,,
dqn,123,6100,0.0,6.5,,,
dqn,123,6200,0.0,6.8,,,
dqn,123,6300,0.0,5.72,,,
dqn,123,6400,0.0,5.16,,,
dqn,123,6500,0.0,4.94,,,
dqn,123,6600,0.0,5.58,,,
dqn,123,6700,0.0,5.6,,,
dqn,123,6800,0.0,4.54,,,
dqn,123,6900,0.0,5.02,,,
dqn,123,7000,0.0,5.0,,,
dqn,123,7100,0.0,5.12,,,
dqn,123,7200,0.0,5.86,,,
dqn,123,7300,0.0,6.04,,,
dqn,123,7400,0.0,6.14,,,
dqn,123,7500,0.0,6.48,,,
dqn,123,7600,0.0,6.74,,,
dqn,123,7700,0.0,6.56,,,
dqn,123,7800,0.0,6.68,,,
dqn,123,7900,0.0,6.56,,,
dqn,123,8000,0.0,7.06,,,
dqn,123,8100,0.0,6.86,,,
dqn,123,8200,0.0,6.78,,,
dqn,123,8300,0.0,6.82,,,
dqn,123,8400,0.0,6.18,,,
dqn,123,8500,0.0,5.72,,,
dqn,123,8600,0.0,4.88,,,
dqn,123,8700,0.0,5.1,,,
dqn,123,8800,0.0,5.12,,,
dqn,123,8900,0.0,4.84,,,
dqn,123,9000,0.0,4.96,,,
dqn,123,9100,0.0,4.88,,,
dqn,123,9200,0.0,5.24,,,
dqn,123,9300,0.0,5.16,,,
dqn,123,9400,0.0,5.24,,,
dqn,123,9500,0.0,5.1,,,
dqn,123,9600,0.0,5.16,,,
dqn,123,9700,0.0,5.1,,,
dqn,123,9800,0.0,5.1,,,
dqn,123,9900,0.0,5.1,,,
dqn,123,10000,0.0,5.1,,,
dqn,123,10100,0.0,5.1,,,
dqn,123,10200,0.0,5.1,,,
dqn,123,10300,0.0,5.38,,,
dqn,123,10400,0.0,5.48,,,
dqn,123,10500,0.0,5.74,,,
dqn,123,10600,0.0,5.6,,,
dqn,123,10700,0.0,5.26,,,
dqn,123,10800,0.0,6.34,,,
dqn,123,10900,0.0,6.26,,,
dqn,123,11000,0.0,5.7,,,
dqn,123,11100,0.0,6.38,,,
dqn,123,11200,0.0,6.34,,,
dqn,123,11300,0.0,5.34,,,
dqn,123,11400,0.0,5.44,,,
dqn,123,11500,0.0,5.68,,,
dqn,123,11600,0.0,5.42,,,
dqn,123,11700,0.0,4.84,,,
dqn,123,11800,0.0,4.94,,,
dqn,123,11900,0.0,5.24,,,
dqn,123,12000,0.0,5.08,,,
dqn,123,12100,0.0,5.18,,,
dqn,123,12200,0.0,5.08,,,
dqn,123,12300,0.0,5.22,,,
dqn,123,12400,0.0,5.22,,,
dqn,123,12500,0.0,5.22,,,
dqn,123,12600,0.0,5.22,,,
dqn,123,12700,0.0,5.24,,,
dqn,123,12800,0.0,5.22,,,
dqn,123,12900,0.0,5.16,,,
dqn,123,13000,0.0,5.24,,,
dqn,123,13100,0.0,5.8,,,
dqn,123,13200,0.0,5.82,,,
dqn,123,13300,0.0,6.62,,,
dqn,123,13400,0.0,6.16,,,
dqn,123,13500,0.0,5.22,,,
dqn,123,13600,0.0,4.62,,,
dqn,123,13700,0.0,4.88,,,
dqn,123,13800,0.0,4.88,,,
dqn,123,13900,0.0,5.12,,,
dqn,123,14000,0.0,5.56,,,
dqn,123,14100,0.0,5.54,,,
dqn,123,14200,0.0,5.9,,,
dqn,123,14300,0.0,5.42,,,
dqn,123,14400,0.0,5.2,,,
dqn,123,14500,0.0,5.2,,,
dqn,123,14600,0.0,5.2,,,
dqn,123,14700,0.0,4.66,,,
dqn,123,14800,0.0,4.8,,,
dqn,123,14900,0.0,4.94,,,
dqn,123,15000,0.0,5.06,,,
dqn,123,15100,0.0,5.22,,,
dqn,123,15200,0.0,5.72,,,
dqn,123,15300,0.0,6.34,,,
dqn,123,15400,0.0,5.78,,,
dqn,123,15500,0.0,5.52,,,
dqn,123,15600,0.0,5.54,,,
dqn,123,15700,0.0,6.32,,,
dqn,123,15800,0.0,6.06,,,
dqn,123,15900,0.0,6.36,,,
dqn,123,16000,0.0,6.36,,,
dqn,123,16100,0.0,6.28,,,
dqn,123,16200,0.0,5.88,,,
dqn,123,16300,0.0,5.88,,,
dqn,123,16400,0.0,5.96,,,
dqn,123,16500,0.0,5.1,,,
dqn,123,16600,0.0,5.62,,,
dqn,123,16700,0.0,5.38,,,
dqn,123,16800,0.0,5.7,,,
dqn,123,16900,0.0,5.36,,,
dqn,123,17000,0.0,4.88,,,
dqn,123,17100,0.0,4.7,,,
dqn,123,17200,0.0,4.78,,,
dqn,123,17300,0.0,4.88,,,
dqn,123,17400,0.0,5.08,,,
dqn,123,17500,0.0,5.22,,,
dqn,123,17600,0.0,5.42,,,
dqn,123,17700,0.0,5.62,,,
dqn,123,17800,0.0,6.14,,,
dqn,123,17900,0.0,6.6,,,
dqn,123,18000,0.0,5.9,,,
dqn,123,18100,0.0,5.98,,,
dqn,123,18200,0.0,6.04,,,
dqn,123,18300,0.0,6.36,,,
dqn,123,18400,0.0,6.28,,,
dqn,123,18500,0.0,6.3,,,
dqn,123,18600,0.0,6.24,,,
dqn,123,18700,0.0,5.88,,,
dqn,123,18800,0.0,6.04,,,
dqn,123,18900,0.0,5.44,,,
dqn,123,19000,0.0,4.46,,,
dqn,123,19100,0.0,4.66,,,
dqn,123,19200,0.0,4.96,,,
dqn,123,19300,0.0,5.18,,,
dqn,123,19400,0.0,5.02,,,
dqn,123,19500,0.0,4.98,,,
dqn,123,19600,0.0,5.18,,,
dqn,123,19700,0.0,5.06,,,
dqn,123,19800,0.0,4.94,,,
dqn,123,19900,0.0,4.42,,,
dqn,123,20000,0.0,5.0,,,
dqn,456,100,0.0,5.94,,,
dqn,456,200,0.0,6.72,,,
dqn,456,300,0.0,7.44,,,
dqn,456,400,0.0,7.12,,,
dqn,456,500,0.0,7.6,,,
dqn,456,600,0.0,6.86,,,
dqn,456,700,0.0,6.72,,,
dqn,456,800,0.0,5.64,,,
dqn,456,900,0.0,5.72,,,
dqn,456,1000,0.0,5.72,,,
dqn,456,1100,0.0,5.46,,,
dqn,456,1200,0.0,5.98,,,
dqn,456,1300,0.0,5.74,,,
dqn,456,1400,0.0,6.1,,,
dqn,456,1500,0.0,5.72,,,
dqn,456,1600,0.0,5.94,,,
dqn,456,1700,0.0,6.14,,,
dqn,456,1800,0.0,5.86,,,
dqn,456,1900,0.0,5.98,,,
dqn,456,2000,0.0,5.56,,,
dqn,456,2100,0.0,5.88,,,
dqn,456,2200,0.0,5.72,,,
dqn,456,2300,0.0,5.52,,,
dqn,456,2400,0.0,5.64,,,
dqn,456,2500,0.0,5.2,,,
dqn,456,2600,0.0,5.68,,,
dqn,456,2700,0.0,5.76,,,
dqn,456,2800,0.0,5.82,,,
dqn,456,2900,0.0,5.96,,,
dqn,456,3000,0.0,6.22,,,
dqn,456,3100,0.0,5.7,,,
dqn,456,3200,0.0,5.76,,,
dqn,456,3300,0.0,5.66,,,
dqn,456,3400,0.0,5.84,,,
dqn,456,3500,0.0,6.38,,,
dqn,456,3600,0.0,6.48,,,
dqn,456,3700,0.0,6.84,,,
dqn,456,3800,0.0,6.5,,,
dqn,456,3900,0.0,6.54,,,
dqn,456,4000,0.0,6.54,,,
dqn,456,4100,0.0,6.24,,,
dqn,456,4200,0.0,6.9,,,
dqn,456,4300,0.0,6.24,,,
dqn,456,4400,0.0,5.72,,,
dqn,456,4500,0.0,6.16,,,
dqn,456,4600,0.0,6.28,,,
dqn,456,4700,0.0,6.16,,,
dqn,456,4800,0.0,6.34,,,
dqn,456,4900,0.0,6.74,,,
dqn,456,5000,0.0,7.16,,,
dqn,456,5100,0.0,7.0,,,
dqn,456,5200,0.0,6.84,,,
dqn,456,5300,0.0,7.62,,,
dqn,456,5400,0.0,7.68,,,
dqn,456,5500,0.0,7.62,,,
dqn,456,5600,0.0,7.5,,,
dqn,456,5700,0.0,7.56,,,
dqn,456,5800,0.0,7.52,,,
dqn,456,5900,0.0,7.18,,,
dqn,456,6000,0.0,6.52,,,
dqn,456,6100,0.0,6.98,,,
dqn,456,6200,0.0,7.22,,,
dqn,456,6300,0.0,7.24,,,
dqn,456,6400,0.0,6.86,,,
dqn,456,6500,0.0,7.24,,,
dqn,456,6600,0.0,7.54,,,
dqn,456,6700,0.0,7.06,,,
dqn,456,6800,0.0,7.08,,,
dqn,456,6900,0.0,7.08,,,
dqn,456,7000,0.0,7.58,,,
dqn,456,7100,0.0,7.68,,,
dqn,456,7200,0.0,7.46,,,
dqn,456,7300,0.0,7.66,,,
dqn,456,7400,0.0,7.34,,,
dqn,456,7500,0.0,7.54,,,
dqn,456,7600,0.0,7.06,,,
dqn,456,7700,0.0,6.92,,,
dqn,456,7800,0.0,7.12,,,
dqn,456,7900,0.0,7.16,,,
dqn,456,8000,0.0,7.18,,,
dqn,456,8100,0.0,7.2,,,
dqn,456,8200,0.0,6.98,,,
dqn,456,8300,0.0,6.9,,,
dqn,456,8400,0.0,7.04,,,
dqn,456,8500,0.0,6.54,,,
dqn,456,8600,0.0,7.16,,,
dqn,456,8700,0.0,7.78,,,
dqn,456,8800,0.0,7.56,,,
dqn,456,8900,0.0,7.4,,,
dqn,456,9000,0.0,7.98,,,
dqn,456,9100,0.0,6.92,,,
dqn,456,9200,0.0,6.36,,,
dqn,456,9300,0.0,6.76,,,
dqn,456,9400,0.0,6.84,,,
dqn,456,9500,0.0,6.74,,,
dqn,456,9600,0.0,7.24,,,
dqn,456,9700,0.0,7.22,,,
dqn,456,9800,0.0,7.14,,,
dqn,456,9900,0.0,7.02,,,
dqn,456,10000,0.0,7.3,,,
dqn,456,10100,0.0,7.0,,,
dqn,456,10200,0.0,6.92,,,
dqn,456,10300,0.0,7.26,,,
dqn,456,10400,0.0,7.16,,,
dqn,456,10500,0.0,7.14,,,
dqn,456,10600,0.0,7.02,,,
dqn,456,10700,0.0,7.22,,,
dqn,456,10800,0.0,7.26,,,
dqn,456,10900,0.0,7.06,,,
dqn,456,11000,0.0,7.8,,,
dqn,456,11100,0.0,6.76,,,
dqn,456,11200,0.0,6.48,,,
dqn,456,11300,0.0,6.62,,,
dqn,456,11400,0.0,6.66,,,
dqn,456,11500,0.0,6.5,,,
dqn,456,11600,0.0,6.5,,,
dqn,456,11700,0.0,6.38,,,
dqn,456,11800,0.0,6.5,,,
dqn,456,11900,0.0,6.5,,,
dqn,456,12000,0.0,6.5,,,
dqn,456,12100,0.0,6.5,,,
dqn,456,12200,0.0,6.5,,,
dqn,456,12300,0.0,6.5,,,
dqn,456,12400,0.0,6.5,,,
dqn,456,12500,0.0,6.5,,,
dqn,456,12600,0.0,6.5,,,
dqn,456,12700,0.0,6.5,,,
dqn,456,12800,0.0,6.5,,,
dqn,456,12900,0.0,6.5,,,
dqn,456,13000,0.0,6.5,,,
dqn,456,13100,0.0,6.5,,,
dqn,456,13200,0.0,6.5,,,
dqn,456,13300,0.0,6.5,,,
dqn,456,13400,0.0,6.5,,,
dqn,456,13500,0.0,5.24,,,
dqn,456,13600,0.0,5.42,,,
dqn,456,13700,0.0,5.42,,,
dqn,456,13800,0.0,5.32,,,
dqn,456,13900,0.0,5.32,,,
dqn,456,14000,0.0,5.32,,,
dqn,456,14100,0.0,5.2,,,
dqn,456,14200,0.0,5.38,,,
dqn,456,14300,0.0,5.38,,,
dqn,456,14400,0.0,5.38,,,
dqn,456,14500,0.0,5.38,,,
dqn,456,14600,0.0,5.38,,,
dqn,456,14700,0.0,5.38,,,
dqn,456,14800,0.0,5.38,,,
dqn,456,14900,0.0,5.38,,,
dqn,456,15000,0.0,5.38,,,
dqn,456,15100,0.0,5.38,,,
dqn,456,15200,0.0,5.2,,,
dqn,456,15300,0.0,4.98,,,
dqn,456,15400,0.0,4.78,,,
dqn,456,15500,0.0,4.64,,,
dqn,456,15600,0.0,4.36,,,
dqn,456,15700,0.0,4.46,,,
dqn,456,15800,0.0,4.46,,,
dqn,456,15900,0.0,4.46,,,
dqn,456,16000,0.0,4.28,,,
dqn,456,16100,0.0,4.12,,,
dqn,456,16200,0.0,3.98,,,
dqn,456,16300,0.0,3.92,,,
dqn,456,16400,0.0,3.92,,,
dqn,456,16500,0.0,3.92,,,
dqn,456,16600,0.0,3.92,,,
dqn,456,16700,0.0,3.92,,,
dqn,456,16800,0.0,3.92,,,
dqn,456,16900,0.0,3.92,,,
dqn,456,17000,0.0,3.92,,,
dqn,456,17100,0.0,3.92,,,
dqn,456,17200,0.0,3.92,,,
dqn,456,17300,0.0,3.92,,,
dqn,456,17400,0.0,3.92,,,
dqn,456,17500,0.0,3.92,,,
dqn,456,17600,0.0,3.92,,,
dqn,456,17700,0.0,3.92,,,
dqn,456,17800,0.0,3.92,,,
dqn,456,17900,0.0,3.92,,,
dqn,456,18000,0.0,3.92,,,
dqn,456,18100,0.0,3.92,,,
dqn,456,18200,0.0,4.24,,,
dqn,456,18300,0.0,3.4,,,
dqn,456,18400,0.0,4.06,,,
dqn,456,18500,0.0,3.72,,,
dqn,456,18600,0.0,4.18,,,
dqn,456,18700,0.0,4.6,,,
dqn,456,18800,0.0,4.22,,,
dqn,456,18900,0.0,3.68,,,
dqn,456,19000,0.0,3.26,,,
dqn,456,19100,0.0,3.36,,,
dqn,456,19200,0.0,3.32,,,
dqn,456,19300,0.0,2.96,,,
dqn,456,19400,0.0,2.9,,,
dqn,456,19500,0.0,2.72,,,
dqn,456,19600,0.0,2.6,,,
dqn,456,19700,0.0,2.46,,,
dqn,456,19800,0.0,3.5,,,
dqn,456,19900,0.0,3.0,,,
dqn,456,20000,0.0,2.66,,,
