[2026-01-21T21:53:06.409-08:00] Buck UI: https://www.internalfb.com/buck2/b12012f2-2f85-4553-80e3-3c509f46f8bc
[2026-01-21T21:53:06.411-08:00] File changed: fbcode//checkpoints/rl_sudoku-4x4-easy_6to8empties_seed42/rl_checkpoint_step_1000.pt
[2026-01-21T21:53:06.411-08:00] File changed: fbcode//checkpoints/rl_sudoku-4x4-easy_6to8empties_seed42/model_step_1000.pt
[2026-01-21T21:53:06.411-08:00] File changed: fbcode//checkpoints/rl_sudoku-4x4-easy_6to8empties_seed42/rl_checkpoint_step_2000.pt
[2026-01-21T21:53:06.411-08:00] 37 additional file change events
[2026-01-21T21:53:06.757-08:00] Network: Up: 0B  Down: 0B
BUILD SUCCEEDED - starting your binary
[INFO] Using feasibility-aware Sudoku checker for 4x4
       score = filled - 2.0*violations - 5.0*zeroCand
       Max score: 16 (all filled, no violations)
[INFO] Training for 20000 steps (gamma=0.990, K=1, inner_unroll_n=2)
[INFO] Terminal rewards: solve=1.000, fail=-16.000
/data/repos/fbsource/buck-out/v2/gen/fbcode/7bc20b5dff24e379/buiksat_trm/__upi_trm_train__/upi_trm_train#link-tree/upi_trm_train.py:879: UserWarning: rl_enable_contraction=True: Applying operator-norm clamping and contraction scaling to z->z path layers. This is REQUIRED for Assumption 3.2 (L_z < 1) but will modify network behavior. Pretrained weights from vanilla TRM may require fine-tuning.
  model = TinyRecursiveReasoningModel_ACTV1(trm_cfg_dict)
[INFO] Using TRM backbone (hidden=64, H=2, L=2)
[DEBUG] Policy head STOP bias: 0.00 (should be 0.0 for uniform init)
[INFO] Puzzle embeddings DISABLED (set --puzzle-emb-ndim > 0 to enable)
/data/repos/fbsource/buck-out/v2/gen/fbcode/7bc20b5dff24e379/buiksat_trm/__upi_trm_train__/upi_trm_train#link-tree/torch/cuda/__init__.py:373: UserWarning: Found GPU0 NVIDIA A100-PG509-200 which is of compute capability (CC) 8.0.
The following list shows the CCs this version of PyTorch was built for and the hardware CCs it supports:
Please follow the instructions at https://pytorch.org/get-started/locally/ to install a PyTorch release that supports one of these CUDA versions: 12.6, 12.8, 13.0
  _warn_unsupported_code(d, device_cc, code_ccs)
INFO:2026-01-21 21:53:13 2237518:2237518 CuptiCallbackApi.cpp:74] Callback: domain = 3, cbid = 1
INFO:2026-01-21 21:53:13 2237518:2237518 CuptiActivityProfiler.cpp:245] CUDA versions. CUPTI: 22; Runtime: 12040; Driver: 12040
INFO:2026-01-21 21:53:13 2237518:2240242 FBConfig.cpp:330] Perfetto builder enabled: 1
INFO:2026-01-21 21:53:13 2237518:2240242 DynoConfigLoader.cpp:61] Setting communication fabric enabled = 0
/data/repos/fbsource/buck-out/v2/gen/fbcode/7bc20b5dff24e379/buiksat_trm/__upi_trm_train__/upi_trm_train#link-tree/rl/upi_trm_trainer.py:93: UserWarning: rl_enable_contraction=True: Applying operator-norm clamping and contraction scaling to z->z path layers. This is REQUIRED for Assumption 3.2 (L_z < 1) but will modify network behavior. Pretrained weights from vanilla TRM may require fine-tuning.
  self.target_model = TinyRecursiveReasoningModel_ACTV1(self._config_to_dict(self.model.config)).to(device)
/data/repos/fbsource/buck-out/v2/gen/fbcode/7bc20b5dff24e379/buiksat_trm/__upi_trm_train__/upi_trm_train#link-tree/rl/upi_trm_trainer.py:103: UserWarning: rl_enable_contraction=True: Applying operator-norm clamping and contraction scaling to z->z path layers. This is REQUIRED for Assumption 3.2 (L_z < 1) but will modify network behavior. Pretrained weights from vanilla TRM may require fine-tuning.
  self.policy_model_candidate = TinyRecursiveReasoningModel_ACTV1(
INFO:2026-01-21 21:53:13 2237518:2240242 DynoConfigLoader.cpp:61] Setting communication fabric enabled = 0
TritonTraceHandler: disabled because /logs does not exist
===========[FB_TRITON]=========== Triton Version: 3.3.2+fb
[INFO] Using UPI-TRM algorithm (K=1, inner_n=2)
[INFO] Checkpoint directory: checkpoints/rl_sudoku-4x4-easy_6to8empties_seed123

============================================================
UPI-TRM THEORY ALIGNMENT CHECK
============================================================
⚠ Configuration has theory gaps:
  • latent_ball_radius=0 disables forward-invariant projection (Assumption 4.1). Contraction guarantees may not hold. Set latent_ball_radius > 0.
  • exact_baseline_summation=False: Using approximate baseline. This gives O(ε_A/(1-γ)) bound instead of O(α·ε_A) from Theorem 5.9. For discrete action spaces (Sudoku), enable for tighter bounds.
  • theory_exact_mixture=False: Using parameter-space interpolation for CPI, which is NOT equivalent to policy-space mixture. The CPI improvement guarantee does not strictly apply. Set theory_exact_mixture=True for theory-exact behavior (but slower due to evaluating two networks).

Theory status:
  Forward-invariant projection: ✗
  Contraction enforced (L_z < 1): ✓
  Exact baseline (Thm 5.9): ✗
  Distillation (not in theory): ✓ disabled

Is theory-exact: False
============================================================

UPI-TRM theoretical dials:
  L_z target (rl_cfg.target_Lz): 0.9
  L_V target (rl_cfg.target_Lv): 1.0
  Inner unroll n (rl_cfg.inner_unroll_n): 2
  K-step horizon K (rl_cfg.K): 1
  Mixture alpha (rl_cfg.mixture_alpha): 0.1
  Latent ball radius (rl_cfg.latent_ball_radius): 0.0
  Episodic latent: True
  Exact K-step targets: False
  Exact baseline summation: False

[INFO] STOP action mode: disabled
[WandB] Disabled by default (enable with: --wandb)
[DEBUG] Action mask: 28 valid actions out of 97 total
[DEBUG] Latent mode: episodic
[DEBUG] Step 0 probs: STOP=0.000000, edits=1.000000
[DEBUG] Top 5 action probs: torch.return_types.topk(
values=tensor([0.0521, 0.0465, 0.0464, 0.0452, 0.0442], device='cuda:0',
       grad_fn=<TopkBackward0>),
indices=tensor([80, 59, 88, 86, 11], device='cuda:0'))
[step 00050] value_loss=26.182844 policy_loss=0.851230
[step 00050] VALUE_DEBUG: target(mean=-2.16 std=5.12 min=-15.98 max=6.13) V(s)(mean=-1.47 std=0.30) reward(mean=-2.114 std=5.140) clip=50.0
[step 00100] opnorm clamp applied
[step 00100] value_loss=18.224689 policy_loss=0.064315
[step 00100] VALUE_DEBUG: target(mean=-2.99 std=4.37 min=-16.01 max=3.06) V(s)(mean=-3.23 std=0.37) reward(mean=-2.082 std=4.525) clip=50.0
[step 00100] eval_success_rate=0.000 eval_mean_score=4.760 eval_policy_mode=greedy [solved=0/50, score_range=-6.00-12.00/16.0, initial=9.00]
[step 00100] PROGRESS: filled=10.40 violations=1.42 zero_cand=0.56
[step 00100] DEBUG: ep_len=16.0 ep_ret=-30.537 stop_prob=0.000 score_chg=-15.0950
[step 00150] value_loss=13.720436 policy_loss=-0.384915
[step 00150] VALUE_DEBUG: target(mean=-2.70 std=3.56 min=-8.62 max=3.95) V(s)(mean=-3.88 std=0.51) reward(mean=-0.965 std=3.551) clip=50.0
[step 00200] opnorm clamp applied
[step 00200] value_loss=16.905415 policy_loss=-0.654786
[step 00200] VALUE_DEBUG: target(mean=-3.28 std=3.89 min=-10.08 max=5.63) V(s)(mean=-3.80 std=0.74) reward(mean=-0.770 std=3.991) clip=50.0
[step 00200] eval_success_rate=0.000 eval_mean_score=8.240 eval_policy_mode=greedy [solved=0/50, score_range=0.00-12.00/16.0, initial=9.00]
[step 00200] PROGRESS: filled=10.10 violations=0.38 zero_cand=0.22
[step 00200] DEBUG: ep_len=16.0 ep_ret=-29.897 stop_prob=0.000 score_chg=-14.3300
[step 00250] value_loss=20.461052 policy_loss=-0.027163
[step 00250] VALUE_DEBUG: target(mean=-4.74 std=4.49 min=-17.99 max=2.76) V(s)(mean=-5.55 std=0.65) reward(mean=-1.647 std=4.982) clip=50.0
[step 00300] opnorm clamp applied
[step 00300] value_loss=19.357168 policy_loss=-0.298721
[step 00300] VALUE_DEBUG: target(mean=-5.33 std=4.49 min=-18.02 max=4.97) V(s)(mean=-5.80 std=0.99) reward(mean=-1.574 std=5.111) clip=50.0
[step 00300] eval_success_rate=0.000 eval_mean_score=8.500 eval_policy_mode=greedy [solved=0/50, score_range=1.00-11.00/16.0, initial=9.00]
[step 00300] PROGRESS: filled=10.14 violations=0.52 zero_cand=0.12
[step 00300] DEBUG: ep_len=16.0 ep_ret=-28.672 stop_prob=0.000 score_chg=-12.9125
[step 00350] value_loss=22.923977 policy_loss=-0.286451
[step 00350] VALUE_DEBUG: target(mean=-6.99 std=4.70 min=-17.95 max=1.62) V(s)(mean=-6.20 std=0.79) reward(mean=-2.564 std=5.767) clip=50.0
[step 00400] opnorm clamp applied
[step 00400] value_loss=27.181572 policy_loss=0.048988
[step 00400] VALUE_DEBUG: target(mean=-6.70 std=4.86 min=-23.02 max=1.09) V(s)(mean=-7.22 std=0.86) reward(mean=-1.557 std=5.712) clip=50.0
[step 00400] eval_success_rate=0.000 eval_mean_score=9.420 eval_policy_mode=greedy [solved=0/50, score_range=2.00-12.00/16.0, initial=9.00]
[step 00400] PROGRESS: filled=10.02 violations=0.10 zero_cand=0.08
[step 00400] DEBUG: ep_len=16.0 ep_ret=-26.017 stop_prob=0.000 score_chg=-9.7425
[step 00450] value_loss=21.185966 policy_loss=-0.769919
[step 00450] VALUE_DEBUG: target(mean=-8.67 std=4.59 min=-17.96 max=1.02) V(s)(mean=-7.77 std=1.11) reward(mean=-3.292 std=6.052) clip=50.0
[step 00500] opnorm clamp applied
[step 00500] value_loss=11.277441 policy_loss=0.284182
[step 00500] VALUE_DEBUG: target(mean=-6.15 std=2.71 min=-10.78 max=1.43) V(s)(mean=-8.27 std=1.33) reward(mean=0.583 std=2.640) clip=50.0
[step 00500] eval_success_rate=0.000 eval_mean_score=9.240 eval_policy_mode=greedy [solved=0/50, score_range=-3.00-11.00/16.0, initial=9.00]
[step 00500] PROGRESS: filled=10.06 violations=0.16 zero_cand=0.10
[step 00500] DEBUG: ep_len=16.0 ep_ret=-23.476 stop_prob=0.000 score_chg=-6.7875
[step 00550] value_loss=13.538731 policy_loss=-0.339973
[step 00550] VALUE_DEBUG: target(mean=-8.54 std=3.70 min=-20.01 max=-2.88) V(s)(mean=-8.78 std=0.88) reward(mean=-1.436 std=4.375) clip=50.0
[step 00600] opnorm clamp applied
[step 00600] value_loss=21.943165 policy_loss=0.731109
[step 00600] VALUE_DEBUG: target(mean=-8.57 std=4.24 min=-17.48 max=-0.28) V(s)(mean=-10.79 std=1.23) reward(mean=-0.602 std=4.759) clip=50.0
[step 00600] eval_success_rate=0.000 eval_mean_score=9.900 eval_policy_mode=greedy [solved=0/50, score_range=4.00-11.00/16.0, initial=9.00]
[step 00600] PROGRESS: filled=10.00 violations=0.00 zero_cand=0.02
[step 00600] DEBUG: ep_len=16.0 ep_ret=-22.234 stop_prob=0.000 score_chg=-5.3350
[step 00650] value_loss=14.334930 policy_loss=0.569504
[step 00650] VALUE_DEBUG: target(mean=-9.79 std=3.43 min=-17.30 max=-3.26) V(s)(mean=-9.93 std=1.03) reward(mean=-1.525 std=4.385) clip=50.0
[step 00700] opnorm clamp applied
[step 00700] value_loss=17.131344 policy_loss=-0.327271
[step 00700] VALUE_DEBUG: target(mean=-9.02 std=3.93 min=-18.83 max=-1.71) V(s)(mean=-10.84 std=1.05) reward(mean=0.183 std=3.810) clip=50.0
[step 00700] eval_success_rate=0.000 eval_mean_score=10.040 eval_policy_mode=greedy [solved=0/50, score_range=9.00-11.00/16.0, initial=9.00]
[step 00700] PROGRESS: filled=10.04 violations=0.00 zero_cand=0.00
[step 00700] DEBUG: ep_len=16.0 ep_ret=-21.047 stop_prob=0.000 score_chg=-4.0625
[step 00750] value_loss=14.475611 policy_loss=-0.204234
[step 00750] VALUE_DEBUG: target(mean=-11.19 std=3.74 min=-21.65 max=-5.86) V(s)(mean=-11.20 std=1.10) reward(mean=-1.544 std=4.747) clip=50.0
[step 00800] opnorm clamp applied
[step 00800] value_loss=8.293110 policy_loss=0.797063
[step 00800] VALUE_DEBUG: target(mean=-10.70 std=3.24 min=-20.93 max=-4.14) V(s)(mean=-10.95 std=1.00) reward(mean=-1.140 std=4.253) clip=50.0
[step 00800] eval_success_rate=0.000 eval_mean_score=10.040 eval_policy_mode=greedy [solved=0/50, score_range=9.00-11.00/16.0, initial=9.00]
[step 00800] PROGRESS: filled=10.04 violations=0.00 zero_cand=0.00
[step 00800] DEBUG: ep_len=16.0 ep_ret=-20.083 stop_prob=0.000 score_chg=-3.0450
[step 00850] value_loss=10.402885 policy_loss=0.456165
[step 00850] VALUE_DEBUG: target(mean=-11.02 std=3.08 min=-17.90 max=-3.16) V(s)(mean=-10.06 std=0.80) reward(mean=-2.632 std=6.259) clip=50.0
[step 00900] opnorm clamp applied
[step 00900] value_loss=15.138055 policy_loss=-0.137603
[step 00900] VALUE_DEBUG: target(mean=-12.25 std=3.60 min=-21.90 max=-6.32) V(s)(mean=-10.38 std=1.29) reward(mean=-3.133 std=5.911) clip=50.0
[step 00900] eval_success_rate=0.000 eval_mean_score=10.020 eval_policy_mode=greedy [solved=0/50, score_range=9.00-12.00/16.0, initial=9.00]
[step 00900] PROGRESS: filled=10.02 violations=0.00 zero_cand=0.00
[step 00900] DEBUG: ep_len=15.9 ep_ret=-20.008 stop_prob=0.000 score_chg=-2.9175
[step 00950] value_loss=10.415054 policy_loss=0.544577
[step 00950] VALUE_DEBUG: target(mean=-11.92 std=3.22 min=-19.15 max=-4.18) V(s)(mean=-11.64 std=1.06) reward(mean=-1.479 std=4.716) clip=50.0
[step 01000] opnorm clamp applied
[step 01000] value_loss=17.441038 policy_loss=0.080182
[step 01000] VALUE_DEBUG: target(mean=-12.29 std=4.36 min=-24.04 max=-3.51) V(s)(mean=-12.43 std=1.25) reward(mean=-2.551 std=7.439) clip=50.0
[step 01000] eval_success_rate=0.000 eval_mean_score=10.000 eval_policy_mode=greedy [solved=0/50, score_range=9.00-11.00/16.0, initial=9.00]
[step 01000] PROGRESS: filled=10.00 violations=0.00 zero_cand=0.00
[step 01000] DEBUG: ep_len=16.0 ep_ret=-19.291 stop_prob=0.000 score_chg=-2.0050
[Checkpoint] Saved to checkpoints/rl_sudoku-4x4-easy_6to8empties_seed123/rl_checkpoint_step_1000.pt
[step 01050] value_loss=7.683020 policy_loss=0.610337
[step 01050] VALUE_DEBUG: target(mean=-12.31 std=2.88 min=-19.30 max=-6.18) V(s)(mean=-12.55 std=0.95) reward(mean=-1.214 std=4.678) clip=50.0
[step 01100] opnorm clamp applied
[step 01100] value_loss=9.444297 policy_loss=-0.270368
[step 01100] VALUE_DEBUG: target(mean=-12.13 std=3.34 min=-22.39 max=-3.17) V(s)(mean=-12.20 std=0.94) reward(mean=-0.730 std=3.977) clip=50.0
[step 01100] eval_success_rate=0.000 eval_mean_score=10.040 eval_policy_mode=greedy [solved=0/50, score_range=9.00-12.00/16.0, initial=9.00]
[step 01100] PROGRESS: filled=10.04 violations=0.00 zero_cand=0.00
[step 01100] DEBUG: ep_len=16.0 ep_ret=-18.565 stop_prob=0.000 score_chg=-1.4375
[step 01150] value_loss=12.125277 policy_loss=0.509800
[step 01150] VALUE_DEBUG: target(mean=-12.66 std=3.75 min=-20.09 max=-0.29) V(s)(mean=-12.64 std=1.23) reward(mean=-2.428 std=6.842) clip=50.0
[step 01200] opnorm clamp applied
[step 01200] value_loss=8.058202 policy_loss=-0.046619
[step 01200] VALUE_DEBUG: target(mean=-13.51 std=2.64 min=-24.49 max=-10.94) V(s)(mean=-12.76 std=1.07) reward(mean=-3.281 std=6.447) clip=50.0
[step 01200] eval_success_rate=0.000 eval_mean_score=10.100 eval_policy_mode=greedy [solved=0/50, score_range=9.00-11.00/16.0, initial=9.00]
[step 01200] PROGRESS: filled=10.10 violations=0.00 zero_cand=0.00
[step 01200] DEBUG: ep_len=16.0 ep_ret=-18.712 stop_prob=0.000 score_chg=-1.4450
[step 01250] value_loss=10.139721 policy_loss=0.478900
[step 01250] VALUE_DEBUG: target(mean=-14.05 std=3.15 min=-22.04 max=-8.50) V(s)(mean=-13.58 std=1.06) reward(mean=-2.270 std=5.227) clip=50.0
[step 01300] opnorm clamp applied
[step 01300] value_loss=6.901974 policy_loss=-0.174573
[step 01300] VALUE_DEBUG: target(mean=-13.46 std=2.63 min=-19.97 max=-7.68) V(s)(mean=-13.66 std=0.88) reward(mean=-1.588 std=5.271) clip=50.0
[step 01300] eval_success_rate=0.000 eval_mean_score=10.020 eval_policy_mode=greedy [solved=0/50, score_range=9.00-11.00/16.0, initial=9.00]
[step 01300] PROGRESS: filled=10.02 violations=0.00 zero_cand=0.00
[step 01300] DEBUG: ep_len=16.0 ep_ret=-18.331 stop_prob=0.000 score_chg=-0.9550
[step 01350] value_loss=6.167114 policy_loss=2.196480
[step 01350] VALUE_DEBUG: target(mean=-13.79 std=2.65 min=-22.36 max=-7.31) V(s)(mean=-14.35 std=0.83) reward(mean=-0.767 std=3.694) clip=50.0
[step 01400] opnorm clamp applied
[step 01400] value_loss=6.286673 policy_loss=1.992282
[step 01400] VALUE_DEBUG: target(mean=-13.59 std=2.31 min=-21.98 max=-7.51) V(s)(mean=-14.56 std=0.61) reward(mean=-0.504 std=4.202) clip=50.0
[step 01400] eval_success_rate=0.000 eval_mean_score=10.100 eval_policy_mode=greedy [solved=0/50, score_range=9.00-12.00/16.0, initial=9.00]
[step 01400] PROGRESS: filled=10.10 violations=0.00 zero_cand=0.00
[step 01400] DEBUG: ep_len=16.0 ep_ret=-18.533 stop_prob=0.000 score_chg=-1.2300
[step 01450] value_loss=7.652911 policy_loss=-0.229900
[step 01450] VALUE_DEBUG: target(mean=-14.77 std=2.95 min=-24.15 max=-9.98) V(s)(mean=-14.88 std=0.74) reward(mean=-1.327 std=3.880) clip=50.0
[step 01500] opnorm clamp applied
[step 01500] value_loss=10.051416 policy_loss=1.253556
[step 01500] VALUE_DEBUG: target(mean=-14.74 std=3.30 min=-22.99 max=-6.89) V(s)(mean=-14.66 std=0.85) reward(mean=-1.212 std=4.745) clip=50.0
[step 01500] eval_success_rate=0.000 eval_mean_score=10.200 eval_policy_mode=greedy [solved=0/50, score_range=9.00-12.00/16.0, initial=9.00]
[step 01500] PROGRESS: filled=10.20 violations=0.00 zero_cand=0.00
[step 01500] DEBUG: ep_len=16.0 ep_ret=-18.320 stop_prob=0.000 score_chg=-0.9100
[step 01550] value_loss=6.669892 policy_loss=0.803336
[step 01550] VALUE_DEBUG: target(mean=-13.79 std=2.29 min=-18.54 max=-8.61) V(s)(mean=-14.27 std=0.93) reward(mean=-0.992 std=5.149) clip=50.0
[step 01600] opnorm clamp applied
[step 01600] value_loss=9.866275 policy_loss=0.007091
[step 01600] VALUE_DEBUG: target(mean=-15.16 std=3.02 min=-21.73 max=-5.88) V(s)(mean=-14.65 std=0.80) reward(mean=-1.664 std=4.248) clip=50.0
[step 01600] eval_success_rate=0.000 eval_mean_score=10.340 eval_policy_mode=greedy [solved=0/50, score_range=9.00-12.00/16.0, initial=9.00]
[step 01600] PROGRESS: filled=10.34 violations=0.00 zero_cand=0.00
[step 01600] DEBUG: ep_len=16.0 ep_ret=-17.814 stop_prob=0.000 score_chg=-0.4525
[step 01650] value_loss=9.837753 policy_loss=0.148710
[step 01650] VALUE_DEBUG: target(mean=-15.57 std=3.11 min=-24.23 max=-10.54) V(s)(mean=-15.14 std=0.75) reward(mean=-2.543 std=5.855) clip=50.0
[step 01700] opnorm clamp applied
[step 01700] value_loss=1.651838 policy_loss=0.485809
[step 01700] VALUE_DEBUG: target(mean=-14.47 std=1.60 min=-20.46 max=-11.05) V(s)(mean=-14.69 std=0.67) reward(mean=-0.647 std=2.908) clip=50.0
[step 01700] eval_success_rate=0.000 eval_mean_score=10.260 eval_policy_mode=greedy [solved=0/50, score_range=9.00-12.00/16.0, initial=9.00]
[step 01700] PROGRESS: filled=10.26 violations=0.00 zero_cand=0.00
[step 01700] DEBUG: ep_len=16.0 ep_ret=-17.445 stop_prob=0.000 score_chg=-0.2575
[step 01750] value_loss=12.742380 policy_loss=0.417988
[step 01750] VALUE_DEBUG: target(mean=-14.66 std=3.38 min=-23.86 max=-6.89) V(s)(mean=-15.89 std=0.75) reward(mean=-0.794 std=5.126) clip=50.0
[step 01800] opnorm clamp applied
[step 01800] value_loss=4.800276 policy_loss=0.248456
[step 01800] VALUE_DEBUG: target(mean=-14.72 std=2.19 min=-22.00 max=-8.82) V(s)(mean=-15.80 std=0.73) reward(mean=-0.852 std=4.366) clip=50.0
[step 01800] eval_success_rate=0.000 eval_mean_score=10.140 eval_policy_mode=greedy [solved=0/50, score_range=9.00-12.00/16.0, initial=9.00]
[step 01800] PROGRESS: filled=10.14 violations=0.00 zero_cand=0.00
[step 01800] DEBUG: ep_len=16.0 ep_ret=-17.473 stop_prob=0.000 score_chg=-0.0250
[step 01850] value_loss=3.130637 policy_loss=0.594406
[step 01850] VALUE_DEBUG: target(mean=-15.10 std=1.71 min=-20.43 max=-12.73) V(s)(mean=-15.22 std=0.82) reward(mean=-0.757 std=3.238) clip=50.0
[step 01900] opnorm clamp applied
[step 01900] value_loss=2.897981 policy_loss=0.784456
[step 01900] VALUE_DEBUG: target(mean=-15.42 std=1.89 min=-21.58 max=-9.15) V(s)(mean=-15.19 std=0.57) reward(mean=-2.145 std=5.533) clip=50.0
[step 01900] eval_success_rate=0.000 eval_mean_score=10.260 eval_policy_mode=greedy [solved=0/50, score_range=9.00-13.00/16.0, initial=9.00]
[step 01900] PROGRESS: filled=10.26 violations=0.00 zero_cand=0.00
[step 01900] DEBUG: ep_len=16.0 ep_ret=-17.491 stop_prob=0.000 score_chg=-0.0675
[step 01950] value_loss=7.260552 policy_loss=0.992848
[step 01950] VALUE_DEBUG: target(mean=-16.00 std=2.86 min=-25.52 max=-13.39) V(s)(mean=-15.15 std=0.80) reward(mean=-2.279 std=5.008) clip=50.0
[step 02000] opnorm clamp applied
[step 02000] value_loss=2.705523 policy_loss=0.865765
[step 02000] VALUE_DEBUG: target(mean=-15.25 std=1.78 min=-21.74 max=-12.99) V(s)(mean=-14.71 std=0.80) reward(mean=-2.262 std=5.431) clip=50.0
[step 02000] eval_success_rate=0.000 eval_mean_score=10.280 eval_policy_mode=greedy [solved=0/50, score_range=9.00-12.00/16.0, initial=9.00]
[step 02000] PROGRESS: filled=10.28 violations=0.00 zero_cand=0.00
[step 02000] DEBUG: ep_len=15.9 ep_ret=-16.945 stop_prob=0.000 score_chg=0.1525
[Checkpoint] Saved to checkpoints/rl_sudoku-4x4-easy_6to8empties_seed123/rl_checkpoint_step_2000.pt
[step 02050] value_loss=4.959066 policy_loss=-0.050456
[step 02050] VALUE_DEBUG: target(mean=-15.16 std=2.50 min=-24.03 max=-7.16) V(s)(mean=-15.50 std=0.87) reward(mean=-1.867 std=5.996) clip=50.0
[step 02100] opnorm clamp applied
[step 02100] value_loss=10.561031 policy_loss=0.313540
[step 02100] VALUE_DEBUG: target(mean=-15.01 std=3.64 min=-23.82 max=-2.27) V(s)(mean=-15.12 std=0.67) reward(mean=-0.652 std=4.416) clip=50.0
[step 02100] eval_success_rate=0.000 eval_mean_score=10.480 eval_policy_mode=greedy [solved=0/50, score_range=9.00-13.00/16.0, initial=9.00]
[step 02100] PROGRESS: filled=10.48 violations=0.00 zero_cand=0.00
[step 02100] DEBUG: ep_len=16.0 ep_ret=-16.669 stop_prob=0.000 score_chg=0.7275
[step 02150] value_loss=1.713018 policy_loss=0.806537
[step 02150] VALUE_DEBUG: target(mean=-14.94 std=1.44 min=-16.55 max=-8.07) V(s)(mean=-15.49 std=0.94) reward(mean=-1.210 std=4.788) clip=50.0
[step 02200] opnorm clamp applied
[step 02200] value_loss=6.579191 policy_loss=-1.223497
[step 02200] VALUE_DEBUG: target(mean=-16.08 std=2.76 min=-27.22 max=-13.57) V(s)(mean=-15.35 std=0.79) reward(mean=-2.844 std=5.593) clip=50.0
[step 02200] eval_success_rate=0.000 eval_mean_score=10.340 eval_policy_mode=greedy [solved=0/50, score_range=9.00-12.00/16.0, initial=9.00]
[step 02200] PROGRESS: filled=10.34 violations=0.00 zero_cand=0.00
[step 02200] DEBUG: ep_len=16.0 ep_ret=-16.844 stop_prob=0.000 score_chg=0.5550
[step 02250] value_loss=2.270595 policy_loss=0.418505
[step 02250] VALUE_DEBUG: target(mean=-14.67 std=1.39 min=-16.14 max=-9.27) V(s)(mean=-15.30 std=0.70) reward(mean=-0.546 std=4.202) clip=50.0
[step 02300] opnorm clamp applied
[step 02300] value_loss=2.946773 policy_loss=0.145016
[step 02300] VALUE_DEBUG: target(mean=-15.10 std=1.48 min=-19.39 max=-9.87) V(s)(mean=-15.75 std=0.59) reward(mean=-0.433 std=3.225) clip=50.0
[step 02300] eval_success_rate=0.000 eval_mean_score=10.600 eval_policy_mode=greedy [solved=0/50, score_range=9.00-14.00/16.0, initial=9.00]
[step 02300] PROGRESS: filled=10.60 violations=0.00 zero_cand=0.00
[step 02300] DEBUG: ep_len=15.9 ep_ret=-16.491 stop_prob=0.000 score_chg=0.6825
[step 02350] value_loss=4.851484 policy_loss=0.383764
[step 02350] VALUE_DEBUG: target(mean=-14.76 std=2.33 min=-22.25 max=-6.40) V(s)(mean=-15.42 std=0.78) reward(mean=-0.611 std=4.557) clip=50.0
[step 02400] opnorm clamp applied
[step 02400] value_loss=1.381046 policy_loss=0.630169
[step 02400] VALUE_DEBUG: target(mean=-15.25 std=1.36 min=-21.08 max=-13.77) V(s)(mean=-14.68 std=0.84) reward(mean=-1.571 std=5.258) clip=50.0
[step 02400] eval_success_rate=0.000 eval_mean_score=10.600 eval_policy_mode=greedy [solved=0/50, score_range=9.00-13.00/16.0, initial=9.00]
[step 02400] PROGRESS: filled=10.60 violations=0.00 zero_cand=0.00
[step 02400] DEBUG: ep_len=15.9 ep_ret=-16.391 stop_prob=0.000 score_chg=0.7100
[step 02450] value_loss=3.046136 policy_loss=0.140181
[step 02450] VALUE_DEBUG: target(mean=-14.62 std=1.84 min=-18.94 max=-6.93) V(s)(mean=-14.95 std=0.85) reward(mean=-0.237 std=3.331) clip=50.0
[step 02500] opnorm clamp applied
[step 02500] value_loss=4.199162 policy_loss=0.999338
[step 02500] VALUE_DEBUG: target(mean=-15.39 std=2.18 min=-23.05 max=-11.60) V(s)(mean=-14.91 std=0.84) reward(mean=-1.313 std=4.319) clip=50.0
[step 02500] eval_success_rate=0.000 eval_mean_score=10.800 eval_policy_mode=greedy [solved=0/50, score_range=10.00-13.00/16.0, initial=9.00]
[step 02500] PROGRESS: filled=10.80 violations=0.00 zero_cand=0.00
[step 02500] DEBUG: ep_len=15.9 ep_ret=-16.882 stop_prob=0.000 score_chg=0.4200
[step 02550] value_loss=5.312692 policy_loss=0.738055
[step 02550] VALUE_DEBUG: target(mean=-15.24 std=2.40 min=-22.97 max=-8.60) V(s)(mean=-15.58 std=0.91) reward(mean=-0.403 std=3.664) clip=50.0
[step 02600] opnorm clamp applied
[step 02600] value_loss=4.215696 policy_loss=0.344327
[step 02600] VALUE_DEBUG: target(mean=-15.29 std=2.29 min=-21.38 max=-9.07) V(s)(mean=-15.80 std=0.89) reward(mean=-0.186 std=2.017) clip=50.0
[step 02600] eval_success_rate=0.000 eval_mean_score=10.820 eval_policy_mode=greedy [solved=0/50, score_range=9.00-13.00/16.0, initial=9.00]
[step 02600] PROGRESS: filled=10.82 violations=0.00 zero_cand=0.00
[step 02600] DEBUG: ep_len=16.0 ep_ret=-16.635 stop_prob=0.000 score_chg=0.6600
[step 02650] value_loss=6.809543 policy_loss=0.224561
[step 02650] VALUE_DEBUG: target(mean=-14.90 std=2.50 min=-19.38 max=-5.71) V(s)(mean=-16.05 std=0.85) reward(mean=-1.027 std=5.605) clip=50.0
[step 02700] opnorm clamp applied
[step 02700] value_loss=6.830409 policy_loss=-0.227137
[step 02700] VALUE_DEBUG: target(mean=-15.64 std=2.64 min=-26.73 max=-10.54) V(s)(mean=-15.67 std=0.71) reward(mean=-1.310 std=4.651) clip=50.0
[step 02700] eval_success_rate=0.000 eval_mean_score=10.840 eval_policy_mode=greedy [solved=0/50, score_range=9.00-13.00/16.0, initial=9.00]
[step 02700] PROGRESS: filled=10.84 violations=0.00 zero_cand=0.00
[step 02700] DEBUG: ep_len=16.0 ep_ret=-16.677 stop_prob=0.000 score_chg=0.7125
[step 02750] value_loss=5.295419 policy_loss=0.488121
[step 02750] VALUE_DEBUG: target(mean=-15.13 std=2.27 min=-24.22 max=-7.42) V(s)(mean=-15.50 std=0.75) reward(mean=-0.373 std=3.624) clip=50.0
[step 02800] opnorm clamp applied
[step 02800] value_loss=1.084424 policy_loss=0.283976
[step 02800] VALUE_DEBUG: target(mean=-14.96 std=1.43 min=-17.02 max=-10.55) V(s)(mean=-15.45 std=1.05) reward(mean=-0.193 std=2.982) clip=50.0
[step 02800] eval_success_rate=0.000 eval_mean_score=10.540 eval_policy_mode=greedy [solved=0/50, score_range=9.00-13.00/16.0, initial=9.00]
[step 02800] PROGRESS: filled=10.54 violations=0.00 zero_cand=0.00
[step 02800] DEBUG: ep_len=15.9 ep_ret=-15.904 stop_prob=0.000 score_chg=1.2450
[step 02850] value_loss=4.341562 policy_loss=0.486493
[step 02850] VALUE_DEBUG: target(mean=-15.39 std=2.21 min=-22.07 max=-10.51) V(s)(mean=-15.87 std=0.73) reward(mean=-1.058 std=4.393) clip=50.0
[step 02900] opnorm clamp applied
[step 02900] value_loss=3.165792 policy_loss=0.617121
[step 02900] VALUE_DEBUG: target(mean=-15.51 std=2.07 min=-22.21 max=-8.59) V(s)(mean=-15.26 std=1.00) reward(mean=-1.226 std=4.238) clip=50.0
[step 02900] eval_success_rate=0.000 eval_mean_score=10.940 eval_policy_mode=greedy [solved=0/50, score_range=10.00-13.00/16.0, initial=9.00]
[step 02900] PROGRESS: filled=10.94 violations=0.00 zero_cand=0.00
[step 02900] DEBUG: ep_len=15.9 ep_ret=-16.304 stop_prob=0.000 score_chg=0.7900
[step 02950] value_loss=8.472118 policy_loss=1.709487
[step 02950] VALUE_DEBUG: target(mean=-15.69 std=3.13 min=-24.94 max=-8.51) V(s)(mean=-14.79 std=1.03) reward(mean=-1.409 std=5.564) clip=50.0
[step 03000] opnorm clamp applied
[step 03000] value_loss=5.610519 policy_loss=0.296639
[step 03000] VALUE_DEBUG: target(mean=-15.83 std=2.34 min=-22.67 max=-12.16) V(s)(mean=-15.65 std=1.02) reward(mean=-2.466 std=6.116) clip=50.0
[step 03000] eval_success_rate=0.000 eval_mean_score=10.900 eval_policy_mode=greedy [solved=0/50, score_range=9.00-13.00/16.0, initial=9.00]
[step 03000] PROGRESS: filled=10.90 violations=0.00 zero_cand=0.00
[step 03000] DEBUG: ep_len=15.9 ep_ret=-15.686 stop_prob=0.000 score_chg=1.3900
[Checkpoint] Saved to checkpoints/rl_sudoku-4x4-easy_6to8empties_seed123/rl_checkpoint_step_3000.pt
[step 03050] value_loss=5.105168 policy_loss=-0.474123
[step 03050] VALUE_DEBUG: target(mean=-15.56 std=2.42 min=-22.69 max=-10.42) V(s)(mean=-15.41 std=0.89) reward(mean=-0.351 std=2.417) clip=50.0
[step 03100] opnorm clamp applied
[step 03100] value_loss=0.270658 policy_loss=-0.436993
[step 03100] VALUE_DEBUG: target(mean=-15.18 std=1.08 min=-17.82 max=-12.63) V(s)(mean=-15.31 std=0.87) reward(mean=-1.816 std=5.408) clip=50.0
[step 03100] eval_success_rate=0.000 eval_mean_score=11.040 eval_policy_mode=greedy [solved=0/50, score_range=9.00-13.00/16.0, initial=9.00]
[step 03100] PROGRESS: filled=11.04 violations=0.00 zero_cand=0.00
[step 03100] DEBUG: ep_len=15.9 ep_ret=-15.694 stop_prob=0.000 score_chg=1.4350
[step 03150] value_loss=5.791883 policy_loss=-0.146283
[step 03150] VALUE_DEBUG: target(mean=-15.89 std=2.62 min=-21.75 max=-7.87) V(s)(mean=-16.00 std=0.91) reward(mean=-3.464 std=6.824) clip=50.0
[step 03200] opnorm clamp applied
[step 03200] value_loss=7.207085 policy_loss=-0.122770
[step 03200] VALUE_DEBUG: target(mean=-15.92 std=2.62 min=-23.88 max=-11.18) V(s)(mean=-15.71 std=1.01) reward(mean=-1.817 std=5.324) clip=50.0
[step 03200] eval_success_rate=0.000 eval_mean_score=10.900 eval_policy_mode=greedy [solved=0/50, score_range=9.00-13.00/16.0, initial=9.00]
[step 03200] PROGRESS: filled=10.90 violations=0.00 zero_cand=0.00
[step 03200] DEBUG: ep_len=15.9 ep_ret=-15.839 stop_prob=0.000 score_chg=1.2850
[step 03250] value_loss=4.395591 policy_loss=0.162262
[step 03250] VALUE_DEBUG: target(mean=-15.38 std=2.31 min=-24.17 max=-11.73) V(s)(mean=-14.99 std=0.86) reward(mean=-1.123 std=5.031) clip=50.0
[step 03300] opnorm clamp applied
[step 03300] value_loss=20.153950 policy_loss=0.543664
[step 03300] VALUE_DEBUG: target(mean=-14.68 std=4.64 min=-22.82 max=1.84) V(s)(mean=-15.53 std=1.13) reward(mean=-1.606 std=4.996) clip=50.0
[step 03300] eval_success_rate=0.000 eval_mean_score=11.040 eval_policy_mode=greedy [solved=0/50, score_range=9.00-14.00/16.0, initial=9.00]
[step 03300] PROGRESS: filled=11.04 violations=0.00 zero_cand=0.00
[step 03300] DEBUG: ep_len=15.9 ep_ret=-15.864 stop_prob=0.000 score_chg=1.2475
[step 03350] value_loss=6.413817 policy_loss=0.472293
[step 03350] VALUE_DEBUG: target(mean=-15.06 std=2.72 min=-19.64 max=-4.80) V(s)(mean=-15.71 std=1.08) reward(mean=-0.563 std=4.737) clip=50.0
[step 03400] opnorm clamp applied
[step 03400] value_loss=3.273751 policy_loss=-0.456597
[step 03400] VALUE_DEBUG: target(mean=-15.49 std=2.01 min=-21.87 max=-11.43) V(s)(mean=-15.87 std=1.30) reward(mean=-1.009 std=4.115) clip=50.0
[step 03400] eval_success_rate=0.000 eval_mean_score=10.920 eval_policy_mode=greedy [solved=0/50, score_range=9.00-13.00/16.0, initial=9.00]
[step 03400] PROGRESS: filled=10.92 violations=0.00 zero_cand=0.00
[step 03400] DEBUG: ep_len=15.9 ep_ret=-15.653 stop_prob=0.000 score_chg=1.3525
[step 03450] value_loss=9.990078 policy_loss=-0.394067
[step 03450] VALUE_DEBUG: target(mean=-15.77 std=3.28 min=-23.76 max=-4.36) V(s)(mean=-15.99 std=1.08) reward(mean=-1.370 std=4.901) clip=50.0
[step 03500] opnorm clamp applied
[step 03500] value_loss=10.379574 policy_loss=0.856230
[step 03500] VALUE_DEBUG: target(mean=-15.37 std=3.50 min=-29.72 max=-7.80) V(s)(mean=-15.30 std=0.88) reward(mean=-0.629 std=4.262) clip=50.0
[step 03500] eval_success_rate=0.000 eval_mean_score=11.280 eval_policy_mode=greedy [solved=0/50, score_range=9.00-13.00/16.0, initial=9.00]
[step 03500] PROGRESS: filled=11.28 violations=0.00 zero_cand=0.00
[step 03500] DEBUG: ep_len=15.8 ep_ret=-15.511 stop_prob=0.000 score_chg=1.4150
[step 03550] value_loss=6.487553 policy_loss=0.360214
[step 03550] VALUE_DEBUG: target(mean=-15.19 std=2.81 min=-21.44 max=-4.78) V(s)(mean=-14.83 std=1.08) reward(mean=-1.722 std=5.223) clip=50.0
[step 03600] opnorm clamp applied
[step 03600] value_loss=3.472583 policy_loss=0.076763
[step 03600] VALUE_DEBUG: target(mean=-15.38 std=1.82 min=-20.83 max=-12.01) V(s)(mean=-15.69 std=1.39) reward(mean=-1.161 std=4.234) clip=50.0
[step 03600] eval_success_rate=0.000 eval_mean_score=11.460 eval_policy_mode=greedy [solved=0/50, score_range=9.00-14.00/16.0, initial=9.00]
[step 03600] PROGRESS: filled=11.46 violations=0.00 zero_cand=0.00
[step 03600] DEBUG: ep_len=15.8 ep_ret=-14.007 stop_prob=0.000 score_chg=2.5200
[step 03650] value_loss=2.888443 policy_loss=0.224120
[step 03650] VALUE_DEBUG: target(mean=-15.09 std=1.94 min=-17.42 max=-7.10) V(s)(mean=-15.75 std=1.00) reward(mean=-1.520 std=4.924) clip=50.0
[step 03700] opnorm clamp applied
[step 03700] value_loss=0.194511 policy_loss=0.742453
[step 03700] VALUE_DEBUG: target(mean=-15.02 std=1.16 min=-16.68 max=-12.82) V(s)(mean=-15.15 std=1.13) reward(mean=0.201 std=0.519) clip=50.0
[step 03700] eval_success_rate=0.000 eval_mean_score=11.180 eval_policy_mode=greedy [solved=0/50, score_range=9.00-13.00/16.0, initial=9.00]
[step 03700] PROGRESS: filled=11.18 violations=0.00 zero_cand=0.00
[step 03700] DEBUG: ep_len=15.9 ep_ret=-15.008 stop_prob=0.000 score_chg=2.2000
[step 03750] value_loss=6.911580 policy_loss=0.149068
[step 03750] VALUE_DEBUG: target(mean=-15.88 std=2.91 min=-23.45 max=-7.58) V(s)(mean=-15.71 std=1.31) reward(mean=-1.853 std=5.321) clip=50.0
[step 03800] opnorm clamp applied
[step 03800] value_loss=10.354717 policy_loss=1.184418
[step 03800] VALUE_DEBUG: target(mean=-14.65 std=3.15 min=-17.39 max=1.84) V(s)(mean=-15.64 std=1.06) reward(mean=-0.116 std=2.935) clip=50.0
[step 03800] eval_success_rate=0.000 eval_mean_score=11.400 eval_policy_mode=greedy [solved=0/50, score_range=9.00-14.00/16.0, initial=9.00]
[step 03800] PROGRESS: filled=11.40 violations=0.00 zero_cand=0.00
[step 03800] DEBUG: ep_len=15.8 ep_ret=-14.989 stop_prob=0.000 score_chg=1.9125
[step 03850] value_loss=6.755389 policy_loss=0.156907
[step 03850] VALUE_DEBUG: target(mean=-15.16 std=2.64 min=-23.45 max=-8.91) V(s)(mean=-15.48 std=0.96) reward(mean=-1.252 std=5.412) clip=50.0
[step 03900] opnorm clamp applied
[step 03900] value_loss=4.172127 policy_loss=0.636521
[step 03900] VALUE_DEBUG: target(mean=-15.68 std=2.20 min=-22.01 max=-12.08) V(s)(mean=-15.76 std=1.06) reward(mean=-2.722 std=5.816) clip=50.0
[step 03900] eval_success_rate=0.000 eval_mean_score=11.820 eval_policy_mode=greedy [solved=0/50, score_range=9.00-15.00/16.0, initial=9.00]
[step 03900] PROGRESS: filled=11.82 violations=0.00 zero_cand=0.00
[step 03900] DEBUG: ep_len=15.7 ep_ret=-14.217 stop_prob=0.000 score_chg=2.0525
[step 03950] value_loss=7.506918 policy_loss=0.021107
[step 03950] VALUE_DEBUG: target(mean=-15.28 std=3.11 min=-23.82 max=-7.95) V(s)(mean=-15.46 std=1.18) reward(mean=-2.242 std=5.876) clip=50.0
[step 04000] opnorm clamp applied
[step 04000] value_loss=5.195021 policy_loss=0.788418
[step 04000] VALUE_DEBUG: target(mean=-14.95 std=2.56 min=-20.91 max=-6.18) V(s)(mean=-14.65 std=1.10) reward(mean=-0.217 std=2.721) clip=50.0
[step 04000] eval_success_rate=0.000 eval_mean_score=11.560 eval_policy_mode=greedy [solved=0/50, score_range=9.00-15.00/16.0, initial=9.00]
[step 04000] PROGRESS: filled=11.56 violations=0.00 zero_cand=0.00
[step 04000] DEBUG: ep_len=15.7 ep_ret=-13.993 stop_prob=0.000 score_chg=2.3950
[Checkpoint] Saved to checkpoints/rl_sudoku-4x4-easy_6to8empties_seed123/rl_checkpoint_step_4000.pt
[step 04050] value_loss=16.161249 policy_loss=0.478191
[step 04050] VALUE_DEBUG: target(mean=-15.45 std=3.85 min=-24.05 max=-2.90) V(s)(mean=-15.12 std=0.93) reward(mean=-1.163 std=5.567) clip=50.0
[step 04100] opnorm clamp applied
[step 04100] value_loss=3.703727 policy_loss=1.201232
[step 04100] VALUE_DEBUG: target(mean=-14.36 std=2.15 min=-16.94 max=-7.29) V(s)(mean=-14.82 std=1.15) reward(mean=0.369 std=3.523) clip=50.0
[step 04100] eval_success_rate=0.000 eval_mean_score=11.520 eval_policy_mode=greedy [solved=0/50, score_range=9.00-15.00/16.0, initial=9.00]
[step 04100] PROGRESS: filled=11.52 violations=0.00 zero_cand=0.00
[step 04100] DEBUG: ep_len=15.7 ep_ret=-14.087 stop_prob=0.000 score_chg=2.4175
[step 04150] value_loss=0.485185 policy_loss=0.612387
[step 04150] VALUE_DEBUG: target(mean=-14.71 std=1.29 min=-16.60 max=-11.67) V(s)(mean=-14.66 std=1.08) reward(mean=-0.771 std=4.043) clip=50.0
[step 04200] opnorm clamp applied
[step 04200] value_loss=9.487571 policy_loss=0.108301
[step 04200] VALUE_DEBUG: target(mean=-14.30 std=3.23 min=-21.52 max=-4.49) V(s)(mean=-15.20 std=0.82) reward(mean=0.647 std=3.104) clip=50.0
[step 04200] eval_success_rate=0.000 eval_mean_score=11.600 eval_policy_mode=greedy [solved=0/50, score_range=9.00-15.00/16.0, initial=9.00]
[step 04200] PROGRESS: filled=11.60 violations=0.00 zero_cand=0.00
[step 04200] DEBUG: ep_len=15.7 ep_ret=-13.658 stop_prob=0.000 score_chg=2.4350
[step 04250] value_loss=9.680713 policy_loss=0.393721
[step 04250] VALUE_DEBUG: target(mean=-14.81 std=3.19 min=-21.21 max=-3.45) V(s)(mean=-14.78 std=1.23) reward(mean=-1.385 std=5.587) clip=50.0
[step 04300] opnorm clamp applied
[step 04300] value_loss=5.829316 policy_loss=0.803443
[step 04300] VALUE_DEBUG: target(mean=-15.06 std=2.33 min=-23.07 max=-10.40) V(s)(mean=-14.42 std=0.99) reward(mean=-0.064 std=2.295) clip=50.0
[step 04300] eval_success_rate=0.000 eval_mean_score=11.780 eval_policy_mode=greedy [solved=0/50, score_range=9.00-14.00/16.0, initial=9.00]
[step 04300] PROGRESS: filled=11.78 violations=0.00 zero_cand=0.00
[step 04300] DEBUG: ep_len=15.8 ep_ret=-14.021 stop_prob=0.000 score_chg=2.4050
[step 04350] value_loss=4.158187 policy_loss=-0.075093
[step 04350] VALUE_DEBUG: target(mean=-15.54 std=1.93 min=-23.23 max=-13.43) V(s)(mean=-15.09 std=0.90) reward(mean=-0.925 std=3.344) clip=50.0
[step 04400] opnorm clamp applied
[step 04400] value_loss=6.877069 policy_loss=0.126100
[step 04400] VALUE_DEBUG: target(mean=-15.10 std=2.63 min=-21.99 max=-8.33) V(s)(mean=-14.90 std=0.93) reward(mean=-0.228 std=2.746) clip=50.0
[step 04400] eval_success_rate=0.000 eval_mean_score=12.240 eval_policy_mode=greedy [solved=0/50, score_range=10.00-14.00/16.0, initial=9.00]
[step 04400] PROGRESS: filled=12.24 violations=0.00 zero_cand=0.00
[step 04400] DEBUG: ep_len=15.8 ep_ret=-14.496 stop_prob=0.000 score_chg=2.3350
[step 04450] value_loss=3.920289 policy_loss=-0.025808
[step 04450] VALUE_DEBUG: target(mean=-14.30 std=2.30 min=-18.31 max=-6.16) V(s)(mean=-14.73 std=1.08) reward(mean=-0.407 std=4.486) clip=50.0
[step 04500] opnorm clamp applied
[step 04500] value_loss=3.198580 policy_loss=0.703573
[step 04500] VALUE_DEBUG: target(mean=-15.26 std=2.03 min=-22.89 max=-12.22) V(s)(mean=-15.40 std=1.17) reward(mean=-0.860 std=3.299) clip=50.0
[step 04500] eval_success_rate=0.020 eval_mean_score=12.300 eval_policy_mode=greedy [solved=1/50, score_range=10.00-16.00/16.0, initial=9.00]
[step 04500] PROGRESS: filled=12.30 violations=0.00 zero_cand=0.00
[step 04500] DEBUG: ep_len=15.7 ep_ret=-14.068 stop_prob=0.000 score_chg=2.3850
[step 04550] value_loss=5.189565 policy_loss=0.195526
[step 04550] VALUE_DEBUG: target(mean=-14.82 std=2.32 min=-22.69 max=-6.88) V(s)(mean=-15.53 std=0.96) reward(mean=-0.271 std=3.440) clip=50.0
[step 04600] opnorm clamp applied
[step 04600] value_loss=13.194662 policy_loss=-0.322576
[step 04600] VALUE_DEBUG: target(mean=-15.30 std=3.80 min=-26.96 max=-6.57) V(s)(mean=-14.94 std=0.95) reward(mean=-1.293 std=5.959) clip=50.0
[step 04600] eval_success_rate=0.000 eval_mean_score=11.580 eval_policy_mode=greedy [solved=0/50, score_range=9.00-14.00/16.0, initial=9.00]
[step 04600] PROGRESS: filled=11.58 violations=0.00 zero_cand=0.00
[step 04600] DEBUG: ep_len=15.6 ep_ret=-13.279 stop_prob=0.000 score_chg=2.8975
[step 04650] value_loss=5.390173 policy_loss=0.700216
[step 04650] VALUE_DEBUG: target(mean=-14.82 std=2.51 min=-20.80 max=-5.17) V(s)(mean=-14.96 std=1.04) reward(mean=-0.451 std=3.604) clip=50.0
[step 04700] opnorm clamp applied
[step 04700] value_loss=2.980406 policy_loss=1.846043
[step 04700] VALUE_DEBUG: target(mean=-15.61 std=1.75 min=-21.46 max=-13.23) V(s)(mean=-15.98 std=1.16) reward(mean=-0.675 std=3.197) clip=50.0
[step 04700] eval_success_rate=0.000 eval_mean_score=12.300 eval_policy_mode=greedy [solved=0/50, score_range=10.00-15.00/16.0, initial=9.00]
[step 04700] PROGRESS: filled=12.30 violations=0.00 zero_cand=0.00
[step 04700] DEBUG: ep_len=15.5 ep_ret=-13.157 stop_prob=0.000 score_chg=2.7675
[step 04750] value_loss=1.275961 policy_loss=-0.183875
[step 04750] VALUE_DEBUG: target(mean=-14.99 std=1.39 min=-19.00 max=-11.90) V(s)(mean=-14.96 std=1.12) reward(mean=-0.888 std=3.942) clip=50.0
[step 04800] opnorm clamp applied
[step 04800] value_loss=5.851063 policy_loss=0.660631
[step 04800] VALUE_DEBUG: target(mean=-14.42 std=2.78 min=-22.58 max=-6.15) V(s)(mean=-15.47 std=1.45) reward(mean=-0.708 std=4.638) clip=50.0
[step 04800] eval_success_rate=0.020 eval_mean_score=11.960 eval_policy_mode=greedy [solved=1/50, score_range=9.00-16.00/16.0, initial=9.00]
[step 04800] PROGRESS: filled=11.96 violations=0.00 zero_cand=0.00
[step 04800] DEBUG: ep_len=15.7 ep_ret=-13.873 stop_prob=0.000 score_chg=2.5575
[step 04850] value_loss=4.627702 policy_loss=-0.231254
[step 04850] VALUE_DEBUG: target(mean=-14.84 std=2.67 min=-21.24 max=-6.45) V(s)(mean=-14.92 std=1.29) reward(mean=-0.200 std=3.552) clip=50.0
[step 04900] opnorm clamp applied
[step 04900] value_loss=3.665528 policy_loss=-0.330599
[step 04900] VALUE_DEBUG: target(mean=-14.83 std=2.00 min=-17.90 max=-8.85) V(s)(mean=-14.97 std=1.54) reward(mean=-0.605 std=4.368) clip=50.0
[step 04900] eval_success_rate=0.000 eval_mean_score=12.540 eval_policy_mode=greedy [solved=0/50, score_range=9.00-15.00/16.0, initial=9.00]
[step 04900] PROGRESS: filled=12.54 violations=0.00 zero_cand=0.00
[step 04900] DEBUG: ep_len=15.4 ep_ret=-12.714 stop_prob=0.000 score_chg=2.6850
[step 04950] value_loss=2.690393 policy_loss=0.163851
[step 04950] VALUE_DEBUG: target(mean=-15.17 std=1.58 min=-20.56 max=-13.00) V(s)(mean=-14.64 std=1.12) reward(mean=-1.587 std=4.880) clip=50.0
[step 05000] opnorm clamp applied
[step 05000] value_loss=6.974591 policy_loss=-1.037043
[step 05000] VALUE_DEBUG: target(mean=-15.52 std=3.07 min=-25.05 max=-7.81) V(s)(mean=-15.09 std=1.36) reward(mean=-1.877 std=6.015) clip=50.0
[step 05000] eval_success_rate=0.000 eval_mean_score=12.600 eval_policy_mode=greedy [solved=0/50, score_range=10.00-15.00/16.0, initial=9.00]
[step 05000] PROGRESS: filled=12.60 violations=0.00 zero_cand=0.00
[step 05000] DEBUG: ep_len=15.5 ep_ret=-12.816 stop_prob=0.000 score_chg=2.8325
[Checkpoint] Saved to checkpoints/rl_sudoku-4x4-easy_6to8empties_seed123/rl_checkpoint_step_5000.pt
[step 05050] value_loss=5.125623 policy_loss=-0.496772
[step 05050] VALUE_DEBUG: target(mean=-14.37 std=2.35 min=-22.11 max=-9.12) V(s)(mean=-13.94 std=1.54) reward(mean=-0.851 std=4.103) clip=50.0
[step 05100] opnorm clamp applied
[step 05100] value_loss=3.731762 policy_loss=0.164400
[step 05100] VALUE_DEBUG: target(mean=-14.98 std=2.55 min=-21.17 max=-8.95) V(s)(mean=-14.86 std=1.14) reward(mean=-0.082 std=1.894) clip=50.0
[step 05100] eval_success_rate=0.020 eval_mean_score=12.540 eval_policy_mode=greedy [solved=1/50, score_range=9.00-16.00/16.0, initial=9.00]
[step 05100] PROGRESS: filled=12.54 violations=0.00 zero_cand=0.00
[step 05100] DEBUG: ep_len=15.4 ep_ret=-12.664 stop_prob=0.000 score_chg=2.8000
[step 05150] value_loss=6.189483 policy_loss=1.266878
[step 05150] VALUE_DEBUG: target(mean=-14.30 std=2.98 min=-24.09 max=-7.82) V(s)(mean=-14.32 std=1.53) reward(mean=-1.829 std=6.268) clip=50.0
[step 05200] opnorm clamp applied
[step 05200] value_loss=0.316551 policy_loss=0.202615
[step 05200] VALUE_DEBUG: target(mean=-14.51 std=1.55 min=-17.16 max=-11.01) V(s)(mean=-14.77 std=1.44) reward(mean=-0.226 std=2.875) clip=50.0
[step 05200] eval_success_rate=0.020 eval_mean_score=12.540 eval_policy_mode=greedy [solved=1/50, score_range=10.00-16.00/16.0, initial=9.00]
[step 05200] PROGRESS: filled=12.54 violations=0.00 zero_cand=0.00
[step 05200] DEBUG: ep_len=15.6 ep_ret=-13.246 stop_prob=0.000 score_chg=2.9975
[step 05250] value_loss=4.008143 policy_loss=1.103017
[step 05250] VALUE_DEBUG: target(mean=-14.36 std=2.34 min=-19.61 max=-7.11) V(s)(mean=-14.47 std=1.77) reward(mean=-0.701 std=4.470) clip=50.0
[step 05300] opnorm clamp applied
[step 05300] value_loss=9.221483 policy_loss=0.781686
[step 05300] VALUE_DEBUG: target(mean=-13.95 std=3.31 min=-20.21 max=-4.79) V(s)(mean=-15.25 std=1.31) reward(mean=0.042 std=4.547) clip=50.0
[step 05300] eval_success_rate=0.000 eval_mean_score=12.220 eval_policy_mode=greedy [solved=0/50, score_range=10.00-15.00/16.0, initial=9.00]
[step 05300] PROGRESS: filled=12.22 violations=0.00 zero_cand=0.00
[step 05300] DEBUG: ep_len=15.2 ep_ret=-12.264 stop_prob=0.000 score_chg=2.9525
[step 05350] value_loss=5.717754 policy_loss=-0.221008
[step 05350] VALUE_DEBUG: target(mean=-14.48 std=2.96 min=-22.09 max=-5.22) V(s)(mean=-14.65 std=1.38) reward(mean=-1.643 std=6.416) clip=50.0
[step 05400] opnorm clamp applied
[step 05400] value_loss=4.698894 policy_loss=0.595492
[step 05400] VALUE_DEBUG: target(mean=-13.82 std=2.92 min=-19.49 max=-5.16) V(s)(mean=-13.78 std=1.86) reward(mean=0.054 std=3.638) clip=50.0
[step 05400] eval_success_rate=0.040 eval_mean_score=12.160 eval_policy_mode=greedy [solved=2/50, score_range=9.00-16.00/16.0, initial=9.00]
[step 05400] PROGRESS: filled=12.16 violations=0.00 zero_cand=0.00
[step 05400] DEBUG: ep_len=15.3 ep_ret=-12.395 stop_prob=0.000 score_chg=3.1425
[step 05450] value_loss=0.256224 policy_loss=0.248135
[step 05450] VALUE_DEBUG: target(mean=-14.23 std=1.24 min=-16.15 max=-11.72) V(s)(mean=-14.13 std=1.14) reward(mean=-1.244 std=4.814) clip=50.0
[step 05500] opnorm clamp applied
[step 05500] value_loss=4.636422 policy_loss=0.333368
[step 05500] VALUE_DEBUG: target(mean=-14.32 std=2.99 min=-24.53 max=-8.36) V(s)(mean=-14.38 std=2.16) reward(mean=-1.755 std=5.097) clip=50.0
[step 05500] eval_success_rate=0.000 eval_mean_score=12.300 eval_policy_mode=greedy [solved=0/50, score_range=10.00-15.00/16.0, initial=9.00]
[step 05500] PROGRESS: filled=12.30 violations=0.00 zero_cand=0.00
[step 05500] DEBUG: ep_len=15.2 ep_ret=-12.462 stop_prob=0.000 score_chg=2.9925
[step 05550] value_loss=1.362355 policy_loss=0.416232
[step 05550] VALUE_DEBUG: target(mean=-14.69 std=2.27 min=-22.55 max=-9.95) V(s)(mean=-14.55 std=1.86) reward(mean=-0.641 std=3.088) clip=50.0
[step 05600] opnorm clamp applied
[step 05600] value_loss=6.333998 policy_loss=0.052779
[step 05600] VALUE_DEBUG: target(mean=-14.33 std=3.05 min=-20.80 max=-6.58) V(s)(mean=-14.29 std=1.74) reward(mean=-0.730 std=4.052) clip=50.0
[step 05600] eval_success_rate=0.000 eval_mean_score=12.340 eval_policy_mode=greedy [solved=0/50, score_range=10.00-15.00/16.0, initial=9.00]
[step 05600] PROGRESS: filled=12.34 violations=0.00 zero_cand=0.00
[step 05600] DEBUG: ep_len=15.1 ep_ret=-11.091 stop_prob=0.000 score_chg=3.4150
[step 05650] value_loss=13.742338 policy_loss=-0.292522
[step 05650] VALUE_DEBUG: target(mean=-13.69 std=4.32 min=-23.53 max=1.84) V(s)(mean=-13.83 std=2.00) reward(mean=0.073 std=2.730) clip=50.0
[step 05700] opnorm clamp applied
[step 05700] value_loss=1.067850 policy_loss=1.129619
[step 05700] VALUE_DEBUG: target(mean=-14.50 std=1.75 min=-18.00 max=-10.24) V(s)(mean=-14.55 std=1.72) reward(mean=-1.043 std=4.031) clip=50.0
[step 05700] eval_success_rate=0.040 eval_mean_score=12.720 eval_policy_mode=greedy [solved=2/50, score_range=10.00-16.00/16.0, initial=9.00]
[step 05700] PROGRESS: filled=12.72 violations=0.00 zero_cand=0.00
[step 05700] DEBUG: ep_len=15.4 ep_ret=-11.999 stop_prob=0.000 score_chg=3.3800
[step 05750] value_loss=2.706631 policy_loss=-0.098920
[step 05750] VALUE_DEBUG: target(mean=-14.38 std=2.74 min=-23.73 max=-8.30) V(s)(mean=-14.59 std=2.20) reward(mean=-1.022 std=4.255) clip=50.0
[step 05800] opnorm clamp applied
[step 05800] value_loss=10.145402 policy_loss=1.150612
[step 05800] VALUE_DEBUG: target(mean=-13.90 std=4.17 min=-22.05 max=1.84) V(s)(mean=-13.31 std=2.46) reward(mean=-1.797 std=5.061) clip=50.0
[step 05800] eval_success_rate=0.020 eval_mean_score=12.560 eval_policy_mode=greedy [solved=1/50, score_range=10.00-16.00/16.0, initial=9.00]
[step 05800] PROGRESS: filled=12.56 violations=0.00 zero_cand=0.00
[step 05800] DEBUG: ep_len=15.1 ep_ret=-11.531 stop_prob=0.000 score_chg=3.5400
[step 05850] value_loss=6.382965 policy_loss=-0.469575
[step 05850] VALUE_DEBUG: target(mean=-15.20 std=2.98 min=-23.06 max=-8.91) V(s)(mean=-14.23 std=1.86) reward(mean=-1.293 std=3.716) clip=50.0
[step 05900] opnorm clamp applied
[step 05900] value_loss=6.408959 policy_loss=-0.588462
[step 05900] VALUE_DEBUG: target(mean=-13.80 std=3.16 min=-21.09 max=-4.49) V(s)(mean=-14.14 std=2.17) reward(mean=-0.232 std=3.819) clip=50.0
[step 05900] eval_success_rate=0.020 eval_mean_score=12.660 eval_policy_mode=greedy [solved=1/50, score_range=10.00-16.00/16.0, initial=9.00]
[step 05900] PROGRESS: filled=12.66 violations=0.00 zero_cand=0.00
[step 05900] DEBUG: ep_len=15.1 ep_ret=-11.607 stop_prob=0.000 score_chg=3.2150
[step 05950] value_loss=7.458897 policy_loss=-0.118514
[step 05950] VALUE_DEBUG: target(mean=-13.19 std=3.25 min=-22.25 max=-5.64) V(s)(mean=-13.89 std=1.65) reward(mean=0.485 std=4.055) clip=50.0
[step 06000] opnorm clamp applied
[step 06000] value_loss=6.115687 policy_loss=-0.082454
[step 06000] VALUE_DEBUG: target(mean=-14.48 std=3.53 min=-22.01 max=-4.36) V(s)(mean=-13.85 std=1.93) reward(mean=-0.930 std=3.766) clip=50.0
[step 06000] eval_success_rate=0.020 eval_mean_score=12.760 eval_policy_mode=greedy [solved=1/50, score_range=10.00-16.00/16.0, initial=9.00]
[step 06000] PROGRESS: filled=12.76 violations=0.00 zero_cand=0.00
[step 06000] DEBUG: ep_len=15.0 ep_ret=-11.235 stop_prob=0.000 score_chg=3.6275
[Checkpoint] Saved to checkpoints/rl_sudoku-4x4-easy_6to8empties_seed123/rl_checkpoint_step_6000.pt
[step 06050] value_loss=13.135437 policy_loss=-0.348364
[step 06050] VALUE_DEBUG: target(mean=-12.51 std=4.43 min=-21.42 max=6.84) V(s)(mean=-12.70 std=2.08) reward(mean=-0.049 std=3.492) clip=50.0
[step 06100] opnorm clamp applied
[step 06100] value_loss=5.079310 policy_loss=0.449630
[step 06100] VALUE_DEBUG: target(mean=-14.07 std=3.59 min=-21.26 max=1.84) V(s)(mean=-14.08 std=2.22) reward(mean=0.045 std=1.127) clip=50.0
[step 06100] eval_success_rate=0.080 eval_mean_score=13.040 eval_policy_mode=greedy [solved=4/50, score_range=10.00-16.00/16.0, initial=9.00]
[step 06100] PROGRESS: filled=13.04 violations=0.00 zero_cand=0.00
[step 06100] DEBUG: ep_len=15.1 ep_ret=-11.425 stop_prob=0.000 score_chg=3.6850
[step 06150] value_loss=16.849422 policy_loss=0.353474
[step 06150] VALUE_DEBUG: target(mean=-15.58 std=4.27 min=-27.38 max=-8.67) V(s)(mean=-14.31 std=1.85) reward(mean=-2.881 std=5.546) clip=50.0
[step 06200] opnorm clamp applied
[step 06200] value_loss=4.984066 policy_loss=-0.790434
[step 06200] VALUE_DEBUG: target(mean=-13.99 std=3.18 min=-23.65 max=-6.58) V(s)(mean=-13.75 std=1.59) reward(mean=-0.486 std=3.657) clip=50.0
[step 06200] eval_success_rate=0.060 eval_mean_score=12.980 eval_policy_mode=greedy [solved=3/50, score_range=9.00-16.00/16.0, initial=9.00]
[step 06200] PROGRESS: filled=12.98 violations=0.00 zero_cand=0.00
[step 06200] DEBUG: ep_len=15.0 ep_ret=-11.772 stop_prob=0.000 score_chg=3.2475
[step 06250] value_loss=6.551754 policy_loss=0.504934
[step 06250] VALUE_DEBUG: target(mean=-12.66 std=3.72 min=-17.64 max=-3.38) V(s)(mean=-13.42 std=2.82) reward(mean=-0.296 std=4.704) clip=50.0
[step 06300] opnorm clamp applied
[step 06300] value_loss=5.674177 policy_loss=1.123006
[step 06300] VALUE_DEBUG: target(mean=-13.62 std=3.40 min=-17.41 max=1.84) V(s)(mean=-13.57 std=1.91) reward(mean=-0.428 std=3.060) clip=50.0
[step 06300] eval_success_rate=0.120 eval_mean_score=13.120 eval_policy_mode=greedy [solved=6/50, score_range=10.00-16.00/16.0, initial=9.00]
[step 06300] PROGRESS: filled=13.12 violations=0.00 zero_cand=0.00
[step 06300] DEBUG: ep_len=15.0 ep_ret=-10.942 stop_prob=0.000 score_chg=3.5600
[step 06350] value_loss=5.757178 policy_loss=0.752607
[step 06350] VALUE_DEBUG: target(mean=-12.72 std=3.56 min=-20.02 max=-5.71) V(s)(mean=-13.79 std=3.58) reward(mean=-0.858 std=4.553) clip=50.0
[step 06400] opnorm clamp applied
[step 06400] value_loss=1.692611 policy_loss=1.151967
[step 06400] VALUE_DEBUG: target(mean=-14.06 std=2.83 min=-18.14 max=-6.40) V(s)(mean=-14.38 std=2.75) reward(mean=-0.327 std=3.239) clip=50.0
[step 06400] eval_success_rate=0.080 eval_mean_score=12.620 eval_policy_mode=greedy [solved=4/50, score_range=9.00-16.00/16.0, initial=9.00]
[step 06400] PROGRESS: filled=12.62 violations=0.00 zero_cand=0.00
[step 06400] DEBUG: ep_len=15.1 ep_ret=-11.638 stop_prob=0.000 score_chg=3.4025
[step 06450] value_loss=6.563791 policy_loss=0.508364
[step 06450] VALUE_DEBUG: target(mean=-14.39 std=3.14 min=-20.12 max=-5.02) V(s)(mean=-13.91 std=2.53) reward(mean=-2.398 std=6.270) clip=50.0
[step 06500] opnorm clamp applied
[step 06500] value_loss=2.571210 policy_loss=-0.827323
[step 06500] VALUE_DEBUG: target(mean=-13.74 std=3.01 min=-21.10 max=-4.16) V(s)(mean=-13.61 std=2.10) reward(mean=0.290 std=1.493) clip=50.0
[step 06500] eval_success_rate=0.080 eval_mean_score=12.780 eval_policy_mode=greedy [solved=4/50, score_range=10.00-16.00/16.0, initial=9.00]
[step 06500] PROGRESS: filled=12.78 violations=0.00 zero_cand=0.00
[step 06500] DEBUG: ep_len=14.9 ep_ret=-11.353 stop_prob=0.000 score_chg=3.4075
[step 06550] value_loss=9.232637 policy_loss=0.066409
[step 06550] VALUE_DEBUG: target(mean=-14.64 std=2.72 min=-21.73 max=-6.65) V(s)(mean=-13.97 std=2.34) reward(mean=-1.887 std=5.326) clip=50.0
[step 06600] opnorm clamp applied
[step 06600] value_loss=2.532410 policy_loss=0.131822
[step 06600] VALUE_DEBUG: target(mean=-13.11 std=3.74 min=-22.34 max=-4.81) V(s)(mean=-13.58 std=3.33) reward(mean=0.014 std=3.347) clip=50.0
[step 06600] eval_success_rate=0.100 eval_mean_score=12.700 eval_policy_mode=greedy [solved=5/50, score_range=10.00-16.00/16.0, initial=9.00]
[step 06600] PROGRESS: filled=12.70 violations=0.00 zero_cand=0.00
[step 06600] DEBUG: ep_len=14.8 ep_ret=-10.846 stop_prob=0.000 score_chg=3.5325
[step 06650] value_loss=5.550924 policy_loss=-0.479102
[step 06650] VALUE_DEBUG: target(mean=-13.59 std=3.57 min=-18.01 max=-4.78) V(s)(mean=-14.51 std=2.84) reward(mean=0.232 std=3.583) clip=50.0
[step 06700] opnorm clamp applied
[step 06700] value_loss=16.974581 policy_loss=1.122887
[step 06700] VALUE_DEBUG: target(mean=-13.64 std=5.72 min=-25.41 max=6.84) V(s)(mean=-13.95 std=2.75) reward(mean=-0.171 std=3.517) clip=50.0
[step 06700] eval_success_rate=0.040 eval_mean_score=12.840 eval_policy_mode=greedy [solved=2/50, score_range=10.00-16.00/16.0, initial=9.00]
[step 06700] PROGRESS: filled=12.84 violations=0.00 zero_cand=0.00
[step 06700] DEBUG: ep_len=14.8 ep_ret=-11.292 stop_prob=0.000 score_chg=3.1600
[step 06750] value_loss=5.589681 policy_loss=0.792447
[step 06750] VALUE_DEBUG: target(mean=-12.06 std=4.05 min=-18.19 max=1.84) V(s)(mean=-13.02 std=2.50) reward(mean=0.015 std=4.606) clip=50.0
[step 06800] opnorm clamp applied
[step 06800] value_loss=16.569733 policy_loss=0.776610
[step 06800] VALUE_DEBUG: target(mean=-13.17 std=4.91 min=-22.02 max=6.84) V(s)(mean=-13.79 std=2.70) reward(mean=0.251 std=3.234) clip=50.0
[step 06800] eval_success_rate=0.140 eval_mean_score=12.440 eval_policy_mode=greedy [solved=7/50, score_range=10.00-16.00/16.0, initial=9.00]
[step 06800] PROGRESS: filled=12.44 violations=0.00 zero_cand=0.00
[step 06800] DEBUG: ep_len=14.6 ep_ret=-10.489 stop_prob=0.000 score_chg=3.3050
[step 06850] value_loss=2.224548 policy_loss=-0.843636
[step 06850] VALUE_DEBUG: target(mean=-13.27 std=2.84 min=-17.15 max=-5.33) V(s)(mean=-14.23 std=2.69) reward(mean=-0.553 std=4.179) clip=50.0
[step 06900] opnorm clamp applied
[step 06900] value_loss=4.816519 policy_loss=0.321908
[step 06900] VALUE_DEBUG: target(mean=-13.96 std=3.76 min=-20.43 max=-1.51) V(s)(mean=-13.55 std=2.90) reward(mean=-0.237 std=2.173) clip=50.0
[step 06900] eval_success_rate=0.120 eval_mean_score=12.640 eval_policy_mode=greedy [solved=6/50, score_range=10.00-16.00/16.0, initial=9.00]
[step 06900] PROGRESS: filled=12.64 violations=0.00 zero_cand=0.00
[step 06900] DEBUG: ep_len=14.7 ep_ret=-10.757 stop_prob=0.000 score_chg=3.4825
[step 06950] value_loss=3.237252 policy_loss=0.231428
[step 06950] VALUE_DEBUG: target(mean=-11.61 std=4.42 min=-20.95 max=0.82) V(s)(mean=-12.00 std=3.91) reward(mean=-0.240 std=3.350) clip=50.0
[step 07000] opnorm clamp applied
[step 07000] value_loss=2.446703 policy_loss=-0.326776
[step 07000] VALUE_DEBUG: target(mean=-13.38 std=4.15 min=-20.24 max=-4.02) V(s)(mean=-12.70 std=3.69) reward(mean=-0.554 std=2.133) clip=50.0
[step 07000] eval_success_rate=0.100 eval_mean_score=13.040 eval_policy_mode=greedy [solved=5/50, score_range=9.00-16.00/16.0, initial=9.00]
[step 07000] PROGRESS: filled=13.04 violations=0.00 zero_cand=0.00
[step 07000] DEBUG: ep_len=14.5 ep_ret=-10.302 stop_prob=0.000 score_chg=3.6700
[Checkpoint] Saved to checkpoints/rl_sudoku-4x4-easy_6to8empties_seed123/rl_checkpoint_step_7000.pt
[step 07050] value_loss=9.414621 policy_loss=-0.101731
[step 07050] VALUE_DEBUG: target(mean=-12.98 std=5.18 min=-19.14 max=6.84) V(s)(mean=-13.25 std=4.42) reward(mean=-1.268 std=5.144) clip=50.0
[step 07100] opnorm clamp applied
[step 07100] value_loss=3.208385 policy_loss=0.442057
[step 07100] VALUE_DEBUG: target(mean=-11.92 std=3.82 min=-16.58 max=-2.30) V(s)(mean=-12.09 std=3.45) reward(mean=-0.207 std=4.485) clip=50.0
[step 07100] eval_success_rate=0.100 eval_mean_score=12.620 eval_policy_mode=greedy [solved=5/50, score_range=10.00-16.00/16.0, initial=9.00]
[step 07100] PROGRESS: filled=12.62 violations=0.00 zero_cand=0.00
[step 07100] DEBUG: ep_len=14.7 ep_ret=-11.205 stop_prob=0.000 score_chg=3.3750
[step 07150] value_loss=4.511423 policy_loss=0.935582
[step 07150] VALUE_DEBUG: target(mean=-12.57 std=4.39 min=-22.04 max=-2.05) V(s)(mean=-12.18 std=3.89) reward(mean=-1.013 std=3.540) clip=50.0
[step 07200] opnorm clamp applied
[step 07200] value_loss=3.495550 policy_loss=0.273203
[step 07200] VALUE_DEBUG: target(mean=-13.07 std=3.63 min=-21.18 max=-1.75) V(s)(mean=-12.71 std=2.98) reward(mean=-0.961 std=3.612) clip=50.0
[step 07200] eval_success_rate=0.060 eval_mean_score=12.500 eval_policy_mode=greedy [solved=3/50, score_range=10.00-16.00/16.0, initial=9.00]
[step 07200] PROGRESS: filled=12.50 violations=0.00 zero_cand=0.00
[step 07200] DEBUG: ep_len=14.7 ep_ret=-11.039 stop_prob=0.000 score_chg=3.4175
[step 07250] value_loss=3.951648 policy_loss=0.512378
[step 07250] VALUE_DEBUG: target(mean=-12.63 std=4.75 min=-18.90 max=1.84) V(s)(mean=-12.82 std=4.24) reward(mean=-1.120 std=4.251) clip=50.0
[step 07300] opnorm clamp applied
[step 07300] value_loss=4.001040 policy_loss=-0.645894
[step 07300] VALUE_DEBUG: target(mean=-13.30 std=3.83 min=-23.77 max=-2.10) V(s)(mean=-12.68 std=3.08) reward(mean=-0.731 std=3.321) clip=50.0
[step 07300] eval_success_rate=0.100 eval_mean_score=12.940 eval_policy_mode=greedy [solved=5/50, score_range=10.00-16.00/16.0, initial=9.00]
[step 07300] PROGRESS: filled=12.94 violations=0.00 zero_cand=0.00
[step 07300] DEBUG: ep_len=14.8 ep_ret=-10.791 stop_prob=0.000 score_chg=3.4525
[step 07350] value_loss=6.715477 policy_loss=-0.029425
[step 07350] VALUE_DEBUG: target(mean=-12.93 std=4.45 min=-20.42 max=-0.88) V(s)(mean=-13.29 std=3.95) reward(mean=-1.382 std=4.838) clip=50.0
[step 07400] opnorm clamp applied
[step 07400] value_loss=4.200234 policy_loss=-0.515499
[step 07400] VALUE_DEBUG: target(mean=-13.11 std=4.37 min=-21.99 max=-1.11) V(s)(mean=-12.85 std=3.62) reward(mean=-0.558 std=3.565) clip=50.0
[step 07400] eval_success_rate=0.140 eval_mean_score=12.940 eval_policy_mode=greedy [solved=7/50, score_range=11.00-16.00/16.0, initial=9.00]
[step 07400] PROGRESS: filled=12.94 violations=0.00 zero_cand=0.00
[step 07400] DEBUG: ep_len=14.8 ep_ret=-10.674 stop_prob=0.000 score_chg=3.8475
[step 07450] value_loss=4.562050 policy_loss=0.512392
[step 07450] VALUE_DEBUG: target(mean=-13.18 std=3.58 min=-18.15 max=-3.26) V(s)(mean=-12.73 std=3.58) reward(mean=-1.307 std=5.014) clip=50.0
[step 07500] opnorm clamp applied
[step 07500] value_loss=1.399580 policy_loss=-0.179026
[step 07500] VALUE_DEBUG: target(mean=-11.27 std=4.28 min=-17.51 max=-0.27) V(s)(mean=-11.18 std=4.40) reward(mean=0.014 std=3.152) clip=50.0
[step 07500] eval_success_rate=0.200 eval_mean_score=13.060 eval_policy_mode=greedy [solved=10/50, score_range=10.00-16.00/16.0, initial=9.00]
[step 07500] PROGRESS: filled=13.06 violations=0.00 zero_cand=0.00
[step 07500] DEBUG: ep_len=14.4 ep_ret=-10.034 stop_prob=0.000 score_chg=3.7675
[step 07550] value_loss=6.979304 policy_loss=-0.521547
[step 07550] VALUE_DEBUG: target(mean=-12.98 std=3.87 min=-20.59 max=-1.72) V(s)(mean=-11.91 std=3.23) reward(mean=-1.248 std=4.572) clip=50.0
[step 07600] opnorm clamp applied
[step 07600] value_loss=5.191388 policy_loss=0.022338
[step 07600] VALUE_DEBUG: target(mean=-12.22 std=5.55 min=-22.03 max=1.84) V(s)(mean=-11.84 std=4.01) reward(mean=-0.767 std=4.284) clip=50.0
[step 07600] eval_success_rate=0.120 eval_mean_score=12.880 eval_policy_mode=greedy [solved=6/50, score_range=10.00-16.00/16.0, initial=9.00]
[step 07600] PROGRESS: filled=12.88 violations=0.00 zero_cand=0.00
[step 07600] DEBUG: ep_len=14.6 ep_ret=-10.308 stop_prob=0.000 score_chg=3.7875
[step 07650] value_loss=7.731561 policy_loss=-0.824107
[step 07650] VALUE_DEBUG: target(mean=-12.53 std=4.65 min=-20.12 max=-0.02) V(s)(mean=-12.36 std=4.14) reward(mean=-2.328 std=6.465) clip=50.0
[step 07700] opnorm clamp applied
[step 07700] value_loss=10.738464 policy_loss=0.664522
[step 07700] VALUE_DEBUG: target(mean=-13.29 std=5.28 min=-20.10 max=6.11) V(s)(mean=-13.11 std=4.33) reward(mean=-1.226 std=5.278) clip=50.0
[step 07700] eval_success_rate=0.160 eval_mean_score=12.900 eval_policy_mode=greedy [solved=8/50, score_range=10.00-16.00/16.0, initial=9.00]
[step 07700] PROGRESS: filled=12.90 violations=0.00 zero_cand=0.00
[step 07700] DEBUG: ep_len=14.7 ep_ret=-11.327 stop_prob=0.000 score_chg=3.0850
[step 07750] value_loss=21.666634 policy_loss=0.433388
[step 07750] VALUE_DEBUG: target(mean=-13.12 std=6.46 min=-24.71 max=6.84) V(s)(mean=-13.28 std=3.70) reward(mean=-1.051 std=5.035) clip=50.0
[step 07800] opnorm clamp applied
[step 07800] value_loss=14.987322 policy_loss=-1.026662
[step 07800] VALUE_DEBUG: target(mean=-12.86 std=5.28 min=-21.95 max=0.69) V(s)(mean=-12.27 std=4.14) reward(mean=-1.135 std=5.307) clip=50.0
[step 07800] eval_success_rate=0.140 eval_mean_score=12.680 eval_policy_mode=greedy [solved=7/50, score_range=10.00-16.00/16.0, initial=9.00]
[step 07800] PROGRESS: filled=12.68 violations=0.00 zero_cand=0.00
[step 07800] DEBUG: ep_len=14.6 ep_ret=-11.259 stop_prob=0.000 score_chg=3.0800
[step 07850] value_loss=2.995839 policy_loss=0.281175
[step 07850] VALUE_DEBUG: target(mean=-11.94 std=4.81 min=-17.18 max=2.24) V(s)(mean=-11.92 std=4.21) reward(mean=-0.451 std=4.106) clip=50.0
[step 07900] opnorm clamp applied
[step 07900] value_loss=6.266926 policy_loss=0.397884
[step 07900] VALUE_DEBUG: target(mean=-12.98 std=5.09 min=-21.97 max=0.78) V(s)(mean=-11.88 std=4.41) reward(mean=-0.885 std=3.423) clip=50.0
[step 07900] eval_success_rate=0.160 eval_mean_score=12.840 eval_policy_mode=greedy [solved=8/50, score_range=10.00-16.00/16.0, initial=9.00]
[step 07900] PROGRESS: filled=12.84 violations=0.00 zero_cand=0.00
[step 07900] DEBUG: ep_len=14.6 ep_ret=-10.653 stop_prob=0.000 score_chg=3.5275
[step 07950] value_loss=3.115232 policy_loss=0.538739
[step 07950] VALUE_DEBUG: target(mean=-11.34 std=6.52 min=-21.78 max=1.05) V(s)(mean=-10.65 std=5.98) reward(mean=-0.998 std=4.259) clip=50.0
[step 08000] opnorm clamp applied
[step 08000] value_loss=1.451357 policy_loss=-0.535564
[step 08000] VALUE_DEBUG: target(mean=-12.36 std=3.87 min=-17.92 max=0.66) V(s)(mean=-12.23 std=3.80) reward(mean=-0.090 std=3.096) clip=50.0
[step 08000] eval_success_rate=0.080 eval_mean_score=12.600 eval_policy_mode=greedy [solved=4/50, score_range=10.00-16.00/16.0, initial=9.00]
[step 08000] PROGRESS: filled=12.60 violations=0.00 zero_cand=0.00
[step 08000] DEBUG: ep_len=14.3 ep_ret=-10.104 stop_prob=0.000 score_chg=3.3825
[Checkpoint] Saved to checkpoints/rl_sudoku-4x4-easy_6to8empties_seed123/rl_checkpoint_step_8000.pt
[step 08050] value_loss=4.665107 policy_loss=-0.738856
[step 08050] VALUE_DEBUG: target(mean=-13.07 std=4.71 min=-17.90 max=1.84) V(s)(mean=-13.58 std=5.02) reward(mean=-1.087 std=4.805) clip=50.0
[step 08100] opnorm clamp applied
[step 08100] value_loss=9.772222 policy_loss=0.041194
[step 08100] VALUE_DEBUG: target(mean=-10.90 std=6.80 min=-23.08 max=5.83) V(s)(mean=-11.69 std=5.04) reward(mean=-1.081 std=7.130) clip=50.0
[step 08100] eval_success_rate=0.160 eval_mean_score=12.640 eval_policy_mode=greedy [solved=8/50, score_range=10.00-16.00/16.0, initial=9.00]
[step 08100] PROGRESS: filled=12.64 violations=0.00 zero_cand=0.00
[step 08100] DEBUG: ep_len=14.8 ep_ret=-11.101 stop_prob=0.000 score_chg=3.4325
[step 08150] value_loss=5.062090 policy_loss=-0.391665
[step 08150] VALUE_DEBUG: target(mean=-11.98 std=5.99 min=-20.47 max=4.70) V(s)(mean=-11.90 std=5.09) reward(mean=-0.330 std=3.693) clip=50.0
[step 08200] opnorm clamp applied
[step 08200] value_loss=5.972224 policy_loss=0.993462
[step 08200] VALUE_DEBUG: target(mean=-12.82 std=5.17 min=-18.71 max=-0.01) V(s)(mean=-12.16 std=4.92) reward(mean=0.163 std=2.477) clip=50.0
[step 08200] eval_success_rate=0.160 eval_mean_score=12.600 eval_policy_mode=greedy [solved=8/50, score_range=10.00-16.00/16.0, initial=9.00]
[step 08200] PROGRESS: filled=12.60 violations=0.00 zero_cand=0.00
[step 08200] DEBUG: ep_len=14.4 ep_ret=-10.591 stop_prob=0.000 score_chg=3.3275
[step 08250] value_loss=3.694369 policy_loss=-0.189479
[step 08250] VALUE_DEBUG: target(mean=-11.27 std=6.15 min=-19.30 max=6.45) V(s)(mean=-11.45 std=5.64) reward(mean=0.384 std=2.077) clip=50.0
[step 08300] opnorm clamp applied
[step 08300] value_loss=9.882845 policy_loss=0.721403
[step 08300] VALUE_DEBUG: target(mean=-10.17 std=6.03 min=-27.01 max=1.57) V(s)(mean=-10.45 std=5.28) reward(mean=0.225 std=5.144) clip=50.0
[step 08300] eval_success_rate=0.160 eval_mean_score=12.860 eval_policy_mode=greedy [solved=8/50, score_range=10.00-16.00/16.0, initial=9.00]
[step 08300] PROGRESS: filled=12.86 violations=0.00 zero_cand=0.00
[step 08300] DEBUG: ep_len=14.6 ep_ret=-10.813 stop_prob=0.000 score_chg=3.4775
[step 08350] value_loss=1.091673 policy_loss=-0.690579
[step 08350] VALUE_DEBUG: target(mean=-13.20 std=4.01 min=-18.88 max=0.77) V(s)(mean=-13.56 std=3.99) reward(mean=-0.776 std=3.993) clip=50.0
[step 08400] opnorm clamp applied
[step 08400] value_loss=4.378421 policy_loss=-0.509762
[step 08400] VALUE_DEBUG: target(mean=-13.52 std=5.29 min=-22.11 max=1.95) V(s)(mean=-13.25 std=4.56) reward(mean=-0.830 std=3.449) clip=50.0
[step 08400] eval_success_rate=0.160 eval_mean_score=13.280 eval_policy_mode=greedy [solved=8/50, score_range=10.00-16.00/16.0, initial=9.00]
[step 08400] PROGRESS: filled=13.28 violations=0.00 zero_cand=0.00
[step 08400] DEBUG: ep_len=14.2 ep_ret=-9.939 stop_prob=0.000 score_chg=3.6850
[step 08450] value_loss=7.709119 policy_loss=0.060337
[step 08450] VALUE_DEBUG: target(mean=-14.69 std=4.26 min=-28.35 max=-5.91) V(s)(mean=-13.66 std=2.75) reward(mean=-0.729 std=2.976) clip=50.0
[step 08500] opnorm clamp applied
[step 08500] value_loss=12.060368 policy_loss=0.064016
[step 08500] VALUE_DEBUG: target(mean=-12.09 std=5.70 min=-22.17 max=1.84) V(s)(mean=-11.36 std=4.38) reward(mean=-1.330 std=5.536) clip=50.0
[step 08500] eval_success_rate=0.160 eval_mean_score=12.940 eval_policy_mode=greedy [solved=8/50, score_range=10.00-16.00/16.0, initial=9.00]
[step 08500] PROGRESS: filled=12.94 violations=0.00 zero_cand=0.00
[step 08500] DEBUG: ep_len=14.3 ep_ret=-9.713 stop_prob=0.000 score_chg=3.9375
[step 08550] value_loss=6.834129 policy_loss=0.652690
[step 08550] VALUE_DEBUG: target(mean=-13.14 std=5.90 min=-22.17 max=2.33) V(s)(mean=-12.20 std=5.14) reward(mean=-1.145 std=4.399) clip=50.0
[step 08600] opnorm clamp applied
[step 08600] value_loss=6.941725 policy_loss=-0.801363
[step 08600] VALUE_DEBUG: target(mean=-11.90 std=5.49 min=-17.80 max=2.34) V(s)(mean=-12.02 std=5.06) reward(mean=-0.179 std=3.215) clip=50.0
[step 08600] eval_success_rate=0.160 eval_mean_score=12.960 eval_policy_mode=greedy [solved=8/50, score_range=10.00-16.00/16.0, initial=9.00]
[step 08600] PROGRESS: filled=12.96 violations=0.00 zero_cand=0.00
[step 08600] DEBUG: ep_len=14.5 ep_ret=-10.354 stop_prob=0.000 score_chg=3.5625
[step 08650] value_loss=8.555262 policy_loss=-1.408513
[step 08650] VALUE_DEBUG: target(mean=-12.97 std=5.46 min=-24.34 max=6.84) V(s)(mean=-13.24 std=4.23) reward(mean=-2.307 std=6.409) clip=50.0
[step 08700] opnorm clamp applied
[step 08700] value_loss=2.680483 policy_loss=0.345128
[step 08700] VALUE_DEBUG: target(mean=-12.64 std=4.35 min=-16.74 max=2.12) V(s)(mean=-13.16 std=4.14) reward(mean=-0.648 std=4.189) clip=50.0
[step 08700] eval_success_rate=0.080 eval_mean_score=12.660 eval_policy_mode=greedy [solved=4/50, score_range=10.00-16.00/16.0, initial=9.00]
[step 08700] PROGRESS: filled=12.66 violations=0.00 zero_cand=0.00
[step 08700] DEBUG: ep_len=14.3 ep_ret=-9.708 stop_prob=0.000 score_chg=3.9500
[step 08750] value_loss=3.493431 policy_loss=-1.140886
[step 08750] VALUE_DEBUG: target(mean=-12.87 std=3.96 min=-20.37 max=1.65) V(s)(mean=-13.05 std=3.78) reward(mean=-1.017 std=5.264) clip=50.0
[step 08800] opnorm clamp applied
[step 08800] value_loss=6.779687 policy_loss=-0.232945
[step 08800] VALUE_DEBUG: target(mean=-13.01 std=4.76 min=-24.18 max=2.45) V(s)(mean=-12.70 std=3.90) reward(mean=-0.423 std=4.518) clip=50.0
[step 08800] eval_success_rate=0.180 eval_mean_score=12.800 eval_policy_mode=greedy [solved=9/50, score_range=9.00-16.00/16.0, initial=9.00]
[step 08800] PROGRESS: filled=12.80 violations=0.00 zero_cand=0.00
[step 08800] DEBUG: ep_len=14.1 ep_ret=-9.494 stop_prob=0.000 score_chg=3.6175
[step 08850] value_loss=3.648714 policy_loss=-0.620414
[step 08850] VALUE_DEBUG: target(mean=-12.72 std=5.59 min=-23.64 max=2.75) V(s)(mean=-12.45 std=4.97) reward(mean=-0.927 std=3.441) clip=50.0
[step 08900] opnorm clamp applied
[step 08900] value_loss=10.864176 policy_loss=-0.332936
[step 08900] VALUE_DEBUG: target(mean=-11.91 std=5.54 min=-18.93 max=6.84) V(s)(mean=-12.76 std=3.71) reward(mean=0.443 std=3.697) clip=50.0
[step 08900] eval_success_rate=0.180 eval_mean_score=13.200 eval_policy_mode=greedy [solved=9/50, score_range=10.00-16.00/16.0, initial=9.00]
[step 08900] PROGRESS: filled=13.20 violations=0.00 zero_cand=0.00
[step 08900] DEBUG: ep_len=14.3 ep_ret=-9.926 stop_prob=0.000 score_chg=3.6550
[step 08950] value_loss=5.973959 policy_loss=0.927915
[step 08950] VALUE_DEBUG: target(mean=-14.13 std=4.49 min=-22.04 max=2.93) V(s)(mean=-13.84 std=4.03) reward(mean=-1.136 std=4.529) clip=50.0
[step 09000] opnorm clamp applied
[step 09000] value_loss=4.199833 policy_loss=-0.408681
[step 09000] VALUE_DEBUG: target(mean=-12.49 std=5.22 min=-19.89 max=0.27) V(s)(mean=-12.56 std=4.83) reward(mean=-1.304 std=5.243) clip=50.0
[step 09000] eval_success_rate=0.180 eval_mean_score=12.920 eval_policy_mode=greedy [solved=9/50, score_range=10.00-16.00/16.0, initial=9.00]
[step 09000] PROGRESS: filled=12.92 violations=0.00 zero_cand=0.00
[step 09000] DEBUG: ep_len=14.5 ep_ret=-10.400 stop_prob=0.000 score_chg=3.5000
[Checkpoint] Saved to checkpoints/rl_sudoku-4x4-easy_6to8empties_seed123/rl_checkpoint_step_9000.pt
[step 09050] value_loss=7.729870 policy_loss=-0.372077
[step 09050] VALUE_DEBUG: target(mean=-13.32 std=5.20 min=-24.00 max=3.19) V(s)(mean=-12.86 std=4.25) reward(mean=-0.646 std=3.914) clip=50.0
[step 09100] opnorm clamp applied
[step 09100] value_loss=5.063002 policy_loss=-0.298161
[step 09100] VALUE_DEBUG: target(mean=-11.49 std=6.21 min=-23.51 max=3.31) V(s)(mean=-11.65 std=5.57) reward(mean=-0.213 std=3.949) clip=50.0
[step 09100] eval_success_rate=0.160 eval_mean_score=12.420 eval_policy_mode=greedy [solved=8/50, score_range=10.00-16.00/16.0, initial=9.00]
[step 09100] PROGRESS: filled=12.42 violations=0.00 zero_cand=0.00
[step 09100] DEBUG: ep_len=14.6 ep_ret=-11.383 stop_prob=0.000 score_chg=2.9425
[step 09150] value_loss=9.808303 policy_loss=-0.245496
[step 09150] VALUE_DEBUG: target(mean=-11.81 std=6.15 min=-18.99 max=3.60) V(s)(mean=-11.96 std=6.10) reward(mean=-0.985 std=4.995) clip=50.0
[step 09200] opnorm clamp applied
[step 09200] value_loss=10.522902 policy_loss=1.037328
[step 09200] VALUE_DEBUG: target(mean=-13.85 std=6.95 min=-26.15 max=2.04) V(s)(mean=-13.18 std=5.76) reward(mean=-1.603 std=3.858) clip=50.0
[step 09200] eval_success_rate=0.160 eval_mean_score=12.800 eval_policy_mode=greedy [solved=8/50, score_range=10.00-16.00/16.0, initial=9.00]
[step 09200] PROGRESS: filled=12.80 violations=0.00 zero_cand=0.00
[step 09200] DEBUG: ep_len=14.4 ep_ret=-10.518 stop_prob=0.000 score_chg=3.3100
[step 09250] value_loss=7.123346 policy_loss=1.270461
[step 09250] VALUE_DEBUG: target(mean=-12.27 std=5.30 min=-19.94 max=2.34) V(s)(mean=-12.62 std=4.80) reward(mean=-0.244 std=3.886) clip=50.0
[step 09300] opnorm clamp applied
[step 09300] value_loss=4.837167 policy_loss=0.131700
[step 09300] VALUE_DEBUG: target(mean=-11.92 std=5.60 min=-18.50 max=3.51) V(s)(mean=-12.61 std=5.19) reward(mean=0.139 std=3.520) clip=50.0
[step 09300] eval_success_rate=0.180 eval_mean_score=12.580 eval_policy_mode=greedy [solved=9/50, score_range=10.00-16.00/16.0, initial=9.00]
[step 09300] PROGRESS: filled=12.58 violations=0.00 zero_cand=0.00
[step 09300] DEBUG: ep_len=14.3 ep_ret=-10.348 stop_prob=0.000 score_chg=3.3600
[step 09350] value_loss=3.775982 policy_loss=-0.125920
[step 09350] VALUE_DEBUG: target(mean=-13.79 std=2.77 min=-18.65 max=-8.04) V(s)(mean=-13.88 std=3.30) reward(mean=-0.112 std=2.304) clip=50.0
[step 09400] opnorm clamp applied
[step 09400] value_loss=10.176965 policy_loss=0.239896
[step 09400] VALUE_DEBUG: target(mean=-13.03 std=5.33 min=-25.79 max=4.30) V(s)(mean=-12.56 std=5.50) reward(mean=-0.917 std=3.945) clip=50.0
[step 09400] eval_success_rate=0.200 eval_mean_score=12.720 eval_policy_mode=greedy [solved=10/50, score_range=10.00-16.00/16.0, initial=9.00]
[step 09400] PROGRESS: filled=12.72 violations=0.00 zero_cand=0.00
[step 09400] DEBUG: ep_len=14.3 ep_ret=-10.440 stop_prob=0.000 score_chg=3.1600
[step 09450] value_loss=6.109524 policy_loss=-0.268926
[step 09450] VALUE_DEBUG: target(mean=-9.79 std=7.18 min=-20.71 max=8.75) V(s)(mean=-10.21 std=6.34) reward(mean=0.145 std=3.806) clip=50.0
[step 09500] opnorm clamp applied
[step 09500] value_loss=4.858790 policy_loss=0.782540
[step 09500] VALUE_DEBUG: target(mean=-11.38 std=6.41 min=-18.57 max=7.63) V(s)(mean=-11.60 std=6.11) reward(mean=-0.858 std=4.550) clip=50.0
[step 09500] eval_success_rate=0.180 eval_mean_score=12.600 eval_policy_mode=greedy [solved=9/50, score_range=10.00-16.00/16.0, initial=9.00]
[step 09500] PROGRESS: filled=12.60 violations=0.00 zero_cand=0.00
[step 09500] DEBUG: ep_len=14.4 ep_ret=-10.160 stop_prob=0.000 score_chg=3.6325
[step 09550] value_loss=1.917091 policy_loss=-0.420484
[step 09550] VALUE_DEBUG: target(mean=-12.97 std=4.35 min=-19.56 max=4.07) V(s)(mean=-12.73 std=4.31) reward(mean=-0.899 std=4.059) clip=50.0
[step 09600] opnorm clamp applied
[step 09600] value_loss=3.639109 policy_loss=0.003500
[step 09600] VALUE_DEBUG: target(mean=-12.62 std=6.32 min=-23.54 max=4.93) V(s)(mean=-12.70 std=5.75) reward(mean=-0.264 std=3.401) clip=50.0
[step 09600] eval_success_rate=0.200 eval_mean_score=12.740 eval_policy_mode=greedy [solved=10/50, score_range=10.00-16.00/16.0, initial=9.00]
[step 09600] PROGRESS: filled=12.74 violations=0.00 zero_cand=0.00
[step 09600] DEBUG: ep_len=14.0 ep_ret=-9.703 stop_prob=0.000 score_chg=3.5000
[step 09650] value_loss=3.160404 policy_loss=0.265859
[step 09650] VALUE_DEBUG: target(mean=-12.17 std=6.38 min=-21.07 max=4.61) V(s)(mean=-12.59 std=6.12) reward(mean=0.263 std=3.455) clip=50.0
[step 09700] opnorm clamp applied
[step 09700] value_loss=2.282909 policy_loss=0.490852
[step 09700] VALUE_DEBUG: target(mean=-11.61 std=6.38 min=-19.93 max=6.47) V(s)(mean=-11.82 std=5.94) reward(mean=0.069 std=3.159) clip=50.0
[step 09700] eval_success_rate=0.160 eval_mean_score=12.560 eval_policy_mode=greedy [solved=8/50, score_range=10.00-16.00/16.0, initial=9.00]
[step 09700] PROGRESS: filled=12.56 violations=0.00 zero_cand=0.00
[step 09700] DEBUG: ep_len=14.2 ep_ret=-9.978 stop_prob=0.000 score_chg=3.5525
[step 09750] value_loss=5.123882 policy_loss=0.308393
[step 09750] VALUE_DEBUG: target(mean=-13.92 std=5.28 min=-21.20 max=0.77) V(s)(mean=-13.62 std=5.16) reward(mean=-0.799 std=3.567) clip=50.0
[step 09800] opnorm clamp applied
[step 09800] value_loss=3.038256 policy_loss=0.241950
[step 09800] VALUE_DEBUG: target(mean=-12.25 std=6.17 min=-18.78 max=4.87) V(s)(mean=-12.35 std=6.08) reward(mean=-0.737 std=4.418) clip=50.0
[step 09800] eval_success_rate=0.200 eval_mean_score=12.320 eval_policy_mode=greedy [solved=10/50, score_range=9.00-16.00/16.0, initial=9.00]
[step 09800] PROGRESS: filled=12.32 violations=0.00 zero_cand=0.00
[step 09800] DEBUG: ep_len=14.5 ep_ret=-10.539 stop_prob=0.000 score_chg=3.5175
[step 09850] value_loss=1.042934 policy_loss=-0.493209
[step 09850] VALUE_DEBUG: target(mean=-10.48 std=8.04 min=-20.00 max=8.50) V(s)(mean=-10.64 std=7.43) reward(mean=-0.897 std=5.003) clip=50.0
[step 09900] opnorm clamp applied
[step 09900] value_loss=3.145723 policy_loss=0.048038
[step 09900] VALUE_DEBUG: target(mean=-12.31 std=6.04 min=-20.12 max=5.65) V(s)(mean=-11.76 std=6.02) reward(mean=-0.805 std=4.746) clip=50.0
[step 09900] eval_success_rate=0.160 eval_mean_score=12.420 eval_policy_mode=greedy [solved=8/50, score_range=9.00-16.00/16.0, initial=9.00]
[step 09900] PROGRESS: filled=12.42 violations=0.00 zero_cand=0.00
[step 09900] DEBUG: ep_len=14.3 ep_ret=-10.129 stop_prob=0.000 score_chg=3.3150
[step 09950] value_loss=3.184046 policy_loss=0.277758
[step 09950] VALUE_DEBUG: target(mean=-12.03 std=7.34 min=-18.80 max=4.20) V(s)(mean=-11.76 std=7.16) reward(mean=-2.869 std=5.951) clip=50.0
[step 10000] opnorm clamp applied
[step 10000] value_loss=4.970602 policy_loss=-0.034527
[step 10000] VALUE_DEBUG: target(mean=-14.49 std=5.67 min=-23.34 max=5.32) V(s)(mean=-14.68 std=5.43) reward(mean=-2.648 std=5.582) clip=50.0
[step 10000] eval_success_rate=0.160 eval_mean_score=12.380 eval_policy_mode=greedy [solved=8/50, score_range=9.00-16.00/16.0, initial=9.00]
[step 10000] PROGRESS: filled=12.38 violations=0.00 zero_cand=0.00
[step 10000] DEBUG: ep_len=13.9 ep_ret=-8.867 stop_prob=0.000 score_chg=3.6100
[Checkpoint] Saved to checkpoints/rl_sudoku-4x4-easy_6to8empties_seed123/rl_checkpoint_step_10000.pt
[step 10050] value_loss=10.543220 policy_loss=0.807089
[step 10050] VALUE_DEBUG: target(mean=-12.04 std=6.15 min=-19.56 max=4.54) V(s)(mean=-12.78 std=5.75) reward(mean=0.343 std=3.327) clip=50.0
[step 10100] opnorm clamp applied
[step 10100] value_loss=3.002655 policy_loss=0.489661
[step 10100] VALUE_DEBUG: target(mean=-13.08 std=4.12 min=-17.86 max=1.84) V(s)(mean=-13.41 std=4.55) reward(mean=-0.549 std=4.162) clip=50.0
[step 10100] eval_success_rate=0.140 eval_mean_score=12.240 eval_policy_mode=greedy [solved=7/50, score_range=10.00-16.00/16.0, initial=9.00]
[step 10100] PROGRESS: filled=12.24 violations=0.00 zero_cand=0.00
[step 10100] DEBUG: ep_len=14.2 ep_ret=-9.474 stop_prob=0.000 score_chg=3.7450
[step 10150] value_loss=5.386703 policy_loss=-0.276371
[step 10150] VALUE_DEBUG: target(mean=-14.10 std=5.58 min=-22.16 max=4.39) V(s)(mean=-13.20 std=5.39) reward(mean=-0.571 std=2.497) clip=50.0
[step 10200] opnorm clamp applied
[step 10200] value_loss=8.610901 policy_loss=-0.424884
[step 10200] VALUE_DEBUG: target(mean=-12.00 std=7.07 min=-28.86 max=9.98) V(s)(mean=-12.29 std=5.70) reward(mean=-0.115 std=4.124) clip=50.0
[step 10200] eval_success_rate=0.100 eval_mean_score=12.560 eval_policy_mode=greedy [solved=5/50, score_range=10.00-16.00/16.0, initial=9.00]
[step 10200] PROGRESS: filled=12.56 violations=0.00 zero_cand=0.00
[step 10200] DEBUG: ep_len=14.6 ep_ret=-10.276 stop_prob=0.000 score_chg=3.5650
[step 10250] value_loss=4.813211 policy_loss=0.534048
[step 10250] VALUE_DEBUG: target(mean=-9.75 std=9.06 min=-21.62 max=7.85) V(s)(mean=-10.30 std=8.28) reward(mean=0.101 std=3.709) clip=50.0
[step 10300] opnorm clamp applied
[step 10300] value_loss=3.511117 policy_loss=-0.178762
[step 10300] VALUE_DEBUG: target(mean=-11.61 std=6.35 min=-22.34 max=4.78) V(s)(mean=-11.88 std=6.02) reward(mean=-0.885 std=4.380) clip=50.0
[step 10300] eval_success_rate=0.080 eval_mean_score=12.000 eval_policy_mode=greedy [solved=4/50, score_range=9.00-16.00/16.0, initial=9.00]
[step 10300] PROGRESS: filled=12.00 violations=0.00 zero_cand=0.00
[step 10300] DEBUG: ep_len=14.6 ep_ret=-10.127 stop_prob=0.000 score_chg=3.6225
[step 10350] value_loss=4.791650 policy_loss=-0.103744
[step 10350] VALUE_DEBUG: target(mean=-11.14 std=6.65 min=-18.08 max=6.15) V(s)(mean=-11.95 std=6.18) reward(mean=0.418 std=3.564) clip=50.0
[step 10400] opnorm clamp applied
[step 10400] value_loss=1.373867 policy_loss=-0.009013
[step 10400] VALUE_DEBUG: target(mean=-12.63 std=6.28 min=-20.26 max=4.23) V(s)(mean=-12.09 std=6.14) reward(mean=-0.902 std=3.992) clip=50.0
[step 10400] eval_success_rate=0.140 eval_mean_score=12.480 eval_policy_mode=greedy [solved=7/50, score_range=9.00-16.00/16.0, initial=9.00]
[step 10400] PROGRESS: filled=12.48 violations=0.00 zero_cand=0.00
[step 10400] DEBUG: ep_len=14.5 ep_ret=-10.245 stop_prob=0.000 score_chg=3.4200
[step 10450] value_loss=2.368698 policy_loss=0.569385
[step 10450] VALUE_DEBUG: target(mean=-12.98 std=5.56 min=-22.58 max=5.83) V(s)(mean=-13.17 std=5.16) reward(mean=-0.832 std=4.185) clip=50.0
[step 10500] opnorm clamp applied
[step 10500] value_loss=3.582819 policy_loss=1.184996
[step 10500] VALUE_DEBUG: target(mean=-11.29 std=6.83 min=-19.69 max=6.06) V(s)(mean=-11.44 std=6.88) reward(mean=-0.119 std=4.611) clip=50.0
[step 10500] eval_success_rate=0.120 eval_mean_score=12.200 eval_policy_mode=greedy [solved=6/50, score_range=9.00-16.00/16.0, initial=9.00]
[step 10500] PROGRESS: filled=12.20 violations=0.00 zero_cand=0.00
[step 10500] DEBUG: ep_len=14.5 ep_ret=-9.900 stop_prob=0.000 score_chg=3.5875
[step 10550] value_loss=6.124849 policy_loss=0.193206
[step 10550] VALUE_DEBUG: target(mean=-13.09 std=5.79 min=-19.95 max=4.69) V(s)(mean=-13.74 std=5.54) reward(mean=-0.556 std=4.584) clip=50.0
[step 10600] opnorm clamp applied
[step 10600] value_loss=6.016227 policy_loss=-0.053345
[step 10600] VALUE_DEBUG: target(mean=-13.36 std=4.38 min=-20.47 max=4.22) V(s)(mean=-13.89 std=3.83) reward(mean=-0.571 std=4.238) clip=50.0
[step 10600] eval_success_rate=0.100 eval_mean_score=12.500 eval_policy_mode=greedy [solved=5/50, score_range=9.00-16.00/16.0, initial=9.00]
[step 10600] PROGRESS: filled=12.50 violations=0.00 zero_cand=0.00
[step 10600] DEBUG: ep_len=14.5 ep_ret=-9.635 stop_prob=0.000 score_chg=3.9275
[step 10650] value_loss=17.013315 policy_loss=-0.196746
[step 10650] VALUE_DEBUG: target(mean=-9.85 std=8.36 min=-18.50 max=11.09) V(s)(mean=-9.72 std=8.02) reward(mean=0.006 std=4.718) clip=50.0
[step 10700] opnorm clamp applied
[step 10700] value_loss=5.511011 policy_loss=-0.456705
[step 10700] VALUE_DEBUG: target(mean=-13.77 std=6.22 min=-22.09 max=5.85) V(s)(mean=-12.75 std=5.57) reward(mean=-2.892 std=6.338) clip=50.0
[step 10700] eval_success_rate=0.100 eval_mean_score=12.140 eval_policy_mode=greedy [solved=5/50, score_range=9.00-16.00/16.0, initial=9.00]
[step 10700] PROGRESS: filled=12.18 violations=0.02 zero_cand=0.00
[step 10700] DEBUG: ep_len=14.8 ep_ret=-11.012 stop_prob=0.000 score_chg=3.5250
[step 10750] value_loss=4.016551 policy_loss=-0.218397
[step 10750] VALUE_DEBUG: target(mean=-9.98 std=8.29 min=-21.90 max=6.29) V(s)(mean=-9.68 std=7.71) reward(mean=-0.399 std=3.444) clip=50.0
[step 10800] opnorm clamp applied
[step 10800] value_loss=3.820173 policy_loss=0.124293
[step 10800] VALUE_DEBUG: target(mean=-11.84 std=7.33 min=-20.84 max=6.28) V(s)(mean=-11.87 std=6.94) reward(mean=-1.293 std=4.232) clip=50.0
[step 10800] eval_success_rate=0.080 eval_mean_score=12.180 eval_policy_mode=greedy [solved=4/50, score_range=8.00-16.00/16.0, initial=9.00]
[step 10800] PROGRESS: filled=12.22 violations=0.02 zero_cand=0.00
[step 10800] DEBUG: ep_len=14.7 ep_ret=-10.386 stop_prob=0.000 score_chg=3.3675
[step 10850] value_loss=4.791668 policy_loss=0.534244
[step 10850] VALUE_DEBUG: target(mean=-12.17 std=5.88 min=-18.20 max=7.36) V(s)(mean=-11.65 std=5.74) reward(mean=-0.427 std=3.290) clip=50.0
[step 10900] opnorm clamp applied
[step 10900] value_loss=11.240767 policy_loss=0.506752
[step 10900] VALUE_DEBUG: target(mean=-13.30 std=7.71 min=-23.57 max=11.46) V(s)(mean=-12.53 std=5.90) reward(mean=-2.223 std=6.195) clip=50.0
[step 10900] eval_success_rate=0.120 eval_mean_score=12.540 eval_policy_mode=greedy [solved=6/50, score_range=8.00-16.00/16.0, initial=9.00]
[step 10900] PROGRESS: filled=12.74 violations=0.10 zero_cand=0.00
[step 10900] DEBUG: ep_len=15.0 ep_ret=-11.620 stop_prob=0.000 score_chg=3.2125
[step 10950] value_loss=14.476803 policy_loss=1.361639
[step 10950] VALUE_DEBUG: target(mean=-12.80 std=7.88 min=-24.29 max=6.84) V(s)(mean=-12.71 std=6.55) reward(mean=-0.274 std=2.558) clip=50.0
[step 11000] opnorm clamp applied
[step 11000] value_loss=9.200771 policy_loss=-0.546750
[step 11000] VALUE_DEBUG: target(mean=-13.19 std=5.66 min=-23.99 max=2.94) V(s)(mean=-13.64 std=4.71) reward(mean=-0.584 std=5.102) clip=50.0
[step 11000] eval_success_rate=0.100 eval_mean_score=12.020 eval_policy_mode=greedy [solved=5/50, score_range=6.00-16.00/16.0, initial=9.00]
[step 11000] PROGRESS: filled=12.30 violations=0.14 zero_cand=0.00
[step 11000] DEBUG: ep_len=14.8 ep_ret=-11.030 stop_prob=0.000 score_chg=3.3225
[Checkpoint] Saved to checkpoints/rl_sudoku-4x4-easy_6to8empties_seed123/rl_checkpoint_step_11000.pt
[step 11050] value_loss=8.245224 policy_loss=0.018129
[step 11050] VALUE_DEBUG: target(mean=-13.29 std=5.53 min=-22.07 max=4.31) V(s)(mean=-13.33 std=4.48) reward(mean=-0.882 std=4.529) clip=50.0
[step 11100] opnorm clamp applied
[step 11100] value_loss=8.273273 policy_loss=0.160786
[step 11100] VALUE_DEBUG: target(mean=-11.11 std=7.84 min=-25.13 max=5.84) V(s)(mean=-11.26 std=7.38) reward(mean=-1.267 std=5.216) clip=50.0
[step 11100] eval_success_rate=0.140 eval_mean_score=12.220 eval_policy_mode=greedy [solved=7/50, score_range=9.00-16.00/16.0, initial=9.00]
[step 11100] PROGRESS: filled=12.26 violations=0.02 zero_cand=0.00
[step 11100] DEBUG: ep_len=14.4 ep_ret=-9.641 stop_prob=0.000 score_chg=3.6550
[step 11150] value_loss=1.912148 policy_loss=-0.212622
[step 11150] VALUE_DEBUG: target(mean=-11.59 std=6.31 min=-18.18 max=6.33) V(s)(mean=-12.20 std=6.04) reward(mean=0.327 std=2.042) clip=50.0
[step 11200] opnorm clamp applied
[step 11200] value_loss=3.768903 policy_loss=0.282309
[step 11200] VALUE_DEBUG: target(mean=-9.14 std=9.20 min=-21.50 max=5.77) V(s)(mean=-8.87 std=8.60) reward(mean=-0.958 std=4.319) clip=50.0
[step 11200] eval_success_rate=0.100 eval_mean_score=12.320 eval_policy_mode=greedy [solved=5/50, score_range=8.00-16.00/16.0, initial=9.00]
[step 11200] PROGRESS: filled=12.36 violations=0.02 zero_cand=0.00
[step 11200] DEBUG: ep_len=14.8 ep_ret=-10.326 stop_prob=0.000 score_chg=3.6125
[step 11250] value_loss=9.195877 policy_loss=-0.450711
[step 11250] VALUE_DEBUG: target(mean=-12.17 std=6.91 min=-21.74 max=3.94) V(s)(mean=-11.65 std=6.86) reward(mean=-2.170 std=4.979) clip=50.0
[step 11300] opnorm clamp applied
[step 11300] value_loss=5.807343 policy_loss=-0.411793
[step 11300] VALUE_DEBUG: target(mean=-13.38 std=5.69 min=-23.75 max=1.92) V(s)(mean=-12.85 std=4.93) reward(mean=-1.919 std=5.788) clip=50.0
[step 11300] eval_success_rate=0.040 eval_mean_score=12.340 eval_policy_mode=greedy [solved=2/50, score_range=8.00-16.00/16.0, initial=9.00]
[step 11300] PROGRESS: filled=12.38 violations=0.02 zero_cand=0.00
[step 11300] DEBUG: ep_len=14.5 ep_ret=-9.736 stop_prob=0.000 score_chg=3.9175
[step 11350] value_loss=6.871089 policy_loss=-0.345895
[step 11350] VALUE_DEBUG: target(mean=-11.09 std=8.25 min=-22.95 max=8.17) V(s)(mean=-10.44 std=7.40) reward(mean=-2.332 std=5.790) clip=50.0
[step 11400] opnorm clamp applied
[step 11400] value_loss=7.234537 policy_loss=0.456951
[step 11400] VALUE_DEBUG: target(mean=-13.02 std=6.38 min=-26.57 max=3.71) V(s)(mean=-12.67 std=5.14) reward(mean=-1.636 std=5.375) clip=50.0
[step 11400] eval_success_rate=0.120 eval_mean_score=12.600 eval_policy_mode=greedy [solved=6/50, score_range=8.00-16.00/16.0, initial=9.00]
[step 11400] PROGRESS: filled=12.64 violations=0.02 zero_cand=0.00
[step 11400] DEBUG: ep_len=14.7 ep_ret=-10.687 stop_prob=0.000 score_chg=3.9225
[step 11450] value_loss=4.591345 policy_loss=-1.040904
[step 11450] VALUE_DEBUG: target(mean=-11.19 std=8.10 min=-21.42 max=9.12) V(s)(mean=-11.30 std=7.39) reward(mean=-0.173 std=4.045) clip=50.0
[step 11500] opnorm clamp applied
[step 11500] value_loss=9.970226 policy_loss=-0.134925
[step 11500] VALUE_DEBUG: target(mean=-10.96 std=6.88 min=-23.95 max=6.38) V(s)(mean=-10.63 std=6.28) reward(mean=-1.482 std=3.884) clip=50.0
[step 11500] eval_success_rate=0.060 eval_mean_score=12.780 eval_policy_mode=greedy [solved=3/50, score_range=8.00-16.00/16.0, initial=9.00]
[step 11500] PROGRESS: filled=12.82 violations=0.02 zero_cand=0.00
[step 11500] DEBUG: ep_len=14.8 ep_ret=-10.376 stop_prob=0.000 score_chg=3.8700
[step 11550] value_loss=8.901713 policy_loss=-0.094648
[step 11550] VALUE_DEBUG: target(mean=-11.23 std=7.68 min=-24.71 max=4.74) V(s)(mean=-11.39 std=7.20) reward(mean=-0.170 std=2.944) clip=50.0
[step 11600] opnorm clamp applied
[step 11600] value_loss=0.538979 policy_loss=0.065315
[step 11600] VALUE_DEBUG: target(mean=-11.63 std=7.01 min=-17.97 max=5.16) V(s)(mean=-11.65 std=6.91) reward(mean=-0.236 std=2.905) clip=50.0
[step 11600] eval_success_rate=0.100 eval_mean_score=12.180 eval_policy_mode=greedy [solved=5/50, score_range=8.00-16.00/16.0, initial=9.00]
[step 11600] PROGRESS: filled=12.22 violations=0.02 zero_cand=0.00
[step 11600] DEBUG: ep_len=14.6 ep_ret=-9.816 stop_prob=0.000 score_chg=4.0450
[step 11650] value_loss=7.544278 policy_loss=0.488748
[step 11650] VALUE_DEBUG: target(mean=-10.20 std=8.19 min=-21.40 max=4.52) V(s)(mean=-9.42 std=7.66) reward(mean=-1.229 std=3.888) clip=50.0
[step 11700] opnorm clamp applied
[step 11700] value_loss=10.895256 policy_loss=-0.016408
[step 11700] VALUE_DEBUG: target(mean=-11.88 std=8.19 min=-23.16 max=11.59) V(s)(mean=-11.60 std=7.06) reward(mean=-0.707 std=4.913) clip=50.0
[step 11700] eval_success_rate=0.100 eval_mean_score=12.060 eval_policy_mode=greedy [solved=5/50, score_range=8.00-16.00/16.0, initial=9.00]
[step 11700] PROGRESS: filled=12.10 violations=0.02 zero_cand=0.00
[step 11700] DEBUG: ep_len=14.5 ep_ret=-9.143 stop_prob=0.000 score_chg=4.1250
[step 11750] value_loss=7.771943 policy_loss=-0.371289
[step 11750] VALUE_DEBUG: target(mean=-13.35 std=5.70 min=-20.82 max=3.76) V(s)(mean=-12.97 std=5.26) reward(mean=-1.166 std=4.921) clip=50.0
[step 11800] opnorm clamp applied
[step 11800] value_loss=10.982679 policy_loss=1.247613
[step 11800] VALUE_DEBUG: target(mean=-12.99 std=6.86 min=-24.25 max=2.80) V(s)(mean=-12.47 std=6.64) reward(mean=-2.110 std=5.452) clip=50.0
[step 11800] eval_success_rate=0.060 eval_mean_score=12.220 eval_policy_mode=greedy [solved=3/50, score_range=9.00-16.00/16.0, initial=9.00]
[step 11800] PROGRESS: filled=12.26 violations=0.02 zero_cand=0.00
[step 11800] DEBUG: ep_len=14.5 ep_ret=-9.880 stop_prob=0.000 score_chg=3.6475
[step 11850] value_loss=4.586066 policy_loss=0.769524
[step 11850] VALUE_DEBUG: target(mean=-10.14 std=6.81 min=-18.75 max=4.58) V(s)(mean=-10.55 std=6.35) reward(mean=0.348 std=2.495) clip=50.0
[step 11900] opnorm clamp applied
[step 11900] value_loss=6.651721 policy_loss=0.660509
[step 11900] VALUE_DEBUG: target(mean=-12.17 std=6.59 min=-23.84 max=6.84) V(s)(mean=-12.07 std=5.43) reward(mean=-0.857 std=5.537) clip=50.0
[step 11900] eval_success_rate=0.140 eval_mean_score=12.880 eval_policy_mode=greedy [solved=7/50, score_range=8.00-16.00/16.0, initial=9.00]
[step 11900] PROGRESS: filled=12.92 violations=0.02 zero_cand=0.00
[step 11900] DEBUG: ep_len=14.8 ep_ret=-10.638 stop_prob=0.000 score_chg=3.7325
[step 11950] value_loss=5.695240 policy_loss=-0.715722
[step 11950] VALUE_DEBUG: target(mean=-11.04 std=7.23 min=-23.51 max=4.59) V(s)(mean=-10.68 std=6.83) reward(mean=-0.772 std=3.715) clip=50.0
[step 12000] opnorm clamp applied
[step 12000] value_loss=13.469678 policy_loss=0.115636
[step 12000] VALUE_DEBUG: target(mean=-12.17 std=5.47 min=-18.01 max=6.84) V(s)(mean=-13.22 std=4.38) reward(mean=0.106 std=2.348) clip=50.0
[step 12000] eval_success_rate=0.140 eval_mean_score=12.640 eval_policy_mode=greedy [solved=7/50, score_range=8.00-16.00/16.0, initial=9.00]
[step 12000] PROGRESS: filled=12.68 violations=0.02 zero_cand=0.00
[step 12000] DEBUG: ep_len=14.1 ep_ret=-8.384 stop_prob=0.000 score_chg=4.3050
[Checkpoint] Saved to checkpoints/rl_sudoku-4x4-easy_6to8empties_seed123/rl_checkpoint_step_12000.pt
[step 12050] value_loss=3.990945 policy_loss=-0.797461
[step 12050] VALUE_DEBUG: target(mean=-12.73 std=5.82 min=-21.75 max=3.13) V(s)(mean=-12.78 std=4.76) reward(mean=-0.248 std=4.726) clip=50.0
[step 12100] opnorm clamp applied
[step 12100] value_loss=19.247679 policy_loss=0.149132
[step 12100] VALUE_DEBUG: target(mean=-11.43 std=6.64 min=-23.65 max=3.71) V(s)(mean=-10.73 std=6.54) reward(mean=-2.240 std=6.205) clip=50.0
[step 12100] eval_success_rate=0.240 eval_mean_score=13.260 eval_policy_mode=greedy [solved=12/50, score_range=8.00-16.00/16.0, initial=9.00]
[step 12100] PROGRESS: filled=13.30 violations=0.02 zero_cand=0.00
[step 12100] DEBUG: ep_len=13.9 ep_ret=-8.364 stop_prob=0.000 score_chg=4.0275
[step 12150] value_loss=5.781444 policy_loss=0.499682
[step 12150] VALUE_DEBUG: target(mean=-10.07 std=7.54 min=-17.69 max=8.70) V(s)(mean=-11.02 std=7.09) reward(mean=-0.266 std=4.601) clip=50.0
[step 12200] opnorm clamp applied
[step 12200] value_loss=11.599258 policy_loss=-0.443026
[step 12200] VALUE_DEBUG: target(mean=-9.73 std=7.27 min=-20.93 max=5.20) V(s)(mean=-10.20 std=6.62) reward(mean=-2.182 std=6.380) clip=50.0
[step 12200] eval_success_rate=0.160 eval_mean_score=12.640 eval_policy_mode=greedy [solved=8/50, score_range=8.00-16.00/16.0, initial=9.00]
[step 12200] PROGRESS: filled=12.68 violations=0.02 zero_cand=0.00
[step 12200] DEBUG: ep_len=14.3 ep_ret=-8.911 stop_prob=0.000 score_chg=4.0200
[step 12250] value_loss=12.102775 policy_loss=0.632529
[step 12250] VALUE_DEBUG: target(mean=-11.31 std=5.88 min=-17.68 max=6.30) V(s)(mean=-11.65 std=6.08) reward(mean=0.008 std=4.037) clip=50.0
[step 12300] opnorm clamp applied
[step 12300] value_loss=16.623150 policy_loss=0.157590
[step 12300] VALUE_DEBUG: target(mean=-10.80 std=7.66 min=-23.88 max=7.71) V(s)(mean=-10.75 std=6.90) reward(mean=0.131 std=4.914) clip=50.0
[step 12300] eval_success_rate=0.160 eval_mean_score=12.640 eval_policy_mode=greedy [solved=8/50, score_range=9.00-16.00/16.0, initial=9.00]
[step 12300] PROGRESS: filled=12.68 violations=0.02 zero_cand=0.00
[step 12300] DEBUG: ep_len=14.0 ep_ret=-8.348 stop_prob=0.000 score_chg=4.2525
[step 12350] value_loss=12.269716 policy_loss=-0.175511
[step 12350] VALUE_DEBUG: target(mean=-11.24 std=8.21 min=-26.30 max=5.53) V(s)(mean=-10.98 std=7.15) reward(mean=-1.705 std=5.140) clip=50.0
[step 12400] opnorm clamp applied
[step 12400] value_loss=1.252027 policy_loss=0.096525
[step 12400] VALUE_DEBUG: target(mean=-10.41 std=7.47 min=-19.04 max=5.99) V(s)(mean=-10.73 std=7.55) reward(mean=-0.083 std=1.523) clip=50.0
[step 12400] eval_success_rate=0.140 eval_mean_score=12.340 eval_policy_mode=greedy [solved=7/50, score_range=9.00-16.00/16.0, initial=9.00]
[step 12400] PROGRESS: filled=12.38 violations=0.02 zero_cand=0.00
[step 12400] DEBUG: ep_len=14.1 ep_ret=-8.434 stop_prob=0.000 score_chg=4.4400
[step 12450] value_loss=3.235785 policy_loss=-0.833094
[step 12450] VALUE_DEBUG: target(mean=-11.43 std=6.57 min=-18.09 max=6.92) V(s)(mean=-11.58 std=5.95) reward(mean=-0.934 std=5.128) clip=50.0
[step 12500] opnorm clamp applied
[step 12500] value_loss=6.394457 policy_loss=-0.018882
[step 12500] VALUE_DEBUG: target(mean=-11.11 std=8.13 min=-22.02 max=5.77) V(s)(mean=-10.21 std=7.31) reward(mean=-1.773 std=5.189) clip=50.0
[step 12500] eval_success_rate=0.260 eval_mean_score=12.560 eval_policy_mode=greedy [solved=13/50, score_range=9.00-16.00/16.0, initial=9.00]
[step 12500] PROGRESS: filled=12.56 violations=0.00 zero_cand=0.00
[step 12500] DEBUG: ep_len=13.8 ep_ret=-7.637 stop_prob=0.000 score_chg=4.4900
[step 12550] value_loss=2.471649 policy_loss=-0.003069
[step 12550] VALUE_DEBUG: target(mean=-11.89 std=6.33 min=-24.27 max=4.04) V(s)(mean=-11.79 std=5.95) reward(mean=-0.327 std=3.309) clip=50.0
[step 12600] opnorm clamp applied
[step 12600] value_loss=7.849307 policy_loss=1.173442
[step 12600] VALUE_DEBUG: target(mean=-11.62 std=6.03 min=-17.33 max=6.34) V(s)(mean=-11.43 std=5.28) reward(mean=-0.395 std=4.086) clip=50.0
[step 12600] eval_success_rate=0.180 eval_mean_score=12.280 eval_policy_mode=greedy [solved=9/50, score_range=9.00-16.00/16.0, initial=9.00]
[step 12600] PROGRESS: filled=12.28 violations=0.00 zero_cand=0.00
[step 12600] DEBUG: ep_len=14.1 ep_ret=-9.134 stop_prob=0.000 score_chg=4.0600
[step 12650] value_loss=3.132081 policy_loss=-0.871125
[step 12650] VALUE_DEBUG: target(mean=-11.66 std=5.26 min=-17.78 max=4.67) V(s)(mean=-11.53 std=4.96) reward(mean=-0.798 std=4.447) clip=50.0
[step 12700] opnorm clamp applied
[step 12700] value_loss=27.099277 policy_loss=-0.153258
[step 12700] VALUE_DEBUG: target(mean=-11.69 std=6.88 min=-25.06 max=5.35) V(s)(mean=-10.31 std=5.74) reward(mean=-1.757 std=5.977) clip=50.0
[step 12700] eval_success_rate=0.180 eval_mean_score=12.700 eval_policy_mode=greedy [solved=9/50, score_range=10.00-16.00/16.0, initial=9.00]
[step 12700] PROGRESS: filled=12.70 violations=0.00 zero_cand=0.00
[step 12700] DEBUG: ep_len=14.3 ep_ret=-9.185 stop_prob=0.000 score_chg=4.3400
[step 12750] value_loss=4.147796 policy_loss=0.297074
[step 12750] VALUE_DEBUG: target(mean=-10.32 std=7.67 min=-22.09 max=4.65) V(s)(mean=-10.46 std=7.41) reward(mean=-2.334 std=7.123) clip=50.0
[step 12800] opnorm clamp applied
[step 12800] value_loss=5.410120 policy_loss=0.080411
[step 12800] VALUE_DEBUG: target(mean=-12.88 std=5.85 min=-21.97 max=4.15) V(s)(mean=-11.87 std=5.37) reward(mean=-1.523 std=5.065) clip=50.0
[step 12800] eval_success_rate=0.160 eval_mean_score=12.500 eval_policy_mode=greedy [solved=8/50, score_range=10.00-16.00/16.0, initial=9.00]
[step 12800] PROGRESS: filled=12.50 violations=0.00 zero_cand=0.00
[step 12800] DEBUG: ep_len=13.9 ep_ret=-7.916 stop_prob=0.000 score_chg=4.5250
[step 12850] value_loss=3.410922 policy_loss=0.870772
[step 12850] VALUE_DEBUG: target(mean=-14.01 std=5.12 min=-22.41 max=2.69) V(s)(mean=-13.69 std=4.87) reward(mean=-1.621 std=4.576) clip=50.0
[step 12900] opnorm clamp applied
[step 12900] value_loss=8.201569 policy_loss=-0.253742
[step 12900] VALUE_DEBUG: target(mean=-11.07 std=6.99 min=-19.73 max=6.35) V(s)(mean=-11.45 std=5.67) reward(mean=-0.527 std=4.574) clip=50.0
[step 12900] eval_success_rate=0.160 eval_mean_score=12.560 eval_policy_mode=greedy [solved=8/50, score_range=9.00-16.00/16.0, initial=9.00]
[step 12900] PROGRESS: filled=12.56 violations=0.00 zero_cand=0.00
[step 12900] DEBUG: ep_len=14.2 ep_ret=-8.371 stop_prob=0.000 score_chg=4.5450
[step 12950] value_loss=2.136103 policy_loss=0.080506
[step 12950] VALUE_DEBUG: target(mean=-12.64 std=6.33 min=-22.09 max=4.66) V(s)(mean=-12.42 std=5.79) reward(mean=-1.808 std=5.438) clip=50.0
[step 13000] opnorm clamp applied
[step 13000] value_loss=14.215189 policy_loss=-0.051604
[step 13000] VALUE_DEBUG: target(mean=-10.77 std=6.85 min=-22.09 max=5.35) V(s)(mean=-10.80 std=6.72) reward(mean=-1.489 std=5.761) clip=50.0
[step 13000] eval_success_rate=0.160 eval_mean_score=12.620 eval_policy_mode=greedy [solved=8/50, score_range=9.00-16.00/16.0, initial=9.00]
[step 13000] PROGRESS: filled=12.62 violations=0.00 zero_cand=0.00
[step 13000] DEBUG: ep_len=14.2 ep_ret=-8.702 stop_prob=0.000 score_chg=4.2050
[Checkpoint] Saved to checkpoints/rl_sudoku-4x4-easy_6to8empties_seed123/rl_checkpoint_step_13000.pt
[step 13050] value_loss=5.978242 policy_loss=0.047040
[step 13050] VALUE_DEBUG: target(mean=-11.22 std=6.82 min=-19.95 max=2.45) V(s)(mean=-11.56 std=6.52) reward(mean=-0.303 std=4.245) clip=50.0
[step 13100] opnorm clamp applied
[step 13100] value_loss=0.901521 policy_loss=-0.207309
[step 13100] VALUE_DEBUG: target(mean=-11.18 std=7.18 min=-18.78 max=5.56) V(s)(mean=-11.39 std=6.95) reward(mean=-0.773 std=3.977) clip=50.0
[step 13100] eval_success_rate=0.160 eval_mean_score=12.740 eval_policy_mode=greedy [solved=8/50, score_range=10.00-16.00/16.0, initial=9.00]
[step 13100] PROGRESS: filled=12.74 violations=0.00 zero_cand=0.00
[step 13100] DEBUG: ep_len=14.2 ep_ret=-8.417 stop_prob=0.000 score_chg=4.2975
[step 13150] value_loss=1.095755 policy_loss=0.505051
[step 13150] VALUE_DEBUG: target(mean=-11.20 std=5.74 min=-18.05 max=3.53) V(s)(mean=-10.87 std=5.49) reward(mean=-0.302 std=3.224) clip=50.0
[step 13200] opnorm clamp applied
[step 13200] value_loss=3.061188 policy_loss=-0.404961
[step 13200] VALUE_DEBUG: target(mean=-11.88 std=5.71 min=-22.54 max=3.21) V(s)(mean=-11.71 std=5.34) reward(mean=-1.142 std=4.405) clip=50.0
[step 13200] eval_success_rate=0.200 eval_mean_score=12.960 eval_policy_mode=greedy [solved=10/50, score_range=9.00-16.00/16.0, initial=9.00]
[step 13200] PROGRESS: filled=12.96 violations=0.00 zero_cand=0.00
[step 13200] DEBUG: ep_len=13.7 ep_ret=-7.204 stop_prob=0.000 score_chg=4.7775
[step 13250] value_loss=0.574954 policy_loss=0.589359
[step 13250] VALUE_DEBUG: target(mean=-11.47 std=5.80 min=-19.30 max=3.43) V(s)(mean=-11.40 std=5.73) reward(mean=-0.056 std=1.505) clip=50.0
[step 13300] opnorm clamp applied
[step 13300] value_loss=6.046741 policy_loss=-0.638034
[step 13300] VALUE_DEBUG: target(mean=-10.50 std=6.64 min=-18.88 max=4.71) V(s)(mean=-10.99 std=6.26) reward(mean=0.098 std=4.104) clip=50.0
[step 13300] eval_success_rate=0.220 eval_mean_score=12.960 eval_policy_mode=greedy [solved=11/50, score_range=9.00-16.00/16.0, initial=9.00]
[step 13300] PROGRESS: filled=12.96 violations=0.00 zero_cand=0.00
[step 13300] DEBUG: ep_len=14.2 ep_ret=-8.725 stop_prob=0.000 score_chg=4.4825
[step 13350] value_loss=6.885416 policy_loss=-0.146389
[step 13350] VALUE_DEBUG: target(mean=-10.41 std=7.28 min=-19.32 max=6.84) V(s)(mean=-10.69 std=5.84) reward(mean=0.690 std=2.450) clip=50.0
[step 13400] opnorm clamp applied
[step 13400] value_loss=3.369994 policy_loss=-0.377700
[step 13400] VALUE_DEBUG: target(mean=-12.56 std=6.81 min=-22.09 max=3.97) V(s)(mean=-12.27 std=6.61) reward(mean=-1.031 std=4.190) clip=50.0
[step 13400] eval_success_rate=0.200 eval_mean_score=13.240 eval_policy_mode=greedy [solved=10/50, score_range=10.00-16.00/16.0, initial=9.00]
[step 13400] PROGRESS: filled=13.24 violations=0.00 zero_cand=0.00
[step 13400] DEBUG: ep_len=13.8 ep_ret=-7.510 stop_prob=0.000 score_chg=4.7800
[step 13450] value_loss=8.869715 policy_loss=-0.957973
[step 13450] VALUE_DEBUG: target(mean=-9.56 std=8.42 min=-21.97 max=6.91) V(s)(mean=-9.02 std=6.87) reward(mean=-1.322 std=4.778) clip=50.0
[step 13500] opnorm clamp applied
[step 13500] value_loss=2.346558 policy_loss=-0.032765
[step 13500] VALUE_DEBUG: target(mean=-11.93 std=5.91 min=-19.04 max=5.03) V(s)(mean=-11.91 std=5.47) reward(mean=-0.742 std=3.219) clip=50.0
[step 13500] eval_success_rate=0.180 eval_mean_score=13.200 eval_policy_mode=greedy [solved=9/50, score_range=9.00-16.00/16.0, initial=9.00]
[step 13500] PROGRESS: filled=13.20 violations=0.00 zero_cand=0.00
[step 13500] DEBUG: ep_len=13.8 ep_ret=-7.633 stop_prob=0.000 score_chg=4.5450
[step 13550] value_loss=6.845064 policy_loss=0.452571
[step 13550] VALUE_DEBUG: target(mean=-10.83 std=7.13 min=-17.27 max=10.43) V(s)(mean=-11.26 std=6.19) reward(mean=-0.088 std=4.200) clip=50.0
[step 13600] opnorm clamp applied
[step 13600] value_loss=3.949648 policy_loss=-0.723396
[step 13600] VALUE_DEBUG: target(mean=-12.37 std=5.64 min=-19.40 max=1.84) V(s)(mean=-12.22 std=5.13) reward(mean=-0.932 std=4.558) clip=50.0
[step 13600] eval_success_rate=0.220 eval_mean_score=13.000 eval_policy_mode=greedy [solved=11/50, score_range=9.00-16.00/16.0, initial=9.00]
[step 13600] PROGRESS: filled=13.00 violations=0.00 zero_cand=0.00
[step 13600] DEBUG: ep_len=13.7 ep_ret=-7.571 stop_prob=0.000 score_chg=4.5925
[step 13650] value_loss=3.683931 policy_loss=-1.001822
[step 13650] VALUE_DEBUG: target(mean=-10.68 std=7.25 min=-21.40 max=7.82) V(s)(mean=-10.53 std=6.36) reward(mean=-0.862 std=4.486) clip=50.0
[step 13700] opnorm clamp applied
[step 13700] value_loss=4.050779 policy_loss=-0.181862
[step 13700] VALUE_DEBUG: target(mean=-10.80 std=6.67 min=-17.69 max=4.59) V(s)(mean=-11.20 std=6.50) reward(mean=-0.253 std=4.369) clip=50.0
[step 13700] eval_success_rate=0.300 eval_mean_score=13.280 eval_policy_mode=greedy [solved=15/50, score_range=9.00-16.00/16.0, initial=9.00]
[step 13700] PROGRESS: filled=13.28 violations=0.00 zero_cand=0.00
[step 13700] DEBUG: ep_len=14.2 ep_ret=-8.491 stop_prob=0.000 score_chg=4.5975
[step 13750] value_loss=7.513690 policy_loss=-0.635648
[step 13750] VALUE_DEBUG: target(mean=-12.16 std=5.80 min=-22.48 max=6.84) V(s)(mean=-12.11 std=4.77) reward(mean=-0.790 std=5.308) clip=50.0
[step 13800] opnorm clamp applied
[step 13800] value_loss=7.513735 policy_loss=-1.052697
[step 13800] VALUE_DEBUG: target(mean=-10.93 std=7.04 min=-17.86 max=4.38) V(s)(mean=-11.96 std=6.28) reward(mean=-0.221 std=5.089) clip=50.0
[step 13800] eval_success_rate=0.220 eval_mean_score=12.840 eval_policy_mode=greedy [solved=11/50, score_range=9.00-16.00/16.0, initial=9.00]
[step 13800] PROGRESS: filled=12.84 violations=0.00 zero_cand=0.00
[step 13800] DEBUG: ep_len=14.0 ep_ret=-8.243 stop_prob=0.000 score_chg=4.5100
[step 13850] value_loss=12.351284 policy_loss=-0.325685
[step 13850] VALUE_DEBUG: target(mean=-11.30 std=7.44 min=-19.23 max=4.50) V(s)(mean=-10.59 std=7.46) reward(mean=-1.397 std=5.042) clip=50.0
[step 13900] opnorm clamp applied
[step 13900] value_loss=8.743505 policy_loss=-0.530629
[step 13900] VALUE_DEBUG: target(mean=-12.45 std=6.32 min=-22.09 max=4.08) V(s)(mean=-11.63 std=5.81) reward(mean=-2.524 std=6.443) clip=50.0
[step 13900] eval_success_rate=0.220 eval_mean_score=12.600 eval_policy_mode=greedy [solved=11/50, score_range=9.00-16.00/16.0, initial=9.00]
[step 13900] PROGRESS: filled=12.60 violations=0.00 zero_cand=0.00
[step 13900] DEBUG: ep_len=14.1 ep_ret=-8.775 stop_prob=0.000 score_chg=4.3625
[step 13950] value_loss=5.455547 policy_loss=-0.447044
[step 13950] VALUE_DEBUG: target(mean=-11.75 std=6.40 min=-22.08 max=4.99) V(s)(mean=-12.05 std=5.88) reward(mean=-0.684 std=5.186) clip=50.0
[step 14000] opnorm clamp applied
[step 14000] value_loss=5.175610 policy_loss=0.110239
[step 14000] VALUE_DEBUG: target(mean=-13.41 std=5.13 min=-23.53 max=1.84) V(s)(mean=-12.96 std=4.49) reward(mean=-2.769 std=6.449) clip=50.0
[step 14000] eval_success_rate=0.220 eval_mean_score=12.760 eval_policy_mode=greedy [solved=11/50, score_range=9.00-16.00/16.0, initial=9.00]
[step 14000] PROGRESS: filled=12.76 violations=0.00 zero_cand=0.00
[step 14000] DEBUG: ep_len=14.1 ep_ret=-8.847 stop_prob=0.000 score_chg=4.2325
[Checkpoint] Saved to checkpoints/rl_sudoku-4x4-easy_6to8empties_seed123/rl_checkpoint_step_14000.pt
[step 14050] value_loss=5.819119 policy_loss=0.366966
[step 14050] VALUE_DEBUG: target(mean=-10.19 std=6.25 min=-18.08 max=4.10) V(s)(mean=-9.68 std=7.09) reward(mean=-0.861 std=4.780) clip=50.0
[step 14100] opnorm clamp applied
[step 14100] value_loss=5.642066 policy_loss=-0.324855
[step 14100] VALUE_DEBUG: target(mean=-11.00 std=6.46 min=-23.77 max=2.64) V(s)(mean=-11.00 std=6.06) reward(mean=-0.175 std=3.895) clip=50.0
[step 14100] eval_success_rate=0.260 eval_mean_score=12.720 eval_policy_mode=greedy [solved=13/50, score_range=9.00-16.00/16.0, initial=9.00]
[step 14100] PROGRESS: filled=12.72 violations=0.00 zero_cand=0.00
[step 14100] DEBUG: ep_len=14.2 ep_ret=-8.926 stop_prob=0.000 score_chg=4.1425
[step 14150] value_loss=5.523194 policy_loss=-0.361544
[step 14150] VALUE_DEBUG: target(mean=-10.45 std=8.55 min=-25.54 max=6.05) V(s)(mean=-10.22 std=7.78) reward(mean=-1.461 std=5.517) clip=50.0
[step 14200] opnorm clamp applied
[step 14200] value_loss=7.594705 policy_loss=-0.827542
[step 14200] VALUE_DEBUG: target(mean=-10.80 std=6.85 min=-19.46 max=5.13) V(s)(mean=-11.01 std=6.68) reward(mean=-1.017 std=4.658) clip=50.0
[step 14200] eval_success_rate=0.200 eval_mean_score=12.800 eval_policy_mode=greedy [solved=10/50, score_range=9.00-16.00/16.0, initial=9.00]
[step 14200] PROGRESS: filled=12.80 violations=0.00 zero_cand=0.00
[step 14200] DEBUG: ep_len=14.2 ep_ret=-9.374 stop_prob=0.000 score_chg=3.9125
[step 14250] value_loss=7.497983 policy_loss=-0.249427
[step 14250] VALUE_DEBUG: target(mean=-11.63 std=7.25 min=-22.43 max=3.29) V(s)(mean=-10.48 std=6.90) reward(mean=-2.798 std=6.089) clip=50.0
[step 14300] opnorm clamp applied
[step 14300] value_loss=4.212451 policy_loss=-0.780204
[step 14300] VALUE_DEBUG: target(mean=-10.34 std=7.56 min=-21.79 max=5.23) V(s)(mean=-10.63 std=7.23) reward(mean=0.053 std=3.571) clip=50.0
[step 14300] eval_success_rate=0.140 eval_mean_score=12.560 eval_policy_mode=greedy [solved=7/50, score_range=9.00-16.00/16.0, initial=9.00]
[step 14300] PROGRESS: filled=12.56 violations=0.00 zero_cand=0.00
[step 14300] DEBUG: ep_len=14.5 ep_ret=-9.527 stop_prob=0.000 score_chg=4.3700
[step 14350] value_loss=8.334770 policy_loss=-0.294690
[step 14350] VALUE_DEBUG: target(mean=-8.81 std=8.11 min=-17.74 max=11.27) V(s)(mean=-9.76 std=7.24) reward(mean=1.319 std=2.979) clip=50.0
[step 14400] opnorm clamp applied
[step 14400] value_loss=10.739181 policy_loss=0.742059
[step 14400] VALUE_DEBUG: target(mean=-11.78 std=7.31 min=-22.56 max=5.38) V(s)(mean=-11.67 std=6.59) reward(mean=-1.457 std=4.909) clip=50.0
[step 14400] eval_success_rate=0.100 eval_mean_score=12.100 eval_policy_mode=greedy [solved=5/50, score_range=9.00-16.00/16.0, initial=9.00]
[step 14400] PROGRESS: filled=12.10 violations=0.00 zero_cand=0.00
[step 14400] DEBUG: ep_len=14.4 ep_ret=-8.905 stop_prob=0.000 score_chg=4.3500
[step 14450] value_loss=5.297882 policy_loss=-0.391542
[step 14450] VALUE_DEBUG: target(mean=-12.04 std=7.16 min=-22.85 max=5.77) V(s)(mean=-11.33 std=6.55) reward(mean=-0.263 std=2.488) clip=50.0
[step 14500] opnorm clamp applied
[step 14500] value_loss=3.217340 policy_loss=-0.877795
[step 14500] VALUE_DEBUG: target(mean=-9.63 std=7.87 min=-17.78 max=12.12) V(s)(mean=-9.93 std=7.21) reward(mean=0.155 std=3.444) clip=50.0
[step 14500] eval_success_rate=0.100 eval_mean_score=12.180 eval_policy_mode=greedy [solved=5/50, score_range=9.00-16.00/16.0, initial=9.00]
[step 14500] PROGRESS: filled=12.18 violations=0.00 zero_cand=0.00
[step 14500] DEBUG: ep_len=14.2 ep_ret=-8.751 stop_prob=0.000 score_chg=4.2600
[step 14550] value_loss=8.695381 policy_loss=-0.154587
[step 14550] VALUE_DEBUG: target(mean=-8.53 std=8.89 min=-17.69 max=9.54) V(s)(mean=-8.59 std=7.94) reward(mean=-0.720 std=6.263) clip=50.0
[step 14600] opnorm clamp applied
[step 14600] value_loss=3.928230 policy_loss=-0.161342
[step 14600] VALUE_DEBUG: target(mean=-8.90 std=8.61 min=-17.43 max=11.17) V(s)(mean=-9.20 std=8.10) reward(mean=-0.879 std=5.113) clip=50.0
[step 14600] eval_success_rate=0.100 eval_mean_score=12.480 eval_policy_mode=greedy [solved=5/50, score_range=9.00-16.00/16.0, initial=9.00]
[step 14600] PROGRESS: filled=12.48 violations=0.00 zero_cand=0.00
[step 14600] DEBUG: ep_len=14.2 ep_ret=-7.756 stop_prob=0.000 score_chg=4.7325
[step 14650] value_loss=3.955961 policy_loss=-0.419932
[step 14650] VALUE_DEBUG: target(mean=-11.88 std=5.87 min=-17.77 max=4.09) V(s)(mean=-12.68 std=5.63) reward(mean=-0.745 std=5.480) clip=50.0
[step 14700] opnorm clamp applied
[step 14700] value_loss=2.721955 policy_loss=0.005766
[step 14700] VALUE_DEBUG: target(mean=-8.82 std=7.13 min=-17.15 max=5.40) V(s)(mean=-9.43 std=7.19) reward(mean=0.441 std=3.364) clip=50.0
[step 14700] eval_success_rate=0.140 eval_mean_score=12.620 eval_policy_mode=greedy [solved=7/50, score_range=9.00-16.00/16.0, initial=9.00]
[step 14700] PROGRESS: filled=12.62 violations=0.00 zero_cand=0.00
[step 14700] DEBUG: ep_len=14.4 ep_ret=-9.076 stop_prob=0.000 score_chg=4.2600
[step 14750] value_loss=4.708074 policy_loss=0.099266
[step 14750] VALUE_DEBUG: target(mean=-10.88 std=6.46 min=-22.06 max=4.21) V(s)(mean=-11.25 std=6.38) reward(mean=0.042 std=4.624) clip=50.0
[step 14800] opnorm clamp applied
[step 14800] value_loss=6.138733 policy_loss=0.010991
[step 14800] VALUE_DEBUG: target(mean=-10.45 std=7.70 min=-22.96 max=4.60) V(s)(mean=-10.30 std=7.77) reward(mean=-0.242 std=2.639) clip=50.0
[step 14800] eval_success_rate=0.140 eval_mean_score=12.440 eval_policy_mode=greedy [solved=7/50, score_range=9.00-16.00/16.0, initial=9.00]
[step 14800] PROGRESS: filled=12.44 violations=0.00 zero_cand=0.00
[step 14800] DEBUG: ep_len=14.0 ep_ret=-8.499 stop_prob=0.000 score_chg=4.3200
[step 14850] value_loss=7.767610 policy_loss=-0.280625
[step 14850] VALUE_DEBUG: target(mean=-9.85 std=8.25 min=-23.75 max=11.81) V(s)(mean=-10.55 std=7.57) reward(mean=-0.143 std=4.003) clip=50.0
[step 14900] opnorm clamp applied
[step 14900] value_loss=9.784823 policy_loss=-0.752016
[step 14900] VALUE_DEBUG: target(mean=-9.22 std=8.50 min=-22.12 max=9.07) V(s)(mean=-8.82 std=7.69) reward(mean=-0.891 std=4.367) clip=50.0
[step 14900] eval_success_rate=0.140 eval_mean_score=12.720 eval_policy_mode=greedy [solved=7/50, score_range=9.00-16.00/16.0, initial=9.00]
[step 14900] PROGRESS: filled=12.72 violations=0.00 zero_cand=0.00
[step 14900] DEBUG: ep_len=13.8 ep_ret=-7.704 stop_prob=0.000 score_chg=4.3900
[step 14950] value_loss=2.343087 policy_loss=0.400409
[step 14950] VALUE_DEBUG: target(mean=-10.17 std=8.01 min=-17.72 max=4.64) V(s)(mean=-10.19 std=7.78) reward(mean=-0.220 std=3.129) clip=50.0
[step 15000] opnorm clamp applied
[step 15000] value_loss=6.509156 policy_loss=0.089802
[step 15000] VALUE_DEBUG: target(mean=-10.41 std=7.13 min=-19.33 max=7.31) V(s)(mean=-10.80 std=6.74) reward(mean=0.599 std=2.426) clip=50.0
[step 15000] eval_success_rate=0.220 eval_mean_score=12.640 eval_policy_mode=greedy [solved=11/50, score_range=9.00-16.00/16.0, initial=9.00]
[step 15000] PROGRESS: filled=12.64 violations=0.00 zero_cand=0.00
[step 15000] DEBUG: ep_len=13.7 ep_ret=-7.106 stop_prob=0.000 score_chg=4.6825
[Checkpoint] Saved to checkpoints/rl_sudoku-4x4-easy_6to8empties_seed123/rl_checkpoint_step_15000.pt
[step 15050] value_loss=1.700663 policy_loss=0.062666
[step 15050] VALUE_DEBUG: target(mean=-10.59 std=7.33 min=-17.98 max=6.01) V(s)(mean=-10.55 std=6.85) reward(mean=0.447 std=1.554) clip=50.0
[step 15100] opnorm clamp applied
[step 15100] value_loss=4.275868 policy_loss=0.770186
[step 15100] VALUE_DEBUG: target(mean=-11.08 std=7.62 min=-18.68 max=11.48) V(s)(mean=-11.01 std=6.63) reward(mean=-0.868 std=4.816) clip=50.0
[step 15100] eval_success_rate=0.200 eval_mean_score=13.060 eval_policy_mode=greedy [solved=10/50, score_range=9.00-16.00/16.0, initial=9.00]
[step 15100] PROGRESS: filled=13.06 violations=0.00 zero_cand=0.00
[step 15100] DEBUG: ep_len=13.6 ep_ret=-6.924 stop_prob=0.000 score_chg=4.5450
[step 15150] value_loss=6.694390 policy_loss=-0.622006
[step 15150] VALUE_DEBUG: target(mean=-9.48 std=7.16 min=-17.76 max=9.12) V(s)(mean=-9.55 std=6.86) reward(mean=0.131 std=3.754) clip=50.0
[step 15200] opnorm clamp applied
[step 15200] value_loss=3.541520 policy_loss=-0.868193
[step 15200] VALUE_DEBUG: target(mean=-11.86 std=6.80 min=-20.62 max=6.61) V(s)(mean=-11.36 std=6.43) reward(mean=-1.581 std=4.729) clip=50.0
[step 15200] eval_success_rate=0.260 eval_mean_score=12.960 eval_policy_mode=greedy [solved=13/50, score_range=9.00-16.00/16.0, initial=9.00]
[step 15200] PROGRESS: filled=12.96 violations=0.00 zero_cand=0.00
[step 15200] DEBUG: ep_len=13.7 ep_ret=-7.318 stop_prob=0.000 score_chg=4.5050
[step 15250] value_loss=16.506163 policy_loss=0.640486
[step 15250] VALUE_DEBUG: target(mean=-11.87 std=6.88 min=-21.02 max=6.02) V(s)(mean=-11.37 std=7.17) reward(mean=-0.675 std=4.650) clip=50.0
[step 15300] opnorm clamp applied
[step 15300] value_loss=11.826963 policy_loss=-0.115262
[step 15300] VALUE_DEBUG: target(mean=-11.07 std=6.32 min=-17.73 max=4.36) V(s)(mean=-11.52 std=6.51) reward(mean=0.093 std=3.783) clip=50.0
[step 15300] eval_success_rate=0.240 eval_mean_score=13.300 eval_policy_mode=greedy [solved=12/50, score_range=9.00-16.00/16.0, initial=9.00]
[step 15300] PROGRESS: filled=13.30 violations=0.00 zero_cand=0.00
[step 15300] DEBUG: ep_len=13.8 ep_ret=-7.946 stop_prob=0.000 score_chg=4.4200
[step 15350] value_loss=3.433743 policy_loss=0.065546
[step 15350] VALUE_DEBUG: target(mean=-9.92 std=7.74 min=-17.36 max=9.68) V(s)(mean=-10.42 std=7.34) reward(mean=0.158 std=3.575) clip=50.0
[step 15400] opnorm clamp applied
[step 15400] value_loss=23.205132 policy_loss=0.164102
[step 15400] VALUE_DEBUG: target(mean=-10.73 std=7.11 min=-18.43 max=8.02) V(s)(mean=-11.37 std=6.53) reward(mean=0.067 std=3.775) clip=50.0
[step 15400] eval_success_rate=0.260 eval_mean_score=12.740 eval_policy_mode=greedy [solved=13/50, score_range=9.00-16.00/16.0, initial=9.00]
[step 15400] PROGRESS: filled=12.74 violations=0.00 zero_cand=0.00
[step 15400] DEBUG: ep_len=13.5 ep_ret=-7.003 stop_prob=0.000 score_chg=4.5425
[step 15450] value_loss=2.531954 policy_loss=-0.241216
[step 15450] VALUE_DEBUG: target(mean=-7.41 std=8.39 min=-17.70 max=6.38) V(s)(mean=-7.45 std=8.27) reward(mean=-1.212 std=5.354) clip=50.0
[step 15500] opnorm clamp applied
[step 15500] value_loss=3.021618 policy_loss=0.272682
[step 15500] VALUE_DEBUG: target(mean=-9.94 std=6.74 min=-17.53 max=3.74) V(s)(mean=-9.97 std=6.90) reward(mean=-0.059 std=3.436) clip=50.0
[step 15500] eval_success_rate=0.200 eval_mean_score=12.620 eval_policy_mode=greedy [solved=10/50, score_range=9.00-16.00/16.0, initial=9.00]
[step 15500] PROGRESS: filled=12.62 violations=0.00 zero_cand=0.00
[step 15500] DEBUG: ep_len=13.5 ep_ret=-6.583 stop_prob=0.000 score_chg=4.6450
[step 15550] value_loss=3.928078 policy_loss=-0.031583
[step 15550] VALUE_DEBUG: target(mean=-10.99 std=7.55 min=-24.99 max=5.41) V(s)(mean=-11.07 std=7.16) reward(mean=-0.431 std=3.309) clip=50.0
[step 15600] opnorm clamp applied
[step 15600] value_loss=5.971233 policy_loss=0.295774
[step 15600] VALUE_DEBUG: target(mean=-8.93 std=7.37 min=-22.01 max=6.17) V(s)(mean=-9.29 std=7.10) reward(mean=0.827 std=2.474) clip=50.0
[step 15600] eval_success_rate=0.200 eval_mean_score=13.200 eval_policy_mode=greedy [solved=10/50, score_range=10.00-16.00/16.0, initial=9.00]
[step 15600] PROGRESS: filled=13.20 violations=0.00 zero_cand=0.00
[step 15600] DEBUG: ep_len=13.3 ep_ret=-5.721 stop_prob=0.000 score_chg=4.7925
[step 15650] value_loss=1.978734 policy_loss=-0.239019
[step 15650] VALUE_DEBUG: target(mean=-10.72 std=7.18 min=-18.73 max=7.07) V(s)(mean=-11.08 std=6.71) reward(mean=0.285 std=2.054) clip=50.0
[step 15700] opnorm clamp applied
[step 15700] value_loss=4.624497 policy_loss=0.102004
[step 15700] VALUE_DEBUG: target(mean=-9.99 std=7.39 min=-18.79 max=5.58) V(s)(mean=-9.78 std=7.17) reward(mean=-0.564 std=4.466) clip=50.0
[step 15700] eval_success_rate=0.200 eval_mean_score=13.040 eval_policy_mode=greedy [solved=10/50, score_range=9.00-16.00/16.0, initial=9.00]
[step 15700] PROGRESS: filled=13.04 violations=0.00 zero_cand=0.00
[step 15700] DEBUG: ep_len=13.6 ep_ret=-6.068 stop_prob=0.000 score_chg=5.0675
[step 15750] value_loss=14.706280 policy_loss=0.038051
[step 15750] VALUE_DEBUG: target(mean=-9.73 std=6.88 min=-18.90 max=7.72) V(s)(mean=-10.18 std=7.69) reward(mean=0.389 std=4.820) clip=50.0
[step 15800] opnorm clamp applied
[step 15800] value_loss=5.477538 policy_loss=0.217213
[step 15800] VALUE_DEBUG: target(mean=-9.75 std=6.79 min=-17.45 max=5.96) V(s)(mean=-10.52 std=6.45) reward(mean=-0.053 std=4.597) clip=50.0
[step 15800] eval_success_rate=0.100 eval_mean_score=12.880 eval_policy_mode=greedy [solved=5/50, score_range=9.00-16.00/16.0, initial=9.00]
[step 15800] PROGRESS: filled=12.88 violations=0.00 zero_cand=0.00
[step 15800] DEBUG: ep_len=13.7 ep_ret=-6.650 stop_prob=0.000 score_chg=4.8100
[step 15850] value_loss=6.248793 policy_loss=-0.673602
[step 15850] VALUE_DEBUG: target(mean=-11.86 std=7.16 min=-20.24 max=5.27) V(s)(mean=-11.75 std=6.28) reward(mean=-0.770 std=3.622) clip=50.0
[step 15900] opnorm clamp applied
[step 15900] value_loss=0.938425 policy_loss=0.485457
[step 15900] VALUE_DEBUG: target(mean=-10.13 std=7.19 min=-16.94 max=5.91) V(s)(mean=-10.02 std=7.08) reward(mean=-0.026 std=3.365) clip=50.0
[step 15900] eval_success_rate=0.140 eval_mean_score=13.260 eval_policy_mode=greedy [solved=7/50, score_range=9.00-16.00/16.0, initial=9.00]
[step 15900] PROGRESS: filled=13.26 violations=0.00 zero_cand=0.00
[step 15900] DEBUG: ep_len=13.8 ep_ret=-6.742 stop_prob=0.000 score_chg=4.8700
[step 15950] value_loss=7.923788 policy_loss=-1.008917
[step 15950] VALUE_DEBUG: target(mean=-10.43 std=8.06 min=-23.92 max=10.43) V(s)(mean=-9.94 std=6.81) reward(mean=-0.306 std=3.926) clip=50.0
[step 16000] opnorm clamp applied
[step 16000] value_loss=11.136217 policy_loss=-0.296215
[step 16000] VALUE_DEBUG: target(mean=-9.23 std=9.23 min=-21.92 max=14.16) V(s)(mean=-9.47 std=7.71) reward(mean=-0.827 std=4.644) clip=50.0
[step 16000] eval_success_rate=0.280 eval_mean_score=13.340 eval_policy_mode=greedy [solved=14/50, score_range=9.00-16.00/16.0, initial=9.00]
[step 16000] PROGRESS: filled=13.34 violations=0.00 zero_cand=0.00
[step 16000] DEBUG: ep_len=13.6 ep_ret=-6.524 stop_prob=0.000 score_chg=4.8300
[Checkpoint] Saved to checkpoints/rl_sudoku-4x4-easy_6to8empties_seed123/rl_checkpoint_step_16000.pt
[step 16050] value_loss=2.311318 policy_loss=-0.358134
[step 16050] VALUE_DEBUG: target(mean=-9.91 std=7.92 min=-21.48 max=5.32) V(s)(mean=-10.11 std=7.48) reward(mean=0.162 std=1.832) clip=50.0
[step 16100] opnorm clamp applied
[step 16100] value_loss=3.873323 policy_loss=0.308421
[step 16100] VALUE_DEBUG: target(mean=-11.56 std=6.20 min=-21.72 max=7.91) V(s)(mean=-11.88 std=5.27) reward(mean=-0.052 std=4.735) clip=50.0
[step 16100] eval_success_rate=0.240 eval_mean_score=13.260 eval_policy_mode=greedy [solved=12/50, score_range=9.00-16.00/16.0, initial=9.00]
[step 16100] PROGRESS: filled=13.26 violations=0.00 zero_cand=0.00
[step 16100] DEBUG: ep_len=13.5 ep_ret=-6.639 stop_prob=0.000 score_chg=4.7825
[step 16150] value_loss=7.853966 policy_loss=-0.238175
[step 16150] VALUE_DEBUG: target(mean=-10.20 std=6.63 min=-17.65 max=4.97) V(s)(mean=-10.58 std=6.12) reward(mean=0.727 std=3.043) clip=50.0
[step 16200] opnorm clamp applied
[step 16200] value_loss=7.484094 policy_loss=-0.036216
[step 16200] VALUE_DEBUG: target(mean=-11.19 std=7.73 min=-25.16 max=5.44) V(s)(mean=-10.51 std=7.01) reward(mean=-1.701 std=5.892) clip=50.0
[step 16200] eval_success_rate=0.300 eval_mean_score=13.540 eval_policy_mode=greedy [solved=15/50, score_range=9.00-16.00/16.0, initial=9.00]
[step 16200] PROGRESS: filled=13.54 violations=0.00 zero_cand=0.00
[step 16200] DEBUG: ep_len=13.5 ep_ret=-6.518 stop_prob=0.000 score_chg=4.9050
[step 16250] value_loss=10.917856 policy_loss=-0.298101
[step 16250] VALUE_DEBUG: target(mean=-11.23 std=6.76 min=-17.43 max=6.40) V(s)(mean=-11.13 std=6.79) reward(mean=-0.739 std=3.541) clip=50.0
[step 16300] opnorm clamp applied
[step 16300] value_loss=24.862558 policy_loss=0.200614
[step 16300] VALUE_DEBUG: target(mean=-11.47 std=6.40 min=-19.02 max=3.70) V(s)(mean=-10.41 std=6.25) reward(mean=-1.809 std=5.732) clip=50.0
[step 16300] eval_success_rate=0.320 eval_mean_score=13.920 eval_policy_mode=greedy [solved=16/50, score_range=9.00-16.00/16.0, initial=9.00]
[step 16300] PROGRESS: filled=13.92 violations=0.00 zero_cand=0.00
[step 16300] DEBUG: ep_len=13.1 ep_ret=-5.786 stop_prob=0.000 score_chg=4.9350
[step 16350] value_loss=4.067954 policy_loss=0.668190
[step 16350] VALUE_DEBUG: target(mean=-11.46 std=6.15 min=-21.50 max=3.35) V(s)(mean=-11.16 std=6.29) reward(mean=-0.908 std=3.886) clip=50.0
[step 16400] opnorm clamp applied
[step 16400] value_loss=2.744019 policy_loss=0.374459
[step 16400] VALUE_DEBUG: target(mean=-10.40 std=8.10 min=-17.34 max=12.82) V(s)(mean=-11.16 std=7.26) reward(mean=0.001 std=4.878) clip=50.0
[step 16400] eval_success_rate=0.260 eval_mean_score=13.900 eval_policy_mode=greedy [solved=13/50, score_range=9.00-16.00/16.0, initial=9.00]
[step 16400] PROGRESS: filled=13.90 violations=0.00 zero_cand=0.00
[step 16400] DEBUG: ep_len=13.3 ep_ret=-6.161 stop_prob=0.000 score_chg=4.9825
[step 16450] value_loss=6.618013 policy_loss=-0.200659
[step 16450] VALUE_DEBUG: target(mean=-10.73 std=7.52 min=-22.93 max=7.06) V(s)(mean=-11.26 std=6.87) reward(mean=0.632 std=4.002) clip=50.0
[step 16500] opnorm clamp applied
[step 16500] value_loss=15.452291 policy_loss=-0.662437
[step 16500] VALUE_DEBUG: target(mean=-11.51 std=7.57 min=-22.07 max=3.17) V(s)(mean=-11.12 std=6.30) reward(mean=-3.364 std=6.985) clip=50.0
[step 16500] eval_success_rate=0.320 eval_mean_score=13.700 eval_policy_mode=greedy [solved=16/50, score_range=9.00-16.00/16.0, initial=9.00]
[step 16500] PROGRESS: filled=13.70 violations=0.00 zero_cand=0.00
[step 16500] DEBUG: ep_len=13.4 ep_ret=-6.598 stop_prob=0.000 score_chg=4.7350
[step 16550] value_loss=3.659920 policy_loss=-0.170582
[step 16550] VALUE_DEBUG: target(mean=-11.56 std=7.50 min=-19.25 max=10.93) V(s)(mean=-11.25 std=6.67) reward(mean=-1.654 std=5.839) clip=50.0
[step 16600] opnorm clamp applied
[step 16600] value_loss=3.820598 policy_loss=-0.259421
[step 16600] VALUE_DEBUG: target(mean=-8.19 std=7.88 min=-22.09 max=8.27) V(s)(mean=-8.37 std=7.40) reward(mean=0.102 std=4.266) clip=50.0
[step 16600] eval_success_rate=0.300 eval_mean_score=13.660 eval_policy_mode=greedy [solved=15/50, score_range=9.00-16.00/16.0, initial=9.00]
[step 16600] PROGRESS: filled=13.66 violations=0.00 zero_cand=0.00
[step 16600] DEBUG: ep_len=13.2 ep_ret=-6.077 stop_prob=0.000 score_chg=4.9725
[step 16650] value_loss=2.823001 policy_loss=-0.247593
[step 16650] VALUE_DEBUG: target(mean=-11.44 std=5.92 min=-20.07 max=5.83) V(s)(mean=-11.76 std=5.51) reward(mean=-1.152 std=5.503) clip=50.0
[step 16700] opnorm clamp applied
[step 16700] value_loss=3.089350 policy_loss=0.557072
[step 16700] VALUE_DEBUG: target(mean=-9.69 std=6.96 min=-17.64 max=5.55) V(s)(mean=-9.96 std=6.75) reward(mean=-0.159 std=4.455) clip=50.0
[step 16700] eval_success_rate=0.280 eval_mean_score=13.760 eval_policy_mode=greedy [solved=14/50, score_range=9.00-16.00/16.0, initial=9.00]
[step 16700] PROGRESS: filled=13.76 violations=0.00 zero_cand=0.00
[step 16700] DEBUG: ep_len=13.5 ep_ret=-6.743 stop_prob=0.000 score_chg=4.6775
[step 16750] value_loss=7.663376 policy_loss=0.246097
[step 16750] VALUE_DEBUG: target(mean=-6.70 std=8.51 min=-20.19 max=7.51) V(s)(mean=-6.87 std=7.86) reward(mean=-0.031 std=4.146) clip=50.0
[step 16800] opnorm clamp applied
[step 16800] value_loss=17.210596 policy_loss=0.132486
[step 16800] VALUE_DEBUG: target(mean=-8.26 std=8.41 min=-20.31 max=6.84) V(s)(mean=-8.12 std=7.77) reward(mean=-0.805 std=4.852) clip=50.0
[step 16800] eval_success_rate=0.280 eval_mean_score=14.060 eval_policy_mode=greedy [solved=14/50, score_range=9.00-16.00/16.0, initial=9.00]
[step 16800] PROGRESS: filled=14.06 violations=0.00 zero_cand=0.00
[step 16800] DEBUG: ep_len=13.3 ep_ret=-5.590 stop_prob=0.000 score_chg=5.0500
[step 16850] value_loss=3.620258 policy_loss=-0.084251
[step 16850] VALUE_DEBUG: target(mean=-9.40 std=7.47 min=-19.21 max=5.91) V(s)(mean=-9.62 std=6.95) reward(mean=0.070 std=1.929) clip=50.0
[step 16900] opnorm clamp applied
[step 16900] value_loss=3.114105 policy_loss=-0.433069
[step 16900] VALUE_DEBUG: target(mean=-12.19 std=6.05 min=-21.88 max=5.05) V(s)(mean=-11.67 std=5.55) reward(mean=-0.672 std=3.363) clip=50.0
[step 16900] eval_success_rate=0.280 eval_mean_score=13.720 eval_policy_mode=greedy [solved=14/50, score_range=9.00-16.00/16.0, initial=9.00]
[step 16900] PROGRESS: filled=13.72 violations=0.00 zero_cand=0.00
[step 16900] DEBUG: ep_len=13.2 ep_ret=-5.728 stop_prob=0.000 score_chg=5.1100
[step 16950] value_loss=15.250527 policy_loss=0.654801
[step 16950] VALUE_DEBUG: target(mean=-9.15 std=7.54 min=-17.63 max=4.04) V(s)(mean=-8.97 std=7.56) reward(mean=-0.432 std=3.280) clip=50.0
[step 17000] opnorm clamp applied
[step 17000] value_loss=5.301740 policy_loss=0.405194
[step 17000] VALUE_DEBUG: target(mean=-10.70 std=7.09 min=-19.71 max=10.51) V(s)(mean=-11.26 std=6.15) reward(mean=-1.307 std=5.891) clip=50.0
[step 17000] eval_success_rate=0.280 eval_mean_score=13.720 eval_policy_mode=greedy [solved=14/50, score_range=9.00-16.00/16.0, initial=9.00]
[step 17000] PROGRESS: filled=13.72 violations=0.00 zero_cand=0.00
[step 17000] DEBUG: ep_len=13.4 ep_ret=-6.110 stop_prob=0.000 score_chg=5.1250
[Checkpoint] Saved to checkpoints/rl_sudoku-4x4-easy_6to8empties_seed123/rl_checkpoint_step_17000.pt
[step 17050] value_loss=5.653709 policy_loss=-0.422048
[step 17050] VALUE_DEBUG: target(mean=-10.04 std=7.29 min=-20.66 max=4.14) V(s)(mean=-10.09 std=6.85) reward(mean=-0.596 std=4.312) clip=50.0
[step 17100] opnorm clamp applied
[step 17100] value_loss=5.741216 policy_loss=-0.306978
[step 17100] VALUE_DEBUG: target(mean=-11.31 std=5.54 min=-19.80 max=4.95) V(s)(mean=-11.06 std=5.41) reward(mean=-0.588 std=3.934) clip=50.0
[step 17100] eval_success_rate=0.280 eval_mean_score=13.780 eval_policy_mode=greedy [solved=14/50, score_range=9.00-16.00/16.0, initial=9.00]
[step 17100] PROGRESS: filled=13.78 violations=0.00 zero_cand=0.00
[step 17100] DEBUG: ep_len=13.1 ep_ret=-5.180 stop_prob=0.000 score_chg=5.3400
[step 17150] value_loss=4.551841 policy_loss=-0.320840
[step 17150] VALUE_DEBUG: target(mean=-7.78 std=8.63 min=-18.31 max=7.75) V(s)(mean=-7.67 std=8.23) reward(mean=0.066 std=2.277) clip=50.0
[step 17200] opnorm clamp applied
[step 17200] value_loss=10.539370 policy_loss=-0.228040
[step 17200] VALUE_DEBUG: target(mean=-9.28 std=7.65 min=-17.98 max=6.85) V(s)(mean=-8.95 std=8.08) reward(mean=-0.777 std=4.752) clip=50.0
[step 17200] eval_success_rate=0.280 eval_mean_score=13.640 eval_policy_mode=greedy [solved=14/50, score_range=9.00-16.00/16.0, initial=9.00]
[step 17200] PROGRESS: filled=13.64 violations=0.00 zero_cand=0.00
[step 17200] DEBUG: ep_len=13.3 ep_ret=-6.004 stop_prob=0.000 score_chg=5.2400
[step 17250] value_loss=3.614934 policy_loss=0.127213
[step 17250] VALUE_DEBUG: target(mean=-9.00 std=7.74 min=-19.51 max=5.90) V(s)(mean=-8.96 std=7.35) reward(mean=0.317 std=2.418) clip=50.0
[step 17300] opnorm clamp applied
[step 17300] value_loss=5.172313 policy_loss=0.571391
[step 17300] VALUE_DEBUG: target(mean=-9.03 std=8.92 min=-22.58 max=10.34) V(s)(mean=-8.82 std=8.36) reward(mean=-1.057 std=5.111) clip=50.0
[step 17300] eval_success_rate=0.240 eval_mean_score=13.480 eval_policy_mode=greedy [solved=12/50, score_range=9.00-16.00/16.0, initial=9.00]
[step 17300] PROGRESS: filled=13.48 violations=0.00 zero_cand=0.00
[step 17300] DEBUG: ep_len=13.6 ep_ret=-6.931 stop_prob=0.000 score_chg=4.8300
[step 17350] value_loss=4.582480 policy_loss=-0.472213
[step 17350] VALUE_DEBUG: target(mean=-8.06 std=8.50 min=-20.79 max=8.94) V(s)(mean=-7.78 std=7.98) reward(mean=-0.524 std=2.695) clip=50.0
[step 17400] opnorm clamp applied
[step 17400] value_loss=5.268996 policy_loss=0.468817
[step 17400] VALUE_DEBUG: target(mean=-9.79 std=7.77 min=-21.17 max=4.74) V(s)(mean=-9.92 std=7.55) reward(mean=-0.492 std=3.714) clip=50.0
[step 17400] eval_success_rate=0.240 eval_mean_score=13.560 eval_policy_mode=greedy [solved=12/50, score_range=9.00-16.00/16.0, initial=9.00]
[step 17400] PROGRESS: filled=13.56 violations=0.00 zero_cand=0.00
[step 17400] DEBUG: ep_len=13.6 ep_ret=-6.536 stop_prob=0.000 score_chg=4.8775
[step 17450] value_loss=9.112442 policy_loss=-0.606273
[step 17450] VALUE_DEBUG: target(mean=-7.38 std=8.29 min=-24.09 max=7.19) V(s)(mean=-7.55 std=7.42) reward(mean=0.260 std=2.634) clip=50.0
[step 17500] opnorm clamp applied
[step 17500] value_loss=3.830029 policy_loss=0.160931
[step 17500] VALUE_DEBUG: target(mean=-11.74 std=6.42 min=-20.35 max=8.03) V(s)(mean=-11.44 std=5.22) reward(mean=-0.452 std=3.364) clip=50.0
[step 17500] eval_success_rate=0.240 eval_mean_score=13.500 eval_policy_mode=greedy [solved=12/50, score_range=9.00-16.00/16.0, initial=9.00]
[step 17500] PROGRESS: filled=13.50 violations=0.00 zero_cand=0.00
[step 17500] DEBUG: ep_len=13.5 ep_ret=-6.494 stop_prob=0.000 score_chg=4.7825
[step 17550] value_loss=5.363332 policy_loss=-0.142823
[step 17550] VALUE_DEBUG: target(mean=-7.19 std=8.37 min=-19.78 max=6.16) V(s)(mean=-7.65 std=7.92) reward(mean=0.256 std=3.658) clip=50.0
[step 17600] opnorm clamp applied
[step 17600] value_loss=3.010475 policy_loss=0.141024
[step 17600] VALUE_DEBUG: target(mean=-7.68 std=8.04 min=-18.10 max=5.56) V(s)(mean=-8.04 std=7.83) reward(mean=0.404 std=2.182) clip=50.0
[step 17600] eval_success_rate=0.240 eval_mean_score=13.400 eval_policy_mode=greedy [solved=12/50, score_range=9.00-16.00/16.0, initial=9.00]
[step 17600] PROGRESS: filled=13.40 violations=0.00 zero_cand=0.00
[step 17600] DEBUG: ep_len=13.7 ep_ret=-6.742 stop_prob=0.000 score_chg=4.7550
[step 17650] value_loss=8.817511 policy_loss=-0.268784
[step 17650] VALUE_DEBUG: target(mean=-9.43 std=7.93 min=-22.09 max=9.64) V(s)(mean=-10.13 std=6.95) reward(mean=-1.436 std=6.014) clip=50.0
[step 17700] opnorm clamp applied
[step 17700] value_loss=2.021091 policy_loss=-0.105566
[step 17700] VALUE_DEBUG: target(mean=-8.32 std=7.62 min=-18.05 max=4.43) V(s)(mean=-8.57 std=7.61) reward(mean=-0.373 std=4.362) clip=50.0
[step 17700] eval_success_rate=0.240 eval_mean_score=13.260 eval_policy_mode=greedy [solved=12/50, score_range=9.00-16.00/16.0, initial=9.00]
[step 17700] PROGRESS: filled=13.26 violations=0.00 zero_cand=0.00
[step 17700] DEBUG: ep_len=14.0 ep_ret=-7.992 stop_prob=0.000 score_chg=4.4650
[step 17750] value_loss=1.561627 policy_loss=-0.003112
[step 17750] VALUE_DEBUG: target(mean=-9.03 std=6.46 min=-16.14 max=4.49) V(s)(mean=-8.68 std=6.56) reward(mean=-1.179 std=4.082) clip=50.0
[step 17800] opnorm clamp applied
[step 17800] value_loss=8.191548 policy_loss=-0.626250
[step 17800] VALUE_DEBUG: target(mean=-8.74 std=8.12 min=-18.37 max=10.97) V(s)(mean=-9.75 std=7.26) reward(mean=-0.250 std=4.821) clip=50.0
[step 17800] eval_success_rate=0.240 eval_mean_score=13.540 eval_policy_mode=greedy [solved=12/50, score_range=9.00-16.00/16.0, initial=9.00]
[step 17800] PROGRESS: filled=13.66 violations=0.06 zero_cand=0.00
[step 17800] DEBUG: ep_len=13.5 ep_ret=-6.991 stop_prob=0.000 score_chg=4.7075
[step 17850] value_loss=5.726759 policy_loss=0.487054
[step 17850] VALUE_DEBUG: target(mean=-9.12 std=8.76 min=-21.39 max=11.30) V(s)(mean=-9.08 std=8.18) reward(mean=-0.993 std=4.798) clip=50.0
[step 17900] opnorm clamp applied
[step 17900] value_loss=5.988146 policy_loss=0.396392
[step 17900] VALUE_DEBUG: target(mean=-9.83 std=7.84 min=-21.44 max=9.47) V(s)(mean=-9.44 std=7.23) reward(mean=-0.718 std=3.644) clip=50.0
[step 17900] eval_success_rate=0.240 eval_mean_score=13.220 eval_policy_mode=greedy [solved=12/50, score_range=9.00-16.00/16.0, initial=9.00]
[step 17900] PROGRESS: filled=13.22 violations=0.00 zero_cand=0.00
[step 17900] DEBUG: ep_len=14.0 ep_ret=-7.991 stop_prob=0.000 score_chg=4.3900
[step 17950] value_loss=4.462298 policy_loss=-0.238630
[step 17950] VALUE_DEBUG: target(mean=-6.52 std=8.13 min=-18.38 max=7.73) V(s)(mean=-6.61 std=7.71) reward(mean=-0.586 std=4.414) clip=50.0
[step 18000] opnorm clamp applied
[step 18000] value_loss=2.593472 policy_loss=0.049283
[step 18000] VALUE_DEBUG: target(mean=-9.96 std=7.55 min=-18.98 max=6.39) V(s)(mean=-9.90 std=7.59) reward(mean=-1.275 std=5.063) clip=50.0
[step 18000] eval_success_rate=0.240 eval_mean_score=13.260 eval_policy_mode=greedy [solved=12/50, score_range=9.00-16.00/16.0, initial=9.00]
[step 18000] PROGRESS: filled=13.26 violations=0.00 zero_cand=0.00
[step 18000] DEBUG: ep_len=13.6 ep_ret=-7.265 stop_prob=0.000 score_chg=4.5250
[Checkpoint] Saved to checkpoints/rl_sudoku-4x4-easy_6to8empties_seed123/rl_checkpoint_step_18000.pt
[step 18050] value_loss=3.607317 policy_loss=-0.384483
[step 18050] VALUE_DEBUG: target(mean=-10.31 std=7.86 min=-18.14 max=6.90) V(s)(mean=-10.85 std=7.63) reward(mean=0.281 std=1.961) clip=50.0
[step 18100] opnorm clamp applied
[step 18100] value_loss=4.085087 policy_loss=-0.572906
[step 18100] VALUE_DEBUG: target(mean=-9.06 std=7.60 min=-22.04 max=5.34) V(s)(mean=-8.68 std=7.77) reward(mean=-0.554 std=4.156) clip=50.0
[step 18100] eval_success_rate=0.260 eval_mean_score=13.580 eval_policy_mode=greedy [solved=13/50, score_range=9.00-16.00/16.0, initial=9.00]
[step 18100] PROGRESS: filled=13.58 violations=0.00 zero_cand=0.00
[step 18100] DEBUG: ep_len=13.5 ep_ret=-6.626 stop_prob=0.000 score_chg=4.9775
[step 18150] value_loss=0.414936 policy_loss=0.135381
[step 18150] VALUE_DEBUG: target(mean=-9.16 std=7.30 min=-19.18 max=6.59) V(s)(mean=-9.27 std=7.26) reward(mean=0.319 std=0.557) clip=50.0
[step 18200] opnorm clamp applied
[step 18200] value_loss=17.264704 policy_loss=1.149810
[step 18200] VALUE_DEBUG: target(mean=-8.07 std=8.82 min=-20.49 max=8.08) V(s)(mean=-9.29 std=8.54) reward(mean=-0.692 std=5.552) clip=50.0
[step 18200] eval_success_rate=0.260 eval_mean_score=13.420 eval_policy_mode=greedy [solved=13/50, score_range=9.00-16.00/16.0, initial=9.00]
[step 18200] PROGRESS: filled=13.42 violations=0.00 zero_cand=0.00
[step 18200] DEBUG: ep_len=13.3 ep_ret=-5.695 stop_prob=0.000 score_chg=5.0025
[step 18250] value_loss=1.892709 policy_loss=-0.537098
[step 18250] VALUE_DEBUG: target(mean=-9.08 std=7.56 min=-18.32 max=6.20) V(s)(mean=-8.84 std=7.17) reward(mean=-0.591 std=3.228) clip=50.0
[step 18300] opnorm clamp applied
[step 18300] value_loss=0.725468 policy_loss=-0.842841
[step 18300] VALUE_DEBUG: target(mean=-7.59 std=7.61 min=-16.92 max=5.66) V(s)(mean=-7.70 std=7.51) reward(mean=0.065 std=3.089) clip=50.0
[step 18300] eval_success_rate=0.220 eval_mean_score=13.160 eval_policy_mode=greedy [solved=11/50, score_range=9.00-16.00/16.0, initial=9.00]
[step 18300] PROGRESS: filled=13.16 violations=0.00 zero_cand=0.00
[step 18300] DEBUG: ep_len=13.9 ep_ret=-7.427 stop_prob=0.000 score_chg=4.5400
[step 18350] value_loss=11.805552 policy_loss=-0.453799
[step 18350] VALUE_DEBUG: target(mean=-9.38 std=7.79 min=-20.04 max=6.21) V(s)(mean=-8.43 std=7.64) reward(mean=-1.123 std=4.320) clip=50.0
[step 18400] opnorm clamp applied
[step 18400] value_loss=20.698940 policy_loss=-0.786687
[step 18400] VALUE_DEBUG: target(mean=-10.65 std=6.81 min=-21.45 max=6.21) V(s)(mean=-10.36 std=6.41) reward(mean=-1.118 std=5.085) clip=50.0
[step 18400] eval_success_rate=0.260 eval_mean_score=13.340 eval_policy_mode=greedy [solved=13/50, score_range=9.00-16.00/16.0, initial=9.00]
[step 18400] PROGRESS: filled=13.34 violations=0.00 zero_cand=0.00
[step 18400] DEBUG: ep_len=13.4 ep_ret=-6.315 stop_prob=0.000 score_chg=4.6750
[step 18450] value_loss=9.937974 policy_loss=0.340776
[step 18450] VALUE_DEBUG: target(mean=-5.80 std=9.37 min=-21.52 max=13.48) V(s)(mean=-6.89 std=8.34) reward(mean=1.218 std=3.023) clip=50.0
[step 18500] opnorm clamp applied
[step 18500] value_loss=9.138968 policy_loss=-0.031763
[step 18500] VALUE_DEBUG: target(mean=-6.15 std=8.73 min=-17.39 max=9.36) V(s)(mean=-6.22 std=8.81) reward(mean=0.047 std=2.827) clip=50.0
[step 18500] eval_success_rate=0.300 eval_mean_score=13.580 eval_policy_mode=greedy [solved=15/50, score_range=9.00-16.00/16.0, initial=9.00]
[step 18500] PROGRESS: filled=13.58 violations=0.00 zero_cand=0.00
[step 18500] DEBUG: ep_len=13.4 ep_ret=-6.045 stop_prob=0.000 score_chg=4.7250
[step 18550] value_loss=9.862300 policy_loss=-0.011612
[step 18550] VALUE_DEBUG: target(mean=-5.72 std=9.02 min=-16.25 max=11.25) V(s)(mean=-6.55 std=7.69) reward(mean=0.403 std=4.916) clip=50.0
[step 18600] opnorm clamp applied
[step 18600] value_loss=1.641913 policy_loss=-0.826748
[step 18600] VALUE_DEBUG: target(mean=-9.34 std=6.44 min=-17.33 max=3.81) V(s)(mean=-9.02 std=6.53) reward(mean=-0.375 std=3.094) clip=50.0
[step 18600] eval_success_rate=0.260 eval_mean_score=13.460 eval_policy_mode=greedy [solved=13/50, score_range=9.00-16.00/16.0, initial=9.00]
[step 18600] PROGRESS: filled=13.46 violations=0.00 zero_cand=0.00
[step 18600] DEBUG: ep_len=13.5 ep_ret=-6.052 stop_prob=0.000 score_chg=4.7500
[step 18650] value_loss=3.551958 policy_loss=-0.060320
[step 18650] VALUE_DEBUG: target(mean=-8.83 std=7.28 min=-16.15 max=7.28) V(s)(mean=-9.58 std=7.14) reward(mean=0.263 std=3.604) clip=50.0
[step 18700] opnorm clamp applied
[step 18700] value_loss=5.647674 policy_loss=-0.512003
[step 18700] VALUE_DEBUG: target(mean=-11.51 std=5.63 min=-20.39 max=3.67) V(s)(mean=-11.48 std=4.82) reward(mean=-0.088 std=1.632) clip=50.0
[step 18700] eval_success_rate=0.240 eval_mean_score=13.620 eval_policy_mode=greedy [solved=12/50, score_range=9.00-16.00/16.0, initial=9.00]
[step 18700] PROGRESS: filled=13.62 violations=0.00 zero_cand=0.00
[step 18700] DEBUG: ep_len=13.8 ep_ret=-6.974 stop_prob=0.000 score_chg=4.6875
[step 18750] value_loss=12.768288 policy_loss=-0.185664
[step 18750] VALUE_DEBUG: target(mean=-5.27 std=8.28 min=-16.82 max=9.75) V(s)(mean=-4.91 std=7.96) reward(mean=0.043 std=3.475) clip=50.0
[step 18800] opnorm clamp applied
[step 18800] value_loss=13.781955 policy_loss=-0.903337
[step 18800] VALUE_DEBUG: target(mean=-6.19 std=8.83 min=-17.64 max=8.99) V(s)(mean=-5.89 std=8.42) reward(mean=-0.316 std=4.589) clip=50.0
[step 18800] eval_success_rate=0.240 eval_mean_score=13.540 eval_policy_mode=greedy [solved=12/50, score_range=9.00-16.00/16.0, initial=9.00]
[step 18800] PROGRESS: filled=13.54 violations=0.00 zero_cand=0.00
[step 18800] DEBUG: ep_len=13.5 ep_ret=-5.679 stop_prob=0.000 score_chg=5.1050
[step 18850] value_loss=15.133370 policy_loss=-0.083441
[step 18850] VALUE_DEBUG: target(mean=-7.29 std=8.12 min=-16.61 max=8.70) V(s)(mean=-7.38 std=7.67) reward(mean=0.281 std=3.512) clip=50.0
[step 18900] opnorm clamp applied
[step 18900] value_loss=2.621209 policy_loss=0.292348
[step 18900] VALUE_DEBUG: target(mean=-7.17 std=7.87 min=-16.64 max=7.80) V(s)(mean=-7.86 std=7.34) reward(mean=0.683 std=3.755) clip=50.0
[step 18900] eval_success_rate=0.240 eval_mean_score=13.560 eval_policy_mode=greedy [solved=12/50, score_range=9.00-16.00/16.0, initial=9.00]
[step 18900] PROGRESS: filled=13.56 violations=0.00 zero_cand=0.00
[step 18900] DEBUG: ep_len=13.3 ep_ret=-5.940 stop_prob=0.000 score_chg=4.7200
[step 18950] value_loss=4.401581 policy_loss=-0.778821
[step 18950] VALUE_DEBUG: target(mean=-5.97 std=9.24 min=-21.09 max=7.19) V(s)(mean=-5.77 std=8.47) reward(mean=-1.722 std=6.174) clip=50.0
[step 19000] opnorm clamp applied
[step 19000] value_loss=10.217243 policy_loss=-0.058907
[step 19000] VALUE_DEBUG: target(mean=-7.62 std=7.99 min=-22.08 max=6.77) V(s)(mean=-7.76 std=7.50) reward(mean=-0.481 std=2.970) clip=50.0
[step 19000] eval_success_rate=0.280 eval_mean_score=13.320 eval_policy_mode=greedy [solved=14/50, score_range=9.00-16.00/16.0, initial=9.00]
[step 19000] PROGRESS: filled=13.32 violations=0.00 zero_cand=0.00
[step 19000] DEBUG: ep_len=13.3 ep_ret=-5.697 stop_prob=0.000 score_chg=4.9250
[Checkpoint] Saved to checkpoints/rl_sudoku-4x4-easy_6to8empties_seed123/rl_checkpoint_step_19000.pt
[step 19050] value_loss=3.727429 policy_loss=-0.342518
[step 19050] VALUE_DEBUG: target(mean=-8.33 std=8.14 min=-17.72 max=12.94) V(s)(mean=-8.68 std=7.48) reward(mean=-0.031 std=3.970) clip=50.0
[step 19100] opnorm clamp applied
[step 19100] value_loss=5.220921 policy_loss=-0.932502
[step 19100] VALUE_DEBUG: target(mean=-8.52 std=7.63 min=-16.70 max=6.63) V(s)(mean=-9.33 std=7.17) reward(mean=0.166 std=3.120) clip=50.0
[step 19100] eval_success_rate=0.280 eval_mean_score=13.420 eval_policy_mode=greedy [solved=14/50, score_range=9.00-16.00/16.0, initial=9.00]
[step 19100] PROGRESS: filled=13.42 violations=0.00 zero_cand=0.00
[step 19100] DEBUG: ep_len=13.1 ep_ret=-5.184 stop_prob=0.000 score_chg=4.8550
[step 19150] value_loss=2.158716 policy_loss=0.100776
[step 19150] VALUE_DEBUG: target(mean=-9.01 std=7.04 min=-18.38 max=4.40) V(s)(mean=-9.03 std=7.20) reward(mean=-0.303 std=3.310) clip=50.0
[step 19200] opnorm clamp applied
[step 19200] value_loss=6.597782 policy_loss=0.201183
[step 19200] VALUE_DEBUG: target(mean=-6.34 std=7.75 min=-16.66 max=5.11) V(s)(mean=-7.15 std=7.45) reward(mean=0.159 std=3.396) clip=50.0
[step 19200] eval_success_rate=0.360 eval_mean_score=13.740 eval_policy_mode=greedy [solved=18/50, score_range=9.00-16.00/16.0, initial=9.00]
[step 19200] PROGRESS: filled=13.74 violations=0.00 zero_cand=0.00
[step 19200] DEBUG: ep_len=12.8 ep_ret=-4.576 stop_prob=0.000 score_chg=5.1150
[step 19250] value_loss=3.356014 policy_loss=1.455880
[step 19250] VALUE_DEBUG: target(mean=-9.00 std=7.28 min=-17.51 max=8.98) V(s)(mean=-9.35 std=6.56) reward(mean=-0.510 std=4.477) clip=50.0
[step 19300] opnorm clamp applied
[step 19300] value_loss=8.339459 policy_loss=-0.267994
[step 19300] VALUE_DEBUG: target(mean=-6.54 std=7.50 min=-18.15 max=5.99) V(s)(mean=-6.35 std=6.79) reward(mean=-0.677 std=4.185) clip=50.0
[step 19300] eval_success_rate=0.340 eval_mean_score=13.700 eval_policy_mode=greedy [solved=17/50, score_range=9.00-16.00/16.0, initial=9.00]
[step 19300] PROGRESS: filled=13.70 violations=0.00 zero_cand=0.00
[step 19300] DEBUG: ep_len=12.8 ep_ret=-4.668 stop_prob=0.000 score_chg=4.9900
[step 19350] value_loss=6.688925 policy_loss=-1.290915
[step 19350] VALUE_DEBUG: target(mean=-8.53 std=7.75 min=-16.85 max=5.32) V(s)(mean=-9.01 std=7.14) reward(mean=0.627 std=1.957) clip=50.0
[step 19400] opnorm clamp applied
[step 19400] value_loss=8.360557 policy_loss=-0.673014
[step 19400] VALUE_DEBUG: target(mean=-8.26 std=7.49 min=-17.75 max=4.22) V(s)(mean=-8.21 std=6.80) reward(mean=-1.000 std=5.599) clip=50.0
[step 19400] eval_success_rate=0.340 eval_mean_score=13.460 eval_policy_mode=greedy [solved=17/50, score_range=9.00-16.00/16.0, initial=9.00]
[step 19400] PROGRESS: filled=13.46 violations=0.00 zero_cand=0.00
[step 19400] DEBUG: ep_len=12.9 ep_ret=-5.313 stop_prob=0.000 score_chg=4.7925
[step 19450] value_loss=0.605480 policy_loss=-0.389624
[step 19450] VALUE_DEBUG: target(mean=-9.20 std=6.32 min=-16.15 max=4.98) V(s)(mean=-9.33 std=6.48) reward(mean=-1.249 std=4.998) clip=50.0
[step 19500] opnorm clamp applied
[step 19500] value_loss=9.456394 policy_loss=0.108101
[step 19500] VALUE_DEBUG: target(mean=-8.20 std=7.49 min=-20.37 max=5.25) V(s)(mean=-7.92 std=7.09) reward(mean=-1.799 std=6.271) clip=50.0
[step 19500] eval_success_rate=0.380 eval_mean_score=13.480 eval_policy_mode=greedy [solved=19/50, score_range=9.00-16.00/16.0, initial=9.00]
[step 19500] PROGRESS: filled=13.48 violations=0.00 zero_cand=0.00
[step 19500] DEBUG: ep_len=12.9 ep_ret=-5.044 stop_prob=0.000 score_chg=4.8200
[step 19550] value_loss=6.924649 policy_loss=0.309492
[step 19550] VALUE_DEBUG: target(mean=-8.06 std=7.81 min=-22.09 max=6.28) V(s)(mean=-8.95 std=7.42) reward(mean=-0.651 std=6.196) clip=50.0
[step 19600] opnorm clamp applied
[step 19600] value_loss=4.163877 policy_loss=-1.111010
[step 19600] VALUE_DEBUG: target(mean=-6.12 std=6.99 min=-16.15 max=5.09) V(s)(mean=-5.87 std=7.11) reward(mean=-0.747 std=4.425) clip=50.0
[step 19600] eval_success_rate=0.380 eval_mean_score=13.500 eval_policy_mode=greedy [solved=19/50, score_range=9.00-16.00/16.0, initial=9.00]
[step 19600] PROGRESS: filled=13.50 violations=0.00 zero_cand=0.00
[step 19600] DEBUG: ep_len=13.0 ep_ret=-5.298 stop_prob=0.000 score_chg=4.8475
[step 19650] value_loss=6.209340 policy_loss=-0.663521
[step 19650] VALUE_DEBUG: target(mean=-7.07 std=8.88 min=-17.73 max=10.27) V(s)(mean=-7.08 std=8.13) reward(mean=-0.709 std=5.090) clip=50.0
[step 19700] opnorm clamp applied
[step 19700] value_loss=4.305530 policy_loss=-0.167051
[step 19700] VALUE_DEBUG: target(mean=-8.71 std=6.77 min=-17.79 max=6.06) V(s)(mean=-8.55 std=6.56) reward(mean=-0.177 std=3.647) clip=50.0
[step 19700] eval_success_rate=0.360 eval_mean_score=13.280 eval_policy_mode=greedy [solved=18/50, score_range=9.00-16.00/16.0, initial=9.00]
[step 19700] PROGRESS: filled=13.28 violations=0.00 zero_cand=0.00
[step 19700] DEBUG: ep_len=12.8 ep_ret=-5.268 stop_prob=0.000 score_chg=4.4625
[step 19750] value_loss=4.231818 policy_loss=0.300610
[step 19750] VALUE_DEBUG: target(mean=-6.23 std=8.02 min=-17.38 max=6.30) V(s)(mean=-6.41 std=7.86) reward(mean=-0.022 std=4.872) clip=50.0
[step 19800] opnorm clamp applied
[step 19800] value_loss=7.781055 policy_loss=-0.573408
[step 19800] VALUE_DEBUG: target(mean=-8.01 std=8.16 min=-19.75 max=12.38) V(s)(mean=-8.44 std=6.64) reward(mean=0.697 std=2.649) clip=50.0
[step 19800] eval_success_rate=0.360 eval_mean_score=13.440 eval_policy_mode=greedy [solved=18/50, score_range=9.00-16.00/16.0, initial=9.00]
[step 19800] PROGRESS: filled=13.44 violations=0.00 zero_cand=0.00
[step 19800] DEBUG: ep_len=13.0 ep_ret=-5.261 stop_prob=0.000 score_chg=4.8475
[step 19850] value_loss=5.787219 policy_loss=0.269895
[step 19850] VALUE_DEBUG: target(mean=-8.58 std=7.72 min=-23.83 max=8.63) V(s)(mean=-8.42 std=6.96) reward(mean=-0.613 std=3.942) clip=50.0
[step 19900] opnorm clamp applied
[step 19900] value_loss=10.364481 policy_loss=-0.262239
[step 19900] VALUE_DEBUG: target(mean=-8.29 std=8.18 min=-26.44 max=6.17) V(s)(mean=-7.30 std=7.44) reward(mean=-0.861 std=3.834) clip=50.0
[step 19900] eval_success_rate=0.360 eval_mean_score=13.380 eval_policy_mode=greedy [solved=18/50, score_range=9.00-16.00/16.0, initial=9.00]
[step 19900] PROGRESS: filled=13.38 violations=0.00 zero_cand=0.00
[step 19900] DEBUG: ep_len=12.7 ep_ret=-4.408 stop_prob=0.000 score_chg=4.9875
[step 19950] value_loss=8.753803 policy_loss=-0.614936
[step 19950] VALUE_DEBUG: target(mean=-9.48 std=8.71 min=-23.76 max=5.71) V(s)(mean=-9.30 std=7.68) reward(mean=-0.048 std=3.409) clip=50.0
[step 20000] opnorm clamp applied
[step 20000] value_loss=1.096742 policy_loss=-0.639015
[step 20000] VALUE_DEBUG: target(mean=-6.34 std=6.48 min=-17.13 max=3.54) V(s)(mean=-6.47 std=6.51) reward(mean=0.380 std=0.554) clip=50.0
[step 20000] eval_success_rate=0.400 eval_mean_score=13.580 eval_policy_mode=greedy [solved=20/50, score_range=9.00-16.00/16.0, initial=9.00]
[step 20000] PROGRESS: filled=13.58 violations=0.00 zero_cand=0.00
[step 20000] DEBUG: ep_len=12.9 ep_ret=-4.845 stop_prob=0.000 score_chg=5.0800
[Checkpoint] Saved to checkpoints/rl_sudoku-4x4-easy_6to8empties_seed123/rl_checkpoint_step_20000.pt
[Checkpoint] Saved to checkpoints/rl_sudoku-4x4-easy_6to8empties_seed123/rl_checkpoint_step_20000.pt
