[2026-01-29T09:17:54.171-08:00] Buck UI: https://www.internalfb.com/buck2/bd1f736c-1e06-409f-b7d6-b81c9952880d
[2026-01-29T09:17:54.174-08:00] File changed: fbcode//checkpoints/rl_sudoku-9x9_seed0/rl_checkpoint_step_3000.pt
[2026-01-29T09:17:54.174-08:00] File changed: fbcode//checkpoints/rl_sudoku-9x9_seed0/model_step_3000.pt
[2026-01-29T09:17:54.174-08:00] File changed: fbcode//checkpoints/rl_sudoku-9x9_seed0/rl_checkpoint_step_4000.pt
[2026-01-29T09:17:54.174-08:00] 143 additional file change events
[2026-01-29T09:17:54.527-08:00] Network: Up: 0B  Down: 0B
BUILD SUCCEEDED - starting your binary
[DATASET] dataset_paths=['buiksat_trm/data/sudoku-9x9']
[DATASET] resolved_dataset_name=sudoku-9x9
[DATASET] num_samples=64
[INFO] Using feasibility-aware Sudoku checker for 9x9
       score = filled - 2.0*violations - 5.0*zeroCand
       Max score: 81 (all filled, no violations)
[INFO] Training for 50000 steps (gamma=0.990, K=1, inner_unroll_n=1)
[INFO] Terminal rewards: solve=1.000, fail=-81.000
[INFO] Using TRM backbone (hidden=64, H=2, L=2)
[DEBUG] Policy head STOP bias: 0.00 (should be 0.0 for uniform init)
[INFO] Puzzle embeddings DISABLED (set --puzzle-emb-ndim > 0 to enable)
============================================================
TRAINER SELECTION
============================================================
/data/repos/fbsource/buck-out/v2/gen/fbcode/7bc20b5dff24e379/buiksat_trm/__upi_trm_train__/upi_trm_train#link-tree/torch/cuda/__init__.py:373: UserWarning: Found GPU0 NVIDIA PG509-210 which is of compute capability (CC) 8.0.
The following list shows the CCs this version of PyTorch was built for and the hardware CCs it supports:
Please follow the instructions at https://pytorch.org/get-started/locally/ to install a PyTorch release that supports one of these CUDA versions: 12.6, 12.8, 13.0
  _warn_unsupported_code(d, device_cc, code_ccs)
INFO:2026-01-29 09:18:00 1844035:1844035 CuptiCallbackApi.cpp:74] Callback: domain = 3, cbid = 1
INFO:2026-01-29 09:18:00 1844035:1844035 CuptiActivityProfiler.cpp:245] CUDA versions. CUPTI: 22; Runtime: 12040; Driver: 12040
INFO:2026-01-29 09:18:00 1844035:1844996 FBConfig.cpp:330] Perfetto builder enabled: 1
INFO:2026-01-29 09:18:00 1844035:1844996 DynoConfigLoader.cpp:61] Setting communication fabric enabled = 0
INFO:2026-01-29 09:18:00 1844035:1844996 DynoConfigLoader.cpp:61] Setting communication fabric enabled = 0
TritonTraceHandler: disabled because /logs does not exist
===========[FB_TRITON]=========== Triton Version: 3.3.2+fb
[TRAINER] UPI-TRM (K=1, inner_n=1)
[TRAINER] CLI --baseline: None, YAML algorithm: upi_trm
============================================================
[INFO] Checkpoint directory: checkpoints/rl_sudoku-9x9_seed0

============================================================
UPI-TRM THEORY ALIGNMENT CHECK
============================================================
⚠ Configuration has theory gaps:
  • enable_contraction=False disables spectral normalization (Assumption 4.2). L_z < 1 contraction not enforced.
  • exact_baseline_summation=False: Using approximate baseline. This gives O(ε_A/(1-γ)) bound instead of O(α·ε_A) from Theorem 5.9. For discrete action spaces (Sudoku), enable for tighter bounds.
  • theory_exact_mixture=False: Using parameter-space interpolation for CPI, which is NOT equivalent to policy-space mixture. The CPI improvement guarantee does not strictly apply. Set theory_exact_mixture=True for theory-exact behavior (but slower due to evaluating two networks).

Theory status:
  Forward-invariant projection: ✓
  Contraction enforced (L_z < 1): ✗
  Exact baseline (Thm 5.9): ✗
  Distillation (not in theory): ✓ disabled

Is theory-exact: False
============================================================

UPI-TRM theoretical dials:
  L_z target (rl_cfg.target_Lz): 0.9
  L_V target (rl_cfg.target_Lv): 1.0
  Inner unroll n (rl_cfg.inner_unroll_n): 1
  K-step horizon K (rl_cfg.K): 1
  Mixture alpha (rl_cfg.mixture_alpha): 0.1
  Latent ball radius (rl_cfg.latent_ball_radius): 10.0
  Episodic latent: False
  Exact K-step targets: False
  Exact baseline summation: False

[INFO] STOP action mode: disabled
[INFO] Forward-invariant projection enabled (R=10.0)
[WandB] Disabled by default (enable with: --wandb)
[DEBUG] train_step 0: starting episode collection
[DEBUG] Action mask: 253 valid actions out of 892 total
[DEBUG] Latent mode: persistent
[DEBUG] Episode 0, Step 0: calling _mixed_policy_dist
[DEBUG] Step 0 probs: STOP=0.000000, edits=1.000000
[DEBUG] Top 5 action probs: torch.return_types.topk(
values=tensor([0.0065, 0.0063, 0.0061, 0.0060, 0.0059], device='cuda:0'),
indices=tensor([746, 387, 101, 109, 146], device='cuda:0'))
[DEBUG] Episode 0, Step 0 complete: action=146, reward=0.7500, done=False
[DEBUG] Episode 0, Step 1: calling _mixed_policy_dist
[DEBUG] Episode 0, Step 1 complete: action=695, reward=0.7400, done=False
[DEBUG] Episode 0, Step 2: calling _mixed_policy_dist
[DEBUG] Episode 0, Step 2 complete: action=701, reward=-0.2600, done=False
[DEBUG] Episode 0, Step 3: calling _mixed_policy_dist
[DEBUG] Episode 0, Step 3 complete: action=681, reward=0.7300, done=False
[DEBUG] Episode 0, Step 4: calling _mixed_policy_dist
[DEBUG] Episode 0, Step 4 complete: action=736, reward=0.7200, done=False
[DEBUG] Episode 0, Step 20: calling _mixed_policy_dist
[DEBUG] Episode 0, Step 20 complete: action=600, reward=-0.2800, done=False
[DEBUG] Episode 0, Step 40: calling _mixed_policy_dist
[DEBUG] Episode 0, Step 40 complete: action=889, reward=-4.0000, done=False
[DEBUG] Episode 0, Step 60: calling _mixed_policy_dist
[DEBUG] Episode 0, Step 60 complete: action=402, reward=-3.9700, done=False
[DEBUG] Episode 0, Step 80: calling _mixed_policy_dist
[DEBUG] Episode 0, Step 80 complete: action=765, reward=-80.0700, done=True
[DEBUG] Episode 0 finished: 81 steps, done=True, reason=budget
[DEBUG] Episode 1, Step 0: calling _mixed_policy_dist
[DEBUG] Episode 1, Step 0 complete: action=542, reward=0.6900, done=False
[DEBUG] Episode 1, Step 1: calling _mixed_policy_dist
[DEBUG] Episode 1, Step 1 complete: action=260, reward=0.6800, done=False
[DEBUG] Episode 1, Step 2: calling _mixed_policy_dist
[DEBUG] Episode 1, Step 2 complete: action=370, reward=0.6700, done=False
[DEBUG] Episode 1, Step 3: calling _mixed_policy_dist
[DEBUG] Episode 1, Step 3 complete: action=555, reward=0.6600, done=False
[DEBUG] Episode 1, Step 4: calling _mixed_policy_dist
[DEBUG] Episode 1, Step 4 complete: action=790, reward=-4.3000, done=False
[DEBUG] Episode 1, Step 20: calling _mixed_policy_dist
[DEBUG] Episode 1, Step 20 complete: action=435, reward=4.5900, done=False
[DEBUG] Episode 1, Step 40: calling _mixed_policy_dist
[DEBUG] Episode 1, Step 40 complete: action=152, reward=1.0200, done=False
[DEBUG] Episode 1, Step 60: calling _mixed_policy_dist
[DEBUG] Episode 1, Step 60 complete: action=482, reward=0.0400, done=False
[DEBUG] Episode 1, Step 80: calling _mixed_policy_dist
[DEBUG] Episode 1, Step 80 complete: action=546, reward=-81.0900, done=True
[DEBUG] Episode 1 finished: 81 steps, done=True, reason=budget
[DEBUG] train_step 0: episodes collected, starting value_update
[DEBUG] train_step 0: value_update done, starting policy_update
[DEBUG] train_step 0: policy_update done
[DEBUG] train_step 1: starting episode collection
[DEBUG] Episode 2, Step 0: calling _mixed_policy_dist
[DEBUG] Episode 2, Step 0 complete: action=688, reward=0.6900, done=False
[DEBUG] Episode 2, Step 1: calling _mixed_policy_dist
[DEBUG] Episode 2, Step 1 complete: action=678, reward=0.6800, done=False
[DEBUG] Episode 2, Step 2: calling _mixed_policy_dist
[DEBUG] Episode 2, Step 2 complete: action=405, reward=0.6700, done=False
[DEBUG] Episode 2, Step 3: calling _mixed_policy_dist
[DEBUG] Episode 2, Step 3 complete: action=860, reward=0.6600, done=False
[DEBUG] Episode 2, Step 4: calling _mixed_policy_dist
[DEBUG] Episode 2, Step 4 complete: action=109, reward=0.6500, done=False
[DEBUG] Episode 2, Step 20: calling _mixed_policy_dist
[DEBUG] Episode 2, Step 20 complete: action=388, reward=0.7000, done=False
[DEBUG] Episode 2, Step 40: calling _mixed_policy_dist
[DEBUG] Episode 2, Step 40 complete: action=41, reward=5.0000, done=False
[DEBUG] Episode 2, Step 60: calling _mixed_policy_dist
[DEBUG] Episode 2, Step 60 complete: action=153, reward=0.7000, done=False
[DEBUG] Episode 2, Step 80: calling _mixed_policy_dist
[DEBUG] Episode 2, Step 80 complete: action=431, reward=-81.4400, done=True
[DEBUG] Episode 2 finished: 81 steps, done=True, reason=budget
[DEBUG] Episode 3, Step 0: calling _mixed_policy_dist
[DEBUG] Episode 3, Step 0 complete: action=784, reward=0.6700, done=False
[DEBUG] Episode 3, Step 1: calling _mixed_policy_dist
[DEBUG] Episode 3, Step 1 complete: action=450, reward=0.6600, done=False
[DEBUG] Episode 3, Step 2: calling _mixed_policy_dist
[DEBUG] Episode 3, Step 2 complete: action=657, reward=0.6500, done=False
[DEBUG] Episode 3, Step 3: calling _mixed_policy_dist
[DEBUG] Episode 3, Step 3 complete: action=739, reward=0.6400, done=False
[DEBUG] Episode 3, Step 4: calling _mixed_policy_dist
[DEBUG] Episode 3, Step 4 complete: action=458, reward=-9.2700, done=False
[DEBUG] Episode 3, Step 20: calling _mixed_policy_dist
[DEBUG] Episode 3, Step 20 complete: action=751, reward=-4.2400, done=False
[DEBUG] Episode 3, Step 40: calling _mixed_policy_dist
[DEBUG] Episode 3, Step 40 complete: action=189, reward=1.0000, done=False
[DEBUG] Episode 3, Step 60: calling _mixed_policy_dist
[DEBUG] Episode 3, Step 60 complete: action=689, reward=-5.1900, done=False
[DEBUG] Episode 3, Step 80: calling _mixed_policy_dist
[DEBUG] Episode 3, Step 80 complete: action=245, reward=-86.2100, done=True
[DEBUG] Episode 3 finished: 81 steps, done=True, reason=budget
[DEBUG] train_step 1: episodes collected, starting value_update
[DEBUG] train_step 1: value_update done, starting policy_update
[DEBUG] train_step 1: policy_update done
[DEBUG] train_step 2: starting episode collection
[DEBUG] Episode 4, Step 0: calling _mixed_policy_dist
[DEBUG] Episode 4, Step 0 complete: action=696, reward=0.8100, done=False
[DEBUG] Episode 4, Step 1: calling _mixed_policy_dist
[DEBUG] Episode 4, Step 1 complete: action=21, reward=0.8000, done=False
[DEBUG] Episode 4, Step 2: calling _mixed_policy_dist
[DEBUG] Episode 4, Step 2 complete: action=674, reward=0.7900, done=False
[DEBUG] Episode 4, Step 3: calling _mixed_policy_dist
[DEBUG] Episode 4, Step 3 complete: action=36, reward=0.7800, done=False
[DEBUG] Episode 4, Step 4: calling _mixed_policy_dist
[DEBUG] Episode 4, Step 4 complete: action=51, reward=0.7700, done=False
[DEBUG] Episode 4, Step 20: calling _mixed_policy_dist
[DEBUG] Episode 4, Step 20 complete: action=303, reward=0.6300, done=False
[DEBUG] Episode 4, Step 40: calling _mixed_policy_dist
[DEBUG] Episode 4, Step 40 complete: action=800, reward=14.8000, done=False
[DEBUG] Episode 4, Step 60: calling _mixed_policy_dist
[DEBUG] Episode 4, Step 60 complete: action=5, reward=1.0900, done=False
[DEBUG] Episode 4, Step 80: calling _mixed_policy_dist
[DEBUG] Episode 4, Step 80 complete: action=541, reward=-81.0200, done=True
[DEBUG] Episode 4 finished: 81 steps, done=True, reason=budget
[DEBUG] train_step 2: episodes collected, starting value_update
[DEBUG] train_step 2: value_update done, starting policy_update
[DEBUG] train_step 2: policy_update done
[DEBUG] train_step 3: starting episode collection
[DEBUG] train_step 3: episodes collected, starting value_update
[DEBUG] train_step 3: value_update done, starting policy_update
[DEBUG] train_step 3: policy_update done
[DEBUG] train_step 4: starting episode collection
[DEBUG] train_step 4: episodes collected, starting value_update
[DEBUG] train_step 4: value_update done, starting policy_update
[DEBUG] train_step 4: policy_update done
[DEBUG] train_step 50: starting episode collection
[DEBUG] train_step 50: episodes collected, starting value_update
[DEBUG] train_step 50: value_update done, starting policy_update
[DEBUG] train_step 50: policy_update done
[step 00100] value_loss=41.718693 policy_loss=10.232930
[step 00100] VALUE_DEBUG: target(mean=-0.95 std=6.57 min=-20.56 max=14.43) V(s)(mean=-0.73 std=0.56) reward(mean=-0.271 std=6.522) clip=100.0
[DEBUG] train_step 100: starting episode collection
[DEBUG] train_step 100: episodes collected, starting value_update
[DEBUG] train_step 100: value_update done, starting policy_update
[DEBUG] train_step 100: policy_update done
[DEBUG] train_step 150: starting episode collection
[DEBUG] train_step 150: episodes collected, starting value_update
[DEBUG] train_step 150: value_update done, starting policy_update
[DEBUG] train_step 150: policy_update done
[step 00200] value_loss=22.892002 policy_loss=-0.730816
[step 00200] VALUE_DEBUG: target(mean=-1.61 std=4.49 min=-12.20 max=8.66) V(s)(mean=-2.88 std=0.76) reward(mean=-0.073 std=4.495) clip=100.0
[DEBUG] train_step 200: starting episode collection
[DEBUG] train_step 200: episodes collected, starting value_update
[DEBUG] train_step 200: value_update done, starting policy_update
[DEBUG] train_step 200: policy_update done
[DEBUG] train_step 250: starting episode collection
[DEBUG] train_step 250: episodes collected, starting value_update
[DEBUG] train_step 250: value_update done, starting policy_update
[DEBUG] train_step 250: policy_update done
[step 00300] value_loss=22.823986 policy_loss=2.783539
[step 00300] VALUE_DEBUG: target(mean=-2.07 std=4.07 min=-13.00 max=12.31) V(s)(mean=-3.88 std=1.64) reward(mean=0.498 std=4.103) clip=100.0
[DEBUG] train_step 300: starting episode collection
[DEBUG] train_step 300: episodes collected, starting value_update
[DEBUG] train_step 300: value_update done, starting policy_update
[DEBUG] train_step 300: policy_update done
[DEBUG] train_step 350: starting episode collection
[DEBUG] train_step 350: episodes collected, starting value_update
[DEBUG] train_step 350: value_update done, starting policy_update
[DEBUG] train_step 350: policy_update done
[step 00400] value_loss=112.272263 policy_loss=-0.694860
[step 00400] VALUE_DEBUG: target(mean=-4.34 std=10.78 min=-86.10 max=2.74) V(s)(mean=-3.35 std=1.40) reward(mean=-1.438 std=11.057) clip=100.0
[DEBUG] train_step 400: starting episode collection
[DEBUG] train_step 400: episodes collected, starting value_update
[DEBUG] train_step 400: value_update done, starting policy_update
[DEBUG] train_step 400: policy_update done
[DEBUG] train_step 450: starting episode collection
[DEBUG] train_step 450: episodes collected, starting value_update
[DEBUG] train_step 450: value_update done, starting policy_update
[DEBUG] train_step 450: policy_update done
[step 00500] value_loss=26.934858 policy_loss=2.754365
[step 00500] VALUE_DEBUG: target(mean=-4.93 std=5.22 min=-21.15 max=10.54) V(s)(mean=-5.38 std=1.86) reward(mean=-0.603 std=4.983) clip=100.0
[step 00500] eval_success_rate=0.000 eval_mean_score=31.580 eval_policy_mode=greedy [solved=0/50, score_range=22.00-42.00/81.0, initial=26.84]
[step 00500] PROGRESS: filled=35.58 violations=0.00 zero_cand=0.80
[step 00500] DEBUG: ep_len=81.0 ep_ret=-103.266 stop_prob=0.000 score_chg=-9.5460
[DEBUG] train_step 500: starting episode collection
[DEBUG] train_step 500: episodes collected, starting value_update
[DEBUG] train_step 500: value_update done, starting policy_update
[DEBUG] train_step 500: policy_update done
[DEBUG] train_step 550: starting episode collection
[DEBUG] train_step 550: episodes collected, starting value_update
[DEBUG] train_step 550: value_update done, starting policy_update
[DEBUG] train_step 550: policy_update done
[step 00600] value_loss=32.978127 policy_loss=0.559886
[step 00600] VALUE_DEBUG: target(mean=-5.45 std=5.49 min=-19.25 max=4.32) V(s)(mean=-6.13 std=2.46) reward(mean=-0.638 std=5.421) clip=100.0
[DEBUG] train_step 600: starting episode collection
[DEBUG] train_step 600: episodes collected, starting value_update
[DEBUG] train_step 600: value_update done, starting policy_update
[DEBUG] train_step 600: policy_update done
[DEBUG] train_step 650: starting episode collection
[DEBUG] train_step 650: episodes collected, starting value_update
[DEBUG] train_step 650: value_update done, starting policy_update
[DEBUG] train_step 650: policy_update done
[step 00700] value_loss=196.888489 policy_loss=-1.059200
[step 00700] VALUE_DEBUG: target(mean=-8.59 std=14.28 min=-81.17 max=7.93) V(s)(mean=-7.73 std=2.23) reward(mean=-2.465 std=15.228) clip=100.0
[DEBUG] train_step 700: starting episode collection
[DEBUG] train_step 700: episodes collected, starting value_update
[DEBUG] train_step 700: value_update done, starting policy_update
[DEBUG] train_step 700: policy_update done
[DEBUG] train_step 750: starting episode collection
[DEBUG] train_step 750: episodes collected, starting value_update
[DEBUG] train_step 750: value_update done, starting policy_update
[DEBUG] train_step 750: policy_update done
[step 00800] value_loss=25.230427 policy_loss=2.131884
[step 00800] VALUE_DEBUG: target(mean=-6.88 std=5.19 min=-19.11 max=5.25) V(s)(mean=-8.84 std=2.13) reward(mean=0.611 std=4.508) clip=100.0
[DEBUG] train_step 800: starting episode collection
[DEBUG] train_step 800: episodes collected, starting value_update
[DEBUG] train_step 800: value_update done, starting policy_update
[DEBUG] train_step 800: policy_update done
[DEBUG] train_step 850: starting episode collection
[DEBUG] train_step 850: episodes collected, starting value_update
[DEBUG] train_step 850: value_update done, starting policy_update
[DEBUG] train_step 850: policy_update done
[step 00900] value_loss=195.561600 policy_loss=-0.551295
[step 00900] VALUE_DEBUG: target(mean=-10.03 std=14.38 min=-86.36 max=9.34) V(s)(mean=-9.05 std=3.55) reward(mean=-2.356 std=15.653) clip=100.0
[DEBUG] train_step 900: starting episode collection
[DEBUG] train_step 900: episodes collected, starting value_update
[DEBUG] train_step 900: value_update done, starting policy_update
[DEBUG] train_step 900: policy_update done
[DEBUG] train_step 950: starting episode collection
[DEBUG] train_step 950: episodes collected, starting value_update
[DEBUG] train_step 950: value_update done, starting policy_update
[DEBUG] train_step 950: policy_update done
[step 01000] value_loss=32.115238 policy_loss=1.447749
[step 01000] VALUE_DEBUG: target(mean=-7.76 std=5.77 min=-20.55 max=14.01) V(s)(mean=-10.27 std=3.28) reward(mean=1.052 std=4.959) clip=100.0
[step 01000] eval_success_rate=0.000 eval_mean_score=32.820 eval_policy_mode=greedy [solved=0/50, score_range=23.00-42.00/81.0, initial=26.84]
[step 01000] PROGRESS: filled=36.72 violations=0.00 zero_cand=0.78
[step 01000] DEBUG: ep_len=81.0 ep_ret=-108.378 stop_prob=0.000 score_chg=-13.0880
[Checkpoint] Saved to checkpoints/rl_sudoku-9x9_seed0/rl_checkpoint_step_1000.pt
[DEBUG] train_step 1000: starting episode collection
[DEBUG] train_step 1000: episodes collected, starting value_update
[DEBUG] train_step 1000: value_update done, starting policy_update
[DEBUG] train_step 1000: policy_update done
[DEBUG] train_step 1050: starting episode collection
[DEBUG] train_step 1050: episodes collected, starting value_update
[DEBUG] train_step 1050: value_update done, starting policy_update
[DEBUG] train_step 1050: policy_update done
[step 01100] value_loss=31.032467 policy_loss=1.822408
[step 01100] VALUE_DEBUG: target(mean=-11.05 std=6.23 min=-26.45 max=0.82) V(s)(mean=-12.06 std=4.52) reward(mean=-0.800 std=5.309) clip=100.0
[DEBUG] train_step 1100: starting episode collection
[DEBUG] train_step 1100: episodes collected, starting value_update
[DEBUG] train_step 1100: value_update done, starting policy_update
[DEBUG] train_step 1100: policy_update done
[DEBUG] train_step 1150: starting episode collection
[DEBUG] train_step 1150: episodes collected, starting value_update
[DEBUG] train_step 1150: value_update done, starting policy_update
[DEBUG] train_step 1150: policy_update done
[step 01200] value_loss=98.305824 policy_loss=-1.030656
[step 01200] VALUE_DEBUG: target(mean=-12.58 std=11.40 min=-86.16 max=4.71) V(s)(mean=-11.75 std=4.09) reward(mean=-1.901 std=11.974) clip=100.0
[DEBUG] train_step 1200: starting episode collection
[DEBUG] train_step 1200: episodes collected, starting value_update
[DEBUG] train_step 1200: value_update done, starting policy_update
[DEBUG] train_step 1200: policy_update done
[DEBUG] train_step 1250: starting episode collection
[DEBUG] train_step 1250: episodes collected, starting value_update
[DEBUG] train_step 1250: value_update done, starting policy_update
[DEBUG] train_step 1250: policy_update done
[step 01300] value_loss=28.427414 policy_loss=0.849014
[step 01300] VALUE_DEBUG: target(mean=-12.64 std=6.97 min=-32.53 max=-0.19) V(s)(mean=-13.03 std=4.75) reward(mean=-0.765 std=5.321) clip=100.0
[DEBUG] train_step 1300: starting episode collection
[DEBUG] train_step 1300: episodes collected, starting value_update
[DEBUG] train_step 1300: value_update done, starting policy_update
[DEBUG] train_step 1300: policy_update done
[DEBUG] train_step 1350: starting episode collection
[DEBUG] train_step 1350: episodes collected, starting value_update
[DEBUG] train_step 1350: value_update done, starting policy_update
[DEBUG] train_step 1350: policy_update done
[step 01400] value_loss=84.858765 policy_loss=-1.192822
[step 01400] VALUE_DEBUG: target(mean=-14.23 std=11.01 min=-80.28 max=0.19) V(s)(mean=-13.42 std=5.02) reward(mean=-1.636 std=11.156) clip=100.0
[DEBUG] train_step 1400: starting episode collection
[DEBUG] train_step 1400: episodes collected, starting value_update
[DEBUG] train_step 1400: value_update done, starting policy_update
[DEBUG] train_step 1400: policy_update done
[DEBUG] train_step 1450: starting episode collection
[DEBUG] train_step 1450: episodes collected, starting value_update
[DEBUG] train_step 1450: value_update done, starting policy_update
[DEBUG] train_step 1450: policy_update done
[step 01500] value_loss=29.600271 policy_loss=0.461667
[step 01500] VALUE_DEBUG: target(mean=-14.78 std=7.15 min=-30.08 max=-2.69) V(s)(mean=-15.48 std=5.93) reward(mean=-0.953 std=5.094) clip=100.0
[step 01500] eval_success_rate=0.000 eval_mean_score=34.820 eval_policy_mode=greedy [solved=0/50, score_range=20.00-45.00/81.0, initial=26.84]
[step 01500] PROGRESS: filled=37.62 violations=0.00 zero_cand=0.56
[step 01500] DEBUG: ep_len=81.0 ep_ret=-110.065 stop_prob=0.000 score_chg=-10.9660
[DEBUG] train_step 1500: starting episode collection
[DEBUG] train_step 1500: episodes collected, starting value_update
[DEBUG] train_step 1500: value_update done, starting policy_update
[DEBUG] train_step 1500: policy_update done
[DEBUG] train_step 1550: starting episode collection
[DEBUG] train_step 1550: episodes collected, starting value_update
[DEBUG] train_step 1550: value_update done, starting policy_update
[DEBUG] train_step 1550: policy_update done
[step 01600] value_loss=92.240944 policy_loss=1.286649
[step 01600] VALUE_DEBUG: target(mean=-16.28 std=10.96 min=-86.27 max=-3.99) V(s)(mean=-16.95 std=5.84) reward(mean=-1.607 std=11.448) clip=100.0
[DEBUG] train_step 1600: starting episode collection
[DEBUG] train_step 1600: episodes collected, starting value_update
[DEBUG] train_step 1600: value_update done, starting policy_update
[DEBUG] train_step 1600: policy_update done
[DEBUG] train_step 1650: starting episode collection
[DEBUG] train_step 1650: episodes collected, starting value_update
[DEBUG] train_step 1650: value_update done, starting policy_update
[DEBUG] train_step 1650: policy_update done
[step 01700] value_loss=27.116772 policy_loss=1.476387
[step 01700] VALUE_DEBUG: target(mean=-16.80 std=7.75 min=-37.48 max=-2.98) V(s)(mean=-15.94 std=6.15) reward(mean=-0.855 std=5.117) clip=100.0
[DEBUG] train_step 1700: starting episode collection
[DEBUG] train_step 1700: episodes collected, starting value_update
[DEBUG] train_step 1700: value_update done, starting policy_update
[DEBUG] train_step 1700: policy_update done
[DEBUG] train_step 1750: starting episode collection
[DEBUG] train_step 1750: episodes collected, starting value_update
[DEBUG] train_step 1750: value_update done, starting policy_update
[DEBUG] train_step 1750: policy_update done
[step 01800] value_loss=20.750893 policy_loss=0.289483
[step 01800] VALUE_DEBUG: target(mean=-15.63 std=7.59 min=-31.15 max=-1.66) V(s)(mean=-15.89 std=6.13) reward(mean=-1.121 std=4.588) clip=100.0
[DEBUG] train_step 1800: starting episode collection
[DEBUG] train_step 1800: episodes collected, starting value_update
[DEBUG] train_step 1800: value_update done, starting policy_update
[DEBUG] train_step 1800: policy_update done
[DEBUG] train_step 1850: starting episode collection
[DEBUG] train_step 1850: episodes collected, starting value_update
[DEBUG] train_step 1850: value_update done, starting policy_update
[DEBUG] train_step 1850: policy_update done
[step 01900] value_loss=38.596901 policy_loss=-0.496472
[step 01900] VALUE_DEBUG: target(mean=-18.54 std=8.64 min=-40.63 max=-2.31) V(s)(mean=-19.81 std=6.25) reward(mean=-0.976 std=6.063) clip=100.0
[DEBUG] train_step 1900: starting episode collection
[DEBUG] train_step 1900: episodes collected, starting value_update
[DEBUG] train_step 1900: value_update done, starting policy_update
[DEBUG] train_step 1900: policy_update done
[DEBUG] train_step 1950: starting episode collection
[DEBUG] train_step 1950: episodes collected, starting value_update
[DEBUG] train_step 1950: value_update done, starting policy_update
[DEBUG] train_step 1950: policy_update done
[step 02000] value_loss=20.813885 policy_loss=0.264018
[step 02000] VALUE_DEBUG: target(mean=-16.94 std=8.57 min=-37.04 max=-0.50) V(s)(mean=-17.91 std=8.24) reward(mean=-0.533 std=4.234) clip=100.0
[step 02000] eval_success_rate=0.000 eval_mean_score=35.620 eval_policy_mode=greedy [solved=0/50, score_range=22.00-52.00/81.0, initial=26.84]
[step 02000] PROGRESS: filled=38.22 violations=0.00 zero_cand=0.52
[step 02000] DEBUG: ep_len=81.0 ep_ret=-109.754 stop_prob=0.000 score_chg=-5.4390
[Checkpoint] Saved to checkpoints/rl_sudoku-9x9_seed0/rl_checkpoint_step_2000.pt
[DEBUG] train_step 2000: starting episode collection
[DEBUG] train_step 2000: episodes collected, starting value_update
[DEBUG] train_step 2000: value_update done, starting policy_update
[DEBUG] train_step 2000: policy_update done
[DEBUG] train_step 2050: starting episode collection
[DEBUG] train_step 2050: episodes collected, starting value_update
[DEBUG] train_step 2050: value_update done, starting policy_update
[DEBUG] train_step 2050: policy_update done
[step 02100] value_loss=80.238846 policy_loss=-0.995420
[step 02100] VALUE_DEBUG: target(mean=-19.05 std=12.27 min=-85.15 max=-1.16) V(s)(mean=-19.28 std=7.97) reward(mean=-1.417 std=11.783) clip=100.0
[DEBUG] train_step 2100: starting episode collection
[DEBUG] train_step 2100: episodes collected, starting value_update
[DEBUG] train_step 2100: value_update done, starting policy_update
[DEBUG] train_step 2100: policy_update done
[DEBUG] train_step 2150: starting episode collection
[DEBUG] train_step 2150: episodes collected, starting value_update
[DEBUG] train_step 2150: value_update done, starting policy_update
[DEBUG] train_step 2150: policy_update done
[step 02200] value_loss=129.912735 policy_loss=-0.036294
[step 02200] VALUE_DEBUG: target(mean=-22.03 std=14.58 min=-81.32 max=-1.44) V(s)(mean=-21.67 std=8.58) reward(mean=-3.194 std=17.128) clip=100.0
[DEBUG] train_step 2200: starting episode collection
[DEBUG] train_step 2200: episodes collected, starting value_update
[DEBUG] train_step 2200: value_update done, starting policy_update
[DEBUG] train_step 2200: policy_update done
[DEBUG] train_step 2250: starting episode collection
[DEBUG] train_step 2250: episodes collected, starting value_update
[DEBUG] train_step 2250: value_update done, starting policy_update
[DEBUG] train_step 2250: policy_update done
[step 02300] value_loss=96.166389 policy_loss=3.158926
[step 02300] VALUE_DEBUG: target(mean=-22.98 std=14.06 min=-81.17 max=-3.70) V(s)(mean=-21.91 std=8.63) reward(mean=-2.702 std=14.945) clip=100.0
[DEBUG] train_step 2300: starting episode collection
[DEBUG] train_step 2300: episodes collected, starting value_update
[DEBUG] train_step 2300: value_update done, starting policy_update
[DEBUG] train_step 2300: policy_update done
[DEBUG] train_step 2350: starting episode collection
[DEBUG] train_step 2350: episodes collected, starting value_update
[DEBUG] train_step 2350: value_update done, starting policy_update
[DEBUG] train_step 2350: policy_update done
[step 02400] value_loss=47.495617 policy_loss=0.746804
[step 02400] VALUE_DEBUG: target(mean=-22.65 std=11.83 min=-81.29 max=-3.67) V(s)(mean=-22.45 std=9.23) reward(mean=-1.907 std=10.709) clip=100.0
[DEBUG] train_step 2400: starting episode collection
[DEBUG] train_step 2400: episodes collected, starting value_update
[DEBUG] train_step 2400: value_update done, starting policy_update
[DEBUG] train_step 2400: policy_update done
[DEBUG] train_step 2450: starting episode collection
[DEBUG] train_step 2450: episodes collected, starting value_update
[DEBUG] train_step 2450: value_update done, starting policy_update
[DEBUG] train_step 2450: policy_update done
[step 02500] value_loss=92.071640 policy_loss=0.999280
[step 02500] VALUE_DEBUG: target(mean=-23.28 std=14.60 min=-81.46 max=3.90) V(s)(mean=-21.87 std=8.80) reward(mean=-3.086 std=14.641) clip=100.0
[step 02500] eval_success_rate=0.000 eval_mean_score=35.260 eval_policy_mode=greedy [solved=0/50, score_range=21.00-48.00/81.0, initial=26.84]
[step 02500] PROGRESS: filled=37.06 violations=0.00 zero_cand=0.36
[step 02500] DEBUG: ep_len=81.0 ep_ret=-108.218 stop_prob=0.000 score_chg=-0.9790
[DEBUG] train_step 2500: starting episode collection
[DEBUG] train_step 2500: episodes collected, starting value_update
[DEBUG] train_step 2500: value_update done, starting policy_update
[DEBUG] train_step 2500: policy_update done
[DEBUG] train_step 2550: starting episode collection
[DEBUG] train_step 2550: episodes collected, starting value_update
[DEBUG] train_step 2550: value_update done, starting policy_update
[DEBUG] train_step 2550: policy_update done
[step 02600] value_loss=21.662495 policy_loss=1.291722
[step 02600] VALUE_DEBUG: target(mean=-23.17 std=9.15 min=-42.70 max=-2.60) V(s)(mean=-23.26 std=8.23) reward(mean=-1.212 std=4.714) clip=100.0
[DEBUG] train_step 2600: starting episode collection
[DEBUG] train_step 2600: episodes collected, starting value_update
[DEBUG] train_step 2600: value_update done, starting policy_update
[DEBUG] train_step 2600: policy_update done
[DEBUG] train_step 2650: starting episode collection
[DEBUG] train_step 2650: episodes collected, starting value_update
[DEBUG] train_step 2650: value_update done, starting policy_update
[DEBUG] train_step 2650: policy_update done
[step 02700] value_loss=56.584435 policy_loss=-1.200074
[step 02700] VALUE_DEBUG: target(mean=-23.73 std=11.02 min=-76.31 max=-0.21) V(s)(mean=-22.94 std=8.71) reward(mean=-1.932 std=9.906) clip=100.0
[DEBUG] train_step 2700: starting episode collection
[DEBUG] train_step 2700: episodes collected, starting value_update
[DEBUG] train_step 2700: value_update done, starting policy_update
[DEBUG] train_step 2700: policy_update done
[DEBUG] train_step 2750: starting episode collection
[DEBUG] train_step 2750: episodes collected, starting value_update
[DEBUG] train_step 2750: value_update done, starting policy_update
[DEBUG] train_step 2750: policy_update done
[step 02800] value_loss=15.190432 policy_loss=-0.341529
[step 02800] VALUE_DEBUG: target(mean=-24.44 std=10.34 min=-48.89 max=-7.07) V(s)(mean=-24.09 std=9.20) reward(mean=-1.100 std=3.880) clip=100.0
[DEBUG] train_step 2800: starting episode collection
[DEBUG] train_step 2800: episodes collected, starting value_update
[DEBUG] train_step 2800: value_update done, starting policy_update
[DEBUG] train_step 2800: policy_update done
[DEBUG] train_step 2850: starting episode collection
[DEBUG] train_step 2850: episodes collected, starting value_update
[DEBUG] train_step 2850: value_update done, starting policy_update
[DEBUG] train_step 2850: policy_update done
[step 02900] value_loss=27.879566 policy_loss=-0.346939
[step 02900] VALUE_DEBUG: target(mean=-25.37 std=9.98 min=-45.61 max=-4.90) V(s)(mean=-25.42 std=9.99) reward(mean=-0.601 std=4.983) clip=100.0
[DEBUG] train_step 2900: starting episode collection
[DEBUG] train_step 2900: episodes collected, starting value_update
[DEBUG] train_step 2900: value_update done, starting policy_update
[DEBUG] train_step 2900: policy_update done
[DEBUG] train_step 2950: starting episode collection
[DEBUG] train_step 2950: episodes collected, starting value_update
[DEBUG] train_step 2950: value_update done, starting policy_update
[DEBUG] train_step 2950: policy_update done
[step 03000] value_loss=73.185165 policy_loss=1.180048
[step 03000] VALUE_DEBUG: target(mean=-24.18 std=15.14 min=-81.31 max=-5.28) V(s)(mean=-22.50 std=10.10) reward(mean=-3.337 std=14.595) clip=100.0
[step 03000] eval_success_rate=0.000 eval_mean_score=36.840 eval_policy_mode=greedy [solved=0/50, score_range=22.00-53.00/81.0, initial=26.84]
[step 03000] PROGRESS: filled=37.84 violations=0.00 zero_cand=0.20
[step 03000] DEBUG: ep_len=81.0 ep_ret=-105.597 stop_prob=0.000 score_chg=3.7830
[Checkpoint] Saved to checkpoints/rl_sudoku-9x9_seed0/rl_checkpoint_step_3000.pt
[DEBUG] train_step 3000: starting episode collection
[DEBUG] train_step 3000: episodes collected, starting value_update
[DEBUG] train_step 3000: value_update done, starting policy_update
[DEBUG] train_step 3000: policy_update done
[DEBUG] train_step 3050: starting episode collection
[DEBUG] train_step 3050: episodes collected, starting value_update
[DEBUG] train_step 3050: value_update done, starting policy_update
[DEBUG] train_step 3050: policy_update done
[step 03100] value_loss=13.371156 policy_loss=-0.192109
[step 03100] VALUE_DEBUG: target(mean=-24.15 std=11.45 min=-47.63 max=-1.07) V(s)(mean=-24.95 std=11.81) reward(mean=0.417 std=3.471) clip=100.0
[DEBUG] train_step 3100: starting episode collection
[DEBUG] train_step 3100: episodes collected, starting value_update
[DEBUG] train_step 3100: value_update done, starting policy_update
[DEBUG] train_step 3100: policy_update done
[DEBUG] train_step 3150: starting episode collection
[DEBUG] train_step 3150: episodes collected, starting value_update
[DEBUG] train_step 3150: value_update done, starting policy_update
[DEBUG] train_step 3150: policy_update done
[step 03200] value_loss=12.539114 policy_loss=-1.249529
[step 03200] VALUE_DEBUG: target(mean=-25.99 std=10.68 min=-50.16 max=-5.39) V(s)(mean=-25.31 std=10.33) reward(mean=-0.608 std=3.521) clip=100.0
[DEBUG] train_step 3200: starting episode collection
[DEBUG] train_step 3200: episodes collected, starting value_update
[DEBUG] train_step 3200: value_update done, starting policy_update
[DEBUG] train_step 3200: policy_update done
[DEBUG] train_step 3250: starting episode collection
[DEBUG] train_step 3250: episodes collected, starting value_update
[DEBUG] train_step 3250: value_update done, starting policy_update
[DEBUG] train_step 3250: policy_update done
[step 03300] value_loss=16.029324 policy_loss=2.243450
[step 03300] VALUE_DEBUG: target(mean=-24.75 std=10.99 min=-54.09 max=-6.65) V(s)(mean=-24.40 std=9.95) reward(mean=-0.448 std=3.928) clip=100.0
[DEBUG] train_step 3300: starting episode collection
[DEBUG] train_step 3300: episodes collected, starting value_update
[DEBUG] train_step 3300: value_update done, starting policy_update
[DEBUG] train_step 3300: policy_update done
[DEBUG] train_step 3350: starting episode collection
[DEBUG] train_step 3350: episodes collected, starting value_update
[DEBUG] train_step 3350: value_update done, starting policy_update
[DEBUG] train_step 3350: policy_update done
[step 03400] value_loss=7.326705 policy_loss=0.564684
[step 03400] VALUE_DEBUG: target(mean=-27.58 std=10.74 min=-50.07 max=-2.65) V(s)(mean=-27.38 std=10.22) reward(mean=-0.510 std=2.784) clip=100.0
[DEBUG] train_step 3400: starting episode collection
[DEBUG] train_step 3400: episodes collected, starting value_update
[DEBUG] train_step 3400: value_update done, starting policy_update
[DEBUG] train_step 3400: policy_update done
[DEBUG] train_step 3450: starting episode collection
[DEBUG] train_step 3450: episodes collected, starting value_update
[DEBUG] train_step 3450: value_update done, starting policy_update
[DEBUG] train_step 3450: policy_update done
[step 03500] value_loss=57.842125 policy_loss=0.161410
[step 03500] VALUE_DEBUG: target(mean=-26.68 std=15.34 min=-85.28 max=-2.84) V(s)(mean=-25.99 std=11.90) reward(mean=-2.933 std=14.691) clip=100.0
[step 03500] eval_success_rate=0.000 eval_mean_score=37.040 eval_policy_mode=greedy [solved=0/50, score_range=26.00-55.00/81.0, initial=26.84]
[step 03500] PROGRESS: filled=38.14 violations=0.00 zero_cand=0.22
[step 03500] DEBUG: ep_len=81.0 ep_ret=-104.308 stop_prob=0.000 score_chg=5.6520
[DEBUG] train_step 3500: starting episode collection
[DEBUG] train_step 3500: episodes collected, starting value_update
[DEBUG] train_step 3500: value_update done, starting policy_update
[DEBUG] train_step 3500: policy_update done
[DEBUG] train_step 3550: starting episode collection
[DEBUG] train_step 3550: episodes collected, starting value_update
[DEBUG] train_step 3550: value_update done, starting policy_update
[DEBUG] train_step 3550: policy_update done
[step 03600] value_loss=30.611290 policy_loss=-1.561471
[step 03600] VALUE_DEBUG: target(mean=-28.34 std=12.21 min=-81.41 max=-4.78) V(s)(mean=-28.36 std=10.44) reward(mean=-1.113 std=10.356) clip=100.0
[DEBUG] train_step 3600: starting episode collection
[DEBUG] train_step 3600: episodes collected, starting value_update
[DEBUG] train_step 3600: value_update done, starting policy_update
[DEBUG] train_step 3600: policy_update done
[DEBUG] train_step 3650: starting episode collection
[DEBUG] train_step 3650: episodes collected, starting value_update
[DEBUG] train_step 3650: value_update done, starting policy_update
[DEBUG] train_step 3650: policy_update done
[step 03700] value_loss=20.969971 policy_loss=2.851565
[step 03700] VALUE_DEBUG: target(mean=-27.26 std=12.35 min=-48.98 max=-0.78) V(s)(mean=-28.60 std=12.00) reward(mean=0.375 std=4.141) clip=100.0
[DEBUG] train_step 3700: starting episode collection
[DEBUG] train_step 3700: episodes collected, starting value_update
[DEBUG] train_step 3700: value_update done, starting policy_update
[DEBUG] train_step 3700: policy_update done
[DEBUG] train_step 3750: starting episode collection
[DEBUG] train_step 3750: episodes collected, starting value_update
[DEBUG] train_step 3750: value_update done, starting policy_update
[DEBUG] train_step 3750: policy_update done
[step 03800] value_loss=17.559790 policy_loss=-1.291755
[step 03800] VALUE_DEBUG: target(mean=-29.40 std=11.23 min=-54.74 max=0.52) V(s)(mean=-30.62 std=10.77) reward(mean=-0.152 std=3.890) clip=100.0
[DEBUG] train_step 3800: starting episode collection
[DEBUG] train_step 3800: episodes collected, starting value_update
[DEBUG] train_step 3800: value_update done, starting policy_update
[DEBUG] train_step 3800: policy_update done
[DEBUG] train_step 3850: starting episode collection
[DEBUG] train_step 3850: episodes collected, starting value_update
[DEBUG] train_step 3850: value_update done, starting policy_update
[DEBUG] train_step 3850: policy_update done
[step 03900] value_loss=64.728233 policy_loss=0.023320
[step 03900] VALUE_DEBUG: target(mean=-30.67 std=15.08 min=-81.49 max=-5.21) V(s)(mean=-28.65 std=12.40) reward(mean=-2.437 std=10.511) clip=100.0
[DEBUG] train_step 3900: starting episode collection
[DEBUG] train_step 3900: episodes collected, starting value_update
[DEBUG] train_step 3900: value_update done, starting policy_update
[DEBUG] train_step 3900: policy_update done
[DEBUG] train_step 3950: starting episode collection
[DEBUG] train_step 3950: episodes collected, starting value_update
[DEBUG] train_step 3950: value_update done, starting policy_update
[DEBUG] train_step 3950: policy_update done
[step 04000] value_loss=19.658161 policy_loss=0.917702
[step 04000] VALUE_DEBUG: target(mean=-29.63 std=12.00 min=-62.63 max=-4.39) V(s)(mean=-29.53 std=10.83) reward(mean=-0.337 std=4.400) clip=100.0
[step 04000] eval_success_rate=0.000 eval_mean_score=36.680 eval_policy_mode=greedy [solved=0/50, score_range=25.00-57.00/81.0, initial=26.84]
[step 04000] PROGRESS: filled=36.98 violations=0.00 zero_cand=0.06
[step 04000] DEBUG: ep_len=81.0 ep_ret=-103.253 stop_prob=0.000 score_chg=7.5730
[Checkpoint] Saved to checkpoints/rl_sudoku-9x9_seed0/rl_checkpoint_step_4000.pt
[DEBUG] train_step 4000: starting episode collection
[DEBUG] train_step 4000: episodes collected, starting value_update
[DEBUG] train_step 4000: value_update done, starting policy_update
[DEBUG] train_step 4000: policy_update done
[DEBUG] train_step 4050: starting episode collection
[DEBUG] train_step 4050: episodes collected, starting value_update
[DEBUG] train_step 4050: value_update done, starting policy_update
[DEBUG] train_step 4050: policy_update done
[step 04100] value_loss=158.575729 policy_loss=-0.749729
[step 04100] VALUE_DEBUG: target(mean=-30.63 std=18.00 min=-86.37 max=-3.63) V(s)(mean=-27.37 std=12.66) reward(mean=-4.908 std=18.039) clip=100.0
[DEBUG] train_step 4100: starting episode collection
[DEBUG] train_step 4100: episodes collected, starting value_update
[DEBUG] train_step 4100: value_update done, starting policy_update
[DEBUG] train_step 4100: policy_update done
[DEBUG] train_step 4150: starting episode collection
[DEBUG] train_step 4150: episodes collected, starting value_update
[DEBUG] train_step 4150: value_update done, starting policy_update
[DEBUG] train_step 4150: policy_update done
[step 04200] value_loss=10.637522 policy_loss=-2.213105
[step 04200] VALUE_DEBUG: target(mean=-28.16 std=11.86 min=-58.21 max=-1.60) V(s)(mean=-28.85 std=11.83) reward(mean=-0.076 std=3.152) clip=100.0
[DEBUG] train_step 4200: starting episode collection
[DEBUG] train_step 4200: episodes collected, starting value_update
[DEBUG] train_step 4200: value_update done, starting policy_update
[DEBUG] train_step 4200: policy_update done
[DEBUG] train_step 4250: starting episode collection
[DEBUG] train_step 4250: episodes collected, starting value_update
[DEBUG] train_step 4250: value_update done, starting policy_update
[DEBUG] train_step 4250: policy_update done
[step 04300] value_loss=7.916492 policy_loss=-0.402305
[step 04300] VALUE_DEBUG: target(mean=-27.65 std=12.79 min=-59.13 max=-5.11) V(s)(mean=-27.57 std=12.58) reward(mean=-0.218 std=2.680) clip=100.0
[DEBUG] train_step 4300: starting episode collection
[DEBUG] train_step 4300: episodes collected, starting value_update
[DEBUG] train_step 4300: value_update done, starting policy_update
[DEBUG] train_step 4300: policy_update done
[DEBUG] train_step 4350: starting episode collection
[DEBUG] train_step 4350: episodes collected, starting value_update
[DEBUG] train_step 4350: value_update done, starting policy_update
[DEBUG] train_step 4350: policy_update done
[step 04400] value_loss=67.390312 policy_loss=-1.165752
[step 04400] VALUE_DEBUG: target(mean=-29.66 std=14.81 min=-81.27 max=-0.89) V(s)(mean=-29.00 std=13.33) reward(mean=-1.386 std=10.432) clip=100.0
[DEBUG] train_step 4400: starting episode collection
[DEBUG] train_step 4400: episodes collected, starting value_update
[DEBUG] train_step 4400: value_update done, starting policy_update
[DEBUG] train_step 4400: policy_update done
[DEBUG] train_step 4450: starting episode collection
[DEBUG] train_step 4450: episodes collected, starting value_update
[DEBUG] train_step 4450: value_update done, starting policy_update
[DEBUG] train_step 4450: policy_update done
[step 04500] value_loss=13.825459 policy_loss=-0.051959
[step 04500] VALUE_DEBUG: target(mean=-29.79 std=12.26 min=-54.18 max=-4.47) V(s)(mean=-29.80 std=11.89) reward(mean=-0.293 std=3.755) clip=100.0
[step 04500] eval_success_rate=0.000 eval_mean_score=36.240 eval_policy_mode=greedy [solved=0/50, score_range=24.00-63.00/81.0, initial=26.84]
[step 04500] PROGRESS: filled=36.44 violations=0.00 zero_cand=0.04
[step 04500] DEBUG: ep_len=81.0 ep_ret=-102.923 stop_prob=0.000 score_chg=7.3470
[DEBUG] train_step 4500: starting episode collection
[DEBUG] train_step 4500: episodes collected, starting value_update
[DEBUG] train_step 4500: value_update done, starting policy_update
[DEBUG] train_step 4500: policy_update done
[DEBUG] train_step 4550: starting episode collection
[DEBUG] train_step 4550: episodes collected, starting value_update
[DEBUG] train_step 4550: value_update done, starting policy_update
[DEBUG] train_step 4550: policy_update done
[step 04600] value_loss=115.245193 policy_loss=0.203244
[step 04600] VALUE_DEBUG: target(mean=-33.87 std=17.94 min=-100.00 max=-7.11) V(s)(mean=-31.97 std=12.51) reward(mean=-4.949 std=18.740) clip=100.0
[DEBUG] train_step 4600: starting episode collection
[DEBUG] train_step 4600: episodes collected, starting value_update
[DEBUG] train_step 4600: value_update done, starting policy_update
[DEBUG] train_step 4600: policy_update done
[DEBUG] train_step 4650: starting episode collection
[DEBUG] train_step 4650: episodes collected, starting value_update
[DEBUG] train_step 4650: value_update done, starting policy_update
[DEBUG] train_step 4650: policy_update done
[step 04700] value_loss=114.730301 policy_loss=0.914444
[step 04700] VALUE_DEBUG: target(mean=-31.87 std=16.85 min=-81.60 max=-6.23) V(s)(mean=-29.87 std=11.29) reward(mean=-5.003 std=19.817) clip=100.0
[DEBUG] train_step 4700: starting episode collection
[DEBUG] train_step 4700: episodes collected, starting value_update
[DEBUG] train_step 4700: value_update done, starting policy_update
[DEBUG] train_step 4700: policy_update done
[DEBUG] train_step 4750: starting episode collection
[DEBUG] train_step 4750: episodes collected, starting value_update
[DEBUG] train_step 4750: value_update done, starting policy_update
[DEBUG] train_step 4750: policy_update done
[step 04800] value_loss=38.388779 policy_loss=0.571964
[step 04800] VALUE_DEBUG: target(mean=-28.89 std=16.49 min=-81.41 max=-2.57) V(s)(mean=-29.00 std=14.05) reward(mean=-1.584 std=10.704) clip=100.0
[DEBUG] train_step 4800: starting episode collection
[DEBUG] train_step 4800: episodes collected, starting value_update
[DEBUG] train_step 4800: value_update done, starting policy_update
[DEBUG] train_step 4800: policy_update done
[DEBUG] train_step 4850: starting episode collection
[DEBUG] train_step 4850: episodes collected, starting value_update
[DEBUG] train_step 4850: value_update done, starting policy_update
[DEBUG] train_step 4850: policy_update done
[step 04900] value_loss=40.102127 policy_loss=1.255400
[step 04900] VALUE_DEBUG: target(mean=-30.61 std=14.58 min=-81.34 max=-7.15) V(s)(mean=-29.73 std=11.98) reward(mean=-2.729 std=13.995) clip=100.0
[DEBUG] train_step 4900: starting episode collection
[DEBUG] train_step 4900: episodes collected, starting value_update
[DEBUG] train_step 4900: value_update done, starting policy_update
[DEBUG] train_step 4900: policy_update done
[DEBUG] train_step 4950: starting episode collection
[DEBUG] train_step 4950: episodes collected, starting value_update
[DEBUG] train_step 4950: value_update done, starting policy_update
[DEBUG] train_step 4950: policy_update done
[step 05000] value_loss=40.907860 policy_loss=0.712461
[step 05000] VALUE_DEBUG: target(mean=-32.40 std=14.45 min=-81.38 max=-8.17) V(s)(mean=-32.19 std=12.38) reward(mean=-1.494 std=10.516) clip=100.0
[step 05000] eval_success_rate=0.000 eval_mean_score=35.900 eval_policy_mode=greedy [solved=0/50, score_range=22.00-58.00/81.0, initial=26.84]
[step 05000] PROGRESS: filled=36.30 violations=0.00 zero_cand=0.08
[step 05000] DEBUG: ep_len=81.0 ep_ret=-102.927 stop_prob=0.000 score_chg=7.3210
[Checkpoint] Saved to checkpoints/rl_sudoku-9x9_seed0/rl_checkpoint_step_5000.pt
[DEBUG] train_step 5000: starting episode collection
[DEBUG] train_step 5000: episodes collected, starting value_update
[DEBUG] train_step 5000: value_update done, starting policy_update
[DEBUG] train_step 5000: policy_update done
[DEBUG] train_step 5050: starting episode collection
[DEBUG] train_step 5050: episodes collected, starting value_update
[DEBUG] train_step 5050: value_update done, starting policy_update
[DEBUG] train_step 5050: policy_update done
[step 05100] value_loss=44.224789 policy_loss=-0.458703
[step 05100] VALUE_DEBUG: target(mean=-30.92 std=15.53 min=-91.28 max=-6.45) V(s)(mean=-31.31 std=12.41) reward(mean=-2.023 std=11.855) clip=100.0
[DEBUG] train_step 5100: starting episode collection
[DEBUG] train_step 5100: episodes collected, starting value_update
[DEBUG] train_step 5100: value_update done, starting policy_update
[DEBUG] train_step 5100: policy_update done
[DEBUG] train_step 5150: starting episode collection
[DEBUG] train_step 5150: episodes collected, starting value_update
[DEBUG] train_step 5150: value_update done, starting policy_update
[DEBUG] train_step 5150: policy_update done
[step 05200] value_loss=7.992584 policy_loss=0.702713
[step 05200] VALUE_DEBUG: target(mean=-31.47 std=12.40 min=-59.81 max=-9.48) V(s)(mean=-30.97 std=12.13) reward(mean=-0.550 std=2.820) clip=100.0
[DEBUG] train_step 5200: starting episode collection
[DEBUG] train_step 5200: episodes collected, starting value_update
[DEBUG] train_step 5200: value_update done, starting policy_update
[DEBUG] train_step 5200: policy_update done
[DEBUG] train_step 5250: starting episode collection
[DEBUG] train_step 5250: episodes collected, starting value_update
[DEBUG] train_step 5250: value_update done, starting policy_update
[DEBUG] train_step 5250: policy_update done
[step 05300] value_loss=60.531734 policy_loss=-0.220048
[step 05300] VALUE_DEBUG: target(mean=-33.41 std=14.08 min=-80.36 max=-6.80) V(s)(mean=-32.90 std=12.87) reward(mean=-1.369 std=10.417) clip=100.0
[DEBUG] train_step 5300: starting episode collection
[DEBUG] train_step 5300: episodes collected, starting value_update
[DEBUG] train_step 5300: value_update done, starting policy_update
[DEBUG] train_step 5300: policy_update done
[DEBUG] train_step 5350: starting episode collection
[DEBUG] train_step 5350: episodes collected, starting value_update
[DEBUG] train_step 5350: value_update done, starting policy_update
[DEBUG] train_step 5350: policy_update done
[step 05400] value_loss=23.906338 policy_loss=0.059685
[step 05400] VALUE_DEBUG: target(mean=-30.23 std=14.05 min=-81.37 max=-4.56) V(s)(mean=-29.90 std=12.16) reward(mean=-1.514 std=10.262) clip=100.0
[DEBUG] train_step 5400: starting episode collection
[DEBUG] train_step 5400: episodes collected, starting value_update
[DEBUG] train_step 5400: value_update done, starting policy_update
[DEBUG] train_step 5400: policy_update done
[DEBUG] train_step 5450: starting episode collection
[DEBUG] train_step 5450: episodes collected, starting value_update
[DEBUG] train_step 5450: value_update done, starting policy_update
[DEBUG] train_step 5450: policy_update done
[step 05500] value_loss=66.804794 policy_loss=0.333378
[step 05500] VALUE_DEBUG: target(mean=-30.88 std=12.95 min=-81.32 max=-11.46) V(s)(mean=-31.19 std=11.76) reward(mean=-1.228 std=10.424) clip=100.0
[step 05500] eval_success_rate=0.000 eval_mean_score=33.120 eval_policy_mode=greedy [solved=0/50, score_range=22.00-49.00/81.0, initial=26.84]
[step 05500] PROGRESS: filled=33.32 violations=0.00 zero_cand=0.04
[step 05500] DEBUG: ep_len=81.0 ep_ret=-102.391 stop_prob=0.000 score_chg=7.6140
[DEBUG] train_step 5500: starting episode collection
[DEBUG] train_step 5500: episodes collected, starting value_update
[DEBUG] train_step 5500: value_update done, starting policy_update
[DEBUG] train_step 5500: policy_update done
[DEBUG] train_step 5550: starting episode collection
[DEBUG] train_step 5550: episodes collected, starting value_update
[DEBUG] train_step 5550: value_update done, starting policy_update
[DEBUG] train_step 5550: policy_update done
[step 05600] value_loss=7.638832 policy_loss=-0.235282
[step 05600] VALUE_DEBUG: target(mean=-34.05 std=12.83 min=-59.90 max=-9.03) V(s)(mean=-34.03 std=12.54) reward(mean=-0.669 std=2.629) clip=100.0
[DEBUG] train_step 5600: starting episode collection
[DEBUG] train_step 5600: episodes collected, starting value_update
[DEBUG] train_step 5600: value_update done, starting policy_update
[DEBUG] train_step 5600: policy_update done
[DEBUG] train_step 5650: starting episode collection
[DEBUG] train_step 5650: episodes collected, starting value_update
[DEBUG] train_step 5650: value_update done, starting policy_update
[DEBUG] train_step 5650: policy_update done
[step 05700] value_loss=95.747795 policy_loss=0.018313
[step 05700] VALUE_DEBUG: target(mean=-33.48 std=16.55 min=-81.47 max=-5.96) V(s)(mean=-31.89 std=12.49) reward(mean=-3.735 std=17.527) clip=100.0
[DEBUG] train_step 5700: starting episode collection
[DEBUG] train_step 5700: episodes collected, starting value_update
[DEBUG] train_step 5700: value_update done, starting policy_update
[DEBUG] train_step 5700: policy_update done
[DEBUG] train_step 5750: starting episode collection
[DEBUG] train_step 5750: episodes collected, starting value_update
[DEBUG] train_step 5750: value_update done, starting policy_update
[DEBUG] train_step 5750: policy_update done
[step 05800] value_loss=46.217560 policy_loss=0.938058
[step 05800] VALUE_DEBUG: target(mean=-33.56 std=16.11 min=-85.29 max=-10.85) V(s)(mean=-32.65 std=13.24) reward(mean=-3.056 std=14.779) clip=100.0
[DEBUG] train_step 5800: starting episode collection
[DEBUG] train_step 5800: episodes collected, starting value_update
[DEBUG] train_step 5800: value_update done, starting policy_update
[DEBUG] train_step 5800: policy_update done
[DEBUG] train_step 5850: starting episode collection
[DEBUG] train_step 5850: episodes collected, starting value_update
[DEBUG] train_step 5850: value_update done, starting policy_update
[DEBUG] train_step 5850: policy_update done
[step 05900] value_loss=6.502668 policy_loss=0.241388
[step 05900] VALUE_DEBUG: target(mean=-28.82 std=12.95 min=-57.91 max=-6.71) V(s)(mean=-29.98 std=12.19) reward(mean=-0.153 std=2.035) clip=100.0
[DEBUG] train_step 5900: starting episode collection
[DEBUG] train_step 5900: episodes collected, starting value_update
[DEBUG] train_step 5900: value_update done, starting policy_update
[DEBUG] train_step 5900: policy_update done
[DEBUG] train_step 5950: starting episode collection
[DEBUG] train_step 5950: episodes collected, starting value_update
[DEBUG] train_step 5950: value_update done, starting policy_update
[DEBUG] train_step 5950: policy_update done
[step 06000] value_loss=56.841969 policy_loss=0.825323
[step 06000] VALUE_DEBUG: target(mean=-33.53 std=14.64 min=-81.23 max=-13.05) V(s)(mean=-33.27 std=12.64) reward(mean=-1.683 std=10.357) clip=100.0
[step 06000] eval_success_rate=0.000 eval_mean_score=33.320 eval_policy_mode=greedy [solved=0/50, score_range=20.00-67.00/81.0, initial=26.84]
[step 06000] PROGRESS: filled=33.62 violations=0.00 zero_cand=0.06
[step 06000] DEBUG: ep_len=81.0 ep_ret=-102.044 stop_prob=0.000 score_chg=7.5990
[Checkpoint] Saved to checkpoints/rl_sudoku-9x9_seed0/rl_checkpoint_step_6000.pt
[DEBUG] train_step 6000: starting episode collection
[DEBUG] train_step 6000: episodes collected, starting value_update
[DEBUG] train_step 6000: value_update done, starting policy_update
[DEBUG] train_step 6000: policy_update done
[DEBUG] train_step 6050: starting episode collection
[DEBUG] train_step 6050: episodes collected, starting value_update
[DEBUG] train_step 6050: value_update done, starting policy_update
[DEBUG] train_step 6050: policy_update done
[step 06100] value_loss=93.240082 policy_loss=0.174077
[step 06100] VALUE_DEBUG: target(mean=-33.38 std=17.38 min=-86.19 max=-9.14) V(s)(mean=-30.72 std=12.08) reward(mean=-5.872 std=19.995) clip=100.0
[DEBUG] train_step 6100: starting episode collection
[DEBUG] train_step 6100: episodes collected, starting value_update
[DEBUG] train_step 6100: value_update done, starting policy_update
[DEBUG] train_step 6100: policy_update done
[DEBUG] train_step 6150: starting episode collection
[DEBUG] train_step 6150: episodes collected, starting value_update
[DEBUG] train_step 6150: value_update done, starting policy_update
[DEBUG] train_step 6150: policy_update done
[step 06200] value_loss=26.871815 policy_loss=0.505410
[step 06200] VALUE_DEBUG: target(mean=-31.37 std=12.53 min=-81.18 max=-10.69) V(s)(mean=-31.45 std=11.11) reward(mean=-1.171 std=10.328) clip=100.0
[DEBUG] train_step 6200: starting episode collection
[DEBUG] train_step 6200: episodes collected, starting value_update
[DEBUG] train_step 6200: value_update done, starting policy_update
[DEBUG] train_step 6200: policy_update done
[DEBUG] train_step 6250: starting episode collection
[DEBUG] train_step 6250: episodes collected, starting value_update
[DEBUG] train_step 6250: value_update done, starting policy_update
[DEBUG] train_step 6250: policy_update done
[step 06300] value_loss=61.450821 policy_loss=-0.012522
[step 06300] VALUE_DEBUG: target(mean=-30.90 std=12.67 min=-81.27 max=-11.44) V(s)(mean=-30.33 std=10.75) reward(mean=-1.190 std=10.306) clip=100.0
[DEBUG] train_step 6300: starting episode collection
[DEBUG] train_step 6300: episodes collected, starting value_update
[DEBUG] train_step 6300: value_update done, starting policy_update
[DEBUG] train_step 6300: policy_update done
[DEBUG] train_step 6350: starting episode collection
[DEBUG] train_step 6350: episodes collected, starting value_update
[DEBUG] train_step 6350: value_update done, starting policy_update
[DEBUG] train_step 6350: policy_update done
[step 06400] value_loss=70.484711 policy_loss=-0.050337
[step 06400] VALUE_DEBUG: target(mean=-31.41 std=13.35 min=-81.52 max=-8.15) V(s)(mean=-31.68 std=10.62) reward(mean=-2.233 std=14.482) clip=100.0
[DEBUG] train_step 6400: starting episode collection
[DEBUG] train_step 6400: episodes collected, starting value_update
[DEBUG] train_step 6400: value_update done, starting policy_update
[DEBUG] train_step 6400: policy_update done
[DEBUG] train_step 6450: starting episode collection
[DEBUG] train_step 6450: episodes collected, starting value_update
[DEBUG] train_step 6450: value_update done, starting policy_update
[DEBUG] train_step 6450: policy_update done
[step 06500] value_loss=7.060975 policy_loss=1.001214
[step 06500] VALUE_DEBUG: target(mean=-31.83 std=12.42 min=-58.66 max=-8.64) V(s)(mean=-32.32 std=12.10) reward(mean=-0.259 std=2.394) clip=100.0
[step 06500] eval_success_rate=0.000 eval_mean_score=33.240 eval_policy_mode=greedy [solved=0/50, score_range=20.00-58.00/81.0, initial=26.84]
[step 06500] PROGRESS: filled=33.74 violations=0.00 zero_cand=0.10
[step 06500] DEBUG: ep_len=81.0 ep_ret=-102.111 stop_prob=0.000 score_chg=7.2320
[DEBUG] train_step 6500: starting episode collection
[DEBUG] train_step 6500: episodes collected, starting value_update
[DEBUG] train_step 6500: value_update done, starting policy_update
[DEBUG] train_step 6500: policy_update done
[DEBUG] train_step 6550: starting episode collection
[DEBUG] train_step 6550: episodes collected, starting value_update
[DEBUG] train_step 6550: value_update done, starting policy_update
[DEBUG] train_step 6550: policy_update done
[step 06600] value_loss=22.744240 policy_loss=-0.742404
[step 06600] VALUE_DEBUG: target(mean=-31.50 std=13.99 min=-76.39 max=-8.62) V(s)(mean=-31.56 std=12.11) reward(mean=-1.630 std=9.990) clip=100.0
[DEBUG] train_step 6600: starting episode collection
[DEBUG] train_step 6600: episodes collected, starting value_update
[DEBUG] train_step 6600: value_update done, starting policy_update
[DEBUG] train_step 6600: policy_update done
[DEBUG] train_step 6650: starting episode collection
[DEBUG] train_step 6650: episodes collected, starting value_update
[DEBUG] train_step 6650: value_update done, starting policy_update
[DEBUG] train_step 6650: policy_update done
[step 06700] value_loss=75.184998 policy_loss=-0.229882
[step 06700] VALUE_DEBUG: target(mean=-31.29 std=15.26 min=-96.27 max=-8.34) V(s)(mean=-30.33 std=11.23) reward(mean=-2.876 std=15.547) clip=100.0
[DEBUG] train_step 6700: starting episode collection
[DEBUG] train_step 6700: episodes collected, starting value_update
[DEBUG] train_step 6700: value_update done, starting policy_update
[DEBUG] train_step 6700: policy_update done
[DEBUG] train_step 6750: starting episode collection
[DEBUG] train_step 6750: episodes collected, starting value_update
[DEBUG] train_step 6750: value_update done, starting policy_update
[DEBUG] train_step 6750: policy_update done
[step 06800] value_loss=24.517361 policy_loss=-0.069796
[step 06800] VALUE_DEBUG: target(mean=-33.91 std=13.23 min=-86.27 max=-12.31) V(s)(mean=-33.18 std=11.81) reward(mean=-1.640 std=10.743) clip=100.0
[DEBUG] train_step 6800: starting episode collection
[DEBUG] train_step 6800: episodes collected, starting value_update
[DEBUG] train_step 6800: value_update done, starting policy_update
[DEBUG] train_step 6800: policy_update done
[DEBUG] train_step 6850: starting episode collection
[DEBUG] train_step 6850: episodes collected, starting value_update
[DEBUG] train_step 6850: value_update done, starting policy_update
[DEBUG] train_step 6850: policy_update done
[step 06900] value_loss=39.304646 policy_loss=-0.529684
[step 06900] VALUE_DEBUG: target(mean=-35.88 std=13.61 min=-81.42 max=-13.29) V(s)(mean=-34.88 std=11.44) reward(mean=-2.521 std=14.072) clip=100.0
[DEBUG] train_step 6900: starting episode collection
[DEBUG] train_step 6900: episodes collected, starting value_update
[DEBUG] train_step 6900: value_update done, starting policy_update
[DEBUG] train_step 6900: policy_update done
[DEBUG] train_step 6950: starting episode collection
[DEBUG] train_step 6950: episodes collected, starting value_update
[DEBUG] train_step 6950: value_update done, starting policy_update
[DEBUG] train_step 6950: policy_update done
[step 07000] value_loss=52.908497 policy_loss=-0.661488
[step 07000] VALUE_DEBUG: target(mean=-33.48 std=15.04 min=-81.33 max=-8.51) V(s)(mean=-32.18 std=11.47) reward(mean=-3.936 std=17.121) clip=100.0
[step 07000] eval_success_rate=0.000 eval_mean_score=31.980 eval_policy_mode=greedy [solved=0/50, score_range=18.00-58.00/81.0, initial=26.84]
[step 07000] PROGRESS: filled=32.28 violations=0.00 zero_cand=0.06
[step 07000] DEBUG: ep_len=81.0 ep_ret=-101.321 stop_prob=0.000 score_chg=7.6330
[Checkpoint] Saved to checkpoints/rl_sudoku-9x9_seed0/rl_checkpoint_step_7000.pt
[DEBUG] train_step 7000: starting episode collection
[DEBUG] train_step 7000: episodes collected, starting value_update
[DEBUG] train_step 7000: value_update done, starting policy_update
[DEBUG] train_step 7000: policy_update done
[DEBUG] train_step 7050: starting episode collection
[DEBUG] train_step 7050: episodes collected, starting value_update
[DEBUG] train_step 7050: value_update done, starting policy_update
[DEBUG] train_step 7050: policy_update done
[step 07100] value_loss=1.855026 policy_loss=-1.026618
[step 07100] VALUE_DEBUG: target(mean=-29.81 std=10.94 min=-53.82 max=-10.66) V(s)(mean=-30.03 std=10.78) reward(mean=-0.081 std=1.268) clip=100.0
[DEBUG] train_step 7100: starting episode collection
[DEBUG] train_step 7100: episodes collected, starting value_update
[DEBUG] train_step 7100: value_update done, starting policy_update
[DEBUG] train_step 7100: policy_update done
[DEBUG] train_step 7150: starting episode collection
[DEBUG] train_step 7150: episodes collected, starting value_update
[DEBUG] train_step 7150: value_update done, starting policy_update
[DEBUG] train_step 7150: policy_update done
[step 07200] value_loss=5.730411 policy_loss=0.350231
[step 07200] VALUE_DEBUG: target(mean=-32.26 std=11.05 min=-54.60 max=-9.69) V(s)(mean=-32.74 std=11.01) reward(mean=-0.105 std=2.226) clip=100.0
[DEBUG] train_step 7200: starting episode collection
[DEBUG] train_step 7200: episodes collected, starting value_update
[DEBUG] train_step 7200: value_update done, starting policy_update
[DEBUG] train_step 7200: policy_update done
[DEBUG] train_step 7250: starting episode collection
[DEBUG] train_step 7250: episodes collected, starting value_update
[DEBUG] train_step 7250: value_update done, starting policy_update
[DEBUG] train_step 7250: policy_update done
[step 07300] value_loss=2.993581 policy_loss=-0.081131
[step 07300] VALUE_DEBUG: target(mean=-29.99 std=10.82 min=-50.10 max=-12.92) V(s)(mean=-29.71 std=11.16) reward(mean=-0.295 std=1.489) clip=100.0
[DEBUG] train_step 7300: starting episode collection
[DEBUG] train_step 7300: episodes collected, starting value_update
[DEBUG] train_step 7300: value_update done, starting policy_update
[DEBUG] train_step 7300: policy_update done
[DEBUG] train_step 7350: starting episode collection
[DEBUG] train_step 7350: episodes collected, starting value_update
[DEBUG] train_step 7350: value_update done, starting policy_update
[DEBUG] train_step 7350: policy_update done
[step 07400] value_loss=116.420120 policy_loss=-0.052225
[step 07400] VALUE_DEBUG: target(mean=-36.46 std=17.13 min=-81.46 max=-10.49) V(s)(mean=-34.59 std=12.58) reward(mean=-5.314 std=19.724) clip=100.0
[DEBUG] train_step 7400: starting episode collection
[DEBUG] train_step 7400: episodes collected, starting value_update
[DEBUG] train_step 7400: value_update done, starting policy_update
[DEBUG] train_step 7400: policy_update done
[DEBUG] train_step 7450: starting episode collection
[DEBUG] train_step 7450: episodes collected, starting value_update
[DEBUG] train_step 7450: value_update done, starting policy_update
[DEBUG] train_step 7450: policy_update done
[step 07500] value_loss=52.783131 policy_loss=0.066953
[step 07500] VALUE_DEBUG: target(mean=-35.47 std=14.07 min=-81.40 max=-12.80) V(s)(mean=-35.08 std=11.37) reward(mean=-2.624 std=14.354) clip=100.0
[step 07500] eval_success_rate=0.000 eval_mean_score=31.860 eval_policy_mode=greedy [solved=0/50, score_range=19.00-62.00/81.0, initial=26.84]
[step 07500] PROGRESS: filled=31.86 violations=0.00 zero_cand=0.00
[step 07500] DEBUG: ep_len=81.0 ep_ret=-100.697 stop_prob=0.000 score_chg=7.5870
[DEBUG] train_step 7500: starting episode collection
[DEBUG] train_step 7500: episodes collected, starting value_update
[DEBUG] train_step 7500: value_update done, starting policy_update
[DEBUG] train_step 7500: policy_update done
[DEBUG] train_step 7550: starting episode collection
[DEBUG] train_step 7550: episodes collected, starting value_update
[DEBUG] train_step 7550: value_update done, starting policy_update
[DEBUG] train_step 7550: policy_update done
[step 07600] value_loss=4.546517 policy_loss=0.312974
[step 07600] VALUE_DEBUG: target(mean=-29.13 std=10.48 min=-50.02 max=-7.58) V(s)(mean=-30.18 std=10.53) reward(mean=0.045 std=1.724) clip=100.0
[DEBUG] train_step 7600: starting episode collection
[DEBUG] train_step 7600: episodes collected, starting value_update
[DEBUG] train_step 7600: value_update done, starting policy_update
[DEBUG] train_step 7600: policy_update done
[DEBUG] train_step 7650: starting episode collection
[DEBUG] train_step 7650: episodes collected, starting value_update
[DEBUG] train_step 7650: value_update done, starting policy_update
[DEBUG] train_step 7650: policy_update done
[step 07700] value_loss=33.429108 policy_loss=0.666470
[step 07700] VALUE_DEBUG: target(mean=-33.01 std=14.08 min=-86.21 max=-12.24) V(s)(mean=-31.12 std=11.66) reward(mean=-1.993 std=10.883) clip=100.0
[DEBUG] train_step 7700: starting episode collection
[DEBUG] train_step 7700: episodes collected, starting value_update
[DEBUG] train_step 7700: value_update done, starting policy_update
[DEBUG] train_step 7700: policy_update done
[DEBUG] train_step 7750: starting episode collection
[DEBUG] train_step 7750: episodes collected, starting value_update
[DEBUG] train_step 7750: value_update done, starting policy_update
[DEBUG] train_step 7750: policy_update done
[step 07800] value_loss=4.017796 policy_loss=0.245149
[step 07800] VALUE_DEBUG: target(mean=-34.71 std=11.25 min=-54.73 max=-16.97) V(s)(mean=-35.05 std=11.22) reward(mean=-0.139 std=1.820) clip=100.0
[DEBUG] train_step 7800: starting episode collection
[DEBUG] train_step 7800: episodes collected, starting value_update
[DEBUG] train_step 7800: value_update done, starting policy_update
[DEBUG] train_step 7800: policy_update done
[DEBUG] train_step 7850: starting episode collection
[DEBUG] train_step 7850: episodes collected, starting value_update
[DEBUG] train_step 7850: value_update done, starting policy_update
[DEBUG] train_step 7850: policy_update done
[step 07900] value_loss=50.198845 policy_loss=0.234996
[step 07900] VALUE_DEBUG: target(mean=-32.90 std=11.22 min=-81.35 max=-13.53) V(s)(mean=-33.68 std=9.43) reward(mean=-0.637 std=10.468) clip=100.0
[DEBUG] train_step 7900: starting episode collection
[DEBUG] train_step 7900: episodes collected, starting value_update
[DEBUG] train_step 7900: value_update done, starting policy_update
[DEBUG] train_step 7900: policy_update done
[DEBUG] train_step 7950: starting episode collection
[DEBUG] train_step 7950: episodes collected, starting value_update
[DEBUG] train_step 7950: value_update done, starting policy_update
[DEBUG] train_step 7950: policy_update done
[step 08000] value_loss=42.685501 policy_loss=0.304673
[step 08000] VALUE_DEBUG: target(mean=-34.97 std=12.77 min=-81.28 max=-12.91) V(s)(mean=-34.69 std=11.48) reward(mean=-1.389 std=10.166) clip=100.0
[step 08000] eval_success_rate=0.000 eval_mean_score=31.840 eval_policy_mode=greedy [solved=0/50, score_range=19.00-64.00/81.0, initial=26.84]
[step 08000] PROGRESS: filled=31.84 violations=0.00 zero_cand=0.00
[step 08000] DEBUG: ep_len=81.0 ep_ret=-100.996 stop_prob=0.000 score_chg=7.6260
[Checkpoint] Saved to checkpoints/rl_sudoku-9x9_seed0/rl_checkpoint_step_8000.pt
[DEBUG] train_step 8000: starting episode collection
[DEBUG] train_step 8000: episodes collected, starting value_update
[DEBUG] train_step 8000: value_update done, starting policy_update
[DEBUG] train_step 8000: policy_update done
[DEBUG] train_step 8050: starting episode collection
[DEBUG] train_step 8050: episodes collected, starting value_update
[DEBUG] train_step 8050: value_update done, starting policy_update
[DEBUG] train_step 8050: policy_update done
[step 08100] value_loss=3.881383 policy_loss=-0.297854
[step 08100] VALUE_DEBUG: target(mean=-33.42 std=11.62 min=-60.01 max=-14.07) V(s)(mean=-33.74 std=11.11) reward(mean=-0.102 std=1.696) clip=100.0
[DEBUG] train_step 8100: starting episode collection
[DEBUG] train_step 8100: episodes collected, starting value_update
[DEBUG] train_step 8100: value_update done, starting policy_update
[DEBUG] train_step 8100: policy_update done
[DEBUG] train_step 8150: starting episode collection
[DEBUG] train_step 8150: episodes collected, starting value_update
[DEBUG] train_step 8150: value_update done, starting policy_update
[DEBUG] train_step 8150: policy_update done
[step 08200] value_loss=2.900240 policy_loss=0.368943
[step 08200] VALUE_DEBUG: target(mean=-30.54 std=9.61 min=-50.05 max=-11.71) V(s)(mean=-30.39 std=10.03) reward(mean=-0.296 std=1.322) clip=100.0
[DEBUG] train_step 8200: starting episode collection
[DEBUG] train_step 8200: episodes collected, starting value_update
[DEBUG] train_step 8200: value_update done, starting policy_update
[DEBUG] train_step 8200: policy_update done
[DEBUG] train_step 8250: starting episode collection
[DEBUG] train_step 8250: episodes collected, starting value_update
[DEBUG] train_step 8250: value_update done, starting policy_update
[DEBUG] train_step 8250: policy_update done
[step 08300] value_loss=25.204269 policy_loss=-0.039519
[step 08300] VALUE_DEBUG: target(mean=-33.46 std=11.99 min=-81.30 max=-15.00) V(s)(mean=-32.36 std=10.37) reward(mean=-1.755 std=10.098) clip=100.0
[DEBUG] train_step 8300: starting episode collection
[DEBUG] train_step 8300: episodes collected, starting value_update
[DEBUG] train_step 8300: value_update done, starting policy_update
[DEBUG] train_step 8300: policy_update done
[DEBUG] train_step 8350: starting episode collection
[DEBUG] train_step 8350: episodes collected, starting value_update
[DEBUG] train_step 8350: value_update done, starting policy_update
[DEBUG] train_step 8350: policy_update done
[step 08400] value_loss=6.471934 policy_loss=0.069053
[step 08400] VALUE_DEBUG: target(mean=-33.96 std=10.38 min=-59.91 max=-16.58) V(s)(mean=-34.93 std=9.81) reward(mean=-0.307 std=2.271) clip=100.0
[DEBUG] train_step 8400: starting episode collection
[DEBUG] train_step 8400: episodes collected, starting value_update
[DEBUG] train_step 8400: value_update done, starting policy_update
[DEBUG] train_step 8400: policy_update done
[DEBUG] train_step 8450: starting episode collection
[DEBUG] train_step 8450: episodes collected, starting value_update
[DEBUG] train_step 8450: value_update done, starting policy_update
[DEBUG] train_step 8450: policy_update done
[step 08500] value_loss=18.949469 policy_loss=1.213652
[step 08500] VALUE_DEBUG: target(mean=-35.01 std=12.01 min=-80.35 max=-11.17) V(s)(mean=-35.32 std=10.44) reward(mean=-1.129 std=10.123) clip=100.0
[step 08500] eval_success_rate=0.000 eval_mean_score=30.300 eval_policy_mode=greedy [solved=0/50, score_range=18.00-57.00/81.0, initial=26.84]
[step 08500] PROGRESS: filled=30.70 violations=0.00 zero_cand=0.08
[step 08500] DEBUG: ep_len=81.0 ep_ret=-101.058 stop_prob=0.000 score_chg=6.7430
[DEBUG] train_step 8500: starting episode collection
[DEBUG] train_step 8500: episodes collected, starting value_update
[DEBUG] train_step 8500: value_update done, starting policy_update
[DEBUG] train_step 8500: policy_update done
[DEBUG] train_step 8550: starting episode collection
[DEBUG] train_step 8550: episodes collected, starting value_update
[DEBUG] train_step 8550: value_update done, starting policy_update
[DEBUG] train_step 8550: policy_update done
[step 08600] value_loss=8.554701 policy_loss=0.012479
[step 08600] VALUE_DEBUG: target(mean=-35.56 std=11.34 min=-58.54 max=-16.56) V(s)(mean=-36.56 std=10.99) reward(mean=-0.026 std=2.738) clip=100.0
[DEBUG] train_step 8600: starting episode collection
[DEBUG] train_step 8600: episodes collected, starting value_update
[DEBUG] train_step 8600: value_update done, starting policy_update
[DEBUG] train_step 8600: policy_update done
[DEBUG] train_step 8650: starting episode collection
[DEBUG] train_step 8650: episodes collected, starting value_update
[DEBUG] train_step 8650: value_update done, starting policy_update
[DEBUG] train_step 8650: policy_update done
[step 08700] value_loss=3.466144 policy_loss=0.496475
[step 08700] VALUE_DEBUG: target(mean=-35.49 std=10.78 min=-54.93 max=-14.38) V(s)(mean=-36.14 std=10.49) reward(mean=-0.415 std=1.697) clip=100.0
[DEBUG] train_step 8700: starting episode collection
[DEBUG] train_step 8700: episodes collected, starting value_update
[DEBUG] train_step 8700: value_update done, starting policy_update
[DEBUG] train_step 8700: policy_update done
[DEBUG] train_step 8750: starting episode collection
[DEBUG] train_step 8750: episodes collected, starting value_update
[DEBUG] train_step 8750: value_update done, starting policy_update
[DEBUG] train_step 8750: policy_update done
[step 08800] value_loss=19.085724 policy_loss=0.652811
[step 08800] VALUE_DEBUG: target(mean=-32.89 std=10.90 min=-81.43 max=-17.20) V(s)(mean=-32.81 std=8.43) reward(mean=-1.776 std=10.147) clip=100.0
[DEBUG] train_step 8800: starting episode collection
[DEBUG] train_step 8800: episodes collected, starting value_update
[DEBUG] train_step 8800: value_update done, starting policy_update
[DEBUG] train_step 8800: policy_update done
[DEBUG] train_step 8850: starting episode collection
[DEBUG] train_step 8850: episodes collected, starting value_update
[DEBUG] train_step 8850: value_update done, starting policy_update
[DEBUG] train_step 8850: policy_update done
[step 08900] value_loss=33.714340 policy_loss=0.411180
[step 08900] VALUE_DEBUG: target(mean=-36.79 std=13.63 min=-81.36 max=-14.95) V(s)(mean=-36.77 std=10.51) reward(mean=-3.069 std=13.813) clip=100.0
[DEBUG] train_step 8900: starting episode collection
[DEBUG] train_step 8900: episodes collected, starting value_update
[DEBUG] train_step 8900: value_update done, starting policy_update
[DEBUG] train_step 8900: policy_update done
[DEBUG] train_step 8950: starting episode collection
[DEBUG] train_step 8950: episodes collected, starting value_update
[DEBUG] train_step 8950: value_update done, starting policy_update
[DEBUG] train_step 8950: policy_update done
[step 09000] value_loss=56.905289 policy_loss=-0.148436
[step 09000] VALUE_DEBUG: target(mean=-35.76 std=13.24 min=-81.35 max=-16.08) V(s)(mean=-34.55 std=10.80) reward(mean=-2.444 std=14.241) clip=100.0
[step 09000] eval_success_rate=0.000 eval_mean_score=31.600 eval_policy_mode=greedy [solved=0/50, score_range=18.00-64.00/81.0, initial=26.84]
[step 09000] PROGRESS: filled=31.70 violations=0.00 zero_cand=0.02
[step 09000] DEBUG: ep_len=81.0 ep_ret=-100.742 stop_prob=0.000 score_chg=6.5700
[Checkpoint] Saved to checkpoints/rl_sudoku-9x9_seed0/rl_checkpoint_step_9000.pt
[DEBUG] train_step 9000: starting episode collection
[DEBUG] train_step 9000: episodes collected, starting value_update
[DEBUG] train_step 9000: value_update done, starting policy_update
[DEBUG] train_step 9000: policy_update done
[DEBUG] train_step 9050: starting episode collection
[DEBUG] train_step 9050: episodes collected, starting value_update
[DEBUG] train_step 9050: value_update done, starting policy_update
[DEBUG] train_step 9050: policy_update done
[step 09100] value_loss=5.048926 policy_loss=-0.647837
[step 09100] VALUE_DEBUG: target(mean=-36.25 std=10.75 min=-55.01 max=-16.41) V(s)(mean=-36.81 std=10.44) reward(mean=0.020 std=2.079) clip=100.0
[DEBUG] train_step 9100: starting episode collection
[DEBUG] train_step 9100: episodes collected, starting value_update
[DEBUG] train_step 9100: value_update done, starting policy_update
[DEBUG] train_step 9100: policy_update done
[DEBUG] train_step 9150: starting episode collection
[DEBUG] train_step 9150: episodes collected, starting value_update
[DEBUG] train_step 9150: value_update done, starting policy_update
[DEBUG] train_step 9150: policy_update done
[step 09200] value_loss=94.656799 policy_loss=0.613573
[step 09200] VALUE_DEBUG: target(mean=-39.79 std=13.74 min=-81.32 max=-21.18) V(s)(mean=-37.45 std=10.20) reward(mean=-4.435 std=17.229) clip=100.0
[DEBUG] train_step 9200: starting episode collection
[DEBUG] train_step 9200: episodes collected, starting value_update
[DEBUG] train_step 9200: value_update done, starting policy_update
[DEBUG] train_step 9200: policy_update done
[DEBUG] train_step 9250: starting episode collection
[DEBUG] train_step 9250: episodes collected, starting value_update
[DEBUG] train_step 9250: value_update done, starting policy_update
[DEBUG] train_step 9250: policy_update done
[step 09300] value_loss=7.251272 policy_loss=0.662252
[step 09300] VALUE_DEBUG: target(mean=-37.90 std=10.73 min=-58.85 max=-14.84) V(s)(mean=-37.94 std=10.80) reward(mean=-0.289 std=2.469) clip=100.0
[DEBUG] train_step 9300: starting episode collection
[DEBUG] train_step 9300: episodes collected, starting value_update
[DEBUG] train_step 9300: value_update done, starting policy_update
[DEBUG] train_step 9300: policy_update done
[DEBUG] train_step 9350: starting episode collection
[DEBUG] train_step 9350: episodes collected, starting value_update
[DEBUG] train_step 9350: value_update done, starting policy_update
[DEBUG] train_step 9350: policy_update done
[step 09400] value_loss=21.616365 policy_loss=0.243080
[step 09400] VALUE_DEBUG: target(mean=-36.91 std=11.33 min=-81.38 max=-17.38) V(s)(mean=-36.14 std=9.88) reward(mean=-1.630 std=10.184) clip=100.0
[DEBUG] train_step 9400: starting episode collection
[DEBUG] train_step 9400: episodes collected, starting value_update
[DEBUG] train_step 9400: value_update done, starting policy_update
[DEBUG] train_step 9400: policy_update done
[DEBUG] train_step 9450: starting episode collection
[DEBUG] train_step 9450: episodes collected, starting value_update
[DEBUG] train_step 9450: value_update done, starting policy_update
[DEBUG] train_step 9450: policy_update done
[step 09500] value_loss=29.421293 policy_loss=0.340933
[step 09500] VALUE_DEBUG: target(mean=-38.83 std=12.74 min=-81.28 max=-19.35) V(s)(mean=-36.77 std=10.70) reward(mean=-2.408 std=10.318) clip=100.0
[step 09500] eval_success_rate=0.000 eval_mean_score=31.300 eval_policy_mode=greedy [solved=0/50, score_range=19.00-67.00/81.0, initial=26.84]
[step 09500] PROGRESS: filled=31.50 violations=0.00 zero_cand=0.04
[step 09500] DEBUG: ep_len=81.0 ep_ret=-100.278 stop_prob=0.000 score_chg=7.3280
[DEBUG] train_step 9500: starting episode collection
[DEBUG] train_step 9500: episodes collected, starting value_update
[DEBUG] train_step 9500: value_update done, starting policy_update
[DEBUG] train_step 9500: policy_update done
[DEBUG] train_step 9550: starting episode collection
[DEBUG] train_step 9550: episodes collected, starting value_update
[DEBUG] train_step 9550: value_update done, starting policy_update
[DEBUG] train_step 9550: policy_update done
[step 09600] value_loss=39.273178 policy_loss=0.094280
[step 09600] VALUE_DEBUG: target(mean=-38.43 std=13.10 min=-81.59 max=-17.46) V(s)(mean=-37.97 std=10.95) reward(mean=-2.311 std=14.442) clip=100.0
[DEBUG] train_step 9600: starting episode collection
[DEBUG] train_step 9600: episodes collected, starting value_update
[DEBUG] train_step 9600: value_update done, starting policy_update
[DEBUG] train_step 9600: policy_update done
[DEBUG] train_step 9650: starting episode collection
[DEBUG] train_step 9650: episodes collected, starting value_update
[DEBUG] train_step 9650: value_update done, starting policy_update
[DEBUG] train_step 9650: policy_update done
[step 09700] value_loss=33.768246 policy_loss=-0.375724
[step 09700] VALUE_DEBUG: target(mean=-39.05 std=12.39 min=-81.42 max=-21.67) V(s)(mean=-38.49 std=9.77) reward(mean=-2.704 std=13.939) clip=100.0
[DEBUG] train_step 9700: starting episode collection
[DEBUG] train_step 9700: episodes collected, starting value_update
[DEBUG] train_step 9700: value_update done, starting policy_update
[DEBUG] train_step 9700: policy_update done
[DEBUG] train_step 9750: starting episode collection
[DEBUG] train_step 9750: episodes collected, starting value_update
[DEBUG] train_step 9750: value_update done, starting policy_update
[DEBUG] train_step 9750: policy_update done
[step 09800] value_loss=7.593445 policy_loss=-0.089087
[step 09800] VALUE_DEBUG: target(mean=-38.15 std=10.80 min=-54.88 max=-16.97) V(s)(mean=-38.08 std=10.66) reward(mean=-0.484 std=2.537) clip=100.0
[DEBUG] train_step 9800: starting episode collection
[DEBUG] train_step 9800: episodes collected, starting value_update
[DEBUG] train_step 9800: value_update done, starting policy_update
[DEBUG] train_step 9800: policy_update done
[DEBUG] train_step 9850: starting episode collection
[DEBUG] train_step 9850: episodes collected, starting value_update
[DEBUG] train_step 9850: value_update done, starting policy_update
[DEBUG] train_step 9850: policy_update done
[step 09900] value_loss=12.641727 policy_loss=0.430850
[step 09900] VALUE_DEBUG: target(mean=-37.93 std=11.13 min=-54.86 max=-18.67) V(s)(mean=-38.58 std=11.13) reward(mean=0.343 std=3.426) clip=100.0
[DEBUG] train_step 9900: starting episode collection
[DEBUG] train_step 9900: episodes collected, starting value_update
[DEBUG] train_step 9900: value_update done, starting policy_update
[DEBUG] train_step 9900: policy_update done
[DEBUG] train_step 9950: starting episode collection
[DEBUG] train_step 9950: episodes collected, starting value_update
[DEBUG] train_step 9950: value_update done, starting policy_update
[DEBUG] train_step 9950: policy_update done
[step 10000] value_loss=8.634555 policy_loss=0.465847
[step 10000] VALUE_DEBUG: target(mean=-40.48 std=9.63 min=-63.75 max=-18.85) V(s)(mean=-41.36 std=9.25) reward(mean=-0.190 std=2.457) clip=100.0
[step 10000] eval_success_rate=0.000 eval_mean_score=31.340 eval_policy_mode=greedy [solved=0/50, score_range=18.00-63.00/81.0, initial=26.84]
[step 10000] PROGRESS: filled=31.44 violations=0.00 zero_cand=0.02
[step 10000] DEBUG: ep_len=81.0 ep_ret=-100.889 stop_prob=0.000 score_chg=6.5990
[Checkpoint] Saved to checkpoints/rl_sudoku-9x9_seed0/rl_checkpoint_step_10000.pt
[DEBUG] train_step 10000: starting episode collection
[DEBUG] train_step 10000: episodes collected, starting value_update
[DEBUG] train_step 10000: value_update done, starting policy_update
[DEBUG] train_step 10000: policy_update done
[DEBUG] train_step 10050: starting episode collection
[DEBUG] train_step 10050: episodes collected, starting value_update
[DEBUG] train_step 10050: value_update done, starting policy_update
[DEBUG] train_step 10050: policy_update done
[step 10100] value_loss=21.114157 policy_loss=0.058914
[step 10100] VALUE_DEBUG: target(mean=-37.67 std=11.84 min=-81.35 max=-20.25) V(s)(mean=-36.62 std=10.36) reward(mean=-1.824 std=10.246) clip=100.0
[DEBUG] train_step 10100: starting episode collection
[DEBUG] train_step 10100: episodes collected, starting value_update
[DEBUG] train_step 10100: value_update done, starting policy_update
[DEBUG] train_step 10100: policy_update done
[DEBUG] train_step 10150: starting episode collection
[DEBUG] train_step 10150: episodes collected, starting value_update
[DEBUG] train_step 10150: value_update done, starting policy_update
[DEBUG] train_step 10150: policy_update done
[step 10200] value_loss=56.669228 policy_loss=-0.080848
[step 10200] VALUE_DEBUG: target(mean=-40.85 std=13.41 min=-96.50 max=-17.37) V(s)(mean=-39.98 std=10.65) reward(mean=-2.470 std=15.716) clip=100.0
[DEBUG] train_step 10200: starting episode collection
[DEBUG] train_step 10200: episodes collected, starting value_update
[DEBUG] train_step 10200: value_update done, starting policy_update
[DEBUG] train_step 10200: policy_update done
[DEBUG] train_step 10250: starting episode collection
[DEBUG] train_step 10250: episodes collected, starting value_update
[DEBUG] train_step 10250: value_update done, starting policy_update
[DEBUG] train_step 10250: policy_update done
[step 10300] value_loss=25.691931 policy_loss=0.037944
[step 10300] VALUE_DEBUG: target(mean=-37.82 std=11.62 min=-86.31 max=-20.77) V(s)(mean=-38.79 std=9.76) reward(mean=-1.123 std=10.852) clip=100.0
[DEBUG] train_step 10300: starting episode collection
[DEBUG] train_step 10300: episodes collected, starting value_update
[DEBUG] train_step 10300: value_update done, starting policy_update
[DEBUG] train_step 10300: policy_update done
[DEBUG] train_step 10350: starting episode collection
[DEBUG] train_step 10350: episodes collected, starting value_update
[DEBUG] train_step 10350: value_update done, starting policy_update
[DEBUG] train_step 10350: policy_update done
[step 10400] value_loss=4.170059 policy_loss=0.310938
[step 10400] VALUE_DEBUG: target(mean=-37.83 std=9.47 min=-55.09 max=-19.75) V(s)(mean=-37.56 std=10.00) reward(mean=-0.026 std=1.157) clip=100.0
[DEBUG] train_step 10400: starting episode collection
[DEBUG] train_step 10400: episodes collected, starting value_update
[DEBUG] train_step 10400: value_update done, starting policy_update
[DEBUG] train_step 10400: policy_update done
[DEBUG] train_step 10450: starting episode collection
[DEBUG] train_step 10450: episodes collected, starting value_update
[DEBUG] train_step 10450: value_update done, starting policy_update
[DEBUG] train_step 10450: policy_update done
[step 10500] value_loss=11.097973 policy_loss=0.178690
[step 10500] VALUE_DEBUG: target(mean=-37.80 std=10.52 min=-69.82 max=-19.21) V(s)(mean=-37.91 std=10.10) reward(mean=-0.057 std=3.202) clip=100.0
[step 10500] eval_success_rate=0.000 eval_mean_score=31.360 eval_policy_mode=greedy [solved=0/50, score_range=19.00-63.00/81.0, initial=26.84]
[step 10500] PROGRESS: filled=31.46 violations=0.00 zero_cand=0.02
[step 10500] DEBUG: ep_len=81.0 ep_ret=-100.622 stop_prob=0.000 score_chg=6.9810
[DEBUG] train_step 10500: starting episode collection
[DEBUG] train_step 10500: episodes collected, starting value_update
[DEBUG] train_step 10500: value_update done, starting policy_update
[DEBUG] train_step 10500: policy_update done
[DEBUG] train_step 10550: starting episode collection
[DEBUG] train_step 10550: episodes collected, starting value_update
[DEBUG] train_step 10550: value_update done, starting policy_update
[DEBUG] train_step 10550: policy_update done
[step 10600] value_loss=76.226990 policy_loss=-0.723206
[step 10600] VALUE_DEBUG: target(mean=-43.50 std=13.86 min=-86.32 max=-19.40) V(s)(mean=-41.36 std=9.56) reward(mean=-5.415 std=20.026) clip=100.0
[DEBUG] train_step 10600: starting episode collection
[DEBUG] train_step 10600: episodes collected, starting value_update
[DEBUG] train_step 10600: value_update done, starting policy_update
[DEBUG] train_step 10600: policy_update done
[DEBUG] train_step 10650: starting episode collection
[DEBUG] train_step 10650: episodes collected, starting value_update
[DEBUG] train_step 10650: value_update done, starting policy_update
[DEBUG] train_step 10650: policy_update done
[step 10700] value_loss=22.101891 policy_loss=-0.105654
[step 10700] VALUE_DEBUG: target(mean=-38.28 std=11.83 min=-80.41 max=-16.59) V(s)(mean=-38.45 std=10.42) reward(mean=-1.231 std=10.323) clip=100.0
[DEBUG] train_step 10700: starting episode collection
[DEBUG] train_step 10700: episodes collected, starting value_update
[DEBUG] train_step 10700: value_update done, starting policy_update
[DEBUG] train_step 10700: policy_update done
[DEBUG] train_step 10750: starting episode collection
[DEBUG] train_step 10750: episodes collected, starting value_update
[DEBUG] train_step 10750: value_update done, starting policy_update
[DEBUG] train_step 10750: policy_update done
[step 10800] value_loss=13.793797 policy_loss=-0.019459
[step 10800] VALUE_DEBUG: target(mean=-38.92 std=10.72 min=-76.39 max=-19.84) V(s)(mean=-38.83 std=9.57) reward(mean=-1.360 std=9.574) clip=100.0
[DEBUG] train_step 10800: starting episode collection
[DEBUG] train_step 10800: episodes collected, starting value_update
[DEBUG] train_step 10800: value_update done, starting policy_update
[DEBUG] train_step 10800: policy_update done
[DEBUG] train_step 10850: starting episode collection
[DEBUG] train_step 10850: episodes collected, starting value_update
[DEBUG] train_step 10850: value_update done, starting policy_update
[DEBUG] train_step 10850: policy_update done
[step 10900] value_loss=5.606143 policy_loss=-0.148138
[step 10900] VALUE_DEBUG: target(mean=-41.10 std=9.75 min=-54.95 max=-20.83) V(s)(mean=-41.69 std=9.42) reward(mean=-0.308 std=2.038) clip=100.0
[DEBUG] train_step 10900: starting episode collection
[DEBUG] train_step 10900: episodes collected, starting value_update
[DEBUG] train_step 10900: value_update done, starting policy_update
[DEBUG] train_step 10900: policy_update done
[DEBUG] train_step 10950: starting episode collection
[DEBUG] train_step 10950: episodes collected, starting value_update
[DEBUG] train_step 10950: value_update done, starting policy_update
[DEBUG] train_step 10950: policy_update done
[step 11000] value_loss=33.463295 policy_loss=0.135472
[step 11000] VALUE_DEBUG: target(mean=-40.89 std=11.15 min=-81.24 max=-21.87) V(s)(mean=-40.24 std=9.25) reward(mean=-1.617 std=10.364) clip=100.0
[step 11000] eval_success_rate=0.000 eval_mean_score=30.900 eval_policy_mode=greedy [solved=0/50, score_range=19.00-61.00/81.0, initial=26.84]
[step 11000] PROGRESS: filled=31.70 violations=0.00 zero_cand=0.16
[step 11000] DEBUG: ep_len=81.0 ep_ret=-100.785 stop_prob=0.000 score_chg=6.8530
[Checkpoint] Saved to checkpoints/rl_sudoku-9x9_seed0/rl_checkpoint_step_11000.pt
[DEBUG] train_step 11000: starting episode collection
[DEBUG] train_step 11000: episodes collected, starting value_update
[DEBUG] train_step 11000: value_update done, starting policy_update
[DEBUG] train_step 11000: policy_update done
[DEBUG] train_step 11050: starting episode collection
[DEBUG] train_step 11050: episodes collected, starting value_update
[DEBUG] train_step 11050: value_update done, starting policy_update
[DEBUG] train_step 11050: policy_update done
[step 11100] value_loss=31.058233 policy_loss=-0.571557
[step 11100] VALUE_DEBUG: target(mean=-39.86 std=12.14 min=-91.27 max=-19.54) V(s)(mean=-39.36 std=10.08) reward(mean=-1.792 std=11.422) clip=100.0
[DEBUG] train_step 11100: starting episode collection
[DEBUG] train_step 11100: episodes collected, starting value_update
[DEBUG] train_step 11100: value_update done, starting policy_update
[DEBUG] train_step 11100: policy_update done
[DEBUG] train_step 11150: starting episode collection
[DEBUG] train_step 11150: episodes collected, starting value_update
[DEBUG] train_step 11150: value_update done, starting policy_update
[DEBUG] train_step 11150: policy_update done
[step 11200] value_loss=30.995380 policy_loss=0.269054
[step 11200] VALUE_DEBUG: target(mean=-38.45 std=11.54 min=-81.28 max=-17.87) V(s)(mean=-37.33 std=9.83) reward(mean=-1.652 std=10.375) clip=100.0
[DEBUG] train_step 11200: starting episode collection
[DEBUG] train_step 11200: episodes collected, starting value_update
[DEBUG] train_step 11200: value_update done, starting policy_update
[DEBUG] train_step 11200: policy_update done
[DEBUG] train_step 11250: starting episode collection
[DEBUG] train_step 11250: episodes collected, starting value_update
[DEBUG] train_step 11250: value_update done, starting policy_update
[DEBUG] train_step 11250: policy_update done
[step 11300] value_loss=15.925569 policy_loss=-0.098926
[step 11300] VALUE_DEBUG: target(mean=-39.80 std=11.21 min=-80.36 max=-19.64) V(s)(mean=-39.85 std=10.11) reward(mean=-1.185 std=10.018) clip=100.0
[DEBUG] train_step 11300: starting episode collection
[DEBUG] train_step 11300: episodes collected, starting value_update
[DEBUG] train_step 11300: value_update done, starting policy_update
[DEBUG] train_step 11300: policy_update done
[DEBUG] train_step 11350: starting episode collection
[DEBUG] train_step 11350: episodes collected, starting value_update
[DEBUG] train_step 11350: value_update done, starting policy_update
[DEBUG] train_step 11350: policy_update done
[step 11400] value_loss=4.337316 policy_loss=0.376512
[step 11400] VALUE_DEBUG: target(mean=-37.74 std=9.85 min=-59.82 max=-20.03) V(s)(mean=-36.95 std=9.64) reward(mean=-0.626 std=1.911) clip=100.0
[DEBUG] train_step 11400: starting episode collection
[DEBUG] train_step 11400: episodes collected, starting value_update
[DEBUG] train_step 11400: value_update done, starting policy_update
[DEBUG] train_step 11400: policy_update done
[DEBUG] train_step 11450: starting episode collection
[DEBUG] train_step 11450: episodes collected, starting value_update
[DEBUG] train_step 11450: value_update done, starting policy_update
[DEBUG] train_step 11450: policy_update done
[step 11500] value_loss=4.515175 policy_loss=0.397976
[step 11500] VALUE_DEBUG: target(mean=-40.47 std=9.70 min=-54.88 max=-18.32) V(s)(mean=-41.06 std=9.14) reward(mean=-0.085 std=1.523) clip=100.0
[step 11500] eval_success_rate=0.000 eval_mean_score=31.540 eval_policy_mode=greedy [solved=0/50, score_range=19.00-64.00/81.0, initial=26.84]
[step 11500] PROGRESS: filled=32.14 violations=0.00 zero_cand=0.12
[step 11500] DEBUG: ep_len=81.0 ep_ret=-100.567 stop_prob=0.000 score_chg=6.8860
[DEBUG] train_step 11500: starting episode collection
[DEBUG] train_step 11500: episodes collected, starting value_update
[DEBUG] train_step 11500: value_update done, starting policy_update
[DEBUG] train_step 11500: policy_update done
[DEBUG] train_step 11550: starting episode collection
[DEBUG] train_step 11550: episodes collected, starting value_update
[DEBUG] train_step 11550: value_update done, starting policy_update
[DEBUG] train_step 11550: policy_update done
[step 11600] value_loss=6.680787 policy_loss=-0.158931
[step 11600] VALUE_DEBUG: target(mean=-41.85 std=9.29 min=-60.08 max=-21.75) V(s)(mean=-41.57 std=8.77) reward(mean=-0.469 std=2.189) clip=100.0
[DEBUG] train_step 11600: starting episode collection
[DEBUG] train_step 11600: episodes collected, starting value_update
[DEBUG] train_step 11600: value_update done, starting policy_update
[DEBUG] train_step 11600: policy_update done
[DEBUG] train_step 11650: starting episode collection
[DEBUG] train_step 11650: episodes collected, starting value_update
[DEBUG] train_step 11650: value_update done, starting policy_update
[DEBUG] train_step 11650: policy_update done
[step 11700] value_loss=2.756793 policy_loss=0.017258
[step 11700] VALUE_DEBUG: target(mean=-40.17 std=10.25 min=-54.99 max=-19.00) V(s)(mean=-39.86 std=10.26) reward(mean=-0.473 std=1.519) clip=100.0
[DEBUG] train_step 11700: starting episode collection
[DEBUG] train_step 11700: episodes collected, starting value_update
[DEBUG] train_step 11700: value_update done, starting policy_update
[DEBUG] train_step 11700: policy_update done
[DEBUG] train_step 11750: starting episode collection
[DEBUG] train_step 11750: episodes collected, starting value_update
[DEBUG] train_step 11750: value_update done, starting policy_update
[DEBUG] train_step 11750: policy_update done
[step 11800] value_loss=20.017281 policy_loss=-0.004079
[step 11800] VALUE_DEBUG: target(mean=-42.09 std=10.27 min=-80.36 max=-23.71) V(s)(mean=-41.78 std=9.37) reward(mean=-1.215 std=10.201) clip=100.0
[DEBUG] train_step 11800: starting episode collection
[DEBUG] train_step 11800: episodes collected, starting value_update
[DEBUG] train_step 11800: value_update done, starting policy_update
[DEBUG] train_step 11800: policy_update done
[DEBUG] train_step 11850: starting episode collection
[DEBUG] train_step 11850: episodes collected, starting value_update
[DEBUG] train_step 11850: value_update done, starting policy_update
[DEBUG] train_step 11850: policy_update done
[step 11900] value_loss=19.182610 policy_loss=-0.058013
[step 11900] VALUE_DEBUG: target(mean=-43.29 std=11.09 min=-81.34 max=-19.61) V(s)(mean=-42.34 std=10.03) reward(mean=-1.772 std=10.176) clip=100.0
[DEBUG] train_step 11900: starting episode collection
[DEBUG] train_step 11900: episodes collected, starting value_update
[DEBUG] train_step 11900: value_update done, starting policy_update
[DEBUG] train_step 11900: policy_update done
[DEBUG] train_step 11950: starting episode collection
[DEBUG] train_step 11950: episodes collected, starting value_update
[DEBUG] train_step 11950: value_update done, starting policy_update
[DEBUG] train_step 11950: policy_update done
[step 12000] value_loss=2.750305 policy_loss=0.340342
[step 12000] VALUE_DEBUG: target(mean=-43.12 std=8.71 min=-54.87 max=-19.81) V(s)(mean=-43.01 std=8.74) reward(mean=-0.305 std=1.592) clip=100.0
[step 12000] eval_success_rate=0.000 eval_mean_score=32.040 eval_policy_mode=greedy [solved=0/50, score_range=19.00-64.00/81.0, initial=26.84]
[step 12000] PROGRESS: filled=32.34 violations=0.00 zero_cand=0.06
[step 12000] DEBUG: ep_len=81.0 ep_ret=-100.129 stop_prob=0.000 score_chg=8.0310
[Checkpoint] Saved to checkpoints/rl_sudoku-9x9_seed0/rl_checkpoint_step_12000.pt
[DEBUG] train_step 12000: starting episode collection
[DEBUG] train_step 12000: episodes collected, starting value_update
[DEBUG] train_step 12000: value_update done, starting policy_update
[DEBUG] train_step 12000: policy_update done
[DEBUG] train_step 12050: starting episode collection
[DEBUG] train_step 12050: episodes collected, starting value_update
[DEBUG] train_step 12050: value_update done, starting policy_update
[DEBUG] train_step 12050: policy_update done
[step 12100] value_loss=24.352928 policy_loss=-0.067598
[step 12100] VALUE_DEBUG: target(mean=-40.90 std=10.84 min=-86.26 max=-22.47) V(s)(mean=-39.94 std=9.33) reward(mean=-1.587 std=10.772) clip=100.0
[DEBUG] train_step 12100: starting episode collection
[DEBUG] train_step 12100: episodes collected, starting value_update
[DEBUG] train_step 12100: value_update done, starting policy_update
[DEBUG] train_step 12100: policy_update done
[DEBUG] train_step 12150: starting episode collection
[DEBUG] train_step 12150: episodes collected, starting value_update
[DEBUG] train_step 12150: value_update done, starting policy_update
[DEBUG] train_step 12150: policy_update done
[step 12200] value_loss=19.501724 policy_loss=-0.282491
[step 12200] VALUE_DEBUG: target(mean=-41.36 std=10.50 min=-80.38 max=-19.11) V(s)(mean=-41.09 std=9.39) reward(mean=-1.167 std=10.172) clip=100.0
[DEBUG] train_step 12200: starting episode collection
[DEBUG] train_step 12200: episodes collected, starting value_update
[DEBUG] train_step 12200: value_update done, starting policy_update
[DEBUG] train_step 12200: policy_update done
[DEBUG] train_step 12250: starting episode collection
[DEBUG] train_step 12250: episodes collected, starting value_update
[DEBUG] train_step 12250: value_update done, starting policy_update
[DEBUG] train_step 12250: policy_update done
[step 12300] value_loss=5.705186 policy_loss=-0.548185
[step 12300] VALUE_DEBUG: target(mean=-43.12 std=9.65 min=-64.92 max=-17.71) V(s)(mean=-43.19 std=8.79) reward(mean=-0.542 std=2.289) clip=100.0
[DEBUG] train_step 12300: starting episode collection
[DEBUG] train_step 12300: episodes collected, starting value_update
[DEBUG] train_step 12300: value_update done, starting policy_update
[DEBUG] train_step 12300: policy_update done
[DEBUG] train_step 12350: starting episode collection
[DEBUG] train_step 12350: episodes collected, starting value_update
[DEBUG] train_step 12350: value_update done, starting policy_update
[DEBUG] train_step 12350: policy_update done
[step 12400] value_loss=8.903759 policy_loss=1.035763
[step 12400] VALUE_DEBUG: target(mean=-41.08 std=10.93 min=-59.88 max=-19.06) V(s)(mean=-41.58 std=10.15) reward(mean=-0.380 std=2.868) clip=100.0
[DEBUG] train_step 12400: starting episode collection
[DEBUG] train_step 12400: episodes collected, starting value_update
[DEBUG] train_step 12400: value_update done, starting policy_update
[DEBUG] train_step 12400: policy_update done
[DEBUG] train_step 12450: starting episode collection
[DEBUG] train_step 12450: episodes collected, starting value_update
[DEBUG] train_step 12450: value_update done, starting policy_update
[DEBUG] train_step 12450: policy_update done
[step 12500] value_loss=41.581326 policy_loss=0.174142
[step 12500] VALUE_DEBUG: target(mean=-41.90 std=12.53 min=-85.23 max=-20.67) V(s)(mean=-40.86 std=10.00) reward(mean=-2.864 std=14.635) clip=100.0
[step 12500] eval_success_rate=0.000 eval_mean_score=32.240 eval_policy_mode=greedy [solved=0/50, score_range=19.00-62.00/81.0, initial=26.84]
[step 12500] PROGRESS: filled=32.64 violations=0.00 zero_cand=0.08
[step 12500] DEBUG: ep_len=81.0 ep_ret=-100.027 stop_prob=0.000 score_chg=7.8500
[DEBUG] train_step 12500: starting episode collection
[DEBUG] train_step 12500: episodes collected, starting value_update
[DEBUG] train_step 12500: value_update done, starting policy_update
[DEBUG] train_step 12500: policy_update done
[DEBUG] train_step 12550: starting episode collection
[DEBUG] train_step 12550: episodes collected, starting value_update
[DEBUG] train_step 12550: value_update done, starting policy_update
[DEBUG] train_step 12550: policy_update done
[step 12600] value_loss=15.596487 policy_loss=-0.129609
[step 12600] VALUE_DEBUG: target(mean=-42.61 std=10.25 min=-73.80 max=-17.85) V(s)(mean=-42.35 std=9.22) reward(mean=-0.742 std=3.834) clip=100.0
[DEBUG] train_step 12600: starting episode collection
[DEBUG] train_step 12600: episodes collected, starting value_update
[DEBUG] train_step 12600: value_update done, starting policy_update
[DEBUG] train_step 12600: policy_update done
[DEBUG] train_step 12650: starting episode collection
[DEBUG] train_step 12650: episodes collected, starting value_update
[DEBUG] train_step 12650: value_update done, starting policy_update
[DEBUG] train_step 12650: policy_update done
[step 12700] value_loss=21.156296 policy_loss=0.393750
[step 12700] VALUE_DEBUG: target(mean=-44.59 std=9.30 min=-81.23 max=-19.26) V(s)(mean=-44.61 std=7.56) reward(mean=-1.420 std=10.331) clip=100.0
[DEBUG] train_step 12700: starting episode collection
[DEBUG] train_step 12700: episodes collected, starting value_update
[DEBUG] train_step 12700: value_update done, starting policy_update
[DEBUG] train_step 12700: policy_update done
[DEBUG] train_step 12750: starting episode collection
[DEBUG] train_step 12750: episodes collected, starting value_update
[DEBUG] train_step 12750: value_update done, starting policy_update
[DEBUG] train_step 12750: policy_update done
[step 12800] value_loss=51.434437 policy_loss=0.472205
[step 12800] VALUE_DEBUG: target(mean=-44.69 std=12.06 min=-81.44 max=-16.96) V(s)(mean=-43.60 std=8.84) reward(mean=-3.908 std=17.280) clip=100.0
[DEBUG] train_step 12800: starting episode collection
[DEBUG] train_step 12800: episodes collected, starting value_update
[DEBUG] train_step 12800: value_update done, starting policy_update
[DEBUG] train_step 12800: policy_update done
[DEBUG] train_step 12850: starting episode collection
[DEBUG] train_step 12850: episodes collected, starting value_update
[DEBUG] train_step 12850: value_update done, starting policy_update
[DEBUG] train_step 12850: policy_update done
[step 12900] value_loss=23.093166 policy_loss=-1.054094
[step 12900] VALUE_DEBUG: target(mean=-41.82 std=11.18 min=-86.28 max=-20.41) V(s)(mean=-41.55 std=9.50) reward(mean=-1.412 std=10.801) clip=100.0
[DEBUG] train_step 12900: starting episode collection
[DEBUG] train_step 12900: episodes collected, starting value_update
[DEBUG] train_step 12900: value_update done, starting policy_update
[DEBUG] train_step 12900: policy_update done
[DEBUG] train_step 12950: starting episode collection
[DEBUG] train_step 12950: episodes collected, starting value_update
[DEBUG] train_step 12950: value_update done, starting policy_update
[DEBUG] train_step 12950: policy_update done
[step 13000] value_loss=17.265093 policy_loss=0.536141
[step 13000] VALUE_DEBUG: target(mean=-42.74 std=9.17 min=-76.64 max=-22.71) V(s)(mean=-42.89 std=8.12) reward(mean=-1.071 std=9.780) clip=100.0
[step 13000] eval_success_rate=0.000 eval_mean_score=31.940 eval_policy_mode=greedy [solved=0/50, score_range=19.00-64.00/81.0, initial=26.84]
[step 13000] PROGRESS: filled=32.44 violations=0.00 zero_cand=0.10
[step 13000] DEBUG: ep_len=81.0 ep_ret=-100.268 stop_prob=0.000 score_chg=8.1100
[Checkpoint] Saved to checkpoints/rl_sudoku-9x9_seed0/rl_checkpoint_step_13000.pt
[DEBUG] train_step 13000: starting episode collection
[DEBUG] train_step 13000: episodes collected, starting value_update
[DEBUG] train_step 13000: value_update done, starting policy_update
[DEBUG] train_step 13000: policy_update done
[DEBUG] train_step 13050: starting episode collection
[DEBUG] train_step 13050: episodes collected, starting value_update
[DEBUG] train_step 13050: value_update done, starting policy_update
[DEBUG] train_step 13050: policy_update done
[step 13100] value_loss=19.110682 policy_loss=0.101021
[step 13100] VALUE_DEBUG: target(mean=-44.12 std=9.31 min=-81.37 max=-22.58) V(s)(mean=-43.63 std=8.04) reward(mean=-1.446 std=10.214) clip=100.0
[DEBUG] train_step 13100: starting episode collection
[DEBUG] train_step 13100: episodes collected, starting value_update
[DEBUG] train_step 13100: value_update done, starting policy_update
[DEBUG] train_step 13100: policy_update done
[DEBUG] train_step 13150: starting episode collection
[DEBUG] train_step 13150: episodes collected, starting value_update
[DEBUG] train_step 13150: value_update done, starting policy_update
[DEBUG] train_step 13150: policy_update done
[step 13200] value_loss=4.783942 policy_loss=0.090169
[step 13200] VALUE_DEBUG: target(mean=-43.43 std=8.15 min=-54.73 max=-21.02) V(s)(mean=-43.75 std=8.05) reward(mean=-0.180 std=2.014) clip=100.0
[DEBUG] train_step 13200: starting episode collection
[DEBUG] train_step 13200: episodes collected, starting value_update
[DEBUG] train_step 13200: value_update done, starting policy_update
[DEBUG] train_step 13200: policy_update done
[DEBUG] train_step 13250: starting episode collection
[DEBUG] train_step 13250: episodes collected, starting value_update
[DEBUG] train_step 13250: value_update done, starting policy_update
[DEBUG] train_step 13250: policy_update done
[step 13300] value_loss=17.446100 policy_loss=0.578978
[step 13300] VALUE_DEBUG: target(mean=-42.95 std=9.10 min=-76.34 max=-23.23) V(s)(mean=-43.03 std=8.32) reward(mean=-0.952 std=9.786) clip=100.0
[DEBUG] train_step 13300: starting episode collection
[DEBUG] train_step 13300: episodes collected, starting value_update
[DEBUG] train_step 13300: value_update done, starting policy_update
[DEBUG] train_step 13300: policy_update done
[DEBUG] train_step 13350: starting episode collection
[DEBUG] train_step 13350: episodes collected, starting value_update
[DEBUG] train_step 13350: value_update done, starting policy_update
[DEBUG] train_step 13350: policy_update done
[step 13400] value_loss=21.221291 policy_loss=0.169343
[step 13400] VALUE_DEBUG: target(mean=-44.28 std=9.79 min=-81.36 max=-21.59) V(s)(mean=-43.59 std=8.19) reward(mean=-1.773 std=10.310) clip=100.0
[DEBUG] train_step 13400: starting episode collection
[DEBUG] train_step 13400: episodes collected, starting value_update
[DEBUG] train_step 13400: value_update done, starting policy_update
[DEBUG] train_step 13400: policy_update done
[DEBUG] train_step 13450: starting episode collection
[DEBUG] train_step 13450: episodes collected, starting value_update
[DEBUG] train_step 13450: value_update done, starting policy_update
[DEBUG] train_step 13450: policy_update done
[step 13500] value_loss=81.481018 policy_loss=0.376635
[step 13500] VALUE_DEBUG: target(mean=-44.44 std=13.47 min=-81.49 max=-19.77) V(s)(mean=-42.04 std=9.09) reward(mean=-5.660 std=19.700) clip=100.0
[step 13500] eval_success_rate=0.000 eval_mean_score=32.120 eval_policy_mode=greedy [solved=0/50, score_range=18.00-68.00/81.0, initial=26.84]
[step 13500] PROGRESS: filled=32.22 violations=0.00 zero_cand=0.02
[step 13500] DEBUG: ep_len=81.0 ep_ret=-99.949 stop_prob=0.000 score_chg=8.7950
[DEBUG] train_step 13500: starting episode collection
[DEBUG] train_step 13500: episodes collected, starting value_update
[DEBUG] train_step 13500: value_update done, starting policy_update
[DEBUG] train_step 13500: policy_update done
[DEBUG] train_step 13550: starting episode collection
[DEBUG] train_step 13550: episodes collected, starting value_update
[DEBUG] train_step 13550: value_update done, starting policy_update
[DEBUG] train_step 13550: policy_update done
[step 13600] value_loss=1.988331 policy_loss=0.371971
[step 13600] VALUE_DEBUG: target(mean=-43.86 std=7.60 min=-54.77 max=-23.70) V(s)(mean=-44.50 std=7.37) reward(mean=-0.033 std=1.135) clip=100.0
[DEBUG] train_step 13600: starting episode collection
[DEBUG] train_step 13600: episodes collected, starting value_update
[DEBUG] train_step 13600: value_update done, starting policy_update
[DEBUG] train_step 13600: policy_update done
[DEBUG] train_step 13650: starting episode collection
[DEBUG] train_step 13650: episodes collected, starting value_update
[DEBUG] train_step 13650: value_update done, starting policy_update
[DEBUG] train_step 13650: policy_update done
[step 13700] value_loss=4.208133 policy_loss=0.356555
[step 13700] VALUE_DEBUG: target(mean=-45.29 std=7.85 min=-60.18 max=-22.14) V(s)(mean=-45.00 std=7.58) reward(mean=-0.510 std=1.975) clip=100.0
[DEBUG] train_step 13700: starting episode collection
[DEBUG] train_step 13700: episodes collected, starting value_update
[DEBUG] train_step 13700: value_update done, starting policy_update
[DEBUG] train_step 13700: policy_update done
[DEBUG] train_step 13750: starting episode collection
[DEBUG] train_step 13750: episodes collected, starting value_update
[DEBUG] train_step 13750: value_update done, starting policy_update
[DEBUG] train_step 13750: policy_update done
[step 13800] value_loss=6.791616 policy_loss=0.288508
[step 13800] VALUE_DEBUG: target(mean=-45.21 std=7.23 min=-64.78 max=-26.13) V(s)(mean=-44.89 std=7.16) reward(mean=-0.267 std=2.451) clip=100.0
[DEBUG] train_step 13800: starting episode collection
[DEBUG] train_step 13800: episodes collected, starting value_update
[DEBUG] train_step 13800: value_update done, starting policy_update
[DEBUG] train_step 13800: policy_update done
[DEBUG] train_step 13850: starting episode collection
[DEBUG] train_step 13850: episodes collected, starting value_update
[DEBUG] train_step 13850: value_update done, starting policy_update
[DEBUG] train_step 13850: policy_update done
[step 13900] value_loss=8.113060 policy_loss=0.252105
[step 13900] VALUE_DEBUG: target(mean=-43.13 std=8.11 min=-64.86 max=-25.83) V(s)(mean=-43.17 std=7.43) reward(mean=-0.251 std=2.678) clip=100.0
[DEBUG] train_step 13900: starting episode collection
[DEBUG] train_step 13900: episodes collected, starting value_update
[DEBUG] train_step 13900: value_update done, starting policy_update
[DEBUG] train_step 13900: policy_update done
[DEBUG] train_step 13950: starting episode collection
[DEBUG] train_step 13950: episodes collected, starting value_update
[DEBUG] train_step 13950: value_update done, starting policy_update
[DEBUG] train_step 13950: policy_update done
[step 14000] value_loss=41.915680 policy_loss=-0.007619
[step 14000] VALUE_DEBUG: target(mean=-46.34 std=9.87 min=-86.24 max=-21.05) V(s)(mean=-45.49 std=7.06) reward(mean=-2.633 std=14.762) clip=100.0
[step 14000] eval_success_rate=0.000 eval_mean_score=32.280 eval_policy_mode=greedy [solved=0/50, score_range=18.00-70.00/81.0, initial=26.84]
[step 14000] PROGRESS: filled=32.38 violations=0.00 zero_cand=0.02
[step 14000] DEBUG: ep_len=80.9 ep_ret=-98.874 stop_prob=0.000 score_chg=9.3640
[Checkpoint] Saved to checkpoints/rl_sudoku-9x9_seed0/rl_checkpoint_step_14000.pt
[DEBUG] train_step 14000: starting episode collection
[DEBUG] train_step 14000: episodes collected, starting value_update
[DEBUG] train_step 14000: value_update done, starting policy_update
[DEBUG] train_step 14000: policy_update done
[DEBUG] train_step 14050: starting episode collection
[DEBUG] train_step 14050: episodes collected, starting value_update
[DEBUG] train_step 14050: value_update done, starting policy_update
[DEBUG] train_step 14050: policy_update done
[step 14100] value_loss=27.607861 policy_loss=-0.092771
[step 14100] VALUE_DEBUG: target(mean=-45.28 std=9.41 min=-85.39 max=-21.99) V(s)(mean=-45.19 std=7.44) reward(mean=-1.506 std=10.905) clip=100.0
[DEBUG] train_step 14100: starting episode collection
[DEBUG] train_step 14100: episodes collected, starting value_update
[DEBUG] train_step 14100: value_update done, starting policy_update
[DEBUG] train_step 14100: policy_update done
[DEBUG] train_step 14150: starting episode collection
[DEBUG] train_step 14150: episodes collected, starting value_update
[DEBUG] train_step 14150: value_update done, starting policy_update
[DEBUG] train_step 14150: policy_update done
[step 14200] value_loss=5.751050 policy_loss=-0.297255
[step 14200] VALUE_DEBUG: target(mean=-44.65 std=7.97 min=-59.93 max=-22.19) V(s)(mean=-44.68 std=7.58) reward(mean=-0.403 std=2.349) clip=100.0
[DEBUG] train_step 14200: starting episode collection
[DEBUG] train_step 14200: episodes collected, starting value_update
[DEBUG] train_step 14200: value_update done, starting policy_update
[DEBUG] train_step 14200: policy_update done
[DEBUG] train_step 14250: starting episode collection
[DEBUG] train_step 14250: episodes collected, starting value_update
[DEBUG] train_step 14250: value_update done, starting policy_update
[DEBUG] train_step 14250: policy_update done
[step 14300] value_loss=33.958202 policy_loss=-0.685844
[step 14300] VALUE_DEBUG: target(mean=-44.53 std=10.25 min=-81.45 max=-23.20) V(s)(mean=-43.59 std=7.85) reward(mean=-2.693 std=14.241) clip=100.0
[DEBUG] train_step 14300: starting episode collection
[DEBUG] train_step 14300: episodes collected, starting value_update
[DEBUG] train_step 14300: value_update done, starting policy_update
[DEBUG] train_step 14300: policy_update done
[DEBUG] train_step 14350: starting episode collection
[DEBUG] train_step 14350: episodes collected, starting value_update
[DEBUG] train_step 14350: value_update done, starting policy_update
[DEBUG] train_step 14350: policy_update done
[step 14400] value_loss=32.047638 policy_loss=0.162828
[step 14400] VALUE_DEBUG: target(mean=-44.63 std=10.10 min=-81.33 max=-24.71) V(s)(mean=-43.91 std=7.71) reward(mean=-2.690 std=13.818) clip=100.0
[DEBUG] train_step 14400: starting episode collection
[DEBUG] train_step 14400: episodes collected, starting value_update
[DEBUG] train_step 14400: value_update done, starting policy_update
[DEBUG] train_step 14400: policy_update done
[DEBUG] train_step 14450: starting episode collection
[DEBUG] train_step 14450: episodes collected, starting value_update
[DEBUG] train_step 14450: value_update done, starting policy_update
[DEBUG] train_step 14450: policy_update done
[step 14500] value_loss=18.896746 policy_loss=-0.597090
[step 14500] VALUE_DEBUG: target(mean=-44.11 std=9.01 min=-81.23 max=-20.43) V(s)(mean=-43.76 std=7.67) reward(mean=-1.481 std=10.207) clip=100.0
[step 14500] eval_success_rate=0.000 eval_mean_score=32.100 eval_policy_mode=greedy [solved=0/50, score_range=18.00-73.00/81.0, initial=26.84]
[step 14500] PROGRESS: filled=32.40 violations=0.00 zero_cand=0.06
[step 14500] DEBUG: ep_len=80.9 ep_ret=-98.789 stop_prob=0.000 score_chg=10.0670
[DEBUG] train_step 14500: starting episode collection
[DEBUG] train_step 14500: episodes collected, starting value_update
[DEBUG] train_step 14500: value_update done, starting policy_update
[DEBUG] train_step 14500: policy_update done
[DEBUG] train_step 14550: starting episode collection
[DEBUG] train_step 14550: episodes collected, starting value_update
[DEBUG] train_step 14550: value_update done, starting policy_update
[DEBUG] train_step 14550: policy_update done
[step 14600] value_loss=54.160461 policy_loss=0.183025
[step 14600] VALUE_DEBUG: target(mean=-45.89 std=11.40 min=-85.48 max=-23.22) V(s)(mean=-44.41 std=7.69) reward(mean=-4.235 std=17.504) clip=100.0
[DEBUG] train_step 14600: starting episode collection
[DEBUG] train_step 14600: episodes collected, starting value_update
[DEBUG] train_step 14600: value_update done, starting policy_update
[DEBUG] train_step 14600: policy_update done
[DEBUG] train_step 14650: starting episode collection
[DEBUG] train_step 14650: episodes collected, starting value_update
[DEBUG] train_step 14650: value_update done, starting policy_update
[DEBUG] train_step 14650: policy_update done
[step 14700] value_loss=19.404837 policy_loss=-0.898458
[step 14700] VALUE_DEBUG: target(mean=-46.08 std=8.58 min=-81.37 max=-20.57) V(s)(mean=-45.71 std=6.81) reward(mean=-1.614 std=10.226) clip=100.0
[DEBUG] train_step 14700: starting episode collection
[DEBUG] train_step 14700: episodes collected, starting value_update
[DEBUG] train_step 14700: value_update done, starting policy_update
[DEBUG] train_step 14700: policy_update done
[DEBUG] train_step 14750: starting episode collection
[DEBUG] train_step 14750: episodes collected, starting value_update
[DEBUG] train_step 14750: value_update done, starting policy_update
[DEBUG] train_step 14750: policy_update done
[step 14800] value_loss=2.633511 policy_loss=0.631578
[step 14800] VALUE_DEBUG: target(mean=-44.50 std=7.55 min=-58.94 max=-25.19) V(s)(mean=-44.35 std=7.72) reward(mean=-0.348 std=1.528) clip=100.0
[DEBUG] train_step 14800: starting episode collection
[DEBUG] train_step 14800: episodes collected, starting value_update
[DEBUG] train_step 14800: value_update done, starting policy_update
[DEBUG] train_step 14800: policy_update done
[DEBUG] train_step 14850: starting episode collection
[DEBUG] train_step 14850: episodes collected, starting value_update
[DEBUG] train_step 14850: value_update done, starting policy_update
[DEBUG] train_step 14850: policy_update done
[step 14900] value_loss=32.119595 policy_loss=0.026538
[step 14900] VALUE_DEBUG: target(mean=-44.49 std=9.94 min=-91.38 max=-23.46) V(s)(mean=-44.30 std=8.11) reward(mean=-1.177 std=11.556) clip=100.0
[DEBUG] train_step 14900: starting episode collection
[DEBUG] train_step 14900: episodes collected, starting value_update
[DEBUG] train_step 14900: value_update done, starting policy_update
[DEBUG] train_step 14900: policy_update done
[DEBUG] train_step 14950: starting episode collection
[DEBUG] train_step 14950: episodes collected, starting value_update
[DEBUG] train_step 14950: value_update done, starting policy_update
[DEBUG] train_step 14950: policy_update done
[step 15000] value_loss=46.645210 policy_loss=-1.223220
[step 15000] VALUE_DEBUG: target(mean=-46.28 std=10.38 min=-86.62 max=-25.54) V(s)(mean=-45.22 std=7.14) reward(mean=-3.128 std=14.881) clip=100.0
[step 15000] eval_success_rate=0.000 eval_mean_score=32.100 eval_policy_mode=greedy [solved=0/50, score_range=18.00-70.00/81.0, initial=26.84]
[step 15000] PROGRESS: filled=32.20 violations=0.00 zero_cand=0.02
[step 15000] DEBUG: ep_len=80.6 ep_ret=-96.859 stop_prob=0.000 score_chg=10.9520
[Checkpoint] Saved to checkpoints/rl_sudoku-9x9_seed0/rl_checkpoint_step_15000.pt
[DEBUG] train_step 15000: starting episode collection
[DEBUG] train_step 15000: episodes collected, starting value_update
[DEBUG] train_step 15000: value_update done, starting policy_update
[DEBUG] train_step 15000: policy_update done
[DEBUG] train_step 15050: starting episode collection
[DEBUG] train_step 15050: episodes collected, starting value_update
[DEBUG] train_step 15050: value_update done, starting policy_update
[DEBUG] train_step 15050: policy_update done
[step 15100] value_loss=25.375494 policy_loss=-0.487999
[step 15100] VALUE_DEBUG: target(mean=-45.87 std=9.06 min=-81.52 max=-24.52) V(s)(mean=-44.73 std=6.71) reward(mean=-2.283 std=10.456) clip=100.0
[DEBUG] train_step 15100: starting episode collection
[DEBUG] train_step 15100: episodes collected, starting value_update
[DEBUG] train_step 15100: value_update done, starting policy_update
[DEBUG] train_step 15100: policy_update done
[DEBUG] train_step 15150: starting episode collection
[DEBUG] train_step 15150: episodes collected, starting value_update
[DEBUG] train_step 15150: value_update done, starting policy_update
[DEBUG] train_step 15150: policy_update done
[step 15200] value_loss=4.260184 policy_loss=0.069689
[step 15200] VALUE_DEBUG: target(mean=-43.45 std=7.13 min=-54.73 max=-23.61) V(s)(mean=-43.92 std=7.69) reward(mean=0.303 std=1.793) clip=100.0
[DEBUG] train_step 15200: starting episode collection
[DEBUG] train_step 15200: episodes collected, starting value_update
[DEBUG] train_step 15200: value_update done, starting policy_update
[DEBUG] train_step 15200: policy_update done
[DEBUG] train_step 15250: starting episode collection
[DEBUG] train_step 15250: episodes collected, starting value_update
[DEBUG] train_step 15250: value_update done, starting policy_update
[DEBUG] train_step 15250: policy_update done
[step 15300] value_loss=39.484589 policy_loss=0.294279
[step 15300] VALUE_DEBUG: target(mean=-47.48 std=8.95 min=-81.31 max=-28.65) V(s)(mean=-46.41 std=6.12) reward(mean=-2.913 std=14.334) clip=100.0
[DEBUG] train_step 15300: starting episode collection
[DEBUG] train_step 15300: episodes collected, starting value_update
[DEBUG] train_step 15300: value_update done, starting policy_update
[DEBUG] train_step 15300: policy_update done
[DEBUG] train_step 15350: starting episode collection
[DEBUG] train_step 15350: episodes collected, starting value_update
[DEBUG] train_step 15350: value_update done, starting policy_update
[DEBUG] train_step 15350: policy_update done
[step 15400] value_loss=50.859337 policy_loss=-0.605544
[step 15400] VALUE_DEBUG: target(mean=-43.90 std=9.09 min=-59.70 max=1.19) V(s)(mean=-44.75 std=6.65) reward(mean=-0.148 std=3.134) clip=100.0
[DEBUG] train_step 15400: starting episode collection
[DEBUG] train_step 15400: episodes collected, starting value_update
[DEBUG] train_step 15400: value_update done, starting policy_update
[DEBUG] train_step 15400: policy_update done
[DEBUG] train_step 15450: starting episode collection
[DEBUG] train_step 15450: episodes collected, starting value_update
[DEBUG] train_step 15450: value_update done, starting policy_update
[DEBUG] train_step 15450: policy_update done
[step 15500] value_loss=12.202714 policy_loss=0.435308
[step 15500] VALUE_DEBUG: target(mean=-45.87 std=6.07 min=-59.86 max=-30.11) V(s)(mean=-46.78 std=5.26) reward(mean=0.291 std=3.382) clip=100.0
[step 15500] eval_success_rate=0.000 eval_mean_score=31.840 eval_policy_mode=greedy [solved=0/50, score_range=18.00-65.00/81.0, initial=26.84]
[step 15500] PROGRESS: filled=32.44 violations=0.00 zero_cand=0.12
[step 15500] DEBUG: ep_len=80.9 ep_ret=-98.690 stop_prob=0.000 score_chg=10.1770
[DEBUG] train_step 15500: starting episode collection
[DEBUG] train_step 15500: episodes collected, starting value_update
[DEBUG] train_step 15500: value_update done, starting policy_update
[DEBUG] train_step 15500: policy_update done
[DEBUG] train_step 15550: starting episode collection
[DEBUG] train_step 15550: episodes collected, starting value_update
[DEBUG] train_step 15550: value_update done, starting policy_update
[DEBUG] train_step 15550: policy_update done
[step 15600] value_loss=35.944740 policy_loss=0.004462
[step 15600] VALUE_DEBUG: target(mean=-45.65 std=10.53 min=-81.46 max=-25.68) V(s)(mean=-44.45 std=8.14) reward(mean=-2.955 std=14.258) clip=100.0
[DEBUG] train_step 15600: starting episode collection
[DEBUG] train_step 15600: episodes collected, starting value_update
[DEBUG] train_step 15600: value_update done, starting policy_update
[DEBUG] train_step 15600: policy_update done
[DEBUG] train_step 15650: starting episode collection
[DEBUG] train_step 15650: episodes collected, starting value_update
[DEBUG] train_step 15650: value_update done, starting policy_update
[DEBUG] train_step 15650: policy_update done
[step 15700] value_loss=6.263624 policy_loss=-0.380637
[step 15700] VALUE_DEBUG: target(mean=-43.16 std=7.28 min=-58.80 max=-27.05) V(s)(mean=-43.48 std=7.44) reward(mean=0.180 std=2.346) clip=100.0
[DEBUG] train_step 15700: starting episode collection
[DEBUG] train_step 15700: episodes collected, starting value_update
[DEBUG] train_step 15700: value_update done, starting policy_update
[DEBUG] train_step 15700: policy_update done
[DEBUG] train_step 15750: starting episode collection
[DEBUG] train_step 15750: episodes collected, starting value_update
[DEBUG] train_step 15750: value_update done, starting policy_update
[DEBUG] train_step 15750: policy_update done
[step 15800] value_loss=4.689662 policy_loss=-0.054108
[step 15800] VALUE_DEBUG: target(mean=-46.88 std=5.29 min=-59.84 max=-34.15) V(s)(mean=-47.07 std=4.67) reward(mean=-0.440 std=2.010) clip=100.0
[DEBUG] train_step 15800: starting episode collection
[DEBUG] train_step 15800: episodes collected, starting value_update
[DEBUG] train_step 15800: value_update done, starting policy_update
[DEBUG] train_step 15800: policy_update done
[DEBUG] train_step 15850: starting episode collection
[DEBUG] train_step 15850: episodes collected, starting value_update
[DEBUG] train_step 15850: value_update done, starting policy_update
[DEBUG] train_step 15850: policy_update done
[step 15900] value_loss=12.745314 policy_loss=0.123657
[step 15900] VALUE_DEBUG: target(mean=-45.66 std=7.83 min=-71.67 max=-24.36) V(s)(mean=-45.38 std=6.62) reward(mean=-1.389 std=9.134) clip=100.0
[DEBUG] train_step 15900: starting episode collection
[DEBUG] train_step 15900: episodes collected, starting value_update
[DEBUG] train_step 15900: value_update done, starting policy_update
[DEBUG] train_step 15900: policy_update done
[DEBUG] train_step 15950: starting episode collection
[DEBUG] train_step 15950: episodes collected, starting value_update
[DEBUG] train_step 15950: value_update done, starting policy_update
[DEBUG] train_step 15950: policy_update done
[step 16000] value_loss=8.025597 policy_loss=-0.117957
[step 16000] VALUE_DEBUG: target(mean=-44.01 std=7.22 min=-55.04 max=-22.35) V(s)(mean=-44.99 std=7.00) reward(mean=0.312 std=2.600) clip=100.0
[step 16000] eval_success_rate=0.000 eval_mean_score=32.160 eval_policy_mode=greedy [solved=0/50, score_range=18.00-69.00/81.0, initial=26.84]
[step 16000] PROGRESS: filled=32.76 violations=0.00 zero_cand=0.12
[step 16000] DEBUG: ep_len=80.7 ep_ret=-97.594 stop_prob=0.000 score_chg=11.1050
[Checkpoint] Saved to checkpoints/rl_sudoku-9x9_seed0/rl_checkpoint_step_16000.pt
[DEBUG] train_step 16000: starting episode collection
[DEBUG] train_step 16000: episodes collected, starting value_update
[DEBUG] train_step 16000: value_update done, starting policy_update
[DEBUG] train_step 16000: policy_update done
[DEBUG] train_step 16050: starting episode collection
[DEBUG] train_step 16050: episodes collected, starting value_update
[DEBUG] train_step 16050: value_update done, starting policy_update
[DEBUG] train_step 16050: policy_update done
[step 16100] value_loss=21.631079 policy_loss=-0.358663
[step 16100] VALUE_DEBUG: target(mean=-46.05 std=7.48 min=-81.27 max=-24.17) V(s)(mean=-45.97 std=5.94) reward(mean=-1.177 std=10.378) clip=100.0
[DEBUG] train_step 16100: starting episode collection
[DEBUG] train_step 16100: episodes collected, starting value_update
[DEBUG] train_step 16100: value_update done, starting policy_update
[DEBUG] train_step 16100: policy_update done
[DEBUG] train_step 16150: starting episode collection
[DEBUG] train_step 16150: episodes collected, starting value_update
[DEBUG] train_step 16150: value_update done, starting policy_update
[DEBUG] train_step 16150: policy_update done
[step 16200] value_loss=51.582386 policy_loss=-0.411445
[step 16200] VALUE_DEBUG: target(mean=-48.32 std=8.93 min=-91.37 max=-33.22) V(s)(mean=-47.45 std=4.80) reward(mean=-2.884 std=15.298) clip=100.0
[DEBUG] train_step 16200: starting episode collection
[DEBUG] train_step 16200: episodes collected, starting value_update
[DEBUG] train_step 16200: value_update done, starting policy_update
[DEBUG] train_step 16200: policy_update done
[DEBUG] train_step 16250: starting episode collection
[DEBUG] train_step 16250: episodes collected, starting value_update
[DEBUG] train_step 16250: value_update done, starting policy_update
[DEBUG] train_step 16250: policy_update done
[step 16300] value_loss=19.595142 policy_loss=-0.028987
[step 16300] VALUE_DEBUG: target(mean=-46.89 std=6.99 min=-81.46 max=-29.49) V(s)(mean=-46.55 std=5.36) reward(mean=-1.372 std=10.258) clip=100.0
[DEBUG] train_step 16300: starting episode collection
[DEBUG] train_step 16300: episodes collected, starting value_update
[DEBUG] train_step 16300: value_update done, starting policy_update
[DEBUG] train_step 16300: policy_update done
[DEBUG] train_step 16350: starting episode collection
[DEBUG] train_step 16350: episodes collected, starting value_update
[DEBUG] train_step 16350: value_update done, starting policy_update
[DEBUG] train_step 16350: policy_update done
[step 16400] value_loss=2.754092 policy_loss=0.978026
[step 16400] VALUE_DEBUG: target(mean=-46.97 std=5.99 min=-59.92 max=-29.52) V(s)(mean=-46.91 std=5.63) reward(mean=-0.487 std=1.654) clip=100.0
[DEBUG] train_step 16400: starting episode collection
[DEBUG] train_step 16400: episodes collected, starting value_update
[DEBUG] train_step 16400: value_update done, starting policy_update
[DEBUG] train_step 16400: policy_update done
[DEBUG] train_step 16450: starting episode collection
[DEBUG] train_step 16450: episodes collected, starting value_update
[DEBUG] train_step 16450: value_update done, starting policy_update
[DEBUG] train_step 16450: policy_update done
[step 16500] value_loss=13.114685 policy_loss=-0.197440
[step 16500] VALUE_DEBUG: target(mean=-46.52 std=7.20 min=-69.79 max=-30.75) V(s)(mean=-46.38 std=6.13) reward(mean=-0.536 std=3.628) clip=100.0
[step 16500] eval_success_rate=0.020 eval_mean_score=33.120 eval_policy_mode=greedy [solved=1/50, score_range=18.00-81.00/81.0, initial=26.84]
[step 16500] PROGRESS: filled=33.72 violations=0.00 zero_cand=0.12
[step 16500] DEBUG: ep_len=80.6 ep_ret=-97.247 stop_prob=0.000 score_chg=11.2160
[DEBUG] train_step 16500: starting episode collection
[DEBUG] train_step 16500: episodes collected, starting value_update
[DEBUG] train_step 16500: value_update done, starting policy_update
[DEBUG] train_step 16500: policy_update done
[DEBUG] train_step 16550: starting episode collection
[DEBUG] train_step 16550: episodes collected, starting value_update
[DEBUG] train_step 16550: value_update done, starting policy_update
[DEBUG] train_step 16550: policy_update done
[step 16600] value_loss=20.266514 policy_loss=0.442123
[step 16600] VALUE_DEBUG: target(mean=-46.44 std=7.73 min=-81.38 max=-28.68) V(s)(mean=-46.11 std=6.13) reward(mean=-1.470 std=10.309) clip=100.0
[DEBUG] train_step 16600: starting episode collection
[DEBUG] train_step 16600: episodes collected, starting value_update
[DEBUG] train_step 16600: value_update done, starting policy_update
[DEBUG] train_step 16600: policy_update done
[DEBUG] train_step 16650: starting episode collection
[DEBUG] train_step 16650: episodes collected, starting value_update
[DEBUG] train_step 16650: value_update done, starting policy_update
[DEBUG] train_step 16650: policy_update done
[step 16700] value_loss=22.425192 policy_loss=0.976465
[step 16700] VALUE_DEBUG: target(mean=-45.15 std=8.52 min=-81.38 max=-25.94) V(s)(mean=-45.07 std=6.87) reward(mean=-1.237 std=10.424) clip=100.0
[DEBUG] train_step 16700: starting episode collection
[DEBUG] train_step 16700: episodes collected, starting value_update
[DEBUG] train_step 16700: value_update done, starting policy_update
[DEBUG] train_step 16700: policy_update done
[DEBUG] train_step 16750: starting episode collection
[DEBUG] train_step 16750: episodes collected, starting value_update
[DEBUG] train_step 16750: value_update done, starting policy_update
[DEBUG] train_step 16750: policy_update done
[step 16800] value_loss=23.959600 policy_loss=0.373020
[step 16800] VALUE_DEBUG: target(mean=-46.30 std=7.65 min=-81.37 max=-25.59) V(s)(mean=-46.47 std=5.70) reward(mean=-1.088 std=10.503) clip=100.0
[DEBUG] train_step 16800: starting episode collection
[DEBUG] train_step 16800: episodes collected, starting value_update
[DEBUG] train_step 16800: value_update done, starting policy_update
[DEBUG] train_step 16800: policy_update done
[DEBUG] train_step 16850: starting episode collection
[DEBUG] train_step 16850: episodes collected, starting value_update
[DEBUG] train_step 16850: value_update done, starting policy_update
[DEBUG] train_step 16850: policy_update done
[step 16900] value_loss=22.949102 policy_loss=1.593020
[step 16900] VALUE_DEBUG: target(mean=-45.30 std=8.58 min=-81.28 max=-25.19) V(s)(mean=-44.95 std=7.20) reward(mean=-1.209 std=10.448) clip=100.0
[DEBUG] train_step 16900: starting episode collection
[DEBUG] train_step 16900: episodes collected, starting value_update
[DEBUG] train_step 16900: value_update done, starting policy_update
[DEBUG] train_step 16900: policy_update done
[DEBUG] train_step 16950: starting episode collection
[DEBUG] train_step 16950: episodes collected, starting value_update
[DEBUG] train_step 16950: value_update done, starting policy_update
[DEBUG] train_step 16950: policy_update done
[step 17000] value_loss=26.582764 policy_loss=-0.238232
[step 17000] VALUE_DEBUG: target(mean=-47.43 std=8.56 min=-76.39 max=-26.35) V(s)(mean=-46.43 std=6.74) reward(mean=-2.049 std=10.150) clip=100.0
[step 17000] eval_success_rate=0.020 eval_mean_score=32.040 eval_policy_mode=greedy [solved=1/50, score_range=18.00-81.00/81.0, initial=26.84]
[step 17000] PROGRESS: filled=33.04 violations=0.00 zero_cand=0.20
[step 17000] DEBUG: ep_len=80.5 ep_ret=-97.168 stop_prob=0.000 score_chg=11.1050
[Checkpoint] Saved to checkpoints/rl_sudoku-9x9_seed0/rl_checkpoint_step_17000.pt
[DEBUG] train_step 17000: starting episode collection
[DEBUG] train_step 17000: episodes collected, starting value_update
[DEBUG] train_step 17000: value_update done, starting policy_update
[DEBUG] train_step 17000: policy_update done
[DEBUG] train_step 17050: starting episode collection
[DEBUG] train_step 17050: episodes collected, starting value_update
[DEBUG] train_step 17050: value_update done, starting policy_update
[DEBUG] train_step 17050: policy_update done
[step 17100] value_loss=12.452250 policy_loss=0.464847
[step 17100] VALUE_DEBUG: target(mean=-46.08 std=7.79 min=-64.79 max=-23.92) V(s)(mean=-45.75 std=6.93) reward(mean=-0.557 std=3.497) clip=100.0
[DEBUG] train_step 17100: starting episode collection
[DEBUG] train_step 17100: episodes collected, starting value_update
[DEBUG] train_step 17100: value_update done, starting policy_update
[DEBUG] train_step 17100: policy_update done
[DEBUG] train_step 17150: starting episode collection
[DEBUG] train_step 17150: episodes collected, starting value_update
[DEBUG] train_step 17150: value_update done, starting policy_update
[DEBUG] train_step 17150: policy_update done
[step 17200] value_loss=27.988234 policy_loss=0.476093
[step 17200] VALUE_DEBUG: target(mean=-46.53 std=7.73 min=-86.31 max=-31.51) V(s)(mean=-46.14 std=5.52) reward(mean=-1.450 std=11.022) clip=100.0
[DEBUG] train_step 17200: starting episode collection
[DEBUG] train_step 17200: episodes collected, starting value_update
[DEBUG] train_step 17200: value_update done, starting policy_update
[DEBUG] train_step 17200: policy_update done
[DEBUG] train_step 17250: starting episode collection
[DEBUG] train_step 17250: episodes collected, starting value_update
[DEBUG] train_step 17250: value_update done, starting policy_update
[DEBUG] train_step 17250: policy_update done
[step 17300] value_loss=22.647369 policy_loss=0.086473
[step 17300] VALUE_DEBUG: target(mean=-46.21 std=8.13 min=-81.33 max=-27.53) V(s)(mean=-45.61 std=6.26) reward(mean=-1.715 std=10.237) clip=100.0
[DEBUG] train_step 17300: starting episode collection
[DEBUG] train_step 17300: episodes collected, starting value_update
[DEBUG] train_step 17300: value_update done, starting policy_update
[DEBUG] train_step 17300: policy_update done
[DEBUG] train_step 17350: starting episode collection
[DEBUG] train_step 17350: episodes collected, starting value_update
[DEBUG] train_step 17350: value_update done, starting policy_update
[DEBUG] train_step 17350: policy_update done
[step 17400] value_loss=83.774063 policy_loss=1.248446
[step 17400] VALUE_DEBUG: target(mean=-45.60 std=11.98 min=-86.26 max=1.19) V(s)(mean=-45.27 std=7.46) reward(mean=-3.069 std=14.744) clip=100.0
[DEBUG] train_step 17400: starting episode collection
[DEBUG] train_step 17400: episodes collected, starting value_update
[DEBUG] train_step 17400: value_update done, starting policy_update
[DEBUG] train_step 17400: policy_update done
[DEBUG] train_step 17450: starting episode collection
[DEBUG] train_step 17450: episodes collected, starting value_update
[DEBUG] train_step 17450: value_update done, starting policy_update
[DEBUG] train_step 17450: policy_update done
[step 17500] value_loss=8.674438 policy_loss=0.330914
[step 17500] VALUE_DEBUG: target(mean=-47.08 std=6.34 min=-59.93 max=-27.66) V(s)(mean=-46.69 std=5.48) reward(mean=-0.637 std=2.898) clip=100.0
[step 17500] eval_success_rate=0.000 eval_mean_score=33.080 eval_policy_mode=greedy [solved=0/50, score_range=18.00-66.00/81.0, initial=26.84]
[step 17500] PROGRESS: filled=34.48 violations=0.00 zero_cand=0.28
[step 17500] DEBUG: ep_len=80.5 ep_ret=-96.761 stop_prob=0.000 score_chg=12.0540
[DEBUG] train_step 17500: starting episode collection
[DEBUG] train_step 17500: episodes collected, starting value_update
[DEBUG] train_step 17500: value_update done, starting policy_update
[DEBUG] train_step 17500: policy_update done
[DEBUG] train_step 17550: starting episode collection
[DEBUG] train_step 17550: episodes collected, starting value_update
[DEBUG] train_step 17550: value_update done, starting policy_update
[DEBUG] train_step 17550: policy_update done
[step 17600] value_loss=7.265596 policy_loss=-0.143994
[step 17600] VALUE_DEBUG: target(mean=-47.02 std=5.94 min=-65.08 max=-31.63) V(s)(mean=-46.90 std=5.28) reward(mean=-0.359 std=2.696) clip=100.0
[DEBUG] train_step 17600: starting episode collection
[DEBUG] train_step 17600: episodes collected, starting value_update
[DEBUG] train_step 17600: value_update done, starting policy_update
[DEBUG] train_step 17600: policy_update done
[DEBUG] train_step 17650: starting episode collection
[DEBUG] train_step 17650: episodes collected, starting value_update
[DEBUG] train_step 17650: value_update done, starting policy_update
[DEBUG] train_step 17650: policy_update done
[step 17700] value_loss=41.220005 policy_loss=-0.012176
[step 17700] VALUE_DEBUG: target(mean=-47.15 std=9.34 min=-81.48 max=-27.27) V(s)(mean=-46.02 std=6.40) reward(mean=-2.810 std=14.450) clip=100.0
[DEBUG] train_step 17700: starting episode collection
[DEBUG] train_step 17700: episodes collected, starting value_update
[DEBUG] train_step 17700: value_update done, starting policy_update
[DEBUG] train_step 17700: policy_update done
[DEBUG] train_step 17750: starting episode collection
[DEBUG] train_step 17750: episodes collected, starting value_update
[DEBUG] train_step 17750: value_update done, starting policy_update
[DEBUG] train_step 17750: policy_update done
[step 17800] value_loss=6.040106 policy_loss=0.531181
[step 17800] VALUE_DEBUG: target(mean=-46.49 std=5.35 min=-60.09 max=-28.16) V(s)(mean=-46.67 std=4.92) reward(mean=-0.060 std=2.428) clip=100.0
[DEBUG] train_step 17800: starting episode collection
[DEBUG] train_step 17800: episodes collected, starting value_update
[DEBUG] train_step 17800: value_update done, starting policy_update
[DEBUG] train_step 17800: policy_update done
[DEBUG] train_step 17850: starting episode collection
[DEBUG] train_step 17850: episodes collected, starting value_update
[DEBUG] train_step 17850: value_update done, starting policy_update
[DEBUG] train_step 17850: policy_update done
[step 17900] value_loss=12.079358 policy_loss=-0.057590
[step 17900] VALUE_DEBUG: target(mean=-47.39 std=5.90 min=-60.14 max=-26.88) V(s)(mean=-47.34 std=4.76) reward(mean=-0.308 std=3.490) clip=100.0
[DEBUG] train_step 17900: starting episode collection
[DEBUG] train_step 17900: episodes collected, starting value_update
[DEBUG] train_step 17900: value_update done, starting policy_update
[DEBUG] train_step 17900: policy_update done
[DEBUG] train_step 17950: starting episode collection
[DEBUG] train_step 17950: episodes collected, starting value_update
[DEBUG] train_step 17950: value_update done, starting policy_update
[DEBUG] train_step 17950: policy_update done
[step 18000] value_loss=20.205996 policy_loss=-0.813039
[step 18000] VALUE_DEBUG: target(mean=-46.30 std=8.01 min=-80.50 max=-28.52) V(s)(mean=-45.66 std=5.72) reward(mean=-1.892 std=10.186) clip=100.0
[step 18000] eval_success_rate=0.040 eval_mean_score=34.180 eval_policy_mode=greedy [solved=2/50, score_range=18.00-81.00/81.0, initial=26.84]
[step 18000] PROGRESS: filled=34.98 violations=0.00 zero_cand=0.16
[step 18000] DEBUG: ep_len=80.3 ep_ret=-96.309 stop_prob=0.000 score_chg=12.1800
[Checkpoint] Saved to checkpoints/rl_sudoku-9x9_seed0/rl_checkpoint_step_18000.pt
[DEBUG] train_step 18000: starting episode collection
[DEBUG] train_step 18000: episodes collected, starting value_update
[DEBUG] train_step 18000: value_update done, starting policy_update
[DEBUG] train_step 18000: policy_update done
[DEBUG] train_step 18050: starting episode collection
[DEBUG] train_step 18050: episodes collected, starting value_update
[DEBUG] train_step 18050: value_update done, starting policy_update
[DEBUG] train_step 18050: policy_update done
[step 18100] value_loss=9.360390 policy_loss=-1.001342
[step 18100] VALUE_DEBUG: target(mean=-46.90 std=6.56 min=-64.80 max=-26.27) V(s)(mean=-46.71 std=5.39) reward(mean=-0.690 std=3.053) clip=100.0
[DEBUG] train_step 18100: starting episode collection
[DEBUG] train_step 18100: episodes collected, starting value_update
[DEBUG] train_step 18100: value_update done, starting policy_update
[DEBUG] train_step 18100: policy_update done
[DEBUG] train_step 18150: starting episode collection
[DEBUG] train_step 18150: episodes collected, starting value_update
[DEBUG] train_step 18150: value_update done, starting policy_update
[DEBUG] train_step 18150: policy_update done
[step 18200] value_loss=28.516209 policy_loss=-0.347197
[step 18200] VALUE_DEBUG: target(mean=-45.91 std=8.38 min=-91.16 max=-26.44) V(s)(mean=-45.72 std=6.14) reward(mean=-1.357 std=11.393) clip=100.0
[DEBUG] train_step 18200: starting episode collection
[DEBUG] train_step 18200: episodes collected, starting value_update
[DEBUG] train_step 18200: value_update done, starting policy_update
[DEBUG] train_step 18200: policy_update done
[DEBUG] train_step 18250: starting episode collection
[DEBUG] train_step 18250: episodes collected, starting value_update
[DEBUG] train_step 18250: value_update done, starting policy_update
[DEBUG] train_step 18250: policy_update done
[step 18300] value_loss=24.293999 policy_loss=-0.479748
[step 18300] VALUE_DEBUG: target(mean=-47.96 std=7.80 min=-81.43 max=-26.44) V(s)(mean=-47.03 std=5.77) reward(mean=-1.944 std=10.448) clip=100.0
[DEBUG] train_step 18300: starting episode collection
[DEBUG] train_step 18300: episodes collected, starting value_update
[DEBUG] train_step 18300: value_update done, starting policy_update
[DEBUG] train_step 18300: policy_update done
[DEBUG] train_step 18350: starting episode collection
[DEBUG] train_step 18350: episodes collected, starting value_update
[DEBUG] train_step 18350: value_update done, starting policy_update
[DEBUG] train_step 18350: policy_update done
[step 18400] value_loss=8.483982 policy_loss=-0.308353
[step 18400] VALUE_DEBUG: target(mean=-46.19 std=5.15 min=-59.92 max=-30.07) V(s)(mean=-46.36 std=4.78) reward(mean=0.044 std=2.871) clip=100.0
[DEBUG] train_step 18400: starting episode collection
[DEBUG] train_step 18400: episodes collected, starting value_update
[DEBUG] train_step 18400: value_update done, starting policy_update
[DEBUG] train_step 18400: policy_update done
[DEBUG] train_step 18450: starting episode collection
[DEBUG] train_step 18450: episodes collected, starting value_update
[DEBUG] train_step 18450: value_update done, starting policy_update
[DEBUG] train_step 18450: policy_update done
[step 18500] value_loss=42.088875 policy_loss=-0.115145
[step 18500] VALUE_DEBUG: target(mean=-47.19 std=8.71 min=-96.30 max=-32.50) V(s)(mean=-46.05 std=5.08) reward(mean=-2.159 std=12.215) clip=100.0
[step 18500] eval_success_rate=0.040 eval_mean_score=35.000 eval_policy_mode=greedy [solved=2/50, score_range=18.00-81.00/81.0, initial=26.84]
[step 18500] PROGRESS: filled=36.00 violations=0.00 zero_cand=0.20
[step 18500] DEBUG: ep_len=80.3 ep_ret=-95.162 stop_prob=0.000 score_chg=13.7420
[DEBUG] train_step 18500: starting episode collection
[DEBUG] train_step 18500: episodes collected, starting value_update
[DEBUG] train_step 18500: value_update done, starting policy_update
[DEBUG] train_step 18500: policy_update done
[DEBUG] train_step 18550: starting episode collection
[DEBUG] train_step 18550: episodes collected, starting value_update
[DEBUG] train_step 18550: value_update done, starting policy_update
[DEBUG] train_step 18550: policy_update done
[step 18600] value_loss=4.609522 policy_loss=0.060626
[step 18600] VALUE_DEBUG: target(mean=-46.92 std=5.31 min=-58.98 max=-28.68) V(s)(mean=-46.77 std=4.80) reward(mean=-0.414 std=2.125) clip=100.0
[DEBUG] train_step 18600: starting episode collection
[DEBUG] train_step 18600: episodes collected, starting value_update
[DEBUG] train_step 18600: value_update done, starting policy_update
[DEBUG] train_step 18600: policy_update done
[DEBUG] train_step 18650: starting episode collection
[DEBUG] train_step 18650: episodes collected, starting value_update
[DEBUG] train_step 18650: value_update done, starting policy_update
[DEBUG] train_step 18650: policy_update done
[step 18700] value_loss=43.913857 policy_loss=0.843610
[step 18700] VALUE_DEBUG: target(mean=-47.59 std=7.84 min=-81.37 max=-29.68) V(s)(mean=-46.61 std=4.37) reward(mean=-2.737 std=14.271) clip=100.0
[DEBUG] train_step 18700: starting episode collection
[DEBUG] train_step 18700: episodes collected, starting value_update
[DEBUG] train_step 18700: value_update done, starting policy_update
[DEBUG] train_step 18700: policy_update done
[DEBUG] train_step 18750: starting episode collection
[DEBUG] train_step 18750: episodes collected, starting value_update
[DEBUG] train_step 18750: value_update done, starting policy_update
[DEBUG] train_step 18750: policy_update done
[step 18800] value_loss=10.803658 policy_loss=-0.363895
[step 18800] VALUE_DEBUG: target(mean=-47.42 std=5.44 min=-65.07 max=-32.54) V(s)(mean=-47.06 std=4.15) reward(mean=-0.663 std=3.293) clip=100.0
[DEBUG] train_step 18800: starting episode collection
[DEBUG] train_step 18800: episodes collected, starting value_update
[DEBUG] train_step 18800: value_update done, starting policy_update
[DEBUG] train_step 18800: policy_update done
[DEBUG] train_step 18850: starting episode collection
[DEBUG] train_step 18850: episodes collected, starting value_update
[DEBUG] train_step 18850: value_update done, starting policy_update
[DEBUG] train_step 18850: policy_update done
[step 18900] value_loss=28.051987 policy_loss=0.379241
[step 18900] VALUE_DEBUG: target(mean=-47.05 std=7.54 min=-80.39 max=-27.30) V(s)(mean=-47.24 std=5.21) reward(mean=-1.027 std=10.633) clip=100.0
[DEBUG] train_step 18900: starting episode collection
[DEBUG] train_step 18900: episodes collected, starting value_update
[DEBUG] train_step 18900: value_update done, starting policy_update
[DEBUG] train_step 18900: policy_update done
[DEBUG] train_step 18950: starting episode collection
[DEBUG] train_step 18950: episodes collected, starting value_update
[DEBUG] train_step 18950: value_update done, starting policy_update
[DEBUG] train_step 18950: policy_update done
[step 19000] value_loss=23.908436 policy_loss=-0.373013
[step 19000] VALUE_DEBUG: target(mean=-47.91 std=6.93 min=-81.46 max=-28.00) V(s)(mean=-47.41 std=4.54) reward(mean=-1.691 std=10.468) clip=100.0
[step 19000] eval_success_rate=0.020 eval_mean_score=37.240 eval_policy_mode=greedy [solved=1/50, score_range=18.00-81.00/81.0, initial=26.84]
[step 19000] PROGRESS: filled=38.84 violations=0.00 zero_cand=0.32
[step 19000] DEBUG: ep_len=80.5 ep_ret=-97.220 stop_prob=0.000 score_chg=13.0920
[Checkpoint] Saved to checkpoints/rl_sudoku-9x9_seed0/rl_checkpoint_step_19000.pt
[DEBUG] train_step 19000: starting episode collection
[DEBUG] train_step 19000: episodes collected, starting value_update
[DEBUG] train_step 19000: value_update done, starting policy_update
[DEBUG] train_step 19000: policy_update done
[DEBUG] train_step 19050: starting episode collection
[DEBUG] train_step 19050: episodes collected, starting value_update
[DEBUG] train_step 19050: value_update done, starting policy_update
[DEBUG] train_step 19050: policy_update done
[step 19100] value_loss=18.853718 policy_loss=0.008028
[step 19100] VALUE_DEBUG: target(mean=-47.08 std=6.42 min=-80.54 max=-30.06) V(s)(mean=-46.69 std=4.55) reward(mean=-1.332 std=10.195) clip=100.0
[DEBUG] train_step 19100: starting episode collection
[DEBUG] train_step 19100: episodes collected, starting value_update
[DEBUG] train_step 19100: value_update done, starting policy_update
[DEBUG] train_step 19100: policy_update done
[DEBUG] train_step 19150: starting episode collection
[DEBUG] train_step 19150: episodes collected, starting value_update
[DEBUG] train_step 19150: value_update done, starting policy_update
[DEBUG] train_step 19150: policy_update done
[step 19200] value_loss=23.126129 policy_loss=1.678144
[step 19200] VALUE_DEBUG: target(mean=-47.64 std=6.55 min=-80.39 max=-28.49) V(s)(mean=-47.50 std=4.29) reward(mean=-1.295 std=10.374) clip=100.0
[DEBUG] train_step 19200: starting episode collection
[DEBUG] train_step 19200: episodes collected, starting value_update
[DEBUG] train_step 19200: value_update done, starting policy_update
[DEBUG] train_step 19200: policy_update done
[DEBUG] train_step 19250: starting episode collection
[DEBUG] train_step 19250: episodes collected, starting value_update
[DEBUG] train_step 19250: value_update done, starting policy_update
[DEBUG] train_step 19250: policy_update done
[step 19300] value_loss=7.580249 policy_loss=0.433388
[step 19300] VALUE_DEBUG: target(mean=-46.97 std=5.99 min=-64.83 max=-28.03) V(s)(mean=-46.78 std=5.01) reward(mean=-0.499 std=2.777) clip=100.0
[DEBUG] train_step 19300: starting episode collection
[DEBUG] train_step 19300: episodes collected, starting value_update
[DEBUG] train_step 19300: value_update done, starting policy_update
[DEBUG] train_step 19300: policy_update done
[DEBUG] train_step 19350: starting episode collection
[DEBUG] train_step 19350: episodes collected, starting value_update
[DEBUG] train_step 19350: value_update done, starting policy_update
[DEBUG] train_step 19350: policy_update done
[step 19400] value_loss=31.186115 policy_loss=0.881184
[step 19400] VALUE_DEBUG: target(mean=-47.14 std=7.84 min=-81.38 max=-29.91) V(s)(mean=-46.54 std=4.92) reward(mean=-1.645 std=10.817) clip=100.0
[DEBUG] train_step 19400: starting episode collection
[DEBUG] train_step 19400: episodes collected, starting value_update
[DEBUG] train_step 19400: value_update done, starting policy_update
[DEBUG] train_step 19400: policy_update done
[DEBUG] train_step 19450: starting episode collection
[DEBUG] train_step 19450: episodes collected, starting value_update
[DEBUG] train_step 19450: value_update done, starting policy_update
[DEBUG] train_step 19450: policy_update done
[step 19500] value_loss=22.822916 policy_loss=0.379036
[step 19500] VALUE_DEBUG: target(mean=-47.56 std=6.70 min=-81.44 max=-31.84) V(s)(mean=-47.08 std=4.55) reward(mean=-1.430 std=10.442) clip=100.0
[step 19500] eval_success_rate=0.020 eval_mean_score=40.440 eval_policy_mode=greedy [solved=1/50, score_range=18.00-81.00/81.0, initial=26.84]
[step 19500] PROGRESS: filled=42.64 violations=0.00 zero_cand=0.44
[step 19500] DEBUG: ep_len=80.5 ep_ret=-97.349 stop_prob=0.000 score_chg=14.4070
[DEBUG] train_step 19500: starting episode collection
[DEBUG] train_step 19500: episodes collected, starting value_update
[DEBUG] train_step 19500: value_update done, starting policy_update
[DEBUG] train_step 19500: policy_update done
[DEBUG] train_step 19550: starting episode collection
[DEBUG] train_step 19550: episodes collected, starting value_update
[DEBUG] train_step 19550: value_update done, starting policy_update
[DEBUG] train_step 19550: policy_update done
[step 19600] value_loss=7.839534 policy_loss=-0.093160
[step 19600] VALUE_DEBUG: target(mean=-46.85 std=5.62 min=-69.87 max=-33.14) V(s)(mean=-46.54 std=4.86) reward(mean=-0.431 std=2.832) clip=100.0
[DEBUG] train_step 19600: starting episode collection
[DEBUG] train_step 19600: episodes collected, starting value_update
[DEBUG] train_step 19600: value_update done, starting policy_update
[DEBUG] train_step 19600: policy_update done
[DEBUG] train_step 19650: starting episode collection
[DEBUG] train_step 19650: episodes collected, starting value_update
[DEBUG] train_step 19650: value_update done, starting policy_update
[DEBUG] train_step 19650: policy_update done
[step 19700] value_loss=10.789050 policy_loss=0.135467
[step 19700] VALUE_DEBUG: target(mean=-47.25 std=5.05 min=-59.77 max=-34.99) V(s)(mean=-47.28 std=3.79) reward(mean=-0.190 std=3.306) clip=100.0
[DEBUG] train_step 19700: starting episode collection
[DEBUG] train_step 19700: episodes collected, starting value_update
[DEBUG] train_step 19700: value_update done, starting policy_update
[DEBUG] train_step 19700: policy_update done
[DEBUG] train_step 19750: starting episode collection
[DEBUG] train_step 19750: episodes collected, starting value_update
[DEBUG] train_step 19750: value_update done, starting policy_update
[DEBUG] train_step 19750: policy_update done
[step 19800] value_loss=17.141335 policy_loss=0.277167
[step 19800] VALUE_DEBUG: target(mean=-48.48 std=6.15 min=-81.42 max=-30.49) V(s)(mean=-47.93 std=4.31) reward(mean=-1.670 std=10.141) clip=100.0
[DEBUG] train_step 19800: starting episode collection
[DEBUG] train_step 19800: episodes collected, starting value_update
[DEBUG] train_step 19800: value_update done, starting policy_update
[DEBUG] train_step 19800: policy_update done
[DEBUG] train_step 19850: starting episode collection
[DEBUG] train_step 19850: episodes collected, starting value_update
[DEBUG] train_step 19850: value_update done, starting policy_update
[DEBUG] train_step 19850: policy_update done
[step 19900] value_loss=4.020618 policy_loss=0.473011
[step 19900] VALUE_DEBUG: target(mean=-47.67 std=4.14 min=-55.03 max=-34.90) V(s)(mean=-48.02 std=3.80) reward(mean=0.042 std=1.973) clip=100.0
[DEBUG] train_step 19900: starting episode collection
[DEBUG] train_step 19900: episodes collected, starting value_update
[DEBUG] train_step 19900: value_update done, starting policy_update
[DEBUG] train_step 19900: policy_update done
[DEBUG] train_step 19950: starting episode collection
[DEBUG] train_step 19950: episodes collected, starting value_update
[DEBUG] train_step 19950: value_update done, starting policy_update
[DEBUG] train_step 19950: policy_update done
[step 20000] value_loss=36.256882 policy_loss=0.700445
[step 20000] VALUE_DEBUG: target(mean=-47.61 std=8.41 min=-85.64 max=-31.52) V(s)(mean=-46.74 std=5.30) reward(mean=-2.679 std=14.560) clip=100.0
[step 20000] eval_success_rate=0.020 eval_mean_score=41.200 eval_policy_mode=greedy [solved=1/50, score_range=18.00-81.00/81.0, initial=26.84]
[step 20000] PROGRESS: filled=42.70 violations=0.00 zero_cand=0.30
[step 20000] DEBUG: ep_len=80.6 ep_ret=-97.515 stop_prob=0.000 score_chg=14.3990
[Checkpoint] Saved to checkpoints/rl_sudoku-9x9_seed0/rl_checkpoint_step_20000.pt
[DEBUG] train_step 20000: starting episode collection
[DEBUG] train_step 20000: episodes collected, starting value_update
[DEBUG] train_step 20000: value_update done, starting policy_update
[DEBUG] train_step 20000: policy_update done
[DEBUG] train_step 20050: starting episode collection
[DEBUG] train_step 20050: episodes collected, starting value_update
[DEBUG] train_step 20050: value_update done, starting policy_update
[DEBUG] train_step 20050: policy_update done
[step 20100] value_loss=5.703455 policy_loss=-0.456983
[step 20100] VALUE_DEBUG: target(mean=-47.00 std=5.15 min=-58.75 max=-33.45) V(s)(mean=-47.00 std=4.64) reward(mean=-0.209 std=2.387) clip=100.0
[DEBUG] train_step 20100: starting episode collection
[DEBUG] train_step 20100: episodes collected, starting value_update
[DEBUG] train_step 20100: value_update done, starting policy_update
[DEBUG] train_step 20100: policy_update done
[DEBUG] train_step 20150: starting episode collection
[DEBUG] train_step 20150: episodes collected, starting value_update
[DEBUG] train_step 20150: value_update done, starting policy_update
[DEBUG] train_step 20150: policy_update done
[step 20200] value_loss=21.370169 policy_loss=-0.378653
[step 20200] VALUE_DEBUG: target(mean=-48.90 std=6.03 min=-81.38 max=-33.97) V(s)(mean=-48.22 std=3.61) reward(mean=-1.773 std=10.330) clip=100.0
[DEBUG] train_step 20200: starting episode collection
[DEBUG] train_step 20200: episodes collected, starting value_update
[DEBUG] train_step 20200: value_update done, starting policy_update
[DEBUG] train_step 20200: policy_update done
[DEBUG] train_step 20250: starting episode collection
[DEBUG] train_step 20250: episodes collected, starting value_update
[DEBUG] train_step 20250: value_update done, starting policy_update
[DEBUG] train_step 20250: policy_update done
[step 20300] value_loss=9.514568 policy_loss=-0.320750
[step 20300] VALUE_DEBUG: target(mean=-46.89 std=6.02 min=-71.78 max=-30.51) V(s)(mean=-46.60 std=5.11) reward(mean=-1.278 std=8.999) clip=100.0
[DEBUG] train_step 20300: starting episode collection
[DEBUG] train_step 20300: episodes collected, starting value_update
[DEBUG] train_step 20300: value_update done, starting policy_update
[DEBUG] train_step 20300: policy_update done
[DEBUG] train_step 20350: starting episode collection
[DEBUG] train_step 20350: episodes collected, starting value_update
[DEBUG] train_step 20350: value_update done, starting policy_update
[DEBUG] train_step 20350: policy_update done
[step 20400] value_loss=54.771385 policy_loss=-0.524228
[step 20400] VALUE_DEBUG: target(mean=-48.07 std=9.22 min=-91.22 max=-30.34) V(s)(mean=-46.77 std=5.23) reward(mean=-3.010 std=15.612) clip=100.0
[DEBUG] train_step 20400: starting episode collection
[DEBUG] train_step 20400: episodes collected, starting value_update
[DEBUG] train_step 20400: value_update done, starting policy_update
[DEBUG] train_step 20400: policy_update done
[DEBUG] train_step 20450: starting episode collection
[DEBUG] train_step 20450: episodes collected, starting value_update
[DEBUG] train_step 20450: value_update done, starting policy_update
[DEBUG] train_step 20450: policy_update done
[step 20500] value_loss=44.292946 policy_loss=0.453221
[step 20500] VALUE_DEBUG: target(mean=-49.69 std=8.19 min=-81.42 max=-31.73) V(s)(mean=-47.97 std=4.28) reward(mean=-3.640 std=14.434) clip=100.0
[step 20500] eval_success_rate=0.040 eval_mean_score=41.200 eval_policy_mode=greedy [solved=2/50, score_range=18.00-81.00/81.0, initial=26.84]
[step 20500] PROGRESS: filled=42.80 violations=0.00 zero_cand=0.32
[step 20500] DEBUG: ep_len=80.4 ep_ret=-97.248 stop_prob=0.000 score_chg=14.3280
[DEBUG] train_step 20500: starting episode collection
[DEBUG] train_step 20500: episodes collected, starting value_update
[DEBUG] train_step 20500: value_update done, starting policy_update
[DEBUG] train_step 20500: policy_update done
[DEBUG] train_step 20550: starting episode collection
[DEBUG] train_step 20550: episodes collected, starting value_update
[DEBUG] train_step 20550: value_update done, starting policy_update
[DEBUG] train_step 20550: policy_update done
[step 20600] value_loss=5.374135 policy_loss=0.185480
[step 20600] VALUE_DEBUG: target(mean=-46.25 std=5.93 min=-59.78 max=-32.07) V(s)(mean=-46.12 std=5.57) reward(mean=-0.285 std=2.318) clip=100.0
[DEBUG] train_step 20600: starting episode collection
[DEBUG] train_step 20600: episodes collected, starting value_update
[DEBUG] train_step 20600: value_update done, starting policy_update
[DEBUG] train_step 20600: policy_update done
[DEBUG] train_step 20650: starting episode collection
[DEBUG] train_step 20650: episodes collected, starting value_update
[DEBUG] train_step 20650: value_update done, starting policy_update
[DEBUG] train_step 20650: policy_update done
[step 20700] value_loss=9.520765 policy_loss=-0.170106
[step 20700] VALUE_DEBUG: target(mean=-45.65 std=5.19 min=-58.86 max=-31.97) V(s)(mean=-46.52 std=4.89) reward(mean=0.706 std=2.903) clip=100.0
[DEBUG] train_step 20700: starting episode collection
[DEBUG] train_step 20700: episodes collected, starting value_update
[DEBUG] train_step 20700: value_update done, starting policy_update
[DEBUG] train_step 20700: policy_update done
[DEBUG] train_step 20750: starting episode collection
[DEBUG] train_step 20750: episodes collected, starting value_update
[DEBUG] train_step 20750: value_update done, starting policy_update
[DEBUG] train_step 20750: policy_update done
[step 20800] value_loss=14.936834 policy_loss=0.192417
[step 20800] VALUE_DEBUG: target(mean=-47.32 std=6.18 min=-74.72 max=-31.50) V(s)(mean=-47.21 std=4.74) reward(mean=-0.303 std=3.896) clip=100.0
[DEBUG] train_step 20800: starting episode collection
[DEBUG] train_step 20800: episodes collected, starting value_update
[DEBUG] train_step 20800: value_update done, starting policy_update
[DEBUG] train_step 20800: policy_update done
[DEBUG] train_step 20850: starting episode collection
[DEBUG] train_step 20850: episodes collected, starting value_update
[DEBUG] train_step 20850: value_update done, starting policy_update
[DEBUG] train_step 20850: policy_update done
[step 20900] value_loss=47.041061 policy_loss=0.412968
[step 20900] VALUE_DEBUG: target(mean=-48.19 std=8.88 min=-86.38 max=-32.56) V(s)(mean=-47.21 std=5.23) reward(mean=-2.854 std=14.952) clip=100.0
[DEBUG] train_step 20900: starting episode collection
[DEBUG] train_step 20900: episodes collected, starting value_update
[DEBUG] train_step 20900: value_update done, starting policy_update
[DEBUG] train_step 20900: policy_update done
[DEBUG] train_step 20950: starting episode collection
[DEBUG] train_step 20950: episodes collected, starting value_update
[DEBUG] train_step 20950: value_update done, starting policy_update
[DEBUG] train_step 20950: policy_update done
[step 21000] value_loss=8.701414 policy_loss=0.348159
[step 21000] VALUE_DEBUG: target(mean=-46.13 std=6.84 min=-64.91 max=-32.53) V(s)(mean=-45.77 std=5.95) reward(mean=-0.573 std=2.985) clip=100.0
[step 21000] eval_success_rate=0.000 eval_mean_score=38.580 eval_policy_mode=greedy [solved=0/50, score_range=18.00-76.00/81.0, initial=26.84]
[step 21000] PROGRESS: filled=39.18 violations=0.00 zero_cand=0.12
[step 21000] DEBUG: ep_len=80.5 ep_ret=-97.758 stop_prob=0.000 score_chg=14.0320
[Checkpoint] Saved to checkpoints/rl_sudoku-9x9_seed0/rl_checkpoint_step_21000.pt
[DEBUG] train_step 21000: starting episode collection
[DEBUG] train_step 21000: episodes collected, starting value_update
[DEBUG] train_step 21000: value_update done, starting policy_update
[DEBUG] train_step 21000: policy_update done
[DEBUG] train_step 21050: starting episode collection
[DEBUG] train_step 21050: episodes collected, starting value_update
[DEBUG] train_step 21050: value_update done, starting policy_update
[DEBUG] train_step 21050: policy_update done
[step 21100] value_loss=7.049015 policy_loss=0.007950
[step 21100] VALUE_DEBUG: target(mean=-46.73 std=5.22 min=-59.91 max=-33.47) V(s)(mean=-47.04 std=4.81) reward(mean=0.027 std=2.643) clip=100.0
[DEBUG] train_step 21100: starting episode collection
[DEBUG] train_step 21100: episodes collected, starting value_update
[DEBUG] train_step 21100: value_update done, starting policy_update
[DEBUG] train_step 21100: policy_update done
[DEBUG] train_step 21150: starting episode collection
[DEBUG] train_step 21150: episodes collected, starting value_update
[DEBUG] train_step 21150: value_update done, starting policy_update
[DEBUG] train_step 21150: policy_update done
[step 21200] value_loss=39.737057 policy_loss=-0.161630
[step 21200] VALUE_DEBUG: target(mean=-47.12 std=9.35 min=-81.31 max=-27.50) V(s)(mean=-46.06 std=6.44) reward(mean=-2.828 std=14.382) clip=100.0
[DEBUG] train_step 21200: starting episode collection
[DEBUG] train_step 21200: episodes collected, starting value_update
[DEBUG] train_step 21200: value_update done, starting policy_update
[DEBUG] train_step 21200: policy_update done
[DEBUG] train_step 21250: starting episode collection
[DEBUG] train_step 21250: episodes collected, starting value_update
[DEBUG] train_step 21250: value_update done, starting policy_update
[DEBUG] train_step 21250: policy_update done
[step 21300] value_loss=77.183342 policy_loss=-0.014555
[step 21300] VALUE_DEBUG: target(mean=-48.59 std=10.82 min=-91.06 max=-29.84) V(s)(mean=-46.65 std=5.69) reward(mean=-5.288 std=20.210) clip=100.0
[DEBUG] train_step 21300: starting episode collection
[DEBUG] train_step 21300: episodes collected, starting value_update
[DEBUG] train_step 21300: value_update done, starting policy_update
[DEBUG] train_step 21300: policy_update done
[DEBUG] train_step 21350: starting episode collection
[DEBUG] train_step 21350: episodes collected, starting value_update
[DEBUG] train_step 21350: value_update done, starting policy_update
[DEBUG] train_step 21350: policy_update done
[step 21400] value_loss=18.814192 policy_loss=-0.151630
[step 21400] VALUE_DEBUG: target(mean=-45.77 std=6.30 min=-59.93 max=-30.72) V(s)(mean=-46.46 std=5.28) reward(mean=0.439 std=4.248) clip=100.0
[DEBUG] train_step 21400: starting episode collection
[DEBUG] train_step 21400: episodes collected, starting value_update
[DEBUG] train_step 21400: value_update done, starting policy_update
[DEBUG] train_step 21400: policy_update done
[DEBUG] train_step 21450: starting episode collection
[DEBUG] train_step 21450: episodes collected, starting value_update
[DEBUG] train_step 21450: value_update done, starting policy_update
[DEBUG] train_step 21450: policy_update done
[step 21500] value_loss=9.067493 policy_loss=1.364280
[step 21500] VALUE_DEBUG: target(mean=-45.99 std=5.90 min=-59.97 max=-31.66) V(s)(mean=-46.25 std=5.39) reward(mean=0.071 std=2.990) clip=100.0
[step 21500] eval_success_rate=0.020 eval_mean_score=40.180 eval_policy_mode=greedy [solved=1/50, score_range=18.00-81.00/81.0, initial=26.84]
[step 21500] PROGRESS: filled=40.38 violations=0.00 zero_cand=0.04
[step 21500] DEBUG: ep_len=80.4 ep_ret=-96.373 stop_prob=0.000 score_chg=15.5260
[DEBUG] train_step 21500: starting episode collection
[DEBUG] train_step 21500: episodes collected, starting value_update
[DEBUG] train_step 21500: value_update done, starting policy_update
[DEBUG] train_step 21500: policy_update done
[DEBUG] train_step 21550: starting episode collection
[DEBUG] train_step 21550: episodes collected, starting value_update
[DEBUG] train_step 21550: value_update done, starting policy_update
[DEBUG] train_step 21550: policy_update done
[step 21600] value_loss=5.700018 policy_loss=0.428701
[step 21600] VALUE_DEBUG: target(mean=-45.42 std=5.23 min=-57.22 max=-33.85) V(s)(mean=-45.59 std=5.22) reward(mean=0.159 std=2.334) clip=100.0
[DEBUG] train_step 21600: starting episode collection
[DEBUG] train_step 21600: episodes collected, starting value_update
[DEBUG] train_step 21600: value_update done, starting policy_update
[DEBUG] train_step 21600: policy_update done
[DEBUG] train_step 21650: starting episode collection
[DEBUG] train_step 21650: episodes collected, starting value_update
[DEBUG] train_step 21650: value_update done, starting policy_update
[DEBUG] train_step 21650: policy_update done
[step 21700] value_loss=4.232497 policy_loss=0.642601
[step 21700] VALUE_DEBUG: target(mean=-44.79 std=6.58 min=-54.97 max=-29.79) V(s)(mean=-44.84 std=6.32) reward(mean=-0.016 std=2.061) clip=100.0
[DEBUG] train_step 21700: starting episode collection
[DEBUG] train_step 21700: episodes collected, starting value_update
[DEBUG] train_step 21700: value_update done, starting policy_update
[DEBUG] train_step 21700: policy_update done
[DEBUG] train_step 21750: starting episode collection
[DEBUG] train_step 21750: episodes collected, starting value_update
[DEBUG] train_step 21750: value_update done, starting policy_update
[DEBUG] train_step 21750: policy_update done
[step 21800] value_loss=40.701576 policy_loss=0.066536
[step 21800] VALUE_DEBUG: target(mean=-47.45 std=8.71 min=-86.36 max=-29.73) V(s)(mean=-46.30 std=5.34) reward(mean=-3.020 std=14.684) clip=100.0
[DEBUG] train_step 21800: starting episode collection
[DEBUG] train_step 21800: episodes collected, starting value_update
[DEBUG] train_step 21800: value_update done, starting policy_update
[DEBUG] train_step 21800: policy_update done
[DEBUG] train_step 21850: starting episode collection
[DEBUG] train_step 21850: episodes collected, starting value_update
[DEBUG] train_step 21850: value_update done, starting policy_update
[DEBUG] train_step 21850: policy_update done
[step 21900] value_loss=62.384872 policy_loss=-0.377856
[step 21900] VALUE_DEBUG: target(mean=-47.49 std=10.26 min=-81.45 max=-29.61) V(s)(mean=-45.55 std=5.85) reward(mean=-5.129 std=19.462) clip=100.0
[DEBUG] train_step 21900: starting episode collection
[DEBUG] train_step 21900: episodes collected, starting value_update
[DEBUG] train_step 21900: value_update done, starting policy_update
[DEBUG] train_step 21900: policy_update done
[DEBUG] train_step 21950: starting episode collection
[DEBUG] train_step 21950: episodes collected, starting value_update
[DEBUG] train_step 21950: value_update done, starting policy_update
[DEBUG] train_step 21950: policy_update done
[step 22000] value_loss=20.009846 policy_loss=-1.071088
[step 22000] VALUE_DEBUG: target(mean=-46.99 std=7.53 min=-81.43 max=-29.62) V(s)(mean=-46.63 std=5.79) reward(mean=-1.543 std=10.290) clip=100.0
[step 22000] eval_success_rate=0.000 eval_mean_score=37.460 eval_policy_mode=greedy [solved=0/50, score_range=18.00-70.00/81.0, initial=26.84]
[step 22000] PROGRESS: filled=39.06 violations=0.00 zero_cand=0.32
[step 22000] DEBUG: ep_len=80.7 ep_ret=-97.858 stop_prob=0.000 score_chg=15.0000
[Checkpoint] Saved to checkpoints/rl_sudoku-9x9_seed0/rl_checkpoint_step_22000.pt
[DEBUG] train_step 22000: starting episode collection
[DEBUG] train_step 22000: episodes collected, starting value_update
[DEBUG] train_step 22000: value_update done, starting policy_update
[DEBUG] train_step 22000: policy_update done
[DEBUG] train_step 22050: starting episode collection
[DEBUG] train_step 22050: episodes collected, starting value_update
[DEBUG] train_step 22050: value_update done, starting policy_update
[DEBUG] train_step 22050: policy_update done
[step 22100] value_loss=4.381588 policy_loss=-0.383370
[step 22100] VALUE_DEBUG: target(mean=-45.25 std=6.23 min=-54.91 max=-28.86) V(s)(mean=-45.49 std=6.00) reward(mean=0.053 std=2.091) clip=100.0
[DEBUG] train_step 22100: starting episode collection
[DEBUG] train_step 22100: episodes collected, starting value_update
[DEBUG] train_step 22100: value_update done, starting policy_update
[DEBUG] train_step 22100: policy_update done
[DEBUG] train_step 22150: starting episode collection
[DEBUG] train_step 22150: episodes collected, starting value_update
[DEBUG] train_step 22150: value_update done, starting policy_update
[DEBUG] train_step 22150: policy_update done
[step 22200] value_loss=36.112724 policy_loss=0.320689
[step 22200] VALUE_DEBUG: target(mean=-47.41 std=8.40 min=-81.45 max=-30.46) V(s)(mean=-46.48 std=5.32) reward(mean=-2.796 std=14.243) clip=100.0
[DEBUG] train_step 22200: starting episode collection
[DEBUG] train_step 22200: episodes collected, starting value_update
[DEBUG] train_step 22200: value_update done, starting policy_update
[DEBUG] train_step 22200: policy_update done
[DEBUG] train_step 22250: starting episode collection
[DEBUG] train_step 22250: episodes collected, starting value_update
[DEBUG] train_step 22250: value_update done, starting policy_update
[DEBUG] train_step 22250: policy_update done
[step 22300] value_loss=48.456306 policy_loss=0.322726
[step 22300] VALUE_DEBUG: target(mean=-47.12 std=9.58 min=-81.59 max=-27.23) V(s)(mean=-46.34 std=5.93) reward(mean=-2.779 std=14.735) clip=100.0
[DEBUG] train_step 22300: starting episode collection
[DEBUG] train_step 22300: episodes collected, starting value_update
[DEBUG] train_step 22300: value_update done, starting policy_update
[DEBUG] train_step 22300: policy_update done
[DEBUG] train_step 22350: starting episode collection
[DEBUG] train_step 22350: episodes collected, starting value_update
[DEBUG] train_step 22350: value_update done, starting policy_update
[DEBUG] train_step 22350: policy_update done
[step 22400] value_loss=23.157507 policy_loss=0.816998
[step 22400] VALUE_DEBUG: target(mean=-47.41 std=7.76 min=-81.40 max=-32.91) V(s)(mean=-46.20 std=5.44) reward(mean=-2.296 std=10.316) clip=100.0
[DEBUG] train_step 22400: starting episode collection
[DEBUG] train_step 22400: episodes collected, starting value_update
[DEBUG] train_step 22400: value_update done, starting policy_update
[DEBUG] train_step 22400: policy_update done
[DEBUG] train_step 22450: starting episode collection
[DEBUG] train_step 22450: episodes collected, starting value_update
[DEBUG] train_step 22450: value_update done, starting policy_update
[DEBUG] train_step 22450: policy_update done
[step 22500] value_loss=30.123623 policy_loss=-0.344039
[step 22500] VALUE_DEBUG: target(mean=-46.18 std=8.15 min=-81.65 max=-28.27) V(s)(mean=-45.83 std=5.94) reward(mean=-1.191 std=10.825) clip=100.0
[step 22500] eval_success_rate=0.040 eval_mean_score=40.940 eval_policy_mode=greedy [solved=2/50, score_range=18.00-81.00/81.0, initial=26.84]
[step 22500] PROGRESS: filled=42.04 violations=0.00 zero_cand=0.22
[step 22500] DEBUG: ep_len=80.3 ep_ret=-95.978 stop_prob=0.000 score_chg=15.9400
[DEBUG] train_step 22500: starting episode collection
[DEBUG] train_step 22500: episodes collected, starting value_update
[DEBUG] train_step 22500: value_update done, starting policy_update
[DEBUG] train_step 22500: policy_update done
[DEBUG] train_step 22550: starting episode collection
[DEBUG] train_step 22550: episodes collected, starting value_update
[DEBUG] train_step 22550: value_update done, starting policy_update
[DEBUG] train_step 22550: policy_update done
[step 22600] value_loss=18.254234 policy_loss=0.542762
[step 22600] VALUE_DEBUG: target(mean=-45.28 std=7.80 min=-81.19 max=-28.59) V(s)(mean=-45.00 std=6.33) reward(mean=-1.242 std=10.226) clip=100.0
[DEBUG] train_step 22600: starting episode collection
[DEBUG] train_step 22600: episodes collected, starting value_update
[DEBUG] train_step 22600: value_update done, starting policy_update
[DEBUG] train_step 22600: policy_update done
[DEBUG] train_step 22650: starting episode collection
[DEBUG] train_step 22650: episodes collected, starting value_update
[DEBUG] train_step 22650: value_update done, starting policy_update
[DEBUG] train_step 22650: policy_update done
[step 22700] value_loss=7.013113 policy_loss=-0.251394
[step 22700] VALUE_DEBUG: target(mean=-46.02 std=6.48 min=-59.84 max=-29.71) V(s)(mean=-45.94 std=5.81) reward(mean=-0.256 std=2.697) clip=100.0
[DEBUG] train_step 22700: starting episode collection
[DEBUG] train_step 22700: episodes collected, starting value_update
[DEBUG] train_step 22700: value_update done, starting policy_update
[DEBUG] train_step 22700: policy_update done
[DEBUG] train_step 22750: starting episode collection
[DEBUG] train_step 22750: episodes collected, starting value_update
[DEBUG] train_step 22750: value_update done, starting policy_update
[DEBUG] train_step 22750: policy_update done
[step 22800] value_loss=28.378817 policy_loss=0.603143
[step 22800] VALUE_DEBUG: target(mean=-47.34 std=7.94 min=-81.52 max=-28.33) V(s)(mean=-46.45 std=5.54) reward(mean=-1.862 std=10.669) clip=100.0
[DEBUG] train_step 22800: starting episode collection
[DEBUG] train_step 22800: episodes collected, starting value_update
[DEBUG] train_step 22800: value_update done, starting policy_update
[DEBUG] train_step 22800: policy_update done
[DEBUG] train_step 22850: starting episode collection
[DEBUG] train_step 22850: episodes collected, starting value_update
[DEBUG] train_step 22850: value_update done, starting policy_update
[DEBUG] train_step 22850: policy_update done
[step 22900] value_loss=19.362917 policy_loss=-0.028922
[step 22900] VALUE_DEBUG: target(mean=-47.28 std=6.96 min=-76.45 max=-30.71) V(s)(mean=-46.76 std=5.06) reward(mean=-1.533 std=9.882) clip=100.0
[DEBUG] train_step 22900: starting episode collection
[DEBUG] train_step 22900: episodes collected, starting value_update
[DEBUG] train_step 22900: value_update done, starting policy_update
[DEBUG] train_step 22900: policy_update done
[DEBUG] train_step 22950: starting episode collection
[DEBUG] train_step 22950: episodes collected, starting value_update
[DEBUG] train_step 22950: value_update done, starting policy_update
[DEBUG] train_step 22950: policy_update done
[step 23000] value_loss=40.923790 policy_loss=-0.340167
[step 23000] VALUE_DEBUG: target(mean=-45.94 std=8.88 min=-81.62 max=-26.32) V(s)(mean=-45.99 std=6.06) reward(mean=-1.787 std=14.563) clip=100.0
[step 23000] eval_success_rate=0.060 eval_mean_score=42.400 eval_policy_mode=greedy [solved=3/50, score_range=18.00-81.00/81.0, initial=26.84]
[step 23000] PROGRESS: filled=44.00 violations=0.00 zero_cand=0.32
[step 23000] DEBUG: ep_len=80.3 ep_ret=-95.824 stop_prob=0.000 score_chg=16.4790
[Checkpoint] Saved to checkpoints/rl_sudoku-9x9_seed0/rl_checkpoint_step_23000.pt
[DEBUG] train_step 23000: starting episode collection
[DEBUG] train_step 23000: episodes collected, starting value_update
[DEBUG] train_step 23000: value_update done, starting policy_update
[DEBUG] train_step 23000: policy_update done
[DEBUG] train_step 23050: starting episode collection
[DEBUG] train_step 23050: episodes collected, starting value_update
[DEBUG] train_step 23050: value_update done, starting policy_update
[DEBUG] train_step 23050: policy_update done
[step 23100] value_loss=26.847218 policy_loss=0.712557
[step 23100] VALUE_DEBUG: target(mean=-46.13 std=8.15 min=-86.44 max=-27.87) V(s)(mean=-45.73 std=6.08) reward(mean=-1.301 std=11.009) clip=100.0
[DEBUG] train_step 23100: starting episode collection
[DEBUG] train_step 23100: episodes collected, starting value_update
[DEBUG] train_step 23100: value_update done, starting policy_update
[DEBUG] train_step 23100: policy_update done
[DEBUG] train_step 23150: starting episode collection
[DEBUG] train_step 23150: episodes collected, starting value_update
[DEBUG] train_step 23150: value_update done, starting policy_update
[DEBUG] train_step 23150: policy_update done
[step 23200] value_loss=8.391521 policy_loss=0.664199
[step 23200] VALUE_DEBUG: target(mean=-44.98 std=6.49 min=-54.93 max=-27.97) V(s)(mean=-44.98 std=5.94) reward(mean=-0.133 std=2.875) clip=100.0
[DEBUG] train_step 23200: starting episode collection
[DEBUG] train_step 23200: episodes collected, starting value_update
[DEBUG] train_step 23200: value_update done, starting policy_update
[DEBUG] train_step 23200: policy_update done
[DEBUG] train_step 23250: starting episode collection
[DEBUG] train_step 23250: episodes collected, starting value_update
[DEBUG] train_step 23250: value_update done, starting policy_update
[DEBUG] train_step 23250: policy_update done
[step 23300] value_loss=29.817934 policy_loss=-0.211606
[step 23300] VALUE_DEBUG: target(mean=-47.67 std=8.09 min=-81.43 max=-31.70) V(s)(mean=-46.64 std=5.35) reward(mean=-2.144 std=10.687) clip=100.0
[DEBUG] train_step 23300: starting episode collection
[DEBUG] train_step 23300: episodes collected, starting value_update
[DEBUG] train_step 23300: value_update done, starting policy_update
[DEBUG] train_step 23300: policy_update done
[DEBUG] train_step 23350: starting episode collection
[DEBUG] train_step 23350: episodes collected, starting value_update
[DEBUG] train_step 23350: value_update done, starting policy_update
[DEBUG] train_step 23350: policy_update done
[step 23400] value_loss=18.129642 policy_loss=0.241008
[step 23400] VALUE_DEBUG: target(mean=-44.49 std=8.08 min=-81.54 max=-28.76) V(s)(mean=-44.23 std=6.36) reward(mean=-1.231 std=10.246) clip=100.0
[DEBUG] train_step 23400: starting episode collection
[DEBUG] train_step 23400: episodes collected, starting value_update
[DEBUG] train_step 23400: value_update done, starting policy_update
[DEBUG] train_step 23400: policy_update done
[DEBUG] train_step 23450: starting episode collection
[DEBUG] train_step 23450: episodes collected, starting value_update
[DEBUG] train_step 23450: value_update done, starting policy_update
[DEBUG] train_step 23450: policy_update done
[step 23500] value_loss=3.853993 policy_loss=-0.428964
[step 23500] VALUE_DEBUG: target(mean=-46.58 std=5.38 min=-54.80 max=-30.04) V(s)(mean=-47.02 std=5.21) reward(mean=0.172 std=1.906) clip=100.0
[step 23500] eval_success_rate=0.000 eval_mean_score=42.400 eval_policy_mode=greedy [solved=0/50, score_range=18.00-66.00/81.0, initial=26.84]
[step 23500] PROGRESS: filled=44.10 violations=0.00 zero_cand=0.34
[step 23500] DEBUG: ep_len=80.6 ep_ret=-96.956 stop_prob=0.000 score_chg=16.3980
[DEBUG] train_step 23500: starting episode collection
[DEBUG] train_step 23500: episodes collected, starting value_update
[DEBUG] train_step 23500: value_update done, starting policy_update
[DEBUG] train_step 23500: policy_update done
[DEBUG] train_step 23550: starting episode collection
[DEBUG] train_step 23550: episodes collected, starting value_update
[DEBUG] train_step 23550: value_update done, starting policy_update
[DEBUG] train_step 23550: policy_update done
[step 23600] value_loss=5.689618 policy_loss=0.228586
[step 23600] VALUE_DEBUG: target(mean=-45.84 std=5.52 min=-54.91 max=-32.99) V(s)(mean=-46.24 std=5.05) reward(mean=0.110 std=2.362) clip=100.0
[DEBUG] train_step 23600: starting episode collection
[DEBUG] train_step 23600: episodes collected, starting value_update
[DEBUG] train_step 23600: value_update done, starting policy_update
[DEBUG] train_step 23600: policy_update done
[DEBUG] train_step 23650: starting episode collection
[DEBUG] train_step 23650: episodes collected, starting value_update
[DEBUG] train_step 23650: value_update done, starting policy_update
[DEBUG] train_step 23650: policy_update done
[step 23700] value_loss=66.852081 policy_loss=0.206909
[step 23700] VALUE_DEBUG: target(mean=-47.99 std=10.72 min=-81.67 max=-30.72) V(s)(mean=-45.93 std=5.98) reward(mean=-5.410 std=19.486) clip=100.0
[DEBUG] train_step 23700: starting episode collection
[DEBUG] train_step 23700: episodes collected, starting value_update
[DEBUG] train_step 23700: value_update done, starting policy_update
[DEBUG] train_step 23700: policy_update done
[DEBUG] train_step 23750: starting episode collection
[DEBUG] train_step 23750: episodes collected, starting value_update
[DEBUG] train_step 23750: value_update done, starting policy_update
[DEBUG] train_step 23750: policy_update done
[step 23800] value_loss=7.411105 policy_loss=-0.246619
[step 23800] VALUE_DEBUG: target(mean=-46.10 std=5.88 min=-54.97 max=-29.64) V(s)(mean=-46.31 std=5.38) reward(mean=-0.049 std=2.719) clip=100.0
[DEBUG] train_step 23800: starting episode collection
[DEBUG] train_step 23800: episodes collected, starting value_update
[DEBUG] train_step 23800: value_update done, starting policy_update
[DEBUG] train_step 23800: policy_update done
[DEBUG] train_step 23850: starting episode collection
[DEBUG] train_step 23850: episodes collected, starting value_update
[DEBUG] train_step 23850: value_update done, starting policy_update
[DEBUG] train_step 23850: policy_update done
[step 23900] value_loss=71.240791 policy_loss=0.333964
[step 23900] VALUE_DEBUG: target(mean=-47.53 std=10.63 min=-81.39 max=-28.49) V(s)(mean=-45.65 std=5.72) reward(mean=-5.078 std=19.826) clip=100.0
[DEBUG] train_step 23900: starting episode collection
[DEBUG] train_step 23900: episodes collected, starting value_update
[DEBUG] train_step 23900: value_update done, starting policy_update
[DEBUG] train_step 23900: policy_update done
[DEBUG] train_step 23950: starting episode collection
[DEBUG] train_step 23950: episodes collected, starting value_update
[DEBUG] train_step 23950: value_update done, starting policy_update
[DEBUG] train_step 23950: policy_update done
WARNING: Logging before InitGoogleLogging() is written to STDERR
I0129 20:57:01.452834 1844893 HealthTracker.cpp:46] configerator proxy2+fuse unhealthy; this may lead to timeouts or fallbacks to system configs
I0129 20:57:08.217087 1844883 HealthTracker.cpp:26] Mark connection as healthy.
[step 24000] value_loss=22.368279 policy_loss=-0.976619
[step 24000] VALUE_DEBUG: target(mean=-47.33 std=7.11 min=-81.62 max=-28.27) V(s)(mean=-46.38 std=4.89) reward(mean=-1.801 std=10.392) clip=100.0
[step 24000] eval_success_rate=0.000 eval_mean_score=40.480 eval_policy_mode=greedy [solved=0/50, score_range=18.00-74.00/81.0, initial=26.84]
[step 24000] PROGRESS: filled=41.58 violations=0.00 zero_cand=0.22
[step 24000] DEBUG: ep_len=80.6 ep_ret=-96.689 stop_prob=0.000 score_chg=16.7080
[Checkpoint] Saved to checkpoints/rl_sudoku-9x9_seed0/rl_checkpoint_step_24000.pt
[DEBUG] train_step 24000: starting episode collection
[DEBUG] train_step 24000: episodes collected, starting value_update
[DEBUG] train_step 24000: value_update done, starting policy_update
[DEBUG] train_step 24000: policy_update done
[DEBUG] train_step 24050: starting episode collection
[DEBUG] train_step 24050: episodes collected, starting value_update
[DEBUG] train_step 24050: value_update done, starting policy_update
[DEBUG] train_step 24050: policy_update done
[step 24100] value_loss=4.723597 policy_loss=-0.710320
[step 24100] VALUE_DEBUG: target(mean=-44.81 std=6.11 min=-52.00 max=-31.40) V(s)(mean=-45.10 std=6.18) reward(mean=0.219 std=2.052) clip=100.0
[DEBUG] train_step 24100: starting episode collection
[DEBUG] train_step 24100: episodes collected, starting value_update
[DEBUG] train_step 24100: value_update done, starting policy_update
[DEBUG] train_step 24100: policy_update done
[DEBUG] train_step 24150: starting episode collection
[DEBUG] train_step 24150: episodes collected, starting value_update
[DEBUG] train_step 24150: value_update done, starting policy_update
[DEBUG] train_step 24150: policy_update done
[step 24200] value_loss=11.654052 policy_loss=0.112000
[step 24200] VALUE_DEBUG: target(mean=-46.23 std=6.33 min=-59.91 max=-28.06) V(s)(mean=-46.55 std=5.46) reward(mean=0.014 std=3.411) clip=100.0
[DEBUG] train_step 24200: starting episode collection
[DEBUG] train_step 24200: episodes collected, starting value_update
[DEBUG] train_step 24200: value_update done, starting policy_update
[DEBUG] train_step 24200: policy_update done
[DEBUG] train_step 24250: starting episode collection
[DEBUG] train_step 24250: episodes collected, starting value_update
[DEBUG] train_step 24250: value_update done, starting policy_update
[DEBUG] train_step 24250: policy_update done
[step 24300] value_loss=18.731787 policy_loss=0.154806
[step 24300] VALUE_DEBUG: target(mean=-46.42 std=7.23 min=-81.48 max=-30.83) V(s)(mean=-46.05 std=5.61) reward(mean=-1.387 std=10.253) clip=100.0
[DEBUG] train_step 24300: starting episode collection
[DEBUG] train_step 24300: episodes collected, starting value_update
[DEBUG] train_step 24300: value_update done, starting policy_update
[DEBUG] train_step 24300: policy_update done
[DEBUG] train_step 24350: starting episode collection
[DEBUG] train_step 24350: episodes collected, starting value_update
[DEBUG] train_step 24350: value_update done, starting policy_update
[DEBUG] train_step 24350: policy_update done
[step 24400] value_loss=1.792906 policy_loss=0.319869
[step 24400] VALUE_DEBUG: target(mean=-45.50 std=6.43 min=-54.96 max=-28.04) V(s)(mean=-45.44 std=6.16) reward(mean=-0.276 std=1.415) clip=100.0
[DEBUG] train_step 24400: starting episode collection
[DEBUG] train_step 24400: episodes collected, starting value_update
[DEBUG] train_step 24400: value_update done, starting policy_update
[DEBUG] train_step 24400: policy_update done
[DEBUG] train_step 24450: starting episode collection
[DEBUG] train_step 24450: episodes collected, starting value_update
[DEBUG] train_step 24450: value_update done, starting policy_update
[DEBUG] train_step 24450: policy_update done
[step 24500] value_loss=3.725548 policy_loss=-0.352338
[step 24500] VALUE_DEBUG: target(mean=-45.08 std=6.29 min=-54.89 max=-30.94) V(s)(mean=-45.59 std=6.31) reward(mean=0.217 std=1.833) clip=100.0
[step 24500] eval_success_rate=0.060 eval_mean_score=44.820 eval_policy_mode=greedy [solved=3/50, score_range=18.00-81.00/81.0, initial=26.84]
[step 24500] PROGRESS: filled=46.32 violations=0.00 zero_cand=0.30
[step 24500] DEBUG: ep_len=80.0 ep_ret=-94.197 stop_prob=0.000 score_chg=17.4160
[DEBUG] train_step 24500: starting episode collection
[DEBUG] train_step 24500: episodes collected, starting value_update
[DEBUG] train_step 24500: value_update done, starting policy_update
[DEBUG] train_step 24500: policy_update done
[DEBUG] train_step 24550: starting episode collection
[DEBUG] train_step 24550: episodes collected, starting value_update
[DEBUG] train_step 24550: value_update done, starting policy_update
[DEBUG] train_step 24550: policy_update done
[step 24600] value_loss=29.546589 policy_loss=0.622247
[step 24600] VALUE_DEBUG: target(mean=-45.90 std=9.00 min=-81.25 max=-27.48) V(s)(mean=-45.11 std=6.46) reward(mean=-1.846 std=10.709) clip=100.0
[DEBUG] train_step 24600: starting episode collection
[DEBUG] train_step 24600: episodes collected, starting value_update
[DEBUG] train_step 24600: value_update done, starting policy_update
[DEBUG] train_step 24600: policy_update done
[DEBUG] train_step 24650: starting episode collection
[DEBUG] train_step 24650: episodes collected, starting value_update
[DEBUG] train_step 24650: value_update done, starting policy_update
[DEBUG] train_step 24650: policy_update done
[step 24700] value_loss=11.033114 policy_loss=0.119811
[step 24700] VALUE_DEBUG: target(mean=-44.14 std=7.26 min=-59.80 max=-29.22) V(s)(mean=-44.45 std=6.87) reward(mean=0.319 std=3.279) clip=100.0
[DEBUG] train_step 24700: starting episode collection
[DEBUG] train_step 24700: episodes collected, starting value_update
[DEBUG] train_step 24700: value_update done, starting policy_update
[DEBUG] train_step 24700: policy_update done
[DEBUG] train_step 24750: starting episode collection
[DEBUG] train_step 24750: episodes collected, starting value_update
[DEBUG] train_step 24750: value_update done, starting policy_update
[DEBUG] train_step 24750: policy_update done
[step 24800] value_loss=26.648636 policy_loss=0.030189
[step 24800] VALUE_DEBUG: target(mean=-46.34 std=7.98 min=-81.57 max=-30.55) V(s)(mean=-45.75 std=5.77) reward(mean=-1.513 std=10.631) clip=100.0
[DEBUG] train_step 24800: starting episode collection
[DEBUG] train_step 24800: episodes collected, starting value_update
[DEBUG] train_step 24800: value_update done, starting policy_update
[DEBUG] train_step 24800: policy_update done
[DEBUG] train_step 24850: starting episode collection
[DEBUG] train_step 24850: episodes collected, starting value_update
[DEBUG] train_step 24850: value_update done, starting policy_update
[DEBUG] train_step 24850: policy_update done
[step 24900] value_loss=13.880070 policy_loss=0.484899
[step 24900] VALUE_DEBUG: target(mean=-46.26 std=7.69 min=-60.07 max=-22.22) V(s)(mean=-46.02 std=6.64) reward(mean=-0.446 std=3.738) clip=100.0
[DEBUG] train_step 24900: starting episode collection
[DEBUG] train_step 24900: episodes collected, starting value_update
[DEBUG] train_step 24900: value_update done, starting policy_update
[DEBUG] train_step 24900: policy_update done
[DEBUG] train_step 24950: starting episode collection
[DEBUG] train_step 24950: episodes collected, starting value_update
[DEBUG] train_step 24950: value_update done, starting policy_update
[DEBUG] train_step 24950: policy_update done
[step 25000] value_loss=6.093123 policy_loss=-0.098758
[step 25000] VALUE_DEBUG: target(mean=-46.37 std=6.65 min=-55.02 max=-27.29) V(s)(mean=-46.68 std=6.15) reward(mean=-0.050 std=2.471) clip=100.0
[step 25000] eval_success_rate=0.040 eval_mean_score=43.120 eval_policy_mode=greedy [solved=2/50, score_range=18.00-81.00/81.0, initial=26.84]
[step 25000] PROGRESS: filled=44.92 violations=0.00 zero_cand=0.36
[step 25000] DEBUG: ep_len=80.3 ep_ret=-95.414 stop_prob=0.000 score_chg=17.2290
[Checkpoint] Saved to checkpoints/rl_sudoku-9x9_seed0/rl_checkpoint_step_25000.pt
[DEBUG] train_step 25000: starting episode collection
[DEBUG] train_step 25000: episodes collected, starting value_update
[DEBUG] train_step 25000: value_update done, starting policy_update
[DEBUG] train_step 25000: policy_update done
[DEBUG] train_step 25050: starting episode collection
[DEBUG] train_step 25050: episodes collected, starting value_update
[DEBUG] train_step 25050: value_update done, starting policy_update
[DEBUG] train_step 25050: policy_update done
[step 25100] value_loss=48.785141 policy_loss=0.654027
[step 25100] VALUE_DEBUG: target(mean=-47.31 std=9.81 min=-85.48 max=-27.55) V(s)(mean=-45.92 std=6.08) reward(mean=-3.988 std=17.204) clip=100.0
[DEBUG] train_step 25100: starting episode collection
[DEBUG] train_step 25100: episodes collected, starting value_update
[DEBUG] train_step 25100: value_update done, starting policy_update
[DEBUG] train_step 25100: policy_update done
[DEBUG] train_step 25150: starting episode collection
[DEBUG] train_step 25150: episodes collected, starting value_update
[DEBUG] train_step 25150: value_update done, starting policy_update
[DEBUG] train_step 25150: policy_update done
[step 25200] value_loss=5.576078 policy_loss=0.116225
[step 25200] VALUE_DEBUG: target(mean=-46.47 std=6.46 min=-59.90 max=-29.35) V(s)(mean=-46.32 std=5.99) reward(mean=-0.379 std=2.397) clip=100.0
[DEBUG] train_step 25200: starting episode collection
[DEBUG] train_step 25200: episodes collected, starting value_update
[DEBUG] train_step 25200: value_update done, starting policy_update
[DEBUG] train_step 25200: policy_update done
[DEBUG] train_step 25250: starting episode collection
[DEBUG] train_step 25250: episodes collected, starting value_update
[DEBUG] train_step 25250: value_update done, starting policy_update
[DEBUG] train_step 25250: policy_update done
[step 25300] value_loss=44.224060 policy_loss=0.028880
[step 25300] VALUE_DEBUG: target(mean=-45.78 std=9.35 min=-85.33 max=-29.51) V(s)(mean=-45.66 std=6.44) reward(mean=-1.856 std=14.916) clip=100.0
[DEBUG] train_step 25300: starting episode collection
[DEBUG] train_step 25300: episodes collected, starting value_update
[DEBUG] train_step 25300: value_update done, starting policy_update
[DEBUG] train_step 25300: policy_update done
[DEBUG] train_step 25350: starting episode collection
[DEBUG] train_step 25350: episodes collected, starting value_update
[DEBUG] train_step 25350: value_update done, starting policy_update
[DEBUG] train_step 25350: policy_update done
[step 25400] value_loss=8.463219 policy_loss=0.332510
[step 25400] VALUE_DEBUG: target(mean=-45.53 std=5.90 min=-55.03 max=-28.87) V(s)(mean=-46.28 std=5.58) reward(mean=0.475 std=2.777) clip=100.0
[DEBUG] train_step 25400: starting episode collection
[DEBUG] train_step 25400: episodes collected, starting value_update
[DEBUG] train_step 25400: value_update done, starting policy_update
[DEBUG] train_step 25400: policy_update done
[DEBUG] train_step 25450: starting episode collection
[DEBUG] train_step 25450: episodes collected, starting value_update
[DEBUG] train_step 25450: value_update done, starting policy_update
[DEBUG] train_step 25450: policy_update done
[step 25500] value_loss=49.357906 policy_loss=0.566017
[step 25500] VALUE_DEBUG: target(mean=-46.69 std=9.72 min=-86.67 max=-26.64) V(s)(mean=-46.08 std=6.34) reward(mean=-2.470 std=15.091) clip=100.0
[step 25500] eval_success_rate=0.040 eval_mean_score=43.140 eval_policy_mode=greedy [solved=2/50, score_range=18.00-81.00/81.0, initial=26.84]
[step 25500] PROGRESS: filled=44.24 violations=0.00 zero_cand=0.22
[step 25500] DEBUG: ep_len=80.3 ep_ret=-95.504 stop_prob=0.000 score_chg=16.9160
[DEBUG] train_step 25500: starting episode collection
[DEBUG] train_step 25500: episodes collected, starting value_update
[DEBUG] train_step 25500: value_update done, starting policy_update
[DEBUG] train_step 25500: policy_update done
[DEBUG] train_step 25550: starting episode collection
[DEBUG] train_step 25550: episodes collected, starting value_update
[DEBUG] train_step 25550: value_update done, starting policy_update
[DEBUG] train_step 25550: policy_update done
[step 25600] value_loss=41.070278 policy_loss=-0.074345
[step 25600] VALUE_DEBUG: target(mean=-46.32 std=9.72 min=-80.46 max=-29.31) V(s)(mean=-45.35 std=6.79) reward(mean=-1.855 std=11.177) clip=100.0
[DEBUG] train_step 25600: starting episode collection
[DEBUG] train_step 25600: episodes collected, starting value_update
[DEBUG] train_step 25600: value_update done, starting policy_update
[DEBUG] train_step 25600: policy_update done
[DEBUG] train_step 25650: starting episode collection
[DEBUG] train_step 25650: episodes collected, starting value_update
[DEBUG] train_step 25650: value_update done, starting policy_update
[DEBUG] train_step 25650: policy_update done
[step 25700] value_loss=1.604388 policy_loss=0.816360
[step 25700] VALUE_DEBUG: target(mean=-45.48 std=6.78 min=-53.78 max=-23.06) V(s)(mean=-45.59 std=6.98) reward(mean=0.010 std=1.219) clip=100.0
[DEBUG] train_step 25700: starting episode collection
[DEBUG] train_step 25700: episodes collected, starting value_update
[DEBUG] train_step 25700: value_update done, starting policy_update
[DEBUG] train_step 25700: policy_update done
[DEBUG] train_step 25750: starting episode collection
[DEBUG] train_step 25750: episodes collected, starting value_update
[DEBUG] train_step 25750: value_update done, starting policy_update
[DEBUG] train_step 25750: policy_update done
[step 25800] value_loss=8.225730 policy_loss=-0.372846
[step 25800] VALUE_DEBUG: target(mean=-45.85 std=7.05 min=-59.84 max=-27.97) V(s)(mean=-45.67 std=6.43) reward(mean=-0.371 std=2.885) clip=100.0
[DEBUG] train_step 25800: starting episode collection
[DEBUG] train_step 25800: episodes collected, starting value_update
[DEBUG] train_step 25800: value_update done, starting policy_update
[DEBUG] train_step 25800: policy_update done
[DEBUG] train_step 25850: starting episode collection
[DEBUG] train_step 25850: episodes collected, starting value_update
[DEBUG] train_step 25850: value_update done, starting policy_update
[DEBUG] train_step 25850: policy_update done
[step 25900] value_loss=16.843548 policy_loss=0.077230
[step 25900] VALUE_DEBUG: target(mean=-44.69 std=8.61 min=-81.47 max=-27.32) V(s)(mean=-44.29 std=7.31) reward(mean=-1.309 std=10.167) clip=100.0
[DEBUG] train_step 25900: starting episode collection
[DEBUG] train_step 25900: episodes collected, starting value_update
[DEBUG] train_step 25900: value_update done, starting policy_update
[DEBUG] train_step 25900: policy_update done
[DEBUG] train_step 25950: starting episode collection
[DEBUG] train_step 25950: episodes collected, starting value_update
[DEBUG] train_step 25950: value_update done, starting policy_update
[DEBUG] train_step 25950: policy_update done
[step 26000] value_loss=12.586687 policy_loss=-0.112106
[step 26000] VALUE_DEBUG: target(mean=-46.42 std=6.75 min=-74.51 max=-29.52) V(s)(mean=-45.93 std=5.83) reward(mean=-0.740 std=3.537) clip=100.0
[step 26000] eval_success_rate=0.020 eval_mean_score=44.540 eval_policy_mode=greedy [solved=1/50, score_range=18.00-81.00/81.0, initial=26.84]
[step 26000] PROGRESS: filled=45.94 violations=0.00 zero_cand=0.28
[step 26000] DEBUG: ep_len=80.1 ep_ret=-94.290 stop_prob=0.000 score_chg=17.8810
[Checkpoint] Saved to checkpoints/rl_sudoku-9x9_seed0/rl_checkpoint_step_26000.pt
[DEBUG] train_step 26000: starting episode collection
[DEBUG] train_step 26000: episodes collected, starting value_update
[DEBUG] train_step 26000: value_update done, starting policy_update
[DEBUG] train_step 26000: policy_update done
[DEBUG] train_step 26050: starting episode collection
[DEBUG] train_step 26050: episodes collected, starting value_update
[DEBUG] train_step 26050: value_update done, starting policy_update
[DEBUG] train_step 26050: policy_update done
[step 26100] value_loss=42.114738 policy_loss=-0.064205
[step 26100] VALUE_DEBUG: target(mean=-47.16 std=9.25 min=-81.45 max=-27.54) V(s)(mean=-45.98 std=6.41) reward(mean=-2.972 std=14.380) clip=100.0
[DEBUG] train_step 26100: starting episode collection
[DEBUG] train_step 26100: episodes collected, starting value_update
[DEBUG] train_step 26100: value_update done, starting policy_update
[DEBUG] train_step 26100: policy_update done
[DEBUG] train_step 26150: starting episode collection
[DEBUG] train_step 26150: episodes collected, starting value_update
[DEBUG] train_step 26150: value_update done, starting policy_update
[DEBUG] train_step 26150: policy_update done
[step 26200] value_loss=25.662779 policy_loss=0.101584
[step 26200] VALUE_DEBUG: target(mean=-46.42 std=8.03 min=-85.25 max=-28.36) V(s)(mean=-46.31 std=6.11) reward(mean=-1.133 std=10.878) clip=100.0
[DEBUG] train_step 26200: starting episode collection
[DEBUG] train_step 26200: episodes collected, starting value_update
[DEBUG] train_step 26200: value_update done, starting policy_update
[DEBUG] train_step 26200: policy_update done
[DEBUG] train_step 26250: starting episode collection
[DEBUG] train_step 26250: episodes collected, starting value_update
[DEBUG] train_step 26250: value_update done, starting policy_update
[DEBUG] train_step 26250: policy_update done
[step 26300] value_loss=7.308321 policy_loss=0.685503
[step 26300] VALUE_DEBUG: target(mean=-43.70 std=8.28 min=-59.91 max=-26.14) V(s)(mean=-43.73 std=7.85) reward(mean=-0.090 std=2.746) clip=100.0
[DEBUG] train_step 26300: starting episode collection
[DEBUG] train_step 26300: episodes collected, starting value_update
[DEBUG] train_step 26300: value_update done, starting policy_update
[DEBUG] train_step 26300: policy_update done
[DEBUG] train_step 26350: starting episode collection
[DEBUG] train_step 26350: episodes collected, starting value_update
[DEBUG] train_step 26350: value_update done, starting policy_update
[DEBUG] train_step 26350: policy_update done
[step 26400] value_loss=32.925995 policy_loss=0.518961
[step 26400] VALUE_DEBUG: target(mean=-46.34 std=9.00 min=-81.68 max=-29.17) V(s)(mean=-45.34 std=6.54) reward(mean=-2.812 std=14.216) clip=100.0
[DEBUG] train_step 26400: starting episode collection
[DEBUG] train_step 26400: episodes collected, starting value_update
[DEBUG] train_step 26400: value_update done, starting policy_update
[DEBUG] train_step 26400: policy_update done
[DEBUG] train_step 26450: starting episode collection
[DEBUG] train_step 26450: episodes collected, starting value_update
[DEBUG] train_step 26450: value_update done, starting policy_update
[DEBUG] train_step 26450: policy_update done
[step 26500] value_loss=7.702640 policy_loss=-1.826377
[step 26500] VALUE_DEBUG: target(mean=-44.54 std=6.63 min=-59.90 max=-29.49) V(s)(mean=-45.09 std=6.25) reward(mean=0.369 std=2.704) clip=100.0
[step 26500] eval_success_rate=0.020 eval_mean_score=43.860 eval_policy_mode=greedy [solved=1/50, score_range=18.00-81.00/81.0, initial=26.84]
[step 26500] PROGRESS: filled=45.16 violations=0.00 zero_cand=0.26
[step 26500] DEBUG: ep_len=79.9 ep_ret=-93.687 stop_prob=0.000 score_chg=17.2490
[DEBUG] train_step 26500: starting episode collection
[DEBUG] train_step 26500: episodes collected, starting value_update
[DEBUG] train_step 26500: value_update done, starting policy_update
[DEBUG] train_step 26500: policy_update done
[DEBUG] train_step 26550: starting episode collection
[DEBUG] train_step 26550: episodes collected, starting value_update
[DEBUG] train_step 26550: value_update done, starting policy_update
[DEBUG] train_step 26550: policy_update done
[step 26600] value_loss=25.553263 policy_loss=0.487443
[step 26600] VALUE_DEBUG: target(mean=-46.51 std=7.44 min=-81.45 max=-31.09) V(s)(mean=-46.50 std=5.49) reward(mean=-0.945 std=10.511) clip=100.0
[DEBUG] train_step 26600: starting episode collection
[DEBUG] train_step 26600: episodes collected, starting value_update
[DEBUG] train_step 26600: value_update done, starting policy_update
[DEBUG] train_step 26600: policy_update done
[DEBUG] train_step 26650: starting episode collection
[DEBUG] train_step 26650: episodes collected, starting value_update
[DEBUG] train_step 26650: value_update done, starting policy_update
[DEBUG] train_step 26650: policy_update done
[step 26700] value_loss=6.160517 policy_loss=0.221632
[step 26700] VALUE_DEBUG: target(mean=-44.80 std=7.43 min=-55.04 max=-27.02) V(s)(mean=-45.05 std=7.28) reward(mean=0.052 std=2.463) clip=100.0
[DEBUG] train_step 26700: starting episode collection
[DEBUG] train_step 26700: episodes collected, starting value_update
[DEBUG] train_step 26700: value_update done, starting policy_update
[DEBUG] train_step 26700: policy_update done
[DEBUG] train_step 26750: starting episode collection
[DEBUG] train_step 26750: episodes collected, starting value_update
[DEBUG] train_step 26750: value_update done, starting policy_update
[DEBUG] train_step 26750: policy_update done
[step 26800] value_loss=50.975754 policy_loss=0.579218
[step 26800] VALUE_DEBUG: target(mean=-47.81 std=9.06 min=-81.49 max=-29.57) V(s)(mean=-46.51 std=5.35) reward(mean=-3.000 std=14.565) clip=100.0
[DEBUG] train_step 26800: starting episode collection
[DEBUG] train_step 26800: episodes collected, starting value_update
[DEBUG] train_step 26800: value_update done, starting policy_update
[DEBUG] train_step 26800: policy_update done
[DEBUG] train_step 26850: starting episode collection
[DEBUG] train_step 26850: episodes collected, starting value_update
[DEBUG] train_step 26850: value_update done, starting policy_update
[DEBUG] train_step 26850: policy_update done
[step 26900] value_loss=36.194107 policy_loss=0.409719
[step 26900] VALUE_DEBUG: target(mean=-44.20 std=10.78 min=-81.69 max=-24.77) V(s)(mean=-42.63 std=7.88) reward(mean=-3.055 std=14.287) clip=100.0
[DEBUG] train_step 26900: starting episode collection
[DEBUG] train_step 26900: episodes collected, starting value_update
[DEBUG] train_step 26900: value_update done, starting policy_update
[DEBUG] train_step 26900: policy_update done
[DEBUG] train_step 26950: starting episode collection
[DEBUG] train_step 26950: episodes collected, starting value_update
[DEBUG] train_step 26950: value_update done, starting policy_update
[DEBUG] train_step 26950: policy_update done
[step 27000] value_loss=2.718326 policy_loss=-0.379280
[step 27000] VALUE_DEBUG: target(mean=-46.74 std=5.07 min=-54.81 max=-30.56) V(s)(mean=-46.87 std=4.77) reward(mean=-0.112 std=1.689) clip=100.0
[step 27000] eval_success_rate=0.020 eval_mean_score=43.060 eval_policy_mode=greedy [solved=1/50, score_range=18.00-81.00/81.0, initial=26.84]
[step 27000] PROGRESS: filled=45.36 violations=0.00 zero_cand=0.46
[step 27000] DEBUG: ep_len=80.1 ep_ret=-94.654 stop_prob=0.000 score_chg=17.8690
[Checkpoint] Saved to checkpoints/rl_sudoku-9x9_seed0/rl_checkpoint_step_27000.pt
[DEBUG] train_step 27000: starting episode collection
[DEBUG] train_step 27000: episodes collected, starting value_update
[DEBUG] train_step 27000: value_update done, starting policy_update
[DEBUG] train_step 27000: policy_update done
[DEBUG] train_step 27050: starting episode collection
[DEBUG] train_step 27050: episodes collected, starting value_update
[DEBUG] train_step 27050: value_update done, starting policy_update
[DEBUG] train_step 27050: policy_update done
[step 27100] value_loss=13.991798 policy_loss=0.148810
[step 27100] VALUE_DEBUG: target(mean=-46.23 std=7.70 min=-74.84 max=-29.20) V(s)(mean=-45.81 std=6.22) reward(mean=-0.742 std=3.765) clip=100.0
[DEBUG] train_step 27100: starting episode collection
[DEBUG] train_step 27100: episodes collected, starting value_update
[DEBUG] train_step 27100: value_update done, starting policy_update
[DEBUG] train_step 27100: policy_update done
[DEBUG] train_step 27150: starting episode collection
[DEBUG] train_step 27150: episodes collected, starting value_update
[DEBUG] train_step 27150: value_update done, starting policy_update
[DEBUG] train_step 27150: policy_update done
[step 27200] value_loss=60.627060 policy_loss=0.176791
[step 27200] VALUE_DEBUG: target(mean=-48.43 std=10.01 min=-81.53 max=-29.79) V(s)(mean=-46.55 std=5.47) reward(mean=-4.458 std=17.441) clip=100.0
[DEBUG] train_step 27200: starting episode collection
[DEBUG] train_step 27200: episodes collected, starting value_update
[DEBUG] train_step 27200: value_update done, starting policy_update
[DEBUG] train_step 27200: policy_update done
[DEBUG] train_step 27250: starting episode collection
[DEBUG] train_step 27250: episodes collected, starting value_update
[DEBUG] train_step 27250: value_update done, starting policy_update
[DEBUG] train_step 27250: policy_update done
[step 27300] value_loss=30.308163 policy_loss=0.333089
[step 27300] VALUE_DEBUG: target(mean=-45.71 std=9.28 min=-81.34 max=-25.89) V(s)(mean=-45.03 std=6.97) reward(mean=-1.592 std=10.740) clip=100.0
[DEBUG] train_step 27300: starting episode collection
[DEBUG] train_step 27300: episodes collected, starting value_update
[DEBUG] train_step 27300: value_update done, starting policy_update
[DEBUG] train_step 27300: policy_update done
[DEBUG] train_step 27350: starting episode collection
[DEBUG] train_step 27350: episodes collected, starting value_update
[DEBUG] train_step 27350: value_update done, starting policy_update
[DEBUG] train_step 27350: policy_update done
[step 27400] value_loss=5.475117 policy_loss=0.017598
[step 27400] VALUE_DEBUG: target(mean=-45.11 std=6.69 min=-59.70 max=-30.28) V(s)(mean=-45.08 std=6.29) reward(mean=-0.213 std=2.408) clip=100.0
[DEBUG] train_step 27400: starting episode collection
[DEBUG] train_step 27400: episodes collected, starting value_update
[DEBUG] train_step 27400: value_update done, starting policy_update
[DEBUG] train_step 27400: policy_update done
[DEBUG] train_step 27450: starting episode collection
[DEBUG] train_step 27450: episodes collected, starting value_update
[DEBUG] train_step 27450: value_update done, starting policy_update
[DEBUG] train_step 27450: policy_update done
[step 27500] value_loss=54.984234 policy_loss=-0.279762
[step 27500] VALUE_DEBUG: target(mean=-45.47 std=9.95 min=-76.55 max=1.19) V(s)(mean=-45.70 std=6.82) reward(mean=-1.494 std=9.632) clip=100.0
[step 27500] eval_success_rate=0.040 eval_mean_score=44.800 eval_policy_mode=greedy [solved=2/50, score_range=18.00-81.00/81.0, initial=26.84]
[step 27500] PROGRESS: filled=45.60 violations=0.00 zero_cand=0.16
[step 27500] DEBUG: ep_len=80.4 ep_ret=-95.970 stop_prob=0.000 score_chg=17.0340
[DEBUG] train_step 27500: starting episode collection
[DEBUG] train_step 27500: episodes collected, starting value_update
[DEBUG] train_step 27500: value_update done, starting policy_update
[DEBUG] train_step 27500: policy_update done
[DEBUG] train_step 27550: starting episode collection
[DEBUG] train_step 27550: episodes collected, starting value_update
[DEBUG] train_step 27550: value_update done, starting policy_update
[DEBUG] train_step 27550: policy_update done
[step 27600] value_loss=20.303688 policy_loss=0.064694
[step 27600] VALUE_DEBUG: target(mean=-44.45 std=8.49 min=-81.39 max=-27.02) V(s)(mean=-44.16 std=7.20) reward(mean=-0.973 std=10.365) clip=100.0
[DEBUG] train_step 27600: starting episode collection
[DEBUG] train_step 27600: episodes collected, starting value_update
[DEBUG] train_step 27600: value_update done, starting policy_update
[DEBUG] train_step 27600: policy_update done
[DEBUG] train_step 27650: starting episode collection
[DEBUG] train_step 27650: episodes collected, starting value_update
[DEBUG] train_step 27650: value_update done, starting policy_update
[DEBUG] train_step 27650: policy_update done
[step 27700] value_loss=21.142235 policy_loss=-0.441208
[step 27700] VALUE_DEBUG: target(mean=-46.28 std=8.64 min=-81.15 max=-24.16) V(s)(mean=-45.95 std=7.07) reward(mean=-1.387 std=10.348) clip=100.0
[DEBUG] train_step 27700: starting episode collection
[DEBUG] train_step 27700: episodes collected, starting value_update
[DEBUG] train_step 27700: value_update done, starting policy_update
[DEBUG] train_step 27700: policy_update done
[DEBUG] train_step 27750: starting episode collection
[DEBUG] train_step 27750: episodes collected, starting value_update
[DEBUG] train_step 27750: value_update done, starting policy_update
[DEBUG] train_step 27750: policy_update done
[step 27800] value_loss=17.619028 policy_loss=0.125251
[step 27800] VALUE_DEBUG: target(mean=-44.30 std=9.58 min=-81.35 max=-24.71) V(s)(mean=-43.69 std=8.28) reward(mean=-1.453 std=10.182) clip=100.0
[DEBUG] train_step 27800: starting episode collection
[DEBUG] train_step 27800: episodes collected, starting value_update
[DEBUG] train_step 27800: value_update done, starting policy_update
[DEBUG] train_step 27800: policy_update done
[DEBUG] train_step 27850: starting episode collection
[DEBUG] train_step 27850: episodes collected, starting value_update
[DEBUG] train_step 27850: value_update done, starting policy_update
[DEBUG] train_step 27850: policy_update done
[step 27900] value_loss=2.048954 policy_loss=-0.222565
[step 27900] VALUE_DEBUG: target(mean=-45.06 std=6.93 min=-54.99 max=-25.66) V(s)(mean=-45.10 std=6.63) reward(mean=-0.137 std=1.493) clip=100.0
[DEBUG] train_step 27900: starting episode collection
[DEBUG] train_step 27900: episodes collected, starting value_update
[DEBUG] train_step 27900: value_update done, starting policy_update
[DEBUG] train_step 27900: policy_update done
[DEBUG] train_step 27950: starting episode collection
[DEBUG] train_step 27950: episodes collected, starting value_update
[DEBUG] train_step 27950: value_update done, starting policy_update
[DEBUG] train_step 27950: policy_update done
[step 28000] value_loss=26.730467 policy_loss=0.434623
[step 28000] VALUE_DEBUG: target(mean=-43.27 std=9.48 min=-86.32 max=-27.88) V(s)(mean=-42.94 std=7.62) reward(mean=-1.087 std=11.001) clip=100.0
[step 28000] eval_success_rate=0.060 eval_mean_score=45.480 eval_policy_mode=greedy [solved=3/50, score_range=18.00-81.00/81.0, initial=26.84]
[step 28000] PROGRESS: filled=46.98 violations=0.00 zero_cand=0.30
[step 28000] DEBUG: ep_len=80.2 ep_ret=-94.605 stop_prob=0.000 score_chg=18.2150
[Checkpoint] Saved to checkpoints/rl_sudoku-9x9_seed0/rl_checkpoint_step_28000.pt
[DEBUG] train_step 28000: starting episode collection
[DEBUG] train_step 28000: episodes collected, starting value_update
[DEBUG] train_step 28000: value_update done, starting policy_update
[DEBUG] train_step 28000: policy_update done
[DEBUG] train_step 28050: starting episode collection
[DEBUG] train_step 28050: episodes collected, starting value_update
[DEBUG] train_step 28050: value_update done, starting policy_update
[DEBUG] train_step 28050: policy_update done
[step 28100] value_loss=8.551983 policy_loss=-0.258025
[step 28100] VALUE_DEBUG: target(mean=-46.08 std=6.95 min=-59.78 max=-25.38) V(s)(mean=-46.13 std=6.24) reward(mean=-0.200 std=2.951) clip=100.0
[DEBUG] train_step 28100: starting episode collection
[DEBUG] train_step 28100: episodes collected, starting value_update
[DEBUG] train_step 28100: value_update done, starting policy_update
[DEBUG] train_step 28100: policy_update done
[DEBUG] train_step 28150: starting episode collection
[DEBUG] train_step 28150: episodes collected, starting value_update
[DEBUG] train_step 28150: value_update done, starting policy_update
[DEBUG] train_step 28150: policy_update done
[step 28200] value_loss=6.523823 policy_loss=-0.279461
[step 28200] VALUE_DEBUG: target(mean=-45.09 std=8.02 min=-59.62 max=-27.75) V(s)(mean=-44.80 std=7.63) reward(mean=-0.347 std=2.610) clip=100.0
[DEBUG] train_step 28200: starting episode collection
[DEBUG] train_step 28200: episodes collected, starting value_update
[DEBUG] train_step 28200: value_update done, starting policy_update
[DEBUG] train_step 28200: policy_update done
[DEBUG] train_step 28250: starting episode collection
[DEBUG] train_step 28250: episodes collected, starting value_update
[DEBUG] train_step 28250: value_update done, starting policy_update
[DEBUG] train_step 28250: policy_update done
[step 28300] value_loss=6.790346 policy_loss=-0.660591
[step 28300] VALUE_DEBUG: target(mean=-45.32 std=6.46 min=-54.98 max=-25.19) V(s)(mean=-45.74 std=6.32) reward(mean=0.259 std=2.550) clip=100.0
[DEBUG] train_step 28300: starting episode collection
[DEBUG] train_step 28300: episodes collected, starting value_update
[DEBUG] train_step 28300: value_update done, starting policy_update
[DEBUG] train_step 28300: policy_update done
[DEBUG] train_step 28350: starting episode collection
[DEBUG] train_step 28350: episodes collected, starting value_update
[DEBUG] train_step 28350: value_update done, starting policy_update
[DEBUG] train_step 28350: policy_update done
[step 28400] value_loss=40.580566 policy_loss=0.196425
[step 28400] VALUE_DEBUG: target(mean=-46.28 std=9.15 min=-81.45 max=-30.29) V(s)(mean=-45.49 std=6.03) reward(mean=-2.524 std=14.492) clip=100.0
[DEBUG] train_step 28400: starting episode collection
[DEBUG] train_step 28400: episodes collected, starting value_update
[DEBUG] train_step 28400: value_update done, starting policy_update
[DEBUG] train_step 28400: policy_update done
[DEBUG] train_step 28450: starting episode collection
[DEBUG] train_step 28450: episodes collected, starting value_update
[DEBUG] train_step 28450: value_update done, starting policy_update
[DEBUG] train_step 28450: policy_update done
[step 28500] value_loss=41.951927 policy_loss=0.267346
[step 28500] VALUE_DEBUG: target(mean=-45.43 std=9.64 min=-81.45 max=-27.47) V(s)(mean=-44.99 std=6.53) reward(mean=-2.152 std=14.601) clip=100.0
[step 28500] eval_success_rate=0.080 eval_mean_score=46.960 eval_policy_mode=greedy [solved=4/50, score_range=18.00-81.00/81.0, initial=26.84]
[step 28500] PROGRESS: filled=48.86 violations=0.00 zero_cand=0.38
[step 28500] DEBUG: ep_len=79.6 ep_ret=-92.838 stop_prob=0.000 score_chg=17.8880
[DEBUG] train_step 28500: starting episode collection
[DEBUG] train_step 28500: episodes collected, starting value_update
[DEBUG] train_step 28500: value_update done, starting policy_update
[DEBUG] train_step 28500: policy_update done
[DEBUG] train_step 28550: starting episode collection
[DEBUG] train_step 28550: episodes collected, starting value_update
[DEBUG] train_step 28550: value_update done, starting policy_update
[DEBUG] train_step 28550: policy_update done
[step 28600] value_loss=5.327597 policy_loss=0.036521
[step 28600] VALUE_DEBUG: target(mean=-44.49 std=7.05 min=-55.00 max=-25.58) V(s)(mean=-44.98 std=6.88) reward(mean=0.270 std=2.253) clip=100.0
[DEBUG] train_step 28600: starting episode collection
[DEBUG] train_step 28600: episodes collected, starting value_update
[DEBUG] train_step 28600: value_update done, starting policy_update
[DEBUG] train_step 28600: policy_update done
[DEBUG] train_step 28650: starting episode collection
[DEBUG] train_step 28650: episodes collected, starting value_update
[DEBUG] train_step 28650: value_update done, starting policy_update
[DEBUG] train_step 28650: policy_update done
[step 28700] value_loss=30.251045 policy_loss=0.313177
[step 28700] VALUE_DEBUG: target(mean=-46.89 std=8.61 min=-81.39 max=-26.17) V(s)(mean=-46.01 std=6.08) reward(mean=-1.915 std=10.734) clip=100.0
[DEBUG] train_step 28700: starting episode collection
[DEBUG] train_step 28700: episodes collected, starting value_update
[DEBUG] train_step 28700: value_update done, starting policy_update
[DEBUG] train_step 28700: policy_update done
[DEBUG] train_step 28750: starting episode collection
[DEBUG] train_step 28750: episodes collected, starting value_update
[DEBUG] train_step 28750: value_update done, starting policy_update
[DEBUG] train_step 28750: policy_update done
[step 28800] value_loss=22.075335 policy_loss=0.305205
[step 28800] VALUE_DEBUG: target(mean=-46.88 std=8.79 min=-80.53 max=-25.56) V(s)(mean=-45.76 std=6.93) reward(mean=-2.106 std=10.257) clip=100.0
[DEBUG] train_step 28800: starting episode collection
[DEBUG] train_step 28800: episodes collected, starting value_update
[DEBUG] train_step 28800: value_update done, starting policy_update
[DEBUG] train_step 28800: policy_update done
[DEBUG] train_step 28850: starting episode collection
[DEBUG] train_step 28850: episodes collected, starting value_update
[DEBUG] train_step 28850: value_update done, starting policy_update
[DEBUG] train_step 28850: policy_update done
[step 28900] value_loss=35.937927 policy_loss=0.438373
[step 28900] VALUE_DEBUG: target(mean=-45.61 std=9.97 min=-81.58 max=-28.22) V(s)(mean=-44.51 std=6.95) reward(mean=-2.855 std=14.310) clip=100.0
[DEBUG] train_step 28900: starting episode collection
[DEBUG] train_step 28900: episodes collected, starting value_update
[DEBUG] train_step 28900: value_update done, starting policy_update
[DEBUG] train_step 28900: policy_update done
[DEBUG] train_step 28950: starting episode collection
[DEBUG] train_step 28950: episodes collected, starting value_update
[DEBUG] train_step 28950: value_update done, starting policy_update
[DEBUG] train_step 28950: policy_update done
[step 29000] value_loss=25.870289 policy_loss=0.168556
[step 29000] VALUE_DEBUG: target(mean=-45.75 std=9.16 min=-86.26 max=-23.93) V(s)(mean=-45.10 std=7.25) reward(mean=-1.649 std=10.917) clip=100.0
[step 29000] eval_success_rate=0.080 eval_mean_score=48.020 eval_policy_mode=greedy [solved=4/50, score_range=18.00-81.00/81.0, initial=26.84]
[step 29000] PROGRESS: filled=49.32 violations=0.00 zero_cand=0.26
[step 29000] DEBUG: ep_len=79.8 ep_ret=-92.779 stop_prob=0.000 score_chg=18.4920
[Checkpoint] Saved to checkpoints/rl_sudoku-9x9_seed0/rl_checkpoint_step_29000.pt
[DEBUG] train_step 29000: starting episode collection
[DEBUG] train_step 29000: episodes collected, starting value_update
[DEBUG] train_step 29000: value_update done, starting policy_update
[DEBUG] train_step 29000: policy_update done
[DEBUG] train_step 29050: starting episode collection
[DEBUG] train_step 29050: episodes collected, starting value_update
[DEBUG] train_step 29050: value_update done, starting policy_update
[DEBUG] train_step 29050: policy_update done
[step 29100] value_loss=4.842750 policy_loss=-0.819788
[step 29100] VALUE_DEBUG: target(mean=-44.77 std=7.15 min=-55.01 max=-22.76) V(s)(mean=-44.93 std=7.04) reward(mean=0.078 std=2.190) clip=100.0
[DEBUG] train_step 29100: starting episode collection
[DEBUG] train_step 29100: episodes collected, starting value_update
[DEBUG] train_step 29100: value_update done, starting policy_update
[DEBUG] train_step 29100: policy_update done
[DEBUG] train_step 29150: starting episode collection
[DEBUG] train_step 29150: episodes collected, starting value_update
[DEBUG] train_step 29150: value_update done, starting policy_update
[DEBUG] train_step 29150: policy_update done
[step 29200] value_loss=86.056244 policy_loss=-0.039975
[step 29200] VALUE_DEBUG: target(mean=-46.24 std=12.59 min=-95.22 max=-24.84) V(s)(mean=-44.36 std=7.51) reward(mean=-4.329 std=19.146) clip=100.0
[DEBUG] train_step 29200: starting episode collection
[DEBUG] train_step 29200: episodes collected, starting value_update
[DEBUG] train_step 29200: value_update done, starting policy_update
[DEBUG] train_step 29200: policy_update done
[DEBUG] train_step 29250: starting episode collection
[DEBUG] train_step 29250: episodes collected, starting value_update
[DEBUG] train_step 29250: value_update done, starting policy_update
[DEBUG] train_step 29250: policy_update done
[step 29300] value_loss=40.860786 policy_loss=0.180747
[step 29300] VALUE_DEBUG: target(mean=-46.76 std=9.37 min=-81.45 max=-25.01) V(s)(mean=-46.00 std=6.35) reward(mean=-2.610 std=14.497) clip=100.0
[DEBUG] train_step 29300: starting episode collection
[DEBUG] train_step 29300: episodes collected, starting value_update
[DEBUG] train_step 29300: value_update done, starting policy_update
[DEBUG] train_step 29300: policy_update done
[DEBUG] train_step 29350: starting episode collection
[DEBUG] train_step 29350: episodes collected, starting value_update
[DEBUG] train_step 29350: value_update done, starting policy_update
[DEBUG] train_step 29350: policy_update done
[step 29400] value_loss=19.585430 policy_loss=0.345961
[step 29400] VALUE_DEBUG: target(mean=-45.08 std=8.24 min=-81.30 max=-30.22) V(s)(mean=-44.33 std=6.35) reward(mean=-1.635 std=10.263) clip=100.0
[DEBUG] train_step 29400: starting episode collection
[DEBUG] train_step 29400: episodes collected, starting value_update
[DEBUG] train_step 29400: value_update done, starting policy_update
[DEBUG] train_step 29400: policy_update done
[DEBUG] train_step 29450: starting episode collection
[DEBUG] train_step 29450: episodes collected, starting value_update
[DEBUG] train_step 29450: value_update done, starting policy_update
[DEBUG] train_step 29450: policy_update done
[step 29500] value_loss=41.169270 policy_loss=-0.125083
[step 29500] VALUE_DEBUG: target(mean=-46.84 std=9.95 min=-81.44 max=-26.95) V(s)(mean=-45.36 std=6.91) reward(mean=-3.354 std=14.379) clip=100.0
[step 29500] eval_success_rate=0.060 eval_mean_score=47.180 eval_policy_mode=greedy [solved=3/50, score_range=18.00-81.00/81.0, initial=26.84]
[step 29500] PROGRESS: filled=48.48 violations=0.00 zero_cand=0.26
[step 29500] DEBUG: ep_len=79.8 ep_ret=-92.799 stop_prob=0.000 score_chg=18.5750
[DEBUG] train_step 29500: starting episode collection
[DEBUG] train_step 29500: episodes collected, starting value_update
[DEBUG] train_step 29500: value_update done, starting policy_update
[DEBUG] train_step 29500: policy_update done
[DEBUG] train_step 29550: starting episode collection
[DEBUG] train_step 29550: episodes collected, starting value_update
[DEBUG] train_step 29550: value_update done, starting policy_update
[DEBUG] train_step 29550: policy_update done
[step 29600] value_loss=4.339281 policy_loss=-0.233954
[step 29600] VALUE_DEBUG: target(mean=-43.60 std=7.96 min=-58.81 max=-23.16) V(s)(mean=-43.77 std=7.78) reward(mean=0.081 std=2.085) clip=100.0
[DEBUG] train_step 29600: starting episode collection
[DEBUG] train_step 29600: episodes collected, starting value_update
[DEBUG] train_step 29600: value_update done, starting policy_update
[DEBUG] train_step 29600: policy_update done
[DEBUG] train_step 29650: starting episode collection
[DEBUG] train_step 29650: episodes collected, starting value_update
[DEBUG] train_step 29650: value_update done, starting policy_update
[DEBUG] train_step 29650: policy_update done
[step 29700] value_loss=44.416832 policy_loss=-0.227951
[step 29700] VALUE_DEBUG: target(mean=-44.12 std=9.79 min=-55.09 max=1.19) V(s)(mean=-44.73 std=7.55) reward(mean=-0.422 std=1.945) clip=100.0
[DEBUG] train_step 29700: starting episode collection
[DEBUG] train_step 29700: episodes collected, starting value_update
[DEBUG] train_step 29700: value_update done, starting policy_update
[DEBUG] train_step 29700: policy_update done
[DEBUG] train_step 29750: starting episode collection
[DEBUG] train_step 29750: episodes collected, starting value_update
[DEBUG] train_step 29750: value_update done, starting policy_update
[DEBUG] train_step 29750: policy_update done
[step 29800] value_loss=5.222188 policy_loss=0.158068
[step 29800] VALUE_DEBUG: target(mean=-45.23 std=7.37 min=-54.99 max=-26.26) V(s)(mean=-45.45 std=7.23) reward(mean=-0.079 std=2.280) clip=100.0
[DEBUG] train_step 29800: starting episode collection
[DEBUG] train_step 29800: episodes collected, starting value_update
[DEBUG] train_step 29800: value_update done, starting policy_update
[DEBUG] train_step 29800: policy_update done
[DEBUG] train_step 29850: starting episode collection
[DEBUG] train_step 29850: episodes collected, starting value_update
[DEBUG] train_step 29850: value_update done, starting policy_update
[DEBUG] train_step 29850: policy_update done
[step 29900] value_loss=101.860275 policy_loss=0.302431
[step 29900] VALUE_DEBUG: target(mean=-47.29 std=11.76 min=-86.41 max=1.19) V(s)(mean=-46.73 std=5.40) reward(mean=-3.918 std=17.832) clip=100.0
[DEBUG] train_step 29900: starting episode collection
[DEBUG] train_step 29900: episodes collected, starting value_update
[DEBUG] train_step 29900: value_update done, starting policy_update
[DEBUG] train_step 29900: policy_update done
[DEBUG] train_step 29950: starting episode collection
[DEBUG] train_step 29950: episodes collected, starting value_update
[DEBUG] train_step 29950: value_update done, starting policy_update
[DEBUG] train_step 29950: policy_update done
[step 30000] value_loss=4.026828 policy_loss=0.346091
[step 30000] VALUE_DEBUG: target(mean=-44.36 std=7.20 min=-58.91 max=-27.91) V(s)(mean=-44.40 std=6.86) reward(mean=-0.188 std=2.014) clip=100.0
[step 30000] eval_success_rate=0.060 eval_mean_score=46.960 eval_policy_mode=greedy [solved=3/50, score_range=18.00-81.00/81.0, initial=26.84]
[step 30000] PROGRESS: filled=49.06 violations=0.00 zero_cand=0.42
[step 30000] DEBUG: ep_len=79.8 ep_ret=-92.082 stop_prob=0.000 score_chg=19.5530
[Checkpoint] Saved to checkpoints/rl_sudoku-9x9_seed0/rl_checkpoint_step_30000.pt
[DEBUG] train_step 30000: starting episode collection
[DEBUG] train_step 30000: episodes collected, starting value_update
[DEBUG] train_step 30000: value_update done, starting policy_update
[DEBUG] train_step 30000: policy_update done
[DEBUG] train_step 30050: starting episode collection
[DEBUG] train_step 30050: episodes collected, starting value_update
[DEBUG] train_step 30050: value_update done, starting policy_update
[DEBUG] train_step 30050: policy_update done
[step 30100] value_loss=6.766170 policy_loss=0.816066
[step 30100] VALUE_DEBUG: target(mean=-46.11 std=7.54 min=-64.98 max=-26.84) V(s)(mean=-45.68 std=7.01) reward(mean=-0.619 std=2.612) clip=100.0
[DEBUG] train_step 30100: starting episode collection
[DEBUG] train_step 30100: episodes collected, starting value_update
[DEBUG] train_step 30100: value_update done, starting policy_update
[DEBUG] train_step 30100: policy_update done
[DEBUG] train_step 30150: starting episode collection
[DEBUG] train_step 30150: episodes collected, starting value_update
[DEBUG] train_step 30150: value_update done, starting policy_update
[DEBUG] train_step 30150: policy_update done
[step 30200] value_loss=42.761871 policy_loss=0.735206
[step 30200] VALUE_DEBUG: target(mean=-47.07 std=9.07 min=-81.47 max=-27.16) V(s)(mean=-45.56 std=5.95) reward(mean=-3.100 std=14.281) clip=100.0
[DEBUG] train_step 30200: starting episode collection
[DEBUG] train_step 30200: episodes collected, starting value_update
[DEBUG] train_step 30200: value_update done, starting policy_update
[DEBUG] train_step 30200: policy_update done
[DEBUG] train_step 30250: starting episode collection
[DEBUG] train_step 30250: episodes collected, starting value_update
[DEBUG] train_step 30250: value_update done, starting policy_update
[DEBUG] train_step 30250: policy_update done
[step 30300] value_loss=44.140781 policy_loss=-0.353224
[step 30300] VALUE_DEBUG: target(mean=-45.18 std=10.27 min=-81.36 max=-25.01) V(s)(mean=-44.56 std=7.73) reward(mean=-2.240 std=14.489) clip=100.0
[DEBUG] train_step 30300: starting episode collection
[DEBUG] train_step 30300: episodes collected, starting value_update
[DEBUG] train_step 30300: value_update done, starting policy_update
[DEBUG] train_step 30300: policy_update done
[DEBUG] train_step 30350: starting episode collection
[DEBUG] train_step 30350: episodes collected, starting value_update
[DEBUG] train_step 30350: value_update done, starting policy_update
[DEBUG] train_step 30350: policy_update done
[step 30400] value_loss=3.427545 policy_loss=0.009250
[step 30400] VALUE_DEBUG: target(mean=-44.89 std=7.04 min=-59.82 max=-28.54) V(s)(mean=-44.96 std=6.86) reward(mean=-0.055 std=1.896) clip=100.0
[DEBUG] train_step 30400: starting episode collection
[DEBUG] train_step 30400: episodes collected, starting value_update
[DEBUG] train_step 30400: value_update done, starting policy_update
[DEBUG] train_step 30400: policy_update done
[DEBUG] train_step 30450: starting episode collection
[DEBUG] train_step 30450: episodes collected, starting value_update
[DEBUG] train_step 30450: value_update done, starting policy_update
[DEBUG] train_step 30450: policy_update done
[step 30500] value_loss=18.565434 policy_loss=-0.220531
[step 30500] VALUE_DEBUG: target(mean=-45.76 std=8.31 min=-81.56 max=-29.49) V(s)(mean=-45.24 std=6.77) reward(mean=-1.386 std=10.258) clip=100.0
[step 30500] eval_success_rate=0.080 eval_mean_score=47.220 eval_policy_mode=greedy [solved=4/50, score_range=18.00-81.00/81.0, initial=26.84]
[step 30500] PROGRESS: filled=48.62 violations=0.00 zero_cand=0.28
[step 30500] DEBUG: ep_len=80.0 ep_ret=-93.595 stop_prob=0.000 score_chg=18.6360
[DEBUG] train_step 30500: starting episode collection
[DEBUG] train_step 30500: episodes collected, starting value_update
[DEBUG] train_step 30500: value_update done, starting policy_update
[DEBUG] train_step 30500: policy_update done
[DEBUG] train_step 30550: starting episode collection
[DEBUG] train_step 30550: episodes collected, starting value_update
[DEBUG] train_step 30550: value_update done, starting policy_update
[DEBUG] train_step 30550: policy_update done
[step 30600] value_loss=18.377155 policy_loss=1.352809
[step 30600] VALUE_DEBUG: target(mean=-46.47 std=8.17 min=-81.58 max=-26.91) V(s)(mean=-46.15 std=6.78) reward(mean=-1.260 std=10.260) clip=100.0
[DEBUG] train_step 30600: starting episode collection
[DEBUG] train_step 30600: episodes collected, starting value_update
[DEBUG] train_step 30600: value_update done, starting policy_update
[DEBUG] train_step 30600: policy_update done
[DEBUG] train_step 30650: starting episode collection
[DEBUG] train_step 30650: episodes collected, starting value_update
[DEBUG] train_step 30650: value_update done, starting policy_update
[DEBUG] train_step 30650: policy_update done
[step 30700] value_loss=10.259966 policy_loss=0.042988
[step 30700] VALUE_DEBUG: target(mean=-47.15 std=7.27 min=-60.19 max=-30.00) V(s)(mean=-46.48 std=6.11) reward(mean=-0.944 std=3.209) clip=100.0
[DEBUG] train_step 30700: starting episode collection
[DEBUG] train_step 30700: episodes collected, starting value_update
[DEBUG] train_step 30700: value_update done, starting policy_update
[DEBUG] train_step 30700: policy_update done
[DEBUG] train_step 30750: starting episode collection
[DEBUG] train_step 30750: episodes collected, starting value_update
[DEBUG] train_step 30750: value_update done, starting policy_update
[DEBUG] train_step 30750: policy_update done
[step 30800] value_loss=35.881763 policy_loss=-0.261824
[step 30800] VALUE_DEBUG: target(mean=-45.92 std=10.20 min=-80.41 max=-23.31) V(s)(mean=-44.25 std=7.52) reward(mean=-3.227 std=13.796) clip=100.0
[DEBUG] train_step 30800: starting episode collection
[DEBUG] train_step 30800: episodes collected, starting value_update
[DEBUG] train_step 30800: value_update done, starting policy_update
[DEBUG] train_step 30800: policy_update done
[DEBUG] train_step 30850: starting episode collection
[DEBUG] train_step 30850: episodes collected, starting value_update
[DEBUG] train_step 30850: value_update done, starting policy_update
[DEBUG] train_step 30850: policy_update done
[step 30900] value_loss=30.287519 policy_loss=-0.422576
[step 30900] VALUE_DEBUG: target(mean=-46.36 std=8.00 min=-85.46 max=-30.03) V(s)(mean=-45.87 std=5.61) reward(mean=-1.483 std=11.074) clip=100.0
[DEBUG] train_step 30900: starting episode collection
[DEBUG] train_step 30900: episodes collected, starting value_update
[DEBUG] train_step 30900: value_update done, starting policy_update
[DEBUG] train_step 30900: policy_update done
[DEBUG] train_step 30950: starting episode collection
[DEBUG] train_step 30950: episodes collected, starting value_update
[DEBUG] train_step 30950: value_update done, starting policy_update
[DEBUG] train_step 30950: policy_update done
[step 31000] value_loss=13.103311 policy_loss=0.281322
[step 31000] VALUE_DEBUG: target(mean=-45.96 std=7.59 min=-76.61 max=-26.15) V(s)(mean=-45.81 std=6.44) reward(mean=-1.176 std=9.610) clip=100.0
[step 31000] eval_success_rate=0.060 eval_mean_score=45.920 eval_policy_mode=greedy [solved=3/50, score_range=18.00-81.00/81.0, initial=26.84]
[step 31000] PROGRESS: filled=47.42 violations=0.00 zero_cand=0.30
[step 31000] DEBUG: ep_len=79.9 ep_ret=-93.074 stop_prob=0.000 score_chg=19.4050
[Checkpoint] Saved to checkpoints/rl_sudoku-9x9_seed0/rl_checkpoint_step_31000.pt
[DEBUG] train_step 31000: starting episode collection
[DEBUG] train_step 31000: episodes collected, starting value_update
[DEBUG] train_step 31000: value_update done, starting policy_update
[DEBUG] train_step 31000: policy_update done
[DEBUG] train_step 31050: starting episode collection
[DEBUG] train_step 31050: episodes collected, starting value_update
[DEBUG] train_step 31050: value_update done, starting policy_update
[DEBUG] train_step 31050: policy_update done
[step 31100] value_loss=23.431503 policy_loss=0.422116
[step 31100] VALUE_DEBUG: target(mean=-45.18 std=9.46 min=-80.77 max=-26.80) V(s)(mean=-44.61 std=7.45) reward(mean=-1.652 std=10.404) clip=100.0
[DEBUG] train_step 31100: starting episode collection
[DEBUG] train_step 31100: episodes collected, starting value_update
[DEBUG] train_step 31100: value_update done, starting policy_update
[DEBUG] train_step 31100: policy_update done
[DEBUG] train_step 31150: starting episode collection
[DEBUG] train_step 31150: episodes collected, starting value_update
[DEBUG] train_step 31150: value_update done, starting policy_update
[DEBUG] train_step 31150: policy_update done
[step 31200] value_loss=21.273806 policy_loss=0.013361
[step 31200] VALUE_DEBUG: target(mean=-45.77 std=8.56 min=-81.60 max=-25.30) V(s)(mean=-45.78 std=7.31) reward(mean=-0.926 std=10.416) clip=100.0
[DEBUG] train_step 31200: starting episode collection
[DEBUG] train_step 31200: episodes collected, starting value_update
[DEBUG] train_step 31200: value_update done, starting policy_update
[DEBUG] train_step 31200: policy_update done
[DEBUG] train_step 31250: starting episode collection
[DEBUG] train_step 31250: episodes collected, starting value_update
[DEBUG] train_step 31250: value_update done, starting policy_update
[DEBUG] train_step 31250: policy_update done
[step 31300] value_loss=47.776024 policy_loss=0.536468
[step 31300] VALUE_DEBUG: target(mean=-44.69 std=9.34 min=-58.97 max=1.19) V(s)(mean=-45.37 std=6.94) reward(mean=-0.196 std=2.651) clip=100.0
[DEBUG] train_step 31300: starting episode collection
[DEBUG] train_step 31300: episodes collected, starting value_update
[DEBUG] train_step 31300: value_update done, starting policy_update
[DEBUG] train_step 31300: policy_update done
[DEBUG] train_step 31350: starting episode collection
[DEBUG] train_step 31350: episodes collected, starting value_update
[DEBUG] train_step 31350: value_update done, starting policy_update
[DEBUG] train_step 31350: policy_update done
[step 31400] value_loss=11.837600 policy_loss=0.217146
[step 31400] VALUE_DEBUG: target(mean=-45.49 std=7.52 min=-68.70 max=-26.68) V(s)(mean=-45.67 std=6.77) reward(mean=0.010 std=3.454) clip=100.0
[DEBUG] train_step 31400: starting episode collection
[DEBUG] train_step 31400: episodes collected, starting value_update
[DEBUG] train_step 31400: value_update done, starting policy_update
[DEBUG] train_step 31400: policy_update done
[DEBUG] train_step 31450: starting episode collection
[DEBUG] train_step 31450: episodes collected, starting value_update
[DEBUG] train_step 31450: value_update done, starting policy_update
[DEBUG] train_step 31450: policy_update done
[step 31500] value_loss=6.841901 policy_loss=-1.445727
[step 31500] VALUE_DEBUG: target(mean=-45.21 std=8.39 min=-60.07 max=-24.34) V(s)(mean=-44.71 std=7.73) reward(mean=-0.678 std=2.667) clip=100.0
[step 31500] eval_success_rate=0.060 eval_mean_score=46.420 eval_policy_mode=greedy [solved=3/50, score_range=18.00-81.00/81.0, initial=26.84]
[step 31500] PROGRESS: filled=47.62 violations=0.00 zero_cand=0.24
[step 31500] DEBUG: ep_len=80.1 ep_ret=-93.677 stop_prob=0.000 score_chg=18.9780
[DEBUG] train_step 31500: starting episode collection
[DEBUG] train_step 31500: episodes collected, starting value_update
[DEBUG] train_step 31500: value_update done, starting policy_update
[DEBUG] train_step 31500: policy_update done
[DEBUG] train_step 31550: starting episode collection
[DEBUG] train_step 31550: episodes collected, starting value_update
[DEBUG] train_step 31550: value_update done, starting policy_update
[DEBUG] train_step 31550: policy_update done
[step 31600] value_loss=31.556347 policy_loss=0.221968
[step 31600] VALUE_DEBUG: target(mean=-45.66 std=8.79 min=-91.43 max=-26.81) V(s)(mean=-45.46 std=6.68) reward(mean=-1.200 std=11.556) clip=100.0
[DEBUG] train_step 31600: starting episode collection
[DEBUG] train_step 31600: episodes collected, starting value_update
[DEBUG] train_step 31600: value_update done, starting policy_update
[DEBUG] train_step 31600: policy_update done
[DEBUG] train_step 31650: starting episode collection
[DEBUG] train_step 31650: episodes collected, starting value_update
[DEBUG] train_step 31650: value_update done, starting policy_update
[DEBUG] train_step 31650: policy_update done
[step 31700] value_loss=19.204737 policy_loss=0.001607
[step 31700] VALUE_DEBUG: target(mean=-45.29 std=8.52 min=-81.43 max=-26.32) V(s)(mean=-44.98 std=6.96) reward(mean=-1.260 std=10.293) clip=100.0
[DEBUG] train_step 31700: starting episode collection
[DEBUG] train_step 31700: episodes collected, starting value_update
[DEBUG] train_step 31700: value_update done, starting policy_update
[DEBUG] train_step 31700: policy_update done
[DEBUG] train_step 31750: starting episode collection
[DEBUG] train_step 31750: episodes collected, starting value_update
[DEBUG] train_step 31750: value_update done, starting policy_update
[DEBUG] train_step 31750: policy_update done
[step 31800] value_loss=18.215786 policy_loss=0.578032
[step 31800] VALUE_DEBUG: target(mean=-45.73 std=8.36 min=-81.64 max=-27.36) V(s)(mean=-45.10 std=6.67) reward(mean=-1.621 std=10.224) clip=100.0
[DEBUG] train_step 31800: starting episode collection
[DEBUG] train_step 31800: episodes collected, starting value_update
[DEBUG] train_step 31800: value_update done, starting policy_update
[DEBUG] train_step 31800: policy_update done
[DEBUG] train_step 31850: starting episode collection
[DEBUG] train_step 31850: episodes collected, starting value_update
[DEBUG] train_step 31850: value_update done, starting policy_update
[DEBUG] train_step 31850: policy_update done
[step 31900] value_loss=20.613190 policy_loss=-0.115378
[step 31900] VALUE_DEBUG: target(mean=-45.38 std=9.35 min=-81.41 max=-25.68) V(s)(mean=-44.52 std=7.77) reward(mean=-1.771 std=10.301) clip=100.0
[DEBUG] train_step 31900: starting episode collection
[DEBUG] train_step 31900: episodes collected, starting value_update
[DEBUG] train_step 31900: value_update done, starting policy_update
[DEBUG] train_step 31900: policy_update done
[DEBUG] train_step 31950: starting episode collection
[DEBUG] train_step 31950: episodes collected, starting value_update
[DEBUG] train_step 31950: value_update done, starting policy_update
[DEBUG] train_step 31950: policy_update done
[step 32000] value_loss=30.344521 policy_loss=-0.234829
[step 32000] VALUE_DEBUG: target(mean=-45.92 std=8.70 min=-81.42 max=-29.99) V(s)(mean=-45.21 std=6.50) reward(mean=-1.597 std=10.655) clip=100.0
[step 32000] eval_success_rate=0.060 eval_mean_score=47.060 eval_policy_mode=greedy [solved=3/50, score_range=18.00-81.00/81.0, initial=26.84]
[step 32000] PROGRESS: filled=48.36 violations=0.00 zero_cand=0.26
[step 32000] DEBUG: ep_len=80.3 ep_ret=-94.634 stop_prob=0.000 score_chg=19.1320
[Checkpoint] Saved to checkpoints/rl_sudoku-9x9_seed0/rl_checkpoint_step_32000.pt
[DEBUG] train_step 32000: starting episode collection
[DEBUG] train_step 32000: episodes collected, starting value_update
[DEBUG] train_step 32000: value_update done, starting policy_update
[DEBUG] train_step 32000: policy_update done
[DEBUG] train_step 32050: starting episode collection
[DEBUG] train_step 32050: episodes collected, starting value_update
[DEBUG] train_step 32050: value_update done, starting policy_update
[DEBUG] train_step 32050: policy_update done
[step 32100] value_loss=6.600747 policy_loss=0.110214
[step 32100] VALUE_DEBUG: target(mean=-45.58 std=6.77 min=-60.10 max=-27.73) V(s)(mean=-45.43 std=6.26) reward(mean=-0.271 std=2.615) clip=100.0
[DEBUG] train_step 32100: starting episode collection
[DEBUG] train_step 32100: episodes collected, starting value_update
[DEBUG] train_step 32100: value_update done, starting policy_update
[DEBUG] train_step 32100: policy_update done
[DEBUG] train_step 32150: starting episode collection
[DEBUG] train_step 32150: episodes collected, starting value_update
[DEBUG] train_step 32150: value_update done, starting policy_update
[DEBUG] train_step 32150: policy_update done
[step 32200] value_loss=20.765022 policy_loss=0.519580
[step 32200] VALUE_DEBUG: target(mean=-45.24 std=8.44 min=-81.54 max=-26.76) V(s)(mean=-45.02 std=6.88) reward(mean=-1.129 std=10.379) clip=100.0
[DEBUG] train_step 32200: starting episode collection
[DEBUG] train_step 32200: episodes collected, starting value_update
[DEBUG] train_step 32200: value_update done, starting policy_update
[DEBUG] train_step 32200: policy_update done
[DEBUG] train_step 32250: starting episode collection
[DEBUG] train_step 32250: episodes collected, starting value_update
[DEBUG] train_step 32250: value_update done, starting policy_update
[DEBUG] train_step 32250: policy_update done
[step 32300] value_loss=16.755110 policy_loss=0.197190
[step 32300] VALUE_DEBUG: target(mean=-46.39 std=7.46 min=-81.54 max=-27.60) V(s)(mean=-46.01 std=6.01) reward(mean=-1.280 std=10.180) clip=100.0
[DEBUG] train_step 32300: starting episode collection
[DEBUG] train_step 32300: episodes collected, starting value_update
[DEBUG] train_step 32300: value_update done, starting policy_update
[DEBUG] train_step 32300: policy_update done
[DEBUG] train_step 32350: starting episode collection
[DEBUG] train_step 32350: episodes collected, starting value_update
[DEBUG] train_step 32350: value_update done, starting policy_update
[DEBUG] train_step 32350: policy_update done
[step 32400] value_loss=19.876055 policy_loss=-0.031525
[step 32400] VALUE_DEBUG: target(mean=-44.83 std=8.77 min=-81.49 max=-27.29) V(s)(mean=-44.50 std=7.51) reward(mean=-1.261 std=10.306) clip=100.0
[DEBUG] train_step 32400: starting episode collection
[DEBUG] train_step 32400: episodes collected, starting value_update
[DEBUG] train_step 32400: value_update done, starting policy_update
[DEBUG] train_step 32400: policy_update done
[DEBUG] train_step 32450: starting episode collection
[DEBUG] train_step 32450: episodes collected, starting value_update
[DEBUG] train_step 32450: value_update done, starting policy_update
[DEBUG] train_step 32450: policy_update done
[step 32500] value_loss=8.375840 policy_loss=0.630432
[step 32500] VALUE_DEBUG: target(mean=-45.68 std=7.06 min=-59.82 max=-28.62) V(s)(mean=-45.95 std=6.53) reward(mean=0.009 std=2.890) clip=100.0
[step 32500] eval_success_rate=0.060 eval_mean_score=46.780 eval_policy_mode=greedy [solved=3/50, score_range=18.00-81.00/81.0, initial=26.84]
[step 32500] PROGRESS: filled=48.08 violations=0.00 zero_cand=0.26
[step 32500] DEBUG: ep_len=80.3 ep_ret=-94.933 stop_prob=0.000 score_chg=18.9090
[DEBUG] train_step 32500: starting episode collection
[DEBUG] train_step 32500: episodes collected, starting value_update
[DEBUG] train_step 32500: value_update done, starting policy_update
[DEBUG] train_step 32500: policy_update done
[DEBUG] train_step 32550: starting episode collection
[DEBUG] train_step 32550: episodes collected, starting value_update
[DEBUG] train_step 32550: value_update done, starting policy_update
[DEBUG] train_step 32550: policy_update done
[step 32600] value_loss=5.547987 policy_loss=-0.343168
[step 32600] VALUE_DEBUG: target(mean=-46.34 std=5.69 min=-55.00 max=-29.16) V(s)(mean=-46.80 std=5.41) reward(mean=0.220 std=2.306) clip=100.0
[DEBUG] train_step 32600: starting episode collection
[DEBUG] train_step 32600: episodes collected, starting value_update
[DEBUG] train_step 32600: value_update done, starting policy_update
[DEBUG] train_step 32600: policy_update done
[DEBUG] train_step 32650: starting episode collection
[DEBUG] train_step 32650: episodes collected, starting value_update
[DEBUG] train_step 32650: value_update done, starting policy_update
[DEBUG] train_step 32650: policy_update done
[step 32700] value_loss=22.279608 policy_loss=0.357109
[step 32700] VALUE_DEBUG: target(mean=-44.59 std=8.84 min=-80.48 max=-26.10) V(s)(mean=-44.44 std=7.31) reward(mean=-1.102 std=10.371) clip=100.0
[DEBUG] train_step 32700: starting episode collection
[DEBUG] train_step 32700: episodes collected, starting value_update
[DEBUG] train_step 32700: value_update done, starting policy_update
[DEBUG] train_step 32700: policy_update done
[DEBUG] train_step 32750: starting episode collection
[DEBUG] train_step 32750: episodes collected, starting value_update
[DEBUG] train_step 32750: value_update done, starting policy_update
[DEBUG] train_step 32750: policy_update done
[step 32800] value_loss=22.203323 policy_loss=-0.264511
[step 32800] VALUE_DEBUG: target(mean=-44.64 std=8.66 min=-81.53 max=-27.21) V(s)(mean=-44.31 std=7.08) reward(mean=-1.151 std=10.453) clip=100.0
[DEBUG] train_step 32800: starting episode collection
[DEBUG] train_step 32800: episodes collected, starting value_update
[DEBUG] train_step 32800: value_update done, starting policy_update
[DEBUG] train_step 32800: policy_update done
[DEBUG] train_step 32850: starting episode collection
[DEBUG] train_step 32850: episodes collected, starting value_update
[DEBUG] train_step 32850: value_update done, starting policy_update
[DEBUG] train_step 32850: policy_update done
[step 32900] value_loss=22.899075 policy_loss=0.245105
[step 32900] VALUE_DEBUG: target(mean=-46.06 std=8.77 min=-81.62 max=-23.21) V(s)(mean=-45.29 std=6.97) reward(mean=-1.716 std=10.434) clip=100.0
[DEBUG] train_step 32900: starting episode collection
[DEBUG] train_step 32900: episodes collected, starting value_update
[DEBUG] train_step 32900: value_update done, starting policy_update
[DEBUG] train_step 32900: policy_update done
[DEBUG] train_step 32950: starting episode collection
[DEBUG] train_step 32950: episodes collected, starting value_update
[DEBUG] train_step 32950: value_update done, starting policy_update
[DEBUG] train_step 32950: policy_update done
[step 33000] value_loss=55.093822 policy_loss=0.456551
[step 33000] VALUE_DEBUG: target(mean=-46.89 std=10.20 min=-85.22 max=-25.79) V(s)(mean=-45.29 std=6.78) reward(mean=-3.127 std=14.873) clip=100.0
[step 33000] eval_success_rate=0.080 eval_mean_score=48.240 eval_policy_mode=greedy [solved=4/50, score_range=19.00-81.00/81.0, initial=26.84]
[step 33000] PROGRESS: filled=49.54 violations=0.00 zero_cand=0.26
[step 33000] DEBUG: ep_len=79.6 ep_ret=-91.702 stop_prob=0.000 score_chg=20.3070
[Checkpoint] Saved to checkpoints/rl_sudoku-9x9_seed0/rl_checkpoint_step_33000.pt
[DEBUG] train_step 33000: starting episode collection
[DEBUG] train_step 33000: episodes collected, starting value_update
[DEBUG] train_step 33000: value_update done, starting policy_update
[DEBUG] train_step 33000: policy_update done
[DEBUG] train_step 33050: starting episode collection
[DEBUG] train_step 33050: episodes collected, starting value_update
[DEBUG] train_step 33050: value_update done, starting policy_update
[DEBUG] train_step 33050: policy_update done
[step 33100] value_loss=21.676300 policy_loss=0.019637
[step 33100] VALUE_DEBUG: target(mean=-45.94 std=8.80 min=-81.56 max=-25.49) V(s)(mean=-45.39 std=7.16) reward(mean=-1.621 std=10.391) clip=100.0
[DEBUG] train_step 33100: starting episode collection
[DEBUG] train_step 33100: episodes collected, starting value_update
[DEBUG] train_step 33100: value_update done, starting policy_update
[DEBUG] train_step 33100: policy_update done
[DEBUG] train_step 33150: starting episode collection
[DEBUG] train_step 33150: episodes collected, starting value_update
[DEBUG] train_step 33150: value_update done, starting policy_update
[DEBUG] train_step 33150: policy_update done
[step 33200] value_loss=8.180062 policy_loss=0.241345
[step 33200] VALUE_DEBUG: target(mean=-45.02 std=8.05 min=-59.83 max=-23.84) V(s)(mean=-45.17 std=7.62) reward(mean=-0.039 std=2.886) clip=100.0
[DEBUG] train_step 33200: starting episode collection
[DEBUG] train_step 33200: episodes collected, starting value_update
[DEBUG] train_step 33200: value_update done, starting policy_update
[DEBUG] train_step 33200: policy_update done
[DEBUG] train_step 33250: starting episode collection
[DEBUG] train_step 33250: episodes collected, starting value_update
[DEBUG] train_step 33250: value_update done, starting policy_update
[DEBUG] train_step 33250: policy_update done
[step 33300] value_loss=27.262959 policy_loss=-0.095476
[step 33300] VALUE_DEBUG: target(mean=-46.81 std=8.76 min=-76.47 max=-28.87) V(s)(mean=-45.99 std=6.34) reward(mean=-2.703 std=13.449) clip=100.0
[DEBUG] train_step 33300: starting episode collection
[DEBUG] train_step 33300: episodes collected, starting value_update
[DEBUG] train_step 33300: value_update done, starting policy_update
[DEBUG] train_step 33300: policy_update done
[DEBUG] train_step 33350: starting episode collection
[DEBUG] train_step 33350: episodes collected, starting value_update
[DEBUG] train_step 33350: value_update done, starting policy_update
[DEBUG] train_step 33350: policy_update done
[step 33400] value_loss=20.662739 policy_loss=0.340961
[step 33400] VALUE_DEBUG: target(mean=-47.16 std=7.74 min=-81.39 max=-28.08) V(s)(mean=-46.40 std=5.85) reward(mean=-1.775 std=10.310) clip=100.0
[DEBUG] train_step 33400: starting episode collection
[DEBUG] train_step 33400: episodes collected, starting value_update
[DEBUG] train_step 33400: value_update done, starting policy_update
[DEBUG] train_step 33400: policy_update done
[DEBUG] train_step 33450: starting episode collection
[DEBUG] train_step 33450: episodes collected, starting value_update
[DEBUG] train_step 33450: value_update done, starting policy_update
[DEBUG] train_step 33450: policy_update done
[step 33500] value_loss=11.059994 policy_loss=-0.266097
[step 33500] VALUE_DEBUG: target(mean=-46.27 std=6.67 min=-65.07 max=-27.37) V(s)(mean=-46.37 std=5.76) reward(mean=-0.154 std=3.336) clip=100.0
[step 33500] eval_success_rate=0.040 eval_mean_score=46.640 eval_policy_mode=greedy [solved=2/50, score_range=18.00-81.00/81.0, initial=26.84]
[step 33500] PROGRESS: filled=48.04 violations=0.00 zero_cand=0.28
[step 33500] DEBUG: ep_len=79.9 ep_ret=-93.462 stop_prob=0.000 score_chg=18.7100
[DEBUG] train_step 33500: starting episode collection
[DEBUG] train_step 33500: episodes collected, starting value_update
[DEBUG] train_step 33500: value_update done, starting policy_update
[DEBUG] train_step 33500: policy_update done
[DEBUG] train_step 33550: starting episode collection
[DEBUG] train_step 33550: episodes collected, starting value_update
[DEBUG] train_step 33550: value_update done, starting policy_update
[DEBUG] train_step 33550: policy_update done
[step 33600] value_loss=18.009745 policy_loss=-0.019845
[step 33600] VALUE_DEBUG: target(mean=-44.96 std=8.42 min=-81.54 max=-29.74) V(s)(mean=-44.39 std=6.85) reward(mean=-1.374 std=10.235) clip=100.0
[DEBUG] train_step 33600: starting episode collection
[DEBUG] train_step 33600: episodes collected, starting value_update
[DEBUG] train_step 33600: value_update done, starting policy_update
[DEBUG] train_step 33600: policy_update done
[DEBUG] train_step 33650: starting episode collection
[DEBUG] train_step 33650: episodes collected, starting value_update
[DEBUG] train_step 33650: value_update done, starting policy_update
[DEBUG] train_step 33650: policy_update done
[step 33700] value_loss=50.463348 policy_loss=0.255267
[step 33700] VALUE_DEBUG: target(mean=-46.15 std=8.79 min=-58.79 max=1.19) V(s)(mean=-46.91 std=5.56) reward(mean=-0.317 std=3.061) clip=100.0
[DEBUG] train_step 33700: starting episode collection
[DEBUG] train_step 33700: episodes collected, starting value_update
[DEBUG] train_step 33700: value_update done, starting policy_update
[DEBUG] train_step 33700: policy_update done
[DEBUG] train_step 33750: starting episode collection
[DEBUG] train_step 33750: episodes collected, starting value_update
[DEBUG] train_step 33750: value_update done, starting policy_update
[DEBUG] train_step 33750: policy_update done
[step 33800] value_loss=27.882862 policy_loss=-0.502807
[step 33800] VALUE_DEBUG: target(mean=-46.94 std=7.79 min=-81.50 max=-31.54) V(s)(mean=-46.52 std=5.43) reward(mean=-1.389 std=10.695) clip=100.0
[DEBUG] train_step 33800: starting episode collection
[DEBUG] train_step 33800: episodes collected, starting value_update
[DEBUG] train_step 33800: value_update done, starting policy_update
[DEBUG] train_step 33800: policy_update done
[DEBUG] train_step 33850: starting episode collection
[DEBUG] train_step 33850: episodes collected, starting value_update
[DEBUG] train_step 33850: value_update done, starting policy_update
[DEBUG] train_step 33850: policy_update done
[step 33900] value_loss=21.194918 policy_loss=-0.165834
[step 33900] VALUE_DEBUG: target(mean=-45.72 std=8.81 min=-81.63 max=-25.07) V(s)(mean=-45.15 std=7.13) reward(mean=-1.449 std=10.384) clip=100.0
[DEBUG] train_step 33900: starting episode collection
[DEBUG] train_step 33900: episodes collected, starting value_update
[DEBUG] train_step 33900: value_update done, starting policy_update
[DEBUG] train_step 33900: policy_update done
[DEBUG] train_step 33950: starting episode collection
[DEBUG] train_step 33950: episodes collected, starting value_update
[DEBUG] train_step 33950: value_update done, starting policy_update
[DEBUG] train_step 33950: policy_update done
[step 34000] value_loss=24.290380 policy_loss=-0.443194
[step 34000] VALUE_DEBUG: target(mean=-46.17 std=8.26 min=-81.19 max=-29.54) V(s)(mean=-45.64 std=6.19) reward(mean=-1.473 std=10.501) clip=100.0
[step 34000] eval_success_rate=0.060 eval_mean_score=49.000 eval_policy_mode=greedy [solved=3/50, score_range=18.00-81.00/81.0, initial=26.84]
[step 34000] PROGRESS: filled=50.60 violations=0.00 zero_cand=0.32
[step 34000] DEBUG: ep_len=80.0 ep_ret=-94.012 stop_prob=0.000 score_chg=18.8960
[Checkpoint] Saved to checkpoints/rl_sudoku-9x9_seed0/rl_checkpoint_step_34000.pt
[DEBUG] train_step 34000: starting episode collection
[DEBUG] train_step 34000: episodes collected, starting value_update
[DEBUG] train_step 34000: value_update done, starting policy_update
[DEBUG] train_step 34000: policy_update done
[DEBUG] train_step 34050: starting episode collection
[DEBUG] train_step 34050: episodes collected, starting value_update
[DEBUG] train_step 34050: value_update done, starting policy_update
[DEBUG] train_step 34050: policy_update done
[step 34100] value_loss=42.332851 policy_loss=-0.475915
[step 34100] VALUE_DEBUG: target(mean=-46.37 std=9.87 min=-81.43 max=-27.28) V(s)(mean=-45.41 std=7.13) reward(mean=-2.645 std=14.435) clip=100.0
[DEBUG] train_step 34100: starting episode collection
[DEBUG] train_step 34100: episodes collected, starting value_update
[DEBUG] train_step 34100: value_update done, starting policy_update
[DEBUG] train_step 34100: policy_update done
[DEBUG] train_step 34150: starting episode collection
[DEBUG] train_step 34150: episodes collected, starting value_update
[DEBUG] train_step 34150: value_update done, starting policy_update
[DEBUG] train_step 34150: policy_update done
[step 34200] value_loss=23.941038 policy_loss=0.221772
[step 34200] VALUE_DEBUG: target(mean=-46.18 std=7.47 min=-81.30 max=-31.79) V(s)(mean=-45.98 std=5.42) reward(mean=-1.117 std=10.519) clip=100.0
[DEBUG] train_step 34200: starting episode collection
[DEBUG] train_step 34200: episodes collected, starting value_update
[DEBUG] train_step 34200: value_update done, starting policy_update
[DEBUG] train_step 34200: policy_update done
[DEBUG] train_step 34250: starting episode collection
[DEBUG] train_step 34250: episodes collected, starting value_update
[DEBUG] train_step 34250: value_update done, starting policy_update
[DEBUG] train_step 34250: policy_update done
[step 34300] value_loss=5.460602 policy_loss=-0.632778
[step 34300] VALUE_DEBUG: target(mean=-46.12 std=6.37 min=-59.81 max=-29.10) V(s)(mean=-46.08 std=5.87) reward(mean=-0.252 std=2.368) clip=100.0
[DEBUG] train_step 34300: starting episode collection
[DEBUG] train_step 34300: episodes collected, starting value_update
[DEBUG] train_step 34300: value_update done, starting policy_update
[DEBUG] train_step 34300: policy_update done
[DEBUG] train_step 34350: starting episode collection
[DEBUG] train_step 34350: episodes collected, starting value_update
[DEBUG] train_step 34350: value_update done, starting policy_update
[DEBUG] train_step 34350: policy_update done
[step 34400] value_loss=35.841541 policy_loss=0.332722
[step 34400] VALUE_DEBUG: target(mean=-47.31 std=9.34 min=-86.49 max=-26.30) V(s)(mean=-45.99 std=6.59) reward(mean=-2.293 std=11.292) clip=100.0
[DEBUG] train_step 34400: starting episode collection
[DEBUG] train_step 34400: episodes collected, starting value_update
[DEBUG] train_step 34400: value_update done, starting policy_update
[DEBUG] train_step 34400: policy_update done
[DEBUG] train_step 34450: starting episode collection
[DEBUG] train_step 34450: episodes collected, starting value_update
[DEBUG] train_step 34450: value_update done, starting policy_update
[DEBUG] train_step 34450: policy_update done
[step 34500] value_loss=55.762558 policy_loss=-0.549150
[step 34500] VALUE_DEBUG: target(mean=-47.09 std=10.88 min=-81.56 max=-26.44) V(s)(mean=-45.04 std=6.96) reward(mean=-5.325 std=19.117) clip=100.0
[step 34500] eval_success_rate=0.060 eval_mean_score=50.560 eval_policy_mode=greedy [solved=3/50, score_range=18.00-81.00/81.0, initial=26.84]
[step 34500] PROGRESS: filled=52.06 violations=0.00 zero_cand=0.30
[step 34500] DEBUG: ep_len=80.1 ep_ret=-94.086 stop_prob=0.000 score_chg=19.4270
[DEBUG] train_step 34500: starting episode collection
[DEBUG] train_step 34500: episodes collected, starting value_update
[DEBUG] train_step 34500: value_update done, starting policy_update
[DEBUG] train_step 34500: policy_update done
[DEBUG] train_step 34550: starting episode collection
[DEBUG] train_step 34550: episodes collected, starting value_update
[DEBUG] train_step 34550: value_update done, starting policy_update
[DEBUG] train_step 34550: policy_update done
[step 34600] value_loss=62.828968 policy_loss=-0.122691
[step 34600] VALUE_DEBUG: target(mean=-48.50 std=10.08 min=-86.38 max=-25.83) V(s)(mean=-47.11 std=5.69) reward(mean=-3.988 std=17.787) clip=100.0
[DEBUG] train_step 34600: starting episode collection
[DEBUG] train_step 34600: episodes collected, starting value_update
[DEBUG] train_step 34600: value_update done, starting policy_update
[DEBUG] train_step 34600: policy_update done
[DEBUG] train_step 34650: starting episode collection
[DEBUG] train_step 34650: episodes collected, starting value_update
[DEBUG] train_step 34650: value_update done, starting policy_update
[DEBUG] train_step 34650: policy_update done
[step 34700] value_loss=26.223785 policy_loss=0.502205
[step 34700] VALUE_DEBUG: target(mean=-46.64 std=9.41 min=-81.41 max=-27.09) V(s)(mean=-45.41 std=7.01) reward(mean=-2.188 std=10.518) clip=100.0
[DEBUG] train_step 34700: starting episode collection
[DEBUG] train_step 34700: episodes collected, starting value_update
[DEBUG] train_step 34700: value_update done, starting policy_update
[DEBUG] train_step 34700: policy_update done
[DEBUG] train_step 34750: starting episode collection
[DEBUG] train_step 34750: episodes collected, starting value_update
[DEBUG] train_step 34750: value_update done, starting policy_update
[DEBUG] train_step 34750: policy_update done
[step 34800] value_loss=26.803061 policy_loss=0.486045
[step 34800] VALUE_DEBUG: target(mean=-45.82 std=8.05 min=-81.49 max=-30.32) V(s)(mean=-46.04 std=6.09) reward(mean=-0.833 std=10.673) clip=100.0
[DEBUG] train_step 34800: starting episode collection
[DEBUG] train_step 34800: episodes collected, starting value_update
[DEBUG] train_step 34800: value_update done, starting policy_update
[DEBUG] train_step 34800: policy_update done
[DEBUG] train_step 34850: starting episode collection
[DEBUG] train_step 34850: episodes collected, starting value_update
[DEBUG] train_step 34850: value_update done, starting policy_update
[DEBUG] train_step 34850: policy_update done
[step 34900] value_loss=7.223661 policy_loss=0.709247
[step 34900] VALUE_DEBUG: target(mean=-46.50 std=6.96 min=-64.92 max=-25.83) V(s)(mean=-46.19 std=6.11) reward(mean=-0.602 std=2.742) clip=100.0
[DEBUG] train_step 34900: starting episode collection
[DEBUG] train_step 34900: episodes collected, starting value_update
[DEBUG] train_step 34900: value_update done, starting policy_update
[DEBUG] train_step 34900: policy_update done
[DEBUG] train_step 34950: starting episode collection
[DEBUG] train_step 34950: episodes collected, starting value_update
[DEBUG] train_step 34950: value_update done, starting policy_update
[DEBUG] train_step 34950: policy_update done
[step 35000] value_loss=49.560684 policy_loss=-0.902013
[step 35000] VALUE_DEBUG: target(mean=-47.27 std=9.97 min=-81.60 max=-27.83) V(s)(mean=-45.68 std=6.33) reward(mean=-4.182 std=17.235) clip=100.0
[step 35000] eval_success_rate=0.060 eval_mean_score=49.100 eval_policy_mode=greedy [solved=3/50, score_range=18.00-81.00/81.0, initial=26.84]
[step 35000] PROGRESS: filled=51.10 violations=0.00 zero_cand=0.40
[step 35000] DEBUG: ep_len=80.0 ep_ret=-93.659 stop_prob=0.000 score_chg=19.6550
[Checkpoint] Saved to checkpoints/rl_sudoku-9x9_seed0/rl_checkpoint_step_35000.pt
[DEBUG] train_step 35000: starting episode collection
[DEBUG] train_step 35000: episodes collected, starting value_update
[DEBUG] train_step 35000: value_update done, starting policy_update
[DEBUG] train_step 35000: policy_update done
[DEBUG] train_step 35050: starting episode collection
[DEBUG] train_step 35050: episodes collected, starting value_update
[DEBUG] train_step 35050: value_update done, starting policy_update
[DEBUG] train_step 35050: policy_update done
[step 35100] value_loss=5.689812 policy_loss=-0.321516
[step 35100] VALUE_DEBUG: target(mean=-45.38 std=6.92 min=-64.95 max=-27.86) V(s)(mean=-45.61 std=6.45) reward(mean=-0.052 std=2.402) clip=100.0
[DEBUG] train_step 35100: starting episode collection
[DEBUG] train_step 35100: episodes collected, starting value_update
[DEBUG] train_step 35100: value_update done, starting policy_update
[DEBUG] train_step 35100: policy_update done
[DEBUG] train_step 35150: starting episode collection
[DEBUG] train_step 35150: episodes collected, starting value_update
[DEBUG] train_step 35150: value_update done, starting policy_update
[DEBUG] train_step 35150: policy_update done
[step 35200] value_loss=11.140463 policy_loss=-0.358902
[step 35200] VALUE_DEBUG: target(mean=-45.57 std=7.25 min=-60.04 max=-26.21) V(s)(mean=-45.48 std=6.55) reward(mean=-0.269 std=3.318) clip=100.0
[DEBUG] train_step 35200: starting episode collection
[DEBUG] train_step 35200: episodes collected, starting value_update
[DEBUG] train_step 35200: value_update done, starting policy_update
[DEBUG] train_step 35200: policy_update done
[DEBUG] train_step 35250: starting episode collection
[DEBUG] train_step 35250: episodes collected, starting value_update
[DEBUG] train_step 35250: value_update done, starting policy_update
[DEBUG] train_step 35250: policy_update done
[step 35300] value_loss=4.179496 policy_loss=-0.668941
[step 35300] VALUE_DEBUG: target(mean=-45.63 std=7.46 min=-59.77 max=-22.99) V(s)(mean=-45.51 std=7.12) reward(mean=-0.269 std=2.114) clip=100.0
[DEBUG] train_step 35300: starting episode collection
[DEBUG] train_step 35300: episodes collected, starting value_update
[DEBUG] train_step 35300: value_update done, starting policy_update
[DEBUG] train_step 35300: policy_update done
[DEBUG] train_step 35350: starting episode collection
[DEBUG] train_step 35350: episodes collected, starting value_update
[DEBUG] train_step 35350: value_update done, starting policy_update
[DEBUG] train_step 35350: policy_update done
[step 35400] value_loss=29.000353 policy_loss=-0.329527
[step 35400] VALUE_DEBUG: target(mean=-45.91 std=8.22 min=-80.29 max=-28.74) V(s)(mean=-45.58 std=6.24) reward(mean=-1.181 std=10.570) clip=100.0
[DEBUG] train_step 35400: starting episode collection
[DEBUG] train_step 35400: episodes collected, starting value_update
[DEBUG] train_step 35400: value_update done, starting policy_update
[DEBUG] train_step 35400: policy_update done
[DEBUG] train_step 35450: starting episode collection
[DEBUG] train_step 35450: episodes collected, starting value_update
[DEBUG] train_step 35450: value_update done, starting policy_update
[DEBUG] train_step 35450: policy_update done
[step 35500] value_loss=14.063407 policy_loss=-0.682483
[step 35500] VALUE_DEBUG: target(mean=-44.81 std=7.65 min=-60.02 max=-25.60) V(s)(mean=-45.22 std=7.12) reward(mean=0.321 std=3.708) clip=100.0
[step 35500] eval_success_rate=0.060 eval_mean_score=47.700 eval_policy_mode=greedy [solved=3/50, score_range=18.00-81.00/81.0, initial=26.84]
[step 35500] PROGRESS: filled=49.90 violations=0.00 zero_cand=0.44
[step 35500] DEBUG: ep_len=79.8 ep_ret=-93.579 stop_prob=0.000 score_chg=19.5020
[DEBUG] train_step 35500: starting episode collection
[DEBUG] train_step 35500: episodes collected, starting value_update
[DEBUG] train_step 35500: value_update done, starting policy_update
[DEBUG] train_step 35500: policy_update done
[DEBUG] train_step 35550: starting episode collection
[DEBUG] train_step 35550: episodes collected, starting value_update
[DEBUG] train_step 35550: value_update done, starting policy_update
[DEBUG] train_step 35550: policy_update done
[step 35600] value_loss=42.344635 policy_loss=0.051887
[step 35600] VALUE_DEBUG: target(mean=-46.51 std=9.70 min=-85.48 max=-26.73) V(s)(mean=-45.39 std=6.53) reward(mean=-2.814 std=14.736) clip=100.0
[DEBUG] train_step 35600: starting episode collection
[DEBUG] train_step 35600: episodes collected, starting value_update
[DEBUG] train_step 35600: value_update done, starting policy_update
[DEBUG] train_step 35600: policy_update done
[DEBUG] train_step 35650: starting episode collection
[DEBUG] train_step 35650: episodes collected, starting value_update
[DEBUG] train_step 35650: value_update done, starting policy_update
[DEBUG] train_step 35650: policy_update done
[step 35700] value_loss=10.475272 policy_loss=-0.049747
[step 35700] VALUE_DEBUG: target(mean=-46.03 std=7.64 min=-64.76 max=-26.52) V(s)(mean=-45.60 std=6.59) reward(mean=-0.652 std=3.288) clip=100.0
[DEBUG] train_step 35700: starting episode collection
[DEBUG] train_step 35700: episodes collected, starting value_update
[DEBUG] train_step 35700: value_update done, starting policy_update
[DEBUG] train_step 35700: policy_update done
[DEBUG] train_step 35750: starting episode collection
[DEBUG] train_step 35750: episodes collected, starting value_update
[DEBUG] train_step 35750: value_update done, starting policy_update
[DEBUG] train_step 35750: policy_update done
[step 35800] value_loss=31.366266 policy_loss=0.372091
[step 35800] VALUE_DEBUG: target(mean=-47.52 std=8.70 min=-81.68 max=-26.35) V(s)(mean=-46.48 std=6.14) reward(mean=-2.842 std=13.603) clip=100.0
[DEBUG] train_step 35800: starting episode collection
[DEBUG] train_step 35800: episodes collected, starting value_update
[DEBUG] train_step 35800: value_update done, starting policy_update
[DEBUG] train_step 35800: policy_update done
[DEBUG] train_step 35850: starting episode collection
[DEBUG] train_step 35850: episodes collected, starting value_update
[DEBUG] train_step 35850: value_update done, starting policy_update
[DEBUG] train_step 35850: policy_update done
[step 35900] value_loss=57.129230 policy_loss=-0.299134
[step 35900] VALUE_DEBUG: target(mean=-45.85 std=10.40 min=-81.55 max=-28.38) V(s)(mean=-45.35 std=6.79) reward(mean=-2.942 std=17.461) clip=100.0
[DEBUG] train_step 35900: starting episode collection
[DEBUG] train_step 35900: episodes collected, starting value_update
[DEBUG] train_step 35900: value_update done, starting policy_update
[DEBUG] train_step 35900: policy_update done
[DEBUG] train_step 35950: starting episode collection
[DEBUG] train_step 35950: episodes collected, starting value_update
[DEBUG] train_step 35950: value_update done, starting policy_update
[DEBUG] train_step 35950: policy_update done
[step 36000] value_loss=7.370526 policy_loss=0.292425
[step 36000] VALUE_DEBUG: target(mean=-45.80 std=6.91 min=-59.97 max=-22.89) V(s)(mean=-45.92 std=6.35) reward(mean=-0.052 std=2.738) clip=100.0
[step 36000] eval_success_rate=0.060 eval_mean_score=48.680 eval_policy_mode=greedy [solved=3/50, score_range=18.00-81.00/81.0, initial=26.84]
[step 36000] PROGRESS: filled=51.08 violations=0.00 zero_cand=0.48
[step 36000] DEBUG: ep_len=80.1 ep_ret=-93.901 stop_prob=0.000 score_chg=19.4960
[Checkpoint] Saved to checkpoints/rl_sudoku-9x9_seed0/rl_checkpoint_step_36000.pt
[DEBUG] train_step 36000: starting episode collection
[DEBUG] train_step 36000: episodes collected, starting value_update
[DEBUG] train_step 36000: value_update done, starting policy_update
[DEBUG] train_step 36000: policy_update done
[DEBUG] train_step 36050: starting episode collection
[DEBUG] train_step 36050: episodes collected, starting value_update
[DEBUG] train_step 36050: value_update done, starting policy_update
[DEBUG] train_step 36050: policy_update done
[step 36100] value_loss=26.648209 policy_loss=-0.565496
[step 36100] VALUE_DEBUG: target(mean=-47.75 std=7.85 min=-86.48 max=-25.42) V(s)(mean=-47.04 std=5.88) reward(mean=-1.625 std=10.966) clip=100.0
[DEBUG] train_step 36100: starting episode collection
[DEBUG] train_step 36100: episodes collected, starting value_update
[DEBUG] train_step 36100: value_update done, starting policy_update
[DEBUG] train_step 36100: policy_update done
[DEBUG] train_step 36150: starting episode collection
[DEBUG] train_step 36150: episodes collected, starting value_update
[DEBUG] train_step 36150: value_update done, starting policy_update
[DEBUG] train_step 36150: policy_update done
[step 36200] value_loss=5.366976 policy_loss=0.028516
[step 36200] VALUE_DEBUG: target(mean=-44.99 std=6.94 min=-58.88 max=-26.42) V(s)(mean=-44.93 std=6.57) reward(mean=-0.194 std=2.359) clip=100.0
[DEBUG] train_step 36200: starting episode collection
[DEBUG] train_step 36200: episodes collected, starting value_update
[DEBUG] train_step 36200: value_update done, starting policy_update
[DEBUG] train_step 36200: policy_update done
[DEBUG] train_step 36250: starting episode collection
[DEBUG] train_step 36250: episodes collected, starting value_update
[DEBUG] train_step 36250: value_update done, starting policy_update
[DEBUG] train_step 36250: policy_update done
[step 36300] value_loss=16.123619 policy_loss=0.055118
[step 36300] VALUE_DEBUG: target(mean=-45.55 std=8.62 min=-76.47 max=-24.31) V(s)(mean=-44.94 std=7.44) reward(mean=-1.524 std=9.725) clip=100.0
[DEBUG] train_step 36300: starting episode collection
[DEBUG] train_step 36300: episodes collected, starting value_update
[DEBUG] train_step 36300: value_update done, starting policy_update
[DEBUG] train_step 36300: policy_update done
[DEBUG] train_step 36350: starting episode collection
[DEBUG] train_step 36350: episodes collected, starting value_update
[DEBUG] train_step 36350: value_update done, starting policy_update
[DEBUG] train_step 36350: policy_update done
[step 36400] value_loss=26.404604 policy_loss=-0.780339
[step 36400] VALUE_DEBUG: target(mean=-45.46 std=9.27 min=-81.56 max=-25.95) V(s)(mean=-44.59 std=7.24) reward(mean=-1.745 std=10.591) clip=100.0
[DEBUG] train_step 36400: starting episode collection
[DEBUG] train_step 36400: episodes collected, starting value_update
[DEBUG] train_step 36400: value_update done, starting policy_update
[DEBUG] train_step 36400: policy_update done
[DEBUG] train_step 36450: starting episode collection
[DEBUG] train_step 36450: episodes collected, starting value_update
[DEBUG] train_step 36450: value_update done, starting policy_update
[DEBUG] train_step 36450: policy_update done
[step 36500] value_loss=24.965214 policy_loss=-0.548226
[step 36500] VALUE_DEBUG: target(mean=-45.34 std=9.04 min=-81.40 max=-24.53) V(s)(mean=-45.27 std=7.56) reward(mean=-0.972 std=10.582) clip=100.0
[step 36500] eval_success_rate=0.060 eval_mean_score=48.420 eval_policy_mode=greedy [solved=3/50, score_range=18.00-81.00/81.0, initial=26.84]
[step 36500] PROGRESS: filled=50.52 violations=0.00 zero_cand=0.42
[step 36500] DEBUG: ep_len=80.0 ep_ret=-93.821 stop_prob=0.000 score_chg=19.2480
[DEBUG] train_step 36500: starting episode collection
[DEBUG] train_step 36500: episodes collected, starting value_update
[DEBUG] train_step 36500: value_update done, starting policy_update
[DEBUG] train_step 36500: policy_update done
[DEBUG] train_step 36550: starting episode collection
[DEBUG] train_step 36550: episodes collected, starting value_update
[DEBUG] train_step 36550: value_update done, starting policy_update
[DEBUG] train_step 36550: policy_update done
[step 36600] value_loss=20.742937 policy_loss=0.509367
[step 36600] VALUE_DEBUG: target(mean=-46.39 std=8.74 min=-80.59 max=-22.73) V(s)(mean=-45.59 std=6.96) reward(mean=-1.735 std=10.257) clip=100.0
[DEBUG] train_step 36600: starting episode collection
[DEBUG] train_step 36600: episodes collected, starting value_update
[DEBUG] train_step 36600: value_update done, starting policy_update
[DEBUG] train_step 36600: policy_update done
[DEBUG] train_step 36650: starting episode collection
[DEBUG] train_step 36650: episodes collected, starting value_update
[DEBUG] train_step 36650: value_update done, starting policy_update
[DEBUG] train_step 36650: policy_update done
[step 36700] value_loss=5.614665 policy_loss=0.355960
[step 36700] VALUE_DEBUG: target(mean=-46.88 std=6.59 min=-60.18 max=-30.29) V(s)(mean=-46.36 std=5.90) reward(mean=-0.727 std=2.409) clip=100.0
[DEBUG] train_step 36700: starting episode collection
[DEBUG] train_step 36700: episodes collected, starting value_update
[DEBUG] train_step 36700: value_update done, starting policy_update
[DEBUG] train_step 36700: policy_update done
[DEBUG] train_step 36750: starting episode collection
[DEBUG] train_step 36750: episodes collected, starting value_update
[DEBUG] train_step 36750: value_update done, starting policy_update
[DEBUG] train_step 36750: policy_update done
[step 36800] value_loss=12.554423 policy_loss=0.145577
[step 36800] VALUE_DEBUG: target(mean=-45.69 std=6.85 min=-64.80 max=-29.59) V(s)(mean=-45.63 std=6.10) reward(mean=-0.198 std=3.552) clip=100.0
[DEBUG] train_step 36800: starting episode collection
[DEBUG] train_step 36800: episodes collected, starting value_update
[DEBUG] train_step 36800: value_update done, starting policy_update
[DEBUG] train_step 36800: policy_update done
[DEBUG] train_step 36850: starting episode collection
[DEBUG] train_step 36850: episodes collected, starting value_update
[DEBUG] train_step 36850: value_update done, starting policy_update
[DEBUG] train_step 36850: policy_update done
[step 36900] value_loss=1.923121 policy_loss=0.455241
[step 36900] VALUE_DEBUG: target(mean=-45.89 std=6.41 min=-55.09 max=-27.97) V(s)(mean=-45.84 std=6.24) reward(mean=-0.145 std=1.469) clip=100.0
[DEBUG] train_step 36900: starting episode collection
[DEBUG] train_step 36900: episodes collected, starting value_update
[DEBUG] train_step 36900: value_update done, starting policy_update
[DEBUG] train_step 36900: policy_update done
[DEBUG] train_step 36950: starting episode collection
[DEBUG] train_step 36950: episodes collected, starting value_update
[DEBUG] train_step 36950: value_update done, starting policy_update
[DEBUG] train_step 36950: policy_update done
[step 37000] value_loss=5.273418 policy_loss=0.479345
[step 37000] VALUE_DEBUG: target(mean=-46.63 std=6.14 min=-58.89 max=-29.06) V(s)(mean=-46.68 std=5.74) reward(mean=-0.156 std=2.328) clip=100.0
[step 37000] eval_success_rate=0.040 eval_mean_score=49.960 eval_policy_mode=greedy [solved=2/50, score_range=18.00-81.00/81.0, initial=26.84]
[step 37000] PROGRESS: filled=51.76 violations=0.00 zero_cand=0.36
[step 37000] DEBUG: ep_len=79.7 ep_ret=-92.743 stop_prob=0.000 score_chg=19.9930
[Checkpoint] Saved to checkpoints/rl_sudoku-9x9_seed0/rl_checkpoint_step_37000.pt
[DEBUG] train_step 37000: starting episode collection
[DEBUG] train_step 37000: episodes collected, starting value_update
[DEBUG] train_step 37000: value_update done, starting policy_update
[DEBUG] train_step 37000: policy_update done
[DEBUG] train_step 37050: starting episode collection
[DEBUG] train_step 37050: episodes collected, starting value_update
[DEBUG] train_step 37050: value_update done, starting policy_update
[DEBUG] train_step 37050: policy_update done
[step 37100] value_loss=31.533846 policy_loss=-0.083111
[step 37100] VALUE_DEBUG: target(mean=-46.73 std=8.52 min=-86.39 max=-29.52) V(s)(mean=-45.88 std=5.90) reward(mean=-1.819 std=11.163) clip=100.0
[DEBUG] train_step 37100: starting episode collection
[DEBUG] train_step 37100: episodes collected, starting value_update
[DEBUG] train_step 37100: value_update done, starting policy_update
[DEBUG] train_step 37100: policy_update done
[DEBUG] train_step 37150: starting episode collection
[DEBUG] train_step 37150: episodes collected, starting value_update
[DEBUG] train_step 37150: value_update done, starting policy_update
[DEBUG] train_step 37150: policy_update done
[step 37200] value_loss=4.065818 policy_loss=-0.145248
[step 37200] VALUE_DEBUG: target(mean=-46.35 std=7.03 min=-59.76 max=-25.29) V(s)(mean=-46.01 std=6.53) reward(mean=-0.515 std=2.097) clip=100.0
[DEBUG] train_step 37200: starting episode collection
[DEBUG] train_step 37200: episodes collected, starting value_update
[DEBUG] train_step 37200: value_update done, starting policy_update
[DEBUG] train_step 37200: policy_update done
[DEBUG] train_step 37250: starting episode collection
[DEBUG] train_step 37250: episodes collected, starting value_update
[DEBUG] train_step 37250: value_update done, starting policy_update
[DEBUG] train_step 37250: policy_update done
[step 37300] value_loss=6.233244 policy_loss=-0.365344
[step 37300] VALUE_DEBUG: target(mean=-45.06 std=8.01 min=-59.01 max=-26.23) V(s)(mean=-44.35 std=7.29) reward(mean=-0.879 std=2.510) clip=100.0
[DEBUG] train_step 37300: starting episode collection
[DEBUG] train_step 37300: episodes collected, starting value_update
[DEBUG] train_step 37300: value_update done, starting policy_update
[DEBUG] train_step 37300: policy_update done
[DEBUG] train_step 37350: starting episode collection
[DEBUG] train_step 37350: episodes collected, starting value_update
[DEBUG] train_step 37350: value_update done, starting policy_update
[DEBUG] train_step 37350: policy_update done
[step 37400] value_loss=5.841368 policy_loss=0.432562
[step 37400] VALUE_DEBUG: target(mean=-43.58 std=7.51 min=-60.09 max=-25.83) V(s)(mean=-44.11 std=7.38) reward(mean=0.322 std=2.332) clip=100.0
[DEBUG] train_step 37400: starting episode collection
[DEBUG] train_step 37400: episodes collected, starting value_update
[DEBUG] train_step 37400: value_update done, starting policy_update
[DEBUG] train_step 37400: policy_update done
[DEBUG] train_step 37450: starting episode collection
[DEBUG] train_step 37450: episodes collected, starting value_update
[DEBUG] train_step 37450: value_update done, starting policy_update
[DEBUG] train_step 37450: policy_update done
[step 37500] value_loss=11.640059 policy_loss=0.484813
[step 37500] VALUE_DEBUG: target(mean=-45.71 std=8.22 min=-71.51 max=-25.88) V(s)(mean=-45.32 std=7.14) reward(mean=-1.411 std=9.092) clip=100.0
[step 37500] eval_success_rate=0.040 eval_mean_score=51.860 eval_policy_mode=greedy [solved=2/50, score_range=18.00-81.00/81.0, initial=26.84]
[step 37500] PROGRESS: filled=52.86 violations=0.00 zero_cand=0.20
[step 37500] DEBUG: ep_len=79.9 ep_ret=-93.817 stop_prob=0.000 score_chg=19.6370
[DEBUG] train_step 37500: starting episode collection
[DEBUG] train_step 37500: episodes collected, starting value_update
[DEBUG] train_step 37500: value_update done, starting policy_update
[DEBUG] train_step 37500: policy_update done
[DEBUG] train_step 37550: starting episode collection
[DEBUG] train_step 37550: episodes collected, starting value_update
[DEBUG] train_step 37550: value_update done, starting policy_update
[DEBUG] train_step 37550: policy_update done
[step 37600] value_loss=5.010518 policy_loss=-0.379388
[step 37600] VALUE_DEBUG: target(mean=-45.03 std=6.83 min=-56.65 max=-29.08) V(s)(mean=-45.34 std=6.75) reward(mean=0.177 std=2.232) clip=100.0
[DEBUG] train_step 37600: starting episode collection
[DEBUG] train_step 37600: episodes collected, starting value_update
[DEBUG] train_step 37600: value_update done, starting policy_update
[DEBUG] train_step 37600: policy_update done
[DEBUG] train_step 37650: starting episode collection
[DEBUG] train_step 37650: episodes collected, starting value_update
[DEBUG] train_step 37650: value_update done, starting policy_update
[DEBUG] train_step 37650: policy_update done
[step 37700] value_loss=57.422264 policy_loss=0.472324
[step 37700] VALUE_DEBUG: target(mean=-47.02 std=10.10 min=-85.35 max=-28.07) V(s)(mean=-46.16 std=6.22) reward(mean=-2.535 std=15.283) clip=100.0
[DEBUG] train_step 37700: starting episode collection
[DEBUG] train_step 37700: episodes collected, starting value_update
[DEBUG] train_step 37700: value_update done, starting policy_update
[DEBUG] train_step 37700: policy_update done
[DEBUG] train_step 37750: starting episode collection
[DEBUG] train_step 37750: episodes collected, starting value_update
[DEBUG] train_step 37750: value_update done, starting policy_update
[DEBUG] train_step 37750: policy_update done
[step 37800] value_loss=40.405464 policy_loss=0.066165
[step 37800] VALUE_DEBUG: target(mean=-48.32 std=8.88 min=-85.47 max=-24.79) V(s)(mean=-47.11 std=5.74) reward(mean=-3.065 std=14.627) clip=100.0
[DEBUG] train_step 37800: starting episode collection
[DEBUG] train_step 37800: episodes collected, starting value_update
[DEBUG] train_step 37800: value_update done, starting policy_update
[DEBUG] train_step 37800: policy_update done
[DEBUG] train_step 37850: starting episode collection
[DEBUG] train_step 37850: episodes collected, starting value_update
[DEBUG] train_step 37850: value_update done, starting policy_update
[DEBUG] train_step 37850: policy_update done
[step 37900] value_loss=5.883746 policy_loss=-0.666257
[step 37900] VALUE_DEBUG: target(mean=-45.84 std=7.23 min=-59.95 max=-27.21) V(s)(mean=-45.82 std=6.63) reward(mean=-0.171 std=2.515) clip=100.0
[DEBUG] train_step 37900: starting episode collection
[DEBUG] train_step 37900: episodes collected, starting value_update
[DEBUG] train_step 37900: value_update done, starting policy_update
[DEBUG] train_step 37900: policy_update done
[DEBUG] train_step 37950: starting episode collection
[DEBUG] train_step 37950: episodes collected, starting value_update
[DEBUG] train_step 37950: value_update done, starting policy_update
[DEBUG] train_step 37950: policy_update done
[step 38000] value_loss=34.632355 policy_loss=0.238056
[step 38000] VALUE_DEBUG: target(mean=-45.02 std=9.95 min=-91.39 max=-25.68) V(s)(mean=-44.24 std=7.37) reward(mean=-1.709 std=11.647) clip=100.0
[step 38000] eval_success_rate=0.020 eval_mean_score=50.180 eval_policy_mode=greedy [solved=1/50, score_range=18.00-81.00/81.0, initial=26.84]
[step 38000] PROGRESS: filled=51.38 violations=0.00 zero_cand=0.24
[step 38000] DEBUG: ep_len=79.8 ep_ret=-92.451 stop_prob=0.000 score_chg=20.5830
[Checkpoint] Saved to checkpoints/rl_sudoku-9x9_seed0/rl_checkpoint_step_38000.pt
[DEBUG] train_step 38000: starting episode collection
[DEBUG] train_step 38000: episodes collected, starting value_update
[DEBUG] train_step 38000: value_update done, starting policy_update
[DEBUG] train_step 38000: policy_update done
[DEBUG] train_step 38050: starting episode collection
[DEBUG] train_step 38050: episodes collected, starting value_update
[DEBUG] train_step 38050: value_update done, starting policy_update
[DEBUG] train_step 38050: policy_update done
[step 38100] value_loss=13.409689 policy_loss=-0.637853
[step 38100] VALUE_DEBUG: target(mean=-46.17 std=7.62 min=-69.82 max=-28.75) V(s)(mean=-45.76 std=6.41) reward(mean=-0.580 std=3.707) clip=100.0
[DEBUG] train_step 38100: starting episode collection
[DEBUG] train_step 38100: episodes collected, starting value_update
[DEBUG] train_step 38100: value_update done, starting policy_update
[DEBUG] train_step 38100: policy_update done
[DEBUG] train_step 38150: starting episode collection
[DEBUG] train_step 38150: episodes collected, starting value_update
[DEBUG] train_step 38150: value_update done, starting policy_update
[DEBUG] train_step 38150: policy_update done
[step 38200] value_loss=21.648163 policy_loss=0.324969
[step 38200] VALUE_DEBUG: target(mean=-45.22 std=9.54 min=-81.45 max=-26.36) V(s)(mean=-44.45 std=7.97) reward(mean=-1.550 std=10.389) clip=100.0
[DEBUG] train_step 38200: starting episode collection
[DEBUG] train_step 38200: episodes collected, starting value_update
[DEBUG] train_step 38200: value_update done, starting policy_update
[DEBUG] train_step 38200: policy_update done
[DEBUG] train_step 38250: starting episode collection
[DEBUG] train_step 38250: episodes collected, starting value_update
[DEBUG] train_step 38250: value_update done, starting policy_update
[DEBUG] train_step 38250: policy_update done
[step 38300] value_loss=51.962833 policy_loss=0.231067
[step 38300] VALUE_DEBUG: target(mean=-45.59 std=9.48 min=-58.89 max=1.19) V(s)(mean=-46.27 std=6.65) reward(mean=-0.349 std=3.352) clip=100.0
[DEBUG] train_step 38300: starting episode collection
[DEBUG] train_step 38300: episodes collected, starting value_update
[DEBUG] train_step 38300: value_update done, starting policy_update
[DEBUG] train_step 38300: policy_update done
[DEBUG] train_step 38350: starting episode collection
[DEBUG] train_step 38350: episodes collected, starting value_update
[DEBUG] train_step 38350: value_update done, starting policy_update
[DEBUG] train_step 38350: policy_update done
[step 38400] value_loss=5.633872 policy_loss=0.873714
[step 38400] VALUE_DEBUG: target(mean=-45.29 std=7.50 min=-55.04 max=-26.29) V(s)(mean=-45.07 std=6.96) reward(mean=-0.355 std=2.450) clip=100.0
[DEBUG] train_step 38400: starting episode collection
[DEBUG] train_step 38400: episodes collected, starting value_update
[DEBUG] train_step 38400: value_update done, starting policy_update
[DEBUG] train_step 38400: policy_update done
[DEBUG] train_step 38450: starting episode collection
[DEBUG] train_step 38450: episodes collected, starting value_update
[DEBUG] train_step 38450: value_update done, starting policy_update
[DEBUG] train_step 38450: policy_update done
[step 38500] value_loss=67.678299 policy_loss=0.216864
[step 38500] VALUE_DEBUG: target(mean=-47.14 std=11.51 min=-81.69 max=-28.53) V(s)(mean=-45.23 std=6.89) reward(mean=-5.232 std=19.852) clip=100.0
[step 38500] eval_success_rate=0.040 eval_mean_score=50.700 eval_policy_mode=greedy [solved=2/50, score_range=18.00-81.00/81.0, initial=26.84]
[step 38500] PROGRESS: filled=52.10 violations=0.00 zero_cand=0.28
[step 38500] DEBUG: ep_len=80.0 ep_ret=-93.078 stop_prob=0.000 score_chg=20.7940
[DEBUG] train_step 38500: starting episode collection
[DEBUG] train_step 38500: episodes collected, starting value_update
[DEBUG] train_step 38500: value_update done, starting policy_update
[DEBUG] train_step 38500: policy_update done
[DEBUG] train_step 38550: starting episode collection
[DEBUG] train_step 38550: episodes collected, starting value_update
[DEBUG] train_step 38550: value_update done, starting policy_update
[DEBUG] train_step 38550: policy_update done
[step 38600] value_loss=41.021458 policy_loss=-0.414229
[step 38600] VALUE_DEBUG: target(mean=-48.19 std=9.13 min=-81.59 max=-22.20) V(s)(mean=-46.58 std=5.64) reward(mean=-3.319 std=14.409) clip=100.0
[DEBUG] train_step 38600: starting episode collection
[DEBUG] train_step 38600: episodes collected, starting value_update
[DEBUG] train_step 38600: value_update done, starting policy_update
[DEBUG] train_step 38600: policy_update done
[DEBUG] train_step 38650: starting episode collection
[DEBUG] train_step 38650: episodes collected, starting value_update
[DEBUG] train_step 38650: value_update done, starting policy_update
[DEBUG] train_step 38650: policy_update done
[step 38700] value_loss=37.919739 policy_loss=0.198688
[step 38700] VALUE_DEBUG: target(mean=-46.27 std=9.53 min=-81.57 max=-26.97) V(s)(mean=-45.52 std=6.86) reward(mean=-2.465 std=14.441) clip=100.0
[DEBUG] train_step 38700: starting episode collection
[DEBUG] train_step 38700: episodes collected, starting value_update
[DEBUG] train_step 38700: value_update done, starting policy_update
[DEBUG] train_step 38700: policy_update done
[DEBUG] train_step 38750: starting episode collection
[DEBUG] train_step 38750: episodes collected, starting value_update
[DEBUG] train_step 38750: value_update done, starting policy_update
[DEBUG] train_step 38750: policy_update done
[step 38800] value_loss=8.690207 policy_loss=0.598423
[step 38800] VALUE_DEBUG: target(mean=-47.06 std=7.46 min=-64.85 max=-23.81) V(s)(mean=-46.71 std=6.56) reward(mean=-0.683 std=2.979) clip=100.0
[DEBUG] train_step 38800: starting episode collection
[DEBUG] train_step 38800: episodes collected, starting value_update
[DEBUG] train_step 38800: value_update done, starting policy_update
[DEBUG] train_step 38800: policy_update done
[DEBUG] train_step 38850: starting episode collection
[DEBUG] train_step 38850: episodes collected, starting value_update
[DEBUG] train_step 38850: value_update done, starting policy_update
[DEBUG] train_step 38850: policy_update done
[step 38900] value_loss=33.686787 policy_loss=0.970992
[step 38900] VALUE_DEBUG: target(mean=-47.86 std=8.78 min=-81.53 max=-27.18) V(s)(mean=-46.53 std=6.07) reward(mean=-3.123 std=14.178) clip=100.0
[DEBUG] train_step 38900: starting episode collection
[DEBUG] train_step 38900: episodes collected, starting value_update
[DEBUG] train_step 38900: value_update done, starting policy_update
[DEBUG] train_step 38900: policy_update done
[DEBUG] train_step 38950: starting episode collection
[DEBUG] train_step 38950: episodes collected, starting value_update
[DEBUG] train_step 38950: value_update done, starting policy_update
[DEBUG] train_step 38950: policy_update done
[step 39000] value_loss=25.577423 policy_loss=0.263984
[step 39000] VALUE_DEBUG: target(mean=-46.82 std=8.68 min=-81.32 max=-25.82) V(s)(mean=-45.78 std=6.49) reward(mean=-1.945 std=10.506) clip=100.0
[step 39000] eval_success_rate=0.080 eval_mean_score=51.240 eval_policy_mode=greedy [solved=4/50, score_range=21.00-81.00/81.0, initial=26.84]
[step 39000] PROGRESS: filled=51.84 violations=0.00 zero_cand=0.12
[step 39000] DEBUG: ep_len=79.5 ep_ret=-91.228 stop_prob=0.000 score_chg=20.8220
[Checkpoint] Saved to checkpoints/rl_sudoku-9x9_seed0/rl_checkpoint_step_39000.pt
[DEBUG] train_step 39000: starting episode collection
[DEBUG] train_step 39000: episodes collected, starting value_update
[DEBUG] train_step 39000: value_update done, starting policy_update
[DEBUG] train_step 39000: policy_update done
[DEBUG] train_step 39050: starting episode collection
[DEBUG] train_step 39050: episodes collected, starting value_update
[DEBUG] train_step 39050: value_update done, starting policy_update
[DEBUG] train_step 39050: policy_update done
[step 39100] value_loss=4.874728 policy_loss=-0.038993
[step 39100] VALUE_DEBUG: target(mean=-44.47 std=7.45 min=-58.80 max=-27.18) V(s)(mean=-44.40 std=7.19) reward(mean=-0.143 std=2.253) clip=100.0
[DEBUG] train_step 39100: starting episode collection
[DEBUG] train_step 39100: episodes collected, starting value_update
[DEBUG] train_step 39100: value_update done, starting policy_update
[DEBUG] train_step 39100: policy_update done
[DEBUG] train_step 39150: starting episode collection
[DEBUG] train_step 39150: episodes collected, starting value_update
[DEBUG] train_step 39150: value_update done, starting policy_update
[DEBUG] train_step 39150: policy_update done
[step 39200] value_loss=56.386742 policy_loss=-0.147869
[step 39200] VALUE_DEBUG: target(mean=-46.78 std=10.95 min=-81.40 max=-24.94) V(s)(mean=-45.26 std=7.28) reward(mean=-4.016 std=17.329) clip=100.0
[DEBUG] train_step 39200: starting episode collection
[DEBUG] train_step 39200: episodes collected, starting value_update
[DEBUG] train_step 39200: value_update done, starting policy_update
[DEBUG] train_step 39200: policy_update done
[DEBUG] train_step 39250: starting episode collection
[DEBUG] train_step 39250: episodes collected, starting value_update
[DEBUG] train_step 39250: value_update done, starting policy_update
[DEBUG] train_step 39250: policy_update done
[step 39300] value_loss=9.762476 policy_loss=0.443731
[step 39300] VALUE_DEBUG: target(mean=-45.61 std=6.31 min=-64.74 max=-29.12) V(s)(mean=-46.17 std=5.83) reward(mean=0.395 std=3.058) clip=100.0
[DEBUG] train_step 39300: starting episode collection
[DEBUG] train_step 39300: episodes collected, starting value_update
[DEBUG] train_step 39300: value_update done, starting policy_update
[DEBUG] train_step 39300: policy_update done
[DEBUG] train_step 39350: starting episode collection
[DEBUG] train_step 39350: episodes collected, starting value_update
[DEBUG] train_step 39350: value_update done, starting policy_update
[DEBUG] train_step 39350: policy_update done
[step 39400] value_loss=7.370095 policy_loss=-0.811236
[step 39400] VALUE_DEBUG: target(mean=-44.99 std=8.64 min=-59.91 max=-24.90) V(s)(mean=-44.44 std=8.05) reward(mean=-0.638 std=2.753) clip=100.0
[DEBUG] train_step 39400: starting episode collection
[DEBUG] train_step 39400: episodes collected, starting value_update
[DEBUG] train_step 39400: value_update done, starting policy_update
[DEBUG] train_step 39400: policy_update done
[DEBUG] train_step 39450: starting episode collection
[DEBUG] train_step 39450: episodes collected, starting value_update
[DEBUG] train_step 39450: value_update done, starting policy_update
[DEBUG] train_step 39450: policy_update done
[step 39500] value_loss=15.390575 policy_loss=0.255920
[step 39500] VALUE_DEBUG: target(mean=-47.03 std=7.04 min=-69.85 max=-31.52) V(s)(mean=-46.96 std=5.67) reward(mean=-0.345 std=3.945) clip=100.0
[step 39500] eval_success_rate=0.080 eval_mean_score=50.920 eval_policy_mode=greedy [solved=4/50, score_range=18.00-81.00/81.0, initial=26.84]
[step 39500] PROGRESS: filled=52.32 violations=0.00 zero_cand=0.28
[step 39500] DEBUG: ep_len=79.5 ep_ret=-91.651 stop_prob=0.000 score_chg=20.9650
[DEBUG] train_step 39500: starting episode collection
[DEBUG] train_step 39500: episodes collected, starting value_update
[DEBUG] train_step 39500: value_update done, starting policy_update
[DEBUG] train_step 39500: policy_update done
[DEBUG] train_step 39550: starting episode collection
[DEBUG] train_step 39550: episodes collected, starting value_update
[DEBUG] train_step 39550: value_update done, starting policy_update
[DEBUG] train_step 39550: policy_update done
[step 39600] value_loss=4.142176 policy_loss=-0.214253
[step 39600] VALUE_DEBUG: target(mean=-45.18 std=7.18 min=-60.07 max=-24.95) V(s)(mean=-45.02 std=6.92) reward(mean=-0.249 std=2.087) clip=100.0
[DEBUG] train_step 39600: starting episode collection
[DEBUG] train_step 39600: episodes collected, starting value_update
[DEBUG] train_step 39600: value_update done, starting policy_update
[DEBUG] train_step 39600: policy_update done
[DEBUG] train_step 39650: starting episode collection
[DEBUG] train_step 39650: episodes collected, starting value_update
[DEBUG] train_step 39650: value_update done, starting policy_update
[DEBUG] train_step 39650: policy_update done
[step 39700] value_loss=37.507160 policy_loss=-0.011577
[step 39700] VALUE_DEBUG: target(mean=-47.24 std=8.63 min=-86.40 max=-28.75) V(s)(mean=-46.14 std=5.65) reward(mean=-2.685 std=14.645) clip=100.0
[DEBUG] train_step 39700: starting episode collection
[DEBUG] train_step 39700: episodes collected, starting value_update
[DEBUG] train_step 39700: value_update done, starting policy_update
[DEBUG] train_step 39700: policy_update done
[DEBUG] train_step 39750: starting episode collection
[DEBUG] train_step 39750: episodes collected, starting value_update
[DEBUG] train_step 39750: value_update done, starting policy_update
[DEBUG] train_step 39750: policy_update done
[step 39800] value_loss=24.339516 policy_loss=0.055666
[step 39800] VALUE_DEBUG: target(mean=-46.12 std=8.46 min=-81.46 max=-23.40) V(s)(mean=-45.61 std=6.64) reward(mean=-1.470 std=10.511) clip=100.0
[DEBUG] train_step 39800: starting episode collection
[DEBUG] train_step 39800: episodes collected, starting value_update
[DEBUG] train_step 39800: value_update done, starting policy_update
[DEBUG] train_step 39800: policy_update done
[DEBUG] train_step 39850: starting episode collection
[DEBUG] train_step 39850: episodes collected, starting value_update
[DEBUG] train_step 39850: value_update done, starting policy_update
[DEBUG] train_step 39850: policy_update done
[step 39900] value_loss=26.300970 policy_loss=-0.090115
[step 39900] VALUE_DEBUG: target(mean=-45.91 std=9.65 min=-81.30 max=-24.10) V(s)(mean=-44.76 std=7.55) reward(mean=-2.138 std=10.509) clip=100.0
[DEBUG] train_step 39900: starting episode collection
[DEBUG] train_step 39900: episodes collected, starting value_update
[DEBUG] train_step 39900: value_update done, starting policy_update
[DEBUG] train_step 39900: policy_update done
[DEBUG] train_step 39950: starting episode collection
[DEBUG] train_step 39950: episodes collected, starting value_update
[DEBUG] train_step 39950: value_update done, starting policy_update
[DEBUG] train_step 39950: policy_update done
[step 40000] value_loss=24.677711 policy_loss=0.823783
[step 40000] VALUE_DEBUG: target(mean=-47.23 std=8.19 min=-81.27 max=-26.43) V(s)(mean=-46.77 std=6.04) reward(mean=-1.474 std=10.507) clip=100.0
[step 40000] eval_success_rate=0.080 eval_mean_score=52.540 eval_policy_mode=greedy [solved=4/50, score_range=21.00-81.00/81.0, initial=26.84]
[step 40000] PROGRESS: filled=53.94 violations=0.00 zero_cand=0.28
[step 40000] DEBUG: ep_len=79.8 ep_ret=-92.945 stop_prob=0.000 score_chg=20.4820
[Checkpoint] Saved to checkpoints/rl_sudoku-9x9_seed0/rl_checkpoint_step_40000.pt
[DEBUG] train_step 40000: starting episode collection
[DEBUG] train_step 40000: episodes collected, starting value_update
[DEBUG] train_step 40000: value_update done, starting policy_update
[DEBUG] train_step 40000: policy_update done
[DEBUG] train_step 40050: starting episode collection
[DEBUG] train_step 40050: episodes collected, starting value_update
[DEBUG] train_step 40050: value_update done, starting policy_update
[DEBUG] train_step 40050: policy_update done
[step 40100] value_loss=22.576450 policy_loss=-0.230070
[step 40100] VALUE_DEBUG: target(mean=-45.83 std=8.54 min=-81.37 max=-25.64) V(s)(mean=-45.16 std=6.74) reward(mean=-1.556 std=10.417) clip=100.0
[DEBUG] train_step 40100: starting episode collection
[DEBUG] train_step 40100: episodes collected, starting value_update
[DEBUG] train_step 40100: value_update done, starting policy_update
[DEBUG] train_step 40100: policy_update done
[DEBUG] train_step 40150: starting episode collection
[DEBUG] train_step 40150: episodes collected, starting value_update
[DEBUG] train_step 40150: value_update done, starting policy_update
[DEBUG] train_step 40150: policy_update done
[step 40200] value_loss=9.646551 policy_loss=0.525798
[step 40200] VALUE_DEBUG: target(mean=-43.83 std=8.19 min=-63.91 max=-23.90) V(s)(mean=-44.25 std=7.77) reward(mean=0.368 std=3.062) clip=100.0
[DEBUG] train_step 40200: starting episode collection
[DEBUG] train_step 40200: episodes collected, starting value_update
[DEBUG] train_step 40200: value_update done, starting policy_update
[DEBUG] train_step 40200: policy_update done
[DEBUG] train_step 40250: starting episode collection
[DEBUG] train_step 40250: episodes collected, starting value_update
[DEBUG] train_step 40250: value_update done, starting policy_update
[DEBUG] train_step 40250: policy_update done
[step 40300] value_loss=12.147049 policy_loss=-0.131698
[step 40300] VALUE_DEBUG: target(mean=-44.25 std=8.98 min=-60.15 max=-20.57) V(s)(mean=-44.12 std=8.13) reward(mean=-0.241 std=3.535) clip=100.0
[DEBUG] train_step 40300: starting episode collection
[DEBUG] train_step 40300: episodes collected, starting value_update
[DEBUG] train_step 40300: value_update done, starting policy_update
[DEBUG] train_step 40300: policy_update done
[DEBUG] train_step 40350: starting episode collection
[DEBUG] train_step 40350: episodes collected, starting value_update
[DEBUG] train_step 40350: value_update done, starting policy_update
[DEBUG] train_step 40350: policy_update done
[step 40400] value_loss=5.579892 policy_loss=0.321276
[step 40400] VALUE_DEBUG: target(mean=-45.44 std=7.34 min=-59.93 max=-25.52) V(s)(mean=-45.22 std=7.05) reward(mean=-0.294 std=2.347) clip=100.0
[DEBUG] train_step 40400: starting episode collection
[DEBUG] train_step 40400: episodes collected, starting value_update
[DEBUG] train_step 40400: value_update done, starting policy_update
[DEBUG] train_step 40400: policy_update done
[DEBUG] train_step 40450: starting episode collection
[DEBUG] train_step 40450: episodes collected, starting value_update
[DEBUG] train_step 40450: value_update done, starting policy_update
[DEBUG] train_step 40450: policy_update done
[step 40500] value_loss=11.076063 policy_loss=0.399619
[step 40500] VALUE_DEBUG: target(mean=-44.07 std=7.86 min=-59.82 max=-26.33) V(s)(mean=-44.53 std=7.49) reward(mean=0.366 std=3.279) clip=100.0
[step 40500] eval_success_rate=0.060 eval_mean_score=50.660 eval_policy_mode=greedy [solved=3/50, score_range=18.00-81.00/81.0, initial=26.84]
[step 40500] PROGRESS: filled=51.36 violations=0.00 zero_cand=0.14
[step 40500] DEBUG: ep_len=79.7 ep_ret=-92.035 stop_prob=0.000 score_chg=21.1670
[DEBUG] train_step 40500: starting episode collection
[DEBUG] train_step 40500: episodes collected, starting value_update
[DEBUG] train_step 40500: value_update done, starting policy_update
[DEBUG] train_step 40500: policy_update done
[DEBUG] train_step 40550: starting episode collection
[DEBUG] train_step 40550: episodes collected, starting value_update
[DEBUG] train_step 40550: value_update done, starting policy_update
[DEBUG] train_step 40550: policy_update done
[step 40600] value_loss=4.355892 policy_loss=0.103338
[step 40600] VALUE_DEBUG: target(mean=-45.09 std=7.52 min=-58.06 max=-23.92) V(s)(mean=-45.22 std=7.30) reward(mean=0.007 std=2.109) clip=100.0
[DEBUG] train_step 40600: starting episode collection
[DEBUG] train_step 40600: episodes collected, starting value_update
[DEBUG] train_step 40600: value_update done, starting policy_update
[DEBUG] train_step 40600: policy_update done
[DEBUG] train_step 40650: starting episode collection
[DEBUG] train_step 40650: episodes collected, starting value_update
[DEBUG] train_step 40650: value_update done, starting policy_update
[DEBUG] train_step 40650: policy_update done
[step 40700] value_loss=7.958585 policy_loss=0.170669
[step 40700] VALUE_DEBUG: target(mean=-47.27 std=5.67 min=-64.76 max=-26.69) V(s)(mean=-47.23 std=4.91) reward(mean=-0.251 std=2.857) clip=100.0
[DEBUG] train_step 40700: starting episode collection
[DEBUG] train_step 40700: episodes collected, starting value_update
[DEBUG] train_step 40700: value_update done, starting policy_update
[DEBUG] train_step 40700: policy_update done
[DEBUG] train_step 40750: starting episode collection
[DEBUG] train_step 40750: episodes collected, starting value_update
[DEBUG] train_step 40750: value_update done, starting policy_update
[DEBUG] train_step 40750: policy_update done
[step 40800] value_loss=4.231871 policy_loss=-0.711724
[step 40800] VALUE_DEBUG: target(mean=-44.93 std=8.18 min=-59.83 max=-27.07) V(s)(mean=-44.67 std=7.73) reward(mean=-0.450 std=2.131) clip=100.0
[DEBUG] train_step 40800: starting episode collection
[DEBUG] train_step 40800: episodes collected, starting value_update
[DEBUG] train_step 40800: value_update done, starting policy_update
[DEBUG] train_step 40800: policy_update done
[DEBUG] train_step 40850: starting episode collection
[DEBUG] train_step 40850: episodes collected, starting value_update
[DEBUG] train_step 40850: value_update done, starting policy_update
[DEBUG] train_step 40850: policy_update done
[step 40900] value_loss=29.664898 policy_loss=0.070965
[step 40900] VALUE_DEBUG: target(mean=-45.76 std=7.86 min=-81.33 max=-25.97) V(s)(mean=-46.55 std=5.81) reward(mean=-0.229 std=10.795) clip=100.0
[DEBUG] train_step 40900: starting episode collection
[DEBUG] train_step 40900: episodes collected, starting value_update
[DEBUG] train_step 40900: value_update done, starting policy_update
[DEBUG] train_step 40900: policy_update done
[DEBUG] train_step 40950: starting episode collection
[DEBUG] train_step 40950: episodes collected, starting value_update
[DEBUG] train_step 40950: value_update done, starting policy_update
[DEBUG] train_step 40950: policy_update done
[step 41000] value_loss=10.370522 policy_loss=-0.167686
[step 41000] VALUE_DEBUG: target(mean=-45.13 std=8.10 min=-64.80 max=-24.50) V(s)(mean=-45.19 std=7.41) reward(mean=-0.132 std=3.257) clip=100.0
[step 41000] eval_success_rate=0.100 eval_mean_score=51.620 eval_policy_mode=greedy [solved=5/50, score_range=18.00-81.00/81.0, initial=26.84]
[step 41000] PROGRESS: filled=52.72 violations=0.00 zero_cand=0.22
[step 41000] DEBUG: ep_len=79.5 ep_ret=-91.715 stop_prob=0.000 score_chg=20.6320
[Checkpoint] Saved to checkpoints/rl_sudoku-9x9_seed0/rl_checkpoint_step_41000.pt
[DEBUG] train_step 41000: starting episode collection
[DEBUG] train_step 41000: episodes collected, starting value_update
[DEBUG] train_step 41000: value_update done, starting policy_update
[DEBUG] train_step 41000: policy_update done
[DEBUG] train_step 41050: starting episode collection
[DEBUG] train_step 41050: episodes collected, starting value_update
[DEBUG] train_step 41050: value_update done, starting policy_update
[DEBUG] train_step 41050: policy_update done
[step 41100] value_loss=21.564754 policy_loss=0.753874
[step 41100] VALUE_DEBUG: target(mean=-45.89 std=8.90 min=-81.37 max=-23.99) V(s)(mean=-45.36 std=7.19) reward(mean=-1.449 std=10.386) clip=100.0
[DEBUG] train_step 41100: starting episode collection
[DEBUG] train_step 41100: episodes collected, starting value_update
[DEBUG] train_step 41100: value_update done, starting policy_update
[DEBUG] train_step 41100: policy_update done
[DEBUG] train_step 41150: starting episode collection
[DEBUG] train_step 41150: episodes collected, starting value_update
[DEBUG] train_step 41150: value_update done, starting policy_update
[DEBUG] train_step 41150: policy_update done
[step 41200] value_loss=39.181858 policy_loss=0.563871
[step 41200] VALUE_DEBUG: target(mean=-45.39 std=9.55 min=-81.64 max=-27.70) V(s)(mean=-44.90 std=7.07) reward(mean=-2.109 std=14.510) clip=100.0
[DEBUG] train_step 41200: starting episode collection
[DEBUG] train_step 41200: episodes collected, starting value_update
[DEBUG] train_step 41200: value_update done, starting policy_update
[DEBUG] train_step 41200: policy_update done
[DEBUG] train_step 41250: starting episode collection
[DEBUG] train_step 41250: episodes collected, starting value_update
[DEBUG] train_step 41250: value_update done, starting policy_update
[DEBUG] train_step 41250: policy_update done
[step 41300] value_loss=7.966692 policy_loss=0.201273
[step 41300] VALUE_DEBUG: target(mean=-45.39 std=7.72 min=-60.05 max=-25.54) V(s)(mean=-45.28 std=7.09) reward(mean=-0.293 std=2.872) clip=100.0
[DEBUG] train_step 41300: starting episode collection
[DEBUG] train_step 41300: episodes collected, starting value_update
[DEBUG] train_step 41300: value_update done, starting policy_update
[DEBUG] train_step 41300: policy_update done
[DEBUG] train_step 41350: starting episode collection
[DEBUG] train_step 41350: episodes collected, starting value_update
[DEBUG] train_step 41350: value_update done, starting policy_update
[DEBUG] train_step 41350: policy_update done
[step 41400] value_loss=6.313022 policy_loss=0.722902
[step 41400] VALUE_DEBUG: target(mean=-45.72 std=6.70 min=-59.02 max=-28.19) V(s)(mean=-45.87 std=6.27) reward(mean=-0.050 std=2.543) clip=100.0
[DEBUG] train_step 41400: starting episode collection
[DEBUG] train_step 41400: episodes collected, starting value_update
[DEBUG] train_step 41400: value_update done, starting policy_update
[DEBUG] train_step 41400: policy_update done
[DEBUG] train_step 41450: starting episode collection
[DEBUG] train_step 41450: episodes collected, starting value_update
[DEBUG] train_step 41450: value_update done, starting policy_update
[DEBUG] train_step 41450: policy_update done
[step 41500] value_loss=2.305877 policy_loss=0.743458
[step 41500] VALUE_DEBUG: target(mean=-43.85 std=7.89 min=-55.14 max=-22.98) V(s)(mean=-43.98 std=7.70) reward(mean=-0.018 std=1.582) clip=100.0
[step 41500] eval_success_rate=0.080 eval_mean_score=54.060 eval_policy_mode=greedy [solved=4/50, score_range=18.00-81.00/81.0, initial=26.84]
[step 41500] PROGRESS: filled=55.16 violations=0.00 zero_cand=0.22
[step 41500] DEBUG: ep_len=79.6 ep_ret=-92.073 stop_prob=0.000 score_chg=20.4290
[DEBUG] train_step 41500: starting episode collection
[DEBUG] train_step 41500: episodes collected, starting value_update
[DEBUG] train_step 41500: value_update done, starting policy_update
[DEBUG] train_step 41500: policy_update done
[DEBUG] train_step 41550: starting episode collection
[DEBUG] train_step 41550: episodes collected, starting value_update
[DEBUG] train_step 41550: value_update done, starting policy_update
[DEBUG] train_step 41550: policy_update done
[step 41600] value_loss=3.900911 policy_loss=-0.359947
[step 41600] VALUE_DEBUG: target(mean=-44.25 std=7.28 min=-59.86 max=-26.67) V(s)(mean=-44.26 std=6.95) reward(mean=-0.110 std=2.017) clip=100.0
[DEBUG] train_step 41600: starting episode collection
[DEBUG] train_step 41600: episodes collected, starting value_update
[DEBUG] train_step 41600: value_update done, starting policy_update
[DEBUG] train_step 41600: policy_update done
[DEBUG] train_step 41650: starting episode collection
[DEBUG] train_step 41650: episodes collected, starting value_update
[DEBUG] train_step 41650: value_update done, starting policy_update
[DEBUG] train_step 41650: policy_update done
[step 41700] value_loss=20.636507 policy_loss=0.409242
[step 41700] VALUE_DEBUG: target(mean=-47.47 std=7.25 min=-81.58 max=-24.28) V(s)(mean=-47.32 std=5.53) reward(mean=-1.234 std=10.368) clip=100.0
[DEBUG] train_step 41700: starting episode collection
[DEBUG] train_step 41700: episodes collected, starting value_update
[DEBUG] train_step 41700: value_update done, starting policy_update
[DEBUG] train_step 41700: policy_update done
[DEBUG] train_step 41750: starting episode collection
[DEBUG] train_step 41750: episodes collected, starting value_update
[DEBUG] train_step 41750: value_update done, starting policy_update
[DEBUG] train_step 41750: policy_update done
[step 41800] value_loss=9.166563 policy_loss=-0.516916
[step 41800] VALUE_DEBUG: target(mean=-45.80 std=7.74 min=-64.95 max=-23.46) V(s)(mean=-45.63 std=6.92) reward(mean=-0.385 std=3.081) clip=100.0
[DEBUG] train_step 41800: starting episode collection
[DEBUG] train_step 41800: episodes collected, starting value_update
[DEBUG] train_step 41800: value_update done, starting policy_update
[DEBUG] train_step 41800: policy_update done
[DEBUG] train_step 41850: starting episode collection
[DEBUG] train_step 41850: episodes collected, starting value_update
[DEBUG] train_step 41850: value_update done, starting policy_update
[DEBUG] train_step 41850: policy_update done
[step 41900] value_loss=6.343827 policy_loss=0.904880
[step 41900] VALUE_DEBUG: target(mean=-45.41 std=8.21 min=-64.92 max=-26.23) V(s)(mean=-45.26 std=7.80) reward(mean=-0.321 std=2.545) clip=100.0
[DEBUG] train_step 41900: starting episode collection
[DEBUG] train_step 41900: episodes collected, starting value_update
[DEBUG] train_step 41900: value_update done, starting policy_update
[DEBUG] train_step 41900: policy_update done
[DEBUG] train_step 41950: starting episode collection
[DEBUG] train_step 41950: episodes collected, starting value_update
[DEBUG] train_step 41950: value_update done, starting policy_update
[DEBUG] train_step 41950: policy_update done
[step 42000] value_loss=8.133702 policy_loss=-0.465865
[step 42000] VALUE_DEBUG: target(mean=-44.86 std=7.75 min=-64.84 max=-26.05) V(s)(mean=-44.64 std=7.02) reward(mean=-0.332 std=2.924) clip=100.0
[step 42000] eval_success_rate=0.060 eval_mean_score=51.500 eval_policy_mode=greedy [solved=3/50, score_range=19.00-81.00/81.0, initial=26.84]
[step 42000] PROGRESS: filled=52.60 violations=0.00 zero_cand=0.22
[step 42000] DEBUG: ep_len=80.0 ep_ret=-93.067 stop_prob=0.000 score_chg=20.8210
[Checkpoint] Saved to checkpoints/rl_sudoku-9x9_seed0/rl_checkpoint_step_42000.pt
[DEBUG] train_step 42000: starting episode collection
[DEBUG] train_step 42000: episodes collected, starting value_update
[DEBUG] train_step 42000: value_update done, starting policy_update
[DEBUG] train_step 42000: policy_update done
[DEBUG] train_step 42050: starting episode collection
[DEBUG] train_step 42050: episodes collected, starting value_update
[DEBUG] train_step 42050: value_update done, starting policy_update
[DEBUG] train_step 42050: policy_update done
[step 42100] value_loss=45.848766 policy_loss=0.245732
[step 42100] VALUE_DEBUG: target(mean=-46.77 std=10.43 min=-91.55 max=-23.57) V(s)(mean=-45.76 std=7.40) reward(mean=-1.998 std=12.098) clip=100.0
[DEBUG] train_step 42100: starting episode collection
[DEBUG] train_step 42100: episodes collected, starting value_update
[DEBUG] train_step 42100: value_update done, starting policy_update
[DEBUG] train_step 42100: policy_update done
[DEBUG] train_step 42150: starting episode collection
[DEBUG] train_step 42150: episodes collected, starting value_update
[DEBUG] train_step 42150: value_update done, starting policy_update
[DEBUG] train_step 42150: policy_update done
[step 42200] value_loss=25.573229 policy_loss=0.615144
[step 42200] VALUE_DEBUG: target(mean=-46.38 std=9.56 min=-81.54 max=-25.56) V(s)(mean=-45.03 std=7.40) reward(mean=-2.238 std=10.481) clip=100.0
[DEBUG] train_step 42200: starting episode collection
[DEBUG] train_step 42200: episodes collected, starting value_update
[DEBUG] train_step 42200: value_update done, starting policy_update
[DEBUG] train_step 42200: policy_update done
[DEBUG] train_step 42250: starting episode collection
[DEBUG] train_step 42250: episodes collected, starting value_update
[DEBUG] train_step 42250: value_update done, starting policy_update
[DEBUG] train_step 42250: policy_update done
[step 42300] value_loss=14.333449 policy_loss=-0.824846
[step 42300] VALUE_DEBUG: target(mean=-45.17 std=9.02 min=-60.07 max=-22.34) V(s)(mean=-45.17 std=8.22) reward(mean=-0.205 std=3.810) clip=100.0
[DEBUG] train_step 42300: starting episode collection
[DEBUG] train_step 42300: episodes collected, starting value_update
[DEBUG] train_step 42300: value_update done, starting policy_update
[DEBUG] train_step 42300: policy_update done
[DEBUG] train_step 42350: starting episode collection
[DEBUG] train_step 42350: episodes collected, starting value_update
[DEBUG] train_step 42350: value_update done, starting policy_update
[DEBUG] train_step 42350: policy_update done
[step 42400] value_loss=3.039386 policy_loss=-1.438245
[step 42400] VALUE_DEBUG: target(mean=-45.82 std=7.08 min=-54.86 max=-23.19) V(s)(mean=-45.91 std=6.88) reward(mean=-0.100 std=1.791) clip=100.0
[DEBUG] train_step 42400: starting episode collection
[DEBUG] train_step 42400: episodes collected, starting value_update
[DEBUG] train_step 42400: value_update done, starting policy_update
[DEBUG] train_step 42400: policy_update done
[DEBUG] train_step 42450: starting episode collection
[DEBUG] train_step 42450: episodes collected, starting value_update
[DEBUG] train_step 42450: value_update done, starting policy_update
[DEBUG] train_step 42450: policy_update done
[step 42500] value_loss=19.812031 policy_loss=-0.025623
[step 42500] VALUE_DEBUG: target(mean=-46.13 std=8.22 min=-81.69 max=-28.65) V(s)(mean=-45.79 std=6.78) reward(mean=-1.250 std=10.339) clip=100.0
[step 42500] eval_success_rate=0.100 eval_mean_score=54.020 eval_policy_mode=greedy [solved=5/50, score_range=19.00-81.00/81.0, initial=26.84]
[step 42500] PROGRESS: filled=54.62 violations=0.00 zero_cand=0.12
[step 42500] DEBUG: ep_len=79.6 ep_ret=-91.591 stop_prob=0.000 score_chg=21.2200
[DEBUG] train_step 42500: starting episode collection
[DEBUG] train_step 42500: episodes collected, starting value_update
[DEBUG] train_step 42500: value_update done, starting policy_update
[DEBUG] train_step 42500: policy_update done
[DEBUG] train_step 42550: starting episode collection
[DEBUG] train_step 42550: episodes collected, starting value_update
[DEBUG] train_step 42550: value_update done, starting policy_update
[DEBUG] train_step 42550: policy_update done
[step 42600] value_loss=17.484888 policy_loss=0.623096
[step 42600] VALUE_DEBUG: target(mean=-45.43 std=8.71 min=-81.38 max=-27.06) V(s)(mean=-45.14 std=7.48) reward(mean=-1.163 std=10.211) clip=100.0
[DEBUG] train_step 42600: starting episode collection
[DEBUG] train_step 42600: episodes collected, starting value_update
[DEBUG] train_step 42600: value_update done, starting policy_update
[DEBUG] train_step 42600: policy_update done
[DEBUG] train_step 42650: starting episode collection
[DEBUG] train_step 42650: episodes collected, starting value_update
[DEBUG] train_step 42650: value_update done, starting policy_update
[DEBUG] train_step 42650: policy_update done
[step 42700] value_loss=9.120263 policy_loss=1.110277
[step 42700] VALUE_DEBUG: target(mean=-45.42 std=7.84 min=-65.04 max=-24.98) V(s)(mean=-45.23 std=7.14) reward(mean=-0.316 std=3.084) clip=100.0
[DEBUG] train_step 42700: starting episode collection
[DEBUG] train_step 42700: episodes collected, starting value_update
[DEBUG] train_step 42700: value_update done, starting policy_update
[DEBUG] train_step 42700: policy_update done
[DEBUG] train_step 42750: starting episode collection
[DEBUG] train_step 42750: episodes collected, starting value_update
[DEBUG] train_step 42750: value_update done, starting policy_update
[DEBUG] train_step 42750: policy_update done
[step 42800] value_loss=27.084713 policy_loss=0.903929
[step 42800] VALUE_DEBUG: target(mean=-45.78 std=10.36 min=-81.47 max=-22.70) V(s)(mean=-44.25 std=8.03) reward(mean=-2.434 std=10.523) clip=100.0
[DEBUG] train_step 42800: starting episode collection
[DEBUG] train_step 42800: episodes collected, starting value_update
[DEBUG] train_step 42800: value_update done, starting policy_update
[DEBUG] train_step 42800: policy_update done
[DEBUG] train_step 42850: starting episode collection
[DEBUG] train_step 42850: episodes collected, starting value_update
[DEBUG] train_step 42850: value_update done, starting policy_update
[DEBUG] train_step 42850: policy_update done
[step 42900] value_loss=5.304090 policy_loss=0.030216
[step 42900] VALUE_DEBUG: target(mean=-44.90 std=7.50 min=-58.99 max=-25.97) V(s)(mean=-45.00 std=7.29) reward(mean=-0.021 std=2.332) clip=100.0
[DEBUG] train_step 42900: starting episode collection
[DEBUG] train_step 42900: episodes collected, starting value_update
[DEBUG] train_step 42900: value_update done, starting policy_update
[DEBUG] train_step 42900: policy_update done
[DEBUG] train_step 42950: starting episode collection
[DEBUG] train_step 42950: episodes collected, starting value_update
[DEBUG] train_step 42950: value_update done, starting policy_update
[DEBUG] train_step 42950: policy_update done
[step 43000] value_loss=11.088232 policy_loss=-0.433215
[step 43000] VALUE_DEBUG: target(mean=-47.04 std=7.28 min=-59.91 max=-22.41) V(s)(mean=-46.74 std=6.46) reward(mean=-0.566 std=3.326) clip=100.0
[step 43000] eval_success_rate=0.080 eval_mean_score=53.240 eval_policy_mode=greedy [solved=4/50, score_range=19.00-81.00/81.0, initial=26.84]
[step 43000] PROGRESS: filled=54.14 violations=0.00 zero_cand=0.18
[step 43000] DEBUG: ep_len=79.7 ep_ret=-92.186 stop_prob=0.000 score_chg=21.3940
[Checkpoint] Saved to checkpoints/rl_sudoku-9x9_seed0/rl_checkpoint_step_43000.pt
[DEBUG] train_step 43000: starting episode collection
[DEBUG] train_step 43000: episodes collected, starting value_update
[DEBUG] train_step 43000: value_update done, starting policy_update
[DEBUG] train_step 43000: policy_update done
[DEBUG] train_step 43050: starting episode collection
[DEBUG] train_step 43050: episodes collected, starting value_update
[DEBUG] train_step 43050: value_update done, starting policy_update
[DEBUG] train_step 43050: policy_update done
[step 43100] value_loss=9.507444 policy_loss=0.290681
[step 43100] VALUE_DEBUG: target(mean=-45.18 std=8.47 min=-69.71 max=-21.58) V(s)(mean=-45.00 std=7.64) reward(mean=-0.392 std=3.143) clip=100.0
[DEBUG] train_step 43100: starting episode collection
[DEBUG] train_step 43100: episodes collected, starting value_update
[DEBUG] train_step 43100: value_update done, starting policy_update
[DEBUG] train_step 43100: policy_update done
[DEBUG] train_step 43150: starting episode collection
[DEBUG] train_step 43150: episodes collected, starting value_update
[DEBUG] train_step 43150: value_update done, starting policy_update
[DEBUG] train_step 43150: policy_update done
[step 43200] value_loss=43.562775 policy_loss=0.615652
[step 43200] VALUE_DEBUG: target(mean=-46.12 std=10.58 min=-81.46 max=-24.64) V(s)(mean=-44.91 std=7.46) reward(mean=-2.982 std=14.536) clip=100.0
[DEBUG] train_step 43200: starting episode collection
[DEBUG] train_step 43200: episodes collected, starting value_update
[DEBUG] train_step 43200: value_update done, starting policy_update
[DEBUG] train_step 43200: policy_update done
[DEBUG] train_step 43250: starting episode collection
[DEBUG] train_step 43250: episodes collected, starting value_update
[DEBUG] train_step 43250: value_update done, starting policy_update
[DEBUG] train_step 43250: policy_update done
[step 43300] value_loss=7.693604 policy_loss=-0.007259
[step 43300] VALUE_DEBUG: target(mean=-43.47 std=8.71 min=-68.58 max=-22.44) V(s)(mean=-43.40 std=8.21) reward(mean=-0.153 std=2.791) clip=100.0
[DEBUG] train_step 43300: starting episode collection
[DEBUG] train_step 43300: episodes collected, starting value_update
[DEBUG] train_step 43300: value_update done, starting policy_update
[DEBUG] train_step 43300: policy_update done
[DEBUG] train_step 43350: starting episode collection
[DEBUG] train_step 43350: episodes collected, starting value_update
[DEBUG] train_step 43350: value_update done, starting policy_update
[DEBUG] train_step 43350: policy_update done
[step 43400] value_loss=32.327637 policy_loss=0.027564
[step 43400] VALUE_DEBUG: target(mean=-45.91 std=9.04 min=-81.43 max=-25.03) V(s)(mean=-45.70 std=6.95) reward(mean=-1.143 std=10.843) clip=100.0
[DEBUG] train_step 43400: starting episode collection
[DEBUG] train_step 43400: episodes collected, starting value_update
[DEBUG] train_step 43400: value_update done, starting policy_update
[DEBUG] train_step 43400: policy_update done
[DEBUG] train_step 43450: starting episode collection
[DEBUG] train_step 43450: episodes collected, starting value_update
[DEBUG] train_step 43450: value_update done, starting policy_update
[DEBUG] train_step 43450: policy_update done
[step 43500] value_loss=4.810713 policy_loss=-0.649020
[step 43500] VALUE_DEBUG: target(mean=-45.25 std=7.88 min=-64.93 max=-21.45) V(s)(mean=-45.23 std=7.51) reward(mean=-0.212 std=2.251) clip=100.0
[step 43500] eval_success_rate=0.060 eval_mean_score=53.180 eval_policy_mode=greedy [solved=3/50, score_range=19.00-81.00/81.0, initial=26.84]
[step 43500] PROGRESS: filled=53.98 violations=0.00 zero_cand=0.16
[step 43500] DEBUG: ep_len=79.3 ep_ret=-89.896 stop_prob=0.000 score_chg=21.9430
[DEBUG] train_step 43500: starting episode collection
[DEBUG] train_step 43500: episodes collected, starting value_update
[DEBUG] train_step 43500: value_update done, starting policy_update
[DEBUG] train_step 43500: policy_update done
[DEBUG] train_step 43550: starting episode collection
[DEBUG] train_step 43550: episodes collected, starting value_update
[DEBUG] train_step 43550: value_update done, starting policy_update
[DEBUG] train_step 43550: policy_update done
[step 43600] value_loss=23.844431 policy_loss=0.315074
[step 43600] VALUE_DEBUG: target(mean=-44.46 std=9.08 min=-86.31 max=-25.26) V(s)(mean=-43.97 std=7.30) reward(mean=-1.381 std=10.856) clip=100.0
[DEBUG] train_step 43600: starting episode collection
[DEBUG] train_step 43600: episodes collected, starting value_update
[DEBUG] train_step 43600: value_update done, starting policy_update
[DEBUG] train_step 43600: policy_update done
[DEBUG] train_step 43650: starting episode collection
[DEBUG] train_step 43650: episodes collected, starting value_update
[DEBUG] train_step 43650: value_update done, starting policy_update
[DEBUG] train_step 43650: policy_update done
[step 43700] value_loss=1.480201 policy_loss=0.012371
[step 43700] VALUE_DEBUG: target(mean=-45.15 std=7.11 min=-55.01 max=-24.94) V(s)(mean=-45.10 std=6.89) reward(mean=-0.231 std=1.326) clip=100.0
[DEBUG] train_step 43700: starting episode collection
[DEBUG] train_step 43700: episodes collected, starting value_update
[DEBUG] train_step 43700: value_update done, starting policy_update
[DEBUG] train_step 43700: policy_update done
[DEBUG] train_step 43750: starting episode collection
[DEBUG] train_step 43750: episodes collected, starting value_update
[DEBUG] train_step 43750: value_update done, starting policy_update
[DEBUG] train_step 43750: policy_update done
[step 43800] value_loss=13.642777 policy_loss=0.928650
[step 43800] VALUE_DEBUG: target(mean=-46.02 std=8.05 min=-69.93 max=-25.79) V(s)(mean=-45.10 std=7.39) reward(mean=-0.964 std=3.610) clip=100.0
[DEBUG] train_step 43800: starting episode collection
[DEBUG] train_step 43800: episodes collected, starting value_update
[DEBUG] train_step 43800: value_update done, starting policy_update
[DEBUG] train_step 43800: policy_update done
[DEBUG] train_step 43850: starting episode collection
[DEBUG] train_step 43850: episodes collected, starting value_update
[DEBUG] train_step 43850: value_update done, starting policy_update
[DEBUG] train_step 43850: policy_update done
[step 43900] value_loss=35.503819 policy_loss=0.165635
[step 43900] VALUE_DEBUG: target(mean=-45.34 std=10.74 min=-81.62 max=-23.26) V(s)(mean=-44.15 std=8.18) reward(mean=-2.851 std=14.305) clip=100.0
[DEBUG] train_step 43900: starting episode collection
[DEBUG] train_step 43900: episodes collected, starting value_update
[DEBUG] train_step 43900: value_update done, starting policy_update
[DEBUG] train_step 43900: policy_update done
[DEBUG] train_step 43950: starting episode collection
[DEBUG] train_step 43950: episodes collected, starting value_update
[DEBUG] train_step 43950: value_update done, starting policy_update
[DEBUG] train_step 43950: policy_update done
[step 44000] value_loss=37.554066 policy_loss=-0.340656
[step 44000] VALUE_DEBUG: target(mean=-45.61 std=10.52 min=-81.65 max=-21.61) V(s)(mean=-44.75 std=8.21) reward(mean=-2.525 std=14.428) clip=100.0
[step 44000] eval_success_rate=0.080 eval_mean_score=52.220 eval_policy_mode=greedy [solved=4/50, score_range=19.00-81.00/81.0, initial=26.84]
[step 44000] PROGRESS: filled=53.42 violations=0.00 zero_cand=0.24
[step 44000] DEBUG: ep_len=79.9 ep_ret=-93.648 stop_prob=0.000 score_chg=20.7270
[Checkpoint] Saved to checkpoints/rl_sudoku-9x9_seed0/rl_checkpoint_step_44000.pt
[DEBUG] train_step 44000: starting episode collection
[DEBUG] train_step 44000: episodes collected, starting value_update
[DEBUG] train_step 44000: value_update done, starting policy_update
[DEBUG] train_step 44000: policy_update done
[DEBUG] train_step 44050: starting episode collection
[DEBUG] train_step 44050: episodes collected, starting value_update
[DEBUG] train_step 44050: value_update done, starting policy_update
[DEBUG] train_step 44050: policy_update done
[step 44100] value_loss=5.927743 policy_loss=0.798394
[step 44100] VALUE_DEBUG: target(mean=-46.17 std=6.46 min=-64.93 max=-28.98) V(s)(mean=-46.07 std=5.83) reward(mean=-0.277 std=2.494) clip=100.0
[DEBUG] train_step 44100: starting episode collection
[DEBUG] train_step 44100: episodes collected, starting value_update
[DEBUG] train_step 44100: value_update done, starting policy_update
[DEBUG] train_step 44100: policy_update done
[DEBUG] train_step 44150: starting episode collection
[DEBUG] train_step 44150: episodes collected, starting value_update
[DEBUG] train_step 44150: value_update done, starting policy_update
[DEBUG] train_step 44150: policy_update done
[step 44200] value_loss=12.664473 policy_loss=-0.812184
[step 44200] VALUE_DEBUG: target(mean=-44.86 std=8.78 min=-64.65 max=-23.75) V(s)(mean=-44.39 std=7.80) reward(mean=-0.594 std=3.607) clip=100.0
[DEBUG] train_step 44200: starting episode collection
[DEBUG] train_step 44200: episodes collected, starting value_update
[DEBUG] train_step 44200: value_update done, starting policy_update
[DEBUG] train_step 44200: policy_update done
[DEBUG] train_step 44250: starting episode collection
[DEBUG] train_step 44250: episodes collected, starting value_update
[DEBUG] train_step 44250: value_update done, starting policy_update
[DEBUG] train_step 44250: policy_update done
[step 44300] value_loss=7.062928 policy_loss=0.351899
[step 44300] VALUE_DEBUG: target(mean=-47.03 std=7.14 min=-60.01 max=-26.35) V(s)(mean=-46.35 std=6.35) reward(mean=-0.822 std=2.684) clip=100.0
[DEBUG] train_step 44300: starting episode collection
[DEBUG] train_step 44300: episodes collected, starting value_update
[DEBUG] train_step 44300: value_update done, starting policy_update
[DEBUG] train_step 44300: policy_update done
[DEBUG] train_step 44350: starting episode collection
[DEBUG] train_step 44350: episodes collected, starting value_update
[DEBUG] train_step 44350: value_update done, starting policy_update
[DEBUG] train_step 44350: policy_update done
[step 44400] value_loss=2.207253 policy_loss=-0.717396
[step 44400] VALUE_DEBUG: target(mean=-45.76 std=7.26 min=-54.99 max=-26.94) V(s)(mean=-45.57 std=6.98) reward(mean=-0.306 std=1.600) clip=100.0
[DEBUG] train_step 44400: starting episode collection
[DEBUG] train_step 44400: episodes collected, starting value_update
[DEBUG] train_step 44400: value_update done, starting policy_update
[DEBUG] train_step 44400: policy_update done
[DEBUG] train_step 44450: starting episode collection
[DEBUG] train_step 44450: episodes collected, starting value_update
[DEBUG] train_step 44450: value_update done, starting policy_update
[DEBUG] train_step 44450: policy_update done
[step 44500] value_loss=7.931917 policy_loss=0.685899
[step 44500] VALUE_DEBUG: target(mean=-45.93 std=6.22 min=-58.93 max=-25.05) V(s)(mean=-46.12 std=5.92) reward(mean=0.057 std=2.781) clip=100.0
[step 44500] eval_success_rate=0.080 eval_mean_score=52.300 eval_policy_mode=greedy [solved=4/50, score_range=19.00-81.00/81.0, initial=26.84]
[step 44500] PROGRESS: filled=53.20 violations=0.00 zero_cand=0.18
[step 44500] DEBUG: ep_len=79.8 ep_ret=-92.172 stop_prob=0.000 score_chg=21.6810
[DEBUG] train_step 44500: starting episode collection
[DEBUG] train_step 44500: episodes collected, starting value_update
[DEBUG] train_step 44500: value_update done, starting policy_update
[DEBUG] train_step 44500: policy_update done
[DEBUG] train_step 44550: starting episode collection
[DEBUG] train_step 44550: episodes collected, starting value_update
[DEBUG] train_step 44550: value_update done, starting policy_update
[DEBUG] train_step 44550: policy_update done
[step 44600] value_loss=6.773966 policy_loss=0.034425
[step 44600] VALUE_DEBUG: target(mean=-45.48 std=6.77 min=-54.87 max=-23.53) V(s)(mean=-45.93 std=6.50) reward(mean=0.335 std=2.551) clip=100.0
[DEBUG] train_step 44600: starting episode collection
[DEBUG] train_step 44600: episodes collected, starting value_update
[DEBUG] train_step 44600: value_update done, starting policy_update
[DEBUG] train_step 44600: policy_update done
[DEBUG] train_step 44650: starting episode collection
[DEBUG] train_step 44650: episodes collected, starting value_update
[DEBUG] train_step 44650: value_update done, starting policy_update
[DEBUG] train_step 44650: policy_update done
[step 44700] value_loss=22.575905 policy_loss=-0.766634
[step 44700] VALUE_DEBUG: target(mean=-47.11 std=8.94 min=-81.51 max=-21.69) V(s)(mean=-46.17 std=7.05) reward(mean=-1.940 std=10.387) clip=100.0
[DEBUG] train_step 44700: starting episode collection
[DEBUG] train_step 44700: episodes collected, starting value_update
[DEBUG] train_step 44700: value_update done, starting policy_update
[DEBUG] train_step 44700: policy_update done
[DEBUG] train_step 44750: starting episode collection
[DEBUG] train_step 44750: episodes collected, starting value_update
[DEBUG] train_step 44750: value_update done, starting policy_update
[DEBUG] train_step 44750: policy_update done
[step 44800] value_loss=36.036438 policy_loss=-0.369292
[step 44800] VALUE_DEBUG: target(mean=-46.55 std=9.85 min=-81.52 max=-24.41) V(s)(mean=-45.53 std=7.33) reward(mean=-2.713 std=14.326) clip=100.0
[DEBUG] train_step 44800: starting episode collection
[DEBUG] train_step 44800: episodes collected, starting value_update
[DEBUG] train_step 44800: value_update done, starting policy_update
[DEBUG] train_step 44800: policy_update done
[DEBUG] train_step 44850: starting episode collection
[DEBUG] train_step 44850: episodes collected, starting value_update
[DEBUG] train_step 44850: value_update done, starting policy_update
[DEBUG] train_step 44850: policy_update done
[step 44900] value_loss=15.032205 policy_loss=-0.072970
[step 44900] VALUE_DEBUG: target(mean=-46.67 std=7.73 min=-74.91 max=-24.88) V(s)(mean=-46.22 std=6.45) reward(mean=-0.588 std=3.917) clip=100.0
[DEBUG] train_step 44900: starting episode collection
[DEBUG] train_step 44900: episodes collected, starting value_update
[DEBUG] train_step 44900: value_update done, starting policy_update
[DEBUG] train_step 44900: policy_update done
[DEBUG] train_step 44950: starting episode collection
[DEBUG] train_step 44950: episodes collected, starting value_update
[DEBUG] train_step 44950: value_update done, starting policy_update
[DEBUG] train_step 44950: policy_update done
[step 45000] value_loss=7.490115 policy_loss=-0.211199
[step 45000] VALUE_DEBUG: target(mean=-44.95 std=7.48 min=-59.51 max=-28.66) V(s)(mean=-45.31 std=7.12) reward(mean=0.159 std=2.727) clip=100.0
[step 45000] eval_success_rate=0.080 eval_mean_score=53.060 eval_policy_mode=greedy [solved=4/50, score_range=19.00-81.00/81.0, initial=26.84]
[step 45000] PROGRESS: filled=53.76 violations=0.00 zero_cand=0.14
[step 45000] DEBUG: ep_len=79.9 ep_ret=-93.465 stop_prob=0.000 score_chg=19.9380
[Checkpoint] Saved to checkpoints/rl_sudoku-9x9_seed0/rl_checkpoint_step_45000.pt
[DEBUG] train_step 45000: starting episode collection
[DEBUG] train_step 45000: episodes collected, starting value_update
[DEBUG] train_step 45000: value_update done, starting policy_update
[DEBUG] train_step 45000: policy_update done
[DEBUG] train_step 45050: starting episode collection
[DEBUG] train_step 45050: episodes collected, starting value_update
[DEBUG] train_step 45050: value_update done, starting policy_update
[DEBUG] train_step 45050: policy_update done
[step 45100] value_loss=41.489765 policy_loss=-0.506678
[step 45100] VALUE_DEBUG: target(mean=-47.38 std=8.43 min=-86.25 max=-29.70) V(s)(mean=-46.78 std=5.02) reward(mean=-2.327 std=14.818) clip=100.0
[DEBUG] train_step 45100: starting episode collection
[DEBUG] train_step 45100: episodes collected, starting value_update
[DEBUG] train_step 45100: value_update done, starting policy_update
[DEBUG] train_step 45100: policy_update done
[DEBUG] train_step 45150: starting episode collection
[DEBUG] train_step 45150: episodes collected, starting value_update
[DEBUG] train_step 45150: value_update done, starting policy_update
[DEBUG] train_step 45150: policy_update done
[step 45200] value_loss=12.073729 policy_loss=0.330212
[step 45200] VALUE_DEBUG: target(mean=-46.23 std=8.31 min=-64.87 max=-24.52) V(s)(mean=-45.52 std=7.20) reward(mean=-0.965 std=3.435) clip=100.0
[DEBUG] train_step 45200: starting episode collection
[DEBUG] train_step 45200: episodes collected, starting value_update
[DEBUG] train_step 45200: value_update done, starting policy_update
[DEBUG] train_step 45200: policy_update done
[DEBUG] train_step 45250: starting episode collection
[DEBUG] train_step 45250: episodes collected, starting value_update
[DEBUG] train_step 45250: value_update done, starting policy_update
[DEBUG] train_step 45250: policy_update done
[step 45300] value_loss=24.822521 policy_loss=0.275836
[step 45300] VALUE_DEBUG: target(mean=-45.54 std=8.96 min=-81.55 max=-25.89) V(s)(mean=-45.17 std=7.15) reward(mean=-1.333 std=10.564) clip=100.0
[DEBUG] train_step 45300: starting episode collection
[DEBUG] train_step 45300: episodes collected, starting value_update
[DEBUG] train_step 45300: value_update done, starting policy_update
[DEBUG] train_step 45300: policy_update done
[DEBUG] train_step 45350: starting episode collection
[DEBUG] train_step 45350: episodes collected, starting value_update
[DEBUG] train_step 45350: value_update done, starting policy_update
[DEBUG] train_step 45350: policy_update done
[step 45400] value_loss=19.741283 policy_loss=-0.207147
[step 45400] VALUE_DEBUG: target(mean=-46.83 std=7.35 min=-81.61 max=-30.94) V(s)(mean=-46.40 std=5.53) reward(mean=-1.383 std=10.317) clip=100.0
[DEBUG] train_step 45400: starting episode collection
[DEBUG] train_step 45400: episodes collected, starting value_update
[DEBUG] train_step 45400: value_update done, starting policy_update
[DEBUG] train_step 45400: policy_update done
[DEBUG] train_step 45450: starting episode collection
[DEBUG] train_step 45450: episodes collected, starting value_update
[DEBUG] train_step 45450: value_update done, starting policy_update
[DEBUG] train_step 45450: policy_update done
[step 45500] value_loss=12.784799 policy_loss=-0.119340
[step 45500] VALUE_DEBUG: target(mean=-45.40 std=7.91 min=-64.77 max=-25.61) V(s)(mean=-45.69 std=7.17) reward(mean=0.116 std=3.584) clip=100.0
[step 45500] eval_success_rate=0.080 eval_mean_score=54.160 eval_policy_mode=greedy [solved=4/50, score_range=19.00-81.00/81.0, initial=26.84]
[step 45500] PROGRESS: filled=54.76 violations=0.00 zero_cand=0.12
[step 45500] DEBUG: ep_len=79.7 ep_ret=-91.886 stop_prob=0.000 score_chg=21.0230
[DEBUG] train_step 45500: starting episode collection
[DEBUG] train_step 45500: episodes collected, starting value_update
[DEBUG] train_step 45500: value_update done, starting policy_update
[DEBUG] train_step 45500: policy_update done
[DEBUG] train_step 45550: starting episode collection
[DEBUG] train_step 45550: episodes collected, starting value_update
[DEBUG] train_step 45550: value_update done, starting policy_update
[DEBUG] train_step 45550: policy_update done
[step 45600] value_loss=23.296658 policy_loss=0.358241
[step 45600] VALUE_DEBUG: target(mean=-48.77 std=6.70 min=-81.47 max=-33.79) V(s)(mean=-47.77 std=4.45) reward(mean=-2.105 std=10.383) clip=100.0
[DEBUG] train_step 45600: starting episode collection
[DEBUG] train_step 45600: episodes collected, starting value_update
[DEBUG] train_step 45600: value_update done, starting policy_update
[DEBUG] train_step 45600: policy_update done
[DEBUG] train_step 45650: starting episode collection
[DEBUG] train_step 45650: episodes collected, starting value_update
[DEBUG] train_step 45650: value_update done, starting policy_update
[DEBUG] train_step 45650: policy_update done
[step 45700] value_loss=2.006350 policy_loss=0.560071
[step 45700] VALUE_DEBUG: target(mean=-46.09 std=7.21 min=-55.10 max=-27.55) V(s)(mean=-45.83 std=7.20) reward(mean=-0.443 std=1.504) clip=100.0
[DEBUG] train_step 45700: starting episode collection
[DEBUG] train_step 45700: episodes collected, starting value_update
[DEBUG] train_step 45700: value_update done, starting policy_update
[DEBUG] train_step 45700: policy_update done
[DEBUG] train_step 45750: starting episode collection
[DEBUG] train_step 45750: episodes collected, starting value_update
[DEBUG] train_step 45750: value_update done, starting policy_update
[DEBUG] train_step 45750: policy_update done
[step 45800] value_loss=4.873108 policy_loss=-0.185085
[step 45800] VALUE_DEBUG: target(mean=-45.65 std=7.48 min=-57.47 max=-23.93) V(s)(mean=-45.38 std=6.93) reward(mean=-0.452 std=2.243) clip=100.0
[DEBUG] train_step 45800: starting episode collection
[DEBUG] train_step 45800: episodes collected, starting value_update
[DEBUG] train_step 45800: value_update done, starting policy_update
[DEBUG] train_step 45800: policy_update done
[DEBUG] train_step 45850: starting episode collection
[DEBUG] train_step 45850: episodes collected, starting value_update
[DEBUG] train_step 45850: value_update done, starting policy_update
[DEBUG] train_step 45850: policy_update done
[step 45900] value_loss=20.298584 policy_loss=-0.177229
[step 45900] VALUE_DEBUG: target(mean=-45.48 std=8.86 min=-81.21 max=-23.82) V(s)(mean=-45.07 std=7.39) reward(mean=-1.250 std=10.329) clip=100.0
[DEBUG] train_step 45900: starting episode collection
[DEBUG] train_step 45900: episodes collected, starting value_update
[DEBUG] train_step 45900: value_update done, starting policy_update
[DEBUG] train_step 45900: policy_update done
[DEBUG] train_step 45950: starting episode collection
[DEBUG] train_step 45950: episodes collected, starting value_update
[DEBUG] train_step 45950: value_update done, starting policy_update
[DEBUG] train_step 45950: policy_update done
[step 46000] value_loss=54.076721 policy_loss=0.573943
[step 46000] VALUE_DEBUG: target(mean=-45.70 std=12.12 min=-81.51 max=-23.41) V(s)(mean=-43.84 std=8.66) reward(mean=-4.290 std=17.309) clip=100.0
[step 46000] eval_success_rate=0.120 eval_mean_score=55.500 eval_policy_mode=greedy [solved=6/50, score_range=19.00-81.00/81.0, initial=26.84]
[step 46000] PROGRESS: filled=56.90 violations=0.00 zero_cand=0.28
[step 46000] DEBUG: ep_len=79.7 ep_ret=-91.289 stop_prob=0.000 score_chg=21.2910
[Checkpoint] Saved to checkpoints/rl_sudoku-9x9_seed0/rl_checkpoint_step_46000.pt
[DEBUG] train_step 46000: starting episode collection
[DEBUG] train_step 46000: episodes collected, starting value_update
[DEBUG] train_step 46000: value_update done, starting policy_update
[DEBUG] train_step 46000: policy_update done
[DEBUG] train_step 46050: starting episode collection
[DEBUG] train_step 46050: episodes collected, starting value_update
[DEBUG] train_step 46050: value_update done, starting policy_update
[DEBUG] train_step 46050: policy_update done
[step 46100] value_loss=4.375053 policy_loss=0.259991
[step 46100] VALUE_DEBUG: target(mean=-47.20 std=5.85 min=-59.91 max=-25.97) V(s)(mean=-47.29 std=5.46) reward(mean=-0.204 std=2.128) clip=100.0
[DEBUG] train_step 46100: starting episode collection
[DEBUG] train_step 46100: episodes collected, starting value_update
[DEBUG] train_step 46100: value_update done, starting policy_update
[DEBUG] train_step 46100: policy_update done
[DEBUG] train_step 46150: starting episode collection
[DEBUG] train_step 46150: episodes collected, starting value_update
[DEBUG] train_step 46150: value_update done, starting policy_update
[DEBUG] train_step 46150: policy_update done
[step 46200] value_loss=13.631359 policy_loss=-0.140898
[step 46200] VALUE_DEBUG: target(mean=-45.20 std=8.88 min=-69.80 max=-22.56) V(s)(mean=-44.79 std=8.01) reward(mean=-0.545 std=3.723) clip=100.0
[DEBUG] train_step 46200: starting episode collection
[DEBUG] train_step 46200: episodes collected, starting value_update
[DEBUG] train_step 46200: value_update done, starting policy_update
[DEBUG] train_step 46200: policy_update done
[DEBUG] train_step 46250: starting episode collection
[DEBUG] train_step 46250: episodes collected, starting value_update
[DEBUG] train_step 46250: value_update done, starting policy_update
[DEBUG] train_step 46250: policy_update done
[step 46300] value_loss=5.142330 policy_loss=0.065374
[step 46300] VALUE_DEBUG: target(mean=-45.20 std=5.81 min=-54.81 max=-30.41) V(s)(mean=-45.71 std=5.71) reward(mean=0.483 std=2.170) clip=100.0
[DEBUG] train_step 46300: starting episode collection
[DEBUG] train_step 46300: episodes collected, starting value_update
[DEBUG] train_step 46300: value_update done, starting policy_update
[DEBUG] train_step 46300: policy_update done
[DEBUG] train_step 46350: starting episode collection
[DEBUG] train_step 46350: episodes collected, starting value_update
[DEBUG] train_step 46350: value_update done, starting policy_update
[DEBUG] train_step 46350: policy_update done
[step 46400] value_loss=7.303425 policy_loss=0.443290
[step 46400] VALUE_DEBUG: target(mean=-46.44 std=6.13 min=-54.97 max=-28.07) V(s)(mean=-46.96 std=5.85) reward(mean=0.272 std=2.616) clip=100.0
[DEBUG] train_step 46400: starting episode collection
[DEBUG] train_step 46400: episodes collected, starting value_update
[DEBUG] train_step 46400: value_update done, starting policy_update
[DEBUG] train_step 46400: policy_update done
[DEBUG] train_step 46450: starting episode collection
[DEBUG] train_step 46450: episodes collected, starting value_update
[DEBUG] train_step 46450: value_update done, starting policy_update
[DEBUG] train_step 46450: policy_update done
[step 46500] value_loss=6.292092 policy_loss=0.516027
[step 46500] VALUE_DEBUG: target(mean=-45.07 std=8.20 min=-59.76 max=-21.32) V(s)(mean=-45.00 std=7.73) reward(mean=-0.255 std=2.572) clip=100.0
[step 46500] eval_success_rate=0.100 eval_mean_score=54.500 eval_policy_mode=greedy [solved=5/50, score_range=26.00-81.00/81.0, initial=26.84]
[step 46500] PROGRESS: filled=55.80 violations=0.00 zero_cand=0.26
[step 46500] DEBUG: ep_len=79.7 ep_ret=-92.019 stop_prob=0.000 score_chg=20.9960
[DEBUG] train_step 46500: starting episode collection
[DEBUG] train_step 46500: episodes collected, starting value_update
[DEBUG] train_step 46500: value_update done, starting policy_update
[DEBUG] train_step 46500: policy_update done
[DEBUG] train_step 46550: starting episode collection
[DEBUG] train_step 46550: episodes collected, starting value_update
[DEBUG] train_step 46550: value_update done, starting policy_update
[DEBUG] train_step 46550: policy_update done
[step 46600] value_loss=5.783006 policy_loss=0.162257
[step 46600] VALUE_DEBUG: target(mean=-46.17 std=7.14 min=-59.86 max=-24.24) V(s)(mean=-46.11 std=6.73) reward(mean=-0.247 std=2.463) clip=100.0
[DEBUG] train_step 46600: starting episode collection
[DEBUG] train_step 46600: episodes collected, starting value_update
[DEBUG] train_step 46600: value_update done, starting policy_update
[DEBUG] train_step 46600: policy_update done
[DEBUG] train_step 46650: starting episode collection
[DEBUG] train_step 46650: episodes collected, starting value_update
[DEBUG] train_step 46650: value_update done, starting policy_update
[DEBUG] train_step 46650: policy_update done
[step 46700] value_loss=14.600276 policy_loss=0.214585
[step 46700] VALUE_DEBUG: target(mean=-45.06 std=8.45 min=-69.92 max=-26.24) V(s)(mean=-44.40 std=7.08) reward(mean=-0.758 std=3.867) clip=100.0
[DEBUG] train_step 46700: starting episode collection
[DEBUG] train_step 46700: episodes collected, starting value_update
[DEBUG] train_step 46700: value_update done, starting policy_update
[DEBUG] train_step 46700: policy_update done
[DEBUG] train_step 46750: starting episode collection
[DEBUG] train_step 46750: episodes collected, starting value_update
[DEBUG] train_step 46750: value_update done, starting policy_update
[DEBUG] train_step 46750: policy_update done
[step 46800] value_loss=21.998606 policy_loss=0.407976
[step 46800] VALUE_DEBUG: target(mean=-47.85 std=8.14 min=-81.27 max=-24.20) V(s)(mean=-46.92 std=6.24) reward(mean=-1.976 std=10.331) clip=100.0
[DEBUG] train_step 46800: starting episode collection
[DEBUG] train_step 46800: episodes collected, starting value_update
[DEBUG] train_step 46800: value_update done, starting policy_update
[DEBUG] train_step 46800: policy_update done
[DEBUG] train_step 46850: starting episode collection
[DEBUG] train_step 46850: episodes collected, starting value_update
[DEBUG] train_step 46850: value_update done, starting policy_update
[DEBUG] train_step 46850: policy_update done
[step 46900] value_loss=2.332960 policy_loss=-0.210752
[step 46900] VALUE_DEBUG: target(mean=-44.36 std=7.77 min=-54.89 max=-22.32) V(s)(mean=-44.67 std=7.81) reward(mean=0.115 std=1.517) clip=100.0
[DEBUG] train_step 46900: starting episode collection
[DEBUG] train_step 46900: episodes collected, starting value_update
[DEBUG] train_step 46900: value_update done, starting policy_update
[DEBUG] train_step 46900: policy_update done
[DEBUG] train_step 46950: starting episode collection
[DEBUG] train_step 46950: episodes collected, starting value_update
[DEBUG] train_step 46950: value_update done, starting policy_update
[DEBUG] train_step 46950: policy_update done
[step 47000] value_loss=33.914318 policy_loss=-0.541261
[step 47000] VALUE_DEBUG: target(mean=-47.92 std=8.77 min=-81.50 max=-24.36) V(s)(mean=-46.90 std=6.30) reward(mean=-2.857 std=13.953) clip=100.0
[step 47000] eval_success_rate=0.080 eval_mean_score=54.920 eval_policy_mode=greedy [solved=4/50, score_range=30.00-81.00/81.0, initial=26.84]
[step 47000] PROGRESS: filled=56.62 violations=0.00 zero_cand=0.34
[step 47000] DEBUG: ep_len=79.6 ep_ret=-91.156 stop_prob=0.000 score_chg=21.4550
[Checkpoint] Saved to checkpoints/rl_sudoku-9x9_seed0/rl_checkpoint_step_47000.pt
[DEBUG] train_step 47000: starting episode collection
[DEBUG] train_step 47000: episodes collected, starting value_update
[DEBUG] train_step 47000: value_update done, starting policy_update
[DEBUG] train_step 47000: policy_update done
[DEBUG] train_step 47050: starting episode collection
[DEBUG] train_step 47050: episodes collected, starting value_update
[DEBUG] train_step 47050: value_update done, starting policy_update
[DEBUG] train_step 47050: policy_update done
[step 47100] value_loss=12.256712 policy_loss=-1.036824
[step 47100] VALUE_DEBUG: target(mean=-45.10 std=7.45 min=-59.81 max=-24.99) V(s)(mean=-45.93 std=7.10) reward(mean=0.643 std=3.359) clip=100.0
[DEBUG] train_step 47100: starting episode collection
[DEBUG] train_step 47100: episodes collected, starting value_update
[DEBUG] train_step 47100: value_update done, starting policy_update
[DEBUG] train_step 47100: policy_update done
[DEBUG] train_step 47150: starting episode collection
[DEBUG] train_step 47150: episodes collected, starting value_update
[DEBUG] train_step 47150: value_update done, starting policy_update
[DEBUG] train_step 47150: policy_update done
[step 47200] value_loss=3.874596 policy_loss=-0.180498
[step 47200] VALUE_DEBUG: target(mean=-45.60 std=7.74 min=-59.94 max=-20.82) V(s)(mean=-45.52 std=7.32) reward(mean=-0.297 std=2.039) clip=100.0
[DEBUG] train_step 47200: starting episode collection
[DEBUG] train_step 47200: episodes collected, starting value_update
[DEBUG] train_step 47200: value_update done, starting policy_update
[DEBUG] train_step 47200: policy_update done
[DEBUG] train_step 47250: starting episode collection
[DEBUG] train_step 47250: episodes collected, starting value_update
[DEBUG] train_step 47250: value_update done, starting policy_update
[DEBUG] train_step 47250: policy_update done
[step 47300] value_loss=56.915455 policy_loss=0.691707
[step 47300] VALUE_DEBUG: target(mean=-46.97 std=11.31 min=-81.55 max=-23.26) V(s)(mean=-45.19 std=7.54) reward(mean=-4.234 std=17.446) clip=100.0
[DEBUG] train_step 47300: starting episode collection
[DEBUG] train_step 47300: episodes collected, starting value_update
[DEBUG] train_step 47300: value_update done, starting policy_update
[DEBUG] train_step 47300: policy_update done
[DEBUG] train_step 47350: starting episode collection
[DEBUG] train_step 47350: episodes collected, starting value_update
[DEBUG] train_step 47350: value_update done, starting policy_update
[DEBUG] train_step 47350: policy_update done
[step 47400] value_loss=21.369024 policy_loss=-0.209013
[step 47400] VALUE_DEBUG: target(mean=-46.35 std=7.73 min=-81.48 max=-28.05) V(s)(mean=-46.20 std=6.18) reward(mean=-1.140 std=10.398) clip=100.0
[DEBUG] train_step 47400: starting episode collection
[DEBUG] train_step 47400: episodes collected, starting value_update
[DEBUG] train_step 47400: value_update done, starting policy_update
[DEBUG] train_step 47400: policy_update done
[DEBUG] train_step 47450: starting episode collection
[DEBUG] train_step 47450: episodes collected, starting value_update
[DEBUG] train_step 47450: value_update done, starting policy_update
[DEBUG] train_step 47450: policy_update done
[step 47500] value_loss=19.836514 policy_loss=0.704890
[step 47500] VALUE_DEBUG: target(mean=-47.19 std=8.64 min=-81.34 max=-26.52) V(s)(mean=-46.26 std=6.91) reward(mean=-1.943 std=10.239) clip=100.0
[step 47500] eval_success_rate=0.100 eval_mean_score=57.020 eval_policy_mode=greedy [solved=5/50, score_range=27.00-81.00/81.0, initial=26.84]
[step 47500] PROGRESS: filled=57.82 violations=0.00 zero_cand=0.16
[step 47500] DEBUG: ep_len=79.5 ep_ret=-91.773 stop_prob=0.000 score_chg=20.9810
[DEBUG] train_step 47500: starting episode collection
[DEBUG] train_step 47500: episodes collected, starting value_update
[DEBUG] train_step 47500: value_update done, starting policy_update
[DEBUG] train_step 47500: policy_update done
[DEBUG] train_step 47550: starting episode collection
[DEBUG] train_step 47550: episodes collected, starting value_update
[DEBUG] train_step 47550: value_update done, starting policy_update
[DEBUG] train_step 47550: policy_update done
[step 47600] value_loss=24.047632 policy_loss=-0.333462
[step 47600] VALUE_DEBUG: target(mean=-48.19 std=6.92 min=-81.39 max=-27.78) V(s)(mean=-47.46 std=4.48) reward(mean=-1.799 std=10.456) clip=100.0
[DEBUG] train_step 47600: starting episode collection
[DEBUG] train_step 47600: episodes collected, starting value_update
[DEBUG] train_step 47600: value_update done, starting policy_update
[DEBUG] train_step 47600: policy_update done
[DEBUG] train_step 47650: starting episode collection
[DEBUG] train_step 47650: episodes collected, starting value_update
[DEBUG] train_step 47650: value_update done, starting policy_update
[DEBUG] train_step 47650: policy_update done
[step 47700] value_loss=26.506666 policy_loss=0.517666
[step 47700] VALUE_DEBUG: target(mean=-46.07 std=9.57 min=-81.31 max=-22.27) V(s)(mean=-45.23 std=8.00) reward(mean=-1.716 std=10.344) clip=100.0
[DEBUG] train_step 47700: starting episode collection
[DEBUG] train_step 47700: episodes collected, starting value_update
[DEBUG] train_step 47700: value_update done, starting policy_update
[DEBUG] train_step 47700: policy_update done
[DEBUG] train_step 47750: starting episode collection
[DEBUG] train_step 47750: episodes collected, starting value_update
[DEBUG] train_step 47750: value_update done, starting policy_update
[DEBUG] train_step 47750: policy_update done
[step 47800] value_loss=12.326349 policy_loss=-0.610293
[step 47800] VALUE_DEBUG: target(mean=-45.46 std=7.56 min=-59.98 max=-28.93) V(s)(mean=-45.59 std=6.88) reward(mean=-0.049 std=3.493) clip=100.0
[DEBUG] train_step 47800: starting episode collection
[DEBUG] train_step 47800: episodes collected, starting value_update
[DEBUG] train_step 47800: value_update done, starting policy_update
[DEBUG] train_step 47800: policy_update done
[DEBUG] train_step 47850: starting episode collection
[DEBUG] train_step 47850: episodes collected, starting value_update
[DEBUG] train_step 47850: value_update done, starting policy_update
[DEBUG] train_step 47850: policy_update done
[step 47900] value_loss=38.069099 policy_loss=0.379416
[step 47900] VALUE_DEBUG: target(mean=-47.93 std=8.71 min=-81.50 max=-26.48) V(s)(mean=-46.75 std=5.42) reward(mean=-2.943 std=14.356) clip=100.0
[DEBUG] train_step 47900: starting episode collection
[DEBUG] train_step 47900: episodes collected, starting value_update
[DEBUG] train_step 47900: value_update done, starting policy_update
[DEBUG] train_step 47900: policy_update done
[DEBUG] train_step 47950: starting episode collection
[DEBUG] train_step 47950: episodes collected, starting value_update
[DEBUG] train_step 47950: value_update done, starting policy_update
[DEBUG] train_step 47950: policy_update done
[step 48000] value_loss=54.898472 policy_loss=-0.146095
[step 48000] VALUE_DEBUG: target(mean=-47.38 std=10.44 min=-81.45 max=-24.05) V(s)(mean=-46.37 std=6.87) reward(mean=-3.558 std=17.500) clip=100.0
[step 48000] eval_success_rate=0.080 eval_mean_score=55.280 eval_policy_mode=greedy [solved=4/50, score_range=27.00-81.00/81.0, initial=26.84]
[step 48000] PROGRESS: filled=56.78 violations=0.00 zero_cand=0.30
[step 48000] DEBUG: ep_len=79.7 ep_ret=-92.431 stop_prob=0.000 score_chg=20.7010
[Checkpoint] Saved to checkpoints/rl_sudoku-9x9_seed0/rl_checkpoint_step_48000.pt
[DEBUG] train_step 48000: starting episode collection
[DEBUG] train_step 48000: episodes collected, starting value_update
[DEBUG] train_step 48000: value_update done, starting policy_update
[DEBUG] train_step 48000: policy_update done
[DEBUG] train_step 48050: starting episode collection
[DEBUG] train_step 48050: episodes collected, starting value_update
[DEBUG] train_step 48050: value_update done, starting policy_update
[DEBUG] train_step 48050: policy_update done
[step 48100] value_loss=2.267179 policy_loss=-0.552904
[step 48100] VALUE_DEBUG: target(mean=-45.66 std=6.29 min=-55.04 max=-25.39) V(s)(mean=-45.85 std=6.14) reward(mean=0.046 std=1.548) clip=100.0
[DEBUG] train_step 48100: starting episode collection
[DEBUG] train_step 48100: episodes collected, starting value_update
[DEBUG] train_step 48100: value_update done, starting policy_update
[DEBUG] train_step 48100: policy_update done
[DEBUG] train_step 48150: starting episode collection
[DEBUG] train_step 48150: episodes collected, starting value_update
[DEBUG] train_step 48150: value_update done, starting policy_update
[DEBUG] train_step 48150: policy_update done
[step 48200] value_loss=5.113251 policy_loss=0.111461
[step 48200] VALUE_DEBUG: target(mean=-45.84 std=6.90 min=-59.01 max=-23.74) V(s)(mean=-46.16 std=6.66) reward(mean=0.111 std=2.251) clip=100.0
[DEBUG] train_step 48200: starting episode collection
[DEBUG] train_step 48200: episodes collected, starting value_update
[DEBUG] train_step 48200: value_update done, starting policy_update
[DEBUG] train_step 48200: policy_update done
[DEBUG] train_step 48250: starting episode collection
[DEBUG] train_step 48250: episodes collected, starting value_update
[DEBUG] train_step 48250: value_update done, starting policy_update
[DEBUG] train_step 48250: policy_update done
[step 48300] value_loss=7.017261 policy_loss=0.399481
[step 48300] VALUE_DEBUG: target(mean=-45.10 std=7.16 min=-55.15 max=-27.69) V(s)(mean=-45.24 std=6.75) reward(mean=0.037 std=2.617) clip=100.0
[DEBUG] train_step 48300: starting episode collection
[DEBUG] train_step 48300: episodes collected, starting value_update
[DEBUG] train_step 48300: value_update done, starting policy_update
[DEBUG] train_step 48300: policy_update done
[DEBUG] train_step 48350: starting episode collection
[DEBUG] train_step 48350: episodes collected, starting value_update
[DEBUG] train_step 48350: value_update done, starting policy_update
[DEBUG] train_step 48350: policy_update done
[step 48400] value_loss=37.229683 policy_loss=-0.335555
[step 48400] VALUE_DEBUG: target(mean=-45.90 std=9.62 min=-91.23 max=-26.69) V(s)(mean=-45.48 std=7.25) reward(mean=-1.354 std=11.785) clip=100.0
[DEBUG] train_step 48400: starting episode collection
[DEBUG] train_step 48400: episodes collected, starting value_update
[DEBUG] train_step 48400: value_update done, starting policy_update
[DEBUG] train_step 48400: policy_update done
[DEBUG] train_step 48450: starting episode collection
[DEBUG] train_step 48450: episodes collected, starting value_update
[DEBUG] train_step 48450: value_update done, starting policy_update
[DEBUG] train_step 48450: policy_update done
[step 48500] value_loss=42.243546 policy_loss=1.171517
[step 48500] VALUE_DEBUG: target(mean=-45.74 std=10.16 min=-81.69 max=-22.88) V(s)(mean=-44.83 std=7.19) reward(mean=-2.568 std=14.582) clip=100.0
[step 48500] eval_success_rate=0.060 eval_mean_score=54.240 eval_policy_mode=greedy [solved=3/50, score_range=25.00-81.00/81.0, initial=26.84]
[step 48500] PROGRESS: filled=56.34 violations=0.00 zero_cand=0.42
[step 48500] DEBUG: ep_len=79.8 ep_ret=-92.578 stop_prob=0.000 score_chg=21.0290
[DEBUG] train_step 48500: starting episode collection
[DEBUG] train_step 48500: episodes collected, starting value_update
[DEBUG] train_step 48500: value_update done, starting policy_update
[DEBUG] train_step 48500: policy_update done
[DEBUG] train_step 48550: starting episode collection
[DEBUG] train_step 48550: episodes collected, starting value_update
[DEBUG] train_step 48550: value_update done, starting policy_update
[DEBUG] train_step 48550: policy_update done
[step 48600] value_loss=6.922668 policy_loss=-0.202151
[step 48600] VALUE_DEBUG: target(mean=-45.30 std=7.16 min=-59.01 max=-29.19) V(s)(mean=-45.38 std=6.73) reward(mean=-0.073 std=2.658) clip=100.0
[DEBUG] train_step 48600: starting episode collection
[DEBUG] train_step 48600: episodes collected, starting value_update
[DEBUG] train_step 48600: value_update done, starting policy_update
[DEBUG] train_step 48600: policy_update done
[DEBUG] train_step 48650: starting episode collection
[DEBUG] train_step 48650: episodes collected, starting value_update
[DEBUG] train_step 48650: value_update done, starting policy_update
[DEBUG] train_step 48650: policy_update done
[step 48700] value_loss=20.227135 policy_loss=0.074783
[step 48700] VALUE_DEBUG: target(mean=-46.03 std=8.58 min=-76.35 max=-24.93) V(s)(mean=-45.51 std=7.00) reward(mean=-1.503 std=9.932) clip=100.0
[DEBUG] train_step 48700: starting episode collection
[DEBUG] train_step 48700: episodes collected, starting value_update
[DEBUG] train_step 48700: value_update done, starting policy_update
[DEBUG] train_step 48700: policy_update done
[DEBUG] train_step 48750: starting episode collection
[DEBUG] train_step 48750: episodes collected, starting value_update
[DEBUG] train_step 48750: value_update done, starting policy_update
[DEBUG] train_step 48750: policy_update done
[step 48800] value_loss=8.250236 policy_loss=-0.447060
[step 48800] VALUE_DEBUG: target(mean=-45.55 std=7.71 min=-60.11 max=-24.34) V(s)(mean=-45.70 std=7.09) reward(mean=-0.014 std=2.899) clip=100.0
[DEBUG] train_step 48800: starting episode collection
[DEBUG] train_step 48800: episodes collected, starting value_update
[DEBUG] train_step 48800: value_update done, starting policy_update
[DEBUG] train_step 48800: policy_update done
[DEBUG] train_step 48850: starting episode collection
[DEBUG] train_step 48850: episodes collected, starting value_update
[DEBUG] train_step 48850: value_update done, starting policy_update
[DEBUG] train_step 48850: policy_update done
[step 48900] value_loss=1.710049 policy_loss=1.014145
[step 48900] VALUE_DEBUG: target(mean=-45.28 std=6.67 min=-50.14 max=-26.76) V(s)(mean=-45.75 std=6.65) reward(mean=0.248 std=1.218) clip=100.0
[DEBUG] train_step 48900: starting episode collection
[DEBUG] train_step 48900: episodes collected, starting value_update
[DEBUG] train_step 48900: value_update done, starting policy_update
[DEBUG] train_step 48900: policy_update done
[DEBUG] train_step 48950: starting episode collection
[DEBUG] train_step 48950: episodes collected, starting value_update
[DEBUG] train_step 48950: value_update done, starting policy_update
[DEBUG] train_step 48950: policy_update done
[step 49000] value_loss=6.156300 policy_loss=-0.173909
[step 49000] VALUE_DEBUG: target(mean=-44.09 std=7.71 min=-63.68 max=-24.67) V(s)(mean=-44.29 std=7.40) reward(mean=0.091 std=2.477) clip=100.0
[step 49000] eval_success_rate=0.080 eval_mean_score=54.900 eval_policy_mode=greedy [solved=4/50, score_range=25.00-81.00/81.0, initial=26.84]
[step 49000] PROGRESS: filled=56.40 violations=0.00 zero_cand=0.30
[step 49000] DEBUG: ep_len=79.4 ep_ret=-90.880 stop_prob=0.000 score_chg=20.9840
[Checkpoint] Saved to checkpoints/rl_sudoku-9x9_seed0/rl_checkpoint_step_49000.pt
[DEBUG] train_step 49000: starting episode collection
[DEBUG] train_step 49000: episodes collected, starting value_update
[DEBUG] train_step 49000: value_update done, starting policy_update
[DEBUG] train_step 49000: policy_update done
[DEBUG] train_step 49050: starting episode collection
[DEBUG] train_step 49050: episodes collected, starting value_update
[DEBUG] train_step 49050: value_update done, starting policy_update
[DEBUG] train_step 49050: policy_update done
[step 49100] value_loss=64.060005 policy_loss=0.296597
[step 49100] VALUE_DEBUG: target(mean=-48.93 std=10.54 min=-81.63 max=-19.63) V(s)(mean=-46.93 std=6.24) reward(mean=-5.337 std=19.715) clip=100.0
[DEBUG] train_step 49100: starting episode collection
[DEBUG] train_step 49100: episodes collected, starting value_update
[DEBUG] train_step 49100: value_update done, starting policy_update
[DEBUG] train_step 49100: policy_update done
[DEBUG] train_step 49150: starting episode collection
[DEBUG] train_step 49150: episodes collected, starting value_update
[DEBUG] train_step 49150: value_update done, starting policy_update
[DEBUG] train_step 49150: policy_update done
[step 49200] value_loss=9.379211 policy_loss=-0.109432
[step 49200] VALUE_DEBUG: target(mean=-47.63 std=6.03 min=-60.02 max=-29.23) V(s)(mean=-47.17 std=5.12) reward(mean=-0.637 std=3.067) clip=100.0
[DEBUG] train_step 49200: starting episode collection
[DEBUG] train_step 49200: episodes collected, starting value_update
[DEBUG] train_step 49200: value_update done, starting policy_update
[DEBUG] train_step 49200: policy_update done
[DEBUG] train_step 49250: starting episode collection
[DEBUG] train_step 49250: episodes collected, starting value_update
[DEBUG] train_step 49250: value_update done, starting policy_update
[DEBUG] train_step 49250: policy_update done
[step 49300] value_loss=32.402382 policy_loss=0.570770
[step 49300] VALUE_DEBUG: target(mean=-46.15 std=9.22 min=-81.60 max=-22.90) V(s)(mean=-45.94 std=7.02) reward(mean=-1.288 std=10.920) clip=100.0
[DEBUG] train_step 49300: starting episode collection
[DEBUG] train_step 49300: episodes collected, starting value_update
[DEBUG] train_step 49300: value_update done, starting policy_update
[DEBUG] train_step 49300: policy_update done
[DEBUG] train_step 49350: starting episode collection
[DEBUG] train_step 49350: episodes collected, starting value_update
[DEBUG] train_step 49350: value_update done, starting policy_update
[DEBUG] train_step 49350: policy_update done
[step 49400] value_loss=4.706172 policy_loss=0.162602
[step 49400] VALUE_DEBUG: target(mean=-45.63 std=7.02 min=-60.15 max=-24.89) V(s)(mean=-45.49 std=6.71) reward(mean=-0.194 std=2.236) clip=100.0
[DEBUG] train_step 49400: starting episode collection
[DEBUG] train_step 49400: episodes collected, starting value_update
[DEBUG] train_step 49400: value_update done, starting policy_update
[DEBUG] train_step 49400: policy_update done
[DEBUG] train_step 49450: starting episode collection
[DEBUG] train_step 49450: episodes collected, starting value_update
[DEBUG] train_step 49450: value_update done, starting policy_update
[DEBUG] train_step 49450: policy_update done
[step 49500] value_loss=5.367886 policy_loss=-0.289596
[step 49500] VALUE_DEBUG: target(mean=-45.39 std=8.24 min=-58.86 max=-19.48) V(s)(mean=-45.49 std=7.85) reward(mean=-0.070 std=2.361) clip=100.0
[step 49500] eval_success_rate=0.080 eval_mean_score=55.540 eval_policy_mode=greedy [solved=4/50, score_range=25.00-81.00/81.0, initial=26.84]
[step 49500] PROGRESS: filled=57.04 violations=0.00 zero_cand=0.30
[step 49500] DEBUG: ep_len=79.6 ep_ret=-92.257 stop_prob=0.000 score_chg=20.9170
[DEBUG] train_step 49500: starting episode collection
[DEBUG] train_step 49500: episodes collected, starting value_update
[DEBUG] train_step 49500: value_update done, starting policy_update
[DEBUG] train_step 49500: policy_update done
[DEBUG] train_step 49550: starting episode collection
[DEBUG] train_step 49550: episodes collected, starting value_update
[DEBUG] train_step 49550: value_update done, starting policy_update
[DEBUG] train_step 49550: policy_update done
[step 49600] value_loss=24.245216 policy_loss=-0.121545
[step 49600] VALUE_DEBUG: target(mean=-46.16 std=8.79 min=-85.28 max=-30.21) V(s)(mean=-45.58 std=6.97) reward(mean=-1.498 std=10.791) clip=100.0
[DEBUG] train_step 49600: starting episode collection
[DEBUG] train_step 49600: episodes collected, starting value_update
[DEBUG] train_step 49600: value_update done, starting policy_update
[DEBUG] train_step 49600: policy_update done
[DEBUG] train_step 49650: starting episode collection
[DEBUG] train_step 49650: episodes collected, starting value_update
[DEBUG] train_step 49650: value_update done, starting policy_update
[DEBUG] train_step 49650: policy_update done
[step 49700] value_loss=3.498442 policy_loss=0.802943
[step 49700] VALUE_DEBUG: target(mean=-46.19 std=7.40 min=-58.67 max=-25.26) V(s)(mean=-45.91 std=6.91) reward(mean=-0.527 std=1.949) clip=100.0
[DEBUG] train_step 49700: starting episode collection
[DEBUG] train_step 49700: episodes collected, starting value_update
[DEBUG] train_step 49700: value_update done, starting policy_update
[DEBUG] train_step 49700: policy_update done
[DEBUG] train_step 49750: starting episode collection
[DEBUG] train_step 49750: episodes collected, starting value_update
[DEBUG] train_step 49750: value_update done, starting policy_update
[DEBUG] train_step 49750: policy_update done
[step 49800] value_loss=9.170551 policy_loss=1.062598
[step 49800] VALUE_DEBUG: target(mean=-46.72 std=6.47 min=-60.16 max=-30.29) V(s)(mean=-46.61 std=5.69) reward(mean=-0.302 std=3.070) clip=100.0
[DEBUG] train_step 49800: starting episode collection
[DEBUG] train_step 49800: episodes collected, starting value_update
[DEBUG] train_step 49800: value_update done, starting policy_update
[DEBUG] train_step 49800: policy_update done
[DEBUG] train_step 49850: starting episode collection
[DEBUG] train_step 49850: episodes collected, starting value_update
[DEBUG] train_step 49850: value_update done, starting policy_update
[DEBUG] train_step 49850: policy_update done
[step 49900] value_loss=22.216335 policy_loss=-0.316494
[step 49900] VALUE_DEBUG: target(mean=-45.86 std=8.71 min=-81.55 max=-20.21) V(s)(mean=-45.71 std=7.18) reward(mean=-1.074 std=10.460) clip=100.0
[DEBUG] train_step 49900: starting episode collection
[DEBUG] train_step 49900: episodes collected, starting value_update
[DEBUG] train_step 49900: value_update done, starting policy_update
[DEBUG] train_step 49900: policy_update done
[DEBUG] train_step 49950: starting episode collection
[DEBUG] train_step 49950: episodes collected, starting value_update
[DEBUG] train_step 49950: value_update done, starting policy_update
[DEBUG] train_step 49950: policy_update done
[step 50000] value_loss=9.693711 policy_loss=1.197348
[step 50000] VALUE_DEBUG: target(mean=-43.67 std=7.79 min=-58.72 max=-26.75) V(s)(mean=-44.15 std=7.48) reward(mean=0.363 std=3.062) clip=100.0
[step 50000] eval_success_rate=0.080 eval_mean_score=54.080 eval_policy_mode=greedy [solved=4/50, score_range=24.00-81.00/81.0, initial=26.84]
[step 50000] PROGRESS: filled=56.08 violations=0.00 zero_cand=0.40
[step 50000] DEBUG: ep_len=79.3 ep_ret=-90.026 stop_prob=0.000 score_chg=21.6980
[Checkpoint] Saved to checkpoints/rl_sudoku-9x9_seed0/rl_checkpoint_step_50000.pt
[Checkpoint] Saved to checkpoints/rl_sudoku-9x9_seed0/rl_checkpoint_step_50000.pt
